round,alive_nodes,num_ch,total_residual_energy,mean_residual_energy_all,mean_residual_energy_alive,packets_sent,packets_received_bs,readings_attempted,readings_delivered,control_packets,energy_consumed_round,mean_latency_ms,setup_time_ms,ops_count
0,100,4,99.97552149309126,0.9997552149309127,0.9997552149309127,31,4,29,29,108,0.024478506908765747,514.0,0.623999978415668,384
1,100,6,99.95316839396122,0.9995316839396122,0.9995316839396122,23,6,19,19,112,0.022353099130074994,347.3333333333333,0.7031999994069338,564
2,100,7,99.92962879881664,0.9992962879881664,0.9992962879881664,19,7,16,16,114,0.023539595144640595,299.7142857142857,1.094800012651831,651
3,100,4,99.90877859793586,0.9990877859793587,0.9990877859793587,25,4,21,21,108,0.0208502008808122,514.0,1.3271000352688134,384
4,100,6,99.89029922166506,0.9989029922166506,0.9989029922166506,17,3,15,15,112,0.018479376270828615,494.0,1.0229000472463667,564
5,100,3,99.87044561148008,0.9987044561148007,0.9987044561148007,19,3,16,16,106,0.019853610185005727,680.6666666666666,1.0885000228881836,291
6,100,6,99.8440774799138,0.9984407747991381,0.9984407747991381,23,6,19,19,112,0.026368131566300523,347.3333333333333,1.048400008585304,564
7,100,4,99.82678845824792,0.9982678845824792,0.9982678845824792,18,3,15,15,108,0.017289021665940513,667.3333333333334,1.047800004016608,384
8,100,9,99.80187671497727,0.9980187671497727,0.9980187671497727,16,5,12,12,118,0.024911743270685682,310.0,1.067900040652603,819
9,100,7,99.77953200935774,0.9977953200935774,0.9977953200935774,14,6,9,9,114,0.022344705619579963,310.6666666666667,0.9956000139936805,651
10,100,6,99.75890879914725,0.9975890879914725,0.9975890879914725,20,5,16,16,112,0.020623210210510112,402.0,1.0395999997854233,564
11,100,2,99.74128839190426,0.9974128839190426,0.9974128839190426,18,2,17,17,104,0.01762040724302183,1014.0,1.0352999670431018,196
12,100,8,99.71992466926643,0.9971992466926644,0.9971992466926644,12,5,8,8,116,0.02136372263787123,266.0,1.005800033453852,736
13,100,3,99.70334546534669,0.9970334546534668,0.9970334546534668,19,3,17,17,106,0.016579203919759478,680.6666666666666,1.1345999664627016,291
14,100,6,99.6815805746241,0.9968158057462411,0.9968158057462411,21,5,16,16,112,0.021764890722639985,390.0,0.958500022534281,564
15,100,4,99.66449727308192,0.9966449727308192,0.9966449727308192,17,4,13,13,108,0.01708330154222143,514.0,1.0242999996989965,384
16,100,3,99.64664550632708,0.9964664550632708,0.9964664550632708,18,3,15,15,106,0.017851766754853948,680.6666666666666,0.957900017965585,291
17,100,3,99.6311608546325,0.996311608546325,0.996311608546325,13,3,10,10,106,0.015484651694613438,680.6666666666666,1.0347000206820667,291
18,100,2,99.61506245460838,0.9961506245460838,0.9961506245460838,16,2,14,14,104,0.016098400024140036,1014.0,1.0400000028312206,196
19,100,7,99.59378538919509,0.9959378538919509,0.9959378538919509,17,5,14,14,114,0.02127706541334512,314.0,0.9448999771848321,651
20,100,9,99.57011705230543,0.9957011705230543,0.9957011705230543,18,5,13,13,118,0.02366833688972214,322.0,1.0493999579921365,819
21,100,9,99.54644814477635,0.9954644814477634,0.9954644814477634,17,7,13,13,118,0.023668907529148298,282.57142857142856,1.0724000167101622,819
22,100,5,99.52629467184984,0.9952629467184984,0.9952629467184984,15,4,11,11,110,0.020153472926555227,419.0,1.0650000185705721,475
23,100,2,99.51114209567359,0.9951114209567359,0.9951114209567359,16,2,14,14,104,0.015152576176264865,1014.0,1.0879000183194876,196
24,100,3,99.49379724180152,0.9949379724180152,0.9949379724180152,12,3,9,9,106,0.01734485387210749,680.6666666666666,1.0872000129893422,291
25,100,2,99.47505302339712,0.9947505302339712,0.9947505302339712,18,2,16,16,104,0.01874421840440288,1014.0,1.0602999827824533,196
26,100,5,99.45912727558505,0.9945912727558505,0.9945912727558505,14,4,10,10,110,0.015925747812131963,449.0,1.0510000283829868,475
27,100,5,99.43954740668052,0.9943954740668052,0.9943954740668052,18,5,14,14,110,0.019579868904580633,414.0,1.0811000247485936,475
28,100,2,99.42700179474512,0.9942700179474513,0.9942700179474513,12,2,10,10,104,0.012545611935421808,1014.0,1.0495000169612467,196
29,100,5,99.40848910387489,0.9940848910387489,0.9940848910387489,18,4,14,14,110,0.018512690870286064,409.0,1.0238999966531992,475
30,100,5,99.38503250498954,0.9938503250498953,0.9938503250498953,20,5,17,17,110,0.02345659888538254,414.0,0.9865000029094517,475
31,100,4,99.36846634451506,0.9936846634451506,0.9936846634451506,17,4,13,13,108,0.01656616047452497,514.0,1.04160001501441,384
32,100,9,99.34831295320316,0.9934831295320317,0.9934831295320317,16,5,11,11,118,0.020153391311927282,278.0,1.0068999836221337,819
33,100,4,99.33175627706899,0.9933175627706899,0.9933175627706899,14,3,13,13,108,0.016556676134242942,614.0,1.0111000156030059,384
34,100,5,99.30898088550396,0.9930898088550396,0.9930898088550396,20,4,16,16,110,0.022775391565071357,454.0,0.9830999770201743,475
35,100,3,99.29311490603807,0.9929311490603807,0.9929311490603807,18,3,16,16,106,0.015865979465919944,680.6666666666666,1.0661000269465148,291
36,100,8,99.26967965934804,0.9926967965934804,0.9926967965934804,22,5,20,20,116,0.023435246690085565,306.0,0.9908999782055616,736
37,100,4,99.24963232090182,0.9924963232090183,0.9924963232090183,15,3,13,13,108,0.020047338446241847,667.3333333333334,0.9879000135697424,384
38,100,4,99.23232538145842,0.9923232538145842,0.9923232538145842,17,4,13,13,108,0.017306939443437863,514.0,0.9585999650880694,384
39,100,7,99.21012313524429,0.9921012313524429,0.9921012313524429,20,5,16,16,114,0.022202246214196086,350.0,1.0382000473327935,651
40,100,4,99.19002279090255,0.9919002279090254,0.9919002279090254,17,4,14,14,108,0.020100344341757115,514.0,1.102200010791421,384
41,100,8,99.16919740982075,0.9916919740982075,0.9916919740982075,15,5,11,11,116,0.02082538108185661,346.0,1.0849999962374568,736
42,100,6,99.15035751243116,0.9915035751243115,0.9915035751243115,16,4,13,13,112,0.018839897389654636,464.0,1.0789999505504966,564
43,100,9,99.12280927385856,0.9912280927385857,0.9912280927385857,21,7,15,15,118,0.027548238572645767,271.14285714285717,1.0127000277861953,819
44,100,1,99.11104602703826,0.9911104602703825,0.9911104602703825,9,1,8,8,102,0.011763246820357565,2014.0,1.0893000289797783,99
45,100,3,99.09346615258687,0.9909346615258687,0.9909346615258687,14,3,11,11,106,0.017579874451405297,680.6666666666666,1.0461999918334186,291
46,100,5,99.07756930014175,0.9907756930014174,0.9907756930014174,14,4,10,10,110,0.015896852445167364,464.0,1.054299995303154,475
47,100,4,99.05612454820003,0.9905612454820003,0.9905612454820003,18,4,14,14,108,0.021444751941724127,514.0,1.0764000471681356,384
48,100,4,99.04001336621899,0.9904001336621898,0.9904001336621898,15,4,12,12,108,0.016111181981100176,514.0,1.055200002156198,384
49,100,6,99.02113068912249,0.9902113068912248,0.9902113068912248,16,4,13,13,110,0.018882677096572098,454.0,1.0106000117957592,564
50,100,5,99.00287145185281,0.9900287145185281,0.9900287145185281,14,4,10,10,110,0.018259237269690587,504.0,1.0347000206820667,475
51,100,7,98.98463183007637,0.9898463183007636,0.9898463183007636,10,4,6,6,112,0.01823962177648597,429.0,1.0008999961428344,651
52,100,3,98.96999998566643,0.9896999998566643,0.9896999998566643,14,2,12,12,106,0.014631844409983552,974.0,1.0356000275351107,291
53,100,1,98.95524192070245,0.9895524192070245,0.9895524192070245,16,1,16,16,102,0.014758064963984241,2014.0,1.0245000012218952,99
54,100,3,98.94008104673148,0.9894008104673148,0.9894008104673148,13,3,10,10,106,0.015160873971016064,680.6666666666666,1.0470999986864626,291
55,100,7,98.91720313786422,0.9891720313786422,0.9891720313786422,21,7,15,15,114,0.02287790886730945,299.7142857142857,1.0043000220321119,651
56,100,5,98.90088773095471,0.9890088773095471,0.9890088773095471,12,4,8,8,108,0.016315406909549246,509.0,1.052499981597066,475
57,100,7,98.88135366760073,0.9888135366760074,0.9888135366760074,14,5,10,10,114,0.019534063354044173,334.0,0.983899983111769,651
58,100,5,98.8627263438136,0.988627263438136,0.988627263438136,17,5,14,14,110,0.018627323787173466,414.0,0.9865000029094517,475
59,100,7,98.84211542789657,0.9884211542789657,0.9884211542789657,14,6,9,9,114,0.020610915917088635,320.6666666666667,0.9604999795556068,651
60,100,4,98.82441882312031,0.9882441882312031,0.9882441882312031,16,4,12,12,108,0.01769660477628565,514.0,1.1334000155329704,384
61,100,7,98.79778360581346,0.9879778360581346,0.9879778360581346,22,7,16,16,114,0.02663521730688667,299.7142857142857,1.180600025691092,651
62,100,3,98.77977732300747,0.9877977732300747,0.9877977732300747,14,3,11,11,106,0.01800628280605121,680.6666666666666,1.2209999840706587,291
63,100,4,98.76393549947879,0.9876393549947879,0.9876393549947879,12,3,10,10,108,0.01584182352870056,634.0,1.173200027551502,384
64,100,5,98.74786405524398,0.9874786405524398,0.9874786405524398,15,4,11,11,110,0.016071444234823096,474.0,1.1828999849967659,475
65,100,3,98.73239849470009,0.9873239849470009,0.9873239849470009,15,3,13,13,106,0.015465560543949541,680.6666666666666,1.20900000911206,291
66,100,2,98.71896684425603,0.9871896684425603,0.9871896684425603,14,2,12,12,104,0.013431650444094778,1014.0,1.0432000271975994,196
67,100,3,98.70125566741356,0.9870125566741357,0.9870125566741357,18,3,15,15,106,0.01771117684248269,680.6666666666666,1.215199998114258,291
68,100,3,98.68460380171253,0.9868460380171252,0.9868460380171252,13,3,10,10,106,0.016651865701027724,680.6666666666666,1.1951999622397125,291
69,100,5,98.6683621593379,0.9866836215933791,0.9866836215933791,12,3,9,9,110,0.016241642374611898,580.6666666666666,1.1615999974310398,475
70,100,10,98.64409531672716,0.9864409531672717,0.9864409531672717,14,6,10,10,118,0.02426684261074752,220.66666666666666,0.9960000170394778,900
71,100,5,98.62890118851266,0.9862890118851265,0.9862890118851265,11,4,8,8,110,0.01519412821450783,449.0,1.0349999647587538,475
72,100,7,98.60902092796589,0.9860902092796588,0.9860902092796588,13,5,8,8,114,0.019880260546778494,366.0,1.0021000052802265,651
73,100,5,98.59439653909297,0.9859439653909297,0.9859439653909297,10,3,8,8,110,0.014624388872892968,627.3333333333334,0.9925999911502004,475
74,100,4,98.57921014654373,0.9857921014654373,0.9857921014654373,14,4,10,10,108,0.015186392549255245,514.0,1.0268999612890184,384
75,100,9,98.55567284574862,0.9855567284574862,0.9855567284574862,15,7,10,10,118,0.023537300795095417,245.42857142857142,0.964700011536479,819
76,100,6,98.53249710261458,0.9853249710261458,0.9853249710261458,19,5,16,16,112,0.023175743134057347,398.0,0.9710000013001263,564
77,100,5,98.51492289520468,0.9851492289520468,0.9851492289520468,16,5,11,11,110,0.01757420740988591,414.0,0.9714000043459237,475
78,100,3,98.49859097515473,0.9849859097515473,0.9849859097515473,13,3,10,10,106,0.01633192004995654,680.6666666666666,0.9690999868325889,291
79,100,7,98.47577841073434,0.9847577841073434,0.9847577841073434,15,6,10,10,114,0.02281256442039581,300.6666666666667,0.9461999870836735,651
80,100,9,98.4539914331951,0.984539914331951,0.984539914331951,16,4,13,13,118,0.02178697753923209,354.0,1.0817000293172896,819
81,100,3,98.44023707450974,0.9844023707450974,0.9844023707450974,10,3,8,8,106,0.013754358685365009,680.6666666666666,1.140400010626763,291
82,100,5,98.41847836304144,0.9841847836304144,0.9841847836304144,21,5,17,17,110,0.0217587114683071,414.0,1.0617999942041934,475
83,100,6,98.40049619097601,0.9840049619097602,0.9840049619097602,14,5,12,12,112,0.0179821720654314,378.0,1.050200022291392,564
84,100,3,98.38362810696265,0.9838362810696265,0.9838362810696265,14,3,11,11,106,0.016868084013361262,680.6666666666666,1.070300000719726,291
85,100,6,98.36438555776674,0.9836438555776674,0.9836438555776674,15,5,10,10,112,0.019242549195901182,378.0,1.047800004016608,564
86,100,9,98.33404104702241,0.9833404104702241,0.9833404104702241,26,9,17,17,118,0.030344510744327202,236.22222222222223,0.9868000051937997,819
87,100,3,98.31899299313706,0.9831899299313706,0.9831899299313706,15,3,12,12,106,0.01504805388532926,680.6666666666666,1.048400008585304,291
88,100,6,98.29747845195335,0.9829747845195336,0.9829747845195336,15,4,11,11,112,0.021514541183717872,329.0,1.013200031593442,564
89,100,7,98.27671978582241,0.9827671978582241,0.9827671978582241,14,5,11,11,114,0.020758666130969772,290.0,1.1537999962456524,651
90,100,1,98.26598108318748,0.9826598108318748,0.9826598108318748,9,1,8,8,102,0.0107387026349135,2014.0,1.1689999955706298,99
91,100,5,98.24788638298685,0.9824788638298685,0.9824788638298685,12,5,8,8,110,0.018094700200646407,414.0,1.1246000067330897,475
92,100,9,98.22928045024892,0.9822928045024892,0.9822928045024892,11,4,8,8,118,0.018605932737917552,364.0,1.091300044208765,819
93,100,4,98.21233334871042,0.9821233334871041,0.9821233334871041,15,3,12,12,108,0.01694710153850898,547.3333333333334,1.056100009009242,384
94,100,4,98.1964608044065,0.9819646080440649,0.9819646080440649,12,2,10,10,108,0.015872544303901392,834.0,1.0850999969989061,384
95,100,8,98.17595672552368,0.9817595672552367,0.9817595672552367,14,6,9,9,116,0.02050407888282657,300.6666666666667,1.075300038792193,736
96,100,3,98.16302037488322,0.9816302037488321,0.9816302037488321,12,3,10,10,106,0.0129363506404645,680.6666666666666,1.1096999514847994,291
97,100,3,98.14624904841646,0.9814624904841647,0.9814624904841647,13,3,10,10,106,0.01677132646674906,680.6666666666666,1.0874000145122409,291
98,100,4,98.12489172011067,0.9812489172011066,0.9812489172011066,20,4,16,16,108,0.021357328305788625,514.0,1.0595000348985195,384
99,100,2,98.112143078533,0.98112143078533,0.98112143078533,13,2,11,11,104,0.012748641577678521,1014.0,0.8863999973982573,196
100,100,7,98.09340491740541,0.9809340491740541,0.9809340491740541,14,5,9,9,114,0.018738161127596298,334.0,1.1730999685823917,651
101,100,4,98.08034458295457,0.9808034458295457,0.9808034458295457,10,3,7,7,108,0.013060334450840427,634.0,1.1899000382982194,384
102,100,8,98.05839833034815,0.9805839833034815,0.9805839833034815,16,6,11,11,116,0.021946252606408923,307.3333333333333,1.1700000031851232,736
103,100,5,98.0401017093598,0.9804010170935981,0.9804010170935981,14,3,11,11,110,0.018296620988354162,514.0,1.280499971471727,475
104,100,4,98.02208800543183,0.9802208800543183,0.9802208800543183,18,4,14,14,108,0.01801370392796864,514.0,1.1907999869436026,384
105,100,3,98.00681852991285,0.9800681852991285,0.9800681852991285,14,3,12,12,106,0.015269475518972175,680.6666666666666,1.0397000005468726,291
106,100,8,97.98194995059613,0.9798194995059614,0.9798194995059614,17,6,14,14,116,0.024868579316730033,300.6666666666667,1.156899961642921,736
107,100,7,97.96082329470741,0.9796082329470741,0.9796082329470741,18,7,12,12,114,0.02112665588872442,299.7142857142857,1.2462999438866973,651
108,100,3,97.94462866197703,0.9794462866197704,0.9794462866197704,15,3,12,12,106,0.016194632730392122,680.6666666666666,1.166700036264956,291
109,100,2,97.9273481341074,0.9792734813410741,0.9792734813410741,16,2,14,14,104,0.017280527869619533,1014.0,1.1346000246703625,196
110,100,6,97.90613694143292,0.9790613694143292,0.9790613694143292,14,5,11,11,112,0.02121119267447602,330.0,0.9461999870836735,564
111,100,4,97.88863152044193,0.9788863152044194,0.9788863152044194,14,4,10,10,108,0.017505420990990395,514.0,0.5843999679200351,384
112,100,7,97.86771721042894,0.9786771721042894,0.9786771721042894,16,6,10,10,114,0.020914310013012916,320.6666666666667,0.5317000322975218,651
113,100,5,97.85027745700252,0.9785027745700252,0.9785027745700252,16,4,12,12,110,0.017439753426392368,479.0,0.8570000063627958,475
114,100,5,97.82845897388735,0.9782845897388736,0.9782845897388736,15,3,12,12,110,0.021818483115178644,640.6666666666666,0.9873000090010464,475
115,100,6,97.81042267665266,0.9781042267665266,0.9781042267665266,9,3,7,7,112,0.01803629723466882,280.6666666666667,1.011700020171702,564
116,100,4,97.79077947110532,0.9779077947110533,0.9779077947110533,15,4,11,11,108,0.019643205547362985,514.0,0.9754999773576856,384
117,100,5,97.77299517415545,0.9777299517415545,0.9777299517415545,14,4,10,10,110,0.017784296949864498,494.0,0.9777999948710203,475
118,100,6,97.75632282375481,0.9775632282375482,0.9775632282375482,13,5,10,10,112,0.016672350400625646,366.0,0.9389999904669821,564
119,100,1,97.74433544612712,0.9774433544612713,0.9774433544612713,12,1,11,11,102,0.01198737762770774,2014.0,0.9569000103510916,99
120,100,3,97.72684902606719,0.9772684902606719,0.9772684902606719,18,3,16,16,106,0.017486420059920516,680.6666666666666,1.0630000033415854,291
121,100,4,97.70970152101914,0.9770970152101914,0.9770970152101914,16,4,13,13,108,0.017147505048060285,514.0,1.0814000270329416,384
122,100,6,97.68833593473497,0.9768833593473496,0.9768833593473496,17,6,12,12,112,0.02136558628415397,347.3333333333333,1.0535999899730086,564
123,100,4,97.67149016461508,0.9767149016461508,0.9767149016461508,13,4,11,11,108,0.016845770119889636,514.0,1.1020000092685223,384
124,100,2,97.65861855135726,0.9765861855135727,0.9765861855135727,13,2,12,12,104,0.012871613257828596,1014.0,1.0476000024937093,196
125,100,3,97.64235305292105,0.9764235305292105,0.9764235305292105,18,3,15,15,106,0.016265498436227155,680.6666666666666,1.0604000417515635,291
126,100,9,97.61173748080945,0.9761173748080946,0.9761173748080946,24,7,17,17,118,0.030615572111602152,279.7142857142857,1.0207000304944813,819
127,100,4,97.59074809874608,0.9759074809874607,0.9759074809874607,23,3,20,20,108,0.020989382063352657,667.3333333333334,0.9935999987646937,384
128,100,4,97.57040910914931,0.9757040910914931,0.9757040910914931,20,4,17,17,108,0.020338989596769164,514.0,0.9583999635651708,384
129,100,4,97.55312811589104,0.9755312811589104,0.9755312811589104,17,4,13,13,108,0.017280993258275146,514.0,0.9718999499455094,384
130,100,7,97.52832536115729,0.9752832536115729,0.9752832536115729,21,6,17,17,114,0.024802754733752153,330.6666666666667,0.6511000101454556,651
131,100,7,97.50503759447965,0.9750503759447965,0.9750503759447965,20,5,16,16,114,0.023287766677637656,358.0,0.5687999655492604,651
132,100,5,97.48263938406788,0.9748263938406788,0.9748263938406788,21,5,18,18,110,0.022398210411809227,414.0,0.5636999849230051,475
133,100,9,97.46137469999756,0.9746137469999756,0.9746137469999756,15,5,11,11,116,0.02126468407041271,246.0,0.9588999673724174,819
134,100,4,97.44249953218963,0.9744249953218963,0.9744249953218963,19,4,17,17,108,0.01887516780801546,514.0,1.119400025345385,384
135,100,8,97.41914816833814,0.9741914816833814,0.9741914816833814,19,7,12,12,116,0.023351363851610518,254.0,1.1155999964103103,736
136,100,7,97.39559452926807,0.9739559452926807,0.9739559452926807,24,6,18,18,114,0.023553639070163612,330.6666666666667,0.9880000143311918,651
137,100,3,97.38138107031439,0.9738138107031439,0.9738138107031439,14,3,12,12,106,0.014213458953748592,680.6666666666666,0.963800004683435,291
138,100,3,97.36533277510297,0.9736533277510298,0.9736533277510298,14,3,11,11,106,0.01604829521148643,680.6666666666666,1.0110000148415565,291
139,100,4,97.34899255180956,0.9734899255180955,0.9734899255180955,13,4,9,9,108,0.016340223293479728,514.0,0.978600000962615,384
140,100,4,97.3306287788744,0.973306287788744,0.973306287788744,15,3,12,12,108,0.018363772935253486,607.3333333333334,1.0749000357463956,384
141,100,7,97.31363049018603,0.9731363049018603,0.9731363049018603,11,4,8,8,114,0.016998288688464758,314.0,1.1888000299222767,651
142,100,9,97.288526728642,0.97288526728642,0.97288526728642,16,7,11,11,118,0.025103761544173153,276.85714285714283,1.1448999866843224,819
143,100,3,97.27205405137612,0.9727205405137611,0.9727205405137611,15,3,13,13,106,0.016472677265926272,680.6666666666666,1.1802000226452947,291
144,100,3,97.25644348079824,0.9725644348079824,0.9725644348079824,11,3,10,10,106,0.015610570577944571,680.6666666666666,1.0563999530859292,291
145,100,9,97.23176558053392,0.9723176558053391,0.9723176558053391,16,6,12,12,118,0.024677900264433728,277.3333333333333,1.0701999999582767,819
146,100,8,97.21180880727438,0.9721180880727438,0.9721180880727438,13,4,9,9,116,0.019956773259667937,389.0,1.0443000355735421,736
147,100,2,97.19851645469487,0.9719851645469487,0.9719851645469487,13,2,12,12,104,0.013292352579562294,1014.0,1.0911999852396548,196
148,100,3,97.1828890587692,0.9718288905876921,0.9718288905876921,16,3,13,13,106,0.015627395925716492,680.6666666666666,1.1806999682448804,291
149,100,8,97.15960786407662,0.9715960786407662,0.9715960786407662,17,6,11,11,114,0.023281194692697404,310.6666666666667,1.101000001654029,736
150,100,4,97.14743848606143,0.9714743848606143,0.9714743848606143,6,3,4,4,108,0.012169378015263632,520.6666666666666,1.4258000301197171,384
151,100,5,97.12933124359812,0.9712933124359812,0.9712933124359812,11,4,8,8,110,0.018107242463397455,464.0,1.0059000342153013,475
152,100,7,97.10967393318946,0.9710967393318946,0.9710967393318946,16,5,11,11,114,0.019657310408744078,386.0,0.998999981675297,651
153,100,3,97.09244953883481,0.9709244953883481,0.9709244953883481,14,3,11,11,106,0.01722439435472367,680.6666666666666,1.0129999718628824,291
154,100,5,97.07435341869363,0.9707435341869364,0.9707435341869364,13,4,10,10,110,0.01809612014125994,469.0,0.9775999933481216,475
155,100,2,97.06069026459797,0.9706069026459797,0.9706069026459797,13,1,13,13,104,0.013663154095712837,1654.0,1.2909999932162464,196
156,100,8,97.04032640724024,0.9704032640724024,0.9704032640724024,15,6,9,9,116,0.020363857357873716,257.3333333333333,0.9563000057823956,736
157,100,3,97.0235850453361,0.970235850453361,0.970235850453361,14,3,13,13,106,0.016741361904192953,680.6666666666666,0.8459999808110297,291
158,100,5,97.00252583952795,0.9700252583952795,0.9700252583952795,14,5,10,10,110,0.0210592058082133,414.0,0.9421000140719116,475
159,100,2,96.98937977680643,0.9698937977680643,0.9698937977680643,14,2,12,12,104,0.013146062721570928,1014.0,1.0190000175498426,196
160,100,2,96.97627746404008,0.9697627746404008,0.9697627746404008,11,2,9,9,104,0.013102312766412272,1014.0,1.0865999502129853,196
161,100,2,96.96174679472746,0.9696174679472747,0.9696174679472747,14,1,13,13,104,0.014530669312685873,1854.0,1.1134000378660858,196
162,100,6,96.93891816605905,0.9693891816605905,0.9693891816605905,18,5,15,15,112,0.02282862866849511,402.0,1.1018000077456236,564
163,100,7,96.91982042522835,0.9691982042522835,0.9691982042522835,15,6,10,10,114,0.019097740830813947,284.0,1.1249000090174377,651
164,100,4,96.89916980791524,0.9689916980791524,0.9689916980791524,17,4,13,13,108,0.020650617313192843,514.0,0.5750000127591193,384
165,100,10,96.86959934900833,0.9686959934900833,0.9686959934900833,20,8,14,14,120,0.02957045890704313,219.0,0.5432000034488738,900
166,100,4,96.85209472402099,0.9685209472402099,0.9685209472402099,19,4,15,15,108,0.017504624987414452,514.0,0.5528999608941376,384
167,100,3,96.83880232834602,0.9683880232834602,0.9683880232834602,13,3,10,10,106,0.013292395675001956,680.6666666666666,0.47960004303604364,291
168,100,3,96.82256964836033,0.9682256964836032,0.9682256964836032,15,3,13,13,106,0.016232679985766385,680.6666666666666,1.0059999767690897,291
169,100,3,96.80891223633564,0.9680891223633564,0.9680891223633564,10,3,8,8,106,0.01365741202476567,680.6666666666666,1.039800001308322,291
170,100,9,96.7856115327712,0.967856115327712,0.967856115327712,16,5,11,11,116,0.02330070356455316,266.0,1.1345999664627016,819
171,100,7,96.76678786096485,0.9676678786096485,0.9676678786096485,12,4,9,9,114,0.01882367180644895,404.0,1.0952999582514167,651
172,100,6,96.74844805506415,0.9674844805506414,0.9674844805506414,12,3,10,10,112,0.01833980590078932,467.3333333333333,1.1142999865114689,564
173,100,1,96.73476410521997,0.9673476410521996,0.9673476410521996,14,1,13,13,102,0.013683949844241372,2014.0,1.0929999989457428,99
174,100,5,96.71732356432321,0.9671732356432321,0.9671732356432321,16,4,12,12,110,0.0174405408968501,424.0,1.0522000375203788,475
175,100,10,96.69708615701094,0.9669708615701095,0.9669708615701095,13,5,9,9,120,0.020237407312381883,302.0,0.9463999886065722,900
176,100,2,96.68407785673834,0.9668407785673834,0.9668407785673834,12,2,11,11,104,0.0130083002726602,1014.0,0.9836999815888703,196
177,100,8,96.66257618607519,0.9666257618607519,0.9666257618607519,16,6,10,10,116,0.021501670663255812,290.6666666666667,1.2799999676644802,736
178,100,4,96.64636713472336,0.9664636713472337,0.9664636713472337,11,2,9,9,108,0.016209051351919967,634.0,0.9866000036709011,384
179,100,4,96.62754747087823,0.9662754747087823,0.9662754747087823,16,3,13,13,108,0.018819663845200285,660.6666666666666,0.9988000383600593,384
180,100,2,96.6128003979583,0.966128003979583,0.966128003979583,11,2,9,9,104,0.01474707291998012,1014.0,1.1133999796584249,196
181,100,4,96.59569286801613,0.9659569286801613,0.9659569286801613,12,3,9,9,108,0.01710752994224629,594.0,1.117000007070601,384
182,100,7,96.57114162691722,0.9657114162691722,0.9657114162691722,12,6,8,8,114,0.024551241098993426,324.0,1.0713000083342195,651
183,100,3,96.55643199881261,0.9655643199881261,0.9655643199881261,11,2,9,9,106,0.01470962810468679,934.0,1.125600014347583,291
184,100,9,96.53542135607884,0.9653542135607884,0.9653542135607884,13,5,9,9,118,0.021010642733913176,242.0,1.0203999700024724,819
185,100,2,96.52280016697782,0.9652280016697782,0.9652280016697782,12,2,10,10,104,0.012621189101056807,1014.0,1.0596999782137573,196
186,100,6,96.50439206861066,0.9650439206861066,0.9650439206861066,15,5,10,10,112,0.01840809836725743,354.0,1.029200037010014,564
187,100,3,96.49037245010193,0.9649037245010192,0.9649037245010192,12,3,9,9,106,0.014019618508818166,680.6666666666666,1.091000041924417,291
188,100,4,96.47265149668009,0.9647265149668008,0.9647265149668008,15,3,12,12,108,0.01772095342190605,527.3333333333334,0.9963999618776143,384
189,100,12,96.4480045479157,0.964480045479157,0.964480045479157,16,8,10,10,124,0.02464694876453155,214.0,0.9412000072188675,1056
190,100,5,96.4298797916791,0.964298797916791,0.964298797916791,17,4,14,14,110,0.018124756236693074,474.0,1.0074999881908298,475
191,100,4,96.41481123646801,0.9641481123646801,0.9641481123646801,11,3,9,9,108,0.015068555211133372,587.3333333333334,0.9870000067166984,384
192,100,7,96.39227984287162,0.9639227984287162,0.9639227984287162,16,6,12,12,114,0.022531393596488147,327.3333333333333,0.9404000011272728,651
193,100,6,96.37368204040612,0.9637368204040613,0.9637368204040613,15,4,11,11,112,0.01859780246560394,489.0,0.9916999842971563,564
194,100,6,96.3488299181989,0.963488299181989,0.963488299181989,18,6,12,12,112,0.02485212220732702,347.3333333333333,0.9713000035844743,564
195,100,1,96.33745406656506,0.9633745406656505,0.9633745406656505,9,1,9,9,102,0.01137585163386845,2014.0,1.0027000098489225,99
196,100,8,96.3153745972189,0.9631537459721891,0.9631537459721891,20,6,14,14,116,0.02207946934627758,297.3333333333333,0.9970000246539712,736
197,100,3,96.30027489522557,0.9630027489522557,0.9630027489522557,12,3,9,9,106,0.015099701993404935,680.6666666666666,0.9862000006251037,291
198,100,6,96.28442439772645,0.9628442439772645,0.9628442439772645,11,3,9,9,112,0.015850497499207084,514.0,0.9460999863222241,564
199,100,2,96.27150648243212,0.9627150648243211,0.9627150648243211,11,2,9,9,104,0.012917915294390792,1014.0,0.9909000364132226,196
200,100,5,96.25460505609583,0.9625460505609582,0.9625460505609582,13,4,10,10,110,0.016901426336371372,424.0,1.0882000206038356,475
201,100,5,96.23817654555499,0.9623817654555499,0.9623817654555499,15,3,13,13,110,0.016428510540908103,594.0,1.0554000036790967,475
202,100,2,96.226175838579,0.96226175838579,0.96226175838579,8,2,6,6,104,0.012000706976055486,1014.0,1.1428999714553356,196
203,100,5,96.2072522796096,0.962072522796096,0.962072522796096,14,5,9,9,110,0.018923558969484944,414.0,1.0081000509671867,475
204,100,6,96.1871444925629,0.9618714449256289,0.9618714449256289,15,5,11,11,112,0.020107787046821368,342.0,1.0563000105321407,564
205,100,5,96.16659762713674,0.9616659762713674,0.9616659762713674,18,5,13,13,110,0.020546865426232852,414.0,1.0257000103592873,475
206,100,3,96.15253942024509,0.9615253942024509,0.9615253942024509,14,3,11,11,106,0.014058206891691682,680.6666666666666,1.0531999869272113,291
207,100,4,96.13395819594912,0.9613395819594912,0.9613395819594912,15,4,12,12,108,0.018581224296053467,514.0,1.034500019159168,384
208,100,9,96.11390175374879,0.9611390175374879,0.9611390175374879,14,5,10,10,118,0.020056442200446334,286.0,1.0492000146768987,819
209,100,5,96.09180772934269,0.9609180772934269,0.9609180772934269,17,5,13,13,110,0.022094024406192236,414.0,1.0252000065520406,475
210,100,1,96.07963982246724,0.9607963982246724,0.9607963982246724,13,1,12,12,102,0.012167906875484302,2014.0,0.9831999777816236,99
211,100,5,96.05475820203495,0.9605475820203495,0.9605475820203495,19,5,14,14,110,0.02488162043237052,414.0,0.9522999753244221,475
212,100,11,96.02738195752426,0.9602738195752426,0.9602738195752426,22,9,14,14,122,0.027376244510827874,198.44444444444446,1.0861000046133995,979
213,100,6,96.00449077292404,0.9600449077292404,0.9600449077292404,21,6,16,16,112,0.022891184600314585,347.3333333333333,1.1098000104539096,564
214,100,6,95.98585271782943,0.9598585271782943,0.9598585271782943,13,5,10,10,112,0.018638055094708506,346.0,1.0239999974146485,564
215,100,7,95.96403237398216,0.9596403237398217,0.9596403237398217,19,7,14,14,114,0.02182034384736653,299.7142857142857,0.9916000417433679,651
216,100,4,95.94636094637175,0.9594636094637176,0.9594636094637176,17,4,13,13,108,0.017671427610473245,514.0,1.00460002431646,384
217,100,4,95.92735291920076,0.9592735291920076,0.9592735291920076,17,4,13,13,108,0.019008027171094177,514.0,0.998699979390949,384
218,100,1,95.90588249142105,0.9590588249142106,0.9590588249142106,16,1,15,15,102,0.021470427779761714,2014.0,1.063200004864484,99
219,100,6,95.88341280801129,0.9588341280801128,0.9588341280801128,17,5,14,14,112,0.02246968340982658,370.0,0.9908000356517732,564
220,100,6,95.86148197359972,0.9586148197359973,0.9586148197359973,22,5,17,17,112,0.02193083441167154,382.0,0.8798000053502619,564
221,100,1,95.84171562521095,0.9584171562521095,0.9584171562521095,18,1,17,17,102,0.019766348388829513,2014.0,1.1310999980196357,99
222,100,6,95.8179737103535,0.958179737103535,0.958179737103535,21,6,16,16,112,0.023741914857514423,347.3333333333333,1.0842999909073114,564
223,100,7,95.80162729015166,0.9580162729015166,0.9580162729015166,11,4,7,7,114,0.016346420201969636,304.0,1.276999944821,651
224,100,3,95.78639958120006,0.9578639958120005,0.9578639958120005,16,2,14,14,106,0.015227708951660368,844.0,1.1377999908290803,291
225,100,3,95.77067566480342,0.9577067566480342,0.9577067566480342,13,3,10,10,106,0.01572391639670112,680.6666666666666,1.0898999753408134,291
226,100,4,95.7523366193693,0.957523366193693,0.957523366193693,16,4,13,13,108,0.018339045434182744,514.0,1.1088000028394163,384
227,100,2,95.74122595172521,0.9574122595172522,0.9574122595172522,10,2,8,8,104,0.011110667644148364,1014.0,1.0572000173851848,196
228,100,6,95.72143202652903,0.9572143202652903,0.9572143202652903,18,5,14,14,112,0.019793925196275097,394.0,1.0281000286340714,564
229,100,4,95.70497147464688,0.9570497147464688,0.9570497147464688,13,4,9,9,108,0.016460551882245156,514.0,1.0218999814242125,384
230,100,11,95.67964888883472,0.9567964888883472,0.9567964888883472,14,6,8,8,122,0.02532258581226632,244.0,0.9923999896273017,979
231,100,7,95.65764511124237,0.9565764511124237,0.9565764511124237,15,6,10,10,114,0.022003777592474627,334.0,0.9910000371746719,651
232,100,2,95.6452489430994,0.956452489430994,0.956452489430994,11,2,9,9,104,0.012396168143015807,1014.0,1.0176000068895519,196
233,100,2,95.63152814066358,0.9563152814066358,0.9563152814066358,14,2,12,12,104,0.013720802435881474,1014.0,1.0544999968260527,196
234,100,10,95.60623772821518,0.9560623772821518,0.9560623772821518,15,7,9,9,118,0.025290412448530475,251.14285714285714,0.9817000245675445,900
235,100,6,95.58822873165626,0.9558822873165626,0.9558822873165626,12,4,9,9,112,0.01800899655902466,384.0,1.0041000205092132,564
236,100,3,95.57256676118242,0.9557256676118242,0.9557256676118242,14,3,11,11,106,0.015661970473894726,680.6666666666666,0.9938000002875924,291
237,100,4,95.5574878340984,0.955574878340984,0.955574878340984,11,4,8,8,108,0.015078927084097415,514.0,0.9988999809138477,384
238,100,6,95.53765468256736,0.9553765468256736,0.9553765468256736,16,5,13,13,112,0.019833151531111426,366.0,0.7802000036463141,564
239,100,7,95.51884257043346,0.9551884257043346,0.9551884257043346,13,5,8,8,114,0.01881211213400924,350.0,0.9911000379361212,651
240,100,4,95.50526044623408,0.9550526044623407,0.9550526044623407,9,2,8,8,108,0.013582124199462697,654.0,1.1668999795801938,384
241,100,4,95.48958714474398,0.9548958714474398,0.9548958714474398,12,4,9,9,108,0.015673301490182645,514.0,1.1092000058852136,384
242,100,9,95.46843864232095,0.9546843864232095,0.9546843864232095,14,6,9,9,116,0.021148502423132598,284.0,1.058399968314916,819
243,100,6,95.44479869088421,0.9544479869088421,0.9544479869088421,15,5,12,12,112,0.023639951436844164,342.0,0.7962000090628862,564
244,100,6,95.42679728099095,0.9542679728099095,0.9542679728099095,10,4,7,7,112,0.018001409893359188,384.0,1.0788000072352588,564
245,100,5,95.41035129515329,0.954103512951533,0.954103512951533,9,3,6,6,110,0.016445985837752808,394.0,1.1024000123143196,475
246,100,4,95.39543769532696,0.9539543769532696,0.9539543769532696,13,3,10,10,108,0.014913599826402724,614.0,1.0345999617129564,384
247,100,4,95.38001453583271,0.9538001453583271,0.9538001453583271,13,4,9,9,108,0.015423159494303285,514.0,1.0580000234767795,384
248,100,5,95.35929056162172,0.9535929056162172,0.9535929056162172,17,5,14,14,110,0.020723974211069418,414.0,1.04750000173226,475
249,100,2,95.34490711892411,0.9534490711892412,0.9534490711892412,12,2,10,10,104,0.014383442697671889,1014.0,1.0313999955542386,196
250,100,6,95.32642038435651,0.9532642038435651,0.9532642038435651,17,4,13,13,112,0.01848673456769223,414.0,1.0418999590910971,564
251,100,6,95.30699456064524,0.9530699456064524,0.9530699456064524,20,6,14,14,112,0.019425823711376466,347.3333333333333,1.0225999867543578,564
252,100,5,95.28349469252476,0.9528349469252475,0.9528349469252475,16,5,11,11,110,0.023499868120580025,414.0,1.0389999952167273,475
253,100,6,95.26330704215138,0.9526330704215138,0.9526330704215138,14,5,10,10,112,0.02018765037345549,398.0,0.9860999998636544,564
254,100,7,95.24465103244434,0.9524465103244434,0.9524465103244434,13,5,10,10,114,0.01865600970715242,366.0,0.9959000162780285,651
255,100,4,95.23013122502593,0.9523013122502593,0.9523013122502593,13,3,10,10,108,0.014519807418494679,607.3333333333334,0.9855999960564077,384
256,100,1,95.21924963837182,0.9521924963837182,0.9521924963837182,10,1,9,9,102,0.01088158665414074,2014.0,1.0255000088363886,99
257,100,4,95.20435874167548,0.9520435874167548,0.9520435874167548,14,4,10,10,108,0.014890896696401867,514.0,1.0006999946199358,384
258,100,6,95.18068689370564,0.9518068689370565,0.9518068689370565,14,5,10,10,110,0.02367184796994959,410.0,0.9372999775223434,564
259,100,6,95.16209643399282,0.9516209643399282,0.9516209643399282,15,5,10,10,112,0.018590459712931384,394.0,0.9577000164426863,564
260,100,1,95.14334028273802,0.9514334028273802,0.9514334028273802,14,1,14,14,102,0.018756151254817333,2014.0,1.1227999930270016,99
261,100,2,95.13041937433646,0.9513041937433645,0.9513041937433645,13,2,12,12,104,0.012920908401616416,1014.0,1.1050000321120024,196
262,100,4,95.1143947441775,0.951143947441775,0.951143947441775,11,3,8,8,108,0.016024630159037656,614.0,1.061099988874048,384
263,100,3,95.10269803148418,0.9510269803148418,0.9510269803148418,9,2,7,7,106,0.011696712693385791,894.0,1.0895999730564654,291
264,100,8,95.08032098844625,0.9508032098844624,0.9508032098844624,16,6,10,10,116,0.022377043038048328,297.3333333333333,1.0365999769419432,736
265,100,3,95.06335932160299,0.9506335932160299,0.9506335932160299,13,3,10,10,106,0.01696166684330258,680.6666666666666,1.1156999971717596,291
266,100,5,95.04717121165821,0.9504717121165821,0.9504717121165821,14,3,11,11,110,0.016188109944869744,554.0,1.0464000515639782,475
267,100,5,95.02951006467472,0.9502951006467473,0.9502951006467473,13,4,10,10,110,0.017661146983586562,479.0,1.0538999922573566,475
268,100,8,95.01267518764236,0.9501267518764236,0.9501267518764236,8,3,6,6,116,0.016834877032461115,347.3333333333333,1.027099962811917,736
269,100,2,94.99957926047735,0.9499957926047735,0.9499957926047735,9,2,7,7,104,0.013095927165100107,1014.0,0.9059999720193446,196
270,100,4,94.98299148041265,0.9498299148041265,0.9498299148041265,12,4,8,8,108,0.01658778006474737,514.0,0.9925000485964119,384
271,100,2,94.9722571227885,0.9497225712278851,0.9497225712278851,8,2,6,6,104,0.010734357624191837,1014.0,0.9871000074781477,196
272,100,7,94.95603377942882,0.9495603377942882,0.9495603377942882,10,4,7,7,114,0.016223343359786035,444.0,0.7322999881580472,651
273,100,6,94.93840169887606,0.9493840169887606,0.9493840169887606,14,5,10,10,112,0.017632080552859364,366.0,0.7944999961182475,564
274,100,7,94.91801156154496,0.9491801156154496,0.9491801156154496,15,5,12,12,114,0.020390137331213865,346.0,1.060499984305352,651
275,100,10,94.8922506304624,0.948922506304624,0.948922506304624,19,7,13,13,118,0.02576093108269717,265.42857142857144,0.9797000093385577,900
276,100,9,94.866099750461,0.9486609975046101,0.9486609975046101,17,7,11,11,118,0.02615088000148802,279.7142857142857,0.6078000296838582,819
277,100,5,94.84361075398084,0.9484361075398084,0.9484361075398084,20,5,16,16,110,0.022488996480257484,414.0,0.7331999950110912,475
278,100,7,94.81992796594554,0.9481992796594554,0.9481992796594554,22,6,16,16,114,0.02368278803540491,324.0,0.5297999596223235,651
279,100,2,94.80541855239656,0.9480541855239656,0.9480541855239656,17,2,15,15,104,0.01450941354903712,1014.0,0.5158999701961875,196
280,100,3,94.78923268082758,0.9478923268082758,0.9478923268082758,15,3,12,12,106,0.01618587156901352,680.6666666666666,0.569600029848516,291
281,100,2,94.7712576052855,0.947712576052855,0.947712576052855,15,2,14,14,104,0.017975075542170593,1014.0,1.1165000032633543,196
282,100,6,94.75040116778779,0.9475040116778779,0.9475040116778779,15,4,12,12,112,0.020856437497790203,444.0,1.0797000140883029,564
283,100,5,94.73398828324581,0.9473398828324581,0.9473398828324581,10,4,9,9,110,0.01641288454208656,449.0,1.094199949875474,475
284,100,7,94.71073973402129,0.9471073973402129,0.9471073973402129,23,7,16,16,114,0.023248549224610393,299.7142857142857,1.0554000036790967,651
285,100,7,94.68839221696516,0.9468839221696516,0.9468839221696516,17,7,13,13,114,0.022347517056235944,299.7142857142857,1.0865000076591969,651
286,100,8,94.66714311892518,0.9466714311892518,0.9466714311892518,19,6,13,13,116,0.021249098040099668,284.0,1.0195000213570893,736
287,100,4,94.64966872845591,0.946496687284559,0.946496687284559,13,4,9,9,108,0.01747439046935373,514.0,1.045099983457476,384
288,100,4,94.63495428162791,0.9463495428162791,0.9463495428162791,12,3,12,12,108,0.014714446828057781,587.3333333333334,1.0315999970771372,384
289,100,4,94.61787263332081,0.9461787263332081,0.9461787263332081,16,4,12,12,108,0.017081648307180508,514.0,1.0281999711878598,384
290,100,6,94.59590388899883,0.9459590388899883,0.9459590388899883,24,5,19,19,112,0.021968744322055755,406.0,0.9879000135697424,564
291,100,7,94.57286066545383,0.9457286066545383,0.9457286066545383,22,5,17,17,114,0.023043223545109015,326.0,0.9993999847210944,651
292,100,5,94.55114983855213,0.9455114983855214,0.9455114983855214,16,5,11,11,110,0.02171082690177517,414.0,1.0497999610379338,475
293,100,8,94.53058515857985,0.9453058515857985,0.9453058515857985,14,5,9,9,116,0.020564679972394195,314.0,0.9628999978303909,736
294,100,11,94.50612693275805,0.9450612693275805,0.9450612693275805,15,7,9,9,120,0.024458225821946122,225.42857142857142,0.9348000166937709,979
295,100,1,94.49406847236737,0.9449406847236738,0.9449406847236738,10,1,9,9,102,0.012058460390719006,2014.0,1.0004000505432487,99
296,100,2,94.47382870710354,0.9447382870710354,0.9447382870710354,17,2,16,16,104,0.020239765263891485,1014.0,0.9893999667838216,196
297,100,2,94.4589567955728,0.944589567955728,0.944589567955728,14,2,12,12,104,0.014871911530774717,1014.0,0.9719000081531703,196
298,100,5,94.44295286991867,0.9444295286991867,0.9444295286991867,12,4,9,9,110,0.01600392565424702,424.0,0.9628999978303909,475
299,100,3,94.42901630008272,0.9442901630008272,0.9442901630008272,11,3,8,8,106,0.013936569835992785,680.6666666666666,0.9552999981679022,291
300,100,6,94.41248843627557,0.9441248843627557,0.9441248843627557,12,4,8,8,112,0.01652786380727367,409.0,1.0701999999582767,564
301,100,5,94.3968687450118,0.943968687450118,0.943968687450118,10,3,7,7,110,0.01561969126382845,520.6666666666666,1.0926000541076064,475
302,100,7,94.37771935027126,0.9437771935027126,0.9437771935027126,14,5,10,10,114,0.019149394740639814,338.0,1.0852999985218048,651
303,100,3,94.3591335539377,0.9435913355393769,0.9435913355393769,20,3,17,17,106,0.018585796333638882,680.6666666666666,1.0870000114664435,291
304,100,6,94.33970173589925,0.9433970173589925,0.9433970173589925,14,4,10,10,112,0.01943181803851779,424.0,1.0753999813459814,564
305,100,11,94.31645065406634,0.9431645065406634,0.9431645065406634,15,6,10,10,122,0.02325108183305158,240.66666666666666,1.0139000369235873,979
306,100,7,94.29780556126748,0.9429780556126748,0.9429780556126748,15,4,11,11,114,0.01864509279899007,379.0,1.0178000084124506,651
307,100,5,94.27930306082378,0.9427930306082378,0.9427930306082378,14,4,11,11,110,0.018502500443768,489.0,1.0634000063873827,475
308,100,5,94.25895137497201,0.9425895137497201,0.9425895137497201,13,5,10,10,110,0.02035168585185243,414.0,1.050800026860088,475
309,100,2,94.24690214249009,0.9424690214249009,0.9424690214249009,11,2,9,9,104,0.012049232481954775,1014.0,0.985399994533509,196
310,100,3,94.23269325715592,0.9423269325715592,0.9423269325715592,13,2,11,11,106,0.014208885334255683,734.0,1.0381000465713441,291
311,100,3,94.21565808790821,0.942156580879082,0.942156580879082,15,3,13,13,106,0.017035169247786364,680.6666666666666,1.0870000114664435,291
312,100,5,94.19851777970575,0.9419851777970575,0.9419851777970575,15,4,13,13,110,0.01714030820255097,454.0,1.0060000349767506,475
313,100,6,94.17799250772546,0.9417799250772546,0.9417799250772546,13,4,11,11,112,0.02052527198036458,434.0,1.0076999897137284,564
314,100,5,94.16057634103056,0.9416057634103057,0.9416057634103057,12,4,8,8,110,0.017416166694959045,464.0,0.9741999674588442,475
315,100,7,94.13759271182555,0.9413759271182555,0.9413759271182555,18,5,13,13,114,0.022983629205149292,262.0,0.9719000081531703,651
316,100,2,94.1209822625142,0.9412098226251421,0.9412098226251421,12,2,10,10,104,0.016610449311381004,1014.0,1.0103000095114112,196
317,100,2,94.10779806626364,0.9410779806626364,0.9410779806626364,10,1,9,9,104,0.013184196250624503,1754.0,1.0631000041030347,196
318,100,4,94.09411643618975,0.9409411643618975,0.9409411643618975,12,3,10,10,108,0.013681630073969053,527.3333333333334,0.9793000062927604,384
319,100,6,94.07482017874796,0.9407482017874795,0.9407482017874795,15,5,10,10,112,0.019296257441896003,394.0,0.9463999886065722,564
320,100,5,94.0567659848031,0.940567659848031,0.940567659848031,15,5,12,12,110,0.018054193944924357,414.0,1.1038999655283988,475
321,100,7,94.03728180693672,0.9403728180693672,0.9403728180693672,13,5,8,8,112,0.019484177866496033,374.0,1.1165000032633543,651
322,100,5,94.02065020483406,0.9402065020483406,0.9402065020483406,14,3,11,11,110,0.016631602102711973,594.0,1.0791000095196068,475
323,100,2,94.00852082619632,0.9400852082619632,0.9400852082619632,9,1,8,8,104,0.012129378637802724,1954.0,1.06969999615103,196
324,100,6,93.9936616040783,0.9399366160407829,0.9399366160407829,9,4,5,5,112,0.014859222118134063,479.0,1.0232000495307148,564
325,100,6,93.97881346577564,0.9397881346577565,0.9397881346577565,10,2,8,8,112,0.014848138302746783,574.0,1.0932000004686415,564
326,100,2,93.96616536313124,0.9396616536313124,0.9396616536313124,10,2,8,8,104,0.01264810264446492,1014.0,1.2330000172369182,196
327,100,4,93.9469547403303,0.939469547403303,0.939469547403303,15,4,11,11,108,0.019210622801007382,514.0,0.9744000271894038,384
328,100,7,93.92438770151604,0.9392438770151604,0.9392438770151604,11,5,7,7,112,0.022567038814348628,206.0,1.032999949529767,651
329,100,7,93.90551532943931,0.9390551532943932,0.9390551532943932,13,3,10,10,114,0.01887237207686887,340.6666666666667,1.0144999832846224,651
330,100,3,93.88948176185853,0.9388948176185853,0.9388948176185853,11,3,8,8,106,0.01603356758084118,680.6666666666666,1.0566000128164887,291
331,100,5,93.87408996325362,0.9387408996325363,0.9387408996325363,11,4,9,9,110,0.015391798604972529,459.0,1.1946000158786774,475
332,100,2,93.86315172346491,0.9386315172346491,0.9386315172346491,9,2,7,7,104,0.010938239788762516,1014.0,1.0207999730482697,196
333,100,5,93.84751666856917,0.9384751666856918,0.9384751666856918,10,3,7,7,110,0.01563505489584127,520.6666666666666,1.004599966108799,475
334,100,7,93.82690785199287,0.9382690785199287,0.9382690785199287,13,5,9,9,114,0.020608816576391575,302.0,0.9663000237196684,651
335,100,4,93.81210824746118,0.9381210824746118,0.9381210824746118,14,3,12,12,108,0.014799604531776644,594.0,1.0023000068031251,384
336,100,5,93.7926129536701,0.937926129536701,0.937926129536701,14,4,10,10,110,0.019495293791153223,414.0,0.970900000538677,475
337,100,7,93.77541572372624,0.9377541572372624,0.9377541572372624,9,4,6,6,114,0.01719722994396733,304.0,0.9704999974928796,651
338,100,5,93.75831314032885,0.9375831314032885,0.9375831314032885,11,5,7,7,110,0.017102583397474724,414.0,0.9649000130593777,475
339,100,6,93.74050939170162,0.9374050939170162,0.9374050939170162,13,4,9,9,112,0.017803748627320815,384.0,0.9703999967314303,564
340,100,4,93.72247040347831,0.9372247040347831,0.9372247040347831,18,4,14,14,108,0.018038988223375796,514.0,1.0716000106185675,384
341,100,8,93.69658926660803,0.9369658926660803,0.9369658926660803,18,6,12,12,116,0.025881136870387955,244.0,1.0407999507151544,736
342,100,6,93.67891682611801,0.9367891682611801,0.9367891682611801,13,4,9,9,112,0.01767244049011296,474.0,1.0519999777898192,564
343,100,3,93.66500079450195,0.9366500079450195,0.9366500079450195,13,2,11,11,106,0.013916031616137303,904.0,1.049900020007044,291
344,100,4,93.65004848849487,0.9365004848849487,0.9365004848849487,11,3,8,8,108,0.014952306007145033,634.0,1.0779000003822148,384
345,100,4,93.63478209928951,0.936347820992895,0.936347820992895,14,4,11,11,108,0.015266389205440767,514.0,1.0879000183194876,384
346,100,5,93.61402803706733,0.9361402803706733,0.9361402803706733,15,4,12,12,110,0.020754062222271052,464.0,1.0337000130675733,475
347,100,11,93.58470087383952,0.9358470087383952,0.9358470087383952,20,8,16,16,122,0.029327163227925723,216.5,1.0002999915741384,979
348,100,5,93.56573579244575,0.9356573579244575,0.9356573579244575,16,4,12,12,110,0.018965081393881533,474.0,1.1251000105403364,475
349,100,5,93.54884704174118,0.9354884704174118,0.9354884704174118,13,4,9,9,110,0.016888750704621813,459.0,1.1892999755218625,475
350,100,5,93.52527289201578,0.9352527289201578,0.9352527289201578,20,5,15,15,110,0.02357414972550398,414.0,0.9514999692328274,475
351,100,5,93.50381695702477,0.9350381695702477,0.9350381695702477,17,5,14,14,110,0.021455934991097436,414.0,1.1301999911665916,475
352,100,3,93.48832161521979,0.9348832161521979,0.9348832161521979,16,2,15,15,106,0.015495341805042528,914.0,1.0096000041812658,291
353,100,4,93.47246842359299,0.9347246842359298,0.9347246842359298,16,3,13,13,108,0.015853191626883145,620.6666666666666,1.0442999773658812,384
354,100,3,93.45511210502856,0.9345511210502856,0.9345511210502856,17,3,14,14,106,0.01735631856449249,680.6666666666666,1.0169000015594065,291
355,100,6,93.43832635543903,0.9343832635543903,0.9343832635543903,14,3,12,12,112,0.016785749589619314,507.3333333333333,0.9954000124707818,564
356,100,7,93.41465181211582,0.9341465181211582,0.9341465181211582,18,6,13,13,112,0.023674543323336295,344.0,0.9749999735504389,651
357,100,5,93.39333674599771,0.9339333674599771,0.9339333674599771,21,5,17,17,110,0.021315066118165582,414.0,0.9695999906398356,475
358,100,5,93.36983696720182,0.9336983696720182,0.9336983696720182,21,5,16,16,110,0.023499778795975423,414.0,1.0124000255018473,475
359,100,2,93.35448762325908,0.9335448762325907,0.9335448762325907,18,2,16,16,104,0.015349343942786753,1014.0,0.9533999837003648,196
360,100,6,93.333381872037,0.9333338187203699,0.9333338187203699,18,4,16,16,112,0.021105751222194158,369.0,1.099000044632703,564
361,100,6,93.31098879836685,0.9331098879836685,0.9331098879836685,14,5,11,11,112,0.02239307367022736,334.0,1.0611999896354973,564
362,100,1,93.29604289639218,0.9329604289639218,0.9329604289639218,17,1,16,16,102,0.014945901974707354,2014.0,0.48129999777302146,99
363,100,5,93.27710247981898,0.9327710247981897,0.9327710247981897,18,5,14,14,110,0.01894041657330714,414.0,0.6008000345900655,475
364,100,2,93.26406212613507,0.9326406212613507,0.9326406212613507,11,1,10,10,104,0.013040353683950734,1934.0,0.4849000251851976,196
365,100,5,93.24712577030618,0.9324712577030618,0.9324712577030618,14,4,10,10,110,0.01693635582897013,459.0,0.4883999936282635,475
366,100,7,93.2249079784228,0.9322490797842281,0.9322490797842281,16,6,12,12,114,0.022217791883495153,327.3333333333333,0.547399977222085,651
367,100,4,93.2090118550807,0.932090118550807,0.932090118550807,13,3,10,10,108,0.015896123342182378,634.0,0.552699959371239,384
368,100,7,93.19026512668115,0.9319026512668116,0.9319026512668116,14,4,10,10,114,0.018746728399618107,449.0,0.9028000058606267,651
369,100,2,93.1784056727084,0.931784056727084,0.931784056727084,9,2,8,8,104,0.011859453972832945,1014.0,1.0363999754190445,196
370,100,5,93.16051461122063,0.9316051461122064,0.9316051461122064,16,5,12,12,110,0.01789106148784203,414.0,1.354500011075288,475
371,100,6,93.14093041698692,0.9314093041698692,0.9314093041698692,16,5,11,11,112,0.019584194233801533,394.0,1.0454000439494848,564
372,100,9,93.11639860599627,0.9311639860599626,0.9311639860599626,16,7,10,10,118,0.024531810990783498,251.14285714285714,1.0474000009708107,819
373,100,4,93.09954547721004,0.9309954547721004,0.9309954547721004,14,3,11,11,108,0.016853128786323168,654.0,1.059899979736656,384
374,100,8,93.07704187799551,0.9307704187799551,0.9307704187799551,15,6,9,9,116,0.022503599214627634,270.6666666666667,0.9571000118739903,736
375,100,6,93.06023491777101,0.9306023491777101,0.9306023491777101,12,5,9,9,112,0.016806960224593936,374.0,1.0264000156894326,564
376,100,2,93.04808999477288,0.9304808999477288,0.9304808999477288,12,2,10,10,104,0.012144922998154506,1014.0,1.04160001501441,196
377,100,8,93.03041225490674,0.9303041225490674,0.9303041225490674,9,3,6,6,116,0.017677739866283737,354.0,0.9450000361539423,736
378,100,5,93.00967650608234,0.9300967650608234,0.9300967650608234,14,5,9,9,110,0.02073574882447282,414.0,0.9753999765962362,475
379,100,2,92.99469309492001,0.9299469309492001,0.9299469309492001,11,2,9,9,104,0.014983411162391214,1014.0,0.9623999940231442,196
380,100,7,92.97268646857371,0.9297268646857372,0.9297268646857372,18,5,13,13,114,0.02200662634641315,374.0,1.096300024073571,651
381,100,3,92.95163851231196,0.9295163851231196,0.9295163851231196,18,3,15,15,106,0.021047956261804224,680.6666666666666,0.6005000323057175,291
382,100,5,92.93131035202902,0.9293131035202902,0.9293131035202902,20,4,17,17,110,0.02032816028301987,464.0,0.5676000146195292,475
383,100,5,92.90766534786277,0.9290766534786278,0.9290766534786278,20,5,15,15,110,0.023645004166337635,414.0,0.6172999856062233,475
384,100,8,92.88808314632004,0.9288808314632004,0.9288808314632004,12,4,8,8,116,0.019582201542831967,339.0,1.0655999649316072,736
385,100,6,92.86762577786862,0.9286762577786862,0.9286762577786862,17,5,14,14,112,0.02045736845151236,370.0,1.081500027794391,564
386,100,5,92.85106121953359,0.9285106121953359,0.9285106121953359,14,5,10,10,110,0.016564558335109503,414.0,1.1023000115528703,475
387,100,4,92.83800910522815,0.9283800910522815,0.9283800910522815,10,3,7,7,108,0.013052114305521556,627.3333333333334,0.5568999913521111,384
388,100,6,92.81423900391013,0.9281423900391013,0.9281423900391013,15,5,10,10,112,0.023770101318132397,354.0,0.7929999846965075,564
389,100,6,92.7942751723696,0.927942751723696,0.927942751723696,14,4,12,12,112,0.019963831540607657,434.0,0.5434000049717724,564
390,100,1,92.78132797347281,0.9278132797347282,0.9278132797347282,13,1,12,12,102,0.012947198896832823,2014.0,0.5636999849230051,99
391,100,8,92.75855604807484,0.9275855604807484,0.9275855604807484,18,6,12,12,116,0.022771925398103576,310.6666666666667,0.6127000087872148,736
392,100,3,92.73927841190184,0.9273927841190184,0.9273927841190184,18,3,16,16,106,0.019277636173060664,680.6666666666666,0.9432999650016427,291
393,100,3,92.72568596924359,0.9272568596924359,0.9272568596924359,12,3,9,9,106,0.013592442658320714,680.6666666666666,0.6372000207193196,291
394,100,5,92.70529927423674,0.9270529927423674,0.9270529927423674,19,5,14,14,110,0.020386695006930466,414.0,0.5087999743409455,475
395,100,5,92.68619917247094,0.9268619917247094,0.9268619917247094,18,5,13,13,110,0.019100101765849864,414.0,0.8854999905452132,475
396,100,5,92.66882511535876,0.9266882511535875,0.9266882511535875,13,4,9,9,110,0.01737405711229023,469.0,0.8036000072024763,475
397,100,2,92.65161778445787,0.9265161778445787,0.9265161778445787,19,2,18,18,104,0.01720733090092974,1014.0,0.9701999952085316,196
398,100,7,92.62773136308131,0.9262773136308131,0.9262773136308131,20,5,15,15,114,0.023886421376657196,386.0,0.9643000084906816,651
399,100,6,92.60848013541752,0.9260848013541753,0.9260848013541753,16,5,11,11,112,0.019251227663882986,354.0,0.984499987680465,564
400,100,4,92.59457714789959,0.9259457714789958,0.9259457714789958,11,3,8,8,108,0.013902987518014776,634.0,1.3504999806173146,384
401,100,8,92.57516882717174,0.9257516882717174,0.9257516882717174,10,4,7,7,116,0.01940832072798937,374.0,1.016200054436922,736
402,100,4,92.56030862104234,0.9256030862104234,0.9256030862104234,12,4,9,9,108,0.014860206129443831,514.0,1.007599988952279,384
403,100,3,92.54416934652554,0.9254416934652554,0.9254416934652554,13,3,11,11,106,0.01613927451687225,680.6666666666666,0.8851999882608652,291
404,100,8,92.51936776618885,0.9251936776618885,0.9251936776618885,15,5,11,11,116,0.024801580336798246,334.0,0.6440000142902136,736
405,100,9,92.49382550853721,0.9249382550853721,0.9249382550853721,18,7,11,11,118,0.02554225765174234,225.42857142857142,0.555399979930371,819
406,100,3,92.47929647007473,0.9247929647007473,0.9247929647007473,14,3,11,11,106,0.014529038462572252,680.6666666666666,0.9591999696567655,291
407,100,5,92.45936324832277,0.9245936324832278,0.9245936324832278,15,5,10,10,110,0.01993322175203094,414.0,1.0389999952167273,475
408,100,4,92.4422200792178,0.9244222007921781,0.9244222007921781,17,3,14,14,108,0.017143169105034772,540.6666666666666,1.0458999895490706,384
409,100,5,92.42350535950575,0.9242350535950575,0.9242350535950575,16,4,14,14,110,0.01871471971216465,479.0,1.0287000332027674,475
410,100,6,92.40342835195845,0.9240342835195845,0.9240342835195845,15,4,12,12,112,0.020077007547381065,384.0,1.0239999974146485,564
411,100,5,92.38387345601161,0.9238387345601161,0.9238387345601161,16,4,13,13,110,0.01955489594693116,474.0,1.0248000035062432,475
412,100,5,92.36104042689134,0.9236104042689134,0.9236104042689134,22,5,17,17,110,0.022833029120359782,414.0,1.0169000015594065,475
413,100,5,92.34623574545287,0.9234623574545288,0.9234623574545288,11,3,8,8,110,0.01480468143854008,514.0,1.1005999986082315,475
414,100,4,92.33118811559567,0.9233118811559566,0.9233118811559566,12,3,9,9,108,0.015047629857289024,614.0,1.1141999857500196,384
415,100,2,92.31565011350676,0.9231565011350676,0.9231565011350676,16,2,14,14,104,0.015538002088947067,1014.0,0.9961999603547156,196
416,100,6,92.29341388729362,0.9229341388729363,0.9229341388729363,19,6,13,13,112,0.022236226213251165,347.3333333333333,1.1061999830417335,564
417,100,6,92.27142919176462,0.9227142919176462,0.9227142919176462,19,5,14,14,112,0.02198469552907767,374.0,1.0939000057987869,564
418,100,3,92.25475689138548,0.9225475689138548,0.9225475689138548,17,3,14,14,106,0.01667230037918621,680.6666666666666,1.082699978724122,291
419,100,5,92.23722810853661,0.9223722810853662,0.9223722810853662,17,4,13,13,110,0.017528782848974522,494.0,1.0818999726325274,475
420,100,9,92.21240815879645,0.9221240815879646,0.9221240815879646,21,7,17,17,118,0.02481994974029078,251.14285714285714,1.0179000091739,819
421,100,6,92.18822113659736,0.9218822113659736,0.9218822113659736,21,4,18,18,112,0.02418702219915403,424.0,1.2543999473564327,564
422,100,3,92.16893417406057,0.9216893417406057,0.9216893417406057,17,3,15,15,106,0.019286962536876118,680.6666666666666,1.197699981275946,291
423,100,10,92.14371781663989,0.9214371781663989,0.9214371781663989,21,6,16,16,120,0.025216357420817737,277.3333333333333,1.1523999855853617,900
424,100,8,92.12573057067664,0.9212573057067663,0.9212573057067663,11,3,9,9,116,0.017987245963369425,394.0,1.124700007494539,736
425,100,3,92.10844326528097,0.9210844326528097,0.9210844326528097,15,3,12,12,106,0.0172873053957332,680.6666666666666,1.0420000180602074,291
426,100,2,92.09674731681395,0.9209674731681394,0.9209674731681394,11,2,9,9,104,0.01169594846707156,1014.0,1.1895999778062105,196
427,100,8,92.06945660418315,0.9206945660418314,0.9206945660418314,21,7,14,14,116,0.027290712630888336,276.85714285714283,1.1258000158704817,736
428,100,7,92.05069357868612,0.9205069357868613,0.9205069357868613,14,4,10,10,114,0.018763025497168684,374.0,1.1545000015757978,651
429,100,4,92.03399028782651,0.9203399028782652,0.9203399028782652,15,4,11,11,108,0.016703290859659603,514.0,1.1489999596960843,384
430,100,4,92.0184028674338,0.920184028674338,0.920184028674338,10,3,7,7,108,0.015587420392755291,634.0,1.1242000036872923,384
431,100,1,92.00187276314767,0.9200187276314767,0.9200187276314767,17,1,16,16,102,0.0165301042861854,2014.0,1.0899999761022627,99
432,100,4,91.98547312169205,0.9198547312169205,0.9198547312169205,11,4,7,7,108,0.01639964145572126,514.0,1.1329999542795122,384
433,100,3,91.97367954772443,0.9197367954772443,0.9197367954772443,8,2,6,6,106,0.011793573967677773,914.0,1.1567999608814716,291
434,100,5,91.95722593476793,0.9195722593476794,0.9195722593476794,11,3,8,8,110,0.016453612956572883,474.0,1.1365999816916883,475
435,100,5,91.93793425045025,0.9193793425045026,0.9193793425045026,17,5,13,13,110,0.019291684317765956,414.0,1.691600016783923,475
436,100,6,91.91564083832712,0.9191564083832712,0.9191564083832712,19,6,15,15,112,0.022293412123225664,347.3333333333333,0.9917999850586057,564
437,100,5,91.89386254618734,0.9189386254618733,0.9189386254618733,21,4,17,17,110,0.021778292139888578,494.0,1.3877000310458243,475
438,100,0,91.88448757275314,0.9188448757275315,0.9188448757275315,8,8,8,8,0,0.009374973434193024,17.0,0.043599982745945454,0
439,100,7,91.86174514490573,0.9186174514490573,0.9186174514490573,14,6,9,9,114,0.02274242784750946,327.3333333333333,0.5248999805189669,651
440,100,3,91.8435856275328,0.9184358562753281,0.9184358562753281,20,3,17,17,106,0.018159517372982492,680.6666666666666,0.5714999861083925,291
441,100,4,91.82722582524768,0.9182722582524768,0.9182722582524768,13,4,10,10,108,0.016359802285201397,514.0,0.5663999472744763,384
442,100,6,91.80231398399451,0.9180231398399451,0.9180231398399451,18,6,12,12,112,0.024911841253244305,347.3333333333333,0.8547999896109104,564
443,100,5,91.786057405665,0.91786057405665,0.91786057405665,10,4,7,7,110,0.01625657832959071,414.0,0.5700999754481018,475
444,100,5,91.76959655823241,0.917695965582324,0.917695965582324,16,5,12,12,110,0.01646084743268794,414.0,0.7254999945871532,475
445,100,6,91.7512365103017,0.9175123651030169,0.9175123651030169,14,4,12,12,112,0.018360047930796597,434.0,1.0017000022344291,564
446,100,9,91.72330160859366,0.9172330160859365,0.9172330160859365,21,7,14,14,118,0.027934901708167814,279.7142857142857,1.0280999704264104,819
447,100,5,91.7066000056249,0.917066000056249,0.917066000056249,12,3,9,9,110,0.016701602968833384,587.3333333333334,1.032100000884384,475
448,100,7,91.68659974014282,0.9168659974014283,0.9168659974014283,15,5,10,10,114,0.020000265482202906,390.0,0.944000028539449,651
449,100,3,91.66810885528383,0.9166810885528384,0.9166810885528384,16,3,13,13,106,0.018490884859055257,680.6666666666666,1.0424999636597931,291
450,100,5,91.65087026916073,0.9165087026916073,0.9165087026916073,12,4,8,8,110,0.01723858612317919,404.0,1.0175000061281025,475
451,100,4,91.63535597642345,0.9163535597642345,0.9163535597642345,13,4,10,10,108,0.01551429273735394,514.0,1.0624999995343387,384
452,100,7,91.61605607380447,0.9161605607380447,0.9161605607380447,17,4,13,13,114,0.0192999026190801,299.0,0.9766000439412892,651
453,100,7,91.59227888284279,0.9159227888284279,0.9159227888284279,20,6,14,14,112,0.023777190961787653,344.0,0.9891000227071345,651
454,100,7,91.57017554216945,0.9157017554216945,0.9157017554216945,16,6,11,11,114,0.022103340673456984,330.6666666666667,1.0127000277861953,651
455,100,3,91.55464073847854,0.9155464073847854,0.9155464073847854,15,3,12,12,106,0.015534803690966825,680.6666666666666,0.9732000180520117,291
456,100,3,91.54194644596157,0.9154194644596158,0.9154194644596158,10,3,7,7,106,0.01269429251701304,680.6666666666666,1.02680001873523,291
457,100,3,91.53103432301627,0.9153103432301627,0.9153103432301627,7,2,5,5,106,0.010912122945368807,784.0,1.0051000281237066,291
458,100,3,91.51581850967447,0.9151581850967447,0.9151581850967447,16,3,14,14,106,0.015215813341864504,680.6666666666666,1.0089999996125698,291
459,100,5,91.49017761001713,0.9149017761001713,0.9149017761001713,18,5,13,13,110,0.025640899657430438,414.0,0.9678999776951969,475
460,100,3,91.47281830551366,0.9147281830551366,0.9147281830551366,15,3,12,12,106,0.017359304503530737,680.6666666666666,1.0796000133268535,291
461,100,7,91.44985568261097,0.9144985568261097,0.9144985568261097,22,7,17,17,114,0.02296262290280815,299.7142857142857,1.0889999684877694,651
462,100,7,91.4296304429639,0.9142963044296389,0.9142963044296389,15,6,9,9,114,0.0202252396471696,320.6666666666667,1.0710000060498714,651
463,100,2,91.41636002989173,0.9141636002989173,0.9141636002989173,14,2,12,12,104,0.013270413072206111,1014.0,1.079099951311946,196
464,100,3,91.4014453008364,0.914014453008364,0.914014453008364,15,3,12,12,106,0.014914729055414355,680.6666666666666,1.0749000357463956,291
465,100,6,91.38240893288788,0.9138240893288788,0.9138240893288788,13,4,9,9,112,0.019036367948622512,484.0,1.0335000115446746,564
466,100,4,91.36335092100931,0.9136335092100931,0.9136335092100931,19,4,15,15,108,0.019058011878611225,514.0,1.0615999926812947,384
467,100,3,91.35004921867251,0.9135004921867251,0.9135004921867251,11,2,9,9,106,0.013301702336866228,564.0,1.0406000073999166,291
468,100,5,91.33204314680236,0.9133204314680237,0.9133204314680237,16,4,13,13,110,0.018006071870248164,489.0,1.0651000193320215,475
469,100,5,91.31543824396381,0.9131543824396381,0.9131543824396381,12,3,9,9,110,0.01660490283863325,587.3333333333334,0.9991000406444073,475
470,100,4,91.30291485754331,0.9130291485754332,0.9130291485754332,6,2,4,4,108,0.012523386420570048,604.0,1.0495999595150352,384
471,100,3,91.28363224068134,0.9128363224068134,0.9128363224068134,16,3,14,14,106,0.019282616862039248,680.6666666666666,1.0191999608650804,291
472,100,6,91.26182063658231,0.9126182063658231,0.9126182063658231,19,5,14,14,110,0.021811604099116977,410.0,0.9987000375986099,564
473,100,5,91.24391090842686,0.9124391090842685,0.9124391090842685,14,4,11,11,110,0.017909728155565574,414.0,1.018800016026944,475
474,100,7,91.22224434662077,0.9122224434662077,0.9122224434662077,14,5,9,9,114,0.02166656180618176,350.0,1.0016000014729798,651
475,100,6,91.20555708611062,0.9120555708611061,0.9120555708611061,12,3,9,9,112,0.0166872605102526,480.6666666666667,0.9769000462256372,564
476,100,6,91.18983147148472,0.9118983147148473,0.9118983147148473,12,2,10,10,112,0.015725614625972995,614.0,0.9787000017240644,564
477,100,6,91.17090014274008,0.9117090014274009,0.9117090014274009,13,4,10,10,110,0.0189313287447348,434.0,0.9388999897055328,564
478,100,5,91.15183566471943,0.9115183566471943,0.9115183566471943,15,4,11,11,110,0.019064478020730746,429.0,0.971800007391721,475
479,100,7,91.13081087724787,0.9113081087724787,0.9113081087724787,16,6,10,10,114,0.02102478747167602,294.0,0.9758000378496945,651
480,100,3,91.11490586500958,0.9111490586500958,0.9111490586500958,15,3,12,12,106,0.015905012238359717,680.6666666666666,1.0781000019051135,291
481,100,6,91.0905040263305,0.9109050402633051,0.9109050402633051,24,5,21,21,112,0.024401838679144916,330.0,1.0389999952167273,564
482,100,5,91.07043230357877,0.9107043230357877,0.9107043230357877,19,4,15,15,110,0.02007172275183855,499.0,1.0697999969124794,475
483,100,8,91.04755077934776,0.9104755077934776,0.9104755077934776,18,5,13,13,116,0.0228815242311029,314.0,1.0278000263497233,736
484,100,5,91.03086269749208,0.9103086269749209,0.9103086269749209,12,3,10,10,110,0.016688081855777526,507.3333333333333,1.0660000261850655,475
485,100,4,91.01285069276197,0.9101285069276197,0.9101285069276197,16,3,14,14,108,0.018012004730181275,660.6666666666666,1.0448999819345772,384
486,100,6,90.99035199758364,0.9099035199758364,0.9099035199758364,24,6,18,18,112,0.022498695178414962,347.3333333333333,1.0793000110425055,564
487,100,4,90.97495564171751,0.9097495564171751,0.9097495564171751,16,4,13,13,108,0.01539635586621202,514.0,1.0525000398047268,384
488,100,6,90.95026361122177,0.9095026361122177,0.9095026361122177,21,6,19,19,112,0.024692030495817363,347.3333333333333,1.0666000307537615,564
489,100,5,90.93207875356552,0.9093207875356552,0.9093207875356552,19,3,18,18,110,0.018184857656358133,594.0,0.8308999822475016,475
490,100,7,90.9086860181393,0.9090868601813931,0.9090868601813931,16,5,11,11,114,0.023392735426313038,370.0,0.9617000469006598,651
491,100,4,90.8898444613427,0.9088984446134271,0.9088984446134271,17,4,14,14,108,0.0188415567966711,514.0,0.9513999684713781,384
492,100,7,90.86479238237946,0.9086479238237947,0.9086479238237947,22,7,18,18,114,0.02505207896335726,299.7142857142857,0.9273000177927315,651
493,100,3,90.847202629941,0.9084720262994099,0.9084720262994099,15,3,14,14,106,0.017589752438516015,680.6666666666666,0.9795999503694475,291
494,100,2,90.82999734478096,0.9082999734478097,0.9082999734478097,16,2,15,15,104,0.017205285160093453,1014.0,1.0480000055395067,196
495,100,8,90.80367241019165,0.9080367241019165,0.9080367241019165,22,7,16,16,116,0.026324934589410987,282.57142857142856,0.9842999861575663,736
496,100,3,90.78603485973399,0.9078603485973399,0.9078603485973399,17,3,14,14,106,0.017637550457745732,680.6666666666666,1.0283999727107584,291
497,100,1,90.77350028421999,0.9077350028421999,0.9077350028421999,13,1,12,12,102,0.012534575514028035,2014.0,1.0278000263497233,99
498,100,4,90.7588491140707,0.9075884911407069,0.9075884911407069,12,2,10,10,108,0.01465117014939743,804.0,0.9696999914012849,384
499,100,9,90.73016533329107,0.9073016533329107,0.9073016533329107,26,8,19,19,118,0.028683780779733326,259.0,0.8907000301405787,819
500,100,4,90.71030050045925,0.9071030050045925,0.9071030050045925,18,3,15,15,108,0.019864832831876456,660.6666666666666,1.0881000198423862,384
501,100,3,90.6940566699216,0.906940566699216,0.906940566699216,14,3,11,11,106,0.016243830537735704,680.6666666666666,0.5883000558242202,291
502,100,8,90.67016421421276,0.9067016421421276,0.9067016421421276,18,7,12,12,116,0.023892455708942606,262.57142857142856,0.5598000134341419,736
503,100,2,90.65250743486006,0.9065250743486005,0.9065250743486005,19,2,17,17,104,0.017656779352774876,1014.0,0.5709999823011458,196
504,100,6,90.62921044202523,0.9062921044202522,0.9062921044202522,19,5,15,15,112,0.023296992834927366,382.0,0.5697000306099653,564
505,100,4,90.60925423632645,0.9060925423632645,0.9060925423632645,20,4,18,18,108,0.019956205698838048,514.0,0.4710000357590616,384
506,100,6,90.587090800261,0.9058709080026099,0.9058709080026099,19,5,16,16,110,0.02216343606552762,398.0,0.8101999992504716,564
507,100,2,90.56975220138105,0.9056975220138105,0.9056975220138105,17,2,15,15,104,0.017338598880014544,1014.0,1.007000042591244,196
508,100,5,90.55163745339516,0.9055163745339516,0.9055163745339516,19,3,17,17,110,0.018114747985983115,594.0,0.9757999796420336,475
509,100,6,90.53384008220361,0.9053384008220361,0.9053384008220361,13,4,9,9,112,0.017797371191619504,439.0,0.9908999782055616,564
510,100,6,90.51204319613291,0.9051204319613291,0.9051204319613291,21,5,16,16,112,0.021796886070832855,378.0,0.9651999571360648,564
511,100,7,90.48868735562534,0.9048868735562534,0.9048868735562534,22,6,18,18,114,0.023355840507615966,307.3333333333333,0.8875000057742,651
512,100,7,90.46281527866897,0.9046281527866897,0.9046281527866897,22,7,15,15,114,0.02587207695650484,299.7142857142857,1.0839999886229634,651
513,100,3,90.44701984214743,0.9044701984214742,0.9044701984214742,14,3,11,11,106,0.01579543652159643,680.6666666666666,1.1541999992914498,291
514,100,5,90.42638479004532,0.9042638479004532,0.9042638479004532,19,5,15,15,110,0.020635052102194962,414.0,1.101900008507073,475
515,100,5,90.40547661598207,0.9040547661598207,0.9040547661598207,19,4,16,16,110,0.02090817406336498,434.0,1.1370000429451466,475
516,100,6,90.38219653759135,0.9038219653759135,0.9038219653759135,20,6,14,14,112,0.023280078390763848,347.3333333333333,1.032400003168732,564
517,100,3,90.36129956994255,0.9036129956994254,0.9036129956994254,16,3,13,13,106,0.02089696764888238,680.6666666666666,0.9609000408090651,291
518,100,5,90.3435237414698,0.903435237414698,0.903435237414698,15,5,12,12,110,0.017775828472835542,414.0,0.9824000298976898,475
519,100,7,90.32383799870226,0.9032383799870226,0.9032383799870226,13,6,8,8,114,0.019685742767665104,300.6666666666667,0.9355000220239162,651
520,100,4,90.30796531853527,0.9030796531853527,0.9030796531853527,13,3,10,10,108,0.01587268016704968,634.0,1.104299968574196,384
521,100,4,90.29053118453885,0.9029053118453885,0.9029053118453885,15,4,12,12,108,0.017434133996495405,514.0,0.8857999928295612,384
522,100,5,90.27011299090938,0.9027011299090938,0.9027011299090938,14,5,10,10,110,0.020418193629559767,414.0,1.2448999914340675,475
523,100,1,90.25595582743814,0.9025595582743814,0.9025595582743814,10,1,9,9,102,0.014157163471264056,2014.0,1.2055000406689942,99
524,100,6,90.23669997196616,0.9023669997196616,0.9023669997196616,17,5,13,13,112,0.01925585547209252,406.0,1.1688999948091805,564
525,100,3,90.22271469119423,0.9022271469119423,0.9022271469119423,14,3,11,11,106,0.013985280771992237,680.6666666666666,1.1892999755218625,291
526,100,5,90.20862558470334,0.9020862558470334,0.9020862558470334,11,3,9,9,110,0.014089106490976278,387.3333333333333,1.1514000361785293,475
527,100,7,90.18780649519776,0.9018780649519776,0.9018780649519776,15,6,12,12,114,0.020819089505662802,327.3333333333333,0.9728999575600028,651
528,100,5,90.17268485705267,0.9017268485705268,0.9017268485705268,9,4,5,5,110,0.015121638145197736,379.0,1.0857000015676022,475
529,100,2,90.16200978414999,0.9016200978414999,0.9016200978414999,9,2,8,8,104,0.010675072902744276,1014.0,1.088000019080937,196
530,100,8,90.14585494112009,0.901458549411201,0.901458549411201,8,3,5,5,116,0.016154843029841714,340.6666666666667,1.0318999993614852,736
531,100,11,90.12079146384563,0.9012079146384564,0.9012079146384564,16,6,10,10,122,0.025063477274049006,207.33333333333334,0.9751999750733376,979
532,100,7,90.10273889017871,0.9010273889017871,0.9010273889017871,13,5,8,8,114,0.018052573666571092,338.0,0.9851999930106103,651
533,100,3,90.09126890868204,0.9009126890868204,0.9009126890868204,9,2,7,7,106,0.011469981496523118,724.0,0.9770000469870865,291
534,100,3,90.07822863372976,0.9007822863372976,0.9007822863372976,12,2,10,10,106,0.013040274952054176,714.0,0.9894000249914825,291
535,100,12,90.05754558714004,0.9005754558714004,0.9005754558714004,9,3,7,7,124,0.020683046589276444,207.33333333333334,0.942799961194396,1056
536,100,2,90.04475525576358,0.9004475525576358,0.9004475525576358,9,2,7,7,104,0.012790331376331565,1014.0,1.0225999867543578,196
537,100,2,90.03273268197843,0.9003273268197843,0.9003273268197843,7,2,5,5,104,0.012022573784962631,1014.0,0.9876999538391829,196
538,100,8,90.01608756934164,0.9001608756934164,0.9001608756934164,8,4,6,6,116,0.016645112636464177,364.0,0.916799996048212,736
539,100,2,90.00295062104732,0.9000295062104732,0.9000295062104732,10,2,8,8,104,0.01313694829416967,1014.0,0.9463000460527837,196
540,100,7,89.98686925379516,0.8998686925379517,0.8998686925379517,10,4,7,7,114,0.016081367251821632,314.0,0.997199967969209,651
541,100,4,89.97338017299379,0.8997338017299379,0.8997338017299379,7,2,5,5,108,0.013489080801171838,714.0,0.9467999916523695,384
542,100,2,89.95839909962741,0.8995839909962742,0.8995839909962742,9,2,7,7,104,0.014981073366206132,1014.0,1.0312999947927892,196
543,100,7,89.93877498883391,0.8993877498883391,0.8993877498883391,14,5,10,10,114,0.01962411079319537,374.0,0.8266999502666295,651
544,100,3,89.92435419039751,0.899243541903975,0.899243541903975,12,3,9,9,106,0.014420798436209026,680.6666666666666,0.6108000525273383,291
545,100,1,89.9121024735135,0.899121024735135,0.899121024735135,10,1,9,9,102,0.012251716883884711,2014.0,0.6337999948300421,99
546,100,5,89.89762249164092,0.8989762249164092,0.8989762249164092,11,2,9,9,110,0.014479981872309367,514.0,0.7717999978922307,475
547,100,5,89.88126970358927,0.8988126970358927,0.8988126970358927,9,3,6,6,110,0.01635278805140672,520.6666666666666,0.8523000287823379,475
548,100,9,89.86049449402293,0.8986049449402294,0.8986049449402294,17,6,12,12,118,0.020775209565959685,244.0,1.0866000084206462,819
549,100,4,89.84606891445195,0.8984606891445195,0.8984606891445195,13,2,11,11,108,0.014425579570756852,674.0,1.0692999931052327,384
550,100,4,89.82802048468943,0.8982802048468943,0.8982802048468943,17,4,13,13,108,0.018048429762297147,514.0,1.026200014166534,384
551,100,2,89.81634082112537,0.8981634082112536,0.8981634082112536,11,2,9,9,104,0.011679663563906928,1014.0,0.8465999853797257,196
552,100,4,89.79970328684182,0.8979970328684181,0.8979970328684181,13,4,9,9,108,0.01663753428332626,514.0,0.5465000285767019,384
553,100,3,89.78477230865056,0.8978477230865056,0.8978477230865056,8,2,6,6,106,0.01493097819105138,874.0,0.5445000133477151,291
554,100,4,89.7684568306471,0.8976845683064709,0.8976845683064709,15,4,12,12,108,0.016315478003219752,514.0,0.7001999765634537,384
555,100,8,89.74438537396972,0.8974438537396972,0.8974438537396972,17,7,13,13,116,0.024071456677051017,291.14285714285717,0.7936000474728644,736
556,100,7,89.72635058677314,0.8972635058677314,0.8972635058677314,13,4,10,10,114,0.018034787196292257,349.0,0.5479000392369926,651
557,100,7,89.70743690856358,0.8970743690856358,0.8970743690856358,13,4,10,10,114,0.018913678209248275,269.0,0.5165999755263329,651
558,100,7,89.68766715112976,0.8968766715112976,0.8968766715112976,16,6,10,10,114,0.01976975743350451,270.6666666666667,0.7984000258147717,651
559,100,7,89.66576886173728,0.8966576886173727,0.8966576886173727,20,6,15,15,114,0.021898289392167314,334.0,0.9336999501101673,651
560,100,5,89.64573282261998,0.8964573282261997,0.8964573282261997,17,5,12,12,110,0.020036039117055537,414.0,2.0155999809503555,475
561,100,2,89.63213107130944,0.8963213107130944,0.8963213107130944,14,2,12,12,104,0.01360175131037522,1014.0,0.5005000275559723,196
562,100,7,89.61217676583799,0.8961217676583799,0.8961217676583799,14,6,9,9,114,0.019954305471150846,317.3333333333333,0.5706999800167978,651
563,100,1,89.60022709152024,0.8960022709152023,0.8960022709152023,9,1,9,9,102,0.011949674317593306,2014.0,0.5781999789178371,99
564,100,7,89.5812808071392,0.895812808071392,0.895812808071392,17,6,12,12,114,0.018946284380733758,327.3333333333333,1.1359999771229923,651
565,100,2,89.56746457475406,0.8956746457475405,0.8956746457475405,9,2,8,8,104,0.01381623238500751,1014.0,1.108700002077967,196
566,100,10,89.5442644715247,0.895442644715247,0.895442644715247,17,8,11,11,120,0.02320010322894639,244.0,1.0360999731346965,900
567,100,5,89.52610079200207,0.8952610079200207,0.8952610079200207,12,4,8,8,110,0.01816367952238629,404.0,1.0109000140801072,475
568,100,5,89.50851198412624,0.8950851198412625,0.8950851198412625,15,3,12,12,110,0.017588807875558388,454.0,1.3389000087045133,475
569,100,7,89.48519623295482,0.8948519623295482,0.8948519623295482,17,6,12,12,114,0.02331575117113438,304.0,1.0232999920845032,651
570,100,3,89.4709685165782,0.894709685165782,0.894709685165782,10,3,7,7,106,0.014227716376412403,680.6666666666666,1.0373999830335379,291
571,100,3,89.4531398703299,0.894531398703299,0.894531398703299,11,3,8,8,106,0.017828646248116087,680.6666666666666,1.2594999861903489,291
572,100,3,89.43995096407373,0.8943995096407373,0.8943995096407373,9,3,7,7,106,0.01318890625596758,680.6666666666666,1.0389999952167273,291
573,100,8,89.4167014908973,0.894167014908973,0.894167014908973,16,7,11,11,116,0.02324947317609727,288.2857142857143,0.9720000089146197,736
574,100,7,89.38941931503186,0.8938941931503186,0.8938941931503186,20,7,15,15,114,0.027282175865108726,299.7142857142857,0.9699999936856329,651
575,100,2,89.37793841937996,0.8937793841937995,0.8937793841937995,9,2,7,7,104,0.011480895651738265,1014.0,1.0368999792262912,196
576,100,7,89.35633888735178,0.8935633888735178,0.8935633888735178,16,4,12,12,114,0.021599532027874346,319.0,1.0485000093467534,651
577,100,4,89.33666841598597,0.8933666841598596,0.8933666841598596,18,4,14,14,108,0.019670471365589748,514.0,1.0044999653473496,384
578,100,3,89.32189594421466,0.8932189594421466,0.8932189594421466,15,3,12,12,106,0.014772471771117068,680.6666666666666,0.9883000166155398,291
579,100,9,89.29618666763432,0.8929618666763431,0.8929618666763431,16,7,10,10,118,0.025709276579993556,234.0,0.9292000322602689,819
580,100,9,89.27164644002977,0.8927164644002977,0.8927164644002977,17,7,11,11,116,0.024540227604187947,291.14285714285717,1.0397000005468726,819
581,100,4,89.2568426504527,0.892568426504527,0.892568426504527,9,3,7,7,108,0.014803789576840032,467.3333333333333,1.1139999842271209,384
582,100,4,89.24235709864593,0.8924235709864593,0.8924235709864593,13,3,10,10,108,0.014485551806568964,634.0,1.0918000480160117,384
583,100,7,89.22188491009189,0.8922188491009189,0.8922188491009189,14,5,9,9,114,0.020472188553705806,354.0,1.0980999795719981,651
584,100,3,89.20683988597818,0.8920683988597818,0.8920683988597818,12,3,9,9,106,0.015045024113497618,680.6666666666666,1.0955999605357647,291
585,100,4,89.19235510527072,0.8919235510527073,0.8919235510527073,12,4,9,9,108,0.014484780707249456,514.0,1.0534000466577709,384
586,100,4,89.17678779288894,0.8917678779288895,0.8917678779288895,13,3,10,10,108,0.015567312381559617,567.3333333333334,1.095700019504875,384
587,100,5,89.1531365309762,0.891531365309762,0.891531365309762,20,5,15,15,110,0.02365126191248379,414.0,1.1198999709449708,475
588,100,5,89.13192248904035,0.8913192248904035,0.8913192248904035,16,5,11,11,110,0.021214041935612826,414.0,1.050800026860088,475
589,100,4,89.11422960335905,0.8911422960335905,0.8911422960335905,15,4,12,12,108,0.017692885681045212,514.0,1.0148000437766314,384
590,100,7,89.09312205135424,0.8909312205135425,0.8909312205135425,15,7,11,11,114,0.021107552004503205,299.7142857142857,1.0460999910719693,651
591,100,6,89.0695873429036,0.890695873429036,0.890695873429036,19,5,14,14,112,0.02353470845034522,382.0,1.0918999905698001,564
592,100,5,89.05143484285779,0.8905143484285779,0.8905143484285779,17,5,13,13,110,0.01815250004557889,414.0,1.010199950542301,475
593,100,6,89.02983386001675,0.8902983386001675,0.8902983386001675,18,5,13,13,112,0.021600982840766392,378.0,1.0086999973282218,564
594,100,3,89.01839499226496,0.8901839499226496,0.8901839499226496,9,2,7,7,106,0.01143886775157199,724.0,0.9987999801523983,291
595,100,4,88.99827710257206,0.8899827710257207,0.8899827710257207,17,4,13,13,108,0.02011788969268835,514.0,1.0085999965667725,384
596,100,5,88.98249200274512,0.8898249200274512,0.8898249200274512,12,3,9,9,110,0.015785099826693738,580.6666666666666,1.0810999665409327,475
597,100,9,88.96174571556598,0.8896174571556599,0.8896174571556599,13,6,8,8,118,0.020746287178754486,234.0,0.7443000213243067,819
598,100,4,88.94381129261993,0.8894381129261992,0.8894381129261992,16,4,12,12,108,0.01793442294584402,514.0,0.9945000056177378,384
599,100,2,88.92836250335479,0.8892836250335479,0.8892836250335479,16,2,14,14,104,0.015448789264967289,1014.0,0.9809000184759498,196
600,100,5,88.91307685140964,0.8891307685140964,0.8891307685140964,12,4,9,9,110,0.015285651944902057,469.0,1.0782000026665628,475
601,100,8,88.89463646351366,0.8889463646351367,0.8889463646351367,11,4,8,8,116,0.018440387895646282,354.0,1.0515000321902335,736
602,100,5,88.8765600030692,0.888765600030692,0.888765600030692,16,5,12,12,110,0.018076460444213183,414.0,1.184099994134158,475
603,100,1,88.86491079416287,0.8886491079416287,0.8886491079416287,11,1,10,10,102,0.011649208906176156,2014.0,1.1192000238224864,99
604,100,3,88.85030078288983,0.8885030078288984,0.8885030078288984,14,3,11,11,106,0.014610011272873535,680.6666666666666,1.0932000004686415,291
605,100,3,88.83562442041767,0.8883562442041767,0.8883562442041767,12,3,10,10,106,0.014676362471973903,680.6666666666666,1.0754999821074307,291
606,100,2,88.8241020822873,0.8882410208228729,0.8882410208228729,7,1,6,6,104,0.011522338130196985,1654.0,1.1059999815188348,196
607,100,3,88.80943097701679,0.8880943097701679,0.8880943097701679,12,3,9,9,106,0.01467110527031501,680.6666666666666,1.0157999931834638,291
608,100,3,88.78928297302504,0.8878928297302504,0.8878928297302504,17,3,14,14,106,0.02014800399155625,680.6666666666666,1.0519000352360308,291
609,100,3,88.77072298748503,0.8877072298748503,0.8877072298748503,18,3,15,15,106,0.01855998553978999,680.6666666666666,1.0847999947145581,291
610,100,5,88.75303759088837,0.8875303759088837,0.8875303759088837,18,4,14,14,110,0.017685396596430536,484.0,1.0491999564692378,475
611,100,11,88.72649049693392,0.8872649049693392,0.8872649049693392,18,9,11,11,122,0.026547093954018663,209.55555555555554,0.9751999750733376,979
612,100,5,88.7060485242259,0.8870604852422591,0.8870604852422591,14,5,10,10,110,0.020441972707748945,414.0,0.763299991376698,475
613,100,4,88.68873935758478,0.8868873935758478,0.8868873935758478,18,2,16,16,108,0.017309166640922413,854.0,1.0568000143393874,384
614,100,9,88.66347563917803,0.8866347563917804,0.8866347563917804,20,7,13,13,118,0.025263718406378644,225.42857142857142,0.9643000084906816,819
615,100,3,88.64653764410703,0.8864653764410703,0.8864653764410703,15,3,13,13,106,0.016937995070813727,680.6666666666666,1.0634000063873827,291
616,100,9,88.6183632131241,0.886183632131241,0.886183632131241,24,7,18,18,118,0.028174430982565113,262.57142857142856,0.9905999759212136,819
617,100,5,88.59959624692291,0.8859959624692292,0.8859959624692292,14,3,12,12,110,0.018766966200930213,600.6666666666666,1.055200002156198,475
618,100,8,88.57313418015603,0.8857313418015603,0.8857313418015603,21,7,15,15,116,0.026462066766558934,271.14285714285717,0.9479000000283122,736
619,100,5,88.5528079875565,0.885528079875565,0.885528079875565,17,4,14,14,110,0.020326192599267046,474.0,0.9538999875076115,475
620,100,2,88.53805049488531,0.8853805049488531,0.8853805049488531,16,2,14,14,104,0.014757492671030548,1014.0,1.1067999876104295,196
621,100,4,88.51751267489098,0.8851751267489099,0.8851751267489099,19,4,15,15,108,0.020537819994078887,514.0,1.1276999721303582,384
622,100,1,88.50026655645075,0.8850026655645076,0.8850026655645076,20,1,20,20,102,0.017246118440102265,2014.0,1.0955999605357647,99
623,100,5,88.47943954451517,0.8847943954451517,0.8847943954451517,22,5,17,17,110,0.020827011935347528,414.0,1.0736000258475542,475
624,100,4,88.46167702876626,0.8846167702876626,0.8846167702876626,18,4,16,16,108,0.017762515748671603,514.0,1.0384999914094806,384
625,100,5,88.43885410389657,0.8843885410389657,0.8843885410389657,18,5,13,13,110,0.0228229248694376,414.0,0.9932999964803457,475
626,100,4,88.42209567904798,0.8842209567904799,0.8842209567904799,17,4,14,14,108,0.01675842484837453,514.0,1.000199990812689,384
627,100,5,88.40361302289514,0.8840361302289514,0.8840361302289514,17,3,14,14,110,0.018482656152590593,594.0,1.0569000151008368,475
628,100,5,88.3840289345222,0.8838402893452221,0.8838402893452221,17,5,12,12,110,0.01958408837268344,414.0,1.0502999648451805,475
629,100,3,88.36473590474652,0.8836473590474653,0.8836473590474653,23,3,20,20,106,0.019293029775498738,680.6666666666666,1.0441000340506434,291
630,100,6,88.34132485146944,0.8834132485146944,0.8834132485146944,18,4,15,15,112,0.023411053276793936,459.0,1.0268999612890184,564
631,100,8,88.31729922491458,0.8831729922491458,0.8831729922491458,18,6,14,14,116,0.024025626554527335,287.3333333333333,1.0269999620504677,736
632,100,2,88.3016538531832,0.8830165385318319,0.8830165385318319,16,2,14,14,104,0.015645371731217494,1014.0,1.0751999798230827,196
633,100,8,88.27947072009192,0.8827947072009192,0.8827947072009192,16,5,12,12,116,0.022183133090941,330.0,1.0016000014729798,736
634,100,6,88.26061976885292,0.8826061976885292,0.8826061976885292,19,5,14,14,112,0.01885095123873448,382.0,1.000499993097037,564
635,100,5,88.23798275519663,0.8823798275519663,0.8823798275519663,20,5,16,16,110,0.022637013656007454,414.0,1.0060000349767506,475
636,100,5,88.2207395928484,0.8822073959284841,0.8822073959284841,15,3,12,12,110,0.017243162347995167,540.6666666666666,0.9819000260904431,475
637,100,10,88.19528738116414,0.8819528738116413,0.8819528738116413,20,7,14,14,120,0.025452211683875348,248.28571428571428,0.8715000003576279,900
638,100,4,88.17385727854617,0.8817385727854616,0.8817385727854616,23,4,19,19,108,0.021430102617742364,514.0,1.1026000138372183,384
639,100,8,88.14677063178678,0.8814677063178677,0.8814677063178677,17,6,12,12,114,0.02708664675903627,257.3333333333333,1.0390999959781766,736
640,100,6,88.12806978793957,0.8812806978793957,0.8812806978793957,15,5,12,12,112,0.01870084384692028,346.0,1.2051999801769853,564
641,100,5,88.1080032148993,0.881080032148993,0.881080032148993,15,4,11,11,110,0.020066573040026014,499.0,1.0565000120550394,475
642,100,6,88.08882502140034,0.8808882502140034,0.8808882502140034,19,5,14,14,112,0.019178193498675,350.0,1.2110999668948352,564
643,100,5,88.06643300890852,0.8806643300890852,0.8806643300890852,22,5,18,18,110,0.0223920124915864,414.0,1.2202999787405133,475
644,100,10,88.04065872914758,0.8804065872914758,0.8804065872914758,19,6,14,14,120,0.02577427976052782,257.3333333333333,0.9481000015512109,900
645,100,8,88.01623292760328,0.8801623292760329,0.8801623292760329,17,6,12,12,116,0.024425801543968007,304.0,1.1414000182412565,736
646,100,3,88.0005492820348,0.880005492820348,0.880005492820348,15,3,13,13,106,0.015683645568298488,680.6666666666666,1.0509000276215374,291
647,100,5,87.9813475344345,0.8798134753443451,0.8798134753443451,14,4,11,11,110,0.01920174760004123,399.0,1.0692999931052327,475
648,100,6,87.96061697871721,0.8796061697871721,0.8796061697871721,16,6,11,11,112,0.020730555717001664,347.3333333333333,1.0111000156030059,564
649,100,6,87.93446053664172,0.8793446053664172,0.8793446053664172,25,6,19,19,112,0.026156442075215836,347.3333333333333,1.0159999947063625,564
650,100,5,87.91806114689658,0.8791806114689658,0.8791806114689658,14,4,10,10,110,0.016399389744888637,474.0,0.9744999697431922,475
651,100,3,87.90126989113685,0.8790126989113685,0.8790126989113685,12,3,9,9,106,0.016791255759539325,680.6666666666666,0.5231999675743282,291
652,100,6,87.8829466541526,0.878829466541526,0.878829466541526,14,4,11,11,112,0.018323236983958324,454.0,0.8275000145658851,564
653,100,4,87.86516603800862,0.8786516603800862,0.8786516603800862,14,4,10,10,108,0.017780616143761918,514.0,0.9612000430934131,384
654,100,5,87.84699154012273,0.8784699154012273,0.8784699154012273,14,4,10,10,110,0.0181744978856333,469.0,0.6978000164963305,475
655,100,2,87.8336750151838,0.878336750151838,0.878336750151838,10,2,9,9,104,0.013316524938776553,1014.0,1.0119000216946006,196
656,100,2,87.81917258872832,0.8781917258872832,0.8781917258872832,13,2,11,11,104,0.014502426455294426,1014.0,1.0024000075645745,196
657,100,3,87.80562965072939,0.8780562965072939,0.8780562965072939,12,2,10,10,106,0.013542937998757054,954.0,0.790799967944622,291
658,100,6,87.79066658519564,0.8779066658519564,0.8779066658519564,9,3,8,8,112,0.014963065533450504,420.6666666666667,0.950200017541647,564
659,100,4,87.77714095237368,0.8777714095237369,0.8777714095237369,11,2,9,9,108,0.0135256328217217,824.0,1.0053000296466053,384
660,100,6,87.7538541338949,0.877538541338949,0.877538541338949,16,5,11,11,112,0.02328681847852465,390.0,1.1127000325359404,564
661,100,3,87.74071706928524,0.8774071706928523,0.8774071706928523,10,2,8,8,106,0.013137064609468396,934.0,1.1559000122360885,291
662,100,3,87.72325168376938,0.8772325168376938,0.8772325168376938,15,3,12,12,106,0.017465385515677667,680.6666666666666,0.9520999738015234,291
663,100,8,87.70127082522312,0.8770127082522312,0.8770127082522312,16,5,12,12,116,0.021980858545907367,314.0,1.057000015862286,736
664,100,4,87.68779487569915,0.8768779487569915,0.8768779487569915,10,4,6,6,108,0.013475949523725106,514.0,1.120300032198429,384
665,100,6,87.67239566210951,0.876723956621095,0.876723956621095,8,3,5,5,112,0.015399213589372351,360.6666666666667,1.070900005288422,564
666,100,3,87.65507719108845,0.8765507719108845,0.8765507719108845,13,3,11,11,106,0.01731847102087336,680.6666666666666,1.0888000251725316,291
667,100,5,87.63634754346062,0.8763634754346061,0.8763634754346061,14,4,11,11,110,0.018729647627585777,414.0,0.5736000020988286,475
668,100,7,87.61843222836099,0.8761843222836099,0.8761843222836099,10,3,8,8,114,0.017915315099330087,347.3333333333333,0.5443000118248165,651
669,100,7,87.59604072745978,0.8759604072745978,0.8759604072745978,16,6,10,10,114,0.022391500900859285,304.0,0.9200000204145908,651
670,100,6,87.57810646773318,0.8757810646773317,0.8757810646773317,13,5,9,9,112,0.01793425972634921,390.0,1.0500999633222818,564
671,100,4,87.56469856805377,0.8756469856805377,0.8756469856805377,7,3,6,6,108,0.013407899679176438,427.3333333333333,0.9962000185623765,384
672,100,4,87.55196979842205,0.8755196979842205,0.8755196979842205,9,2,7,7,108,0.012728769631479508,824.0,1.0076999897137284,384
673,100,6,87.53501197409831,0.8753501197409831,0.8753501197409831,13,4,9,9,112,0.01695782432348203,399.0,1.0228999890387058,564
674,100,2,87.51708086352247,0.8751708086352247,0.8751708086352247,15,2,14,14,104,0.01793111057565966,1014.0,1.0736000258475542,196
675,100,5,87.49963598785133,0.8749963598785133,0.8749963598785133,12,4,9,9,110,0.017444875670880933,454.0,1.0097000049427152,475
676,100,6,87.48302082694504,0.8748302082694503,0.8748302082694503,12,4,8,8,112,0.016615160906026105,439.0,0.9623999940231442,564
677,100,6,87.46456839504796,0.8746456839504796,0.8746456839504796,13,5,9,9,112,0.018452431896793797,366.0,0.9582999628037214,564
678,100,3,87.45063855736038,0.8745063855736038,0.8745063855736038,13,3,11,11,106,0.013929837687372881,680.6666666666666,0.9517999715171754,291
679,100,6,87.43356049887767,0.8743356049887767,0.8743356049887767,13,5,8,8,112,0.017078058482436376,406.0,0.9606999810785055,564
680,100,7,87.4125276845463,0.874125276845463,0.874125276845463,14,5,9,9,114,0.021032814331062966,370.0,1.0938000050373375,651
681,100,7,87.39087978937295,0.8739087978937294,0.8739087978937294,17,7,10,10,114,0.021647895173064313,299.7142857142857,1.0579000227153301,651
682,100,6,87.37166095281519,0.8737166095281519,0.8737166095281519,17,6,11,11,112,0.019218836557433505,347.3333333333333,1.000799995381385,564
683,100,4,87.35641720698143,0.8735641720698143,0.8735641720698143,14,3,12,12,108,0.015243745833558364,634.0,1.0587999713607132,384
684,100,7,87.33703195804304,0.8733703195804304,0.8733703195804304,15,5,11,11,114,0.01938524893806637,370.0,1.0495000169612467,651
685,100,0,87.31946002766048,0.8731946002766048,0.8731946002766048,10,10,10,10,0,0.017571930382553447,17.0,0.16949995188042521,0
686,100,4,87.30313522639483,0.8730313522639483,0.8730313522639483,14,3,13,13,108,0.01632480126546021,654.0,1.0584000265225768,384
687,100,5,87.28287012975606,0.8728287012975606,0.8728287012975606,16,4,12,12,110,0.02026509663851428,439.0,1.034799963235855,475
688,100,7,87.25943617987119,0.8725943617987119,0.8725943617987119,16,5,12,12,114,0.023433949884566374,370.0,0.985399994533509,651
689,100,8,87.23954984284741,0.8723954984284741,0.8723954984284741,16,5,11,11,116,0.0198863370234168,314.0,0.9994999854825437,736
690,100,1,87.22641620192475,0.8722641620192475,0.8722641620192475,12,1,11,11,102,0.013133640922541545,2014.0,1.0488000116311014,99
691,100,8,87.2024874847277,0.872024874847277,0.872024874847277,15,6,9,9,116,0.023928717196705307,287.3333333333333,0.977999996393919,736
692,100,5,87.18256956768138,0.8718256956768138,0.8718256956768138,16,4,13,13,110,0.019917917046068823,494.0,0.991599983535707,475
693,100,2,87.1690351477432,0.871690351477432,0.871690351477432,13,2,11,11,104,0.01353441993801141,1014.0,1.1355000315234065,196
694,100,3,87.15460735496153,0.8715460735496152,0.8715460735496152,11,3,8,8,106,0.014427792781466664,680.6666666666666,1.0593999759294093,291
695,100,4,87.1373446000676,0.8713734460006761,0.8713734460006761,12,2,11,11,108,0.01726275489373741,914.0,0.9963000193238258,384
696,100,3,87.12452800902712,0.8712452800902711,0.8712452800902711,9,3,6,6,106,0.012816591040277103,680.6666666666666,1.02240004343912,291
697,100,7,87.10455677900639,0.8710455677900639,0.8710455677900639,15,6,9,9,114,0.019971230020413344,320.6666666666667,0.9917999850586057,651
698,100,6,87.08658134893155,0.8708658134893155,0.8708658134893155,9,4,5,5,112,0.01797543007454827,429.0,0.9941000025719404,564
699,100,6,87.06818348448822,0.8706818348448822,0.8706818348448822,17,5,12,12,112,0.01839786444307201,382.0,1.0608999873511493,564
700,100,6,87.04960832039846,0.8704960832039846,0.8704960832039846,15,4,12,12,112,0.018575164089458696,414.0,1.2055999832227826,564
701,100,5,87.03132666341243,0.8703132666341243,0.8703132666341243,13,3,10,10,110,0.018281656985775996,627.3333333333334,1.214900054037571,475
702,100,3,87.01727003363912,0.8701727003363913,0.8701727003363913,14,3,11,11,106,0.014056629773119056,680.6666666666666,1.213699986692518,291
703,100,8,86.99604444912693,0.8699604444912693,0.8699604444912693,14,6,8,8,116,0.02122558451186407,314.0,0.9949000086635351,736
704,100,4,86.98066979401445,0.8698066979401444,0.8698066979401444,14,4,10,10,108,0.01537465511225733,514.0,1.0928999981842935,384
705,100,3,86.9652292461441,0.869652292461441,0.869652292461441,14,3,12,12,106,0.015440547870154475,680.6666666666666,1.0674999793991446,291
706,100,8,86.94007329839985,0.8694007329839986,0.8694007329839986,16,5,11,11,116,0.025155947743904505,358.0,1.054599997587502,736
707,100,4,86.92537986694755,0.8692537986694755,0.8692537986694755,13,4,10,10,108,0.014693431452071692,514.0,1.0156999924220145,384
708,100,6,86.90911642050067,0.8690911642050066,0.8690911642050066,9,3,7,7,112,0.01626344644659916,420.6666666666667,1.0568999568931758,564
709,100,3,86.89363653306576,0.8689363653306575,0.8689363653306575,13,3,11,11,106,0.015479887434704409,680.6666666666666,0.9972999687306583,291
710,100,5,86.87599789407894,0.8687599789407894,0.8687599789407894,12,3,10,10,110,0.0176386389865808,560.6666666666666,1.0076999897137284,475
711,100,6,86.85630460446329,0.8685630460446329,0.8685630460446329,13,4,10,10,112,0.019693289615368315,444.0,0.9924000478349626,564
712,100,3,86.84070042697998,0.8684070042697998,0.8684070042697998,17,3,14,14,106,0.015604177483115933,680.6666666666666,0.9945000056177378,291
713,100,3,86.82510899494238,0.8682510899494238,0.8682510899494238,10,3,7,7,106,0.01559143203741975,680.6666666666666,0.9180000051856041,291
714,100,5,86.80528570545474,0.8680528570545474,0.8680528570545474,14,5,9,9,110,0.01982328948739287,414.0,1.1935000075027347,475
715,100,5,86.78924296113472,0.8678924296113472,0.8678924296113472,12,3,9,9,110,0.01604274431975128,520.6666666666666,1.0937000042758882,475
716,100,9,86.76499150959756,0.8676499150959757,0.8676499150959757,18,7,11,11,118,0.02425145153680397,222.57142857142858,0.9777999948710203,819
717,100,6,86.74200773877637,0.8674200773877636,0.8674200773877636,17,5,13,13,112,0.0229837708209093,394.0,1.0099999490194023,564
718,100,3,86.7256461228059,0.867256461228059,0.867256461228059,15,3,12,12,106,0.01636161597026664,680.6666666666666,0.9646000107750297,291
719,100,5,86.70653994871661,0.8670653994871661,0.8670653994871661,13,4,9,9,110,0.01910617408902482,349.0,0.804400013294071,475
720,100,4,86.68977361601652,0.8668977361601652,0.8668977361601652,12,4,10,10,108,0.016766332699846842,514.0,1.110200013499707,384
721,100,2,86.67622183516146,0.8667622183516146,0.8667622183516146,13,2,11,11,104,0.013551780854921702,1014.0,1.1298000463284552,196
722,100,4,86.65971376532751,0.8665971376532751,0.8665971376532751,11,3,8,8,108,0.01650806983372277,634.0,1.0793000110425055,384
723,100,7,86.63708565899547,0.8663708565899547,0.8663708565899547,19,6,15,15,114,0.02262810633172485,327.3333333333333,1.0680999839678407,651
724,100,7,86.61684125618875,0.8661684125618875,0.8661684125618875,10,5,7,7,114,0.020244402806417483,374.0,1.1863999534398317,651
725,100,1,86.60576153043922,0.8660576153043923,0.8660576153043923,11,1,10,10,102,0.01107972574940952,2014.0,1.1078999959863722,99
726,100,5,86.582278347158,0.8658227834715799,0.8658227834715799,15,5,11,11,110,0.02348318328097676,414.0,1.0313999955542386,475
727,100,1,86.56996263117804,0.8656996263117804,0.8656996263117804,12,1,11,11,102,0.012315715979822173,2014.0,1.0510999709367752,99
728,100,7,86.548413105849,0.86548413105849,0.86548413105849,17,5,12,12,112,0.021549525328719454,386.0,1.0197999654337764,651
729,100,5,86.52785510590205,0.8652785510590205,0.8652785510590205,15,5,10,10,110,0.02055799994669094,414.0,0.687599997036159,475
730,100,5,86.50763809832009,0.8650763809832008,0.8650763809832008,18,5,13,13,110,0.02021700758172429,414.0,1.0791999520733953,475
731,100,3,86.49189305989644,0.8649189305989644,0.8649189305989644,15,3,12,12,106,0.015745038423446545,680.6666666666666,1.0310999932698905,291
732,100,3,86.48038593778436,0.8648038593778437,0.8648038593778437,9,3,6,6,106,0.011507122111858337,680.6666666666666,1.0375000420026481,291
733,100,8,86.45926105856711,0.864592610585671,0.864592610585671,14,7,10,10,116,0.021124879216918302,265.42857142857144,1.0141999810002744,736
734,100,9,86.43477051017622,0.8643477051017622,0.8643477051017622,20,7,14,14,118,0.024490548390554423,245.42857142857142,0.9775000507943332,819
735,100,6,86.41510059241824,0.8641510059241824,0.8641510059241824,17,5,12,12,112,0.01966991775768001,386.0,0.8345999522134662,564
736,100,8,86.3936162944132,0.8639361629441321,0.8639361629441321,13,6,8,8,116,0.021484298004734725,300.6666666666667,0.9825000306591392,736
737,100,4,86.37607024789129,0.8637607024789129,0.8637607024789129,15,4,12,12,108,0.017546046521651704,514.0,0.9845999884419143,384
738,100,6,86.35542789429209,0.8635542789429209,0.8635542789429209,19,6,14,14,112,0.020642353598931962,347.3333333333333,0.9419000125490129,564
739,100,5,86.33875884829469,0.8633875884829468,0.8633875884829468,14,4,10,10,110,0.016669045997161902,429.0,0.957900017965585,475
740,100,5,86.32011627050315,0.8632011627050314,0.8632011627050314,18,5,14,14,110,0.018642577791274206,414.0,0.9858999983407557,475
741,100,4,86.30021002940802,0.8630021002940802,0.8630021002940802,17,4,14,14,108,0.019906241094931332,514.0,1.0912999860011041,384
742,100,3,86.2859957382863,0.862859957382863,0.862859957382863,13,3,10,10,106,0.014214291121492195,680.6666666666666,1.060199982021004,291
743,100,4,86.27206306296712,0.8627206306296712,0.8627206306296712,8,3,6,6,108,0.01393267531898168,594.0,1.0448999819345772,384
744,100,6,86.25444328500043,0.8625444328500044,0.8625444328500044,12,4,8,8,112,0.017619777966380923,434.0,1.0574000189080834,564
745,100,3,86.23928270014058,0.8623928270014057,0.8623928270014057,14,3,11,11,106,0.015160584859687631,680.6666666666666,1.310099964030087,291
746,100,5,86.22144135509637,0.8622144135509637,0.8622144135509637,17,4,13,13,110,0.01784134504392121,484.0,1.0115000186488032,475
747,100,8,86.19806299156501,0.86198062991565,0.86198062991565,14,6,10,10,116,0.02337836353103029,274.0,0.4878999898210168,736
748,100,5,86.18418485839845,0.8618418485839845,0.8618418485839845,9,3,7,7,110,0.013878133166318918,500.6666666666667,0.564300047699362,475
749,100,6,86.16185802116539,0.8616185802116538,0.8616185802116538,12,5,8,8,112,0.022326837232766295,374.0,0.533799990080297,564
750,100,4,86.14681663338533,0.8614681663338533,0.8614681663338533,11,4,8,8,108,0.015041387779842097,514.0,1.1351000284776092,384
751,100,5,86.12928956109197,0.8612928956109197,0.8612928956109197,14,3,11,11,110,0.01752707229310957,540.6666666666666,1.119100023061037,475
752,100,1,86.11766804996813,0.8611766804996813,0.8611766804996813,11,1,10,10,102,0.01162151112372456,2014.0,0.7341000018641353,99
753,100,5,86.09632209291442,0.8609632209291442,0.8609632209291442,18,5,13,13,110,0.021345957053449993,414.0,0.48909999895840883,475
754,100,3,86.0778850862986,0.8607788508629859,0.8607788508629859,15,3,12,12,106,0.018437006615608098,680.6666666666666,0.7159000379033387,291
755,100,3,86.06241127541428,0.8606241127541427,0.8606241127541427,16,3,13,13,106,0.015473810884124362,680.6666666666666,0.9731999598443508,291
756,100,9,86.03667232980344,0.8603667232980343,0.8603667232980343,21,7,16,16,118,0.025738945610486397,251.14285714285714,0.9400999988429248,819
757,100,9,86.00978852889716,0.8600978852889716,0.8600978852889716,19,7,13,13,118,0.026883800905906696,259.7142857142857,0.9061000309884548,819
758,100,6,85.9829795895027,0.8598297958950271,0.8598297958950271,21,6,16,16,112,0.026808939394166842,347.3333333333333,0.9627999970689416,564
759,100,6,85.96046668845408,0.8596046668845407,0.8596046668845407,21,5,16,16,112,0.022512901048354905,338.0,0.9314999915659428,564
760,100,3,85.94401292442123,0.8594401292442123,0.8594401292442123,14,3,11,11,106,0.016453764032643647,680.6666666666666,1.0664999717846513,291
761,100,1,85.93318959158691,0.8593318959158691,0.8593318959158691,10,1,9,9,102,0.010823332834206667,2014.0,1.011099957395345,99
762,100,6,85.91546905527213,0.8591546905527213,0.8591546905527213,12,5,8,8,112,0.01772053631449033,346.0,1.0261000134050846,564
763,100,4,85.89300180709007,0.8589300180709007,0.8589300180709007,20,4,16,16,108,0.02246724818185264,514.0,1.0242999996989965,384
764,100,5,85.87479285094416,0.8587479285094416,0.8587479285094416,14,4,10,10,110,0.018208956145652877,444.0,1.054599997587502,475
765,100,13,85.84560805771946,0.8584560805771946,0.8584560805771946,22,7,16,16,124,0.029184793224205308,225.42857142857142,0.9829999762587249,1131
766,100,0,85.82511388649321,0.8582511388649321,0.8582511388649321,14,14,14,14,0,0.020494171226271618,17.0,0.1613000058569014,0
767,100,8,85.80042525444404,0.8580042525444403,0.8580042525444403,22,6,16,16,116,0.02468863204885352,304.0,1.0177000076510012,736
768,100,4,85.78282058822276,0.8578282058822276,0.8578282058822276,20,3,18,18,108,0.0176046662210414,600.6666666666666,1.075899985153228,384
769,100,7,85.7634439003211,0.8576344390032111,0.8576344390032111,14,4,11,11,114,0.019376687901345946,404.0,1.0354999685660005,651
770,100,5,85.7431470390818,0.857431470390818,0.857431470390818,18,4,15,15,110,0.02029686123904817,479.0,1.0356999700888991,475
771,100,6,85.72002058951851,0.8572002058951851,0.8572002058951851,19,6,14,14,112,0.023126449563019236,347.3333333333333,0.9812000207602978,564
772,100,3,85.70205661978606,0.8570205661978606,0.8570205661978606,14,2,12,12,106,0.01796396973221981,984.0,1.0218999814242125,291
773,100,6,85.67765004834793,0.8567765004834793,0.8567765004834793,17,6,13,13,112,0.024406571437875613,347.3333333333333,1.2378999963402748,564
774,100,7,85.65565266120025,0.8565565266120025,0.8565565266120025,13,5,9,9,114,0.021997387147338898,326.0,1.0126999695785344,651
775,100,4,85.63962638524384,0.8563962638524384,0.8563962638524384,14,3,11,11,108,0.016026275956212643,654.0,1.0242000571452081,384
776,100,1,85.62542859056627,0.8562542859056628,0.8562542859056628,15,1,14,14,102,0.014197794677423659,2014.0,0.9916999842971563,99
777,100,7,85.6022987207436,0.8560229872074361,0.8560229872074361,20,6,16,16,114,0.023129869822373195,300.6666666666667,0.9494000114500523,651
778,100,5,85.58218788531882,0.8558218788531882,0.8558218788531882,15,5,12,12,110,0.02011083542451253,414.0,1.076799992006272,475
779,100,5,85.56343521762822,0.8556343521762823,0.8556343521762823,15,4,12,12,110,0.018752667690328906,439.0,0.991599983535707,475
780,100,3,85.54339254625005,0.8554339254625005,0.8554339254625005,17,3,15,15,106,0.02004267137800042,680.6666666666666,1.0934000019915402,291
781,100,3,85.5258177858204,0.8552581778582039,0.8552581778582039,14,3,11,11,106,0.017574760429480918,680.6666666666666,1.0893000289797783,291
782,100,4,85.50952470098197,0.8550952470098196,0.8550952470098196,16,3,13,13,108,0.016293084838192584,634.0,1.0840000468306243,384
783,100,4,85.49121348096193,0.8549121348096194,0.8549121348096194,17,4,13,13,108,0.018311220019789687,514.0,1.1014999472536147,384
784,100,3,85.47180669360456,0.8547180669360457,0.8547180669360457,20,2,19,19,106,0.019406787357205246,894.0,0.46770001063123345,291
785,100,3,85.45677668016414,0.8545677668016414,0.8545677668016414,15,3,12,12,106,0.015030013440204826,680.6666666666666,0.568699964787811,291
786,100,9,85.43524018435565,0.8543524018435565,0.8543524018435565,14,6,11,11,118,0.021536495808158307,287.3333333333333,0.8226000354625285,819
787,100,5,85.41367425898017,0.8541367425898017,0.8541367425898017,24,5,21,21,110,0.021565925375217176,414.0,1.0894000297412276,475
788,100,6,85.39063067501056,0.8539063067501056,0.8539063067501056,18,5,14,14,112,0.023043583969322157,386.0,1.0283999727107584,564
789,100,9,85.3645946147366,0.853645946147366,0.853645946147366,19,7,14,14,118,0.026036060273586514,265.42857142857144,1.05050002457574,819
790,100,3,85.34704217904456,0.8534704217904456,0.8534704217904456,18,3,15,15,106,0.01755243569184195,680.6666666666666,1.0720000136643648,291
791,100,4,85.32753103489331,0.8532753103489331,0.8532753103489331,18,4,14,14,108,0.01951114415103028,514.0,1.003699959255755,384
792,100,4,85.3094817847846,0.8530948178478459,0.8530948178478459,16,4,14,14,108,0.01804925010850411,514.0,1.0458999895490706,384
793,100,8,85.28438374570716,0.8528438374570716,0.8528438374570716,24,7,18,18,116,0.025098039077079193,268.2857142857143,0.9831999777816236,736
794,100,7,85.25505694188905,0.8525505694188905,0.8525505694188905,26,7,20,20,114,0.029326803817808056,299.7142857142857,1.018800016026944,651
795,100,2,85.24230781131931,0.8524230781131931,0.8524230781131931,13,2,11,11,104,0.012749130569558176,1014.0,1.0653999634087086,196
796,100,9,85.21285414427713,0.8521285414427713,0.8521285414427713,20,9,13,13,118,0.029453667041826392,236.22222222222223,0.9536999859847128,819
797,100,4,85.19648870078576,0.8519648870078577,0.8519648870078577,16,3,13,13,108,0.01636544349113933,600.6666666666666,0.9646000107750297,384
798,100,5,85.1815154442063,0.851815154442063,0.851815154442063,12,3,9,9,110,0.014973256579217775,500.6666666666667,0.8839999791234732,475
799,100,5,85.16113993091231,0.8516113993091231,0.8516113993091231,15,5,11,11,110,0.020375513293734215,414.0,0.8812000160105526,475
800,100,4,85.14418159677737,0.8514418159677737,0.8514418159677737,15,3,12,12,108,0.01695833413470993,540.6666666666666,1.039499999023974,384
801,100,4,85.12702735558774,0.8512702735558775,0.8512702735558775,15,4,11,11,108,0.01715424118941833,514.0,1.0072000441141427,384
802,100,3,85.10982682566815,0.8510982682566816,0.8510982682566816,16,3,13,13,106,0.01720052991939447,680.6666666666666,1.083299983292818,291
803,100,4,85.09193707281705,0.8509193707281705,0.8509193707281705,17,4,13,13,108,0.017889752850891227,514.0,1.0616000508889556,384
804,100,8,85.0630716915765,0.850630716915765,0.850630716915765,22,7,17,17,116,0.028865381240208876,291.14285714285717,1.0360999731346965,736
805,100,6,85.0411104512379,0.850411104512379,0.850411104512379,17,6,14,14,112,0.021961240338313814,347.3333333333333,1.1062999838031828,564
806,100,5,85.01775308903586,0.8501775308903586,0.8501775308903586,20,5,15,15,110,0.023357362201767984,414.0,1.076200045645237,475
807,100,7,84.99542046938713,0.8499542046938713,0.8499542046938713,19,4,16,16,114,0.022332619648441465,414.0,1.0692000505514443,651
808,100,7,84.97325547442357,0.8497325547442357,0.8497325547442357,16,5,12,12,114,0.02216499496325497,354.0,1.0603000409901142,651
809,100,5,84.9546053255137,0.849546053255137,0.849546053255137,14,4,12,12,110,0.01865014890963579,489.0,1.0162999969907105,475
810,100,4,84.93475252902088,0.8493475252902088,0.8493475252902088,22,4,18,18,108,0.01985279649257876,514.0,0.9496000129729509,384
811,100,7,84.90681706955621,0.8490681706955621,0.8490681706955621,24,7,18,18,114,0.027935459464361045,299.7142857142857,0.9840999846346676,651
812,100,3,84.88975080215003,0.8488975080215003,0.8488975080215003,18,2,16,16,106,0.017066267405976276,994.0,0.9971000254154205,291
813,100,6,84.86867919154706,0.8486867919154706,0.8486867919154706,17,6,12,12,112,0.021071610602703572,347.3333333333333,1.0019000037573278,564
814,100,4,84.85381776889267,0.8485381776889267,0.8485381776889267,14,3,11,11,108,0.014861422654147916,614.0,0.9660999639891088,384
815,100,4,84.83562361546005,0.8483562361546005,0.8483562361546005,20,4,16,16,108,0.018194153432375515,514.0,0.8728000102564692,384
816,100,4,84.81595575635738,0.8481595575635739,0.8481595575635739,19,4,15,15,108,0.019667859102453278,514.0,1.0588000295683742,384
817,100,5,84.80072429468235,0.8480072429468235,0.8480072429468235,10,3,8,8,110,0.015231461674776625,427.3333333333333,0.9810000192373991,475
818,100,6,84.7782155395455,0.847782155395455,0.847782155395455,19,5,14,14,112,0.022508755136582792,382.0,0.9340000106021762,564
819,100,4,84.76122240270168,0.8476122240270167,0.8476122240270167,16,3,15,15,108,0.01699313684358117,534.0,1.0030000121332705,384
820,100,8,84.73987472099968,0.8473987472099967,0.8473987472099967,18,6,13,13,116,0.021347681701666232,290.6666666666667,1.055500004440546,736
821,100,6,84.71783187558125,0.8471783187558125,0.8471783187558125,20,5,17,17,112,0.022042845418159374,382.0,1.033000007737428,564
822,100,2,84.70073700065461,0.8470073700065461,0.8470073700065461,12,2,11,11,104,0.017094874926476322,1014.0,1.0698999976739287,196
823,100,6,84.67916235602992,0.8467916235602992,0.8467916235602992,18,6,12,12,112,0.021574644624399397,347.3333333333333,1.006999984383583,564
824,100,4,84.65888651541977,0.8465888651541976,0.8465888651541976,16,4,12,12,108,0.020275840609947693,514.0,1.0003999923355877,384
825,100,4,84.63664243603685,0.8463664243603685,0.8463664243603685,21,4,17,17,108,0.022244079382682358,514.0,1.2596999877132475,384
826,100,6,84.61653155752145,0.8461653155752146,0.8461653155752146,16,4,13,13,112,0.020110878515096076,454.0,0.7733000093139708,564
827,100,6,84.59514417142442,0.8459514417142442,0.8459514417142442,19,5,14,14,112,0.021387386096771266,366.0,1.0196000221185386,564
828,100,7,84.57016098127782,0.8457016098127782,0.8457016098127782,21,6,15,15,114,0.024983190146267376,334.0,1.0119000216946006,651
829,100,2,84.55730597580765,0.8455730597580765,0.8455730597580765,14,2,12,12,104,0.012855005470038705,1014.0,1.0911999852396548,196
830,100,5,84.53337184652811,0.8453337184652812,0.8453337184652812,22,4,20,20,110,0.023934129279272298,494.0,1.0566000128164887,475
831,100,4,84.51035780681919,0.8451035780681919,0.8451035780681919,25,4,21,21,108,0.023014039708689538,514.0,1.0310999932698905,384
832,100,5,84.49166194234382,0.8449166194234382,0.8449166194234382,20,4,18,18,110,0.01869586447512006,479.0,0.6056000129319727,475
833,100,5,84.46569475837826,0.8446569475837826,0.8446569475837826,30,5,25,25,110,0.025967183965288854,414.0,0.4556000349111855,475
834,100,5,84.44474558232774,0.8444474558232774,0.8444474558232774,21,4,17,17,110,0.02094917605027824,459.0,0.5479000392369926,475
835,100,5,84.42063135243512,0.8442063135243513,0.8442063135243513,27,5,22,22,110,0.02411422989236911,414.0,0.5574999959208071,475
836,100,6,84.40120846268,0.8440120846268,0.8440120846268,19,4,18,18,112,0.01942288975483386,414.0,0.7460999768227339,564
837,100,4,84.37988182434611,0.8437988182434611,0.8437988182434611,20,4,17,17,108,0.021326638333690084,514.0,0.9607999818399549,384
838,100,6,84.3599992645883,0.8435999926458829,0.8435999926458829,18,4,14,14,112,0.01988255975751585,444.0,0.9274000185541809,564
839,100,4,84.34355440969728,0.8434355440969727,0.8434355440969727,16,4,12,12,108,0.016444854890794502,514.0,0.9512999677099288,384
840,100,2,84.32795972810068,0.8432795972810068,0.8432795972810068,18,2,16,16,104,0.015594681596438065,1014.0,1.130899996496737,196
841,100,5,84.30313055910558,0.8430313055910559,0.8430313055910559,21,5,17,17,110,0.024829168994832784,414.0,1.0808000224642456,475
842,100,5,84.27998473305787,0.8427998473305788,0.8427998473305788,25,5,21,21,110,0.023145826047473506,414.0,1.3167000142857432,475
843,100,3,84.26373590141642,0.8426373590141643,0.8426373590141643,19,3,17,17,106,0.016248831641265227,680.6666666666666,1.1526000453159213,291
844,100,7,84.23740741235699,0.8423740741235699,0.8423740741235699,20,7,15,15,114,0.026328489059118,299.7142857142857,1.1317000025883317,651
845,100,5,84.22017146438634,0.8422017146438634,0.8422017146438634,17,4,13,13,110,0.017235947970377197,499.0,1.1778000043705106,475
846,100,6,84.19599611029878,0.8419599611029878,0.8419599611029878,23,5,21,21,112,0.024175354087297762,386.0,1.061699993442744,564
847,100,1,84.1770861073837,0.841770861073837,0.841770861073837,13,1,12,12,102,0.01891000291495537,2014.0,1.2102000182494521,99
848,100,1,84.16219718394761,0.8416219718394761,0.8416219718394761,17,1,16,16,102,0.014888923435927737,2014.0,1.1728000245057046,99
849,100,5,84.14089383562748,0.8414089383562748,0.8414089383562748,21,5,16,16,110,0.021303348319898774,414.0,1.1508999741636217,475
850,100,5,84.11220419961863,0.8411220419961863,0.8411220419961863,25,5,22,22,110,0.028689636008577324,414.0,1.1050000321120024,475
851,100,8,84.09259543552446,0.8409259543552445,0.8409259543552445,16,4,12,12,116,0.019608764093828057,389.0,1.119700027629733,736
852,100,7,84.07061624093161,0.8407061624093162,0.8407061624093162,17,5,12,12,114,0.021979194592550044,342.0,1.1249000090174377,651
853,100,4,84.05270479438705,0.8405270479438706,0.8405270479438706,18,4,14,14,108,0.01791144654433907,514.0,1.1789000127464533,384
854,100,2,84.03559126134394,0.8403559126134393,0.8403559126134393,22,2,20,20,104,0.01711353304291663,1014.0,1.1295000440441072,196
855,100,6,84.01084934944748,0.8401084934944748,0.8401084934944748,25,6,21,21,112,0.024741911896198232,347.3333333333333,1.1121999705210328,564
856,100,1,83.99468416535794,0.8399468416535794,0.8399468416535794,14,1,14,14,102,0.01616518408940415,2014.0,1.01940002059564,99
857,100,7,83.96813676453071,0.8396813676453071,0.8396813676453071,23,7,17,17,114,0.02654740082692797,299.7142857142857,0.997499970253557,651
858,100,10,83.94019792443086,0.8394019792443086,0.8394019792443086,25,7,21,21,120,0.027938840099469786,225.42857142857142,0.9127000230364501,900
859,100,10,83.9104815959229,0.839104815959229,0.839104815959229,21,8,15,15,120,0.029716328507578993,239.0,0.9128000237978995,900
860,100,4,83.88948594821024,0.8388948594821024,0.8388948594821024,20,4,16,16,108,0.02099564771241802,514.0,1.0785000049509108,384
861,100,3,83.87236555504602,0.8387236555504601,0.8387236555504601,15,3,12,12,106,0.017120393164045566,680.6666666666666,1.1418000212870538,291
862,100,4,83.85035520803847,0.8385035520803846,0.8385035520803846,20,4,17,17,108,0.02201034700732052,514.0,1.0797000140883029,384
863,100,3,83.82957921878747,0.8382957921878748,0.8382957921878748,23,3,20,20,106,0.020775989250765292,680.6666666666666,1.1475000064820051,291
864,100,8,83.8071496010122,0.838071496010122,0.838071496010122,21,7,15,15,116,0.022429617774957222,294.0,1.027099962811917,736
865,100,5,83.78760503899542,0.8378760503899543,0.8378760503899543,21,4,17,17,110,0.019544562016530875,489.0,1.058699970599264,475
866,100,4,83.76720371751202,0.8376720371751202,0.8376720371751202,20,4,16,16,108,0.02040132148318463,514.0,1.0586000280454755,384
867,100,9,83.73810919433777,0.8373810919433776,0.8373810919433776,21,7,15,15,118,0.029094523173867515,242.57142857142858,1.0029999539256096,819
868,100,4,83.7215055975434,0.837215055975434,0.837215055975434,16,4,13,13,108,0.016603596794162456,514.0,1.0297999833710492,384
869,100,3,83.70371338916442,0.8370371338916442,0.8370371338916442,20,3,17,17,106,0.017792208378775598,680.6666666666666,1.0484999511390924,291
870,100,7,83.67638232106697,0.8367638232106697,0.8367638232106697,23,7,18,18,114,0.02733106809712993,299.7142857142857,0.9969000238925219,651
871,100,6,83.65430028622107,0.8365430028622107,0.8365430028622107,20,5,15,15,112,0.022082034845613663,394.0,1.0425999644212425,564
872,100,6,83.63351772742739,0.8363351772742739,0.8363351772742739,18,6,14,14,112,0.02078255879341029,347.3333333333333,0.9603999787941575,564
873,100,4,83.61721057947541,0.8361721057947541,0.8361721057947541,14,4,10,10,108,0.016307147951778234,514.0,0.9860999998636544,384
874,100,5,83.59523835208094,0.8359523835208094,0.8359523835208094,17,4,13,13,110,0.021972227394183363,499.0,0.9149000397883356,475
875,100,8,83.56698855738105,0.8356698855738105,0.8356698855738105,22,7,18,18,116,0.02824979469955835,288.2857142857143,0.9110000100918114,736
876,100,5,83.54796132071108,0.8354796132071108,0.8354796132071108,17,5,12,12,110,0.019027236669700187,414.0,0.9854999952949584,475
877,100,2,83.53144486546528,0.8353144486546528,0.8353144486546528,21,2,19,19,104,0.01651645524566092,1014.0,1.0031000128947198,196
878,100,6,83.5113737602562,0.835113737602562,0.835113737602562,20,5,16,16,112,0.0200711052087712,398.0,0.923599989619106,564
879,100,4,83.49263494085884,0.8349263494085883,0.8349263494085883,19,3,16,16,108,0.01873881939717137,600.6666666666666,0.9717999491840601,384
880,100,4,83.47323496852813,0.8347323496852813,0.8347323496852813,22,4,18,18,108,0.019399972330447213,514.0,1.0784000041894615,384
881,100,7,83.44979781605937,0.8344979781605937,0.8344979781605937,23,6,18,18,112,0.023437152468499534,344.0,1.055200002156198,651
882,100,7,83.42227267029436,0.8342227267029436,0.8342227267029436,26,7,20,20,114,0.027525145764695225,299.7142857142857,1.1245000059716403,651
883,100,4,83.40581151659822,0.8340581151659822,0.8340581151659822,16,4,12,12,108,0.016461153695900066,514.0,1.0833999840542674,384
884,100,3,83.38738820979357,0.8338738820979357,0.8338738820979357,18,3,15,15,106,0.0184233068044648,680.6666666666666,1.1006999993696809,291
885,100,4,83.36887097165038,0.8336887097165038,0.8336887097165038,16,4,14,14,108,0.01851723814296946,514.0,1.0650999611243606,384
886,100,6,83.35108913128218,0.8335108913128217,0.8335108913128217,15,4,11,11,112,0.01778184036790975,384.0,1.06380000943318,564
887,100,8,83.32520053607482,0.8332520053607482,0.8332520053607482,19,7,14,14,116,0.025888595207014475,285.42857142857144,1.014400040730834,736
888,100,3,83.30832443425415,0.8330832443425414,0.8330832443425414,15,3,13,13,106,0.016876101820468392,680.6666666666666,1.0320000001229346,291
889,100,5,83.28848118754271,0.8328848118754272,0.8328848118754272,16,5,11,11,110,0.019843246711200635,414.0,1.0646999580785632,475
890,100,2,83.27405178513776,0.8327405178513776,0.8327405178513776,14,2,13,13,104,0.014429402404807945,1014.0,1.0357999708503485,196
891,100,6,83.25847128216161,0.8325847128216161,0.8325847128216161,12,4,8,8,112,0.015580502975858224,424.0,1.042200019583106,564
892,100,4,83.24528619313175,0.8324528619313175,0.8324528619313175,9,3,6,6,108,0.013185089029615682,587.3333333333334,1.0036000167019665,384
893,100,6,83.22394909619999,0.8322394909619999,0.8322394909619999,16,5,12,12,112,0.021337096931507205,402.0,1.029200037010014,564
894,100,4,83.20947913915475,0.8320947913915475,0.8320947913915475,13,3,10,10,108,0.01446995704499443,667.3333333333334,0.9926999919116497,384
895,100,6,83.1872554349331,0.831872554349331,0.831872554349331,19,5,15,15,112,0.022223704221367768,406.0,1.0121000232174993,564
896,100,5,83.17000296121486,0.8317000296121486,0.8317000296121486,14,4,11,11,110,0.017252473717999095,444.0,0.7969000143930316,475
897,100,7,83.14927534097637,0.8314927534097637,0.8314927534097637,10,5,6,6,114,0.020727620238176314,306.0,0.92739996034652,651
898,100,4,83.1328084765712,0.831328084765712,0.831328084765712,14,3,11,11,108,0.016466864404929282,600.6666666666666,0.9394999942742288,384
899,100,5,83.11298465374809,0.8311298465374809,0.8311298465374809,15,4,11,11,110,0.01982382282286821,479.0,0.9629999985918403,475
900,100,8,83.09132481075159,0.8309132481075159,0.8309132481075159,15,6,11,11,116,0.02165984299615431,287.3333333333333,1.0402000043541193,736
901,100,5,83.07350811184381,0.8307350811184381,0.8307350811184381,14,4,11,11,110,0.01781669890752724,494.0,1.1149999918416142,475
902,100,4,83.05763602036878,0.8305763602036877,0.8305763602036877,13,4,9,9,108,0.01587209147482227,514.0,1.0455000447109342,384
903,100,6,83.03957345318989,0.8303957345318989,0.8303957345318989,11,4,7,7,112,0.018062567178613875,379.0,1.0127999703399837,564
904,100,4,83.02136100575339,0.8302136100575339,0.8302136100575339,13,4,10,10,108,0.018212447436230406,514.0,1.0238999966531992,384
905,100,6,82.99859119561533,0.8299859119561533,0.8299859119561533,17,5,13,13,112,0.02276981013779178,378.0,1.0289999772794545,564
906,100,5,82.98146626430554,0.8298146626430554,0.8298146626430554,14,4,11,11,110,0.017124931309545843,484.0,1.1594000388868153,475
907,100,6,82.9615575563085,0.8296155755630851,0.8296155755630851,19,5,14,14,112,0.019908707996759034,350.0,0.990999978967011,564
908,100,7,82.94219921105565,0.8294219921105566,0.8294219921105566,14,5,9,9,114,0.01935834525254876,346.0,1.052199979312718,651
909,100,8,82.91674001810784,0.8291674001810785,0.8291674001810785,16,4,12,12,116,0.025459192947472786,379.0,1.0118999634869397,736
910,100,3,82.90212798242065,0.8290212798242065,0.8290212798242065,12,3,9,9,106,0.014612035686987213,680.6666666666666,1.0365999769419432,291
911,100,1,82.88771528245611,0.8288771528245611,0.8288771528245611,11,1,10,10,102,0.014412699964427844,2014.0,1.345600001513958,99
912,100,5,82.86918481167663,0.8286918481167663,0.8286918481167663,16,5,11,11,110,0.01853047077921488,414.0,0.8577000116929412,475
913,100,6,82.85003345708269,0.8285003345708268,0.8285003345708268,13,3,10,10,112,0.019151354593667236,534.0,0.9914000402204692,564
914,100,7,82.83281054324063,0.8283281054324063,0.8283281054324063,8,3,6,6,114,0.017222913841749232,487.3333333333333,0.5996999680064619,651
915,100,3,82.81953110948348,0.8281953110948348,0.8281953110948348,10,3,7,7,106,0.013279433756920866,680.6666666666666,0.7464999798685312,291
916,100,6,82.80292460702108,0.8280292460702108,0.8280292460702108,12,4,8,8,112,0.016606502462135353,429.0,1.1196999694220722,564
917,100,2,82.79093042208224,0.8279093042208224,0.8279093042208224,10,2,8,8,104,0.011994184938686203,1014.0,1.285000005736947,196
918,100,4,82.77590323748014,0.8277590323748014,0.8277590323748014,14,4,11,11,108,0.015027184601883903,514.0,1.0649999603629112,384
919,100,4,82.75709165119885,0.8275709165119884,0.8275709165119884,16,4,12,12,108,0.0188115862810605,514.0,0.9471999946981668,384
920,100,3,82.74362526131213,0.8274362526131214,0.8274362526131214,12,3,9,9,106,0.01346638988651705,680.6666666666666,1.2119000311940908,291
921,100,2,82.72945490339937,0.8272945490339937,0.8272945490339937,11,2,9,9,104,0.014170357912611564,1014.0,0.6095999851822853,196
922,100,9,82.70815572135803,0.8270815572135802,0.8270815572135802,10,5,8,8,118,0.021299182040937836,294.0,0.5634999834001064,819
923,100,7,82.68496965705643,0.8268496965705643,0.8268496965705643,18,6,14,14,114,0.02318606430130643,317.3333333333333,1.0089999996125698,651
924,100,4,82.6686949024054,0.826686949024054,0.826686949024054,14,3,11,11,108,0.016274754650790868,620.6666666666666,1.0881000198423862,384
925,100,4,82.64994875175871,0.8264994875175872,0.8264994875175872,14,3,11,11,108,0.01874615064651053,614.0,1.0692999931052327,384
926,100,3,82.63615062420179,0.8263615062420179,0.8263615062420179,14,3,11,11,106,0.013798127556711393,680.6666666666666,1.0637999512255192,291
927,100,7,82.61738359377895,0.8261738359377895,0.8261738359377895,11,4,7,7,114,0.01876703042251293,359.0,1.0527000413276255,651
928,100,5,82.59952002462154,0.8259952002462154,0.8259952002462154,16,5,12,12,110,0.017863569157171355,414.0,1.04750000173226,475
929,100,6,82.58118153617728,0.8258118153617728,0.8258118153617728,15,4,11,11,112,0.01833848844396968,454.0,0.4427999956533313,564
930,100,1,82.56507240532441,0.8256507240532441,0.8256507240532441,12,1,11,11,102,0.01610913085275456,2014.0,1.0543999960646033,99
931,100,5,82.55023553838275,0.8255023553838275,0.8255023553838275,8,3,5,5,110,0.014836866941390525,454.0,1.0540999937802553,475
932,100,3,82.53438798657685,0.8253438798657684,0.8253438798657684,15,3,13,13,106,0.015847551805695304,680.6666666666666,1.019099960103631,291
933,100,8,82.51553971828115,0.8251553971828115,0.8251553971828115,13,4,10,10,116,0.01884826829539321,294.0,1.0000999900512397,736
934,100,6,82.4937920449341,0.824937920449341,0.824937920449341,18,6,13,13,112,0.021747673346762753,347.3333333333333,0.9981000330299139,564
935,100,3,82.47949532800726,0.8247949532800726,0.8247949532800726,14,3,11,11,106,0.014296716926622821,680.6666666666666,0.8190000080503523,291
936,100,6,82.46279089591467,0.8246279089591466,0.8246279089591466,13,4,9,9,112,0.016704432092339516,384.0,0.9844000451266766,564
937,100,9,82.4389805020064,0.824389805020064,0.824389805020064,16,6,11,11,118,0.02381039390787265,274.0,0.9841000428423285,819
938,100,6,82.41756429782983,0.8241756429782983,0.8241756429782983,16,5,12,12,112,0.021416204176325948,358.0,0.5812000017613173,564
939,100,3,82.3991321409486,0.8239913214094859,0.8239913214094859,16,3,13,13,106,0.01843215688100841,680.6666666666666,0.9908000356517732,291
940,100,4,82.38129730669267,0.8238129730669267,0.8238129730669267,13,3,11,11,108,0.017834834255701537,607.3333333333334,1.106100040487945,384
941,100,5,82.36602050610031,0.8236602050610031,0.8236602050610031,13,3,10,10,110,0.015276800592115336,514.0,1.1005999986082315,475
942,100,7,82.34376425896534,0.8234376425896534,0.8234376425896534,16,6,11,11,114,0.022256247134652796,304.0,1.0061999782919884,651
943,100,2,82.32960693666185,0.8232960693666185,0.8232960693666185,13,2,11,11,104,0.014157322303326225,1014.0,1.0936000035144389,196
944,100,4,82.31326024956961,0.8231326024956961,0.8231326024956961,16,4,12,12,108,0.016346687092013923,514.0,1.333200023509562,384
945,100,5,82.29515531805339,0.8229515531805339,0.8229515531805339,14,4,11,11,110,0.018104931515985356,484.0,1.1066999868489802,475
946,100,6,82.27759411317192,0.8227759411317191,0.8227759411317191,15,6,10,10,112,0.01756120488117574,347.3333333333333,1.0655000223778188,564
947,100,6,82.25657820152055,0.8225657820152056,0.8225657820152056,16,5,12,12,112,0.021015911651087293,370.0,0.5545999738387764,564
948,100,5,82.23795536887977,0.8223795536887977,0.8223795536887977,11,3,8,8,110,0.018622832640541986,640.6666666666666,0.5457000224851072,475
949,100,7,82.22111625054642,0.8222111625054641,0.8222111625054641,10,4,7,7,114,0.016839118333031422,264.0,1.011999964248389,651
950,100,4,82.20288520152727,0.8220288520152726,0.8220288520152726,15,4,11,11,108,0.018231049018922363,514.0,0.9177000029012561,384
951,100,1,82.18521557665089,0.8218521557665089,0.8218521557665089,15,1,14,14,102,0.017669624876237577,2014.0,1.038899994455278,99
952,100,6,82.16676432512315,0.8216676432512315,0.8216676432512315,15,5,10,10,112,0.018451251527451973,386.0,1.158099970780313,564
953,100,7,82.14754736961991,0.8214754736961991,0.8214754736961991,13,6,7,7,114,0.019216955502947997,334.0,1.0721000144258142,651
954,100,6,82.13248911054221,0.8213248911054221,0.8213248911054221,8,3,6,6,112,0.015058259077424196,400.6666666666667,0.9240999934263527,564
955,100,6,82.11454106582464,0.8211454106582464,0.8211454106582464,12,4,8,8,112,0.0179480447172935,404.0,1.603199983946979,564
956,100,5,82.09667818416261,0.8209667818416261,0.8209667818416261,12,4,8,8,110,0.017862881661738328,429.0,1.056700013577938,475
957,100,7,82.07634241228304,0.8207634241228304,0.8207634241228304,14,5,10,10,114,0.020335771879292253,334.0,1.0587999713607132,651
958,100,3,82.06242155966649,0.8206242155966649,0.8206242155966649,9,3,6,6,106,0.013920852616344348,680.6666666666666,1.20160001097247,291
959,100,4,82.04750217027825,0.8204750217027825,0.8204750217027825,10,3,7,7,108,0.01491938938801951,520.6666666666666,0.5797999911010265,384
960,100,5,82.02847375259535,0.8202847375259534,0.8202847375259534,13,4,9,9,110,0.019028417682633858,489.0,0.9479000000283122,475
961,100,7,82.00699475615956,0.8200699475615956,0.8200699475615956,15,5,12,12,114,0.021478996435497777,394.0,0.48669998068362474,651
962,100,3,81.99060550942679,0.8199060550942678,0.8199060550942678,16,3,14,14,106,0.016389246732593676,680.6666666666666,0.5718000466004014,291
963,100,6,81.96817297980532,0.8196817297980532,0.8196817297980532,17,6,13,13,112,0.022432529621173813,347.3333333333333,0.5577999982051551,564
964,100,5,81.94877677362719,0.8194877677362719,0.8194877677362719,17,5,13,13,110,0.019396206177891173,414.0,1.0692999931052327,475
965,100,3,81.93365091041831,0.8193365091041831,0.8193365091041831,16,3,14,14,106,0.01512586320867726,680.6666666666666,0.5415999912656844,291
966,100,6,81.91005166708808,0.8191005166708808,0.8191005166708808,19,6,15,15,112,0.023599243329947228,347.3333333333333,0.5441000103019178,564
967,100,6,81.88520621622042,0.8188520621622043,0.8188520621622043,22,6,16,16,112,0.024845450867342578,347.3333333333333,0.5360000068321824,564
968,100,4,81.86770142984093,0.8186770142984093,0.8186770142984093,17,4,15,15,108,0.017504786379266335,514.0,1.0485000093467534,384
969,100,2,81.8526455082697,0.8185264550826971,0.8185264550826971,17,2,15,15,104,0.015055921571072162,1014.0,1.087700016796589,196
970,100,9,81.82612868216015,0.8182612868216015,0.8182612868216015,20,8,12,12,118,0.026516826109190816,229.0,0.9771999903023243,819
971,100,6,81.80600586584818,0.8180600586584817,0.8180600586584817,17,4,14,14,112,0.020122816311715752,484.0,1.0121000232174993,564
972,100,2,81.79269058027556,0.8179269058027556,0.8179269058027556,12,2,10,10,104,0.013315285572453206,1014.0,1.02090003201738,196
973,100,5,81.77775677504607,0.8177775677504607,0.8177775677504607,11,3,8,8,110,0.014933805229205177,454.0,1.0167000000365078,475
974,100,3,81.76309219746966,0.8176309219746966,0.8176309219746966,15,3,12,12,106,0.01466457757623374,680.6666666666666,1.0201999684795737,291
975,100,6,81.74795292139916,0.8174795292139916,0.8174795292139916,11,4,8,8,112,0.015139276070211594,359.0,0.8486000006087124,564
976,100,7,81.72647428107166,0.8172647428107166,0.8172647428107166,17,4,15,15,114,0.02147864032718516,329.0,0.8633999968878925,651
977,100,5,81.70934185102374,0.8170934185102374,0.8170934185102374,15,4,11,11,110,0.017132430047677616,479.0,0.9717999491840601,475
978,100,5,81.68742694627588,0.8168742694627588,0.8168742694627588,21,4,17,17,110,0.021914904747607267,419.0,0.8826999692246318,475
979,100,5,81.66897423159605,0.8166897423159605,0.8166897423159605,13,4,9,9,110,0.018452714679575877,484.0,1.0035000159405172,475
980,100,2,81.65034104566736,0.8165034104566736,0.8165034104566736,22,2,20,20,104,0.018633185928514706,1014.0,1.0628000018186867,196
981,100,5,81.63245299254505,0.8163245299254506,0.8163245299254506,15,5,11,11,110,0.017888053122060654,414.0,1.007900049444288,475
982,100,4,81.61407513303543,0.8161407513303542,0.8161407513303542,18,4,16,16,108,0.018377859509417505,514.0,1.4062999980524182,384
983,100,11,81.57950754560824,0.8157950754560823,0.8157950754560823,22,10,15,15,122,0.034567587426778346,196.0,1.0867000091820955,979
984,100,3,81.55990436528204,0.8155990436528203,0.8155990436528203,20,3,17,17,106,0.019603180325979963,680.6666666666666,1.116400002501905,291
985,100,9,81.53678883447,0.8153678883447,0.8153678883447,17,6,11,11,116,0.02311553081166906,264.0,0.4803999909199774,819
986,100,2,81.52191122789154,0.8152191122789154,0.8152191122789154,15,2,14,14,104,0.014877606578323821,1014.0,1.0385000496171415,196
987,100,6,81.49808304547184,0.8149808304547185,0.8149808304547185,19,6,13,13,112,0.023828182419411092,347.3333333333333,0.5676000146195292,564
988,100,3,81.47891914015055,0.8147891914015055,0.8147891914015055,21,3,18,18,106,0.019163905321093466,680.6666666666666,1.005500031169504,291
989,100,5,81.46096440325351,0.8146096440325351,0.8146096440325351,18,5,13,13,110,0.017954736896800938,414.0,0.9722000104375184,475
990,100,2,81.44616236243361,0.8144616236243362,0.8144616236243362,15,2,14,14,104,0.014802040819716922,1014.0,0.8052000193856657,196
991,100,6,81.42488668992416,0.8142488668992417,0.8142488668992417,16,5,13,13,112,0.021275672509155186,346.0,0.7874000002630055,564
992,100,6,81.40355212204007,0.8140355212204007,0.8140355212204007,15,6,11,11,112,0.021334567883815936,347.3333333333333,0.6412999937310815,564
993,100,7,81.3803232761867,0.8138032327618671,0.8138032327618671,18,7,12,12,114,0.023228845853068947,299.7142857142857,0.9882000158540905,651
994,100,5,81.36024884719652,0.8136024884719651,0.8136024884719651,21,5,16,16,110,0.02007442898993972,414.0,1.1032999609597027,475
995,100,7,81.33760354103853,0.8133760354103853,0.8133760354103853,20,6,14,14,114,0.022645306157656364,324.0,0.8452000329270959,651
996,100,3,81.32214274856143,0.8132214274856143,0.8132214274856143,16,3,13,13,106,0.015460792476943652,680.6666666666666,0.44490001164376736,291
997,100,4,81.30326544331746,0.8130326544331745,0.8130326544331745,18,4,15,15,108,0.01887730524372344,514.0,0.7384999771602452,384
998,100,4,81.28598966549498,0.8128598966549498,0.8128598966549498,13,4,10,10,108,0.017275777822241878,514.0,0.5234999698586762,384
999,100,6,81.2635250903472,0.812635250903472,0.812635250903472,18,5,14,14,112,0.022464575147505883,402.0,0.5105999880470335,564
1000,100,5,81.24798433412589,0.8124798433412589,0.8124798433412589,8,3,6,6,110,0.015540756221046337,540.6666666666666,0.5701000336557627,475
1001,100,5,81.22720488803304,0.8122720488803304,0.8122720488803304,18,5,15,15,110,0.0207794460926074,414.0,0.573999946936965,475
1002,100,10,81.20207265855083,0.8120207265855083,0.8120207265855083,16,5,12,12,120,0.02513222948180882,262.0,0.44329999946057796,900
1003,100,4,81.1851729044908,0.811851729044908,0.811851729044908,16,3,13,13,108,0.01689975405983546,654.0,0.5565999890677631,384
1004,100,3,81.17220959838575,0.8117220959838575,0.8117220959838575,12,3,10,10,106,0.012963306104825989,680.6666666666666,0.991599983535707,291
1005,100,7,81.15078248978264,0.8115078248978265,0.8115078248978265,19,6,14,14,114,0.021427108602814826,337.3333333333333,0.6331999902613461,651
1006,100,4,81.13118352529412,0.8113118352529411,0.8113118352529411,14,4,10,10,108,0.01959896448830989,514.0,0.9903000318445265,384
1007,100,5,81.11469984925607,0.8111469984925607,0.8111469984925607,14,4,10,10,110,0.016483676037800876,494.0,1.0284000309184194,475
1008,100,7,81.09546355705056,0.8109546355705056,0.8109546355705056,13,4,10,10,114,0.01923629220516787,414.0,0.9902999736368656,651
1009,100,2,81.078630950729,0.81078630950729,0.81078630950729,13,2,11,11,104,0.016832606321397492,1014.0,1.0716000106185675,196
1010,100,4,81.06063285183423,0.8106063285183422,0.8106063285183422,14,4,11,11,108,0.017998098894562276,514.0,1.233800023328513,384
1011,100,5,81.03939197709015,0.8103939197709015,0.8103939197709015,19,5,15,15,110,0.02124087474383174,414.0,1.0218999814242125,475
1012,100,3,81.01823592358411,0.8101823592358411,0.8101823592358411,22,3,20,20,106,0.021156053505844596,680.6666666666666,1.0187000152654946,291
1013,100,3,81.00016209983339,0.8100016209983338,0.8100016209983338,22,3,19,19,106,0.018073823750516027,680.6666666666666,1.020599971525371,291
1014,100,9,80.97556539695665,0.8097556539695665,0.8097556539695665,21,8,16,16,118,0.024596702876383603,249.0,0.9625999955460429,819
1015,100,10,80.94680754591275,0.8094680754591275,0.8094680754591275,23,7,18,18,120,0.0287578510435047,236.85714285714286,1.1235999991185963,900
1016,100,3,80.93142846267833,0.8093142846267832,0.8093142846267832,15,3,12,12,106,0.015379083234225988,680.6666666666666,1.0276000248268247,291
1017,100,4,80.91576668694294,0.8091576668694295,0.8091576668694295,15,2,13,13,108,0.015661775735150485,914.0,0.9749999735504389,384
1018,100,4,80.89846157689809,0.8089846157689808,0.8089846157689808,15,3,12,12,108,0.017305110044635086,627.3333333333334,0.9580999612808228,384
1019,100,3,80.88101975472537,0.8088101975472537,0.8088101975472537,18,3,16,16,106,0.01744182217251833,680.6666666666666,0.9749999735504389,291
1020,100,2,80.86441921794952,0.8086441921794951,0.8086441921794951,15,2,13,13,104,0.016600536775690955,1014.0,1.065499964170158,196
1021,100,5,80.8435746274538,0.8084357462745381,0.8084357462745381,18,5,14,14,110,0.02084459049546794,414.0,1.1233999975956976,475
1022,100,11,80.8159796712791,0.8081597967127909,0.8081597967127909,19,7,13,13,122,0.027594956174297636,214.0,1.055800006724894,979
1023,100,6,80.79202111535736,0.8079202111535736,0.8079202111535736,24,6,19,19,112,0.02395855592145324,347.3333333333333,1.0523999808356166,564
1024,100,4,80.7706915780187,0.8077069157801869,0.8077069157801869,24,4,20,20,108,0.021329537338427684,514.0,1.0480000055395067,384
1025,100,6,80.74943509707863,0.8074943509707864,0.8074943509707864,20,4,17,17,112,0.021256480939801037,409.0,1.024700002744794,564
1026,100,4,80.73147330381134,0.8073147330381134,0.8073147330381134,15,3,12,12,108,0.017961793267062376,647.3333333333334,1.0577999637462199,384
1027,100,8,80.70878384215895,0.8070878384215895,0.8070878384215895,17,5,12,12,116,0.022689461652046106,350.0,0.990399974398315,736
1028,100,2,80.69260959433139,0.8069260959433139,0.8069260959433139,16,2,14,14,104,0.016174247827400734,1014.0,1.021800038870424,196
1029,100,6,80.67486747437505,0.8067486747437504,0.8067486747437504,11,3,9,9,112,0.017742119956057678,414.0,1.013199973385781,564
1030,100,4,80.65567034208202,0.8065567034208202,0.8065567034208202,17,4,13,13,108,0.01919713229279907,514.0,1.0372999822720885,384
1031,100,6,80.63211687332412,0.8063211687332412,0.8063211687332412,19,5,14,14,112,0.02355346875763331,406.0,1.0107000125572085,564
1032,100,3,80.61601937820373,0.8061601937820373,0.8061601937820373,11,3,8,8,106,0.01609749512019576,680.6666666666666,1.1616999981924891,291
1033,100,5,80.59961651922882,0.8059961651922882,0.8059961651922882,9,4,6,6,110,0.016402858974657875,504.0,0.687599997036159,475
1034,100,5,80.58271251322337,0.8058271251322338,0.8058271251322338,15,5,10,10,110,0.016904006005191263,414.0,1.1941000120714307,475
1035,100,4,80.56466712152516,0.8056466712152516,0.8056466712152516,18,4,14,14,108,0.01804539169800634,514.0,1.1202999739907682,384
1036,100,3,80.55364652045766,0.8055364652045767,0.8055364652045767,8,2,7,7,106,0.011020601067286862,584.0,0.8543999865651131,291
1037,100,9,80.53330000148208,0.8053330000148208,0.8053330000148208,13,5,9,9,118,0.020346518975213,246.0,0.9790000040084124,819
1038,100,1,80.51891009433997,0.8051891009433997,0.8051891009433997,13,1,12,12,102,0.014389907141971747,2014.0,1.01350003387779,99
1039,100,6,80.50259018991352,0.8050259018991351,0.8050259018991351,11,4,8,8,112,0.016319904426179477,424.0,1.0139999794773757,564
1040,100,3,80.4871690519966,0.804871690519966,0.804871690519966,13,3,10,10,106,0.015421137916742822,680.6666666666666,1.1257000151090324,291
1041,100,6,80.46910552252402,0.8046910552252402,0.8046910552252402,8,4,5,5,112,0.018063529472271966,309.0,1.0775999980978668,564
1042,100,1,80.45918399574975,0.8045918399574975,0.8045918399574975,8,1,7,7,102,0.00992152677414282,2014.0,1.1446999851614237,99
1043,100,5,80.44255428955245,0.8044255428955245,0.8044255428955245,10,4,6,6,110,0.016629706197061722,479.0,1.0790000087581575,475
1044,100,7,80.42301946899534,0.8042301946899534,0.8042301946899534,12,4,9,9,114,0.01953482055678535,359.0,1.0432000271975994,651
1045,100,2,80.41034362135295,0.8041034362135295,0.8041034362135295,11,2,9,9,104,0.012675847642235283,1014.0,1.0810999665409327,196
1046,100,3,80.39766499524775,0.8039766499524775,0.8039766499524775,11,3,9,9,106,0.012678626104982271,680.6666666666666,1.126200018916279,291
1047,100,4,80.38410418430516,0.8038410418430516,0.8038410418430516,9,3,6,6,108,0.013560810942387036,654.0,1.0800999589264393,384
1048,100,5,80.36772629522386,0.8036772629522386,0.8036772629522386,12,5,8,8,110,0.016377889081052643,414.0,1.027700025588274,475
1049,100,6,80.34679449233116,0.8034679449233115,0.8034679449233115,11,4,8,8,112,0.02093180289241303,289.0,1.0621999972499907,564
1050,100,5,80.33039633503022,0.8033039633503022,0.8033039633503022,11,4,7,7,110,0.01639815730070282,494.0,1.0439000325277448,475
1051,100,4,80.31264877426959,0.8031264877426959,0.8031264877426959,16,4,12,12,108,0.017747560760387415,514.0,1.3789000222459435,384
1052,100,8,80.28959065959057,0.8028959065959057,0.8028959065959057,18,6,12,12,116,0.023058114678676134,304.0,0.9945000056177378,736
1053,100,5,80.27189557402473,0.8027189557402472,0.8027189557402472,14,4,11,11,110,0.017695085565609503,419.0,1.0196000221185386,475
1054,100,3,80.25261243227591,0.802526124322759,0.802526124322759,16,3,13,13,106,0.019283141748601906,680.6666666666666,1.0477000032551587,291
1055,100,6,80.23310680838955,0.8023310680838955,0.8023310680838955,14,5,10,10,112,0.019505623886086454,370.0,1.0053000296466053,564
1056,100,7,80.21016481675248,0.8021016481675248,0.8021016481675248,19,6,14,14,114,0.0229419916367668,324.0,1.3078999472782016,651
1057,100,5,80.19095215441044,0.8019095215441044,0.8019095215441044,17,4,13,13,110,0.019212662341786313,499.0,1.0586000280454755,475
1058,100,4,80.17371716872401,0.8017371716872401,0.8017371716872401,18,3,16,16,108,0.017234985686183535,600.6666666666666,0.9660000214353204,384
1059,100,11,80.1442200830574,0.801442200830574,0.801442200830574,22,9,16,16,122,0.02949708566622533,218.44444444444446,0.9476999985054135,979
1060,100,7,80.11904080594546,0.8011904080594546,0.8011904080594546,21,6,17,17,114,0.025179277111622156,317.3333333333333,1.060199982021004,651
1061,100,4,80.09988199860834,0.8009988199860834,0.8009988199860834,21,4,17,17,108,0.019158807336900452,514.0,1.0507999686524272,384
1062,100,3,80.08313659967838,0.8008313659967838,0.8008313659967838,17,2,15,15,106,0.016745398929767674,994.0,1.0753999813459814,291
1063,100,2,80.07045278362651,0.8007045278362651,0.8007045278362651,13,2,12,12,104,0.012683816051712427,1014.0,1.3114000321365893,196
1064,100,2,80.05492253681555,0.8005492253681555,0.8005492253681555,14,2,12,12,104,0.015530246810776305,1014.0,0.9851999930106103,196
1065,100,4,80.03313388444846,0.8003313388444846,0.8003313388444846,17,3,14,14,108,0.02178865236685823,580.6666666666666,1.0176000068895519,384
1066,100,4,80.01729992865823,0.8001729992865824,0.8001729992865824,12,3,9,9,108,0.015833955790022003,607.3333333333334,0.8619999862276018,384
1067,100,10,79.98933954307566,0.7998933954307565,0.7998933954307565,19,8,13,13,120,0.027960385582183278,226.5,0.5565999890677631,900
1068,100,8,79.965461119884,0.79965461119884,0.79965461119884,18,7,12,12,116,0.02387842319132716,282.57142857142856,0.4385999636724591,736
1069,100,5,79.94798261676584,0.7994798261676584,0.7994798261676584,12,4,8,8,110,0.01747850311789989,464.0,0.6325999856926501,475
1070,100,4,79.93125151339804,0.7993125151339804,0.7993125151339804,14,4,10,10,108,0.016731103367568778,514.0,1.1328999535180628,384
1071,100,3,79.91163592972651,0.7991163592972651,0.7991163592972651,11,3,8,8,106,0.019615583671352965,680.6666666666666,1.0434999712742865,291
1072,100,4,79.89589262410814,0.7989589262410814,0.7989589262410814,12,4,8,8,108,0.015743305618137526,514.0,1.2728000292554498,384
1073,100,4,79.88098143543283,0.7988098143543283,0.7988098143543283,13,4,10,10,108,0.01491118867507879,514.0,1.003699959255755,384
1074,100,8,79.85966747103227,0.7985966747103227,0.7985966747103227,17,7,11,11,116,0.02131396440023181,288.2857142857143,0.9850000496953726,736
1075,100,6,79.84132808843749,0.7984132808843749,0.7984132808843749,13,4,10,10,112,0.01833938259448331,429.0,1.0295999818481505,564
1076,100,7,79.82137459328659,0.7982137459328659,0.7982137459328659,18,6,13,13,114,0.019953495150598854,317.3333333333333,1.0110000148415565,651
1077,100,1,79.80762513964521,0.7980762513964521,0.7980762513964521,13,1,12,12,102,0.013749453641249687,2014.0,1.36160000693053,99
1078,100,8,79.783791409623,0.7978379140962301,0.7978379140962301,20,6,16,16,116,0.023833730021866728,294.0,0.9813999640755355,736
1079,100,6,79.76486623584495,0.7976486623584494,0.7976486623584494,12,5,8,8,112,0.018925173777780913,362.0,0.9783999994397163,564
1080,100,4,79.74733403654801,0.7974733403654801,0.7974733403654801,16,4,14,14,108,0.017532199296699247,514.0,1.0916999890469015,384
1081,100,4,79.72914294459555,0.7972914294459555,0.7972914294459555,15,3,12,12,108,0.018191091952250105,647.3333333333334,1.1120999697595835,384
1082,100,3,79.71307492309253,0.7971307492309253,0.7971307492309253,16,3,13,13,106,0.016068021502807284,680.6666666666666,1.7217000131495297,291
1083,100,6,79.68956982891106,0.7968956982891107,0.7968956982891107,17,5,12,12,112,0.02350509418117852,382.0,1.0745000327005982,564
1084,100,4,79.67133500022554,0.7967133500022554,0.7967133500022554,15,4,11,11,108,0.018234828685322668,514.0,1.0535999899730086,384
1085,100,5,79.655780888539,0.79655780888539,0.79655780888539,13,5,8,8,110,0.01555411168629206,414.0,1.0489000123925507,475
1086,100,5,79.63635780022167,0.7963635780022167,0.7963635780022167,19,4,15,15,110,0.01942308831704409,489.0,1.0469999979250133,475
1087,100,5,79.61420497907648,0.7961420497907647,0.7961420497907647,16,3,13,13,110,0.022152821144963752,580.6666666666666,1.8619999755173922,475
1088,100,1,79.60178294742232,0.7960178294742232,0.7960178294742232,12,1,11,11,102,0.012422031654029553,2014.0,1.1212000390514731,99
1089,100,6,79.58106282830724,0.7958106282830724,0.7958106282830724,19,5,14,14,112,0.02072011911479521,394.0,1.0630000033415854,564
1090,100,6,79.55549033204046,0.7955549033204047,0.7955549033204047,22,6,17,17,112,0.025572496266491385,347.3333333333333,1.061999995727092,564
1091,100,9,79.52679226368294,0.7952679226368293,0.7952679226368293,22,7,17,17,118,0.028698068357154938,271.14285714285717,1.0067999828606844,819
1092,100,6,79.50677624098886,0.7950677624098885,0.7950677624098885,18,6,14,14,112,0.020016022693802427,347.3333333333333,1.000199990812689,564
1093,100,7,79.48657015329911,0.7948657015329911,0.7948657015329911,16,5,11,11,114,0.02020608768942722,370.0,1.0038000182248652,651
1094,100,5,79.4682611405379,0.7946826114053791,0.7946826114053791,14,4,10,10,110,0.018309012760955312,494.0,0.9945000056177378,475
1095,100,5,79.44959195380551,0.7944959195380551,0.7944959195380551,20,5,16,16,110,0.01866918673215423,414.0,0.9960999595932662,475
1096,100,4,79.43488601415996,0.7943488601415996,0.7943488601415996,13,3,11,11,108,0.014705939645327959,527.3333333333334,1.0017000022344291,384
1097,100,6,79.41360514956409,0.7941360514956409,0.7941360514956409,17,6,13,13,112,0.021280864595571103,347.3333333333333,1.0986999841406941,564
1098,100,5,79.39915767271894,0.7939915767271895,0.7939915767271895,10,4,7,7,110,0.014447476844910767,444.0,1.1149999918416142,475
1099,100,4,79.38134419939288,0.7938134419939289,0.7938134419939289,17,4,13,13,108,0.017813473325826834,514.0,1.0514000314287841,384
1100,100,4,79.36507031823001,0.7936507031823001,0.7936507031823001,17,4,13,13,108,0.01627388116264683,514.0,1.2276999768801033,384
1101,100,4,79.34877414011385,0.7934877414011384,0.7934877414011384,16,3,13,13,108,0.016296178115947413,587.3333333333334,1.2286999844945967,384
1102,100,1,79.33629645051819,0.793362964505182,0.793362964505182,13,1,13,13,102,0.012477689595534969,2014.0,1.1749000404961407,99
1103,100,5,79.3205061259869,0.793205061259869,0.793205061259869,13,3,11,11,110,0.01579032453100737,607.3333333333334,1.1183000169694424,475
1104,100,3,79.30357476782781,0.7930357476782781,0.7930357476782781,17,3,14,14,106,0.016931358158910115,680.6666666666666,1.109300006646663,291
1105,100,3,79.28506824335027,0.7928506824335027,0.7928506824335027,14,3,12,12,106,0.01850652447735257,680.6666666666666,1.053999993018806,291
1106,100,5,79.2679090409065,0.792679090409065,0.792679090409065,16,5,11,11,110,0.0171592024435121,414.0,1.0466999956406653,475
1107,100,6,79.2480426387908,0.792480426387908,0.792480426387908,15,5,11,11,112,0.01986640211541868,370.0,0.8061999687924981,564
1108,100,4,79.22930032530111,0.7922930032530111,0.7922930032530111,17,4,13,13,108,0.018742313489457985,514.0,1.081500027794391,384
1109,100,5,79.21366217465517,0.7921366217465518,0.7921366217465518,11,3,9,9,110,0.015638150645720827,587.3333333333334,1.0470999986864626,475
1110,100,6,79.194193326663,0.79194193326663,0.79194193326663,13,5,9,9,112,0.01946884799185611,374.0,1.027400023303926,564
1111,100,10,79.17101834709229,0.7917101834709228,0.7917101834709228,16,6,10,10,120,0.02317497957031378,224.0,0.9760999819263816,900
1112,100,3,79.15524317075128,0.7915524317075128,0.7915524317075128,13,3,10,10,106,0.015775176340831365,680.6666666666666,0.5475999787449837,291
1113,100,3,79.14269102155578,0.7914269102155578,0.7914269102155578,9,3,7,7,106,0.012552149195300899,680.6666666666666,1.0695999953895807,291
1114,100,6,79.12593151022614,0.7912593151022613,0.7912593151022613,11,4,7,7,112,0.01675951132936504,399.0,0.9551000548526645,564
1115,100,5,79.10968178284438,0.7910968178284438,0.7910968178284438,10,4,6,6,110,0.016249727381499213,494.0,0.9281999664381146,475
1116,100,2,79.09520808886566,0.7909520808886567,0.7909520808886567,9,2,7,7,104,0.014473693978565905,1014.0,0.9488000068813562,196
1117,100,8,79.07967173657566,0.7907967173657566,0.7907967173657566,8,3,5,5,116,0.015536352289657884,380.6666666666667,0.5273999995552003,736
1118,100,7,79.0601152508401,0.790601152508401,0.790601152508401,12,5,8,8,114,0.019556485735250817,310.0,0.5088000325486064,651
1119,100,10,79.03541631698141,0.7903541631698141,0.7903541631698141,17,6,11,11,120,0.024698933858317673,244.0,0.4947000415995717,900
1120,100,3,79.01753258210452,0.7901753258210452,0.7901753258210452,14,3,11,11,106,0.017883734876683377,680.6666666666666,0.8811000152491033,291
1121,100,10,78.99216673634,0.7899216673634,0.7899216673634,18,6,13,13,120,0.02536584576413148,227.33333333333334,1.0532999876886606,900
1122,100,4,78.97387994035074,0.7897387994035074,0.7897387994035074,17,4,13,13,108,0.01828679598903804,514.0,1.0757000418379903,384
1123,100,4,78.9581805690118,0.789581805690118,0.789581805690118,9,4,5,5,108,0.015699371338726564,514.0,1.1072999914176762,384
1124,100,4,78.94360026726683,0.7894360026726683,0.7894360026726683,8,3,5,5,108,0.01458030174472924,614.0,1.066099968738854,384
1125,100,3,78.9263168093366,0.7892631680933659,0.7892631680933659,16,3,13,13,106,0.017283457930052037,680.6666666666666,1.099300046917051,291
1126,100,1,78.91311701855537,0.7891311701855537,0.7891311701855537,13,1,12,12,102,0.01319979078107636,2014.0,1.0786000057123601,99
1127,100,5,78.89578875321288,0.7889578875321288,0.7889578875321288,11,5,6,6,110,0.017328265342239746,414.0,1.0377999860793352,475
1128,100,8,78.87219764550034,0.7887219764550033,0.7887219764550033,18,5,14,14,116,0.02359110771220685,306.0,1.0322000016458333,736
1129,100,5,78.85124896754058,0.7885124896754059,0.7885124896754059,17,4,14,14,110,0.020948677959506057,454.0,1.0536000481806695,475
1130,100,4,78.83190494423371,0.7883190494423371,0.7883190494423371,14,4,12,12,108,0.019344023306643976,514.0,1.0341000161133707,384
1131,100,5,78.81444859207281,0.788144485920728,0.788144485920728,16,5,11,11,110,0.01745635216064656,414.0,1.0402000043541193,475
1132,100,6,78.79352980374706,0.7879352980374706,0.7879352980374706,15,5,10,10,112,0.020918788325474225,382.0,0.9916999842971563,564
1133,100,6,78.77700378000306,0.7877700378000305,0.7877700378000305,14,4,11,11,112,0.016526023743711704,414.0,1.0089999996125698,564
1134,100,9,78.75146550500104,0.7875146550500104,0.7875146550500104,17,6,12,12,118,0.02553827500167216,244.0,0.9654000168666244,819
1135,100,3,78.73501168510089,0.7873501168510089,0.7873501168510089,17,3,14,14,106,0.016453819899950872,680.6666666666666,1.0108999558724463,291
1136,100,8,78.71363468986067,0.7871363468986067,0.7871363468986067,13,6,9,9,116,0.021376995239883456,260.6666666666667,0.9775999933481216,736
1137,100,1,78.70164565684563,0.7870164565684563,0.7870164565684563,12,1,11,11,102,0.011989033014902617,2014.0,1.0334000107832253,99
1138,100,3,78.68703748539711,0.7868703748539712,0.7868703748539712,14,3,11,11,106,0.014608171448319496,680.6666666666666,0.9971000254154205,291
1139,100,8,78.66543147774246,0.7866543147774245,0.7866543147774245,19,5,15,15,116,0.021606007654316528,338.0,0.9248999995179474,736
1140,100,5,78.64693156060808,0.7864693156060808,0.7864693156060808,15,4,11,11,110,0.01849991713415733,474.0,1.0905999806709588,475
1141,100,5,78.62261359526245,0.7862261359526245,0.7862261359526245,24,5,19,19,110,0.02431796534537156,414.0,1.1053999769501388,475
1142,100,8,78.59790237331944,0.7859790237331944,0.7859790237331944,21,7,15,15,116,0.02471122194265618,268.2857142857143,1.0469999979250133,736
1143,100,5,78.57730748786801,0.7857730748786801,0.7857730748786801,19,5,15,15,110,0.02059488545119237,414.0,1.0795000125654042,475
1144,100,7,78.55716414956143,0.7855716414956143,0.7855716414956143,13,4,12,12,114,0.020143338306262137,404.0,1.3112000306136906,651
1145,100,6,78.53231414421357,0.7853231414421358,0.7853231414421358,23,6,17,17,112,0.02485000534760573,347.3333333333333,0.90079999063164,564
1146,100,4,78.51470355454454,0.7851470355454454,0.7851470355454454,17,4,14,14,108,0.01761058966878437,514.0,1.1202999739907682,384
1147,100,4,78.49198883507417,0.7849198883507417,0.7849198883507417,25,4,21,21,108,0.022714719470130262,514.0,0.8355999598279595,384
1148,100,7,78.47252554433246,0.7847252554433246,0.7847252554433246,16,5,12,12,114,0.019463290741427386,306.0,0.9639000054448843,651
1149,100,4,78.45094860321625,0.7845094860321624,0.7845094860321624,16,4,12,12,108,0.02157694111597408,514.0,0.9908000356517732,384
1150,100,3,78.43458952785969,0.7843458952785969,0.7843458952785969,16,3,13,13,106,0.01635907535636605,680.6666666666666,1.0482000070624053,291
1151,100,4,78.41888782707106,0.7841888782707106,0.7841888782707106,12,3,10,10,108,0.01570170078840505,620.6666666666666,1.0707000037655234,384
1152,100,7,78.39536711683887,0.7839536711683887,0.7839536711683887,17,5,13,13,114,0.02352071023188884,342.0,1.0253999498672783,651
1153,100,7,78.37650195168341,0.7837650195168341,0.7837650195168341,16,5,12,12,114,0.018865165155148134,378.0,1.0189000167883933,651
1154,100,3,78.35858274645857,0.7835858274645857,0.7835858274645857,21,3,18,18,106,0.017919205224664836,680.6666666666666,1.0789000079967082,291
1155,100,7,78.33457842299111,0.7833457842299112,0.7833457842299112,23,6,19,19,114,0.024004323467110567,337.3333333333333,0.9533999837003648,651
1156,100,4,78.3149410647094,0.783149410647094,0.783149410647094,18,4,14,14,108,0.019637358281510586,514.0,1.0320000001229346,384
1157,100,3,78.3008385154258,0.783008385154258,0.783008385154258,12,3,9,9,106,0.014102549283393273,680.6666666666666,1.00460002431646,291
1158,100,3,78.28225484696597,0.7828225484696597,0.7828225484696597,21,3,20,20,106,0.018583668459637437,680.6666666666666,0.9862000006251037,291
1159,100,4,78.26593582450127,0.7826593582450126,0.7826593582450126,16,3,14,14,108,0.01631902246449002,640.6666666666666,0.9541999897919595,384
1160,100,5,78.24536669497625,0.7824536669497626,0.7824536669497626,23,4,19,19,110,0.020569129524744767,504.0,1.1179999564774334,475
1161,100,4,78.22327748267556,0.7822327748267556,0.7822327748267556,21,4,18,18,108,0.022089212300500094,514.0,1.0853999992832541,384
1162,100,4,78.20562532870456,0.7820562532870455,0.7820562532870455,17,4,13,13,108,0.01765215397076858,514.0,1.0894000297412276,384
1163,100,7,78.18258664115561,0.781825866411556,0.781825866411556,20,7,14,14,114,0.02303868754862748,299.7142857142857,1.0949000134132802,651
1164,100,5,78.16372104366586,0.7816372104366586,0.7816372104366586,17,4,13,13,110,0.018865597489511998,479.0,1.0935000027529895,475
1165,100,3,78.14327935227452,0.7814327935227452,0.7814327935227452,18,3,16,16,106,0.02044169139113805,680.6666666666666,1.1091000051237643,291
1166,100,4,78.12506829000507,0.7812506829000507,0.7812506829000507,18,4,15,15,108,0.018211062269198663,514.0,1.0448000393807888,384
1167,100,5,78.1054301714628,0.781054301714628,0.781054301714628,19,4,15,15,110,0.019638118542033567,484.0,1.0525999823585153,475
1168,100,3,78.08598289172835,0.7808598289172834,0.7808598289172834,21,3,18,18,106,0.019447279734254863,680.6666666666666,1.039199996739626,291
1169,100,6,78.0662291629589,0.780662291629589,0.780662291629589,19,6,15,15,112,0.01975372876917092,347.3333333333333,1.03859999217093,564
1170,100,9,78.04275653529227,0.7804275653529227,0.7804275653529227,20,5,16,16,118,0.02347262766626912,286.0,0.9978000307455659,819
1171,100,8,78.01798355264799,0.78017983552648,0.78017983552648,22,7,18,18,116,0.024772982643934682,276.85714285714283,1.1211999808438122,736
1172,100,4,78.0000542095277,0.780000542095277,0.780000542095277,16,4,12,12,108,0.017929343120073327,514.0,1.02680001873523,384
1173,100,4,77.98058230278791,0.779805823027879,0.779805823027879,19,4,16,16,108,0.019471906739568112,514.0,0.9852999937720597,384
1174,100,4,77.96063134642674,0.7796063134642673,0.7796063134642673,17,3,14,14,108,0.01995095636095101,667.3333333333334,1.000499993097037,384
1175,100,2,77.94634172014361,0.7794634172014361,0.7794634172014361,15,1,14,14,104,0.01428962628298791,1874.0,1.0732999653555453,196
1176,100,3,77.93203225114794,0.7793203225114794,0.7793203225114794,14,3,13,13,106,0.014309468995453045,680.6666666666666,1.005199970677495,291
1177,100,0,77.91718067700039,0.7791718067700039,0.7791718067700039,15,15,15,15,0,0.014851574147570545,17.0,0.10379997547715902,0
1178,100,9,77.88918027241694,0.7788918027241694,0.7788918027241694,16,6,10,10,118,0.028000404583089278,324.0,1.0150999878533185,819
1179,100,11,77.86116975554326,0.7786116975554326,0.7786116975554326,19,7,15,15,122,0.02801051687325895,225.42857142857142,1.0584000265225768,979
1180,100,5,77.8430162790199,0.778430162790199,0.778430162790199,14,4,11,11,110,0.018153476523089296,469.0,0.9761999826878309,475
1181,100,1,77.82977168973818,0.7782977168973818,0.7782977168973818,13,1,12,12,102,0.01324458928161576,2014.0,0.9201000211760402,99
1182,100,7,77.8094248093862,0.778094248093862,0.778094248093862,15,4,11,11,114,0.020346880351652885,344.0,0.8767999825067818,651
1183,100,7,77.78921855955701,0.7778921855955702,0.7778921855955702,16,5,12,12,114,0.020206249828891742,334.0,1.0511000291444361,651
1184,100,3,77.77559685906151,0.7777559685906151,0.7777559685906151,11,3,9,9,106,0.013621700495303202,680.6666666666666,1.0378999868407845,291
1185,100,6,77.75355598184083,0.7775355598184084,0.7775355598184084,18,5,15,15,112,0.02204087722040171,390.0,1.0150999878533185,564
1186,100,4,77.73648422136655,0.7773648422136655,0.7773648422136655,10,3,7,7,108,0.01707176047403891,607.3333333333334,0.8747999672777951,384
1187,100,8,77.71528267063336,0.7771528267063336,0.7771528267063336,14,6,9,9,116,0.02120155073287222,307.3333333333333,0.9716000058688223,736
1188,100,8,77.69449025258507,0.7769449025258507,0.7769449025258507,16,5,12,12,116,0.020792418047957284,306.0,1.0028999531641603,736
1189,100,7,77.67218776824136,0.7767218776824136,0.7767218776824136,16,6,12,12,114,0.022302484343391882,324.0,0.9967000223696232,651
1190,100,2,77.65802046157995,0.7765802046157995,0.7765802046157995,13,2,11,11,104,0.014167306661232004,1014.0,1.0474000009708107,196
1191,100,4,77.64254560981306,0.7764254560981305,0.7764254560981305,13,4,9,9,108,0.015474851766693831,514.0,1.0464999941177666,384
1192,100,5,77.62826037636691,0.7762826037636691,0.7762826037636691,10,3,7,7,110,0.014285233445885837,560.6666666666666,1.04599999031052,475
1193,100,6,77.60928727064258,0.7760928727064258,0.7760928727064258,14,5,9,9,112,0.018973105724036543,362.0,0.9741000249050558,564
1194,100,3,77.59447201312084,0.7759447201312084,0.7759447201312084,12,2,10,10,106,0.014815257521558323,814.0,1.0259999544359744,291
1195,100,3,77.57826245746243,0.7757826245746243,0.7757826245746243,14,3,11,11,106,0.016209555658207364,680.6666666666666,0.9987999801523983,291
1196,100,4,77.55956436905655,0.7755956436905654,0.7755956436905654,18,4,14,14,108,0.018698088405653124,514.0,1.0294000385329127,384
1197,100,5,77.54357189209823,0.7754357189209823,0.7754357189209823,14,4,10,10,110,0.015992476958075486,499.0,0.958500022534281,475
1198,100,5,77.52298701711251,0.7752298701711251,0.7752298701711251,16,4,12,12,110,0.020584874985470236,464.0,1.0293999803252518,475
1199,100,7,77.50226873041487,0.7750226873041487,0.7750226873041487,16,6,10,10,114,0.020718286697317012,330.6666666666667,1.0593000333756208,651
1200,100,8,77.48215179700921,0.7748215179700921,0.7748215179700921,11,5,6,6,116,0.020116933405336823,290.0,1.0603000409901142,736
1201,100,7,77.46497645338582,0.7746497645338581,0.7746497645338581,11,4,8,8,114,0.017175343623094363,334.0,1.0990999871864915,651
1202,100,6,77.44750016832621,0.7744750016832621,0.7744750016832621,13,5,9,9,112,0.0174762850592991,358.0,1.0584000265225768,564
1203,100,3,77.43245950640821,0.774324595064082,0.774324595064082,9,2,7,7,106,0.015040661917829823,984.0,1.0473000002093613,291
1204,100,4,77.42024067164232,0.7742024067164232,0.7742024067164232,8,2,6,6,108,0.012218834765647557,734.0,1.0973000316880643,384
1205,100,11,77.39531104705966,0.7739531104705967,0.7739531104705967,15,7,10,10,122,0.024929624582238574,196.85714285714286,1.0164999985136092,979
1206,100,6,77.37659639612784,0.7737659639612784,0.7737659639612784,12,4,10,10,112,0.018714650931542565,409.0,1.6100999782793224,564
1207,100,9,77.35314305684648,0.7735314305684647,0.7735314305684647,12,5,8,8,118,0.023453339281008567,270.0,0.9822000283747911,819
1208,100,1,77.34234544214341,0.7734234544214341,0.7734234544214341,8,1,7,7,102,0.010797614702937608,2014.0,1.025900011882186,99
1209,100,3,77.32749693311513,0.7732749693311513,0.7732749693311513,14,3,11,11,106,0.014848509028084322,680.6666666666666,1.0115000186488032,291
1210,100,7,77.30804996368603,0.7730804996368603,0.7730804996368603,15,6,10,10,114,0.019446969428788208,304.0,1.2715999619103968,651
1211,100,4,77.29229157259944,0.7729229157259944,0.7729229157259944,11,4,7,7,108,0.01575839108637922,514.0,0.9946999489329755,384
1212,100,7,77.2743003611345,0.772743003611345,0.772743003611345,11,5,8,8,114,0.017991211464646995,346.0,0.9864000021480024,651
1213,100,3,77.26020652490877,0.7726020652490877,0.7726020652490877,13,3,11,11,106,0.01409383622550564,680.6666666666666,1.0012999991886318,291
1214,100,2,77.24599778166905,0.7724599778166905,0.7724599778166905,13,2,11,11,104,0.014208743239557009,1014.0,1.0313999955542386,196
1215,100,5,77.2316964876883,0.772316964876883,0.772316964876883,10,3,7,7,110,0.014301293980526708,540.6666666666666,0.9622999932616949,475
1216,100,4,77.21501225071916,0.7721501225071915,0.7721501225071915,12,3,9,9,108,0.01668423696890642,614.0,0.9821000276133418,384
1217,100,4,77.19815673543746,0.7719815673543746,0.7719815673543746,15,3,12,12,108,0.01685551528147755,620.6666666666666,0.9838000405579805,384
1218,100,3,77.18392267180275,0.7718392267180275,0.7718392267180275,14,3,11,11,106,0.014234063634511074,680.6666666666666,1.013499975670129,291
1219,100,3,77.17056836698343,0.7717056836698343,0.7717056836698343,13,3,11,11,106,0.013354304819131357,680.6666666666666,0.9935999987646937,291
1220,100,1,77.1566547538619,0.771566547538619,0.771566547538619,10,1,9,9,102,0.013913613121388835,2014.0,1.138599996920675,99
1221,100,5,77.13888681951694,0.7713888681951694,0.7713888681951694,12,4,9,9,110,0.017767934344714575,449.0,1.1464999988675117,475
1222,100,4,77.12429530148229,0.7712429530148229,0.7712429530148229,13,3,11,11,108,0.014591518034421824,667.3333333333334,1.1232999968342483,384
1223,100,2,77.11213029428973,0.7711213029428973,0.7711213029428973,12,2,11,11,104,0.012165007192397326,1014.0,1.1458999942988157,196
1224,100,6,77.09203475428839,0.770920347542884,0.770920347542884,14,6,9,9,112,0.02009554000107272,347.3333333333333,1.109600008931011,564
1225,100,7,77.07213927626117,0.7707213927626116,0.7707213927626116,13,5,8,8,114,0.01989547802690339,302.0,1.067299977876246,651
1226,100,6,77.0540519060509,0.770540519060509,0.770540519060509,10,4,8,8,112,0.01808737020999729,419.0,1.0694999946281314,564
1227,100,6,77.03404031822794,0.7703404031822794,0.7703404031822794,13,5,9,9,112,0.020011587822658328,378.0,1.0568000143393874,564
1228,100,4,77.02014104967266,0.7702014104967266,0.7702014104967266,11,3,8,8,108,0.013899268555071842,567.3333333333334,1.049000013154,384
1229,100,4,77.00582244066278,0.7700582244066279,0.7700582244066279,10,3,7,7,108,0.01431860900965276,600.6666666666666,1.0801000171341002,384
1230,100,6,76.9880374218437,0.769880374218437,0.769880374218437,12,5,7,7,112,0.01778501881880956,362.0,0.9872000082395971,564
1231,100,6,76.97073659820904,0.7697073659820904,0.7697073659820904,14,4,10,10,112,0.01730082363434704,359.0,1.6255999798886478,564
1232,100,5,76.95435826036515,0.7695435826036515,0.7695435826036515,11,4,7,7,110,0.016378337843633517,424.0,1.1414000182412565,475
1233,100,4,76.93817580322612,0.7693817580322612,0.7693817580322612,14,3,12,12,108,0.01618245713882871,594.0,1.0074999881908298,384
1234,100,3,76.92297108372793,0.7692297108372793,0.7692297108372793,12,3,9,9,106,0.015204719497976527,680.6666666666666,1.1308000539429486,291
1235,100,5,76.90670936716992,0.7690670936716992,0.7690670936716992,12,3,10,10,110,0.01626171655776787,574.0,1.1204999755136669,475
1236,100,5,76.88730265574462,0.7688730265574462,0.7688730265574462,18,5,13,13,110,0.01940671142504158,414.0,1.118200016207993,475
1237,100,5,76.86930983014221,0.7686930983014222,0.7686930983014222,16,3,13,13,110,0.01799282560214266,567.3333333333334,0.9865000029094517,475
1238,100,6,76.85134525518774,0.7685134525518774,0.7685134525518774,17,4,14,14,112,0.01796457495420256,429.0,1.0269999620504677,564
1239,100,10,76.83297680745336,0.7683297680745337,0.7683297680745337,11,5,7,7,120,0.018368447733994486,214.0,0.9237999911420047,900
1240,100,5,76.81379105626102,0.7681379105626103,0.7681379105626103,18,5,13,13,110,0.019185751192079437,414.0,1.1626000050455332,475
1241,100,10,76.79274934211456,0.7679274934211456,0.7679274934211456,14,6,10,10,120,0.021041714146093682,220.66666666666666,0.7974000182002783,900
1242,100,4,76.77783849632911,0.7677783849632911,0.7677783849632911,14,4,10,10,108,0.014910845785209403,514.0,0.5911000189371407,384
1243,100,6,76.75867649951923,0.7675867649951923,0.7675867649951923,15,5,10,10,112,0.019161996809614834,338.0,0.5588000058196485,564
1244,100,1,76.74225620689636,0.7674225620689635,0.7674225620689635,12,1,11,11,102,0.0164202926227226,2014.0,0.6351000047288835,99
1245,100,1,76.72933465025791,0.7672933465025791,0.7672933465025791,15,1,14,14,102,0.012921556638325171,2014.0,0.5754000158049166,99
1246,100,5,76.71135900723533,0.7671135900723534,0.7671135900723534,14,4,10,10,110,0.017975643022332122,459.0,0.5585000035353005,475
1247,100,3,76.69843671664725,0.7669843671664726,0.7669843671664726,11,2,9,9,106,0.01292229058787342,954.0,0.5585000035353005,291
1248,100,9,76.67563891782598,0.7667563891782598,0.7667563891782598,16,6,10,10,118,0.022797798820910486,270.6666666666667,0.557500054128468,819
1249,100,7,76.6522255712945,0.766522255712945,0.766522255712945,18,7,13,13,114,0.023413346531153678,299.7142857142857,1.8230999703519046,651
1250,100,3,76.63746207130112,0.7663746207130111,0.7663746207130111,14,3,11,11,106,0.014763499993211582,680.6666666666666,1.0297999833710492,291
1251,100,7,76.61747055019521,0.7661747055019521,0.7661747055019521,17,6,12,12,114,0.019991521105598764,284.0,0.9851999930106103,651
1252,100,6,76.60219420361658,0.7660219420361658,0.7660219420361658,11,5,7,7,112,0.015276346578335875,342.0,1.0009999969042838,564
1253,100,4,76.5807931936974,0.765807931936974,0.765807931936974,15,4,11,11,108,0.021401009918953662,514.0,0.9272999595850706,384
1254,100,3,76.56624457287387,0.7656624457287386,0.7656624457287386,11,3,8,8,106,0.014548620823337188,680.6666666666666,1.031499996315688,291
1255,100,2,76.55282125576646,0.7655282125576646,0.7655282125576646,7,2,5,5,104,0.013423317107257304,1014.0,1.0712000075727701,196
1256,100,2,76.53651674902935,0.7653651674902935,0.7653651674902935,15,2,13,13,104,0.016304506736954494,1014.0,1.0266000172123313,196
1257,100,5,76.51849288337948,0.7651849288337949,0.7651849288337949,12,3,9,9,110,0.01802386564961722,587.3333333333334,1.0043000220321119,475
1258,100,10,76.49227691581402,0.7649227691581402,0.7649227691581402,19,7,13,13,120,0.02621596756505795,216.85714285714286,0.9371000342071056,900
1259,100,7,76.47247616605563,0.7647247616605563,0.7647247616605563,14,5,9,9,114,0.019800749758097425,350.0,0.976799987256527,651
1260,100,6,76.45597861640303,0.7645597861640303,0.7645597861640303,10,3,8,8,112,0.01649754965229988,460.6666666666667,1.1255000135861337,564
1261,100,2,76.44250622653686,0.7644250622653687,0.7644250622653687,13,2,11,11,104,0.013472389865995638,1014.0,1.0887000244110823,196
1262,100,7,76.42215035286351,0.7642215035286352,0.7642215035286352,16,5,12,12,114,0.020355873673040037,270.0,1.0271999635733664,651
1263,100,1,76.41110561984358,0.7641110561984358,0.7641110561984358,10,1,9,9,102,0.011044733019822672,2014.0,1.0580000234767795,99
1264,100,4,76.39381914065743,0.7639381914065743,0.7639381914065743,13,3,10,10,108,0.017286479185884218,647.3333333333334,1.1188999633304775,384
1265,100,4,76.37988129621013,0.7637988129621013,0.7637988129621013,7,3,5,5,108,0.013937844447085013,547.3333333333334,1.1362999794073403,384
1266,100,3,76.36608617787874,0.7636608617787874,0.7636608617787874,11,2,9,9,106,0.013795118331209721,844.0,1.0805000201798975,291
1267,100,6,76.3454610213472,0.763454610213472,0.763454610213472,15,6,9,9,112,0.0206251565312634,347.3333333333333,1.0470999986864626,564
1268,100,6,76.32818137799231,0.7632818137799231,0.7632818137799231,13,3,10,10,112,0.017279643354612517,500.6666666666667,1.0445999796502292,564
1269,100,6,76.30702115084775,0.7630702115084774,0.7630702115084774,19,6,13,13,112,0.021160227144275012,347.3333333333333,1.3213999918662012,564
1270,100,5,76.28558135158532,0.7628558135158532,0.7628558135158532,18,5,15,15,110,0.021439799262179093,414.0,0.979500007815659,475
1271,100,2,76.26973944440147,0.7626973944440146,0.7626973944440146,15,2,13,13,104,0.015841907183705928,1014.0,0.9879000135697424,196
1272,100,5,76.25206093162058,0.7625206093162058,0.7625206093162058,14,4,10,10,110,0.017678512780609168,424.0,0.9922000463120639,475
1273,100,7,76.23161532478353,0.7623161532478353,0.7623161532478353,16,4,13,13,114,0.020445606836748453,409.0,0.9889999637380242,651
1274,100,5,76.21498955091792,0.7621498955091792,0.7621498955091792,14,4,10,10,110,0.01662577386534636,474.0,1.3077000039629638,475
1275,100,9,76.18612347695317,0.7618612347695317,0.7618612347695317,24,9,17,17,118,0.02886607396440155,236.22222222222223,0.963800004683435,819
1276,100,5,76.16520874368312,0.7616520874368312,0.7616520874368312,15,5,10,10,110,0.020914733269790986,414.0,0.9777999948710203,475
1277,100,6,76.1467104299562,0.761467104299562,0.761467104299562,15,5,11,11,112,0.01849831372663502,338.0,0.9843999869190156,564
1278,100,6,76.12599408867392,0.7612599408867392,0.7612599408867392,14,4,10,10,112,0.020716341282014383,464.0,0.972100009676069,564
1279,100,5,76.10480450460571,0.761048045046057,0.761048045046057,16,4,12,12,110,0.021189584067933254,459.0,1.4407000271603465,475
1280,100,7,76.0810568128077,0.760810568128077,0.760810568128077,17,4,14,14,114,0.023747691797705528,379.0,1.05640001129359,651
1281,100,10,76.0579285504412,0.760579285504412,0.760579285504412,17,6,12,12,120,0.023128262366110874,260.6666666666667,1.0092000011354685,900
1282,100,7,76.03808349295569,0.7603808349295569,0.7603808349295569,15,5,11,11,114,0.019845057485220252,230.0,1.0331000084988773,651
1283,100,2,76.02244536914141,0.7602244536914141,0.7602244536914141,14,2,12,12,104,0.01563812381411367,1014.0,1.2861000141128898,196
1284,100,9,75.99724576952296,0.7599724576952296,0.7599724576952296,18,8,13,13,118,0.025199599618076718,241.5,0.8363999659195542,819
1285,100,4,75.98303270331743,0.7598303270331743,0.7598303270331743,12,3,9,9,108,0.014213066205304159,567.3333333333334,1.0732999653555453,384
1286,100,5,75.96806684384596,0.7596806684384596,0.7596806684384596,12,3,9,9,110,0.01496585947124629,340.6666666666667,1.0768999927677214,475
1287,100,10,75.94675048994998,0.7594675048994998,0.7594675048994998,15,5,11,11,120,0.021316353895574736,186.0,0.9807000169530511,900
1288,100,2,75.93190264273407,0.7593190264273407,0.7593190264273407,15,2,13,13,104,0.014847847215740728,1014.0,0.997199967969209,196
1289,100,2,75.91807352971456,0.7591807352971456,0.7591807352971456,14,2,12,12,104,0.013829113019355077,1014.0,1.0455000447109342,196
1290,100,4,75.90319207793094,0.7590319207793094,0.7590319207793094,12,4,8,8,108,0.014881451783399058,514.0,1.0263000149279833,384
1291,100,6,75.88105991083465,0.7588105991083465,0.7588105991083465,16,6,11,11,112,0.0221321670960144,347.3333333333333,0.9976999717764556,564
1292,100,3,75.86915653066741,0.7586915653066741,0.7586915653066741,9,3,6,6,106,0.01190338016703052,680.6666666666666,1.0272000217810273,291
1293,100,1,75.85844638631754,0.7585844638631754,0.7585844638631754,9,1,8,8,102,0.010710144349715733,2014.0,1.0249000042676926,99
1294,100,4,75.84208784665603,0.7584208784665603,0.7584208784665603,12,3,10,10,108,0.01635853966132217,660.6666666666666,1.044799981173128,384
1295,100,6,75.82556141432273,0.7582556141432274,0.7582556141432274,14,4,10,10,112,0.01652643233300566,344.0,1.0322000016458333,564
1296,100,6,75.80663118574671,0.7580663118574671,0.7580663118574671,14,4,12,12,112,0.018930228575730013,469.0,1.0142999817617238,564
1297,100,6,75.78372629207125,0.7578372629207125,0.7578372629207125,15,5,12,12,112,0.022904893675178783,386.0,0.8504000143148005,564
1298,100,3,75.76726359505076,0.7576726359505076,0.7576726359505076,14,2,12,12,106,0.01646269702028036,844.0,1.0012999991886318,291
1299,100,3,75.74929792201547,0.7574929792201547,0.7574929792201547,18,3,15,15,106,0.017965673035099883,680.6666666666666,0.8479999960400164,291
1300,100,1,75.73624666887008,0.7573624666887008,0.7573624666887008,13,1,12,12,102,0.013051253145263786,2014.0,0.997499970253557,99
1301,100,6,75.71488144283772,0.7571488144283772,0.7571488144283772,19,5,14,14,112,0.021365226032084905,382.0,1.0935000027529895,564
1302,100,6,75.69241916607884,0.7569241916607884,0.7569241916607884,16,6,11,11,112,0.02246227675860979,347.3333333333333,1.1143999872729182,564
1303,100,2,75.67722452175053,0.7567722452175053,0.7567722452175053,18,2,17,17,104,0.015194644328133222,1014.0,1.048400008585304,196
1304,100,7,75.66100428270337,0.7566100428270337,0.7566100428270337,11,4,7,7,114,0.016220239046869978,344.0,1.2322000111453235,651
1305,100,4,75.64324753644789,0.7564324753644789,0.7564324753644789,16,4,12,12,108,0.01775674625524104,514.0,1.0938000050373375,384
1306,100,4,75.62361903352303,0.7562361903352303,0.7562361903352303,17,4,15,15,108,0.019628502924643243,514.0,1.06969999615103,384
1307,100,3,75.60832739880622,0.7560832739880623,0.7560832739880623,16,3,14,14,106,0.015291634716625424,680.6666666666666,1.054000051226467,291
1308,100,9,75.58533472522387,0.7558533472522387,0.7558533472522387,17,6,11,11,118,0.02299267358195678,267.3333333333333,1.0181000106967986,819
1309,100,5,75.56646582053482,0.7556646582053481,0.7556646582053481,19,5,16,16,110,0.018868904688812194,414.0,1.0529999854043126,475
1310,100,6,75.54550580819456,0.7554550580819456,0.7554550580819456,17,5,12,12,112,0.02096001233998379,370.0,1.0164999985136092,564
1311,100,8,75.52617360952894,0.7552617360952893,0.7552617360952893,14,5,9,9,116,0.019332198665267697,294.0,1.0315999970771372,736
1312,100,2,75.51218709736193,0.7551218709736193,0.7551218709736193,15,2,13,13,104,0.013986512166841436,1014.0,1.0198999661952257,196
1313,100,3,75.49768454034862,0.7549768454034862,0.7549768454034862,14,3,11,11,106,0.014502557013130968,680.6666666666666,1.0583000257611275,291
1314,100,5,75.47471118501021,0.7547471118501021,0.7547471118501021,19,5,15,15,110,0.02297335533816991,414.0,0.9882000158540905,475
1315,100,4,75.45810566989297,0.7545810566989297,0.7545810566989297,14,3,12,12,108,0.016605515117014136,560.6666666666666,1.025899953674525,384
1316,100,5,75.4398243805529,0.7543982438055291,0.7543982438055291,16,5,12,12,110,0.01828128933980011,414.0,0.9794000070542097,475
1317,100,9,75.41574516369718,0.7541574516369718,0.7541574516369718,17,5,13,13,116,0.024079216855383834,318.0,1.00020004902035,819
1318,100,5,75.39743411102214,0.7539743411102213,0.7539743411102213,15,4,12,12,110,0.018311052674771844,439.0,0.9589000255800784,475
1319,100,6,75.37680764436841,0.7537680764436842,0.7537680764436842,15,4,11,11,112,0.020626466653443032,429.0,0.9513999684713781,564
1320,100,4,75.36294298411335,0.7536294298411335,0.7536294298411335,7,2,5,5,108,0.013864660254853334,854.0,0.8792000007815659,384
1321,100,7,75.34158178371719,0.7534158178371719,0.7534158178371719,17,7,11,11,114,0.021361200395840996,299.7142857142857,0.5191999953240156,651
1322,100,4,75.32990819009562,0.7532990819009562,0.7532990819009562,8,4,5,5,108,0.011673593621338796,514.0,0.6566999945789576,384
1323,100,4,75.31538589426668,0.7531538589426668,0.7531538589426668,12,4,10,10,108,0.014522295828712117,514.0,1.0287999757565558,384
1324,100,6,75.29425387390435,0.7529425387390435,0.7529425387390435,16,6,10,10,112,0.021132020362031767,347.3333333333333,1.033900014590472,564
1325,100,5,75.28036007937638,0.7528036007937637,0.7528036007937637,10,3,8,8,110,0.01389379452773909,467.3333333333333,0.9044000180438161,475
1326,100,4,75.26410919400283,0.7526410919400283,0.7526410919400283,12,3,9,9,108,0.016250885373317203,540.6666666666666,0.7848000386729836,384
1327,100,4,75.24909690713541,0.7524909690713542,0.7524909690713542,12,3,9,9,108,0.015012286867204239,600.6666666666666,0.5502999993041158,384
1328,100,5,75.23393667105948,0.7523393667105949,0.7523393667105949,11,3,8,8,110,0.015160236075672628,500.6666666666667,0.8770999847911298,475
1329,100,6,75.21500798299529,0.7521500798299529,0.7521500798299529,14,3,11,11,112,0.01892868806390524,540.6666666666666,1.0296000400558114,564
1330,100,7,75.19514495756371,0.7519514495756371,0.7519514495756371,12,5,9,9,114,0.019863025431256176,338.0,0.9875000105239451,651
1331,100,5,75.1744736892895,0.751744736892895,0.751744736892895,16,5,11,11,110,0.020671268273964927,414.0,1.053999993018806,475
1332,100,3,75.15949712225957,0.7515949712225957,0.7515949712225957,13,3,10,10,106,0.01497656702975192,680.6666666666666,1.02530000731349,291
1333,100,2,75.1480531444837,0.751480531444837,0.751480531444837,7,2,5,5,104,0.011443977775716263,1014.0,1.0579999652691185,196
1334,100,4,75.13251347487642,0.7513251347487642,0.7513251347487642,9,4,7,7,108,0.01553966960705111,514.0,1.0133000323548913,384
1335,100,6,75.11513590329085,0.7511513590329085,0.7511513590329085,11,5,7,7,112,0.017377571585271312,386.0,0.9602999780327082,564
1336,100,5,75.09889782976404,0.7509889782976404,0.7509889782976404,11,3,8,8,110,0.01623807352657991,454.0,0.9734000195749104,475
1337,100,7,75.0819521086384,0.7508195210863841,0.7508195210863841,13,5,9,9,114,0.016945721125328106,314.0,0.9560000034980476,651
1338,100,8,75.06663397686289,0.7506663397686288,0.7506663397686288,6,2,4,4,116,0.015318131775178045,424.0,0.9350000182166696,736
1339,100,4,75.05481739015529,0.7505481739015529,0.7505481739015529,8,3,5,5,108,0.01181658670737562,574.0,0.9815000230446458,384
1340,100,4,75.04115213705914,0.7504115213705914,0.7504115213705914,9,3,6,6,108,0.013665253095904717,600.6666666666666,1.0777999996207654,384
1341,100,2,75.03276798836275,0.7503276798836275,0.7503276798836275,4,1,4,4,104,0.008384148696229943,794.0,1.1000999948009849,196
1342,100,3,75.02137635703104,0.7502137635703104,0.7502137635703104,6,2,4,4,106,0.011391631331541419,914.0,1.129399985074997,291
1343,100,3,75.00388878734239,0.7500388878734239,0.7500388878734239,13,3,10,10,106,0.017487569688430682,680.6666666666666,1.0970999719575047,291
1344,100,2,74.98761062969925,0.7498761062969925,0.7498761062969925,14,2,13,13,104,0.016278157642968694,1014.0,1.3618000084534287,196
1345,100,8,74.96956708575814,0.7496956708575815,0.7496956708575815,9,4,6,6,116,0.018043543940780893,204.0,1.1486000148579478,736
1346,100,3,74.95768652775483,0.7495768652775483,0.7495768652775483,9,2,7,7,106,0.011880558003124264,894.0,1.1686999932862818,291
1347,100,6,74.9386483906902,0.749386483906902,0.749386483906902,15,5,10,10,112,0.019038137064324445,382.0,1.125300012063235,564
1348,100,5,74.92076269081717,0.7492076269081717,0.7492076269081717,14,5,10,10,110,0.017885699872806526,414.0,1.1386999976821244,475
1349,100,10,74.89901354374831,0.748990135437483,0.748990135437483,17,7,10,10,120,0.021749147068447883,188.28571428571428,1.0911000426858664,900
1350,100,4,74.88240758389472,0.7488240758389472,0.7488240758389472,12,3,9,9,108,0.01660595985338631,634.0,1.1221000459045172,384
1351,100,5,74.8668063681487,0.748668063681487,0.748668063681487,13,2,11,11,110,0.015601215745768116,724.0,1.0946000111289322,475
1352,100,7,74.84807674651744,0.7484807674651743,0.7484807674651743,12,4,8,8,114,0.01872962163093561,379.0,1.0921999928541481,651
1353,100,4,74.83359143094444,0.7483359143094443,0.7483359143094443,11,4,7,7,108,0.014485315572763113,514.0,1.1204999755136669,384
1354,100,8,74.8094753866252,0.7480947538662519,0.7480947538662519,16,5,11,11,116,0.024116044318915897,362.0,1.0493999579921365,736
1355,100,5,74.7918485302809,0.747918485302809,0.747918485302809,16,4,15,15,110,0.017626856344048036,504.0,1.0729000205174088,475
1356,100,2,74.77748125188015,0.7477748125188015,0.7477748125188015,14,2,13,13,104,0.014367278400587935,1014.0,1.021800038870424,196
1357,100,5,74.75952927256819,0.7475952927256819,0.7475952927256819,16,4,12,12,110,0.017951979311710886,464.0,0.770700047723949,475
1358,100,7,74.73954148605287,0.7473954148605287,0.7473954148605287,12,4,9,9,114,0.019987786515009986,384.0,0.9059000294655561,651
1359,100,7,74.71943195127686,0.7471943195127686,0.7471943195127686,15,6,10,10,114,0.020109534775706095,317.3333333333333,1.2391000054776669,651
1360,100,4,74.70404454960162,0.7470404454960162,0.7470404454960162,14,4,11,11,108,0.015387401674999523,514.0,1.4270999818108976,384
1361,100,6,74.68882072229363,0.7468882072229363,0.7468882072229363,10,2,8,8,112,0.015223827307728754,674.0,1.0785000049509108,564
1362,100,9,74.66084345600399,0.7466084345600399,0.7466084345600399,23,7,18,18,118,0.027977266289273217,248.28571428571428,1.0871000122278929,819
1363,100,4,74.64421160487784,0.7464421160487784,0.7464421160487784,15,4,11,11,108,0.01663185112592558,514.0,1.0791000095196068,384
1364,100,3,74.62785473024363,0.7462785473024363,0.7462785473024363,17,3,14,14,106,0.016356874634006147,680.6666666666666,1.0596000356599689,291
1365,100,7,74.60457145761163,0.7460457145761162,0.7460457145761162,20,6,15,15,114,0.023283272631683616,310.6666666666667,1.046899997163564,651
1366,100,7,74.5852452558582,0.745852452558582,0.745852452558582,17,4,13,13,112,0.019326201753127492,469.0,1.0135999764315784,651
1367,100,3,74.5649937716897,0.745649937716897,0.745649937716897,20,3,17,17,106,0.020251484168305467,680.6666666666666,1.0352000244893134,291
1368,100,4,74.54611708588621,0.7454611708588621,0.7454611708588621,15,3,13,13,108,0.018876685803277837,554.0,1.0804000194184482,384
1369,100,0,74.53673136250227,0.7453673136250226,0.7453673136250226,11,11,11,11,0,0.009385723383942945,17.0,0.14479999663308263,0
1370,100,7,74.51332832789801,0.7451332832789801,0.7451332832789801,18,6,13,13,114,0.023403034603962425,334.0,1.0021000052802265,651
1371,100,5,74.49421068875024,0.7449421068875024,0.7449421068875024,12,4,8,8,110,0.019117639147481214,494.0,1.0093000018969178,475
1372,100,4,74.47974860224237,0.7447974860224237,0.7447974860224237,13,4,10,10,108,0.014462086507649019,514.0,1.0414000134915113,384
1373,100,10,74.45459293019496,0.7445459293019496,0.7445459293019496,17,7,10,10,120,0.025155672047006306,234.0,0.958200020249933,900
1374,100,3,74.44118415381432,0.7444118415381432,0.7444118415381432,9,3,7,7,106,0.01340877638047644,680.6666666666666,0.9946000063791871,291
1375,100,4,74.4246323443574,0.7442463234435741,0.7442463234435741,12,4,8,8,108,0.016551809456679223,514.0,0.9798000101000071,384
1376,100,3,74.41323160203599,0.7441323160203599,0.7441323160203599,8,2,7,7,106,0.011400742321217905,884.0,1.006099977530539,291
1377,100,5,74.3954483459807,0.743954483459807,0.743954483459807,13,5,9,9,110,0.017783256055057706,414.0,0.9717000066302717,475
1378,100,6,74.37681347199766,0.7437681347199766,0.7437681347199766,14,5,9,9,112,0.0186348739827622,354.0,0.9877000120468438,564
1379,100,6,74.35810521617071,0.7435810521617071,0.7435810521617071,12,5,7,7,112,0.01870825582665958,382.0,1.0889999684877694,564
1380,100,3,74.34261797836865,0.7434261797836865,0.7434261797836865,10,3,8,8,106,0.015487237801838916,680.6666666666666,1.215199998114258,291
1381,100,6,74.32599050878062,0.7432599050878061,0.7432599050878061,14,5,9,9,110,0.01662746958775685,410.0,2.1513999672606587,564
1382,100,4,74.30775147182149,0.7430775147182149,0.7430775147182149,13,4,9,9,108,0.018239036958892285,514.0,0.9539999882690609,384
1383,100,4,74.29265246441395,0.7429265246441394,0.7429265246441394,14,4,10,10,108,0.015099007407343379,514.0,0.8800000068731606,384
1384,100,8,74.27003157373377,0.7427003157373377,0.7427003157373377,12,4,8,8,116,0.022620890679831973,319.0,0.873600016348064,736
1385,100,6,74.25444376628876,0.7425444376628876,0.7425444376628876,10,4,6,6,112,0.015587807444724433,349.0,3.110899997409433,564
1386,100,7,74.23710287960307,0.7423710287960307,0.7423710287960307,12,5,7,7,114,0.017340886685406787,374.0,1.1270000250078738,651
1387,100,7,74.21774105450477,0.7421774105450477,0.7421774105450477,16,5,11,11,114,0.01936182509799167,294.0,0.9225999820046127,651
1388,100,8,74.19049112786918,0.7419049112786918,0.7419049112786918,21,7,15,15,116,0.0272499266352213,294.0,0.958500022534281,736
1389,100,5,74.172714097514,0.74172714097514,0.74172714097514,10,4,7,7,110,0.017777030354945822,459.0,1.0429000249132514,475
1390,100,3,74.15540171668543,0.7415540171668543,0.7415540171668543,15,3,12,12,106,0.017312380828375495,680.6666666666666,0.9417000110261142,291
1391,100,6,74.13335349998808,0.7413335349998807,0.7413335349998807,18,6,13,13,112,0.022048216697093892,347.3333333333333,1.0777999996207654,564
1392,100,6,74.11426085283922,0.7411426085283922,0.7411426085283922,15,5,10,10,112,0.019092647148578834,402.0,1.8962000031024218,564
1393,100,5,74.095718890178,0.7409571889017801,0.7409571889017801,14,4,10,10,110,0.01854196266094732,494.0,0.7897999603301287,475
1394,100,4,74.08013402979118,0.7408013402979118,0.7408013402979118,13,4,9,9,108,0.015584860386596233,514.0,1.1694999993778765,384
1395,100,3,74.06145010169439,0.7406145010169439,0.7406145010169439,15,3,12,12,106,0.018683928096592695,680.6666666666666,0.8676999714225531,291
1396,100,3,74.04470012663947,0.7404470012663947,0.7404470012663947,16,3,13,13,106,0.0167499750547222,680.6666666666666,0.9914999827742577,291
1397,100,1,74.0334521659135,0.740334521659135,0.740334521659135,8,1,7,7,102,0.011247960725878414,2014.0,0.8305999799631536,99
1398,100,7,74.01221697565862,0.7401221697565862,0.7401221697565862,19,5,15,15,114,0.02123519025454712,322.0,0.9881999576464295,651
1399,100,4,73.9938445443248,0.739938445443248,0.739938445443248,17,4,13,13,108,0.018372431333613548,514.0,1.2671000440604985,384
1400,100,5,73.975388619302,0.73975388619302,0.73975388619302,14,4,10,10,110,0.01845592502252913,454.0,1.3902999926358461,475
1401,100,3,73.95691500182635,0.7395691500182635,0.7395691500182635,18,3,15,15,106,0.018473617475432746,680.6666666666666,0.9611999848857522,291
1402,100,6,73.9355926991915,0.739355926991915,0.739355926991915,12,4,9,9,112,0.02132230263458723,394.0,0.9325999999418855,564
1403,100,4,73.92006965237255,0.7392006965237254,0.7392006965237254,14,4,10,10,108,0.015523046818721298,514.0,0.92149997362867,384
1404,100,2,73.90521008893964,0.7390521008893964,0.7390521008893964,16,2,14,14,104,0.014859563432754186,1014.0,1.070900005288422,196
1405,100,9,73.88147612870779,0.7388147612870779,0.7388147612870779,14,4,10,10,116,0.0237339602314961,359.0,1.0371999815106392,819
1406,100,8,73.85937730237002,0.7385937730237002,0.7385937730237002,17,5,12,12,116,0.022098826337416,338.0,1.0495000169612467,736
1407,100,8,73.83651271831395,0.7383651271831395,0.7383651271831395,16,6,12,12,116,0.0228645840557391,280.6666666666667,1.000499993097037,736
1408,100,5,73.82295903933888,0.7382295903933889,0.7382295903933889,9,4,6,6,110,0.01355367897482651,439.0,0.9247999987564981,475
1409,100,3,73.80726656171093,0.7380726656171093,0.7380726656171093,10,3,8,8,106,0.015692477627737844,680.6666666666666,0.9151000413112342,291
1410,100,4,73.79170762633619,0.7379170762633619,0.7379170762633619,14,4,10,10,108,0.015558935374510696,514.0,0.8329999982379377,384
1411,100,6,73.77475412204456,0.7377475412204455,0.7377475412204455,11,5,7,7,112,0.016953504291375765,322.0,1.039499999023974,564
1412,100,5,73.75719010878154,0.7375719010878155,0.7375719010878155,15,4,11,11,110,0.01756401326274215,454.0,1.051599974744022,475
1413,100,4,73.74054604115254,0.7374054604115254,0.7374054604115254,13,4,9,9,108,0.016644067628799775,514.0,1.0639000101946294,384
1414,100,6,73.72227117239544,0.7372227117239544,0.7372227117239544,13,4,9,9,112,0.018274868756797957,429.0,0.9328000014647841,564
1415,100,2,73.70979985094188,0.7370979985094188,0.7370979985094188,10,2,8,8,104,0.012471321453400463,1014.0,1.0302999871782959,196
1416,100,7,73.69477670637366,0.7369477670637365,0.7369477670637365,6,1,5,5,114,0.015023144567919644,814.0,1.0037999600172043,651
1417,100,3,73.67925845703415,0.7367925845703415,0.7367925845703415,12,3,9,9,106,0.015518249339322665,680.6666666666666,1.0346999624744058,291
1418,100,4,73.6654847049257,0.736654847049257,0.736654847049257,8,2,7,7,108,0.013773752108210857,504.0,1.022100041154772,384
1419,100,6,73.6499940536512,0.736499940536512,0.736499940536512,11,4,7,7,112,0.015490651274227218,434.0,1.1113000218756497,564
1420,100,4,73.63468494027329,0.7363468494027329,0.7363468494027329,13,4,10,10,108,0.015309113377671935,514.0,0.9294000337831676,384
1421,100,6,73.61555530971653,0.7361555530971653,0.7361555530971653,16,4,12,12,112,0.01912963055648831,444.0,1.1159999994561076,564
1422,100,7,73.59255563166263,0.7359255563166264,0.7359255563166264,17,6,12,12,114,0.022999678053587047,307.3333333333333,1.1883999686688185,651
1423,100,7,73.57105359137238,0.7357105359137237,0.7357105359137237,14,5,10,10,114,0.02150204028992775,318.0,1.06380000943318,651
1424,100,9,73.54930688889482,0.7354930688889482,0.7354930688889482,14,4,11,11,118,0.021746702477198454,304.0,1.0200999677181244,819
1425,100,5,73.53197236607573,0.7353197236607574,0.7353197236607574,12,3,9,9,110,0.017334522818845954,567.3333333333334,1.0543999960646033,475
1426,100,3,73.51774210958325,0.7351774210958325,0.7351774210958325,14,3,11,11,106,0.014230256492272275,680.6666666666666,1.061999995727092,291
1427,100,4,73.50062196376395,0.7350062196376395,0.7350062196376395,16,3,13,13,108,0.017120145819102817,547.3333333333334,1.0303999879397452,384
1428,100,6,73.47630764203835,0.7347630764203835,0.7347630764203835,17,5,12,12,112,0.024314321725320553,398.0,1.0373999830335379,564
1429,100,4,73.4620185515552,0.7346201855155521,0.7346201855155521,9,3,7,7,108,0.014289090482911604,614.0,1.0309999925084412,384
1430,100,4,73.44802136931659,0.734480213693166,0.734480213693166,8,2,6,6,108,0.013997182238380645,474.0,1.0652999626472592,384
1431,100,3,73.43469770010977,0.7343469770010976,0.7343469770010976,12,3,9,9,106,0.0133236692066383,680.6666666666666,1.0016000014729798,291
1432,100,7,73.41216975368206,0.7341216975368207,0.7341216975368207,13,6,7,7,114,0.02252794642739886,294.0,0.9801000123843551,651
1433,100,8,73.39037492075359,0.7339037492075359,0.7339037492075359,17,5,12,12,116,0.021794832928147656,290.0,0.9979999740608037,736
1434,100,5,73.3695339458394,0.7336953394583939,0.7336953394583939,18,5,13,13,110,0.02084097491393777,414.0,1.0163999977521598,475
1435,100,3,73.35532069618799,0.7335532069618799,0.7335532069618799,13,2,11,11,106,0.01421324965120263,824.0,1.0728000197559595,291
1436,100,5,73.33612211682544,0.7333612211682543,0.7333612211682543,11,4,9,9,110,0.019198579362306845,404.0,0.9996999870054424,475
1437,100,3,73.31993514877205,0.7331993514877204,0.7331993514877204,18,3,15,15,106,0.016186968053208517,680.6666666666666,1.0195000213570893,291
1438,100,1,73.30829760768583,0.7330829760768584,0.7330829760768584,11,1,10,10,102,0.01163754108606696,2014.0,1.0940000065602362,99
1439,100,6,73.29002017226509,0.7329002017226509,0.7329002017226509,12,4,9,9,112,0.018277435420451127,394.0,0.9380999836139381,564
1440,100,3,73.27300667389513,0.7327300667389512,0.7327300667389512,13,3,10,10,106,0.01701349836978494,680.6666666666666,1.2138000456616282,291
1441,100,6,73.25012665828488,0.7325012665828489,0.7325012665828489,17,5,14,14,112,0.02288001560993891,406.0,1.0795000125654042,564
1442,100,7,73.23081656237197,0.7323081656237197,0.7323081656237197,15,5,10,10,114,0.019310095912643988,370.0,0.936599972192198,651
1443,100,2,73.21705288216017,0.7321705288216017,0.7321705288216017,13,2,11,11,104,0.013763680211610563,1014.0,1.0912999860011041,196
1444,100,9,73.19296823934474,0.7319296823934474,0.7319296823934474,15,6,10,10,118,0.02408464281507605,264.0,1.0449999826960266,819
1445,100,3,73.17894719297598,0.7317894719297598,0.7317894719297598,10,3,8,8,106,0.014021046368569046,680.6666666666666,1.0664999717846513,291
1446,100,1,73.16406012669222,0.7316406012669222,0.7316406012669222,12,1,11,11,102,0.014887066283620243,2014.0,1.053999993018806,99
1447,100,5,73.14375456042022,0.7314375456042022,0.7314375456042022,11,4,8,8,110,0.020305566271769493,504.0,1.068499987013638,475
1448,100,3,73.12962458480047,0.7312962458480047,0.7312962458480047,12,3,9,9,106,0.014129975619546542,680.6666666666666,1.05640001129359,291
1449,100,9,73.11040970274885,0.7311040970274886,0.7311040970274886,12,5,9,9,118,0.01921488205125499,262.0,1.0772999958135188,819
1450,100,7,73.09024465094055,0.7309024465094055,0.7309024465094055,13,5,8,8,114,0.020165051807996548,334.0,1.0255000088363886,651
1451,100,6,73.0743562319202,0.730743562319202,0.730743562319202,11,4,7,7,112,0.015888419020075872,409.0,0.9910000371746719,564
1452,100,6,73.05051353348092,0.7305051353348092,0.7305051353348092,15,5,10,10,112,0.02384269843897613,346.0,0.9080999880097806,564
1453,100,6,73.03173749243233,0.7303173749243232,0.7303173749243232,15,4,13,13,112,0.018776041048322867,439.0,1.020300027448684,564
1454,100,4,73.01692539630281,0.7301692539630281,0.7301692539630281,14,4,11,11,108,0.014812096129301011,514.0,1.0645000147633255,384
1455,100,5,72.99571534993858,0.7299571534993858,0.7299571534993858,21,5,16,16,110,0.02121004636397572,414.0,1.0077999904751778,475
1456,100,3,72.98054517599647,0.7298054517599647,0.7298054517599647,16,2,14,14,106,0.015170173941928766,844.0,1.0423999628983438,291
1457,100,1,72.96666276666245,0.7296666276666245,0.7296666276666245,14,1,13,13,102,0.013882409333870527,2014.0,0.8433999610133469,99
1458,100,7,72.941873413492,0.7294187341349201,0.7294187341349201,20,5,16,16,114,0.02478935317013864,374.0,0.9554999996908009,651
1459,100,7,72.91782967093003,0.7291782967093003,0.7291782967093003,20,7,14,14,114,0.02404374256167685,299.7142857142857,0.9397999965585768,651
1460,100,5,72.89566486107661,0.7289566486107661,0.7289566486107661,19,5,14,14,110,0.022164809853141065,414.0,1.131500001065433,475
1461,100,5,72.87240858601959,0.7287240858601959,0.7287240858601959,17,5,14,14,110,0.023256275056773745,414.0,1.0998000507242978,475
1462,100,8,72.84587135803939,0.7284587135803939,0.7284587135803939,25,8,17,17,116,0.02653722797987612,264.0,0.9383999858982861,736
1463,100,5,72.82890972376227,0.7282890972376227,0.7282890972376227,13,4,10,10,110,0.01696163427687125,484.0,1.0062999790534377,475
1464,100,0,72.81695524026071,0.7281695524026071,0.7281695524026071,10,10,10,10,0,0.011954483501547486,17.0,0.15729997539892793,0
1465,100,7,72.79463281680476,0.7279463281680476,0.7279463281680476,19,6,14,14,114,0.02232242345565183,340.6666666666667,0.9102000040002167,651
1466,100,2,72.77513090469252,0.7277513090469252,0.7277513090469252,20,2,18,18,104,0.019501912112072972,1014.0,1.2780000106431544,196
1467,100,3,72.75974244858033,0.7275974244858032,0.7275974244858032,17,3,15,15,106,0.015388456112027882,680.6666666666666,1.2603000504896045,291
1468,100,3,72.74381576786178,0.7274381576786177,0.7274381576786177,17,3,14,14,106,0.015926680718362007,680.6666666666666,0.840199994854629,291
1469,100,6,72.72349071234392,0.7272349071234392,0.7272349071234392,15,5,11,11,112,0.020325055517574242,378.0,1.9104000530205667,564
1470,100,6,72.70385000041323,0.7270385000041323,0.7270385000041323,18,4,14,14,112,0.019640711930382082,434.0,0.9967999649234116,564
1471,100,5,72.68335970960636,0.7268335970960637,0.7268335970960637,19,5,15,15,110,0.02049029080662379,414.0,1.4674999983981252,475
1472,100,11,72.65351125254197,0.7265351125254198,0.7265351125254198,22,9,13,13,122,0.029848457063959444,191.77777777777777,0.9885000181384385,979
1473,100,8,72.62879290084781,0.7262879290084782,0.7262879290084782,20,7,15,15,116,0.024718351693842067,285.42857142857144,1.0012999991886318,736
1474,100,4,72.60652430621518,0.7260652430621518,0.7260652430621518,22,4,18,18,108,0.022268594632407712,514.0,1.0085999965667725,384
1475,100,5,72.58885813191363,0.7258885813191363,0.7258885813191363,18,4,14,14,110,0.017666174301314896,469.0,1.5086000203154981,475
1476,100,5,72.56989128467336,0.7256989128467336,0.7256989128467336,20,5,17,17,110,0.01896684724000508,414.0,1.0389999952167273,475
1477,100,5,72.54941346320182,0.7254941346320182,0.7254941346320182,18,4,15,15,110,0.0204778214712924,469.0,1.716800034046173,475
1478,100,4,72.53296878870717,0.7253296878870716,0.7253296878870716,15,3,13,13,108,0.01644467449440512,614.0,1.025899953674525,384
1479,100,3,72.51478404561405,0.7251478404561404,0.7251478404561404,14,3,12,12,106,0.01818474309292739,680.6666666666666,0.8405999979004264,291
1480,100,2,72.49826522499112,0.7249826522499112,0.7249826522499112,13,2,11,11,104,0.016518820622778208,1014.0,1.191799994558096,196
1481,100,5,72.48257630532878,0.7248257630532877,0.7248257630532877,11,3,8,8,110,0.01568891966207886,547.3333333333334,0.9102000040002167,475
1482,100,3,72.46604821507276,0.7246604821507276,0.7246604821507276,16,3,13,13,106,0.016528090255828687,680.6666666666666,1.1377999908290803,291
1483,100,6,72.44834643435668,0.7244834643435668,0.7244834643435668,8,4,5,5,112,0.017701780715785986,304.0,1.1876000207848847,564
1484,100,7,72.4278609277234,0.724278609277234,0.724278609277234,13,5,9,9,114,0.020485506632979877,350.0,0.8020999957807362,651
1485,100,5,72.4133734554393,0.724133734554393,0.724133734554393,10,4,7,7,110,0.014487472283857272,439.0,1.0728000197559595,475
1486,100,5,72.39424076095,0.7239424076095,0.7239424076095,20,5,16,16,110,0.01913269448904842,414.0,0.8653000113554299,475
1487,100,6,72.37458439517322,0.7237458439517321,0.7237458439517321,16,4,12,12,112,0.019656365776494766,454.0,0.7892000139690936,564
1488,100,9,72.35489933010786,0.7235489933010786,0.7235489933010786,15,6,9,9,118,0.019685065065004892,230.66666666666666,0.9528999798931181,819
1489,100,5,72.33587572244798,0.7233587572244798,0.7233587572244798,16,5,11,11,110,0.019023607659612196,414.0,1.0287999757565558,475
1490,100,2,72.32323865340108,0.7232323865340108,0.7232323865340108,11,1,10,10,104,0.012637069046739668,1774.0,1.91580003593117,196
1491,100,4,72.31087369955151,0.723108736995515,0.723108736995515,8,3,5,5,108,0.012364953849345994,614.0,0.9150000405497849,384
1492,100,5,72.29397819881075,0.7229397819881075,0.7229397819881075,10,3,8,8,110,0.016895500740531588,440.6666666666667,1.083899987861514,475
1493,100,5,72.27652618550727,0.7227652618550726,0.7227652618550726,15,5,10,10,110,0.01745201330322743,414.0,1.3238999526947737,475
1494,100,4,72.26072616049643,0.7226072616049644,0.7226072616049644,15,4,13,13,108,0.015800025010612728,514.0,1.0373999830335379,384
1495,100,4,72.24438420194005,0.7224438420194005,0.7224438420194005,13,3,10,10,108,0.016341958556132852,587.3333333333334,0.9919999865815043,384
1496,100,5,72.22437919853427,0.7222437919853426,0.7222437919853426,17,4,14,14,110,0.020005003405547228,489.0,1.34529999922961,475
1497,100,5,72.2050964947248,0.722050964947248,0.722050964947248,17,5,13,13,110,0.01928270380921404,414.0,1.4327000244520605,475
1498,100,5,72.18563965825604,0.7218563965825604,0.7218563965825604,15,4,12,12,110,0.019456836468499716,484.0,1.386400021146983,475
1499,100,8,72.16496131442398,0.7216496131442398,0.7216496131442398,16,7,11,11,114,0.02067834383171885,288.2857142857143,0.9109000093303621,736
1500,100,7,72.1450832803468,0.721450832803468,0.721450832803468,19,5,14,14,114,0.019878034076878492,322.0,1.3558999635279179,651
1501,100,2,72.128726439582,0.7212872643958199,0.7212872643958199,15,2,13,13,104,0.016356840764647274,1014.0,0.895500008482486,196
1502,100,6,72.10913506342985,0.7210913506342984,0.7210913506342984,17,5,12,12,112,0.019591376151865347,378.0,0.909399997908622,564
1503,100,6,72.08854709935572,0.7208854709935573,0.7208854709935573,14,4,11,11,112,0.02058796407384733,364.0,0.9431000216864049,564
1504,100,6,72.06961422843483,0.7206961422843483,0.7206961422843483,13,4,11,11,112,0.01893287092058671,314.0,1.020000025164336,564
1505,100,4,72.0538503292197,0.720538503292197,0.720538503292197,13,3,10,10,108,0.015763899214938704,600.6666666666666,1.0920999920926988,384
1506,100,6,72.0385032433195,0.720385032433195,0.720385032433195,11,3,10,10,112,0.015347085899897195,474.0,1.067899982444942,564
1507,100,3,72.02219484440559,0.7202219484440558,0.7202219484440558,15,2,14,14,106,0.016308398913711386,674.0,1.1756999883800745,291
1508,100,0,72.004185529051,0.72004185529051,0.72004185529051,16,16,16,16,0,0.018009315354603928,17.0,0.1309000072069466,0
1509,100,2,71.9880587908076,0.719880587908076,0.719880587908076,16,2,14,14,104,0.01612673824324773,1014.0,1.3510999851860106,196
1510,100,3,71.96802178854051,0.7196802178854051,0.7196802178854051,19,3,17,17,106,0.02003700226687144,680.6666666666666,1.0691999923437834,291
1511,100,9,71.94604245076029,0.7194604245076028,0.7194604245076028,17,6,13,13,118,0.0219793377798716,294.0,1.366300042718649,819
1512,100,7,71.92188856894191,0.719218885689419,0.719218885689419,19,7,14,14,114,0.02415388181809419,299.7142857142857,0.8480999968014657,651
1513,100,5,71.89787993566917,0.7189787993566916,0.7189787993566916,20,5,15,15,110,0.02400863327245517,414.0,1.03420001687482,475
1514,100,4,71.88232422350288,0.7188232422350288,0.7188232422350288,13,3,11,11,108,0.015555712166072766,467.3333333333333,1.3128999853506684,384
1515,100,6,71.86565375312887,0.7186565375312887,0.7186565375312887,14,4,10,10,112,0.016670470373725266,454.0,0.7295999675989151,564
1516,100,7,71.84694893739106,0.7184694893739106,0.7184694893739106,16,6,11,11,114,0.018704815737493163,337.3333333333333,1.0047000250779092,651
1517,100,8,71.83181817115648,0.7183181817115648,0.7183181817115648,4,2,2,2,116,0.015130766234243254,394.0,0.9654000168666244,736
1518,100,3,71.81658101466698,0.7181658101466698,0.7181658101466698,13,3,10,10,106,0.015237156489305903,680.6666666666666,0.9357000235468149,291
1519,100,6,71.80246990121817,0.7180246990121817,0.7180246990121817,8,3,5,5,112,0.014111113448542767,354.0,0.9920999873429537,564
1520,100,8,71.78113378836001,0.7178113378836001,0.7178113378836001,12,5,7,7,116,0.021336112857820666,318.0,0.8824000251479447,736
1521,100,0,71.76964441078545,0.7176964441078545,0.7176964441078545,10,10,10,10,0,0.011489377574569914,17.0,0.22409996017813683,0
1522,100,4,71.75639181747732,0.7175639181747733,0.7175639181747733,8,3,5,5,108,0.013252593307885974,567.3333333333334,0.8630999946035445,384
1523,100,5,71.7374892637929,0.717374892637929,0.717374892637929,12,4,8,8,110,0.018902553684171153,429.0,1.0812999680638313,475
1524,100,3,71.72071819696778,0.7172071819696778,0.7172071819696778,15,3,13,13,106,0.016771066824922798,680.6666666666666,1.089200028218329,291
1525,100,1,71.70838777719557,0.7170838777719557,0.7170838777719557,12,1,11,11,102,0.012330419772094814,2014.0,1.0870000114664435,99
1526,100,9,71.68932131249444,0.7168932131249445,0.7168932131249445,11,4,7,7,118,0.019066464700760122,269.0,0.8855999913066626,819
1527,100,7,71.67226256738724,0.7167226256738723,0.7167226256738723,13,4,9,9,114,0.01705874510689398,334.0,1.0752000380307436,651
1528,100,5,71.65249255577602,0.7165249255577603,0.7165249255577603,17,5,12,12,110,0.019770011610969362,414.0,0.9344000136479735,475
1529,100,3,71.63342069531492,0.7163342069531492,0.7163342069531492,18,3,17,17,106,0.01907186046089393,680.6666666666666,1.0941000073216856,291
1530,100,7,71.61037309347341,0.7161037309347341,0.7161037309347341,17,7,12,12,114,0.02304760184119914,299.7142857142857,1.0012999991886318,651
1531,100,3,71.59502042458547,0.7159502042458548,0.7159502042458548,12,3,9,9,106,0.015352668887757659,680.6666666666666,1.338200003374368,291
1532,100,7,71.57371249253379,0.7157371249253379,0.7157371249253379,16,4,12,12,114,0.02130793205135717,374.0,1.0370999807491899,651
1533,100,6,71.55747543251829,0.7155747543251829,0.7155747543251829,12,4,9,9,112,0.016237060015235727,399.0,1.4584999880753458,564
1534,100,4,71.54061957798261,0.7154061957798261,0.7154061957798261,11,3,9,9,108,0.016855854535428705,514.0,0.9951000101864338,384
1535,100,4,71.52334482122491,0.7152334482122491,0.7152334482122491,15,4,12,12,108,0.017274756757487353,514.0,1.6951999859884381,384
1536,100,8,71.50024318758909,0.715002431875891,0.715002431875891,15,5,10,10,116,0.023101633635491226,298.0,0.9753000340424478,736
1537,100,9,71.47808548718835,0.7147808548718835,0.7147808548718835,13,5,9,9,118,0.02215770040035636,262.0,2.329499984625727,819
1538,100,5,71.45929084564334,0.7145929084564334,0.7145929084564334,18,5,13,13,110,0.018794641544769064,414.0,0.9809000184759498,475
1539,100,2,71.44545571934475,0.7144545571934475,0.7144545571934475,10,2,8,8,104,0.013835126298410216,1014.0,1.1716000153683126,196
1540,100,8,71.42094761417476,0.7142094761417477,0.7142094761417477,17,7,10,10,116,0.024508105169672945,262.57142857142856,0.8687999797984958,736
1541,100,6,71.3990556218217,0.713990556218217,0.713990556218217,16,5,11,11,112,0.021891992352777834,382.0,1.5036999830044806,564
1542,100,3,71.38655570232399,0.7138655570232398,0.7138655570232398,9,3,6,6,106,0.012499919497475531,680.6666666666666,1.0936000035144389,291
1543,100,3,71.37090163172488,0.7137090163172488,0.7137090163172488,13,3,11,11,106,0.015654070598955627,680.6666666666666,1.150399970356375,291
1544,100,5,71.35010269256912,0.7135010269256913,0.7135010269256913,14,4,10,10,110,0.020798939155501017,469.0,1.1188999633304775,475
1545,100,3,71.33568083444601,0.7133568083444601,0.7133568083444601,12,2,10,10,106,0.01442185812291541,824.0,1.0862000053748488,291
1546,100,3,71.31741471888974,0.7131741471888974,0.7131741471888974,20,3,17,17,106,0.01826611555607016,680.6666666666666,1.0177999502047896,291
1547,100,5,71.30236809739954,0.7130236809739954,0.7130236809739954,10,4,6,6,110,0.015046621489965162,424.0,1.0739000281319022,475
1548,100,6,71.28177325623098,0.7128177325623097,0.7128177325623097,20,6,15,15,112,0.020594841168271927,347.3333333333333,1.4174999669194221,564
1549,100,3,71.26820963164539,0.712682096316454,0.712682096316454,13,3,11,11,106,0.013563624585394507,680.6666666666666,0.9185000089928508,291
1550,100,9,71.23981954835986,0.7123981954835986,0.7123981954835986,21,8,17,17,118,0.02839008328514936,251.5,1.9242000416852534,819
1551,100,6,71.22089858005326,0.7122089858005326,0.7122089858005326,15,3,12,12,110,0.018920968306318287,540.6666666666666,0.882800028193742,564
1552,100,5,71.20284756278967,0.7120284756278967,0.7120284756278967,18,4,14,14,110,0.018051017263349678,469.0,1.0441000340506434,475
1553,100,6,71.1803036491529,0.7118030364915291,0.7118030364915291,18,5,15,15,112,0.022543913636479118,402.0,0.8594000246375799,564
1554,100,2,71.16408588985854,0.7116408588985854,0.7116408588985854,19,2,17,17,104,0.016217759294210765,1014.0,1.02090003201738,196
1555,100,7,71.14362200420167,0.7114362200420168,0.7114362200420168,16,5,12,12,114,0.020463885656536007,350.0,1.1288000387139618,651
1556,100,8,71.12432248884635,0.7112432248884635,0.7112432248884635,14,5,10,10,116,0.019299515354987307,326.0,2.0766000379808247,736
1557,100,7,71.09999546026062,0.7109999546026061,0.7109999546026061,21,6,15,15,114,0.024327028585414467,317.3333333333333,1.0628000018186867,651
1558,100,2,71.08604931730989,0.7108604931730989,0.7108604931730989,14,2,12,12,104,0.013946142950612028,1014.0,1.0494999587535858,196
1559,100,3,71.06806071156886,0.7106806071156886,0.7106806071156886,19,3,16,16,106,0.017988605740786312,680.6666666666666,0.9268000139854848,291
1560,100,2,71.05429924545578,0.7105429924545578,0.7105429924545578,16,2,14,14,104,0.013761466112935494,1014.0,1.6448000096715987,196
1561,100,7,71.03412540036959,0.7103412540036959,0.7103412540036959,17,4,13,13,114,0.020173845085881936,379.0,1.2375999940559268,651
1562,100,9,71.01066899031419,0.7101066899031419,0.7101066899031419,16,7,9,9,118,0.02345641005503296,248.28571428571428,1.4510999899357557,819
1563,100,4,70.9945140927991,0.7099451409279909,0.7099451409279909,17,3,14,14,108,0.01615489751485555,654.0,2.1200000192038715,384
1564,100,9,70.97117783515037,0.7097117783515037,0.7097117783515037,18,6,12,12,118,0.02333625764836711,274.0,0.7462999783456326,819
1565,100,4,70.95552857290207,0.7095552857290207,0.7095552857290207,16,3,13,13,108,0.015649262248079054,567.3333333333334,1.5917000127956271,384
1566,100,3,70.93766099520036,0.7093766099520036,0.7093766099520036,17,3,14,14,106,0.017867577701519366,680.6666666666666,1.1082999990321696,291
1567,100,9,70.91325017023686,0.7091325017023686,0.7091325017023686,18,6,15,15,118,0.02441082496314806,237.33333333333334,1.0158000513911247,819
1568,100,3,70.89857005617566,0.7089857005617566,0.7089857005617566,15,3,15,15,106,0.01468011406098313,680.6666666666666,0.9379000402987003,291
1569,100,7,70.87832596430495,0.7087832596430494,0.7087832596430494,14,6,10,10,114,0.020244091870395664,327.3333333333333,1.728600007481873,651
1570,100,4,70.86257975535321,0.708625797553532,0.708625797553532,16,4,13,13,108,0.015746208951519236,514.0,0.8764999802224338,384
1571,100,5,70.84583681142264,0.7084583681142265,0.7084583681142265,13,3,10,10,110,0.01674294393030351,614.0,1.1579000274650753,475
1572,100,4,70.82764032476655,0.7082764032476655,0.7082764032476655,18,3,15,15,108,0.018196486655881472,634.0,1.018800016026944,384
1573,100,5,70.81207969970646,0.7081207969970645,0.7081207969970645,13,3,10,10,110,0.01556062505983391,407.3333333333333,1.7831000150181353,475
1574,100,4,70.79500990346197,0.7079500990346197,0.7079500990346197,16,4,12,12,108,0.017069796244250313,514.0,1.395300030708313,384
1575,100,7,70.77332598988808,0.7077332598988808,0.7077332598988808,15,5,12,12,114,0.021683913573607327,318.0,1.0171999456360936,651
1576,100,1,70.76159878092457,0.7076159878092457,0.7076159878092457,7,1,6,6,102,0.01172720896336088,2014.0,1.0794000118039548,99
1577,100,5,70.74169149806335,0.7074169149806334,0.7074169149806334,12,4,8,8,110,0.019907282860980757,504.0,1.084199990145862,475
1578,100,4,70.72486487392919,0.7072486487392919,0.7072486487392919,13,3,11,11,108,0.016826624133944534,634.0,1.1975999805144966,384
1579,100,4,70.702462033057,0.70702462033057,0.70702462033057,19,4,15,15,108,0.022402840871965424,514.0,0.8449999731965363,384
1580,100,6,70.68335432208889,0.7068335432208889,0.7068335432208889,15,5,10,10,112,0.01910771096780195,382.0,1.5629999688826501,564
1581,100,7,70.6580038317936,0.7065800383179359,0.7065800383179359,19,6,13,13,114,0.025350490295007688,304.0,1.3352999812923372,651
1582,100,3,70.64589989256105,0.7064589989256105,0.7064589989256105,10,3,8,8,106,0.012103939232357419,680.6666666666666,1.5173000283539295,291
1583,100,9,70.62473664167425,0.7062473664167425,0.7062473664167425,13,6,9,9,118,0.021163250886417018,294.0,1.1609999928623438,819
1584,100,3,70.6047733666283,0.7060477336662829,0.7060477336662829,15,3,12,12,106,0.01996327504576101,680.6666666666666,1.298600051086396,291
1585,100,2,70.59130936935418,0.7059130936935418,0.7059130936935418,11,1,10,10,104,0.013463997273973405,1734.0,1.03420001687482,196
1586,100,4,70.57382751776004,0.7057382751776003,0.7057382751776003,17,4,14,14,108,0.01748185159391724,514.0,2.6108999736607075,384
1587,100,5,70.55203813916008,0.7055203813916008,0.7055203813916008,15,4,12,12,110,0.021789378599702758,499.0,1.0452999849803746,475
1588,100,3,70.53559217417127,0.7053559217417127,0.7053559217417127,14,2,12,12,106,0.016445964988612616,954.0,3.1539000337943435,291
1589,100,7,70.51519490797585,0.7051519490797585,0.7051519490797585,14,5,10,10,114,0.020397266195111285,350.0,1.0935000027529895,651
1590,100,4,70.49877875680538,0.7049877875680538,0.7049877875680538,15,3,14,14,108,0.01641615117025097,600.6666666666666,0.8950000046752393,384
1591,100,6,70.482315727791,0.70482315727791,0.70482315727791,12,3,10,10,112,0.01646302901410479,454.0,2.95290001668036,564
1592,100,5,70.46395350585789,0.7046395350585789,0.7046395350585789,19,4,16,16,110,0.01836222193285053,494.0,1.020000025164336,475
1593,100,4,70.44792386765435,0.7044792386765435,0.7044792386765435,15,4,12,12,108,0.016029638203299612,514.0,0.8977000252343714,384
1594,100,7,70.4251986194448,0.704251986194448,0.704251986194448,18,6,14,14,114,0.022725248209251703,324.0,0.8032000041566789,651
1595,100,6,70.40304412019016,0.7040304412019016,0.7040304412019016,18,5,13,13,112,0.022154499254362747,402.0,2.5260000256821513,564
1596,100,2,70.38743326109235,0.7038743326109236,0.7038743326109236,16,2,15,15,104,0.015610859097630936,1014.0,2.2311999928206205,196
1597,100,5,70.37139772095118,0.7037139772095118,0.7037139772095118,13,4,9,9,110,0.016035540140919124,479.0,1.1624000035226345,475
1598,100,9,70.34442791477001,0.7034442791477001,0.7034442791477001,22,7,15,15,118,0.02696980618082989,234.0,0.9559000027365983,819
1599,100,3,70.32718007533366,0.7032718007533366,0.7032718007533366,18,3,15,15,106,0.017247839436162593,680.6666666666666,0.922099978197366,291
1600,100,7,70.30611778542317,0.7030611778542317,0.7030611778542317,16,6,11,11,114,0.02106228991015513,310.6666666666667,3.0414999928325415,651
1601,100,5,70.28178843557282,0.7028178843557282,0.7028178843557282,20,5,16,16,110,0.02432934985010249,414.0,1.0086999973282218,475
1602,100,8,70.26026618337018,0.7026026618337018,0.7026026618337018,17,7,12,12,116,0.02152225220231685,268.2857142857143,1.7553999787196517,736
1603,100,7,70.24165986903256,0.7024165986903256,0.7024165986903256,14,4,10,10,114,0.018606314337283436,399.0,1.117900013923645,651
1604,100,2,70.22976333022946,0.7022976333022946,0.7022976333022946,10,1,9,9,104,0.011896538802957934,1794.0,1.5421000425703824,196
1605,100,6,70.20914190609716,0.7020914190609716,0.7020914190609716,17,6,11,11,112,0.02062142413201329,347.3333333333333,1.0560999508015811,564
1606,100,4,70.19543094587185,0.7019543094587185,0.7019543094587185,8,3,5,5,108,0.013710960225093771,540.6666666666666,0.9892999660223722,384
1607,100,10,70.1741184454236,0.701741184454236,0.701741184454236,13,6,9,9,120,0.02131250044785915,260.6666666666667,1.1206999770365655,900
1608,100,1,70.1599133652193,0.701599133652193,0.701599133652193,12,1,11,11,102,0.01420508020416733,2014.0,0.8033000049181283,99
1609,100,6,70.14173435601444,0.7014173435601444,0.7014173435601444,15,4,12,12,112,0.018179009204594365,384.0,1.608499966096133,564
1610,100,6,70.12000094995847,0.7012000094995847,0.7012000094995847,18,6,13,13,112,0.021733406055659543,347.3333333333333,0.8897999650798738,564
1611,100,4,70.10036327196481,0.701003632719648,0.701003632719648,14,4,11,11,108,0.019637677993440406,514.0,1.3395999558269978,384
1612,100,7,70.07518555637868,0.7007518555637868,0.7007518555637868,22,7,15,15,114,0.02517771558584414,299.7142857142857,1.0623999987728894,651
1613,100,5,70.05547031381239,0.700554703138124,0.700554703138124,15,4,12,12,110,0.01971524256602919,459.0,0.9680999792180955,475
1614,100,3,70.04245904629842,0.7004245904629842,0.7004245904629842,11,3,9,9,106,0.013011267513761027,680.6666666666666,1.0630000033415854,291
1615,100,6,70.01941392531137,0.7001941392531137,0.7001941392531137,19,5,14,14,112,0.023045120986775913,398.0,1.0021000052802265,564
1616,100,6,70.0006660784767,0.700006660784767,0.700006660784767,15,6,10,10,112,0.0187478468343798,347.3333333333333,1.0560000082477927,564
1617,100,3,69.98311426958858,0.6998311426958859,0.6998311426958859,16,3,13,13,106,0.017551808887905196,680.6666666666666,0.9680999792180955,291
1618,100,2,69.96854585829071,0.6996854585829071,0.6996854585829071,16,2,15,15,104,0.014568411297741335,1014.0,3.4039999591186643,196
1619,100,2,69.95413750624485,0.6995413750624485,0.6995413750624485,13,2,11,11,104,0.014408352045698791,1014.0,0.8836000342853367,196
1620,100,7,69.93345302072728,0.6993345302072729,0.6993345302072729,16,5,11,11,114,0.020684485517257656,366.0,0.9970999672077596,651
1621,100,4,69.91660230231243,0.6991660230231243,0.6991660230231243,16,3,13,13,108,0.016850718414627153,607.3333333333334,1.6516000032424927,384
1622,100,4,69.90043504503528,0.6990043504503528,0.6990043504503528,12,3,9,9,108,0.016167257276933356,534.0,0.9531999821774662,384
1623,100,4,69.88480544609264,0.6988480544609265,0.6988480544609265,12,3,9,9,108,0.015629598942410894,614.0,1.0632999474182725,384
1624,100,4,69.86898732108504,0.6986898732108504,0.6986898732108504,14,4,10,10,108,0.015818125007378114,514.0,1.0038000182248652,384
1625,100,5,69.84952932304942,0.6984952932304942,0.6984952932304942,18,5,14,14,110,0.01945799803536019,414.0,0.9597999742254615,475
1626,100,6,69.83010142566941,0.6983010142566941,0.6983010142566941,18,5,13,13,112,0.01942789737974593,374.0,1.0656000231392682,564
1627,100,7,69.80723654623449,0.698072365462345,0.698072365462345,17,5,13,13,114,0.022864879434592922,370.0,1.1455999920144677,651
1628,100,2,69.79406297979568,0.6979406297979568,0.6979406297979568,13,2,11,11,104,0.013173566438652529,1014.0,0.8694999851286411,196
1629,100,6,69.77317024034659,0.6977317024034658,0.6977317024034658,18,5,14,14,112,0.020892739448822084,370.0,0.8969999616965652,564
1630,100,5,69.75170735819627,0.6975170735819627,0.6975170735819627,16,5,11,11,110,0.02146288215007175,414.0,1.0652000200934708,475
1631,100,4,69.73609445181314,0.6973609445181315,0.6973609445181315,14,4,10,10,108,0.015612906382905578,514.0,1.5360999968834221,384
1632,100,11,69.7088538787169,0.6970885387871689,0.6970885387871689,22,8,16,16,120,0.027240573095813403,214.0,0.977699994109571,979
1633,100,5,69.68927187041339,0.6968927187041339,0.6968927187041339,18,5,13,13,110,0.019582008303242304,414.0,1.6143000102601945,475
1634,100,2,69.67472195965613,0.6967472195965613,0.6967472195965613,16,2,14,14,104,0.01454991075712897,1014.0,0.8643000037409365,196
1635,100,4,69.65612969845013,0.6965612969845013,0.6965612969845013,20,4,16,16,108,0.01859226120575741,514.0,1.0430999682284892,384
1636,100,3,69.63970545501736,0.6963970545501736,0.6963970545501736,14,2,12,12,106,0.016424243432577867,874.0,0.9988000383600593,291
1637,100,3,69.62199312523528,0.6962199312523528,0.6962199312523528,17,3,14,14,106,0.017712329781897296,680.6666666666666,1.5486999764107168,291
1638,100,8,69.59546279251789,0.6959546279251789,0.6959546279251789,20,7,16,16,116,0.026530332717037197,268.2857142857143,1.3850000104866922,736
1639,100,6,69.5757259873666,0.695757259873666,0.695757259873666,16,5,11,11,112,0.019736805151030268,374.0,1.0522999800741673,564
1640,100,1,69.56312023471858,0.6956312023471858,0.6956312023471858,10,1,10,10,102,0.012605752647878887,2014.0,1.1960999690927565,99
1641,100,8,69.54256012921492,0.6954256012921491,0.6954256012921491,15,6,9,9,116,0.020560105503310666,290.6666666666667,1.3799999724142253,736
1642,100,4,69.5227847076632,0.6952278470766321,0.6952278470766321,17,4,13,13,108,0.01977542155151113,514.0,0.9189000120386481,384
1643,100,3,69.50824501012698,0.6950824501012698,0.6950824501012698,15,3,14,14,106,0.014539697536019247,680.6666666666666,1.0098000057041645,291
1644,100,3,69.49407550424132,0.6949407550424133,0.6949407550424133,11,3,8,8,106,0.014169505885476497,680.6666666666666,0.9252000018022954,291
1645,100,7,69.47308730064603,0.6947308730064603,0.6947308730064603,13,5,10,10,114,0.020988203594978216,346.0,1.7576999962329865,651
1646,100,4,69.45718874545061,0.694571887454506,0.694571887454506,13,4,9,9,108,0.0158985551951929,514.0,0.9565000073052943,384
1647,100,3,69.44482654877368,0.6944482654877367,0.6944482654877367,10,2,8,8,106,0.012362196676718895,754.0,1.111100020352751,291
1648,100,6,69.42432731547747,0.6942432731547747,0.6942432731547747,13,5,8,8,112,0.020499233295936392,358.0,1.0241999989375472,564
1649,100,0,69.4169457321288,0.694169457321288,0.694169457321288,8,8,8,8,0,0.007381583348681886,17.0,0.556900049559772,0
1650,100,5,69.40137006015907,0.6940137006015906,0.6940137006015906,13,4,10,10,110,0.015575671969454419,424.0,0.8534000371582806,475
1651,100,6,69.38067727431807,0.6938067727431807,0.6938067727431807,20,6,17,17,112,0.020692785840726202,347.3333333333333,0.826600007712841,564
1652,100,8,69.35927015087044,0.6935927015087044,0.6935927015087044,13,5,9,9,116,0.021407123447289678,302.0,1.2884000316262245,736
1653,100,5,69.34326954491459,0.6934326954491459,0.6934326954491459,14,4,11,11,110,0.016000605955582614,499.0,0.8380000363104045,475
1654,100,12,69.31080131698117,0.6931080131698117,0.6931080131698117,21,8,16,16,124,0.03246822793299131,221.5,0.9420000133104622,1056
1655,100,4,69.2942156682759,0.6929421566827589,0.6929421566827589,15,4,12,12,108,0.016585648705053302,514.0,1.0006999946199358,384
1656,100,10,69.26876390852068,0.6926876390852068,0.6926876390852068,18,6,13,13,120,0.025451759754812286,244.0,0.8863999973982573,900
1657,100,2,69.25402480858423,0.6925402480858424,0.6925402480858424,14,2,12,12,104,0.014739099936317501,1014.0,0.9837999823503196,196
1658,100,2,69.23670765524244,0.6923670765524244,0.6923670765524244,13,2,11,11,104,0.01731715334161521,1014.0,1.4686000067740679,196
1659,100,7,69.21744758338627,0.6921744758338627,0.6921744758338627,14,5,9,9,114,0.019260071855853766,362.0,0.8470999891869724,651
1660,100,3,69.20152205337128,0.6920152205337128,0.6920152205337128,15,3,12,12,106,0.01592553001481889,680.6666666666666,0.9966999641619623,291
1661,100,5,69.17731555962759,0.6917731555962758,0.6917731555962758,15,5,10,10,110,0.024206493743410107,414.0,1.0918999905698001,475
1662,100,4,69.16076697473021,0.691607669747302,0.691607669747302,12,3,9,9,108,0.01654858489718336,567.3333333333334,1.0660000261850655,384
1663,100,6,69.14317874560167,0.6914317874560167,0.6914317874560167,14,5,10,10,112,0.017588229128229216,394.0,1.09629996586591,564
1664,100,7,69.12114692987001,0.6912114692987,0.6912114692987,20,5,16,16,114,0.022031815731367033,346.0,0.950800022110343,651
1665,100,5,69.09978341856606,0.6909978341856606,0.6909978341856606,20,5,16,16,110,0.021363511303700733,414.0,0.8033000049181283,475
1666,100,5,69.08327914634955,0.6908327914634955,0.6908327914634955,13,3,10,10,110,0.016504272216252502,594.0,0.8709999965503812,475
1667,100,2,69.0694654434802,0.6906946544348019,0.6906946544348019,13,2,12,12,104,0.013813702869185818,1014.0,0.8299000328406692,196
1668,100,2,69.05539796916364,0.6905539796916363,0.6905539796916363,12,2,10,10,104,0.014067474316398432,1014.0,1.1129999766126275,196
1669,100,4,69.04127883423081,0.6904127883423081,0.6904127883423081,13,4,9,9,108,0.014119134932592203,514.0,0.8847000426612794,384
1670,100,5,69.02082312802251,0.6902082312802251,0.6902082312802251,16,5,11,11,110,0.020455706208078794,414.0,0.9051000233739614,475
1671,100,2,69.00366740100873,0.6900366740100873,0.6900366740100873,17,2,16,16,104,0.017155727013612676,1014.0,1.0217999806627631,196
1672,100,10,68.97244536311194,0.6897244536311194,0.6897244536311194,23,8,15,15,118,0.031222037896409205,241.5,1.0423999628983438,900
1673,100,6,68.95253024966455,0.6895253024966455,0.6895253024966455,18,5,13,13,112,0.019915113447101618,342.0,1.0474000009708107,564
1674,100,12,68.9227918434343,0.689227918434343,0.689227918434343,21,7,15,15,124,0.029738406229800063,202.57142857142858,0.9122000192292035,1056
1675,100,3,68.90474540205527,0.6890474540205527,0.6890474540205527,21,3,19,19,106,0.018046441378814393,680.6666666666666,1.08889996772632,291
1676,100,4,68.88829567282565,0.6888829567282565,0.6888829567282565,17,3,15,15,108,0.016449729229410792,600.6666666666666,1.0362999746575952,384
1677,100,6,68.86973159941714,0.6886973159941714,0.6886973159941714,12,3,11,11,112,0.018564073408221304,414.0,0.804100011009723,564
1678,100,2,68.85560480801009,0.6885560480801008,0.6885560480801008,14,2,12,12,104,0.014126791406908978,1014.0,1.2370000476948917,196
1679,100,7,68.83791376373298,0.6883791376373298,0.6883791376373298,14,5,11,11,114,0.01769104427675927,346.0,0.7892000139690936,651
1680,100,5,68.82092974745316,0.6882092974745316,0.6882092974745316,16,3,13,13,110,0.016984016279582903,520.6666666666666,1.1275999713689089,475
1681,100,8,68.79935794565222,0.6879935794565222,0.6879935794565222,15,6,11,11,116,0.021571801800618573,274.0,1.0263000149279833,736
1682,100,3,68.7838249442372,0.6878382494423719,0.6878382494423719,13,3,10,10,106,0.015533001414830494,680.6666666666666,1.1028999579139054,291
1683,100,5,68.76348298259744,0.6876348298259743,0.6876348298259743,16,5,11,11,110,0.020341961639516626,414.0,1.0427000233903527,475
1684,100,2,68.75046307429328,0.6875046307429328,0.6875046307429328,10,2,8,8,104,0.013019908303981254,1014.0,0.9764000424183905,196
1685,100,3,68.73680796755711,0.6873680796755711,0.6873680796755711,9,2,7,7,106,0.013655106735985356,934.0,2.238399989437312,291
1686,100,9,68.71688419860872,0.6871688419860873,0.6871688419860873,13,4,11,11,118,0.019923768948032716,364.0,1.4961999841034412,819
1687,100,7,68.69690212735891,0.686969021273589,0.686969021273589,14,6,9,9,114,0.019982071249465605,324.0,1.4791999710723758,651
1688,100,8,68.67192565185728,0.6867192565185728,0.6867192565185728,20,7,13,13,116,0.02497647550130111,265.42857142857144,1.0092000011354685,736
1689,100,5,68.65354171420668,0.6865354171420668,0.6865354171420668,15,5,11,11,110,0.018383937650362725,414.0,1.0381000465713441,475
1690,100,4,68.63941414283991,0.6863941414283992,0.6863941414283992,11,3,9,9,108,0.014127571366508107,587.3333333333334,1.06969999615103,384
1691,100,7,68.61878212980005,0.6861878212980005,0.6861878212980005,12,6,9,9,114,0.020632013039584507,337.3333333333333,1.0034000151790679,651
1692,100,3,68.60436133365377,0.6860436133365377,0.6860436133365377,13,3,11,11,106,0.014420796146069392,680.6666666666666,0.9820999694056809,291
1693,100,0,68.59414903951627,0.6859414903951627,0.6859414903951627,9,9,9,9,0,0.01021229413751712,17.0,0.12269994476810098,0
1694,100,2,68.5800885801338,0.685800885801338,0.685800885801338,11,2,10,10,104,0.014060459382299939,1014.0,1.222899998538196,196
1695,100,5,68.56316771537142,0.6856316771537142,0.6856316771537142,12,3,9,9,110,0.016920864762127508,394.0,0.9982999763451517,475
1696,100,8,68.53961230632108,0.6853961230632107,0.6853961230632107,16,6,12,12,116,0.023555409049990317,287.3333333333333,0.9896000265143812,736
1697,100,8,68.51698566083279,0.6851698566083279,0.6851698566083279,20,7,14,14,116,0.022626645487935804,288.2857142857143,1.1036999640055,736
1698,100,4,68.50117670364615,0.6850117670364615,0.6850117670364615,13,3,11,11,106,0.015808957186415284,674.0,1.0251000057905912,384
1699,100,4,68.48408907151665,0.6848408907151665,0.6848408907151665,14,3,12,12,106,0.017087632129303643,674.0,0.9341000113636255,384
1700,100,5,68.46669815053914,0.6846669815053914,0.6846669815053914,13,4,9,9,110,0.017390920977220503,449.0,1.0293000377714634,475
1701,100,4,68.44836880046526,0.6844836880046526,0.6844836880046526,15,3,12,12,108,0.018329350073688744,560.6666666666666,0.826900009997189,384
1702,100,5,68.43064548557159,0.6843064548557158,0.6843064548557158,14,4,10,10,110,0.017723314893430597,504.0,1.135599974077195,475
1703,100,4,68.40960979268088,0.6840960979268088,0.6840960979268088,15,4,11,11,108,0.021035692890478686,514.0,1.1032000184059143,384
1704,100,7,68.38505265434536,0.6838505265434536,0.6838505265434536,20,7,14,14,114,0.024557138335207895,299.7142857142857,1.1190999648533762,651
1705,100,7,68.36279019486473,0.6836279019486473,0.6836279019486473,18,5,14,14,114,0.022262459480327124,386.0,0.9873000090010464,651
1706,100,7,68.34276138863748,0.6834276138863749,0.6834276138863749,15,6,10,10,114,0.02002880622693226,314.0,0.8815000182949007,651
1707,100,8,68.32068988269879,0.6832068988269878,0.6832068988269878,18,6,14,14,116,0.0220715059383636,284.0,1.3769999495707452,736
1708,100,5,68.30333533290634,0.6830333533290635,0.6830333533290635,13,4,9,9,110,0.017354549792209184,404.0,0.9920000447891653,475
1709,100,5,68.28459817685777,0.6828459817685777,0.6828459817685777,15,5,11,11,110,0.018737156048310055,414.0,0.7496000034734607,475
1710,100,7,68.26060316600298,0.6826060316600298,0.6826060316600298,19,6,13,13,114,0.023995010854473975,317.3333333333333,1.0187000152654946,651
1711,100,6,68.24399458926759,0.6824399458926759,0.6824399458926759,14,4,10,10,112,0.016608576735087865,389.0,1.2929000076837838,564
1712,100,2,68.2315546811854,0.682315546811854,0.682315546811854,12,2,10,10,104,0.01243990808205453,1014.0,0.9832999785430729,196
1713,100,5,68.21187493581711,0.6821187493581711,0.6821187493581711,14,5,9,9,110,0.01967974536800554,414.0,0.8897999650798738,475
1714,100,5,68.19568615011643,0.6819568615011643,0.6819568615011643,12,3,9,9,110,0.016188785700407493,487.3333333333333,0.8551999926567078,475
1715,100,2,68.18234853944483,0.6818234853944483,0.6818234853944483,13,2,11,11,104,0.013337610671481315,1014.0,1.0141999810002744,196
1716,100,1,68.16905256955884,0.6816905256955884,0.6816905256955884,14,1,13,13,102,0.013295969885845693,2014.0,1.1004999978467822,99
1717,100,3,68.1524329624306,0.681524329624306,0.681524329624306,12,3,10,10,106,0.016619607128042446,680.6666666666666,1.0274999658577144,291
1718,100,5,68.13699840343673,0.6813699840343673,0.6813699840343673,14,4,11,11,110,0.015434558993622005,434.0,0.9878999553620815,475
1719,100,7,68.1145038720178,0.6811450387201781,0.6811450387201781,19,6,14,14,114,0.022494531418594477,337.3333333333333,0.977999996393919,651
1720,100,4,68.09783150292174,0.6809783150292174,0.6809783150292174,16,4,13,13,108,0.01667236909587544,514.0,1.1778000043705106,384
1721,100,5,68.0811416202343,0.6808114162023431,0.6808114162023431,11,3,8,8,110,0.0166898826871531,574.0,1.0356999700888991,475
1722,100,7,68.06417278146598,0.6806417278146598,0.6806417278146598,11,3,9,9,114,0.016968838768047334,440.6666666666667,1.2389000039547682,651
1723,100,5,68.04446316472408,0.6804446316472408,0.6804446316472408,17,5,14,14,110,0.019709616741611313,414.0,0.8202999597415328,475
1724,100,8,68.02667620899616,0.6802667620899616,0.6802667620899616,13,5,9,9,116,0.017786955727572717,222.0,0.9896000265143812,736
1725,100,6,68.00693737274135,0.6800693737274135,0.6800693737274135,17,5,12,12,112,0.019738836254546754,366.0,1.0531999869272113,564
1726,100,4,67.99094392963312,0.6799094392963312,0.6799094392963312,16,3,13,13,108,0.015993443107998218,607.3333333333334,1.1687000514939427,384
1727,100,5,67.97217602552804,0.6797217602552804,0.6797217602552804,18,5,13,13,110,0.018767904104834088,414.0,1.0511000291444361,475
1728,100,3,67.95670430649837,0.6795670430649836,0.6795670430649836,15,3,13,13,106,0.015471719029491737,680.6666666666666,1.040400005877018,291
1729,100,6,67.9316516617305,0.679316516617305,0.679316516617305,22,5,19,19,112,0.025052644767583843,370.0,1.0571000166237354,564
1730,100,1,67.91151778269453,0.6791151778269453,0.6791151778269453,21,1,20,20,102,0.020133879035839186,2014.0,1.0828999802470207,99
1731,100,5,67.8882262751641,0.678882262751641,0.678882262751641,25,5,20,20,110,0.02329150753016762,414.0,0.8632999961264431,475
1732,100,6,67.86233074966555,0.6786233074966554,0.6786233074966554,23,6,18,18,112,0.02589552549829932,347.3333333333333,0.820100016426295,564
1733,100,9,67.83395837656715,0.6783395837656715,0.6783395837656715,26,8,18,18,118,0.028372373098015657,246.5,0.8535999804735184,819
1734,100,2,67.8162315660132,0.678162315660132,0.678162315660132,23,2,21,21,104,0.017726810553789107,1014.0,1.0999999940395355,196
1735,100,2,67.80161499851566,0.6780161499851566,0.6780161499851566,17,2,15,15,104,0.014616567497363064,1014.0,0.9040000149980187,196
1736,100,5,67.7831776503722,0.677831776503722,0.677831776503722,19,5,17,17,110,0.01843734814323028,414.0,1.0258000111207366,475
1737,100,6,67.76124743357508,0.6776124743357508,0.6776124743357508,20,5,15,15,112,0.02193021679681806,406.0,0.9511999669484794,564
1738,100,7,67.73361235338413,0.6773361235338413,0.6773361235338413,25,7,19,19,114,0.02763508019065597,299.7142857142857,0.811200006864965,651
1739,100,4,67.71109953789237,0.6771109953789236,0.6771109953789236,19,4,17,17,108,0.022512815491531057,514.0,0.7854999857954681,384
1740,100,1,67.69470057830357,0.6769470057830357,0.6769470057830357,20,1,19,19,102,0.016398959588677542,2014.0,1.1534999939613044,99
1741,100,5,67.6714446431889,0.676714446431889,0.676714446431889,25,5,20,20,110,0.023255935114391946,414.0,1.0910999844782054,475
1742,100,1,67.65949172505441,0.6765949172505441,0.6765949172505441,12,1,11,11,102,0.011952918134355173,2014.0,1.0998000507242978,99
1743,100,8,67.63571268886659,0.6763571268886659,0.6763571268886659,21,8,14,14,116,0.023779036187498548,264.0,1.069999998435378,736
1744,100,6,67.60970690572815,0.6760970690572815,0.6760970690572815,22,5,17,17,112,0.02600578313815305,406.0,1.0743000311776996,564
1745,100,5,67.58769297391481,0.6758769297391481,0.6758769297391481,18,4,16,16,110,0.022013931813098964,444.0,0.9296000353060663,475
1746,100,6,67.56437600233261,0.675643760023326,0.675643760023326,25,6,21,21,112,0.02331697158192725,347.3333333333333,0.9203000226989388,564
1747,100,5,67.5426351004942,0.675426351004942,0.675426351004942,22,5,18,18,110,0.021740901838143145,414.0,1.1827999842353165,475
1748,100,5,67.51985632868369,0.6751985632868369,0.6751985632868369,20,5,15,15,110,0.022778771810259002,414.0,1.0454000439494848,475
1749,100,2,67.50076880492054,0.6750076880492054,0.6750076880492054,19,2,17,17,104,0.019087523762962633,1014.0,1.0742999729700387,196
1750,100,6,67.48089802667118,0.6748089802667119,0.6748089802667119,18,5,15,15,112,0.019870778249099885,374.0,1.0370999807491899,564
1751,100,5,67.46011924679883,0.6746011924679882,0.6746011924679882,21,4,17,17,110,0.02077877987208865,479.0,1.1881000245921314,475
1752,100,2,67.44723268708105,0.6744723268708106,0.6744723268708106,12,2,11,11,104,0.012886559717621537,1014.0,0.8274000138044357,196
1753,100,6,67.42592857246876,0.6742592857246876,0.6742592857246876,20,6,14,14,112,0.021304114612000546,347.3333333333333,0.7938999915495515,564
1754,100,10,67.40075778206776,0.6740075778206776,0.6740075778206776,19,7,13,13,120,0.025170790400629528,214.0,0.9905000333674252,900
1755,100,4,67.38412326954945,0.6738412326954945,0.6738412326954945,16,3,14,14,108,0.01663451251807402,607.3333333333334,0.9315999923273921,384
1756,100,4,67.36259372105982,0.6736259372105983,0.6736259372105983,17,4,13,13,108,0.02152954848940425,514.0,1.014699984807521,384
1757,100,10,67.34075631471589,0.6734075631471589,0.6734075631471589,14,4,11,11,118,0.021837406343543364,324.0,0.8378999773412943,900
1758,100,5,67.32132279254247,0.6732132279254247,0.6732132279254247,19,4,15,15,110,0.019433522173152085,504.0,1.05050002457574,475
1759,100,4,67.30541460083207,0.6730541460083207,0.6730541460083207,14,3,11,11,108,0.015908191710188646,654.0,1.027700025588274,384
1760,100,3,67.29104601424598,0.6729104601424598,0.6729104601424598,14,3,11,11,106,0.014368586585902676,680.6666666666666,1.310099964030087,291
1761,100,3,67.27343150376505,0.6727343150376506,0.6727343150376506,19,3,16,16,106,0.01761451048073326,680.6666666666666,1.0864000068977475,291
1762,100,3,67.25649188188173,0.6725649188188173,0.6725649188188173,19,3,16,16,106,0.016939621883125255,680.6666666666666,1.1594999814406037,291
1763,100,6,67.23626519969031,0.672362651996903,0.672362651996903,15,4,12,12,112,0.020226682191136547,424.0,1.090400037355721,564
1764,100,10,67.20415687037594,0.6720415687037594,0.6720415687037594,26,10,19,19,120,0.03210832931397789,214.0,1.055800006724894,900
1765,100,6,67.18521952059488,0.6718521952059489,0.6718521952059489,16,5,11,11,112,0.018937349780770774,398.0,1.4931000187061727,564
1766,100,4,67.16615108107511,0.6716615108107511,0.6716615108107511,18,4,15,15,108,0.019068439519564606,514.0,1.0275000240653753,384
1767,100,6,67.14393244950092,0.6714393244950092,0.6714393244950092,18,6,15,15,112,0.022218631573906578,347.3333333333333,1.2229999992996454,564
1768,100,9,67.12540150714112,0.6712540150714112,0.6712540150714112,12,5,7,7,116,0.018530942359461733,274.0,1.137100043706596,819
1769,100,7,67.11023348171909,0.671102334817191,0.671102334817191,8,4,5,5,114,0.015168025421708364,264.0,2.535699983127415,651
1770,100,6,67.09276159606634,0.6709276159606634,0.6709276159606634,12,4,8,8,112,0.017471885652454944,404.0,0.8424999541603029,564
1771,100,3,67.07905388777884,0.6707905388777884,0.6707905388777884,13,3,10,10,106,0.013707708287320486,680.6666666666666,2.1330000017769635,291
1772,100,5,67.0647686457927,0.6706476864579269,0.6706476864579269,9,3,7,7,110,0.014285241985895425,420.6666666666667,0.8301999769173563,475
1773,100,5,67.04749566352203,0.6704749566352203,0.6704749566352203,14,3,11,11,110,0.01727298227039853,600.6666666666666,0.9617999894544482,475
1774,100,2,67.02773695391173,0.6702773695391173,0.6702773695391173,15,2,13,13,104,0.019758709610158576,1014.0,1.0442999773658812,196
1775,100,2,67.01515444377534,0.6701515444377535,0.6701515444377535,11,2,9,9,104,0.012582510136198266,1014.0,1.218399964272976,196
1776,100,4,66.99796365917747,0.6699796365917747,0.6699796365917747,11,4,7,7,108,0.017190784597651998,514.0,1.0712000075727701,384
1777,100,7,66.9777209048367,0.669777209048367,0.669777209048367,14,5,9,9,114,0.020242754340451086,330.0,0.8830999722704291,651
1778,100,2,66.96581445473909,0.6696581445473909,0.6696581445473909,8,2,6,6,104,0.011906450097470156,1014.0,0.9238999919034541,196
1779,100,7,66.9445741329686,0.6694457413296859,0.6694457413296859,15,6,10,10,114,0.021240321770171988,294.0,1.2035999679937959,651
1780,100,5,66.92736444101027,0.6692736444101027,0.6692736444101027,11,4,7,7,110,0.017209691958086637,499.0,1.1298999888822436,475
1781,100,7,66.91166266966034,0.6691166266966034,0.6691166266966034,9,2,7,7,114,0.0157017713496046,614.0,1.0027000098489225,651
1782,100,5,66.89412796791768,0.6689412796791768,0.6689412796791768,12,3,9,9,110,0.0175347017424059,560.6666666666666,1.0030000121332705,475
1783,100,4,66.88149839679551,0.668814983967955,0.668814983967955,7,2,5,5,108,0.012629571121969718,804.0,0.8963999571278691,384
1784,100,2,66.86922976177787,0.6686922976177787,0.6686922976177787,13,2,11,11,104,0.012268635017463225,1014.0,1.1218999861739576,196
1785,100,5,66.8498576007034,0.668498576007034,0.668498576007034,13,5,9,9,110,0.019372161074208805,414.0,0.9077999857254326,475
1786,100,5,66.8328396128507,0.668328396128507,0.668328396128507,11,4,7,7,110,0.017017987852440797,439.0,2.250300021842122,475
1787,100,5,66.81582666358766,0.6681582666358765,0.6681582666358765,10,4,6,6,110,0.017012949262777965,499.0,1.1006999993696809,475
1788,100,3,66.79943507786398,0.6679943507786398,0.6679943507786398,13,3,11,11,106,0.016391585723503965,680.6666666666666,1.0099000064656138,291
1789,100,4,66.78122470364417,0.6678122470364417,0.6678122470364417,15,4,11,11,108,0.018210374219599146,514.0,0.9991999831981957,384
1790,100,11,66.75367466369654,0.6675367466369654,0.6675367466369654,16,7,10,10,122,0.02755003994719374,239.71428571428572,1.8733000033535063,979
1791,100,3,66.73789535488979,0.6673789535488979,0.6673789535488979,13,3,10,10,106,0.01577930880656453,680.6666666666666,1.0438999743200839,291
1792,100,3,66.72183039156224,0.6672183039156223,0.6672183039156223,15,3,12,12,106,0.01606496332735219,680.6666666666666,1.1004999978467822,291
1793,100,4,66.70902069353944,0.6670902069353944,0.6670902069353944,7,4,5,5,108,0.012809698022579141,514.0,0.797300017438829,384
1794,100,5,66.69505063074072,0.6669505063074073,0.6669505063074073,8,3,6,6,110,0.013970062798456695,487.3333333333333,1.0379000450484455,475
1795,100,8,66.674587102026,0.66674587102026,0.66674587102026,16,6,11,11,116,0.020463528714380175,267.3333333333333,0.9463999886065722,736
1796,100,7,66.65524619913761,0.6665524619913761,0.6665524619913761,14,6,9,9,114,0.019340902888096423,320.6666666666667,0.8144000312313437,651
1797,100,5,66.63852717467711,0.6663852717467711,0.6663852717467711,12,3,9,9,110,0.016719024460229548,534.0,0.9605999803170562,475
1798,100,4,66.62430254344109,0.6662430254344109,0.6662430254344109,12,3,10,10,108,0.014224631235805418,600.6666666666666,0.9945000056177378,384
1799,100,5,66.60813217484582,0.6660813217484582,0.6660813217484582,14,4,10,10,110,0.01617036859502008,484.0,0.8098999969661236,475
1800,100,2,66.59670643649864,0.6659670643649863,0.6659670643649863,7,2,5,5,104,0.011425738347007552,1014.0,1.0818999726325274,196
1801,100,0,66.58725076940426,0.6658725076940426,0.6658725076940426,10,10,10,10,0,0.009455667094385944,17.0,0.18839997937902808,0
1802,100,4,66.57434230624513,0.6657434230624513,0.6657434230624513,9,3,7,7,108,0.012908463158900929,620.6666666666666,0.8687999797984958,384
1803,100,6,66.56025803909043,0.6656025803909043,0.6656025803909043,9,3,7,7,112,0.014084267154430563,414.0,1.1487000156193972,564
1804,100,7,66.53921797730521,0.6653921797730521,0.6653921797730521,16,5,12,12,114,0.02104006178490181,358.0,1.0922999936155975,651
1805,100,7,66.52024056911425,0.6652024056911425,0.6652024056911425,14,6,9,9,114,0.01897740819067195,337.3333333333333,1.2532999971881509,651
1806,100,7,66.49752392884206,0.6649752392884206,0.6649752392884206,17,5,12,12,114,0.022716640271866595,326.0,0.9531999821774662,651
1807,100,7,66.47692979572179,0.6647692979572178,0.6647692979572178,15,5,10,10,114,0.020594133119978153,374.0,1.303600030951202,651
1808,100,5,66.46155713682248,0.6646155713682248,0.6646155713682248,10,4,7,7,110,0.015372658899046598,444.0,0.8683999767526984,475
1809,100,7,66.44121081467081,0.6644121081467081,0.6644121081467081,14,5,9,9,114,0.020346322151361562,338.0,1.4087999588809907,651
1810,100,8,66.41822046680424,0.6641822046680425,0.6641822046680425,14,5,9,9,116,0.02299034786621945,282.0,0.8508000173605978,736
1811,100,8,66.39927480777665,0.6639927480777665,0.6639927480777665,10,5,8,8,116,0.018945659027259865,262.0,1.0827999794855714,736
1812,100,3,66.38655960160723,0.6638655960160723,0.6638655960160723,8,2,6,6,106,0.012715206169239934,534.0,1.0012999991886318,291
1813,100,9,66.36180095806802,0.6636180095806802,0.6636180095806802,17,6,11,11,116,0.0247586435388385,270.6666666666667,0.8975000237114727,819
1814,100,3,66.34511819783165,0.6634511819783165,0.6634511819783165,12,3,9,9,106,0.016682760236179206,680.6666666666666,0.9754000348038971,291
1815,100,5,66.32779293882871,0.6632779293882871,0.6632779293882871,12,4,8,8,110,0.017325259002660687,484.0,1.0498999617993832,475
1816,100,5,66.31103108226,0.6631103108226,0.6631103108226,13,4,9,9,110,0.016761856568471956,409.0,0.9916999842971563,475
1817,100,1,66.29801422252531,0.6629801422252531,0.6629801422252531,10,1,9,9,102,0.013016859734555908,2014.0,0.8359999628737569,99
1818,100,0,66.29233833866849,0.6629233833866849,0.6629233833866849,6,6,6,6,0,0.005675883856838482,17.0,0.0866000191308558,0
1819,100,6,66.27233495049366,0.6627233495049366,0.6627233495049366,12,5,9,9,112,0.020003388174515635,386.0,1.8563999910838902,564
1820,100,3,66.2574882272658,0.6625748822726579,0.6625748822726579,12,3,9,9,106,0.014846723227698533,680.6666666666666,1.0857999441213906,291
1821,100,3,66.2431469000221,0.662431469000221,0.662431469000221,13,3,10,10,106,0.01434132724348558,680.6666666666666,0.8668999653309584,291
1822,100,4,66.23022483276652,0.6623022483276653,0.6623022483276653,10,3,7,7,108,0.012922067255352943,627.3333333333334,0.9756000363267958,384
1823,100,5,66.21294772478244,0.6621294772478243,0.6621294772478243,9,3,7,7,108,0.017277107983844076,514.0,0.9264000109396875,475
1824,100,8,66.1962391713933,0.661962391713933,0.661962391713933,7,4,5,5,116,0.01670855338879562,309.0,1.0807999642565846,736
1825,100,5,66.17950368396937,0.6617950368396938,0.6617950368396938,10,4,6,6,110,0.0167354874236878,464.0,1.3661999837495387,475
1826,100,4,66.1674464274307,0.6616744642743071,0.6616744642743071,6,2,4,4,108,0.012057256538447803,634.0,1.1363999801687896,384
1827,100,7,66.14925051141185,0.6614925051141185,0.6614925051141185,12,6,7,7,114,0.018195916018513003,324.0,2.351099974475801,651
1828,100,3,66.13453595289582,0.6613453595289581,0.6613453595289581,13,3,10,10,106,0.014714558515862564,680.6666666666666,0.9486000053584576,291
1829,100,6,66.11776990665521,0.6611776990665521,0.6611776990665521,10,4,7,7,112,0.016766046240313415,354.0,1.7831999575719237,564
1830,100,6,66.10047683008366,0.6610047683008367,0.6610047683008367,11,4,8,8,112,0.017293076571277766,464.0,1.1035999632440507,564
1831,100,9,66.07248293085206,0.6607248293085206,0.6607248293085206,24,9,16,16,118,0.027993899231248065,236.22222222222223,0.42500003473833203,819
1832,100,3,66.05717731566665,0.6605717731566665,0.6605717731566665,17,3,14,14,106,0.015305615185226884,680.6666666666666,0.9561000042594969,291
1833,100,2,66.04698796454642,0.6604698796454642,0.6604698796454642,8,2,6,6,104,0.010189351120054368,1014.0,1.0442999773658812,196
1834,100,3,66.03388408117814,0.6603388408117814,0.6603388408117814,11,1,11,11,106,0.013103883368096092,1454.0,0.7454000297002494,291
1835,100,5,66.01522657154354,0.6601522657154354,0.6601522657154354,14,4,10,10,110,0.018657509634351754,444.0,0.8591999649070203,475
1836,100,9,65.98967621678715,0.6598967621678714,0.6598967621678714,20,7,14,14,116,0.025550354756049387,268.2857142857143,1.0026000090874732,819
1837,100,4,65.97049085193825,0.6597049085193825,0.6597049085193825,22,4,18,18,108,0.019185364848681274,514.0,0.9976999717764556,384
1838,100,5,65.95137174637229,0.6595137174637229,0.6595137174637229,15,4,11,11,110,0.019119105565735595,439.0,0.9744999697431922,475
1839,100,6,65.93267398310884,0.6593267398310885,0.6593267398310885,14,5,10,10,112,0.01869776326315531,390.0,0.9603999787941575,564
1840,100,5,65.91442256895547,0.6591442256895548,0.6591442256895548,14,4,11,11,110,0.018251414153127143,474.0,1.1140999849885702,475
1841,100,7,65.89387308761522,0.6589387308761522,0.6589387308761522,14,5,9,9,114,0.020549481339955378,362.0,0.8589000208303332,651
1842,100,2,65.88126868509198,0.6588126868509199,0.6588126868509199,12,2,10,10,104,0.012604402523059832,1014.0,0.9114999556913972,196
1843,100,6,65.86142835955008,0.6586142835955008,0.6586142835955008,17,6,13,13,112,0.01984032554162951,347.3333333333333,0.9200000204145908,564
1844,100,6,65.84164093905547,0.6584164093905547,0.6584164093905547,16,5,12,12,112,0.019787420494338903,390.0,1.1040999670512974,564
1845,100,3,65.82488453838526,0.6582488453838526,0.6582488453838526,15,3,13,13,106,0.01675640067001183,680.6666666666666,1.5220000059343874,291
1846,100,6,65.80492490962766,0.6580492490962766,0.6580492490962766,16,4,13,13,110,0.019959628757341363,484.0,1.0884999646805227,564
1847,100,7,65.78149181264693,0.6578149181264693,0.6578149181264693,19,6,14,14,114,0.023433096980404855,324.0,0.9144999785348773,651
1848,100,3,65.76643361472217,0.6576643361472218,0.6576643361472218,14,3,11,11,106,0.01505819792456009,680.6666666666666,1.0116000194102526,291
1849,100,3,65.7533559098935,0.657533559098935,0.657533559098935,12,2,10,10,106,0.013077704828504011,844.0,1.6626000287942588,291
1850,100,6,65.73548555192005,0.6573548555192005,0.6573548555192005,12,5,9,9,112,0.017870357973173157,338.0,1.119700027629733,564
1851,100,5,65.71861558586535,0.6571861558586535,0.6571861558586535,12,4,8,8,110,0.016869966054443353,439.0,1.2165000080130994,475
1852,100,4,65.70491566546424,0.6570491566546424,0.6570491566546424,8,3,5,5,108,0.013699920400881638,647.3333333333334,1.0043999645859003,384
1853,100,5,65.68810744762574,0.6568810744762574,0.6568810744762574,11,3,9,9,110,0.016808217838260475,480.6666666666667,1.0029000113718212,475
1854,100,8,65.67062496727726,0.6567062496727726,0.6567062496727726,9,3,7,7,116,0.01748248034814992,407.3333333333333,1.1775000020861626,736
1855,100,5,65.65300718741193,0.6565300718741193,0.6565300718741193,13,4,9,9,110,0.01761777986508406,484.0,0.9994000429287553,475
1856,100,5,65.63194564190479,0.6563194564190479,0.6563194564190479,17,5,14,14,110,0.02106154550687478,414.0,0.9663999662734568,475
1857,100,4,65.61233287031166,0.6561233287031166,0.6561233287031166,16,4,13,13,108,0.01961277159289665,514.0,0.9471000521443784,384
1858,100,6,65.59475302932134,0.6559475302932134,0.6559475302932134,14,4,11,11,112,0.017579840990066486,354.0,0.9510999661870301,564
1859,100,4,65.58322829841327,0.6558322829841328,0.6558322829841328,7,1,6,6,108,0.01152473090783701,934.0,1.8428000039421022,384
1860,100,3,65.56836090496313,0.6556836090496313,0.6556836090496313,13,3,11,11,106,0.014867393449968347,680.6666666666666,0.9450999787077308,291
1861,100,4,65.5493918802951,0.655493918802951,0.655493918802951,17,4,15,15,108,0.01896902466781114,514.0,1.0620999964885414,384
1862,100,2,65.5362023687839,0.655362023687839,0.655362023687839,14,2,12,12,104,0.013189511511022545,1014.0,0.9806000161916018,196
1863,100,4,65.51968482904157,0.6551968482904157,0.6551968482904157,17,4,13,13,108,0.016517539742132215,514.0,1.1678999871946871,384
1864,100,5,65.50021877741808,0.6550021877741808,0.6550021877741808,15,4,11,11,110,0.019466051623219016,449.0,1.255999959539622,475
1865,100,4,65.48443856841928,0.6548443856841928,0.6548443856841928,15,4,12,12,108,0.01578020899859922,514.0,1.2088000075891614,384
1866,100,8,65.4648334184739,0.654648334184739,0.654648334184739,13,4,10,10,116,0.019605149945029154,414.0,1.1409000144340098,736
1867,100,7,65.44654010566607,0.6544654010566607,0.6544654010566607,11,4,9,9,114,0.018293312807543316,349.0,1.1640999582596123,651
1868,100,4,65.42938120594182,0.6542938120594183,0.6542938120594183,11,4,7,7,108,0.017158899724009302,514.0,1.0085999965667725,384
1869,100,9,65.40854927534932,0.6540854927534931,0.6540854927534931,13,4,10,10,118,0.020831930592159154,344.0,0.971200002823025,819
1870,100,2,65.39624813044856,0.6539624813044855,0.6539624813044855,11,2,9,9,104,0.012301144900590089,1014.0,1.0580999660305679,196
1871,100,10,65.37333869854095,0.6537333869854095,0.6537333869854095,15,6,9,9,118,0.022909431907237376,230.66666666666666,0.9724999545142055,900
1872,100,4,65.3605108660332,0.653605108660332,0.653605108660332,9,4,5,5,108,0.012827832507518622,514.0,0.9343999554403126,384
1873,100,5,65.34510813589621,0.6534510813589621,0.6534510813589621,10,4,7,7,110,0.015402730136742093,434.0,1.2098999577574432,475
1874,100,10,65.32427574438198,0.6532427574438198,0.6532427574438198,11,5,7,7,120,0.020832391513842197,278.0,1.8908000201918185,900
1875,100,0,65.31411583110325,0.6531411583110325,0.6531411583110325,10,10,10,10,0,0.010159913278720012,17.0,0.11089997133240104,0
1876,100,3,65.29738052636692,0.6529738052636692,0.6529738052636692,15,3,12,12,106,0.01673530473615159,680.6666666666666,0.8847999852150679,291
1877,100,4,65.27999284829842,0.6527999284829842,0.6527999284829842,14,3,12,12,108,0.017387678068267576,580.6666666666666,0.8421000093221664,384
1878,100,4,65.26117334513938,0.6526117334513938,0.6526117334513938,17,4,14,14,108,0.01881950315881653,514.0,0.90970000019297,384
1879,100,8,65.24238315859759,0.6524238315859759,0.6524238315859759,11,4,8,8,116,0.018790186541465914,374.0,0.8704999927431345,736
1880,100,5,65.22348219781937,0.6522348219781936,0.6522348219781936,14,5,9,9,110,0.018900960777969544,414.0,0.9682999807409942,475
1881,100,7,65.20401127435947,0.6520401127435947,0.6520401127435947,15,5,10,10,114,0.019470923459600442,266.0,0.8781999931670725,651
1882,100,4,65.18765721433294,0.6518765721433294,0.6518765721433294,11,3,8,8,108,0.016354060026309014,660.6666666666666,0.90079999063164,384
1883,100,6,65.16662816033477,0.6516662816033477,0.6516662816033477,14,5,9,9,112,0.021029053997885683,390.0,1.1036000214517117,564
1884,100,4,65.15162577390373,0.6515162577390373,0.6515162577390373,14,3,13,13,108,0.015002386430808201,640.6666666666666,1.3272999785840511,384
1885,100,5,65.13282242610454,0.6513282242610454,0.6513282242610454,15,4,12,12,110,0.018803347798943548,469.0,1.0081999935209751,475
1886,100,5,65.1166879333473,0.651166879333473,0.651166879333473,13,5,8,8,110,0.01613449275698997,414.0,1.16910005453974,475
1887,100,4,65.09926037087024,0.6509926037087024,0.6509926037087024,16,3,13,13,108,0.017427562476832748,540.6666666666666,1.17790000513196,384
1888,100,5,65.08006216961971,0.6508006216961971,0.6508006216961971,18,5,13,13,110,0.01919820125029048,414.0,1.0519999777898192,475
1889,100,5,65.0636655576319,0.6506366555763189,0.6506366555763189,14,3,12,12,110,0.016396611987573806,507.3333333333333,1.18090002797544,475
1890,100,3,65.04628319839365,0.6504628319839365,0.6504628319839365,17,3,14,14,106,0.017382359238041545,680.6666666666666,1.144200039561838,291
1891,100,4,65.02908822519572,0.6502908822519572,0.6502908822519572,18,4,15,15,108,0.017194973197710794,514.0,1.1824999819509685,384
1892,100,6,65.00412593103567,0.6500412593103567,0.6500412593103567,21,6,16,16,112,0.024962294159777798,347.3333333333333,1.1232999968342483,564
1893,100,4,64.98574190185847,0.6498574190185847,0.6498574190185847,15,3,12,12,108,0.018384029176978345,640.6666666666666,1.039199996739626,384
1894,100,3,64.96937472864339,0.6496937472864339,0.6496937472864339,15,3,12,12,106,0.016367173214881348,680.6666666666666,1.1576000251807272,291
1895,100,7,64.94535909034384,0.6494535909034385,0.6494535909034385,19,5,14,14,114,0.0240156382992609,346.0,1.0634000063873827,651
1896,100,8,64.9255304978925,0.6492553049789249,0.6492553049789249,16,6,11,11,116,0.019828592451013094,290.6666666666667,1.0843999916687608,736
1897,100,6,64.91083984973548,0.6491083984973548,0.6491083984973548,9,3,6,6,112,0.01469064815673704,480.6666666666667,1.0991999879479408,564
1898,100,6,64.89014738501942,0.6489014738501941,0.6489014738501941,21,6,15,15,112,0.020692464715764913,347.3333333333333,1.061399991158396,564
1899,100,3,64.8744775670287,0.6487447756702871,0.6487447756702871,15,3,12,12,106,0.0156698179905419,680.6666666666666,0.9444999741390347,291
1900,100,2,64.85953737044431,0.6485953737044432,0.6485953737044432,14,2,12,12,104,0.014940196584241505,1014.0,1.1049999739043415,196
1901,100,6,64.84334722717414,0.6484334722717413,0.6484334722717413,12,4,10,10,112,0.01619014326989543,424.0,1.075900043360889,564
1902,100,4,64.82735920182456,0.6482735920182456,0.6482735920182456,15,3,12,12,108,0.015988025349365387,647.3333333333334,1.0978999780490994,384
1903,100,4,64.80888690523159,0.6480888690523159,0.6480888690523159,15,4,11,11,108,0.01847229659274774,514.0,0.9744000271894038,384
1904,100,7,64.7878693105136,0.647878693105136,0.647878693105136,18,4,14,14,114,0.021017594717690713,429.0,1.0335000115446746,651
1905,100,6,64.76291132295216,0.6476291132295217,0.6476291132295217,17,6,11,11,112,0.02495798756113743,347.3333333333333,0.8275999571196735,564
1906,100,7,64.74000970736215,0.6474000970736214,0.6474000970736214,18,6,12,12,114,0.02290161558973125,287.3333333333333,0.8287000237032771,651
1907,100,6,64.71500102059298,0.6471500102059298,0.6471500102059298,15,6,9,9,112,0.025008686768885013,347.3333333333333,0.8960000122897327,564
1908,100,3,64.7009689942469,0.6470096899424691,0.6470096899424691,10,2,8,8,106,0.01403202634588041,664.0,1.089800032787025,291
1909,100,9,64.68062650747781,0.6468062650747781,0.6468062650747781,13,5,10,10,118,0.020342486768747392,266.0,0.9762999834492803,819
1910,100,6,64.66124888409917,0.6466124888409917,0.6466124888409917,14,5,11,11,112,0.019377623378368014,398.0,1.1488000163808465,564
1911,100,7,64.64113895935255,0.6464113895935255,0.6464113895935255,16,5,11,11,114,0.02010992474631479,354.0,1.1204000329598784,651
1912,100,7,64.62057282882705,0.6462057282882705,0.6462057282882705,17,6,12,12,114,0.020566130525175197,310.6666666666667,0.8542999858036637,651
1913,100,4,64.60132301789058,0.6460132301789058,0.6460132301789058,16,4,12,12,108,0.019249810936251777,514.0,0.9295999770984054,384
1914,100,3,64.5869805101892,0.6458698051018921,0.6458698051018921,14,3,12,12,106,0.014342507701194052,680.6666666666666,1.1044999700970948,291
1915,100,6,64.56350051629224,0.6456350051629224,0.6456350051629224,23,6,19,19,112,0.02347999389670008,347.3333333333333,1.1134999804198742,564
1916,100,5,64.54417092579573,0.6454417092579573,0.6454417092579573,14,5,9,9,110,0.019329590496255378,414.0,1.036600035149604,475
1917,100,1,64.53236965955554,0.6453236965955554,0.6453236965955554,12,1,11,11,102,0.011801266240055952,2014.0,1.0949000134132802,99
1918,100,4,64.51496394084195,0.6451496394084195,0.6451496394084195,14,3,11,11,108,0.017405718713376928,660.6666666666666,1.0081999935209751,384
1919,100,3,64.50072905264703,0.6450072905264703,0.6450072905264703,9,2,8,8,106,0.014234888194714301,894.0,0.8906000293791294,291
1920,100,4,64.4822904452619,0.6448229044526189,0.6448229044526189,11,3,8,8,108,0.018438607384922534,634.0,1.204199972562492,384
1921,100,2,64.47042403034382,0.6447042403034382,0.6447042403034382,10,1,9,9,104,0.011866414917903967,1414.0,1.733599987346679,196
1922,100,5,64.45231931562346,0.6445231931562345,0.6445231931562345,16,5,13,13,110,0.018104714720124093,414.0,1.0861000046133995,475
1923,100,4,64.43699048939828,0.6443699048939828,0.6443699048939828,12,3,9,9,108,0.015328826224966008,600.6666666666666,2.0342000061646104,384
1924,100,4,64.4175654691919,0.644175654691919,0.644175654691919,17,4,13,13,108,0.019425020206149668,514.0,1.220499980263412,384
1925,100,3,64.40289350948527,0.6440289350948527,0.6440289350948527,15,3,12,12,106,0.01467195970645463,680.6666666666666,0.9833999793045223,291
1926,100,10,64.37900954373943,0.6437900954373943,0.6437900954373943,13,6,7,7,120,0.02388396574544771,297.3333333333333,2.0809999550692737,900
1927,100,6,64.35948470975787,0.6435948470975786,0.6435948470975786,17,5,12,12,112,0.01952483398128635,306.0,1.1115000233985484,564
1928,100,6,64.33848913398002,0.6433848913398001,0.6433848913398001,17,5,12,12,112,0.02099557577756883,402.0,0.9664000244811177,564
1929,100,7,64.31394194289648,0.6431394194289648,0.6431394194289648,17,7,12,12,114,0.024547191083229336,299.7142857142857,1.6561999800615013,651
1930,100,9,64.29307780152878,0.6429307780152879,0.6429307780152879,14,5,9,9,116,0.020864141367340494,322.0,0.8692999836057425,819
1931,100,2,64.27927704762249,0.6427927704762249,0.6427927704762249,15,2,14,14,104,0.013800753906139107,1014.0,1.6763000166974962,196
1932,100,4,64.26369234759349,0.6426369234759349,0.6426369234759349,14,3,12,12,108,0.0155847000287892,480.6666666666667,0.9204999660141766,384
1933,100,5,64.24893069480889,0.6424893069480889,0.6424893069480889,7,2,5,5,110,0.014761652784336832,464.0,1.0943999513983727,475
1934,100,4,64.23240651625744,0.6423240651625745,0.6423240651625745,12,3,9,9,108,0.016524178551236446,587.3333333333334,0.9889999637380242,384
1935,100,5,64.21595683546474,0.6421595683546474,0.6421595683546474,11,4,7,7,110,0.016449680792447907,274.0,0.8329999982379377,475
1936,100,3,64.20190335717399,0.64201903357174,0.64201903357174,12,3,9,9,106,0.014053478290563248,680.6666666666666,1.5320999664254487,291
1937,100,5,64.18457664817237,0.6418457664817236,0.6418457664817236,14,4,11,11,110,0.01732670900136668,479.0,0.9810999617911875,475
1938,100,3,64.16989799223435,0.6416989799223436,0.6416989799223436,16,3,13,13,106,0.014678655937828466,680.6666666666666,0.9742999682202935,291
1939,100,9,64.14853441177796,0.6414853441177796,0.6414853441177796,14,7,9,9,118,0.021363580456046805,231.14285714285714,0.7676999666728079,819
1940,100,7,64.13097936574434,0.6413097936574433,0.6413097936574433,14,4,11,11,114,0.01755504603330138,379.0,1.0868000099435449,651
1941,100,5,64.1125576974062,0.641125576974062,0.641125576974062,15,5,11,11,110,0.018421668337886388,414.0,0.9109999518841505,475
1942,100,3,64.09716785639947,0.6409716785639946,0.6409716785639946,13,2,11,11,106,0.015389841006566485,954.0,1.6016000299714506,291
1943,100,2,64.07892105120217,0.6407892105120218,0.6407892105120218,12,2,10,10,104,0.018246805197129845,1014.0,1.2192000285722315,196
1944,100,6,64.06219148558854,0.6406219148558854,0.6406219148558854,8,3,5,5,112,0.016729565613346153,480.6666666666667,0.9559000027365983,564
1945,100,6,64.04342294600775,0.6404342294600776,0.6404342294600776,19,6,13,13,112,0.018768539580513277,347.3333333333333,0.9208000265061855,564
1946,100,4,64.02224622270852,0.6402224622270851,0.6402224622270851,22,4,19,19,108,0.02117672329902831,514.0,1.1890000314451754,384
1947,100,6,63.9998280449343,0.6399982804493429,0.6399982804493429,21,5,16,16,112,0.022418177773936065,402.0,1.0532999876886606,564
1948,100,8,63.97914349929461,0.6397914349929461,0.6397914349929461,13,4,9,9,114,0.020684545639362284,424.0,1.0062999790534377,736
1949,100,7,63.9577374172325,0.639577374172325,0.639577374172325,19,7,14,14,114,0.021406082061794507,299.7142857142857,0.7857999880798161,651
1950,100,2,63.94551108951868,0.6394551108951868,0.6394551108951868,10,2,8,8,104,0.0122263277136625,1014.0,1.1860000086016953,196
1951,100,6,63.92361739563961,0.6392361739563961,0.6392361739563961,19,5,14,14,112,0.021893693878809017,338.0,1.121099980082363,564
1952,100,4,63.903404922971234,0.6390340492297123,0.6390340492297123,19,4,15,15,108,0.020212472668156067,514.0,1.1487000156193972,384
1953,100,3,63.886647662076,0.63886647662076,0.63886647662076,18,3,16,16,106,0.01675726089504792,680.6666666666666,1.1594000388868153,291
1954,100,7,63.86619578553514,0.6386619578553514,0.6386619578553514,15,3,13,13,114,0.020451876540555247,507.3333333333333,1.1169000063091516,651
1955,100,8,63.84485002009689,0.6384485002009689,0.6384485002009689,16,6,13,13,116,0.02134576543792832,297.3333333333333,1.3190999743528664,736
1956,100,9,63.8188744183605,0.638188744183605,0.638188744183605,23,8,18,18,118,0.02597560173602176,244.0,1.0707000037655234,819
1957,100,1,63.804602505512,0.63804602505512,0.63804602505512,16,1,15,15,102,0.014271912848386137,2014.0,2.156200003810227,99
1958,100,4,63.78688618896742,0.6378688618896742,0.6378688618896742,16,4,12,12,108,0.017716316544351685,514.0,1.0798000148497522,384
1959,100,2,63.769313631490924,0.6376931363149092,0.6376931363149092,18,2,17,17,104,0.0175725574763419,1014.0,1.1457999935373664,196
1960,100,5,63.749831553324725,0.6374983155332472,0.6374983155332472,14,4,11,11,110,0.019482078165950156,464.0,1.0677000391297042,475
1961,100,7,63.72269623782282,0.6372269623782282,0.6372269623782282,20,7,13,13,114,0.027135315501602975,299.7142857142857,1.2280999799259007,651
1962,100,1,63.710682387782576,0.6371068238778258,0.6371068238778258,12,1,11,11,102,0.012013850040119678,2014.0,1.282599987462163,99
1963,100,2,63.695497266174826,0.6369549726617483,0.6369549726617483,14,2,12,12,104,0.015185121607593999,1014.0,0.9925999911502004,196
1964,100,3,63.681870066162794,0.6368187006616279,0.6368187006616279,8,3,5,5,106,0.01362720001183959,680.6666666666666,1.3265999732539058,291
1965,100,7,63.66477523881771,0.6366477523881771,0.6366477523881771,12,4,8,8,114,0.017094827344784846,434.0,1.1775000020861626,651
1966,100,6,63.644830459018415,0.6364483045901842,0.6364483045901842,15,6,10,10,112,0.01994477979901177,347.3333333333333,1.1676999856717885,564
1967,100,6,63.62545129359046,0.6362545129359046,0.6362545129359046,13,5,8,8,112,0.019379165427665157,366.0,1.137399987783283,564
1968,100,3,63.61194683964486,0.6361194683964486,0.6361194683964486,9,2,8,8,106,0.013504453945429873,744.0,1.1989999911747873,291
1969,100,6,63.59414165782793,0.6359414165782793,0.6359414165782793,14,4,11,11,112,0.01780518181664803,439.0,1.1354999733157456,564
1970,100,3,63.57999706538993,0.6357999706538994,0.6357999706538994,13,3,10,10,106,0.014144592437808967,680.6666666666666,1.0591999744065106,291
1971,100,6,63.56061673749933,0.6356061673749933,0.6356061673749933,13,4,9,9,112,0.019380327890324622,469.0,0.9884999599307775,564
1972,100,6,63.53688001735966,0.6353688001735965,0.6353688001735965,17,5,12,12,110,0.023736720139389433,410.0,1.0789000079967082,564
1973,100,5,63.52064136582391,0.6352064136582392,0.6352064136582392,12,4,8,8,110,0.01623865153550952,429.0,1.0093000018969178,475
1974,100,11,63.493048842170765,0.6349304884217076,0.6349304884217076,16,7,10,10,122,0.027592523652721468,222.57142857142858,0.9704999974928796,979
1975,100,7,63.47240743608587,0.6347240743608586,0.6347240743608586,15,6,9,9,114,0.020641406084607183,310.6666666666667,1.2756999931298196,651
1976,100,2,63.458787040740916,0.6345878704074092,0.6345878704074092,14,2,12,12,104,0.01362039534478754,1014.0,2.7152999537065625,196
1977,100,3,63.44406316105333,0.6344406316105333,0.6344406316105333,14,3,12,12,106,0.014723879687402075,680.6666666666666,1.0043000220321119,291
1978,100,8,63.42884609703324,0.6342884609703323,0.6342884609703323,8,4,5,5,116,0.015217064019758197,229.0,2.7122999890707433,736
1979,100,3,63.4152624168128,0.634152624168128,0.634152624168128,13,3,12,12,106,0.013583680220229155,680.6666666666666,1.1108999606221914,291
1980,100,6,63.39855959180778,0.6339855959180778,0.6339855959180778,14,4,10,10,112,0.016702825004756505,379.0,1.2259000213816762,564
1981,100,7,63.372678969165605,0.6337267896916561,0.6337267896916561,21,7,14,14,114,0.025880622641871298,299.7142857142857,1.2276999768801033,651
1982,100,5,63.35101309290563,0.6335101309290563,0.6335101309290563,19,5,14,14,110,0.02166587625973193,414.0,1.2233000015839934,475
1983,100,6,63.3324042423245,0.633324042423245,0.633324042423245,12,5,7,7,112,0.018608850580854153,398.0,0.8200999582186341,564
1984,100,5,63.31459249202585,0.6331459249202586,0.6331459249202586,16,5,11,11,110,0.017811750298413642,414.0,1.3802999746985734,475
1985,100,9,63.290298904470596,0.632902989044706,0.632902989044706,21,6,15,15,118,0.024293587554879537,260.6666666666667,0.8772999863140285,819
1986,100,5,63.26723011280796,0.6326723011280796,0.6326723011280796,16,5,11,11,110,0.023068791662396393,414.0,1.0258000111207366,475
1987,100,4,63.25249594419993,0.6325249594419993,0.6325249594419993,13,4,10,10,108,0.0147341686078164,514.0,1.187100016977638,384
1988,100,5,63.233077058009485,0.6323307705800949,0.6323307705800949,15,5,11,11,110,0.01941888619019494,414.0,1.344399992376566,475
1989,100,5,63.21366271409696,0.6321366271409696,0.6321366271409696,14,4,11,11,110,0.01941434391226693,474.0,1.1243000044487417,475
1990,100,5,63.19543606538393,0.6319543606538393,0.6319543606538393,14,3,11,11,110,0.018226648712797555,420.6666666666667,1.127100025769323,475
1991,100,5,63.17587623038807,0.6317587623038807,0.6317587623038807,19,5,15,15,110,0.01955983499560432,414.0,0.9935999987646937,475
1992,100,3,63.15684362985865,0.6315684362985865,0.6315684362985865,21,3,18,18,106,0.019032600529243382,680.6666666666666,1.003099954687059,291
1993,100,3,63.141925460564025,0.6314192546056403,0.6314192546056403,12,2,10,10,106,0.014918169294439565,934.0,0.8114000083878636,291
1994,100,5,63.12308564615667,0.6312308564615666,0.6312308564615666,10,5,6,6,110,0.01883981440709448,414.0,1.1932000052183867,475
1995,100,3,63.108567746712815,0.6310856774671282,0.6310856774671282,13,3,10,10,106,0.014517899443667659,680.6666666666666,1.0124000255018473,291
1996,100,4,63.096065776662954,0.6309606577666296,0.6309606577666296,9,3,7,7,108,0.012501970049648037,654.0,0.9303999831900001,384
1997,100,6,63.07486419823679,0.6307486419823679,0.6307486419823679,17,6,12,12,112,0.0212015784258881,347.3333333333333,1.0102000087499619,564
1998,100,6,63.05595449342045,0.6305595449342045,0.6305595449342045,17,4,13,13,112,0.01890970481606047,474.0,0.9770000469870865,564
1999,100,3,63.03644036709836,0.6303644036709836,0.6303644036709836,17,3,15,15,106,0.019514126321901415,680.6666666666666,1.2685999972745776,291
2000,100,4,63.01806312557852,0.6301806312557852,0.6301806312557852,18,3,15,15,108,0.018377241519623055,654.0,1.2052999809384346,384
2001,100,7,63.00153124627373,0.6300153124627372,0.6300153124627372,12,3,9,9,114,0.016531879304494623,420.6666666666667,1.3950999709777534,651
2002,100,4,62.98247279278687,0.6298247279278687,0.6298247279278687,17,4,13,13,108,0.01905845348663604,514.0,1.1980999843217432,384
2003,100,9,62.96021104440583,0.6296021104440583,0.6296021104440583,13,6,8,8,118,0.022261748380678625,277.3333333333333,1.6169999726116657,819
2004,100,2,62.95014357927034,0.6295014357927033,0.6295014357927033,6,2,5,5,104,0.010067465135335851,1014.0,0.9289999725297093,196
2005,100,2,62.93533715194958,0.6293533715194958,0.6293533715194958,14,2,13,13,104,0.014806427320600335,1014.0,1.2707000132650137,196
2006,100,5,62.91597952802163,0.6291597952802163,0.6291597952802163,15,4,11,11,110,0.019357623927696466,424.0,1.0564999538473785,475
2007,100,5,62.899876465431376,0.6289987646543138,0.6289987646543138,16,4,13,13,110,0.01610306259001959,359.0,1.0862000053748488,475
2008,100,8,62.87504331935777,0.6287504331935777,0.6287504331935777,19,8,13,13,116,0.02483314607325582,264.0,1.0927999974228442,736
2009,100,3,62.861240449640086,0.6286124044964009,0.6286124044964009,14,3,11,11,106,0.013802869717501665,680.6666666666666,1.1322000063955784,291
2010,100,5,62.841238205333546,0.6284123820533355,0.6284123820533355,19,5,14,14,110,0.020002244306290606,414.0,1.0525999823585153,475
2011,100,5,62.82376316410092,0.6282376316410092,0.6282376316410092,15,4,11,11,110,0.01747504123238741,459.0,1.105200033634901,475
2012,100,4,62.805545545885735,0.6280554554588573,0.6280554554588573,17,4,14,14,108,0.018217618214961817,514.0,0.9744000271894038,384
2013,100,4,62.78969559804036,0.6278969559804036,0.6278969559804036,12,4,9,9,108,0.015849947845147483,514.0,1.1230999953113496,384
2014,100,4,62.77286294833369,0.6277286294833369,0.6277286294833369,15,4,11,11,108,0.016832649706465475,514.0,1.102200010791421,384
2015,100,4,62.75539479915436,0.6275539479915436,0.6275539479915436,16,4,12,12,108,0.017468149179109105,514.0,1.03859999217093,384
2016,100,4,62.73619887069874,0.6273619887069875,0.6273619887069875,20,4,16,16,108,0.019195928455395972,514.0,1.3590999878942966,384
2017,100,6,62.71962971848613,0.6271962971848614,0.6271962971848614,10,3,8,8,112,0.016569152212333904,540.6666666666666,0.8347000111825764,564
2018,100,10,62.69255589938018,0.6269255589938019,0.6269255589938019,20,8,14,14,120,0.02707381910557416,236.5,1.0049999691545963,900
2019,100,5,62.67132371276195,0.6267132371276195,0.6267132371276195,19,5,15,15,110,0.021232186617972104,414.0,1.4137999969534576,475
2020,100,5,62.645682068202944,0.6264568206820295,0.6264568206820295,21,5,17,17,110,0.02564164455876039,414.0,1.3367999927140772,475
2021,100,4,62.627870627982254,0.6262787062798225,0.6262787062798225,16,3,14,14,108,0.01781144022047698,600.6666666666666,3.667499986477196,384
2022,100,2,62.6112065834386,0.6261120658343861,0.6261120658343861,14,1,13,13,102,0.016664044543503564,1994.0,1.3040000339969993,196
2023,100,6,62.59027057863953,0.6259027057863953,0.6259027057863953,16,4,13,13,112,0.02093600479879143,459.0,1.8483999883756042,564
2024,100,6,62.56894807952239,0.6256894807952239,0.6256894807952239,18,6,12,12,112,0.021322499116863014,347.3333333333333,1.1406000121496618,564
2025,100,5,62.548576481298234,0.6254857648129823,0.6254857648129823,22,4,19,19,110,0.02037159822390322,504.0,0.5779999773949385,475
2026,100,6,62.52854526105753,0.6252854526105753,0.6252854526105753,17,6,12,12,112,0.02003122024042625,347.3333333333333,1.4318000175990164,564
2027,100,4,62.510668833534076,0.6251066883353408,0.6251066883353408,17,4,13,13,108,0.01787642752324814,514.0,0.8713999995961785,384
2028,100,8,62.48797924197327,0.6248797924197327,0.6248797924197327,18,5,15,15,116,0.022689591560471456,274.0,2.0237999851815403,736
2029,100,9,62.46216175066086,0.6246216175066086,0.6246216175066086,22,9,18,18,118,0.02581749131205413,236.22222222222223,0.9534999844618142,819
2030,100,7,62.439768810367084,0.6243976881036708,0.6243976881036708,22,6,16,16,114,0.022392940293478603,314.0,1.3126000412739813,651
2031,100,4,62.42131311780899,0.62421313117809,0.62421313117809,18,3,15,15,108,0.01845569255788604,640.6666666666666,1.0036000167019665,384
2032,100,8,62.39497870038815,0.6239497870038815,0.6239497870038815,19,7,13,13,116,0.02633441742050735,279.7142857142857,0.9031000081449747,736
2033,100,4,62.375062001572026,0.6237506200157202,0.6237506200157202,16,4,13,13,108,0.01991669881589786,514.0,0.9277999633923173,384
2034,100,4,62.35565111623905,0.6235565111623905,0.6235565111623905,17,4,15,15,108,0.019410885332760586,514.0,0.7947999984025955,384
2035,100,7,62.33810822340291,0.6233810822340291,0.6233810822340291,14,6,9,9,112,0.017542892835827217,320.6666666666667,1.2300999951548874,651
2036,100,2,62.32206946901228,0.6232206946901228,0.6232206946901228,18,2,16,16,104,0.01603875439047897,1014.0,1.422200002707541,196
2037,100,1,62.309463069831565,0.6230946306983156,0.6230946306983156,14,1,13,13,102,0.012606399180597805,2014.0,0.8784999954514205,99
2038,100,4,62.292768073211974,0.6229276807321198,0.6229276807321198,13,4,9,9,108,0.016694996619378344,514.0,1.1365999816916883,384
2039,100,4,62.274318953182785,0.6227431895318278,0.6227431895318278,16,4,12,12,108,0.01844912002895427,514.0,0.845499977003783,384
2040,100,3,62.25304578840144,0.6225304578840144,0.6225304578840144,22,3,19,19,106,0.021273164781170806,680.6666666666666,1.1799000203609467,291
2041,100,4,62.23657451516291,0.6223657451516291,0.6223657451516291,15,3,13,13,108,0.016471273238323647,627.3333333333334,1.2036000262014568,384
2042,100,5,62.21925654268901,0.62219256542689,0.62219256542689,13,4,9,9,110,0.017317972473627208,384.0,0.8716000011190772,475
2043,100,2,62.20432800717635,0.6220432800717635,0.6220432800717635,14,2,12,12,104,0.01492853551250306,1014.0,0.9210999705828726,196
2044,100,2,62.187832694541655,0.6218783269454166,0.6218783269454166,20,2,18,18,104,0.016495312634539516,1014.0,0.9654000168666244,196
2045,100,4,62.16759246969286,0.6216759246969287,0.6216759246969287,17,4,14,14,108,0.020240224848585342,514.0,1.055800006724894,384
2046,100,5,62.14842641247182,0.6214842641247182,0.6214842641247182,16,3,13,13,110,0.019166057220793675,540.6666666666666,1.0766999912448227,475
2047,100,4,62.13292205461378,0.6213292205461378,0.6213292205461378,14,3,11,11,108,0.015504357857828666,547.3333333333334,0.9494000114500523,384
2048,100,5,62.115738279346616,0.6211573827934661,0.6211573827934661,12,3,9,9,110,0.01718377526690773,647.3333333333334,1.0926999966613948,475
2049,100,4,62.10082921489852,0.6210082921489852,0.6210082921489852,11,3,9,9,108,0.014909064447870435,574.0,1.0436999727971852,384
2050,100,5,62.08408443449365,0.6208408443449365,0.6208408443449365,13,5,9,9,110,0.0167447804046148,414.0,0.9070999803952873,475
2051,100,8,62.05884294155745,0.6205884294155745,0.6205884294155745,17,7,11,11,116,0.025241492935869303,291.14285714285717,0.8927999879233539,736
2052,100,7,62.0391767189336,0.620391767189336,0.620391767189336,18,5,13,13,114,0.019666222623555996,330.0,1.0868000099435449,651
2053,100,11,62.01263815177545,0.6201263815177545,0.6201263815177545,15,8,10,10,122,0.02653856715773628,219.0,1.0766999912448227,979
2054,100,7,61.98881456433455,0.6198881456433455,0.6198881456433455,20,6,14,14,114,0.023823587440602978,327.3333333333333,1.1568000190891325,651
2055,100,6,61.96928029157226,0.6196928029157226,0.6196928029157226,16,6,10,10,112,0.019534272761994487,347.3333333333333,1.006699982099235,564
2056,100,2,61.95906678283643,0.6195906678283642,0.6195906678283642,8,1,7,7,104,0.010213508735681387,1754.0,0.8917999803088605,196
2057,100,5,61.9363401751577,0.619363401751577,0.619363401751577,19,5,14,14,110,0.022726607678471566,414.0,0.8166000479832292,475
2058,100,7,61.91306374457957,0.6191306374457957,0.6191306374457957,21,7,14,14,114,0.02327643057783746,299.7142857142857,0.9984999778680503,651
2059,100,4,61.89841870917906,0.6189841870917906,0.6189841870917906,10,4,7,7,108,0.014645035400285167,514.0,1.0311999940313399,384
2060,100,6,61.878509287027754,0.6187850928702775,0.6187850928702775,17,6,13,13,112,0.01990942215103786,347.3333333333333,0.9590999688953161,564
2061,100,3,61.86260869632931,0.6186260869632931,0.6186260869632931,11,3,8,8,106,0.015900590698237238,680.6666666666666,1.0693000513128936,291
2062,100,9,61.84099508142009,0.6184099508142009,0.6184099508142009,15,5,10,10,118,0.02161361490887259,306.0,0.9678000351414084,819
2063,100,7,61.82039895683977,0.6182039895683977,0.6182039895683977,16,5,13,13,114,0.02059612458002391,346.0,0.9437999688088894,651
2064,100,2,61.81007266390332,0.6181007266390331,0.6181007266390331,8,2,6,6,104,0.010326292936284176,1014.0,1.1739999754354358,196
2065,100,8,61.78417734395725,0.6178417734395726,0.6178417734395726,22,7,16,16,116,0.025895319945732354,282.57142857142856,0.9533999837003648,736
2066,100,3,61.76841042208717,0.6176841042208717,0.6176841042208717,14,3,13,13,106,0.015766921869882822,680.6666666666666,1.1904999846592546,291
2067,100,6,61.746087580243106,0.617460875802431,0.617460875802431,21,5,16,16,112,0.02232284184380262,350.0,1.1672000400722027,564
2068,100,4,61.72903001997646,0.6172903001997646,0.6172903001997646,18,4,14,14,108,0.0170575602664087,514.0,1.1631999514065683,384
2069,100,6,61.70570554487427,0.6170570554487427,0.6170570554487427,20,5,16,16,112,0.023324475101937026,370.0,1.2052999809384346,564
2070,100,5,61.6826839230795,0.6168268392307951,0.6168268392307951,23,5,18,18,110,0.023021621794512726,414.0,1.1374999885447323,475
2071,100,4,61.66591668103033,0.6166591668103033,0.6166591668103033,12,3,10,10,108,0.016767242048963737,654.0,1.1187000200152397,384
2072,100,6,61.64167205179017,0.6164167205179016,0.6164167205179016,20,6,15,15,112,0.024244629239873916,347.3333333333333,1.1143999872729182,564
2073,100,5,61.62298567195812,0.6162298567195812,0.6162298567195812,17,5,12,12,110,0.01868637983181287,414.0,1.5792999765835702,475
2074,100,6,61.599702306102806,0.6159970230610281,0.6159970230610281,25,6,19,19,112,0.023283365855021998,347.3333333333333,0.9475999977439642,564
2075,100,2,61.58346811338843,0.6158346811338843,0.6158346811338843,19,2,17,17,104,0.01623419271423643,1014.0,0.9563000057823956,196
2076,100,8,61.556537823020335,0.6155653782302033,0.6155653782302033,25,8,18,18,116,0.026930290367765508,264.0,0.964100006967783,736
2077,100,2,61.539277017322306,0.615392770173223,0.615392770173223,22,2,20,20,104,0.017260805697866033,1014.0,0.6398999830707908,196
2078,100,4,61.51945621980641,0.6151945621980641,0.6151945621980641,21,4,17,17,108,0.01982079751567767,514.0,1.4095999649725854,384
2079,100,4,61.499811890530125,0.6149981189053012,0.6149981189053012,20,4,16,16,108,0.01964432927609039,514.0,0.7693999796174467,384
2080,100,3,61.48346530568385,0.6148346530568385,0.6148346530568385,12,3,10,10,106,0.016346584846075984,680.6666666666666,2.8512999997474253,291
2081,100,5,61.46419453943121,0.6146419453943122,0.6146419453943122,20,5,16,16,110,0.019270766252382998,414.0,1.1233999975956976,475
2082,100,5,61.4459848170179,0.6144598481701791,0.6144598481701791,17,5,12,12,110,0.018209722413054408,414.0,1.7068000161089003,475
2083,100,3,61.42701031785897,0.6142701031785898,0.6142701031785898,21,3,19,19,106,0.018974499158758817,680.6666666666666,1.3793999678455293,291
2084,100,2,61.41103207505131,0.6141103207505131,0.6141103207505131,18,2,16,16,104,0.015978242807484833,1014.0,1.117600011639297,196
2085,100,8,61.38715467455967,0.6138715467455966,0.6138715467455966,21,6,16,16,116,0.02387740049131537,287.3333333333333,0.7919999770820141,736
2086,100,7,61.362382642516415,0.6136238264251641,0.6136238264251641,22,6,18,18,114,0.024772032042946535,330.6666666666667,0.920899969059974,651
2087,100,2,61.34368958588299,0.6134368958588299,0.6134368958588299,18,2,16,16,104,0.018693056633281913,1014.0,2.38690001424402,196
2088,100,4,61.32479641955169,0.6132479641955169,0.6132479641955169,19,4,16,16,108,0.018893166331075406,514.0,1.0632999474182725,384
2089,100,6,61.3026232809272,0.613026232809272,0.613026232809272,17,5,13,13,112,0.02217313862422543,378.0,0.9036000119522214,564
2090,100,3,61.28625395193892,0.6128625395193892,0.6128625395193892,19,3,16,16,106,0.016369328988083964,680.6666666666666,2.0932999905198812,291
2091,100,6,61.26377899270115,0.6126377899270115,0.6126377899270115,18,5,14,14,112,0.022474959237506198,394.0,1.1032999609597027,564
2092,100,4,61.24262086599554,0.6124262086599555,0.6124262086599555,21,4,18,18,108,0.021158126705380198,514.0,0.9392000501975417,384
2093,100,3,61.2241451393443,0.612241451393443,0.612241451393443,20,3,17,17,106,0.018475726651061564,680.6666666666666,1.630700018722564,291
2094,100,3,61.20856768053526,0.6120856768053526,0.6120856768053526,18,3,17,17,106,0.015577458808841982,680.6666666666666,0.8905000286176801,291
2095,100,8,61.183739932177424,0.6118373993217743,0.6118373993217743,21,8,13,13,116,0.02482774835750945,264.0,0.888100010342896,736
2096,100,6,61.161574394071685,0.6116157439407168,0.6116157439407168,17,5,13,13,112,0.022165538105461735,378.0,1.2200999772176147,564
2097,100,8,61.13681697589312,0.6113681697589312,0.6113681697589312,17,6,13,13,116,0.024757418178232626,304.0,0.8829999715089798,736
2098,100,6,61.11557078779021,0.6111557078779021,0.6111557078779021,18,6,13,13,112,0.02124618810265133,347.3333333333333,1.1468000011518598,564
2099,100,8,61.09535534183784,0.6109535534183784,0.6109535534183784,18,4,14,14,116,0.020215445952025846,374.0,1.060800044797361,736
2100,100,5,61.08071047585707,0.6108071047585707,0.6108071047585707,12,3,10,10,110,0.01464486598051451,554.0,1.2450999929569662,475
2101,100,5,61.06301368434628,0.6106301368434628,0.6106301368434628,14,4,10,10,110,0.01769679151054504,469.0,1.7690000240691006,475
2102,100,4,61.04284323124999,0.6104284323124999,0.6104284323124999,14,4,10,10,108,0.020170453096064023,514.0,0.9031000081449747,384
2103,100,4,61.027146614865586,0.6102714661486559,0.6102714661486559,12,3,10,10,108,0.015696616384190065,614.0,0.9645999525673687,384
2104,100,6,61.01253427402439,0.6101253427402439,0.6101253427402439,10,3,7,7,112,0.014612340840919558,507.3333333333333,1.0492999572306871,564
2105,100,4,60.99437503488627,0.6099437503488627,0.6099437503488627,14,3,12,12,108,0.01815923913789419,587.3333333333334,1.3142999960109591,384
2106,100,3,60.97722586826644,0.6097722586826644,0.6097722586826644,13,3,10,10,106,0.017149166619653045,680.6666666666666,1.2368999887257814,291
2107,100,4,60.96334876218823,0.6096334876218823,0.6096334876218823,7,3,4,4,108,0.013877106077970325,534.0,1.0355000267736614,384
2108,100,5,60.94387284413625,0.6094387284413625,0.6094387284413625,17,5,12,12,110,0.019475918051739427,414.0,1.20900000911206,475
2109,100,4,60.92582781395896,0.6092582781395897,0.6092582781395897,15,4,12,12,108,0.018045030177070487,514.0,1.165799971204251,384
2110,100,4,60.911552921133215,0.6091155292113322,0.6091155292113322,12,3,9,9,108,0.014274892825518748,654.0,1.104299968574196,384
2111,100,6,60.88617026676925,0.6088617026676925,0.6088617026676925,20,6,14,14,112,0.025382654363696133,347.3333333333333,0.9895999683067203,564
2112,100,6,60.865801003471944,0.6086580100347194,0.6086580100347194,19,5,14,14,112,0.020369263297027373,386.0,1.4584999880753458,564
2113,100,6,60.84768453956161,0.6084768453956161,0.6084768453956161,12,5,8,8,112,0.018116463910047287,394.0,1.0274999658577144,564
2114,100,6,60.826332178631795,0.6082633217863179,0.6082633217863179,16,6,11,11,112,0.021352360929540737,347.3333333333333,1.1485000140964985,564
2115,100,6,60.8039564923097,0.608039564923097,0.608039564923097,15,6,11,11,112,0.022375686321801425,347.3333333333333,0.9043000172823668,564
2116,100,6,60.78653427950449,0.6078653427950449,0.6078653427950449,14,3,11,11,112,0.017422212804945048,467.3333333333333,1.109900011215359,564
2117,100,6,60.769009560171,0.60769009560171,0.60769009560171,12,4,9,9,112,0.01752471933320976,454.0,1.0546999983489513,564
2118,100,6,60.7479412009084,0.607479412009084,0.607479412009084,14,5,9,9,112,0.02106835926232975,370.0,1.1008000001311302,564
2119,100,4,60.73210653561782,0.6073210653561781,0.6073210653561781,10,4,6,6,108,0.015834665290356043,514.0,1.0421000188216567,384
2120,100,4,60.71512522479256,0.6071512522479255,0.6071512522479255,18,4,15,15,108,0.016981310825038065,514.0,1.117600011639297,384
2121,100,4,60.69517243618875,0.6069517243618875,0.6069517243618875,15,4,11,11,108,0.01995278860358951,514.0,0.9696999914012849,384
2122,100,3,60.679778412229034,0.6067977841222904,0.6067977841222904,11,3,8,8,106,0.015394023959530045,680.6666666666666,1.3599999947473407,291
2123,100,6,60.65765776930456,0.6065765776930456,0.6065765776930456,17,5,13,13,112,0.02212064292418603,394.0,0.9710000013001263,564
2124,100,6,60.63758311553979,0.606375831155398,0.606375831155398,14,5,9,9,112,0.02007465376448181,398.0,1.08299998100847,564
2125,100,3,60.62363971028075,0.6062363971028075,0.6062363971028075,12,3,9,9,106,0.013943405258856956,680.6666666666666,1.0375000420026481,291
2126,100,5,60.60445489214931,0.6060445489214932,0.6060445489214932,16,4,12,12,110,0.019184818131186887,429.0,0.9480000007897615,475
2127,100,5,60.58704625484229,0.6058704625484229,0.6058704625484229,10,4,7,7,110,0.01740863730676523,439.0,0.8537000394426286,475
2128,100,13,60.557817195644404,0.605578171956444,0.605578171956444,18,8,10,10,126,0.029229059197426466,161.5,1.0580999660305679,1131
2129,100,5,60.53967286936625,0.6053967286936625,0.6053967286936625,14,5,9,9,110,0.01814432627790552,414.0,2.3772999993525445,475
2130,100,4,60.52581167238523,0.6052581167238523,0.6052581167238523,12,4,8,8,108,0.013861196980791135,514.0,2.313199976924807,384
2131,100,2,60.513251303226504,0.605132513032265,0.605132513032265,12,2,10,10,104,0.012560369158563844,1014.0,1.109300006646663,196
2132,100,5,60.49653203976993,0.6049653203976993,0.6049653203976993,12,5,7,7,110,0.016719263456323574,414.0,0.9320999961346388,475
2133,100,5,60.481511008743524,0.6048151100874353,0.6048151100874353,9,4,5,5,110,0.015021031026165588,474.0,1.0486999526619911,475
2134,100,6,60.4632826391123,0.604632826391123,0.604632826391123,13,4,9,9,112,0.01822836963093266,444.0,1.0365000343881547,564
2135,100,3,60.44800348503609,0.604480034850361,0.604480034850361,11,3,9,9,106,0.015279154076019097,680.6666666666666,3.7208000430837274,291
2136,100,6,60.430753057952636,0.6043075305795264,0.6043075305795264,9,4,5,5,112,0.017250427083183695,394.0,0.9379999828524888,564
2137,100,6,60.40975554786624,0.6040975554786624,0.6040975554786624,14,5,9,9,112,0.0209975100861044,358.0,1.4119999832473695,564
2138,100,3,60.39524981772385,0.6039524981772385,0.6039524981772385,8,3,6,6,106,0.014505730142197137,680.6666666666666,0.8099999977275729,291
2139,100,6,60.377892461803114,0.6037789246180312,0.6037789246180312,11,4,7,7,112,0.017357355920466944,409.0,0.9608999826014042,564
2140,100,3,60.362275949751414,0.6036227594975141,0.6036227594975141,10,3,8,8,106,0.015616512051494169,680.6666666666666,1.157800026703626,291
2141,100,2,60.3502494959883,0.6035024949598831,0.6035024949598831,9,2,7,7,104,0.01202645376294953,1014.0,1.123800000641495,196
2142,100,10,60.32740418190728,0.6032740418190728,0.6032740418190728,11,5,8,8,120,0.022845314080619517,214.0,1.0274999658577144,900
2143,100,4,60.31187695347571,0.6031187695347571,0.6031187695347571,12,3,9,9,108,0.01552722843136678,607.3333333333334,2.0508000161498785,384
2144,100,5,60.29269259078512,0.6029269259078512,0.6029269259078512,11,4,7,7,110,0.019184362690339185,399.0,0.9539999882690609,475
2145,100,7,60.27211387604441,0.6027211387604441,0.6027211387604441,11,5,6,6,114,0.0205787147403953,226.0,1.80899997940287,651
2146,100,6,60.248898608125764,0.6024889860812577,0.6024889860812577,15,6,10,10,112,0.023215267918352822,347.3333333333333,0.7686999742873013,564
2147,100,5,60.23378709753468,0.6023378709753469,0.6023378709753469,11,4,7,7,110,0.015111510590834598,464.0,0.9607999818399549,475
2148,100,4,60.218778060796744,0.6021877806079674,0.6021877806079674,11,4,9,9,108,0.015009036737708925,514.0,0.9488000068813562,384
2149,100,6,60.19962050821357,0.6019962050821357,0.6019962050821357,12,4,8,8,112,0.019157552582889537,364.0,3.0414999928325415,564
2150,100,5,60.183734891118476,0.6018373489111848,0.6018373489111848,12,3,10,10,110,0.015885617094852478,480.6666666666667,1.0796000133268535,475
2151,100,5,60.17042193727813,0.6017042193727813,0.6017042193727813,8,2,6,6,110,0.013312953840085129,654.0,1.2023000163026154,475
2152,100,4,60.15541081967221,0.6015541081967222,0.6015541081967222,13,4,10,10,108,0.015011117605681079,514.0,1.9502000068314373,384
2153,100,5,60.139730576159366,0.6013973057615937,0.6013973057615937,11,4,7,7,110,0.01568024351260533,459.0,1.0019999463111162,475
2154,100,4,60.12258803060574,0.6012258803060574,0.6012258803060574,11,4,8,8,108,0.01714254555339778,514.0,1.666199997998774,384
2155,100,5,60.10788264174164,0.6010788264174164,0.6010788264174164,8,3,5,5,110,0.014705388863845315,594.0,1.235299976542592,475
2156,100,6,60.089554406597884,0.6008955440659789,0.6008955440659789,14,4,10,10,112,0.01832823514347126,404.0,1.0219000396318734,564
2157,100,4,60.073247472056785,0.6007324747205679,0.6007324747205679,14,3,11,11,108,0.016306934540864404,607.3333333333334,1.0557000059634447,384
2158,100,3,60.06032729967731,0.6006032729967731,0.6006032729967731,11,2,9,9,106,0.012920172379295991,814.0,0.8459000382572412,291
2159,100,7,60.04442490578021,0.6004442490578021,0.6004442490578021,8,3,5,5,114,0.01590239389679482,334.0,0.7974000182002783,651
2160,100,7,60.02480789417343,0.6002480789417343,0.6002480789417343,9,4,5,5,114,0.01961701160647067,414.0,1.2052999809384346,651
2161,100,5,60.01225651027769,0.6001225651027768,0.6001225651027768,7,2,6,6,110,0.012551383895484491,674.0,2.6584999868646264,475
2162,100,11,59.983975861427716,0.5998397586142772,0.5998397586142772,19,8,11,11,122,0.028280648849545287,226.5,1.3809999800287187,979
2163,100,2,59.9735929404916,0.599735929404916,0.599735929404916,8,2,6,6,104,0.010382920935953166,1014.0,3.1776000396348536,196
2164,100,6,59.956929793227054,0.5995692979322705,0.5995692979322705,11,4,7,7,112,0.016663147264267764,359.0,0.894299999345094,564
2165,100,5,59.93778575471437,0.5993778575471437,0.5993778575471437,16,5,12,12,110,0.019144038512436623,414.0,0.999299983959645,475
2166,100,5,59.91861322362731,0.5991861322362732,0.5991861322362732,17,5,12,12,110,0.01917253108680228,414.0,0.9610999841243029,475
2167,100,4,59.90032589366542,0.5990032589366542,0.5990032589366542,12,4,8,8,108,0.018287329961665932,514.0,0.9467999916523695,384
2168,100,7,59.87975548500958,0.5987975548500958,0.5987975548500958,13,5,10,10,114,0.02057040865553006,354.0,1.1471000034362078,651
2169,100,5,59.85779888762982,0.5985779888762982,0.5985779888762982,18,5,13,13,110,0.021956597379514164,414.0,1.8940999871119857,475
2170,100,8,59.83464257322533,0.5983464257322533,0.5983464257322533,19,6,13,13,116,0.023156314404154443,317.3333333333333,1.0630000033415854,736
2171,100,5,59.81676059302231,0.5981676059302231,0.5981676059302231,15,4,12,12,110,0.017881980202773207,469.0,1.1104000150226057,475
2172,100,3,59.79917962083947,0.5979917962083947,0.5979917962083947,14,3,11,11,106,0.01758097218264254,680.6666666666666,1.0328000062145293,291
2173,100,6,59.78020016555996,0.5978020016555996,0.5978020016555996,19,4,15,15,112,0.018979455279229285,424.0,1.0164999985136092,564
2174,100,2,59.76675043847775,0.5976675043847774,0.5976675043847774,13,2,11,11,104,0.013449727082040397,1014.0,0.865899957716465,196
2175,100,4,59.75026367674872,0.5975026367674873,0.5975026367674873,14,4,11,11,108,0.016486761728806698,514.0,1.770000031683594,384
2176,100,3,59.73526484484403,0.5973526484484403,0.5973526484484403,13,3,10,10,106,0.01499883190450646,680.6666666666666,2.5609000003896654,291
2177,100,4,59.717700758678475,0.5971770075867847,0.5971770075867847,16,4,12,12,108,0.01756408616532923,514.0,1.9218999659642577,384
2178,100,4,59.70158393502825,0.5970158393502826,0.5970158393502826,14,4,11,11,108,0.016116823649987566,514.0,0.908799993339926,384
2179,100,4,59.68748460208993,0.5968748460208994,0.5968748460208994,11,3,9,9,108,0.014099332938094733,607.3333333333334,1.0025999508798122,384
2180,100,5,59.66706274467133,0.5966706274467133,0.5966706274467133,16,5,12,12,110,0.020421857418362777,414.0,1.0887000244110823,475
2181,100,8,59.6464442681148,0.596464442681148,0.596464442681148,14,6,8,8,116,0.0206184765561801,297.3333333333333,1.0503999656066298,736
2182,100,8,59.624984532086245,0.5962498453208624,0.5962498453208624,16,6,10,10,116,0.021459736028226928,290.6666666666667,1.7785000381991267,736
2183,100,8,59.60699186118349,0.5960699186118349,0.5960699186118349,14,4,10,10,116,0.017992670902422958,414.0,1.8429000047035515,736
2184,100,3,59.59145465030241,0.5959145465030241,0.5959145465030241,11,3,8,8,106,0.01553721088087201,680.6666666666666,1.5436999965459108,291
2185,100,8,59.57106252733567,0.5957106252733567,0.5957106252733567,15,4,11,11,116,0.020392122966406134,384.0,0.8425000123679638,736
2186,100,4,59.55564848373449,0.5955564848373449,0.5955564848373449,11,2,9,9,108,0.015414043600962657,724.0,0.9877000120468438,384
2187,100,0,59.54653702462078,0.5954653702462078,0.5954653702462078,10,10,10,10,0,0.009111459113697151,17.0,0.1716000260785222,0
2188,100,9,59.525467470639455,0.5952546747063946,0.5952546747063946,14,6,9,9,118,0.021069553980964884,284.0,2.724299964029342,819
2189,100,7,59.50865741542173,0.5950865741542173,0.5950865741542173,12,4,9,9,114,0.016810055217405306,409.0,1.046599994879216,651
2190,100,3,59.497671719296,0.59497671719296,0.59497671719296,7,2,5,5,106,0.010985696125537459,844.0,1.094200008083135,291
2191,100,5,59.48128196653792,0.5948128196653792,0.5948128196653792,10,4,6,6,110,0.016389752757824283,434.0,1.7448000144213438,475
2192,100,7,59.460326219403655,0.5946032621940366,0.5946032621940366,16,5,11,11,114,0.02095574713395365,346.0,0.8331999997608364,651
2193,100,5,59.445081250406716,0.5944508125040672,0.5944508125040672,12,3,9,9,110,0.015244968996682928,607.3333333333334,1.1130000348202884,475
2194,100,6,59.42666723769649,0.594266672376965,0.594266672376965,12,4,8,8,112,0.018414012709946803,389.0,1.407099945936352,564
2195,100,0,59.40928144826003,0.5940928144826003,0.5940928144826003,11,11,11,11,0,0.017385789436460186,17.0,0.08599995635449886,0
2196,100,4,59.39312048448158,0.5939312048448158,0.5939312048448158,14,4,10,10,108,0.01616096377822629,514.0,1.0673000360839069,384
2197,100,5,59.376531536892294,0.593765315368923,0.593765315368923,12,3,9,9,110,0.016588947589035286,527.3333333333334,0.8836999768391252,475
2198,100,5,59.35687119459365,0.5935687119459365,0.5935687119459365,13,4,10,10,110,0.019660342298379874,379.0,2.0748000242747366,475
2199,100,0,59.34545426573733,0.5934545426573733,0.5934545426573733,9,9,9,9,0,0.011416928856320396,17.0,0.07650000043213367,0
2200,100,4,59.326622980693195,0.593266229806932,0.593266229806932,18,4,14,14,108,0.01883128504391607,514.0,1.9531000289134681,384
2201,100,3,59.31238592364168,0.5931238592364168,0.5931238592364168,11,3,9,9,106,0.014237057051303736,680.6666666666666,1.042200019583106,291
2202,100,4,59.29475291947181,0.5929475291947182,0.5929475291947182,16,4,13,13,108,0.01763300416964597,514.0,2.000700042117387,384
2203,100,5,59.274742741382106,0.592747427413821,0.592747427413821,19,4,15,15,110,0.020010178089464148,459.0,0.9000999853014946,475
2204,100,7,59.25252516621086,0.5925252516621086,0.5925252516621086,14,5,11,11,114,0.022217575170941473,350.0,2.134900016244501,651
2205,100,6,59.23375818525068,0.5923375818525067,0.5923375818525067,12,5,8,8,112,0.018766980959902924,406.0,0.9798000101000071,564
2206,100,5,59.2161570120354,0.592161570120354,0.592161570120354,16,5,11,11,110,0.017601173215020083,414.0,3.243400016799569,475
2207,100,2,59.20291042197621,0.5920291042197622,0.5920291042197622,14,2,12,12,104,0.01324659005903328,1014.0,0.9785000002011657,196
2208,100,4,59.1812192571102,0.591812192571102,0.591812192571102,23,4,19,19,108,0.0216911648657927,514.0,1.3450999977067113,384
2209,100,10,59.15300931439499,0.5915300931439499,0.5915300931439499,21,7,16,16,120,0.0282099427148097,231.14285714285714,0.9413000079803169,900
2210,100,4,59.131642364624945,0.5913164236462495,0.5913164236462495,18,4,15,15,108,0.021366949769820565,514.0,1.3335999683476985,384
2211,100,6,59.10707401809575,0.5910707401809575,0.5910707401809575,26,6,21,21,112,0.024568346528930363,347.3333333333333,1.3870999682694674,564
2212,100,4,59.0887424214968,0.590887424214968,0.590887424214968,17,4,14,14,108,0.018331596598713418,514.0,2.7865999727509916,384
2213,100,4,59.07007926607764,0.5907007926607765,0.5907007926607765,20,4,18,18,108,0.018663155418934707,514.0,1.2968999799340963,384
2214,100,2,59.054220378321794,0.590542203783218,0.590542203783218,17,2,16,16,104,0.01585888775566957,1014.0,1.1708999518305063,196
2215,100,7,59.02635433177192,0.5902635433177192,0.5902635433177192,23,7,19,19,114,0.02786604654957614,299.7142857142857,0.7849999819882214,651
2216,100,4,59.00780467889715,0.5900780467889715,0.5900780467889715,17,4,14,14,108,0.018549652874540357,514.0,1.221399987116456,384
2217,100,8,58.9857912283284,0.589857912283284,0.589857912283284,19,7,15,15,116,0.022013450568422854,268.2857142857143,1.1900000390596688,736
2218,100,7,58.965057312387,0.58965057312387,0.58965057312387,15,5,11,11,114,0.020733915941086423,282.0,1.1610999936237931,651
2219,100,4,58.94424491600213,0.5894424491600213,0.5894424491600213,18,4,14,14,108,0.020812396384634724,514.0,1.552300003822893,384
2220,100,8,58.92048736936854,0.5892048736936853,0.5892048736936853,20,6,16,16,116,0.023757546633262905,300.6666666666667,1.9561999943107367,736
2221,100,5,58.90375018143458,0.5890375018143458,0.5890375018143458,13,3,11,11,110,0.016737187933713926,600.6666666666666,1.8015000387094915,475
2222,100,6,58.880388406027734,0.5888038840602774,0.5888038840602774,19,6,14,14,112,0.02336177540657758,347.3333333333333,1.1405000113882124,564
2223,100,3,58.863771398984596,0.588637713989846,0.588637713989846,17,3,14,14,106,0.016617007042960097,680.6666666666666,1.8428000039421022,291
2224,100,7,58.842322886498145,0.5884232288649814,0.5884232288649814,21,6,15,15,114,0.02144851248613122,334.0,1.8693999736569822,651
2225,100,6,58.81578931721717,0.5881578931721717,0.5881578931721717,27,6,21,21,112,0.02653356928070849,347.3333333333333,1.2324999552220106,564
2226,100,9,58.79091473455299,0.5879091473455299,0.5879091473455299,20,7,14,14,116,0.024874582663798606,245.42857142857142,1.677700027357787,819
2227,100,3,58.77191057243497,0.5877191057243497,0.5877191057243497,17,3,15,15,106,0.01900416211783096,680.6666666666666,0.8416000055149198,291
2228,100,7,58.752414838965564,0.5875241483896556,0.5875241483896556,16,4,13,13,112,0.01949573346909972,459.0,1.0528000420890749,651
2229,100,8,58.727855423587485,0.5872785542358748,0.5872785542358748,22,8,15,15,116,0.02455941537771622,264.0,3.647100005764514,736
2230,100,5,58.705355287427466,0.5870535528742746,0.5870535528742746,17,4,13,13,110,0.02250013615977764,494.0,1.202800020109862,475
2231,100,6,58.688471863334385,0.5868847186333439,0.5868847186333439,11,4,8,8,112,0.016883424092789312,369.0,1.2648000265471637,564
2232,100,6,58.672469935003974,0.5867246993500398,0.5867246993500398,13,4,9,9,112,0.016001928330119597,379.0,1.0775999980978668,564
2233,100,5,58.65440196629203,0.5865440196629202,0.5865440196629202,13,5,10,10,110,0.0180679687116978,414.0,0.7693999796174467,475
2234,100,3,58.63990299924137,0.5863990299924137,0.5863990299924137,14,3,12,12,106,0.014498967050457168,680.6666666666666,0.8430999587289989,291
2235,100,1,58.6247481728144,0.586247481728144,0.586247481728144,16,1,15,15,102,0.015154826426858392,2014.0,4.338199971243739,99
2236,100,0,58.61041759699491,0.586104175969949,0.586104175969949,13,13,13,13,0,0.014330575819485603,17.0,0.08840003283694386,0
2237,100,5,58.58865448136257,0.5858865448136257,0.5858865448136257,17,5,13,13,110,0.021763115632090546,414.0,0.867400027345866,475
2238,100,6,58.56870096233455,0.5856870096233455,0.5856870096233455,16,5,11,11,112,0.019953519027737343,378.0,1.417500025127083,564
2239,100,1,58.55745445389725,0.5855745445389725,0.5855745445389725,11,1,10,10,102,0.01124650843716779,2014.0,0.9009999921545386,99
2240,100,10,58.528984710851816,0.5852898471085182,0.5852898471085182,21,8,14,14,120,0.028469743045036466,249.0,1.9293000223115087,900
2241,100,3,58.513920660958405,0.5851392066095841,0.5851392066095841,15,2,13,13,106,0.015064049893219078,834.0,1.1214999831281602,291
2242,100,6,58.49704480432049,0.5849704480432049,0.5849704480432049,14,4,11,11,112,0.01687585663763258,424.0,1.1471000034362078,564
2243,100,3,58.48022994086902,0.5848022994086902,0.5848022994086902,16,3,14,14,106,0.016814863451259043,680.6666666666666,1.1392999440431595,291
2244,100,8,58.455067094833254,0.5845506709483326,0.5845506709483326,21,7,14,14,116,0.0251628460354425,285.42857142857144,0.9630999993532896,736
2245,100,3,58.436214272476796,0.5843621427247679,0.5843621427247679,17,3,15,15,106,0.018852822356272725,680.6666666666666,1.1024000123143196,291
2246,100,4,58.41965941176358,0.5841965941176358,0.5841965941176358,15,4,11,11,108,0.016554860712986397,514.0,0.9518999722786248,384
2247,100,3,58.402829880491595,0.5840282988049159,0.5840282988049159,19,3,16,16,106,0.016829531271795872,680.6666666666666,0.8931999909691513,291
2248,100,4,58.38667062346961,0.5838667062346962,0.5838667062346962,16,4,12,12,108,0.01615925702177634,514.0,1.2090999516658485,384
2249,100,5,58.36770577267478,0.5836770577267478,0.5836770577267478,13,4,10,10,110,0.018964850794574772,469.0,1.0163999977521598,475
2250,100,6,58.3473949257792,0.583473949257792,0.583473949257792,17,5,12,12,112,0.020310846895291945,382.0,1.1841999948956072,564
2251,100,5,58.328322758160716,0.5832832275816071,0.5832832275816071,17,5,13,13,110,0.0190721676182406,414.0,1.1541999992914498,475
2252,100,6,58.307391331794506,0.583073913317945,0.583073913317945,20,6,14,14,112,0.020931426365919492,347.3333333333333,1.1277999728918076,564
2253,100,7,58.285354121484794,0.5828535412148479,0.5828535412148479,19,5,15,15,114,0.022037210309377997,358.0,0.7565999985672534,651
2254,100,5,58.26022033020775,0.5826022033020775,0.5826022033020775,23,5,19,19,110,0.025133791276793715,414.0,0.9133999701589346,475
2255,100,5,58.23949578487497,0.5823949578487497,0.5823949578487497,21,5,16,16,110,0.020724545332534205,414.0,0.9578000172041357,475
2256,100,3,58.224521007248924,0.5822452100724892,0.5822452100724892,12,3,9,9,106,0.014974777625859303,680.6666666666666,0.997799972537905,291
2257,100,2,58.20682050498685,0.5820682050498686,0.5820682050498686,21,2,20,20,104,0.017700502261916995,1014.0,1.1589000350795686,196
2258,100,6,58.18535228431662,0.5818535228431663,0.5818535228431663,14,5,9,9,112,0.02146822066995213,402.0,2.0158999832347035,564
2259,100,6,58.16090429141617,0.5816090429141617,0.5816090429141617,23,6,17,17,112,0.02444799290015709,347.3333333333333,0.730200030375272,564
2260,100,7,58.137196435124416,0.5813719643512442,0.5813719643512442,16,5,11,11,114,0.0237078562914661,314.0,0.8584000170230865,651
2261,100,5,58.11629206772111,0.5811629206772111,0.5811629206772111,12,5,8,8,110,0.020904367403026924,414.0,1.0204999707639217,475
2262,100,7,58.09265809075344,0.5809265809075344,0.5809265809075344,19,6,14,14,114,0.023633976967367687,320.6666666666667,1.0164999985136092,651
2263,100,3,58.074879402641585,0.5807487940264159,0.5807487940264159,23,3,20,20,106,0.01777868811164751,680.6666666666666,1.1202999739907682,291
2264,100,6,58.052624391227596,0.5805262439122759,0.5805262439122759,17,5,13,13,112,0.0222550114136979,378.0,1.0725000174716115,564
2265,100,6,58.02966590649133,0.5802966590649133,0.5802966590649133,19,6,13,13,112,0.022958484735987383,347.3333333333333,1.053699990734458,564
2266,100,5,58.01140058137432,0.5801140058137432,0.5801140058137432,19,4,16,16,110,0.018265325116743725,464.0,0.9890999644994736,475
2267,100,4,57.99557418647437,0.5799557418647437,0.5799557418647437,16,3,13,13,108,0.015826394899740137,620.6666666666666,1.0370999807491899,384
2268,100,9,57.97051548716092,0.5797051548716091,0.5797051548716091,21,7,15,15,118,0.025058699313078137,231.14285714285714,0.7827000226825476,819
2269,100,5,57.95359865967285,0.5795359865967284,0.5795359865967284,15,4,11,11,110,0.016916827487833075,439.0,1.0457999887876213,475
2270,100,3,57.93806666589321,0.5793806666589321,0.5793806666589321,12,3,10,10,106,0.015531993779426045,680.6666666666666,1.042800024151802,291
2271,100,4,57.921505734065455,0.5792150573406546,0.5792150573406546,12,4,9,9,108,0.016560931827534375,514.0,1.0318999993614852,384
2272,100,4,57.9076693809119,0.579076693809119,0.579076693809119,12,3,9,9,108,0.0138363531533372,614.0,1.2675000471062958,384
2273,100,7,57.88489463804228,0.5788489463804228,0.5788489463804228,20,6,14,14,114,0.02277474286929504,314.0,0.9486000053584576,651
2274,100,5,57.866412054381264,0.5786641205438127,0.5786641205438127,15,3,12,12,110,0.018482583660755836,500.6666666666667,1.046599994879216,475
2275,100,3,57.85043981289107,0.5785043981289106,0.5785043981289106,11,3,10,10,106,0.01597224149002585,680.6666666666666,1.0588000295683742,291
2276,100,4,57.835097498191885,0.5783509749819189,0.5783509749819189,13,4,10,10,108,0.015342314698941095,514.0,1.0399000020697713,384
2277,100,4,57.818147988304055,0.5781814798830406,0.5781814798830406,16,4,12,12,108,0.016949509887595582,514.0,0.9781999979168177,384
2278,100,7,57.79799201072665,0.5779799201072665,0.5779799201072665,14,3,11,11,114,0.02015597757709031,440.6666666666667,0.8769999840296805,651
2279,100,2,57.78563612327841,0.577856361232784,0.577856361232784,12,2,11,11,104,0.012355887448066483,1014.0,1.150400028564036,196
2280,100,7,57.76542543728783,0.5776542543728783,0.5776542543728783,12,3,10,10,114,0.02021068599027842,394.0,1.2685999972745776,651
2281,100,3,57.75418994823358,0.5775418994823358,0.5775418994823358,8,2,7,7,106,0.011235489054051584,864.0,1.1224999907426536,291
2282,100,3,57.73997717713269,0.5773997717713268,0.5773997717713268,12,3,9,9,106,0.01421277110070207,680.6666666666666,1.2652999721467495,291
2283,100,5,57.723001455890035,0.5772300145589003,0.5772300145589003,11,4,9,9,110,0.016975721242388886,504.0,0.8786999969743192,475
2284,100,9,57.701743184874864,0.5770174318487487,0.5770174318487487,14,6,10,10,118,0.021258271014808372,237.33333333333334,1.0168000007979572,819
2285,100,5,57.684689143229285,0.5768468914322928,0.5768468914322928,14,4,10,10,110,0.01705404164531643,464.0,1.0902999783866107,475
2286,100,4,57.66723935253033,0.5766723935253033,0.5766723935253033,12,4,8,8,108,0.01744979069871988,514.0,1.0559000074863434,384
2287,100,10,57.64273833912734,0.5764273833912734,0.5764273833912734,15,7,9,9,118,0.02450101340259181,242.57142857142858,1.1221999884583056,900
2288,100,4,57.62531624202145,0.5762531624202145,0.5762531624202145,13,3,10,10,108,0.01742209710565845,567.3333333333334,1.3478000182658434,384
2289,100,4,57.60979185436272,0.5760979185436272,0.5760979185436272,9,4,6,6,108,0.015524387658516048,514.0,0.9987999801523983,384
2290,100,7,57.58685209814841,0.5758685209814841,0.5758685209814841,15,6,9,9,114,0.022939756213986584,327.3333333333333,1.0798000148497522,651
2291,100,5,57.571700338792525,0.5757170033879252,0.5757170033879252,8,3,5,5,110,0.015151759355596539,487.3333333333333,1.0411999537609518,475
2292,100,1,57.563782158234446,0.5756378215823444,0.5756378215823444,5,1,4,4,102,0.007918180557972221,2014.0,1.1631000088527799,99
2293,100,4,57.55039788525088,0.5755039788525088,0.5755039788525088,11,3,8,8,108,0.013384272983337553,640.6666666666666,0.9535999852232635,384
2294,100,7,57.53125026840988,0.5753125026840987,0.5753125026840987,11,4,7,7,114,0.019147616840683668,384.0,1.1057999799959362,651
2295,100,2,57.5171999480532,0.575171999480532,0.575171999480532,13,2,11,11,104,0.014050320356517432,1014.0,1.146900001913309,196
2296,100,9,57.49527434075083,0.5749527434075083,0.5749527434075083,17,5,12,12,118,0.021925607301987782,282.0,1.1195999686606228,819
2297,100,2,57.48373911775393,0.5748373911775393,0.5748373911775393,10,2,9,9,104,0.011535222996748473,1014.0,1.0098000057041645,196
2298,100,4,57.46743024701625,0.5746743024701625,0.5746743024701625,11,4,8,8,108,0.016308870737447023,514.0,0.8256000000983477,384
2299,100,5,57.45085908568514,0.5745085908568514,0.5745085908568514,13,4,10,10,110,0.016571161330844575,489.0,1.1630000080913305,475
2300,100,6,57.42926543591563,0.5742926543591563,0.5742926543591563,15,5,11,11,112,0.021593649769222623,358.0,1.0798000148497522,564
2301,100,3,57.41584978799787,0.5741584978799787,0.5741584978799787,12,3,9,9,106,0.013415647917568663,680.6666666666666,1.1427000281400979,291
2302,100,4,57.39666785486077,0.5739666785486077,0.5739666785486077,17,4,14,14,108,0.01918193313687766,514.0,1.1301999911665916,384
2303,100,9,57.37303473935882,0.5737303473935882,0.5737303473935882,14,5,9,9,118,0.02363311550156766,286.0,1.0281999711878598,819
2304,100,5,57.356110250944994,0.5735611025094499,0.5735611025094499,14,4,10,10,110,0.016924488413586403,449.0,1.0556000052019954,475
2305,100,2,57.342653528940765,0.5734265352894077,0.5734265352894077,9,2,8,8,104,0.013456722004050903,1014.0,1.1894999770447612,196
2306,100,5,57.326383209705895,0.573263832097059,0.573263832097059,13,4,10,10,110,0.01627031923462141,459.0,1.1949999607168138,475
2307,100,3,57.31449750666435,0.5731449750666435,0.5731449750666435,6,2,4,4,106,0.01188570304132952,974.0,1.0109000140801072,291
2308,100,4,57.298102054629354,0.5729810205462935,0.5729810205462935,10,3,7,7,108,0.016395452034785762,607.3333333333334,1.1980999843217432,384
2309,100,6,57.28226631197832,0.5728226631197831,0.5728226631197831,13,4,9,9,112,0.01583574265074361,424.0,0.8493000059388578,564
2310,100,2,57.270013868276905,0.572700138682769,0.572700138682769,10,2,9,9,104,0.01225244370124301,1014.0,1.2672999873757362,196
2311,100,8,57.24887007946026,0.5724887007946026,0.5724887007946026,14,5,9,9,116,0.02114378881628909,270.0,1.2479000142775476,736
2312,100,5,57.228476267836385,0.5722847626783638,0.5722847626783638,13,4,9,9,110,0.020393811623634406,449.0,1.034500019159168,475
2313,100,9,57.20081191150604,0.5720081191150603,0.5720081191150603,16,6,10,10,118,0.02766435632995723,287.3333333333333,1.035400026012212,819
2314,100,5,57.18410779502624,0.5718410779502624,0.5718410779502624,15,5,11,11,110,0.016704116479537845,414.0,1.1220999876968563,475
2315,100,4,57.1653985239382,0.571653985239382,0.571653985239382,17,4,14,14,108,0.018709271087828938,514.0,1.1968000326305628,384
2316,100,5,57.146492354429306,0.571464923544293,0.571464923544293,16,5,12,12,110,0.018906169508639437,414.0,0.9420000133104622,475
2317,100,8,57.12404897895558,0.5712404897895558,0.5712404897895558,19,5,15,15,116,0.022443375473400806,302.0,1.5557999722659588,736
2318,100,5,57.10494066723318,0.5710494066723318,0.5710494066723318,17,5,13,13,110,0.019108311722142446,414.0,0.8787999977357686,475
2319,100,2,57.091282650962114,0.5709128265096212,0.5709128265096212,14,2,12,12,104,0.013658016270895246,1014.0,0.9453999809920788,196
2320,100,1,57.07901304394535,0.5707901304394535,0.5707901304394535,13,1,12,12,102,0.01226960701664126,2014.0,1.1665999772958457,99
2321,100,5,57.059515791024545,0.5705951579102454,0.5705951579102454,17,4,13,13,110,0.019497252920544383,474.0,1.2552000116556883,475
2322,100,3,57.04298251124902,0.5704298251124902,0.5704298251124902,13,3,10,10,106,0.016533279775323706,680.6666666666666,1.1011000024154782,291
2323,100,2,57.02945734152751,0.5702945734152751,0.5702945734152751,12,2,10,10,104,0.013525169721354757,1014.0,1.2233000015839934,196
2324,100,9,57.00472243996368,0.5700472243996368,0.5700472243996368,17,7,13,13,118,0.02473490156345548,239.71428571428572,1.1259999591857195,819
2325,100,3,56.98637663839934,0.5698637663839934,0.5698637663839934,13,3,10,10,106,0.018345801564144892,680.6666666666666,0.9822999709285796,291
2326,100,3,56.96698304604621,0.569669830460462,0.569669830460462,18,3,15,15,106,0.019393592352955125,680.6666666666666,1.1350999702699482,291
2327,100,3,56.95178642127277,0.5695178642127278,0.5695178642127278,16,3,13,13,106,0.015196624773231804,680.6666666666666,0.985999999102205,291
2328,100,7,56.93018032050613,0.5693018032050613,0.5693018032050613,19,6,14,14,114,0.02160610076631997,324.0,1.2803000281564891,651
2329,100,1,56.914920118685835,0.5691492011868583,0.5691492011868583,16,1,15,15,102,0.015260201820169073,2014.0,0.9300000383518636,99
2330,100,3,56.899964590940975,0.5689996459094098,0.5689996459094098,15,3,13,13,106,0.014955527744668018,680.6666666666666,1.1783000081777573,291
2331,100,7,56.872920168073385,0.5687292016807338,0.5687292016807338,20,6,16,16,114,0.027044422867270157,320.6666666666667,1.0588999721221626,651
2332,100,7,56.84758285027084,0.5684758285027084,0.5684758285027084,19,5,14,14,114,0.02533731780222581,354.0,1.153399993199855,651
2333,100,9,56.82152062340079,0.5682152062340079,0.5682152062340079,24,8,17,17,118,0.02606222686969062,259.0,1.0350000229664147,819
2334,100,8,56.79727129480765,0.5679727129480765,0.5679727129480765,18,7,13,13,116,0.024249328592787833,274.0,0.9934999980032444,736
2335,100,6,56.78018102936769,0.5678018102936769,0.5678018102936769,14,5,11,11,112,0.01709026543968406,370.0,0.8696999866515398,564
2336,100,4,56.76214924509705,0.5676214924509705,0.5676214924509705,15,3,12,12,108,0.018031784270405637,567.3333333333334,0.9894999675452709,384
2337,100,6,56.74376163595876,0.5674376163595877,0.5674376163595877,15,5,11,11,112,0.01838760913800286,370.0,0.9972999687306583,564
2338,100,6,56.72631481971226,0.5672631481971225,0.5672631481971225,12,4,8,8,112,0.01744681624621336,389.0,1.0914000449702144,564
2339,100,7,56.702970245468734,0.5670297024546873,0.5670297024546873,17,6,12,12,114,0.023344574243211014,287.3333333333333,0.7867999956943095,651
2340,100,4,56.68585226375953,0.5668585226375953,0.5668585226375953,15,4,11,11,108,0.01711798170898504,514.0,1.211599970702082,384
2341,100,4,56.67253626339077,0.5667253626339077,0.5667253626339077,10,3,7,7,108,0.013316000368526204,594.0,1.2212999863550067,384
2342,100,6,56.65492203564692,0.5665492203564692,0.5665492203564692,12,4,9,9,112,0.01761422774355026,419.0,1.0133000323548913,564
2343,100,6,56.63544619107733,0.5663544619107733,0.5663544619107733,13,4,11,11,110,0.019475844569321055,474.0,1.185000000987202,564
2344,100,3,56.62138342339672,0.5662138342339672,0.5662138342339672,14,3,11,11,106,0.014062767680393051,680.6666666666666,1.000199990812689,291
2345,100,4,56.60476666573115,0.5660476666573114,0.5660476666573114,13,4,10,10,108,0.016616757665353532,514.0,1.0849999962374568,384
2346,100,2,56.58792706750551,0.5658792706750551,0.5658792706750551,12,2,11,11,104,0.016839598225466546,1014.0,0.9514999692328274,196
2347,100,3,56.57005187655096,0.5657005187655096,0.5657005187655096,10,3,7,7,106,0.017875190954349307,680.6666666666666,1.104300026781857,291
2348,100,4,56.551006534871846,0.5655100653487185,0.5655100653487185,20,4,16,16,108,0.01904534167888272,514.0,1.1181999580003321,384
2349,100,6,56.53410831991926,0.5653410831991926,0.5653410831991926,14,5,9,9,112,0.01689821495229893,382.0,1.1416999623179436,564
2350,100,5,56.51472964600153,0.5651472964600153,0.5651472964600153,15,4,11,11,110,0.01937867391747261,414.0,1.0787000064738095,475
2351,100,1,56.49576924593191,0.5649576924593191,0.5649576924593191,19,1,18,18,102,0.018960400069488514,2014.0,1.1970999767072499,99
2352,100,8,56.471537415329465,0.5647153741532946,0.5647153741532946,25,6,19,19,116,0.02423183060209766,294.0,1.0759999859146774,736
2353,100,8,56.44805427914975,0.5644805427914975,0.5644805427914975,19,7,14,14,116,0.02348313617937947,282.57142857142856,1.3201000401750207,736
2354,100,8,56.41580303059769,0.5641580303059769,0.5641580303059769,26,8,21,21,114,0.03225124855172368,264.0,1.0087999980896711,736
2355,100,7,56.39206351122264,0.5639206351122263,0.5639206351122263,21,7,14,14,114,0.023739519374728957,299.7142857142857,1.1690999963320792,651
2356,100,13,56.3602206571953,0.563602206571953,0.563602206571953,27,10,19,19,124,0.031842854026855605,188.0,1.034800021443516,1131
2357,100,4,56.34017663544574,0.5634017663544574,0.5634017663544574,20,4,17,17,108,0.02004402174935649,514.0,1.456499972846359,384
2358,100,0,56.32252199898707,0.5632252199898707,0.5632252199898707,16,16,16,16,0,0.0176546364586585,17.0,0.09970000246539712,0
2359,100,4,56.30258858488243,0.5630258858488243,0.5630258858488243,18,4,15,15,108,0.019933414104414737,514.0,2.2695999941788614,384
2360,100,6,56.28227354646654,0.5628227354646654,0.5628227354646654,20,5,15,15,112,0.020315038415603226,382.0,1.499700010754168,564
2361,100,6,56.26160829502225,0.5626160829502225,0.5626160829502225,19,6,14,14,112,0.020665251444000887,347.3333333333333,1.5881999861449003,564
2362,100,4,56.24541188665834,0.5624541188665834,0.5624541188665834,17,3,15,15,108,0.0161964083636974,620.6666666666666,1.8153999699279666,384
2363,100,4,56.22681494314125,0.5622681494314125,0.5622681494314125,15,4,11,11,108,0.018596943516861586,514.0,1.2463000020943582,384
2364,100,5,56.2094776318936,0.562094776318936,0.562094776318936,18,4,14,14,110,0.017337311247374032,449.0,1.2959999730810523,475
2365,100,3,56.19376346095549,0.5619376346095549,0.5619376346095549,17,2,15,15,106,0.015714170937918936,824.0,2.0295000285841525,291
2366,100,6,56.17473030195918,0.5617473030195917,0.5617473030195917,18,5,15,15,112,0.019033158995995336,374.0,1.2904000468552113,564
2367,100,7,56.156259667698926,0.5615625966769893,0.5615625966769893,13,4,10,10,114,0.018470634259948326,379.0,1.2069999938830733,651
2368,100,6,56.1381038481276,0.561381038481276,0.561381038481276,12,4,8,8,112,0.01815581957103518,384.0,0.9639000054448843,564
2369,100,3,56.12322301085529,0.5612322301085529,0.5612322301085529,14,3,11,11,106,0.01488083727213052,680.6666666666666,1.1750999838113785,291
2370,100,5,56.10298815514823,0.5610298815514824,0.5610298815514824,18,4,15,15,110,0.020234855706810606,469.0,1.3327000197023153,475
2371,100,1,56.08940888752279,0.5608940888752278,0.5608940888752278,12,1,11,11,102,0.013579267625281943,2014.0,0.9433000232093036,99
2372,100,7,56.066624273042116,0.5606662427304212,0.5606662427304212,21,6,15,15,114,0.022784614480357845,330.6666666666667,1.167299982625991,651
2373,100,5,56.04642041235669,0.5604642041235669,0.5604642041235669,12,3,10,10,110,0.02020386068517155,400.6666666666667,1.146599999628961,475
2374,100,4,56.028760029304486,0.5602876002930448,0.5602876002930448,15,2,13,13,108,0.017660383051982365,914.0,1.1144999880343676,384
2375,100,6,56.00686053084768,0.5600686053084768,0.5600686053084768,13,4,10,10,112,0.021899498456498634,309.0,1.027399965096265,564
2376,100,3,55.992438004134755,0.5599243800413476,0.5599243800413476,14,3,11,11,106,0.014422526712742467,680.6666666666666,1.055800006724894,291
2377,100,7,55.973377274081805,0.559733772740818,0.559733772740818,16,5,12,12,114,0.019060730052629538,338.0,0.8941999985836446,651
2378,100,5,55.95620452646529,0.5595620452646529,0.5595620452646529,14,3,11,11,110,0.0171727476162431,480.6666666666667,0.9704999974928796,475
2379,100,7,55.93660666994614,0.5593660666994613,0.5593660666994613,15,5,11,11,114,0.0195978565188355,350.0,1.1527000460773706,651
2380,100,7,55.920089792404966,0.5592008979240497,0.5592008979240497,9,3,6,6,112,0.016516877540858843,420.6666666666667,1.1288999812677503,651
2381,100,8,55.89602837663498,0.5589602837663498,0.5589602837663498,19,6,13,13,116,0.02406141576962284,270.6666666666667,1.5284999972209334,736
2382,100,9,55.86829227494254,0.5586829227494254,0.5586829227494254,22,7,16,16,116,0.027736101692077852,288.2857142857143,1.145699992775917,819
2383,100,3,55.851501142591594,0.558515011425916,0.558515011425916,19,3,16,16,106,0.016791132350761018,680.6666666666666,0.9683999815024436,291
2384,100,6,55.828281015676566,0.5582828101567656,0.5582828101567656,20,6,15,15,112,0.023220126914743844,347.3333333333333,1.164599962066859,564
2385,100,2,55.8103980715034,0.558103980715034,0.558103980715034,15,2,14,14,104,0.017882944173010173,1014.0,2.1037000115029514,196
2386,100,1,55.796615559087215,0.5579661555908721,0.5579661555908721,14,1,13,13,102,0.013782512416049997,2014.0,0.9399999980814755,99
2387,100,4,55.779725807029344,0.5577972580702935,0.5577972580702935,14,3,11,11,108,0.016889752057636542,560.6666666666666,1.287299965042621,384
2388,100,2,55.76475342592554,0.5576475342592554,0.5576475342592554,14,2,14,14,104,0.01497238110363952,1014.0,1.1690999963320792,196
2389,100,8,55.73893809514212,0.5573893809514212,0.5573893809514212,18,5,14,14,116,0.025815330783082402,326.0,0.9271000162698328,736
2390,100,8,55.7190074931262,0.5571900749312619,0.5571900749312619,11,4,9,9,116,0.01993060201556318,339.0,1.193900010548532,736
2391,100,2,55.70482144515815,0.5570482144515815,0.5570482144515815,14,2,12,12,104,0.014186047967875481,1014.0,0.8728000102564692,196
2392,100,6,55.6861614147478,0.556861614147478,0.556861614147478,18,5,13,13,112,0.018660030410060813,390.0,1.1251000105403364,564
2393,100,7,55.66358683824621,0.5566358683824622,0.5566358683824622,17,6,12,12,114,0.022574576501284582,320.6666666666667,1.2051999801769853,651
2394,100,5,55.64441950109745,0.5564441950109745,0.5564441950109745,17,4,13,13,110,0.01916733714850949,444.0,1.2279999791644514,475
2395,100,4,55.62849282590448,0.5562849282590449,0.5562849282590449,16,4,12,12,108,0.01592667519274471,514.0,0.8885000133886933,384
2396,100,5,55.60878636105507,0.5560878636105506,0.5560878636105506,19,5,15,15,110,0.019706464849157612,414.0,1.0905000381171703,475
2397,100,5,55.58746574515207,0.5558746574515208,0.5558746574515208,16,4,12,12,110,0.021320615902737927,429.0,0.8069000323303044,475
2398,100,4,55.57349747394112,0.5557349747394111,0.5557349747394111,12,3,11,11,108,0.01396827121073585,407.3333333333333,1.1155000538565218,384
2399,100,4,55.55829912141899,0.5555829912141899,0.5555829912141899,13,3,10,10,108,0.015198352521899494,567.3333333333334,1.1111999629065394,384
2400,100,11,55.527753934772804,0.555277539347728,0.555277539347728,25,8,17,17,122,0.030545186645760225,236.5,1.0473000002093613,979
2401,100,1,55.512811271133046,0.5551281127113304,0.5551281127113304,12,1,12,12,102,0.014942663639615716,2014.0,0.9386000456288457,99
2402,100,3,55.49574673785332,0.5549574673785331,0.5549574673785331,16,3,14,14,106,0.01706453327954449,680.6666666666666,1.2140999897383153,291
2403,100,6,55.47871949571316,0.5547871949571316,0.5547871949571316,14,3,12,12,112,0.017027242139867838,494.0,1.2206999817863107,564
2404,100,2,55.4643074064842,0.554643074064842,0.554643074064842,15,2,14,14,104,0.014412089228784453,1014.0,1.2002000003121793,196
2405,100,3,55.44945014302345,0.5544945014302345,0.5544945014302345,15,3,12,12,106,0.014857263460569925,680.6666666666666,1.249199965968728,291
2406,100,5,55.43001342716365,0.5543001342716365,0.5543001342716365,16,4,13,13,110,0.019436715859548315,469.0,1.1705999495461583,475
2407,100,4,55.41153041723926,0.5541153041723926,0.5541153041723926,14,4,10,10,108,0.018483009924146643,514.0,1.2580999755300581,384
2408,100,6,55.391391072160715,0.5539139107216071,0.5539139107216071,15,4,13,13,112,0.020139345078263204,369.0,0.8594000246375799,564
2409,100,8,55.36647417265579,0.5536647417265579,0.5536647417265579,19,6,14,14,116,0.02491689950456788,264.0,1.1345000239089131,736
2410,100,4,55.349364514872825,0.5534936451487282,0.5534936451487282,17,4,15,15,108,0.01710965778274698,514.0,1.0307999909855425,384
2411,100,4,55.33018122438151,0.5533018122438151,0.5533018122438151,17,4,13,13,108,0.01918329049108536,514.0,1.194800017401576,384
2412,100,5,55.31072549641929,0.5531072549641929,0.5531072549641929,15,4,14,14,110,0.019455727961968705,384.0,1.0222999844700098,475
2413,100,6,55.28767941348997,0.5528767941348997,0.5528767941348997,23,6,18,18,112,0.023046082929035094,347.3333333333333,1.1563000152818859,564
2414,100,1,55.270078416439226,0.5527007841643923,0.5527007841643923,17,1,16,16,102,0.017600997050607248,2014.0,1.2030999641865492,99
2415,100,11,55.23864613367362,0.5523864613367362,0.5523864613367362,25,10,17,17,122,0.03143228276518073,210.0,1.0828999802470207,979
2416,100,5,55.21882864666992,0.5521882864666992,0.5521882864666992,16,4,13,13,110,0.019817487003443546,479.0,1.2315000058151782,475
2417,100,3,55.19832102881436,0.5519832102881437,0.5519832102881437,17,3,14,14,106,0.020507617855358262,680.6666666666666,1.0246000019833446,291
2418,100,8,55.175152041737334,0.5517515204173733,0.5517515204173733,19,4,16,16,116,0.02316898707668713,444.0,1.0077999904751778,736
2419,100,4,55.15777956262484,0.5515777956262484,0.5515777956262484,15,4,12,12,108,0.01737247911227513,514.0,0.9322999976575375,384
2420,100,7,55.133693336606896,0.5513369333660689,0.5513369333660689,22,7,17,17,114,0.024086226017615786,299.7142857142857,0.9371000342071056,651
2421,100,6,55.112258037361016,0.5511225803736102,0.5511225803736102,17,6,13,13,112,0.02143529924559573,347.3333333333333,1.137399987783283,564
2422,100,10,55.08702799935278,0.5508702799935278,0.5508702799935278,18,6,13,13,120,0.025230038007833855,240.66666666666666,1.0491999564692378,900
2423,100,5,55.067426555692386,0.5506742655569239,0.5506742655569239,16,5,11,11,110,0.019601443660135942,414.0,1.6720000421628356,475
2424,100,1,55.054143433878906,0.5505414343387891,0.5505414343387891,10,1,9,9,102,0.013283121813344678,2014.0,1.0981999803334475,99
2425,100,8,55.031788330704565,0.5503178833070457,0.5503178833070457,15,6,12,12,116,0.02235510317397882,280.6666666666667,1.04750000173226,736
2426,100,5,55.01428108996167,0.5501428108996167,0.5501428108996167,15,4,11,11,110,0.017507240742645536,439.0,1.1980999843217432,475
2427,100,2,55.00111200879313,0.5500111200879313,0.5500111200879313,12,2,10,10,104,0.013169081168378227,1014.0,1.2025999603793025,196
2428,100,4,54.98298834335904,0.5498298834335904,0.5498298834335904,18,4,14,14,108,0.018123665433854796,514.0,0.966200022958219,384
2429,100,5,54.96099333759943,0.5496099333759943,0.5496099333759943,18,5,13,13,110,0.021995005759343655,414.0,1.1089000036008656,475
2430,100,0,54.94045595752577,0.5494045595752577,0.5494045595752577,18,18,18,18,0,0.020537380073662348,17.0,0.11449999874457717,0
2431,100,4,54.92111345711729,0.549211134571173,0.549211134571173,18,3,15,15,108,0.01934250040824992,574.0,0.9162999922409654,384
2432,100,7,54.897015544919505,0.548970155449195,0.548970155449195,20,7,17,17,114,0.024097912197461824,299.7142857142857,0.9860999998636544,651
2433,100,5,54.875438365919216,0.5487543836591922,0.5487543836591922,18,5,15,15,110,0.021577179000033198,414.0,0.9304999839514494,475
2434,100,10,54.850697829939655,0.5485069782993965,0.5485069782993965,21,7,15,15,120,0.024740535979162814,245.42857142857142,0.7832000264897943,900
2435,100,5,54.83271035273845,0.5483271035273846,0.5483271035273846,18,4,15,15,110,0.017987477200932744,459.0,1.0139999794773757,475
2436,100,2,54.8154656170305,0.548154656170305,0.548154656170305,21,2,19,19,104,0.017244735707805603,1014.0,1.1056000366806984,196
2437,100,7,54.79253764922393,0.5479253764922393,0.5479253764922393,19,5,15,15,114,0.02292796780623263,350.0,1.0283999727107584,651
2438,100,1,54.775902189835726,0.5477590218983572,0.5477590218983572,14,1,13,13,102,0.016635459388069762,2014.0,1.1289999820291996,99
2439,100,6,54.752065540556096,0.5475206554055609,0.5475206554055609,24,5,20,20,112,0.02383664927935314,382.0,1.0532999876886606,564
2440,100,9,54.72865566745986,0.5472865566745986,0.5472865566745986,18,6,14,14,118,0.023409873095857847,264.0,1.1725000222213566,819
2441,100,9,54.70772301481394,0.5470772301481395,0.5470772301481395,11,4,9,9,118,0.020932652645527128,324.0,1.0249000042676926,819
2442,100,4,54.69050725837406,0.5469050725837407,0.5469050725837407,18,4,15,15,108,0.01721575643966844,514.0,1.269300002604723,384
2443,100,7,54.67097998338164,0.5467097998338164,0.5467097998338164,14,4,11,11,114,0.019527274992078958,339.0,1.646400021854788,651
2444,100,1,54.65296086129245,0.5465296086129245,0.5465296086129245,13,1,12,12,102,0.01801912208905776,2014.0,1.8981000175699592,99
2445,100,7,54.62708343896204,0.5462708343896204,0.5462708343896204,23,6,18,18,114,0.0258774223301117,324.0,0.958200020249933,651
2446,100,4,54.60258483739749,0.5460258483739748,0.5460258483739748,26,4,23,23,108,0.024498601564317823,514.0,0.9075000416487455,384
2447,100,3,54.58552590333825,0.5458552590333825,0.5458552590333825,15,3,12,12,106,0.017058934059051012,680.6666666666666,1.0999999940395355,291
2448,100,4,54.56439817805433,0.5456439817805433,0.5456439817805433,20,4,16,16,108,0.021127725283697885,514.0,0.8461999823339283,384
2449,100,3,54.54671072776171,0.5454671072776172,0.5454671072776172,17,3,14,14,106,0.017687450292427798,680.6666666666666,1.1233999975956976,291
2450,100,5,54.52613952988388,0.5452613952988388,0.5452613952988388,18,5,14,14,110,0.020571197877558234,414.0,1.2250000145286322,475
2451,100,1,54.51314529562788,0.5451314529562787,0.5451314529562787,11,1,10,10,102,0.012994234255863546,2014.0,1.2937000137753785,99
2452,100,6,54.4925435733712,0.544925435733712,0.544925435733712,15,5,10,10,112,0.02060172225638013,374.0,1.1097999522462487,564
2453,100,5,54.47299281842956,0.5447299281842956,0.5447299281842956,17,5,13,13,110,0.0195507549413918,414.0,1.1813999735750258,475
2454,100,3,54.45563302796948,0.5445563302796949,0.5445563302796949,19,3,16,16,106,0.017359790459885005,680.6666666666666,1.2187000247649848,291
2455,100,7,54.431579818411514,0.5443157981841151,0.5443157981841151,20,6,14,14,114,0.02405320955764978,340.6666666666667,1.6725999885238707,651
2456,100,4,54.41211276469607,0.5441211276469606,0.5441211276469606,16,4,14,14,108,0.019467053715210625,514.0,1.080899965018034,384
2457,100,5,54.393272581741854,0.5439327258174186,0.5439327258174186,15,4,12,12,110,0.018840182953951512,424.0,1.0461999918334186,475
2458,100,4,54.37508802783405,0.5437508802783405,0.5437508802783405,20,3,17,17,108,0.018184553907595102,667.3333333333334,1.156899961642921,384
2459,100,9,54.34757409906206,0.5434757409906206,0.5434757409906206,19,6,13,13,118,0.027513928771604412,270.6666666666667,1.1239000014029443,819
2460,100,4,54.32786415114045,0.5432786415114045,0.5432786415114045,19,4,15,15,108,0.019709947921384696,514.0,1.0160999954678118,384
2461,100,3,54.31195427729297,0.5431195427729297,0.5431195427729297,13,3,12,12,106,0.015909873847277822,680.6666666666666,1.271700020879507,291
2462,100,4,54.29430236758512,0.5429430236758512,0.5429430236758512,19,4,15,15,108,0.01765190970762376,514.0,1.2308000004850328,384
2463,100,5,54.277496613183715,0.5427749661318372,0.5427749661318372,13,4,10,10,110,0.0168057544011333,444.0,1.120000029914081,475
2464,100,5,54.257853852649866,0.5425785385264986,0.5425785385264986,12,4,8,8,110,0.0196427605335856,474.0,1.207199995405972,475
2465,100,6,54.24088288763061,0.5424088288763061,0.5424088288763061,14,5,9,9,112,0.01697096501897022,334.0,1.2273999745957553,564
2466,100,6,54.219483843981195,0.542194838439812,0.542194838439812,18,6,14,14,112,0.021399043649125815,347.3333333333333,1.19420001283288,564
2467,100,6,54.2029205672172,0.5420292056721719,0.5420292056721719,9,3,8,8,112,0.01656327676370495,447.3333333333333,1.276399998459965,564
2468,100,6,54.18096531375218,0.5418096531375218,0.5418096531375218,19,6,15,15,112,0.021955253464717828,347.3333333333333,1.0878000175580382,564
2469,100,7,54.162131831336836,0.5416213183133683,0.5416213183133683,14,5,11,11,114,0.01883348241501892,386.0,1.1929000029340386,651
2470,100,5,54.14383780057564,0.5414383780057563,0.5414383780057563,15,5,10,10,110,0.018294030760934277,414.0,1.4458999503403902,475
2471,100,5,54.12002785440093,0.5412002785440093,0.5412002785440093,20,5,16,16,110,0.023809946174452534,414.0,0.9905000333674252,475
2472,100,1,54.10100572048488,0.5410100572048487,0.5410100572048487,16,1,15,15,102,0.019022133915918005,2014.0,0.9825000306591392,99
2473,100,5,54.083166252803814,0.5408316625280382,0.5408316625280382,15,4,13,13,110,0.01783946768080824,474.0,0.9381999843753874,475
2474,100,2,54.06434598447404,0.5406434598447404,0.5406434598447404,14,2,12,12,104,0.018820268329605483,1014.0,1.0897000320255756,196
2475,100,6,54.04590588816938,0.5404590588816938,0.5404590588816938,13,4,9,9,112,0.018440096304345843,429.0,1.0044999653473496,564
2476,100,10,54.02267658914639,0.5402267658914639,0.5402267658914639,14,6,9,9,120,0.02322929902258153,254.0,1.1790000135079026,900
2477,100,8,54.001715550628816,0.5400171555062881,0.5400171555062881,14,5,9,9,116,0.020961038517214092,314.0,1.302099961321801,736
2478,100,5,53.98393054503841,0.5398393054503842,0.5398393054503842,13,3,10,10,110,0.01778500559017715,607.3333333333334,1.0578000219538808,475
2479,100,1,53.975458260584894,0.539754582605849,0.539754582605849,6,1,5,5,102,0.008472284453368673,2014.0,1.0954999597743154,99
2480,100,6,53.95679935171471,0.5395679935171471,0.5395679935171471,17,4,13,13,112,0.01865890886988808,419.0,1.4078999520279467,564
2481,100,7,53.935238827042824,0.5393523882704282,0.5393523882704282,16,5,13,13,114,0.02156052467155689,318.0,1.636600005440414,651
2482,100,2,53.918433522999756,0.5391843352299975,0.5391843352299975,13,2,12,12,104,0.016805304042904368,1014.0,1.0816999711096287,196
2483,100,5,53.89811809353912,0.5389811809353912,0.5389811809353912,16,5,13,13,110,0.020315429460382006,414.0,1.0563999530859292,475
2484,100,4,53.87866856186093,0.5387866856186093,0.5387866856186093,15,3,12,12,108,0.019449531677963705,594.0,1.0966999689117074,384
2485,100,3,53.86228922240595,0.5386228922240595,0.5386228922240595,16,3,13,13,106,0.016379339454758224,680.6666666666666,1.1260000173933804,291
2486,100,6,53.845760262711124,0.5384576026271113,0.5384576026271113,13,4,9,9,112,0.016528959694554146,419.0,0.9465999901294708,564
2487,100,5,53.825643018019946,0.5382564301801994,0.5382564301801994,16,3,13,13,110,0.020117244690908365,467.3333333333333,1.2021000147797167,475
2488,100,5,53.80779108101259,0.5380779108101259,0.5380779108101259,14,4,11,11,110,0.01785193700709442,464.0,1.019399962387979,475
2489,100,6,53.79106343677844,0.5379106343677844,0.5379106343677844,13,4,11,11,112,0.01672764423385331,389.0,0.9818000253289938,564
2490,100,6,53.768340937898216,0.5376834093789822,0.5376834093789822,20,6,15,15,112,0.02272249887993638,347.3333333333333,1.0384999914094806,564
2491,100,7,53.745841218546644,0.5374584121854664,0.5374584121854664,20,5,15,15,114,0.022499719351237957,330.0,1.8084999755956233,651
2492,100,2,53.73129927098606,0.5373129927098605,0.5373129927098605,17,2,15,15,104,0.014541947560431367,1014.0,0.9015999967232347,196
2493,100,8,53.70819373835361,0.537081937383536,0.537081937383536,16,7,9,9,116,0.023105532632087034,274.0,1.03859999217093,736
2494,100,5,53.693480195657486,0.5369348019565748,0.5369348019565748,11,3,8,8,110,0.014713542695879767,547.3333333333334,1.1492999619804323,475
2495,100,3,53.67882730575054,0.5367882730575054,0.5367882730575054,13,3,11,11,106,0.014652889906749067,680.6666666666666,1.1615999974310398,291
2496,100,4,53.661636884213124,0.5366163688421313,0.5366163688421313,16,3,13,13,108,0.01719042153718675,647.3333333333334,1.0136999771930277,384
2497,100,6,53.64035164751158,0.5364035164751157,0.5364035164751157,17,5,12,12,112,0.02128523670125304,394.0,1.07409997144714,564
2498,100,5,53.6165913216957,0.5361659132169571,0.5361659132169571,19,5,14,14,110,0.023760325815594285,414.0,0.9951999527402222,475
2499,100,5,53.59431944253145,0.5359431944253145,0.5359431944253145,17,5,13,13,110,0.02227187916400908,414.0,1.0489999549463391,475
2500,100,3,53.58056217600854,0.5358056217600854,0.5358056217600854,10,3,8,8,106,0.013757266522709699,680.6666666666666,1.1739999754354358,291
2501,100,5,53.560747799733804,0.535607477997338,0.535607477997338,13,4,9,9,110,0.019814376274467804,399.0,1.2519999872893095,475
2502,100,3,53.54501497756222,0.5354501497756222,0.5354501497756222,17,2,16,16,106,0.015732822171379723,954.0,1.1014000046998262,291
2503,100,10,53.52371902542907,0.5352371902542906,0.5352371902542906,12,5,8,8,120,0.021295952132746265,254.0,1.1887999717146158,900
2504,100,4,53.50569015380617,0.5350569015380617,0.5350569015380617,15,4,11,11,108,0.01802887162266842,514.0,1.1727000237442553,384
2505,100,3,53.491112602822824,0.5349111260282282,0.5349111260282282,13,2,11,11,106,0.014577550983140952,924.0,1.2207000399939716,291
2506,100,3,53.47820859701386,0.5347820859701387,0.5347820859701387,9,3,6,6,106,0.012904005808756835,680.6666666666666,1.2444000458344817,291
2507,100,3,53.4640528992564,0.534640528992564,0.534640528992564,11,3,8,8,106,0.01415569775726766,680.6666666666666,1.130899996496737,291
2508,100,4,53.44921779207607,0.5344921779207606,0.5344921779207606,12,4,8,8,108,0.01483510718009029,514.0,1.4950999757274985,384
2509,100,5,53.434081530047436,0.5343408153004744,0.5343408153004744,11,4,7,7,110,0.015136262028370595,464.0,1.2026000185869634,475
2510,100,4,53.41928862482603,0.5341928862482603,0.5341928862482603,11,4,8,8,108,0.014792905221177932,514.0,1.1962000280618668,384
2511,100,8,53.40060593218143,0.5340060593218143,0.5340060593218143,13,4,10,10,116,0.018682692644254928,289.0,1.2249000137671828,736
2512,100,7,53.37878265903343,0.5337878265903343,0.5337878265903343,14,5,9,9,114,0.02182327314766752,350.0,1.443199987988919,651
2513,100,3,53.36442770386193,0.5336442770386193,0.5336442770386193,12,2,10,10,106,0.014354955171306472,894.0,0.9243999957107008,291
2514,100,5,53.34772754347306,0.5334772754347307,0.5334772754347307,12,4,8,8,110,0.016700160388602114,504.0,0.902600004337728,475
2515,100,6,53.33084723132702,0.5333084723132702,0.5333084723132702,11,4,7,7,112,0.01688031214574437,444.0,1.850700005888939,564
2516,100,5,53.312796870497955,0.5331279687049796,0.5331279687049796,14,4,10,10,110,0.01805036082880207,409.0,1.0111999581567943,475
2517,100,7,53.29264593603724,0.5329264593603724,0.5329264593603724,16,4,12,12,114,0.020150934460410497,419.0,1.3506000395864248,651
2518,100,6,53.274067278760484,0.5327406727876048,0.5327406727876048,16,6,10,10,112,0.018578657276449917,347.3333333333333,1.0707000037655234,564
2519,100,6,53.25618874125146,0.5325618874125145,0.5325618874125145,12,5,7,7,112,0.017878537508728698,326.0,0.9791000047698617,564
2520,100,7,53.239669471078734,0.5323966947107873,0.5323966947107873,12,4,8,8,114,0.0165192701724024,324.0,0.9975999710150063,651
2521,100,6,53.221361629550465,0.5322136162955047,0.5322136162955047,12,4,8,8,112,0.018307841527970936,424.0,0.9939000010490417,564
2522,100,5,53.1982341599718,0.531982341599718,0.531982341599718,20,5,17,17,110,0.02312746957840517,414.0,1.2160000042058527,475
2523,100,2,53.18657018846535,0.5318657018846535,0.5318657018846535,11,2,9,9,104,0.011663971506273185,1014.0,1.0408000089228153,196
2524,100,8,53.16488202830887,0.5316488202830887,0.5316488202830887,17,5,13,13,114,0.021688160156145386,370.0,1.0209999745711684,736
2525,100,7,53.14593281615848,0.5314593281615848,0.5314593281615848,12,4,8,8,114,0.01894921215005496,469.0,0.9498000144958496,651
2526,100,7,53.12328731794958,0.5312328731794959,0.5312328731794959,15,5,10,10,114,0.022645498208582637,366.0,1.3598999939858913,651
2527,100,6,53.1054975245862,0.531054975245862,0.531054975245862,11,4,8,8,112,0.017789793363107265,444.0,1.2593999854288995,564
2528,100,2,53.09391411311909,0.5309391411311909,0.5309391411311909,7,2,6,6,104,0.011583411466936866,1014.0,1.507400011178106,196
2529,100,6,53.073554017865895,0.530735540178659,0.530735540178659,12,5,7,7,112,0.02036009525288307,374.0,1.8503000028431416,564
2530,100,6,53.058167406242134,0.5305816740624213,0.5305816740624213,11,4,7,7,112,0.015386611623469548,324.0,1.0408000089228153,564
2531,100,5,53.03935864382713,0.5303935864382713,0.5303935864382713,13,4,9,9,110,0.018808762414735725,424.0,1.8321999814361334,475
2532,100,3,53.026832345776185,0.5302683234577619,0.5302683234577619,9,3,7,7,106,0.01252629805075145,680.6666666666666,1.041599956806749,291
2533,100,4,53.01093824427517,0.5301093824427516,0.5301093824427516,11,4,8,8,108,0.01589410150077697,514.0,1.500000013038516,384
2534,100,9,52.98700009862426,0.5298700009862426,0.5298700009862426,17,5,13,13,118,0.023938145650525655,286.0,1.1876000207848847,819
2535,100,1,52.974837844395104,0.5297483784439511,0.5297483784439511,14,1,13,13,102,0.012162254229018288,2014.0,1.9640999962575734,99
2536,100,5,52.9536584466551,0.5295365844665509,0.5295365844665509,19,5,15,15,110,0.021179397739757633,414.0,0.8105000015348196,475
2537,100,3,52.93950136038698,0.5293950136038698,0.5293950136038698,12,3,9,9,106,0.014157086267914565,680.6666666666666,0.9544999920763075,291
2538,100,4,52.92146709723294,0.5292146709723294,0.5292146709723294,17,4,14,14,108,0.0180342631538295,514.0,1.193900010548532,384
2539,100,4,52.90408781953056,0.5290408781953055,0.5290408781953055,15,3,12,12,108,0.017379277702140428,594.0,1.1193000245839357,384
2540,100,9,52.876563683834085,0.5287656368383409,0.5287656368383409,21,8,16,16,118,0.027524135696083363,249.0,1.082399976439774,819
2541,100,8,52.85386897024528,0.5285386897024528,0.5285386897024528,20,6,17,17,116,0.022694713588471416,324.0,0.9673000313341618,736
2542,100,2,52.838525207392344,0.5283852520739234,0.5283852520739234,16,2,14,14,104,0.015343762852751297,1014.0,0.9667000267654657,196
2543,100,0,52.81877633461682,0.5281877633461682,0.5281877633461682,15,15,15,15,0,0.01974887277550863,17.0,0.2163999597541988,0
2544,100,4,52.798410937515705,0.527984109375157,0.527984109375157,20,4,17,17,106,0.020365397100896132,514.0,1.0543999960646033,384
2545,100,6,52.77723286792738,0.5277723286792738,0.5277723286792738,21,5,19,19,112,0.02117806958803925,390.0,1.097499975003302,564
2546,100,10,52.749206879344705,0.527492068793447,0.527492068793447,24,8,17,17,120,0.028025988582257355,244.0,0.9264000109396875,900
2547,100,4,52.72801791900582,0.5272801791900582,0.5272801791900582,18,4,14,14,108,0.02118896033865525,514.0,1.0781000019051135,384
2548,100,5,52.71002020324615,0.5271002020324616,0.5271002020324616,14,4,12,12,110,0.01799771575941378,459.0,0.9645000100135803,475
2549,100,6,52.69010015965197,0.5269010015965196,0.5269010015965196,20,5,16,16,112,0.01992004359387778,374.0,1.2627000105567276,564
2550,100,7,52.66589152960399,0.5266589152960399,0.5266589152960399,21,6,15,15,114,0.02420863004766005,324.0,1.3458000030368567,651
2551,100,5,52.649163719259576,0.5264916371925957,0.5264916371925957,14,5,9,9,110,0.01672781034414328,414.0,1.9163000397384167,475
2552,100,5,52.62924676159012,0.5262924676159012,0.5262924676159012,19,4,16,16,110,0.019916957669209978,454.0,1.2963000335730612,475
2553,100,7,52.61226947733678,0.5261226947733678,0.5261226947733678,9,4,6,6,114,0.016977284253009373,229.0,1.2128999806009233,651
2554,100,5,52.59662690698236,0.5259662690698236,0.5259662690698236,13,4,9,9,110,0.01564257035415295,444.0,1.0195999639108777,475
2555,100,4,52.57787708366242,0.5257787708366242,0.5257787708366242,18,4,14,14,108,0.01874982331970898,514.0,1.0285999742336571,384
2556,100,3,52.555447865635834,0.5255544786563583,0.5255544786563583,19,3,17,17,106,0.022429218026388753,680.6666666666666,1.1989999911747873,291
2557,100,5,52.536691825738735,0.5253669182573873,0.5253669182573873,14,4,11,11,110,0.018756039896842935,444.0,0.9423000155948102,475
2558,100,2,52.521459256520046,0.5252145925652004,0.5252145925652004,16,2,14,14,104,0.015232569218511571,1014.0,0.8407999994233251,196
2559,100,3,52.506247084509596,0.5250624708450959,0.5250624708450959,13,3,11,11,106,0.015212172010244274,680.6666666666666,0.8830000297166407,291
2560,100,4,52.48793026994361,0.5248793026994361,0.5248793026994361,18,4,16,16,108,0.01831681456575751,514.0,0.9675999754108489,384
2561,100,7,52.46651284707009,0.5246651284707009,0.5246651284707009,18,6,12,12,114,0.021417422873184933,304.0,1.8093999824486673,651
2562,100,2,52.45409162000114,0.5245409162000114,0.5245409162000114,10,2,8,8,104,0.012421227068792007,1014.0,1.2118000304326415,196
2563,100,6,52.4379161722199,0.524379161722199,0.524379161722199,10,3,8,8,112,0.016175447780938157,407.3333333333333,1.278500014450401,564
2564,100,5,52.424072543407355,0.5242407254340735,0.5242407254340735,10,3,7,7,110,0.013843628812274744,467.3333333333333,1.079699955880642,475
2565,100,3,52.40987404227057,0.5240987404227058,0.5240987404227058,14,2,12,12,106,0.014198501136604591,994.0,1.1492000194266438,291
2566,100,7,52.39071752137917,0.5239071752137917,0.5239071752137917,14,5,10,10,114,0.019156520891073114,386.0,1.158399973064661,651
2567,100,4,52.37430971564968,0.5237430971564968,0.5237430971564968,14,3,11,11,108,0.016407805729258484,540.6666666666666,1.2508999789133668,384
2568,100,0,52.360576586704646,0.5236057658670464,0.5236057658670464,14,14,14,14,0,0.013733128945034423,17.0,0.1811000402085483,0
2569,100,8,52.342285916914626,0.5234228591691462,0.5234228591691462,10,4,7,7,114,0.018290669789649883,384.0,1.6700999694876373,736
2570,100,4,52.32849303801789,0.5232849303801789,0.5232849303801789,11,4,7,7,108,0.01379287889650982,514.0,1.0828999802470207,384
2571,100,6,52.30794626155903,0.5230794626155904,0.5230794626155904,17,5,12,12,112,0.020546776458566285,402.0,1.739799976348877,564
2572,100,6,52.284951142345896,0.5228495114234589,0.5228495114234589,21,6,15,15,112,0.022995119212829707,347.3333333333333,1.1171000078320503,564
2573,100,4,52.26156759775183,0.5226156759775182,0.5226156759775182,20,4,17,17,108,0.02338354459384817,514.0,1.1046999716199934,384
2574,100,4,52.246338722547996,0.5224633872254799,0.5224633872254799,13,3,10,10,108,0.01522887520361138,654.0,1.108700002077967,384
2575,100,5,52.229035035042536,0.5222903503504254,0.5222903503504254,17,4,13,13,110,0.017303687505183518,464.0,0.9319999953731894,475
2576,100,5,52.20727642058143,0.5220727642058143,0.5220727642058143,20,5,16,16,110,0.021758614460857473,414.0,0.9707999997772276,475
2577,100,3,52.18975438024109,0.5218975438024109,0.5218975438024109,16,3,13,13,106,0.017522040340146816,680.6666666666666,1.0411000112071633,291
2578,100,10,52.16233197777528,0.5216233197777528,0.5216233197777528,18,8,11,11,120,0.02742240246539751,229.0,0.9509000228717923,900
2579,100,7,52.14009410601238,0.5214009410601238,0.5214009410601238,16,6,10,10,114,0.022237871762584405,334.0,1.0387000511400402,651
2580,100,3,52.12159524645973,0.5212159524645973,0.5212159524645973,19,3,16,16,106,0.018498859552444458,680.6666666666666,1.7191999941132963,291
2581,100,3,52.10911498902591,0.5210911498902591,0.5210911498902591,10,2,9,9,106,0.012480257433615805,854.0,1.282599987462163,291
2582,100,5,52.0866560051453,0.520866560051453,0.520866560051453,20,5,15,15,110,0.02245898388033396,414.0,1.018200011458248,475
2583,100,9,52.05929676569201,0.5205929676569201,0.5205929676569201,21,8,14,14,118,0.027359239452913187,246.5,0.9496999555267394,819
2584,100,5,52.040788294617116,0.5204078829461711,0.5204078829461711,16,5,13,13,110,0.018508471074639488,414.0,1.0017000022344291,475
2585,100,6,52.02381296459044,0.5202381296459044,0.5202381296459044,11,4,8,8,112,0.016975330026383517,354.0,1.69039994943887,564
2586,100,4,52.00757944337793,0.5200757944337793,0.5200757944337793,12,3,11,11,108,0.016233521212257074,487.3333333333333,1.0787000064738095,384
2587,100,4,51.990439579232124,0.5199043957923213,0.5199043957923213,15,4,12,12,108,0.017139864145576666,514.0,0.9814999648369849,384
2588,100,8,51.96866577152346,0.5196866577152346,0.5196866577152346,14,5,10,10,116,0.021773807708306947,346.0,1.1332000140100718,736
2589,100,5,51.95201027387402,0.5195201027387403,0.5195201027387403,11,3,8,8,110,0.016655497649182394,540.6666666666666,1.09479995444417,475
2590,100,3,51.93912582763707,0.5193912582763707,0.5193912582763707,11,3,8,8,106,0.012884446236753888,680.6666666666666,1.254200004041195,291
2591,100,4,51.923143810516365,0.5192314381051637,0.5192314381051637,13,4,9,9,108,0.015982017120457215,514.0,1.0637000086717308,384
2592,100,2,51.909136014065005,0.51909136014065,0.51909136014065,11,2,9,9,104,0.01400779645117467,1014.0,1.3010999537073076,196
2593,100,5,51.893080158950156,0.5189308015895016,0.5189308015895016,12,3,9,9,110,0.016055855114586848,487.3333333333333,1.0828999802470207,475
2594,100,2,51.873597481626284,0.5187359748162629,0.5187359748162629,17,2,15,15,104,0.019482677323686914,1014.0,1.2783000129275024,196
2595,100,9,51.846061407757404,0.518460614077574,0.518460614077574,22,7,17,17,118,0.027536073868517974,268.2857142857143,1.090999983716756,819
2596,100,3,51.82954740143234,0.5182954740143234,0.5182954740143234,18,3,15,15,106,0.01651400632484723,680.6666666666666,1.3852000120095909,291
2597,100,5,51.809702148474244,0.5180970214847425,0.5180970214847425,18,5,15,15,110,0.01984525295784323,414.0,1.080900023225695,475
2598,100,7,51.7893465022789,0.517893465022789,0.517893465022789,13,5,9,9,114,0.020355646195021393,326.0,0.8937999955378473,651
2599,100,8,51.765293843307845,0.5176529384330785,0.5176529384330785,21,7,15,15,116,0.02405265897068176,279.7142857142857,1.173799973912537,736
2600,100,4,51.74480571748345,0.5174480571748346,0.5174480571748346,19,4,16,16,108,0.020488125824165593,514.0,1.2308000004850328,384
2601,100,6,51.721715693787566,0.5172171569378756,0.5172171569378756,21,6,15,15,112,0.023090023695601758,347.3333333333333,1.2961000320501626,564
2602,100,7,51.70190133368876,0.5170190133368876,0.5170190133368876,17,4,13,13,114,0.019814360098479256,389.0,1.2791999615728855,651
2603,100,4,51.685204344175645,0.5168520434417565,0.5168520434417565,15,4,11,11,108,0.016696989512873017,514.0,1.4125999878160655,384
2604,100,2,51.66969527788864,0.5166969527788864,0.5166969527788864,14,2,12,12,104,0.015509066286846007,1014.0,1.0859000030905008,196
2605,100,8,51.64906083229868,0.5164906083229868,0.5164906083229868,14,5,11,11,116,0.020634445589607253,358.0,1.0012999991886318,736
2606,100,3,51.634003205167076,0.5163400320516708,0.5163400320516708,16,3,13,13,106,0.015057627131398021,680.6666666666666,1.3294999953359365,291
2607,100,7,51.61564727699872,0.5161564727699872,0.5161564727699872,12,3,11,11,114,0.01835592816802034,514.0,0.9648000122979283,651
2608,100,9,51.59212349501713,0.5159212349501713,0.5159212349501713,16,7,9,9,116,0.0235237819812113,288.2857142857143,1.1405000113882124,819
2609,100,4,51.578204828183594,0.5157820482818359,0.5157820482818359,12,2,11,11,108,0.013918666833298232,774.0,1.0455999872647226,384
2610,100,3,51.56351087765266,0.5156351087765266,0.5156351087765266,10,3,7,7,106,0.014693950530727307,680.6666666666666,1.8982000183314085,291
2611,100,8,51.54082181767455,0.5154082181767454,0.5154082181767454,16,6,11,11,116,0.022689059977743398,314.0,1.1061999830417335,736
2612,100,1,51.52922110398084,0.5152922110398084,0.5152922110398084,11,1,11,11,102,0.01160071369358917,2014.0,1.0130000300705433,99
2613,100,6,51.51203958175935,0.5151203958175935,0.5151203958175935,12,5,8,8,112,0.017181522221171974,354.0,1.0451999842189252,564
2614,100,1,51.50134710991772,0.5150134710991772,0.5150134710991772,9,1,8,8,102,0.010692471841494466,2014.0,1.1064999853260815,99
2615,100,8,51.48270967253352,0.5148270967253352,0.5148270967253352,11,5,6,6,116,0.018637437383837607,354.0,1.1461999965831637,736
2616,100,5,51.46613497949258,0.5146613497949258,0.5146613497949258,11,4,7,7,110,0.016574693040666943,449.0,1.1636000126600266,475
2617,100,5,51.4488929839609,0.514488929839609,0.514488929839609,13,4,9,9,110,0.017241995531414034,474.0,1.1082000564783812,475
2618,100,3,51.43271362498327,0.5143271362498327,0.5143271362498327,14,3,11,11,106,0.01617935897742484,680.6666666666666,0.8651999523863196,291
2619,100,6,51.41368065040345,0.5141368065040345,0.5141368065040345,10,4,7,7,112,0.01903297457952391,379.0,1.2464000028558075,564
2620,100,8,51.391598212968695,0.5139159821296869,0.5139159821296869,18,5,13,13,116,0.0220824374344204,366.0,1.0730000212788582,736
2621,100,2,51.3782703882872,0.513782703882872,0.513782703882872,14,2,12,12,104,0.013327824681326206,1014.0,1.1180999572388828,196
2622,100,6,51.36055298284516,0.5136055298284515,0.5136055298284515,13,4,9,9,112,0.017717405441743495,429.0,1.2051999801769853,564
2623,100,7,51.338165675525836,0.5133816567552584,0.5133816567552584,14,6,8,8,114,0.022387307318986416,324.0,1.5149000100791454,651
2624,100,8,51.315510878980255,0.5131551087898025,0.5131551087898025,13,6,7,7,116,0.022654796545211298,327.3333333333333,1.0658999672159553,736
2625,100,7,51.29680664041664,0.5129680664041664,0.5129680664041664,12,5,9,9,114,0.01870423856329495,338.0,0.9370000334456563,651
2626,100,4,51.28286769497585,0.5128286769497585,0.5128286769497585,8,2,6,6,108,0.013938945440550299,724.0,1.1202999739907682,384
2627,100,6,51.266366405178516,0.5126636640517852,0.5126636640517852,10,3,7,7,112,0.016501289797034246,487.3333333333333,1.0482000070624053,564
2628,100,3,51.255272861796655,0.5125527286179665,0.5125527286179665,7,2,5,5,106,0.01109354338166213,834.0,1.218999968841672,291
2629,100,6,51.23475191496501,0.51234751914965,0.51234751914965,14,5,10,10,112,0.020520946831332765,366.0,1.1177000124007463,564
2630,100,0,51.221639409753216,0.5122163940975322,0.5122163940975322,13,13,13,13,0,0.01311250521178664,17.0,0.1507000415585935,0
2631,100,3,51.20555813258278,0.5120555813258278,0.5120555813258278,16,3,13,13,106,0.016081277170236774,680.6666666666666,1.2377999955788255,291
2632,100,6,51.18494041691817,0.5118494041691817,0.5118494041691817,18,5,13,13,112,0.020617715664307923,394.0,1.0783000034280121,564
2633,100,8,51.15979790868584,0.5115979790868583,0.5115979790868583,19,7,16,16,116,0.025142508231958516,274.0,1.2231000000610948,736
2634,100,3,51.144084794269226,0.5114408479426923,0.5114408479426923,17,3,14,14,106,0.015713114416421092,680.6666666666666,1.1567000183276832,291
2635,100,5,51.12249559682755,0.5112249559682754,0.5112249559682754,21,5,16,16,110,0.021589197441414854,414.0,1.1416000197641551,475
2636,100,6,51.10237246882258,0.5110237246882258,0.5110237246882258,19,4,17,17,112,0.02012312800466276,479.0,1.135599974077195,564
2637,100,6,51.07857364799923,0.5107857364799923,0.5107857364799923,21,6,17,17,112,0.023798820823060396,347.3333333333333,1.2992999982088804,564
2638,100,2,51.0648917213865,0.5106489172138651,0.5106489172138651,15,2,13,13,104,0.013681926612569839,1014.0,1.1200999724678695,196
2639,100,4,51.04818005307514,0.5104818005307514,0.5104818005307514,17,4,13,13,108,0.016711668311117478,514.0,1.083299983292818,384
2640,100,4,51.02739154612383,0.5102739154612383,0.5102739154612383,20,4,17,17,108,0.020788506951078034,514.0,1.2517999857664108,384
2641,100,6,51.00379105153072,0.5100379105153072,0.5100379105153072,22,6,18,18,112,0.023600494592812993,347.3333333333333,1.3189000310376287,564
2642,100,5,50.983926663141226,0.5098392666314122,0.5098392666314122,20,4,16,16,110,0.019864388389230214,504.0,1.241799967829138,475
2643,100,5,50.96501168803635,0.5096501168803634,0.5096501168803634,17,5,13,13,110,0.01891497510462159,414.0,1.0435000294819474,475
2644,100,6,50.9423037664455,0.509423037664455,0.509423037664455,18,5,13,13,112,0.0227079215905448,366.0,0.8966999594122171,564
2645,100,5,50.92375742515562,0.5092375742515562,0.5092375742515562,16,5,11,11,110,0.018546341289614077,414.0,1.4207999920472503,475
2646,100,5,50.90161737055819,0.5090161737055819,0.5090161737055819,23,5,18,18,110,0.022140054597173275,414.0,1.2833999935537577,475
2647,100,7,50.87844077702386,0.5087844077702386,0.5087844077702386,19,6,13,13,114,0.023176593534010692,314.0,1.0358999716117978,651
2648,100,4,50.85868208412216,0.5085868208412215,0.5085868208412215,18,4,14,14,108,0.019758692901454822,514.0,1.2581999762915075,384
2649,100,3,50.84172605505972,0.5084172605505972,0.5084172605505972,19,3,16,16,106,0.0169560290622357,680.6666666666666,1.1552000069059432,291
2650,100,3,50.82744412978806,0.5082744412978806,0.5082744412978806,13,3,10,10,106,0.014281925271447449,680.6666666666666,1.2103000190109015,291
2651,100,6,50.809348676578956,0.5080934867657896,0.5080934867657896,14,5,9,9,112,0.018095453208829326,374.0,1.248300017323345,564
2652,100,2,50.79552220646292,0.5079552220646292,0.5079552220646292,11,2,9,9,104,0.013826470115859024,1014.0,1.1968999751843512,196
2653,100,12,50.77491356381198,0.5077491356381197,0.5077491356381197,12,4,8,8,124,0.02060864265047968,324.0,2.3041999666020274,1056
2654,100,7,50.75377856239865,0.5075377856239865,0.5075377856239865,18,6,13,13,114,0.021135001412993404,337.3333333333333,1.192099996842444,651
2655,100,3,50.7380761680615,0.507380761680615,0.507380761680615,12,3,11,11,106,0.015702394336955194,680.6666666666666,2.0166999893262982,291
2656,100,4,50.72080860694186,0.5072080860694186,0.5072080860694186,16,3,13,13,108,0.017267561119396646,620.6666666666666,2.1513000247068703,384
2657,100,5,50.70431786061211,0.507043178606121,0.507043178606121,12,3,9,9,110,0.016490746329488104,420.6666666666667,0.8430000161752105,475
2658,100,5,50.69015246045588,0.5069015246045587,0.5069015246045587,10,2,8,8,110,0.01416540015597434,584.0,1.4120000414550304,475
2659,100,3,50.676633582444,0.50676633582444,0.50676633582444,13,3,10,10,106,0.013518878011659297,680.6666666666666,1.0792000102810562,291
2660,100,6,50.6616642488184,0.5066166424881839,0.5066166424881839,10,2,8,8,112,0.014969333625295178,574.0,1.1481000110507011,564
2661,100,4,50.64567596476401,0.5064567596476401,0.5064567596476401,12,3,9,9,108,0.01598828405414565,607.3333333333334,1.0779000003822148,384
2662,100,8,50.626961717578624,0.5062696171757862,0.5062696171757862,12,5,8,8,116,0.01871424718503789,346.0,0.9908999782055616,736
2663,100,5,50.60865939679753,0.5060865939679753,0.5060865939679753,14,4,11,11,110,0.018302320780826165,424.0,1.0441999766044319,475
2664,100,4,50.59374309784951,0.5059374309784951,0.5059374309784951,9,3,6,6,108,0.014916298947767359,614.0,1.073799969162792,384
2665,100,8,50.57389976561497,0.5057389976561497,0.5057389976561497,14,6,10,10,116,0.019843332234174227,307.3333333333333,1.18830002611503,736
2666,100,6,50.553294808139164,0.5055329480813916,0.5055329480813916,15,4,12,12,112,0.02060495747552693,389.0,0.832799996715039,564
2667,100,5,50.536341965771456,0.5053634196577146,0.5053634196577146,13,4,10,10,110,0.016952842367416565,494.0,0.951400026679039,475
2668,100,4,50.52071521775028,0.5052071521775028,0.5052071521775028,10,3,8,8,108,0.01562674802094932,514.0,1.1854000040329993,384
2669,100,4,50.502186020321126,0.5050218602032113,0.5050218602032113,15,4,11,11,108,0.01852919742891146,514.0,0.9512000251561403,384
2670,100,7,50.48421479367321,0.5048421479367321,0.5048421479367321,11,3,8,8,114,0.01797122664760309,427.3333333333333,1.352999999653548,651
2671,100,7,50.4616762830171,0.504616762830171,0.504616762830171,14,5,9,9,114,0.022538510655778055,382.0,1.1903000413440168,651
2672,100,1,50.447294141659796,0.5044729414165979,0.5044729414165979,11,1,10,10,102,0.014382141357152989,2014.0,2.479799964930862,99
2673,100,5,50.427321869035886,0.5042732186903589,0.5042732186903589,15,4,11,11,110,0.019972272623633103,459.0,1.1281000333838165,475
2674,100,2,50.41356207337409,0.5041356207337409,0.5041356207337409,15,2,13,13,104,0.013759795661634655,1014.0,1.6438000020571053,196
2675,100,5,50.3978924339224,0.503978924339224,0.503978924339224,13,4,9,9,110,0.015669639451417083,444.0,1.0799000156112015,475
2676,100,6,50.37867176338284,0.5037867176338284,0.5037867176338284,14,5,9,9,112,0.019220670539269236,378.0,1.1018000077456236,564
2677,100,7,50.35925179766432,0.5035925179766432,0.5035925179766432,14,5,9,9,114,0.019419965718185495,378.0,0.8339000050909817,651
2678,100,2,50.34577119885346,0.5034577119885346,0.5034577119885346,10,2,8,8,104,0.01348059881070185,1014.0,1.0630000033415854,196
2679,100,4,50.32937128886481,0.5032937128886481,0.5032937128886481,13,3,10,10,108,0.016399909988415118,600.6666666666666,1.0245000012218952,384
2680,100,3,50.312786612742975,0.5031278661274298,0.5031278661274298,16,3,14,14,106,0.016584676121631503,680.6666666666666,1.135299971792847,291
2681,100,3,50.298693407581375,0.5029869340758137,0.5029869340758137,11,2,9,9,106,0.014093205161394451,914.0,1.221699989400804,291
2682,100,12,50.26898338751254,0.5026898338751254,0.5026898338751254,20,9,14,14,122,0.029710020068371534,211.77777777777777,0.8922000415623188,1056
2683,100,6,50.24563206159374,0.5024563206159374,0.5024563206159374,18,6,13,13,112,0.023351325918476107,347.3333333333333,1.1919000535272062,564
2684,100,2,50.234425038361806,0.5023442503836181,0.5023442503836181,10,2,8,8,104,0.011207023231769142,1014.0,1.1245000059716403,196
2685,100,6,50.213697722688444,0.5021369772268844,0.5021369772268844,17,5,13,13,112,0.020727315673056523,406.0,1.132700010202825,564
2686,100,7,50.197175727589176,0.5019717572758917,0.5019717572758917,12,4,9,9,114,0.016521995098941034,409.0,1.7321999766863883,651
2687,100,5,50.18227608167219,0.501822760816722,0.501822760816722,12,3,10,10,110,0.014899645916713666,514.0,2.3293999838642776,475
2688,100,1,50.170635254032746,0.5017063525403275,0.5017063525403275,11,1,10,10,102,0.011640827639304518,2014.0,0.9777999948710203,99
2689,100,8,50.148522941565176,0.5014852294156518,0.5014852294156518,18,6,12,12,116,0.022112312467221784,304.0,1.165499968919903,736
2690,100,4,50.131388459139224,0.5013138845913923,0.5013138845913923,14,4,10,10,108,0.01713448242571758,514.0,0.9290000307373703,384
2691,100,4,50.11445617225519,0.5011445617225518,0.5011445617225518,11,3,9,9,108,0.016932286883815095,634.0,2.2669999743811786,384
2692,100,2,50.103357844021495,0.5010335784402149,0.5010335784402149,8,2,6,6,104,0.011098328233508425,1014.0,0.9746000287123024,196
2693,100,6,50.08597579691289,0.500859757969129,0.500859757969129,13,5,10,10,112,0.017382047108306153,386.0,0.8975000237114727,564
2694,100,3,50.07176299843155,0.5007176299843156,0.5007176299843156,15,2,13,13,106,0.014212798481139544,724.0,1.2092000106349587,291
2695,100,4,50.05395522760093,0.5005395522760093,0.5005395522760093,19,4,15,15,108,0.01780777083038032,514.0,0.9210999705828726,384
2696,100,8,50.03355237320948,0.5003355237320948,0.5003355237320948,17,5,12,12,116,0.020402854391115,294.0,0.8737999596633017,736
2697,100,5,50.0142140947938,0.500142140947938,0.500142140947938,14,5,9,9,110,0.01933827841540392,414.0,1.019999966956675,475
2698,100,5,49.99552671289639,0.49995526712896393,0.49995526712896393,15,5,10,10,110,0.018687381897130706,414.0,0.9327000007033348,475
2699,100,6,49.97316237083446,0.49973162370834456,0.49973162370834456,18,6,12,12,112,0.022364342061649722,347.3333333333333,0.9509000228717923,564
2700,100,4,49.95313460223975,0.4995313460223975,0.4995313460223975,15,4,12,12,108,0.020027768594474082,514.0,2.189000020734966,384
2701,100,3,49.94181532703321,0.4994181532703321,0.4994181532703321,7,2,6,6,106,0.011319275206311374,764.0,0.9680999792180955,291
2702,100,6,49.920688229069306,0.49920688229069304,0.49920688229069304,19,6,13,13,112,0.021127097963628216,347.3333333333333,2.187000005505979,564
2703,100,4,49.9070948838826,0.499070948838826,0.499070948838826,9,3,6,6,108,0.013593345186457384,567.3333333333334,1.0970000294037163,384
2704,100,3,49.894252069489966,0.49894252069489964,0.49894252069489964,11,3,9,9,106,0.012842814392435287,680.6666666666666,3.841400030069053,291
2705,100,3,49.881348519697106,0.49881348519697105,0.49881348519697105,10,3,7,7,106,0.012903549792625313,680.6666666666666,1.0637000086717308,291
2706,100,6,49.861865734320425,0.49861865734320426,0.49861865734320426,17,4,13,13,112,0.01948278537640391,414.0,1.1774000013247132,564
2707,100,9,49.842194013931845,0.49842194013931845,0.49842194013931845,13,5,8,8,118,0.019671720388188874,210.0,2.22540000686422,819
2708,100,5,49.82958338458975,0.49829583384589754,0.49829583384589754,8,1,7,7,110,0.012610629341821777,754.0,3.721599990967661,475
2709,100,8,49.81185444674908,0.4981185444674908,0.4981185444674908,12,5,7,7,116,0.01772893784031737,330.0,1.2119000311940908,736
2710,100,6,49.794990915441026,0.4979499091544103,0.4979499091544103,11,5,7,7,112,0.016863531307748758,406.0,1.2181000201962888,564
2711,100,5,49.77645706989798,0.4977645706989798,0.4977645706989798,11,4,7,7,110,0.018533845542776817,409.0,0.9701999952085316,475
2712,100,5,49.75909564959335,0.4975909564959335,0.4975909564959335,15,4,12,12,110,0.017361420304396802,459.0,2.5747999898158014,475
2713,100,9,49.73799042096954,0.49737990420969536,0.49737990420969536,16,6,11,11,118,0.021105228623405026,250.66666666666666,1.3034000294283032,819
2714,100,1,49.72642217758428,0.49726422177584284,0.49726422177584284,11,1,10,10,102,0.011568243385120525,2014.0,1.1566000175662339,99
2715,100,6,49.70740096107301,0.4970740096107301,0.4970740096107301,15,6,9,9,112,0.019021216510978434,347.3333333333333,1.261600002180785,564
2716,100,1,49.695591780002836,0.49695591780002835,0.49695591780002835,11,1,10,10,102,0.01180918107004203,2014.0,0.7684999727644026,99
2717,100,4,49.67688383024404,0.4967688383024404,0.4967688383024404,19,4,15,15,108,0.018707949758557163,514.0,1.0473000002093613,384
2718,100,4,49.66036160589052,0.49660361605890524,0.49660361605890524,15,3,12,12,108,0.016522224353302306,614.0,0.8777999901212752,384
2719,100,8,49.636215251980275,0.49636215251980276,0.49636215251980276,14,6,8,8,114,0.02414635390988451,334.0,1.0047999676316977,736
2720,100,7,49.61524877942468,0.4961524877942468,0.4961524877942468,10,5,8,8,114,0.02096647255525852,318.0,1.3222999987192452,651
2721,100,5,49.60035182166062,0.49600351821660615,0.49600351821660615,11,4,8,8,110,0.014896957763795626,454.0,1.1327999527566135,475
2722,100,5,49.58479529015,0.49584795290149997,0.49584795290149997,7,3,4,4,110,0.015556531510348748,587.3333333333334,1.4316000160761178,475
2723,100,5,49.57099559948215,0.49570995599482154,0.49570995599482154,7,2,5,5,110,0.013799690667575248,624.0,0.8641000022180378,475
2724,100,1,49.55858324731439,0.49558583247314386,0.49558583247314386,13,1,12,12,102,0.012412352167643803,2014.0,1.031799998600036,99
2725,100,3,49.54629266372562,0.4954629266372562,0.4954629266372562,9,2,7,7,106,0.01229058358855184,764.0,1.01350003387779,291
2726,100,6,49.528870615972956,0.49528870615972953,0.49528870615972953,14,4,10,10,112,0.01742204775236189,414.0,1.025900011882186,564
2727,100,2,49.51663363170708,0.4951663363170708,0.4951663363170708,11,2,9,9,104,0.01223698426569797,1014.0,1.214599993545562,196
2728,100,5,49.497542139831125,0.49497542139831124,0.49497542139831124,15,5,11,11,110,0.019091491875691702,414.0,1.0607000440359116,475
2729,100,5,49.47915613549345,0.49479156135493446,0.49479156135493446,15,4,12,12,110,0.018386004337408224,504.0,1.6260999836958945,475
2730,100,8,49.45776577434056,0.49457765774340556,0.49457765774340556,16,4,12,12,116,0.021390361152519688,334.0,1.132400007918477,736
2731,100,4,49.43942773293548,0.49439427732935476,0.49439427732935476,15,4,11,11,108,0.018338041404838634,514.0,1.0417000157758594,384
2732,100,6,49.41316075610338,0.4941316075610338,0.4941316075610338,22,6,18,18,112,0.026266976831813338,347.3333333333333,1.054299995303154,564
2733,100,2,49.40002065520074,0.49400020655200744,0.49400020655200744,14,2,13,13,104,0.013140100902454321,1014.0,1.336999994236976,196
2734,100,4,49.38013118609065,0.49380131186090653,0.49380131186090653,15,4,12,12,108,0.01988946910984879,514.0,1.1206000344827771,384
2735,100,6,49.3586849149691,0.49358684914969103,0.49358684914969103,18,5,13,13,112,0.02144627112125619,346.0,1.0205000289715827,564
2736,100,6,49.338653861307066,0.49338653861307064,0.49338653861307064,16,5,13,13,112,0.0200310536617323,402.0,0.9751000325195491,564
2737,100,9,49.313248530956294,0.49313248530956294,0.49313248530956294,18,6,13,13,118,0.025405330350402267,274.0,1.4812999870628119,819
2738,100,6,49.29426106512399,0.4929426106512399,0.4929426106512399,16,5,12,12,112,0.018987465831990846,406.0,1.1736999731510878,564
2739,100,5,49.276466836320154,0.49276466836320154,0.49276466836320154,14,5,9,9,110,0.01779422880355952,414.0,1.1122000287286937,475
2740,100,2,49.263035127260025,0.49263035127260024,0.49263035127260024,15,2,13,13,104,0.013431709059979369,1014.0,1.0864000068977475,196
2741,100,3,49.24603346794882,0.4924603346794882,0.4924603346794882,14,3,11,11,106,0.01700165931100628,680.6666666666666,1.8900000141002238,291
2742,100,5,49.22539391746527,0.4922539391746527,0.4922539391746527,15,5,10,10,110,0.020639550483281255,414.0,1.068499987013638,475
2743,100,2,49.2115786119328,0.492115786119328,0.492115786119328,13,2,11,11,104,0.013815305532304478,1014.0,1.1196999694220722,196
2744,100,3,49.19808790586717,0.4919808790586717,0.4919808790586717,13,2,11,11,106,0.013490706065425684,944.0,1.0797000140883029,291
2745,100,10,49.17617965465311,0.4917617965465311,0.4917617965465311,12,4,9,9,120,0.021908251213645258,204.0,1.0337000130675733,900
2746,100,4,49.16281297411417,0.4916281297411417,0.4916281297411417,11,2,9,9,108,0.013366680538709375,774.0,1.068499987013638,384
2747,100,5,49.14124565388746,0.4914124565388746,0.4914124565388746,16,5,12,12,110,0.02156732022645258,414.0,1.0820000316016376,475
2748,100,10,49.11445240367559,0.4911445240367559,0.4911445240367559,15,7,10,10,120,0.026793250211447628,219.71428571428572,1.1491000186651945,900
2749,100,4,49.09618530847648,0.4909618530847648,0.4909618530847648,16,4,12,12,108,0.0182670951988797,514.0,1.18680001469329,384
2750,100,4,49.07843588507033,0.49078435885070326,0.49078435885070326,15,3,12,12,108,0.017749423405923892,627.3333333333334,1.0651000193320215,384
2751,100,8,49.05872963387168,0.4905872963387168,0.4905872963387168,12,6,8,8,116,0.019706251198286395,264.0,0.9917000425048172,736
2752,100,8,49.03681665356139,0.4903681665356139,0.4903681665356139,13,6,7,7,116,0.02191298030991362,277.3333333333333,1.0152999893762171,736
2753,100,3,49.02144993824847,0.49021449938248474,0.49021449938248474,11,2,10,10,106,0.01536671531271594,894.0,1.1752999853342772,291
2754,100,5,49.00235552295574,0.4900235552295574,0.4900235552295574,17,5,13,13,110,0.01909441529245015,414.0,0.9748000302352011,475
2755,100,4,48.985881646430215,0.4898588164643021,0.4898588164643021,15,4,12,12,108,0.016473876525310516,514.0,0.9993999847210944,384
2756,100,8,48.96928207301261,0.4896928207301261,0.4896928207301261,11,4,9,9,116,0.0165995734172526,304.0,1.0994999902322888,736
2757,100,2,48.95447101693846,0.4895447101693846,0.4895447101693846,16,2,14,14,104,0.014811056073980922,1014.0,0.7645000005140901,196
2758,100,7,48.93017337995175,0.4893017337995175,0.4893017337995175,19,6,13,13,114,0.024297636986375437,314.0,1.019700022879988,651
2759,100,3,48.90937119418349,0.48909371194183493,0.48909371194183493,22,3,19,19,106,0.020802185768054926,680.6666666666666,0.9392999927513301,291
2760,100,6,48.889167338263796,0.48889167338263795,0.48889167338263795,11,5,7,7,112,0.0202038559194051,350.0,1.0023000068031251,564
2761,100,4,48.87250229375125,0.4887250229375125,0.4887250229375125,15,3,12,12,108,0.016665044512294003,660.6666666666666,1.0509999701753259,384
2762,100,3,48.854148509837565,0.48854148509837564,0.48854148509837564,15,3,13,13,106,0.018353783913489963,680.6666666666666,0.9161000489257276,291
2763,100,3,48.835749238901336,0.4883574923890134,0.4883574923890134,21,3,18,18,106,0.01839927093602256,680.6666666666666,0.9667999693192542,291
2764,100,4,48.81664785304466,0.4881664785304466,0.4881664785304466,18,4,15,15,108,0.019101385856465924,514.0,0.9904999751597643,384
2765,100,6,48.79212503581406,0.4879212503581406,0.4879212503581406,21,5,16,16,112,0.024522817230284488,406.0,1.0173000046052039,564
2766,100,5,48.77069761558884,0.48770697615588837,0.48770697615588837,20,4,17,17,110,0.02142742022496691,464.0,1.5852999640628695,475
2767,100,4,48.74702150580681,0.48747021505806815,0.48747021505806815,25,4,21,21,108,0.023676109781781918,514.0,0.9639000054448843,384
2768,100,4,48.72532778173464,0.4872532778173464,0.4872532778173464,22,4,20,20,108,0.02169372407192327,514.0,1.0458000469952822,384
2769,100,6,48.701546039838355,0.48701546039838356,0.48701546039838356,22,6,17,17,112,0.023781741896002018,347.3333333333333,1.164299959782511,564
2770,100,9,48.67485406277581,0.4867485406277581,0.4867485406277581,24,8,18,18,118,0.02669197706215698,254.0,1.103100017644465,819
2771,100,6,48.653343885859286,0.48653343885859285,0.48653343885859285,18,5,14,14,112,0.02151017691621604,382.0,0.9791000047698617,564
2772,100,4,48.63639887568826,0.4863639887568826,0.4863639887568826,15,3,12,12,108,0.016945010170800856,607.3333333333334,1.3244000147096813,384
2773,100,3,48.62197982496172,0.4862197982496172,0.4862197982496172,13,3,10,10,106,0.014419050726324656,680.6666666666666,1.297400041949004,291
2774,100,5,48.602693416921426,0.4860269341692143,0.4860269341692143,18,5,13,13,110,0.01928640804003834,414.0,1.0623999987728894,475
2775,100,2,48.590049060000254,0.48590049060000257,0.48590049060000257,8,2,6,6,104,0.012644356921001076,1014.0,0.8290999685414135,196
2776,100,6,48.56768613209304,0.48567686132093035,0.48567686132093035,23,6,18,18,112,0.022362927906904417,347.3333333333333,1.730100018903613,564
2777,100,4,48.5479964858676,0.485479964858676,0.485479964858676,17,4,14,14,108,0.019689646225195645,514.0,1.055500004440546,384
2778,100,9,48.522307802607635,0.48522307802607634,0.48522307802607634,21,8,13,13,118,0.02568868325958107,236.5,1.0015000007115304,819
2779,100,7,48.50024436974755,0.48500244369747547,0.48500244369747547,19,5,16,16,114,0.022063432859773968,314.0,0.9258000063709915,651
2780,100,4,48.483062113418754,0.4848306211341875,0.4848306211341875,14,3,11,11,108,0.01718225632856729,640.6666666666666,1.0682999854907393,384
2781,100,8,48.459771549654825,0.48459771549654823,0.48459771549654823,17,6,12,12,116,0.02329056376356675,297.3333333333333,1.4463000115938485,736
2782,100,3,48.44170306874564,0.4844170306874564,0.4844170306874564,15,3,13,13,106,0.018068480908972617,680.6666666666666,0.9006999898701906,291
2783,100,5,48.42235018875335,0.4842235018875335,0.4842235018875335,19,5,15,15,110,0.019352879992041494,414.0,1.5039999852888286,475
2784,100,3,48.40703824381375,0.4840703824381375,0.4840703824381375,12,3,10,10,106,0.015311944939398359,680.6666666666666,1.0520000359974802,291
2785,100,1,48.39276451438795,0.4839276451438795,0.4839276451438795,15,1,14,14,102,0.01427372942567473,2014.0,2.0046000136062503,99
2786,100,3,48.377011334548286,0.48377011334548287,0.48377011334548287,15,2,13,13,106,0.015753179839450127,884.0,1.3490000274032354,291
2787,100,7,48.358058608867175,0.48358058608867177,0.48358058608867177,11,4,7,7,114,0.018952725680783544,329.0,1.0142999817617238,651
2788,100,3,48.346435179753755,0.48346435179753755,0.48346435179753755,9,2,7,7,106,0.01162342911320735,974.0,0.9736000210978091,291
2789,100,2,48.335090431644794,0.48335090431644795,0.48335090431644795,9,2,7,7,104,0.011344748108811586,1014.0,0.8678000303916633,196
2790,100,2,48.32130482156263,0.4832130482156263,0.4832130482156263,14,2,13,13,104,0.013785610081988864,1014.0,1.1817000340670347,196
2791,100,8,48.30240684170333,0.4830240684170333,0.4830240684170333,11,5,8,8,116,0.018897979858941483,286.0,0.9074000408872962,736
2792,100,9,48.27859899846843,0.4827859899846843,0.4827859899846843,17,6,11,11,118,0.023807843234521897,287.3333333333333,1.1938000097870827,819
2793,100,5,48.261026777994026,0.48261026777994026,0.48261026777994026,12,4,8,8,110,0.01757222047412199,429.0,1.1599999852478504,475
2794,100,8,48.241500844171256,0.48241500844171253,0.48241500844171253,13,4,10,10,114,0.019525933822428954,364.0,0.9539999882690609,736
2795,100,8,48.21989574646435,0.48219895746464353,0.48219895746464353,20,6,15,15,116,0.021605097706519416,300.6666666666667,0.7993000326678157,736
2796,100,3,48.20450066039891,0.4820450066039891,0.4820450066039891,17,3,14,14,106,0.015395086065254304,680.6666666666666,1.157499966211617,291
2797,100,8,48.18293117710924,0.4818293117710924,0.4818293117710924,18,7,15,15,116,0.021569483289312075,282.57142857142856,1.060199982021004,736
2798,100,4,48.1655520535544,0.481655520535544,0.481655520535544,16,3,13,13,108,0.017379123554604803,660.6666666666666,1.089500030502677,384
2799,100,6,48.14429369467812,0.4814429369467812,0.4814429369467812,18,5,14,14,112,0.021258358875968497,358.0,1.090099976863712,564
2800,100,3,48.128778082350095,0.48128778082350093,0.48128778082350093,17,3,14,14,106,0.015515612327831718,680.6666666666666,1.1057999799959362,291
2801,100,7,48.10422080198417,0.4810422080198417,0.4810422080198417,19,7,14,14,114,0.024557280365591794,299.7142857142857,1.1813000310212374,651
2802,100,5,48.08717033158067,0.48087170331580675,0.48087170331580675,15,3,14,14,110,0.01705047040321972,580.6666666666666,0.9234999888576567,475
2803,100,3,48.07180013692415,0.48071800136924153,0.48071800136924153,17,3,16,16,106,0.01537019465632028,680.6666666666666,1.096000021789223,291
2804,100,3,48.05751640795626,0.4805751640795626,0.4805751640795626,13,3,11,11,106,0.014283728967690479,680.6666666666666,1.2374999932944775,291
2805,100,3,48.04017033720875,0.4804017033720875,0.4804017033720875,17,3,14,14,106,0.017346070747294107,680.6666666666666,1.214300049468875,291
2806,100,9,48.01297267603375,0.4801297267603375,0.4801297267603375,24,8,18,18,118,0.027197661174604093,236.5,0.9527000365778804,819
2807,100,5,47.99156891025495,0.4799156891025495,0.4799156891025495,20,4,17,17,110,0.021403765778536865,499.0,1.8829999607987702,475
2808,100,3,47.97490393133467,0.4797490393133467,0.4797490393133467,19,3,16,16,106,0.01666497892009744,680.6666666666666,1.1353000300005078,291
2809,100,5,47.95221944717779,0.4795221944717779,0.4795221944717779,24,4,21,21,110,0.022684484156613394,454.0,0.9322999976575375,475
2810,100,3,47.929121074732166,0.47929121074732167,0.47929121074732167,22,3,19,19,106,0.023098372445424786,680.6666666666666,0.9748999727889895,291
2811,100,7,47.90551781322871,0.47905517813228715,0.47905517813228715,21,6,16,16,114,0.0236032615031192,327.3333333333333,1.0201000259257853,651
2812,100,3,47.88815936516949,0.4788815936516949,0.4788815936516949,14,2,12,12,106,0.01735844805902076,964.0,1.346500008367002,291
2813,100,5,47.870317817878764,0.47870317817878766,0.47870317817878766,15,3,12,12,110,0.017841547290451842,540.6666666666666,0.5531000206246972,475
2814,100,8,47.84799502536144,0.4784799502536144,0.4784799502536144,19,6,15,15,116,0.022322792516959566,287.3333333333333,0.9059999720193446,736
2815,100,7,47.82671239191568,0.47826712391915677,0.47826712391915677,19,5,15,15,114,0.021282633445444787,362.0,1.038899994455278,651
2816,100,3,47.80198112129125,0.4780198112129125,0.4780198112129125,21,3,19,19,106,0.024731270624208435,680.6666666666666,1.0408000089228153,291
2817,100,6,47.7826793119829,0.477826793119829,0.477826793119829,14,4,12,12,112,0.019301809308039708,479.0,0.9762000408954918,564
2818,100,5,47.76561077723839,0.47765610777238393,0.47765610777238393,14,3,11,11,110,0.017068534744240083,514.0,1.0138999787159264,475
2819,100,7,47.742975572566685,0.47742975572566687,0.47742975572566687,19,5,15,15,114,0.022635204671388465,346.0,0.9676999761722982,651
2820,100,6,47.72423708784708,0.47724237087847077,0.47724237087847077,18,4,15,15,112,0.01873848471929307,419.0,1.1539999977685511,564
2821,100,7,47.70052865404048,0.4770052865404048,0.4770052865404048,15,5,12,12,114,0.023708433806277185,342.0,1.0768999927677214,651
2822,100,6,47.68053522408827,0.47680535224088266,0.47680535224088266,17,6,13,13,112,0.01999342995189579,347.3333333333333,1.2119999737478793,564
2823,100,7,47.66054284931551,0.4766054284931551,0.4766054284931551,15,6,9,9,114,0.01999237477242133,284.0,1.9895000150427222,651
2824,100,3,47.644425084603135,0.47644425084603137,0.47644425084603137,15,3,12,12,106,0.016117764712184623,680.6666666666666,0.9887000196613371,291
2825,100,4,47.62953501488916,0.47629535014889157,0.47629535014889157,15,3,12,12,108,0.01489006971375062,474.0,0.9590000263415277,384
2826,100,6,47.60933509991898,0.4760933509991898,0.4760933509991898,20,5,15,15,112,0.020199914969872168,346.0,1.332899963017553,564
2827,100,6,47.58485693882299,0.4758485693882299,0.4758485693882299,22,6,17,17,112,0.02447816109567924,347.3333333333333,0.9917999850586057,564
2828,100,6,47.56352242232319,0.4756352242232319,0.4756352242232319,18,4,14,14,112,0.021334516499507572,364.0,0.9910999797284603,564
2829,100,0,47.556037074588,0.47556037074588,0.47556037074588,10,10,10,10,0,0.007485347735197934,17.0,0.1401000190526247,0
2830,100,6,47.531664464452,0.47531664464452,0.47531664464452,20,4,16,16,112,0.024372610135692696,444.0,1.0565999546088278,564
2831,100,6,47.510799615934644,0.47510799615934646,0.47510799615934646,14,5,10,10,112,0.02086484851704995,346.0,1.0083999950438738,564
2832,100,3,47.494071330768264,0.4749407133076826,0.4749407133076826,20,3,17,17,106,0.016728285166188073,680.6666666666666,1.0282000293955207,291
2833,100,4,47.47545316181744,0.47475453161817444,0.47475453161817444,18,4,14,14,108,0.01861816895058155,514.0,0.9209000272676349,384
2834,100,3,47.45848746556716,0.4745848746556716,0.4745848746556716,15,3,12,12,106,0.01696569625007527,680.6666666666666,1.1621000012382865,291
2835,100,4,47.44222034879603,0.47442220348796027,0.47442220348796027,14,4,11,11,108,0.01626711677089787,514.0,1.1172000085934997,384
2836,100,7,47.418604394063614,0.4741860439406361,0.4741860439406361,17,5,13,13,114,0.023615954732086664,378.0,1.1266000219620764,651
2837,100,5,47.39655825027932,0.4739655825027932,0.4739655825027932,22,4,18,18,110,0.022046143784038463,454.0,0.8719000034034252,475
2838,100,8,47.374735674180506,0.47374735674180507,0.47374735674180507,17,5,12,12,116,0.021822576098458057,314.0,1.019700022879988,736
2839,100,3,47.362711150334405,0.4736271115033441,0.4736271115033441,10,3,8,8,106,0.012024523845894919,680.6666666666666,1.941800001077354,291
2840,100,0,47.35126655205018,0.47351266552050175,0.47351266552050175,12,12,12,12,0,0.01144459828421418,17.0,0.604200002271682,0
2841,100,3,47.337045681959594,0.47337045681959594,0.47337045681959594,14,3,12,12,106,0.014220870090397852,680.6666666666666,1.3948000269010663,291
2842,100,3,47.31998206070662,0.4731998206070662,0.4731998206070662,15,3,13,13,106,0.017063621252781047,680.6666666666666,1.3006000081077218,291
2843,100,2,47.30430191230604,0.47304301912306035,0.47304301912306035,19,2,18,18,104,0.01568014840039922,1014.0,1.2508000363595784,196
2844,100,7,47.28550011136828,0.4728550011136828,0.4728550011136828,14,4,11,11,114,0.018801800937438884,439.0,1.1837999918498099,651
2845,100,5,47.26518546865606,0.47265185468656057,0.47265185468656057,19,4,16,16,110,0.02031464271194494,469.0,1.0858000023290515,475
2846,100,6,47.245306870180976,0.47245306870180975,0.47245306870180975,18,6,12,12,112,0.019878598474782905,347.3333333333333,1.3590999878942966,564
2847,100,4,47.22845772589139,0.4722845772589139,0.4722845772589139,18,4,16,16,108,0.016849144289345475,514.0,1.2786999577656388,384
2848,100,1,47.212585990934684,0.47212585990934686,0.47212585990934686,19,1,18,18,102,0.01587173495658334,2014.0,0.9071999811567366,99
2849,100,5,47.191693219371146,0.47191693219371145,0.47191693219371145,16,4,14,14,110,0.020892771563254087,479.0,0.8795000030659139,475
2850,100,6,47.16963123249304,0.47169631232493037,0.47169631232493037,21,5,17,17,112,0.022061986877808692,358.0,1.1467000003904104,564
2851,100,5,47.14877247028563,0.47148772470285627,0.47148772470285627,20,5,17,17,110,0.020858762207140558,414.0,1.156599959358573,475
2852,100,3,47.13323429989886,0.4713323429989886,0.4713323429989886,15,3,13,13,106,0.01553817038656291,680.6666666666666,1.180000021122396,291
2853,100,5,47.11414528000679,0.47114145280006786,0.47114145280006786,19,4,15,15,110,0.019089019891794123,479.0,1.1274999706074595,475
2854,100,7,47.091162125655295,0.47091162125655295,0.47091162125655295,18,6,13,13,114,0.022983154351173596,320.6666666666667,1.1273000272922218,651
2855,100,10,47.06300761951826,0.4706300761951826,0.4706300761951826,19,6,13,13,120,0.02815450613660886,290.6666666666667,0.9871000074781477,900
2856,100,9,47.034055014798305,0.47034055014798304,0.47034055014798304,25,7,19,19,118,0.028952604719563624,285.42857142857144,1.1114999651908875,819
2857,100,7,47.007891994601,0.47007891994601003,0.47007891994601003,22,7,15,15,114,0.026163020196968034,299.7142857142857,1.0982999810948968,651
2858,100,7,46.98748025090944,0.4698748025090944,0.4698748025090944,14,4,11,11,114,0.020411743691234108,369.0,1.0896999738179147,651
2859,100,5,46.97047504947877,0.4697047504947877,0.4697047504947877,15,3,13,13,110,0.017005201430393413,540.6666666666666,1.0997999925166368,475
2860,100,5,46.95376683473518,0.4695376683473518,0.4695376683473518,13,4,9,9,110,0.016708214743324845,469.0,1.067299977876246,475
2861,100,5,46.93478829047443,0.4693478829047443,0.4693478829047443,18,4,14,14,110,0.018978544260477292,494.0,1.16610003169626,475
2862,100,5,46.91358906482396,0.4691358906482396,0.4691358906482396,19,4,17,17,110,0.021199225650207154,454.0,1.2145000509917736,475
2863,100,5,46.891157874495576,0.46891157874495576,0.46891157874495576,23,5,19,19,110,0.022431190328120465,414.0,1.5984000056050718,475
2864,100,4,46.87368579698296,0.4687368579698296,0.4687368579698296,12,3,11,11,108,0.017472077512380224,627.3333333333334,1.2796000228263438,384
2865,100,5,46.85611329517765,0.4685611329517765,0.4685611329517765,12,3,10,10,110,0.01757250180504144,487.3333333333333,1.2748000444844365,475
2866,100,7,46.83577815348734,0.4683577815348734,0.4683577815348734,14,6,8,8,114,0.020335141689969305,324.0,0.4760000156238675,651
2867,100,3,46.8241089877889,0.468241089877889,0.468241089877889,8,2,6,6,106,0.011669165698222628,804.0,1.119100023061037,291
2868,100,5,46.80576668236012,0.4680576668236012,0.4680576668236012,17,5,14,14,110,0.018342305428504346,414.0,0.9081000462174416,475
2869,100,5,46.788938653761356,0.4678893865376136,0.4678893865376136,10,3,7,7,110,0.016828028598489198,467.3333333333333,1.0396999423392117,475
2870,100,7,46.766944938815854,0.4676694493881585,0.4676694493881585,15,6,10,10,112,0.02199371494518232,344.0,1.001399999950081,651
2871,100,6,46.74718523077924,0.46747185230779237,0.46747185230779237,15,6,9,9,112,0.01975970803628968,347.3333333333333,1.0024000075645745,564
2872,100,3,46.7359615455273,0.46735961545527305,0.46735961545527305,8,2,6,6,106,0.011223685251756876,804.0,0.8916999795474112,291
2873,100,5,46.71895851335741,0.46718958513357406,0.46718958513357406,12,3,9,9,110,0.017003032169611743,520.6666666666666,0.44380000326782465,475
2874,100,4,46.70214849951918,0.4670214849951918,0.4670214849951918,15,4,11,11,108,0.01681001383798275,514.0,0.8848999859765172,384
2875,100,4,46.68656150796081,0.4668656150796081,0.4668656150796081,11,3,8,8,108,0.015586991558144803,614.0,0.7791999960318208,384
2876,100,2,46.674908840248904,0.466749088402489,0.466749088402489,10,2,9,9,104,0.011652667711722131,1014.0,0.9898000280372798,196
2877,100,8,46.65472077440013,0.4665472077440013,0.4665472077440013,15,6,10,10,116,0.020188065848401493,290.6666666666667,1.0525000398047268,736
2878,100,10,46.62804294533116,0.4662804294533116,0.4662804294533116,15,5,10,10,118,0.02667782906856786,198.0,0.5871999892406166,900
2879,100,2,46.61405963917021,0.4661405963917021,0.4661405963917021,11,2,9,9,104,0.013983306160767484,1014.0,1.25039997510612,196
2880,100,7,46.59686597890691,0.4659686597890691,0.4659686597890691,8,3,5,5,114,0.017193660262940114,340.6666666666667,1.0293999803252518,651
2881,100,3,46.582239464466106,0.4658223946446611,0.4658223946446611,10,3,7,7,106,0.014626514440607252,680.6666666666666,0.5288000102154911,291
2882,100,4,46.56568616818717,0.4656568616818717,0.4656568616818717,13,4,10,10,108,0.01655329627870117,514.0,0.9982999763451517,384
2883,100,7,46.54538320462945,0.46545383204629454,0.46545383204629454,15,6,10,10,114,0.020302963557384146,334.0,1.0718000121414661,651
2884,100,3,46.53033542344705,0.4653033542344705,0.4653033542344705,14,2,12,12,106,0.015047781182197184,914.0,2.070499991532415,291
2885,100,6,46.50763425985459,0.4650763425985459,0.4650763425985459,20,6,14,14,112,0.0227011635921599,347.3333333333333,0.9972999687306583,564
2886,100,5,46.49209990909681,0.46492099909096807,0.46492099909096807,12,4,9,9,110,0.015534350757526738,454.0,0.9361999691464007,475
2887,100,4,46.47374891316431,0.4647374891316431,0.4647374891316431,15,3,12,12,108,0.0183509959322663,654.0,0.7796999998390675,384
2888,100,4,46.45657295024821,0.4645657295024821,0.4645657295024821,18,3,15,15,108,0.017175962915843,587.3333333333334,1.0631000041030347,384
2889,100,5,46.43634623403544,0.4643634623403544,0.4643634623403544,17,5,13,13,110,0.020226716212498275,414.0,1.0144999832846224,475
2890,100,3,46.41941427082095,0.4641941427082095,0.4641941427082095,17,3,14,14,106,0.016931963214290136,680.6666666666666,1.0222999844700098,291
2891,100,9,46.39339005198212,0.46393390051982114,0.46393390051982114,18,7,11,11,118,0.02602421883842254,265.42857142857144,0.9759999811649323,819
2892,100,3,46.37667201596529,0.4637667201596529,0.4637667201596529,16,3,13,13,106,0.016718036016627025,680.6666666666666,1.0899999761022627,291
2893,100,5,46.35841285189854,0.46358412851898545,0.46358412851898545,16,5,11,11,110,0.018259164066478206,414.0,2.2977000335231423,475
2894,100,4,46.33963112625575,0.46339631126255754,0.46339631126255754,15,4,14,14,108,0.018781725642547542,514.0,1.0105000110343099,384
2895,100,8,46.32019447296265,0.4632019447296265,0.4632019447296265,13,5,8,8,116,0.019436653292743244,314.0,1.6446000081487,736
2896,100,5,46.30478516326806,0.4630478516326806,0.4630478516326806,9,3,6,6,110,0.015409309694319973,474.0,0.934199953917414,475
2897,100,3,46.2855918127814,0.46285591812781396,0.46285591812781396,16,3,13,13,106,0.019193350486453653,680.6666666666666,2.5191999739035964,291
2898,100,8,46.26373772303038,0.4626373772303038,0.4626373772303038,13,4,11,11,112,0.021854089750654282,429.0,1.120000029914081,736
2899,100,4,46.24591216700128,0.4624591216700128,0.4624591216700128,15,3,13,13,108,0.01782555602884628,634.0,0.8426999556832016,384
2900,100,6,46.22945084247779,0.4622945084247779,0.4622945084247779,14,5,10,10,112,0.016461324523191934,386.0,1.3747999910265207,564
2901,100,6,46.209543379724096,0.46209543379724094,0.46209543379724094,14,5,9,9,112,0.019907462753387506,366.0,1.112600031774491,564
2902,100,4,46.19194598262764,0.46191945982627636,0.46191945982627636,16,4,13,13,108,0.01759739709621755,514.0,2.0518999663181603,384
2903,100,5,46.175094499913186,0.4617509449991319,0.4617509449991319,13,4,10,10,110,0.01685148271417347,429.0,4.578399995807558,475
2904,100,1,46.16346609437532,0.4616346609437532,0.4616346609437532,10,1,9,9,102,0.011628405537727815,2014.0,0.9470999939367175,99
2905,100,5,46.14519481772028,0.4614519481772028,0.4614519481772028,14,4,11,11,110,0.018271276654765245,499.0,1.0874000145122409,475
2906,100,4,46.12872422552083,0.4612872422552083,0.4612872422552083,17,4,16,16,108,0.016470592199205214,514.0,0.9284999687224627,384
2907,100,10,46.102567583278216,0.46102567583278214,0.46102567583278214,17,6,13,13,118,0.02615664224219927,287.3333333333333,0.9825999732129276,900
2908,100,3,46.08497331339828,0.4608497331339828,0.4608497331339828,17,3,14,14,106,0.017594269879737112,680.6666666666666,1.1422000243328512,291
2909,100,6,46.060906048994134,0.4606090604899413,0.4606090604899413,20,6,15,15,112,0.024067264403832667,347.3333333333333,1.4405000256374478,564
2910,100,5,46.04026464407881,0.4604026464407881,0.4604026464407881,15,3,12,12,110,0.020641404915060946,540.6666666666666,1.4733999851159751,475
2911,100,5,46.02230234861769,0.46022302348617694,0.46022302348617694,14,5,10,10,110,0.017962295460840494,414.0,1.386700023431331,475
2912,100,7,45.99956020120249,0.45999560201202494,0.45999560201202494,19,6,14,14,114,0.02274214741486702,304.0,2.659599995240569,651
2913,100,4,45.98399290298955,0.4598399290298955,0.4598399290298955,15,4,11,11,108,0.015567298212694425,514.0,2.603999979328364,384
2914,100,5,45.96839690237844,0.4596839690237844,0.4596839690237844,8,3,6,6,110,0.015596000610841543,587.3333333333334,0.9801000123843551,475
2915,100,3,45.95141298097627,0.4595141298097627,0.4595141298097627,17,3,14,14,106,0.016983921401958924,680.6666666666666,1.1035999632440507,291
2916,100,8,45.92998693287769,0.45929986932877687,0.45929986932877687,16,6,12,12,116,0.021426048098206252,300.6666666666667,0.998099974822253,736
2917,100,3,45.91753129026531,0.45917531290265307,0.45917531290265307,8,2,6,6,106,0.012455642612174245,894.0,1.0158999939449131,291
2918,100,4,45.900996255523346,0.45900996255523346,0.45900996255523346,13,3,10,10,108,0.016535034741728794,600.6666666666666,0.8217000286094844,384
2919,100,6,45.884372372993454,0.45884372372993454,0.45884372372993454,11,5,6,6,112,0.016623882529586353,374.0,1.1863000108860433,564
2920,100,4,45.87049897692256,0.45870498976922564,0.45870498976922564,8,3,5,5,108,0.013873396070650301,654.0,1.049000013154,384
2921,100,8,45.84927623319138,0.45849276233191383,0.45849276233191383,13,5,9,9,116,0.021222743730810123,326.0,1.8437000107951462,736
2922,100,5,45.832400591727,0.45832400591727,0.45832400591727,10,4,7,7,110,0.016875641464110913,484.0,1.157500024419278,475
2923,100,2,45.81945311100217,0.4581945311100217,0.4581945311100217,11,2,9,9,104,0.01294748072464813,1014.0,0.9619999909773469,196
2924,100,5,45.80492138487866,0.4580492138487866,0.4580492138487866,10,4,6,6,110,0.014531726123244937,399.0,0.9550999966450036,475
2925,100,7,45.785994028129906,0.45785994028129906,0.45785994028129906,12,4,10,10,114,0.018927356748413615,319.0,1.0736999684013426,651
2926,100,4,45.76951038685647,0.45769510386856466,0.45769510386856466,12,4,9,9,108,0.016483641273211447,514.0,1.1474000057205558,384
2927,100,6,45.74812364107275,0.4574812364107275,0.4574812364107275,18,6,13,13,112,0.021386745783402716,347.3333333333333,2.7760000084526837,564
2928,100,4,45.73075198388058,0.4573075198388058,0.4573075198388058,16,4,12,12,108,0.017371657191922907,514.0,2.424100006464869,384
2929,100,7,45.708406296326274,0.45708406296326276,0.45708406296326276,17,5,12,12,114,0.022345687553979587,362.0,0.9171999990940094,651
2930,100,2,45.695468499924004,0.45695468499924,0.45695468499924,12,2,10,10,104,0.012937796402077595,1014.0,1.0238999966531992,196
2931,100,12,45.66634542178064,0.4566634542178064,0.4566634542178064,21,7,16,16,124,0.02912307814290216,202.57142857142858,0.9414000087417662,1056
2932,100,2,45.65125724627764,0.4565125724627764,0.4565125724627764,13,2,11,11,104,0.015088175502846468,1014.0,0.8376000332646072,196
2933,100,3,45.63676235715765,0.4563676235715765,0.4563676235715765,12,3,9,9,106,0.014494889119745835,680.6666666666666,1.0015000007115304,291
2934,100,3,45.621576445544065,0.45621576445544065,0.45621576445544065,15,3,12,12,106,0.015185911613400549,680.6666666666666,1.506200002040714,291
2935,100,6,45.60305186977355,0.45603051869773553,0.45603051869773553,12,5,7,7,112,0.01852457577020772,358.0,0.9468999924138188,564
2936,100,5,45.583162855774184,0.45583162855774184,0.45583162855774184,17,5,12,12,110,0.01988901399909082,414.0,1.3890000409446657,475
2937,100,4,45.562897123615826,0.45562897123615825,0.45562897123615825,16,4,12,12,108,0.020265732158108563,514.0,0.8701999904587865,384
2938,100,4,45.55031907442416,0.4555031907442416,0.4555031907442416,9,3,6,6,108,0.012578049191432683,580.6666666666666,1.3862999621778727,384
2939,100,7,45.52849874655342,0.4552849874655342,0.4552849874655342,17,6,11,11,114,0.021820327870401002,327.3333333333333,1.031499996315688,651
2940,100,4,45.51272731908389,0.45512727319083895,0.45512727319083895,14,4,10,10,108,0.015771427469296384,514.0,0.9725999552756548,384
2941,100,1,45.50034841122194,0.4550034841122194,0.4550034841122194,11,1,10,10,102,0.012378907861808841,2014.0,1.021499978378415,99
2942,100,5,45.47996225368391,0.4547996225368391,0.4547996225368391,14,5,9,9,110,0.02038615753777151,414.0,1.852800021879375,475
2943,100,7,45.46138033706268,0.4546138033706268,0.4546138033706268,13,4,9,9,114,0.01858191662089581,469.0,0.9310999885201454,651
2944,100,4,45.44702888605642,0.45447028886056423,0.45447028886056423,12,4,9,9,108,0.01435145100600721,514.0,1.0717000113800168,384
2945,100,5,45.430635361956966,0.45430635361956967,0.45430635361956967,13,4,9,9,110,0.016393524099179047,464.0,1.352099992800504,475
2946,100,7,45.41464388155374,0.45414643881553735,0.45414643881553735,10,3,7,7,114,0.015991480402895775,314.0,1.9292000215500593,651
2947,100,7,45.394350080655336,0.4539435008065534,0.4539435008065534,15,5,12,12,114,0.02029380089806665,366.0,1.7380000208504498,651
2948,100,1,45.380857246805476,0.4538085724680548,0.4538085724680548,14,1,13,13,102,0.013492833849724661,2014.0,0.9597999742254615,99
2949,100,3,45.366573788270195,0.4536657378827019,0.4536657378827019,10,3,7,7,106,0.01428345853507551,680.6666666666666,0.9700999944470823,291
2950,100,1,45.3536630734617,0.45353663073461703,0.45353663073461703,11,1,10,10,102,0.012910714808334944,2014.0,1.1872000177390873,99
2951,100,8,45.3322071234517,0.453322071234517,0.453322071234517,13,5,9,9,116,0.021455950009624303,322.0,0.9270000155083835,736
2952,100,7,45.31357351507896,0.4531357351507896,0.4531357351507896,14,4,12,12,114,0.01863360837241146,274.0,1.0100000072270632,651
2953,100,3,45.29893956217273,0.45298939562172724,0.45298939562172724,14,3,11,11,106,0.014633952906024206,680.6666666666666,0.9959000162780285,291
2954,100,8,45.275975767785674,0.45275975767785676,0.45275975767785676,14,5,10,10,116,0.022963794386690495,342.0,1.2017000117339194,736
2955,100,5,45.257266913007015,0.45257266913007016,0.45257266913007016,14,5,10,10,110,0.018708854778374473,414.0,1.152200042270124,475
2956,100,10,45.232214687828574,0.45232214687828576,0.45232214687828576,17,7,11,11,120,0.025052225178036736,228.28571428571428,3.402800008188933,900
2957,100,6,45.2092499639445,0.45209249963944503,0.45209249963944503,22,5,18,18,112,0.022964723883752924,406.0,0.9960999595932662,564
2958,100,1,45.19652652895028,0.4519652652895028,0.4519652652895028,12,1,11,11,102,0.012723434994100558,2014.0,1.5486999764107168,99
2959,100,7,45.16933672526776,0.4516933672526776,0.4516933672526776,20,6,15,15,112,0.027189803682183822,344.0,1.6932999715209007,651
2960,100,6,45.14958113003901,0.4514958113003901,0.4514958113003901,16,6,11,11,112,0.01975559522845316,347.3333333333333,0.8974999655038118,564
2961,100,4,45.13192367460372,0.4513192367460372,0.4513192367460372,12,4,8,8,108,0.017657455435049485,514.0,2.201499999500811,384
2962,100,7,45.11211258784992,0.45112112587849923,0.45112112587849923,13,5,10,10,114,0.019811086753470875,306.0,0.8678000303916633,651
2963,100,2,45.099932493671346,0.45099932493671346,0.45099932493671346,11,2,9,9,104,0.012180094178411593,1014.0,1.7254999838769436,196
2964,100,3,45.08590215030078,0.45085902150300783,0.45085902150300783,12,3,9,9,106,0.014030343370357912,680.6666666666666,0.9380000410601497,291
2965,100,5,45.06508929721655,0.45065089297216554,0.45065089297216554,14,4,10,10,110,0.020812853083967298,414.0,1.22969999210909,475
2966,100,6,45.04496413556328,0.4504496413556328,0.4504496413556328,15,5,10,10,112,0.020125161652963186,386.0,1.2826999882236123,564
2967,100,3,45.02838612790326,0.4502838612790326,0.4502838612790326,11,3,8,8,106,0.01657800765980255,680.6666666666666,1.0185999562963843,291
2968,100,9,45.00290448748687,0.4500290448748687,0.4500290448748687,16,7,10,10,118,0.025481640416010976,259.7142857142857,1.518899982329458,819
2969,100,9,44.97557462526762,0.44975574625267617,0.44975574625267617,18,7,13,13,118,0.02732986221885625,248.28571428571428,1.2057999847456813,819
2970,100,2,44.96045247391174,0.4496045247391174,0.4496045247391174,14,2,14,14,104,0.015122151355704716,1014.0,0.8793000015430152,196
2971,100,10,44.932286795606586,0.44932286795606585,0.44932286795606585,19,8,13,13,120,0.02816567830473815,229.0,1.1719000176526606,900
2972,100,5,44.90981323290833,0.44909813232908324,0.44909813232908324,19,5,14,14,110,0.02247356269797507,414.0,2.336000034119934,475
2973,100,4,44.89484170508651,0.44894841705086513,0.44894841705086513,9,4,6,6,108,0.014971527821600716,514.0,1.3292999938130379,384
2974,100,7,44.87313454206314,0.4487313454206314,0.4487313454206314,17,6,12,12,114,0.021707163023023668,320.6666666666667,0.8344000088982284,651
2975,100,7,44.857048138753335,0.44857048138753336,0.44857048138753336,10,4,6,6,114,0.01608640330944411,364.0,1.0675000376068056,651
2976,100,3,44.842724110415354,0.44842724110415355,0.44842724110415355,12,2,10,10,106,0.014324028337767913,964.0,0.7457000319845974,291
2977,100,2,44.82575115425451,0.4482575115425451,0.4482575115425451,18,2,16,16,104,0.01697295616066441,1014.0,0.8512000204063952,196
2978,100,3,44.814216374042644,0.4481421637404264,0.4481421637404264,7,2,6,6,106,0.011534780211661655,774.0,0.9243999957107008,291
2979,100,3,44.79987755002816,0.44799877550028155,0.44799877550028155,14,3,11,11,106,0.01433882401428832,680.6666666666666,1.0600999812595546,291
2980,100,2,44.785704056828806,0.44785704056828807,0.44785704056828807,13,1,13,13,104,0.014173493199187703,1814.0,1.2273999745957553,196
2981,100,5,44.768023304258485,0.44768023304258486,0.44768023304258486,16,4,14,14,110,0.017680752570036873,449.0,0.922099978197366,475
2982,100,5,44.7500718044313,0.447500718044313,0.447500718044313,15,3,14,14,110,0.017951499826921236,607.3333333333334,1.0552999447099864,475
2983,100,3,44.73447985682931,0.4473447985682931,0.4473447985682931,13,2,11,11,106,0.015591947601777179,714.0,1.0103999520651996,291
2984,100,8,44.710382371086666,0.44710382371086665,0.44710382371086665,16,5,11,11,114,0.024097485742274216,322.0,2.044699969701469,736
2985,100,6,44.691989731729606,0.4469198973172961,0.4469198973172961,11,4,7,7,112,0.01839263935677593,364.0,1.2488000211305916,564
2986,100,6,44.66987189827859,0.44669871898278596,0.44669871898278596,19,6,13,13,112,0.02211783345070728,347.3333333333333,1.0807000217027962,564
2987,100,2,44.656310179518826,0.44656310179518827,0.44656310179518827,13,2,11,11,104,0.01356171875957557,1014.0,1.090100035071373,196
2988,100,3,44.64071593144537,0.4464071593144537,0.4464071593144537,14,3,12,12,106,0.015594248073277583,680.6666666666666,1.222899998538196,291
2989,100,8,44.61571929125736,0.4461571929125736,0.4461571929125736,22,8,16,16,116,0.024996640187644914,264.0,0.9390999912284315,736
2990,100,5,44.59721897475074,0.4459721897475074,0.4459721897475074,16,4,12,12,110,0.018500316506340653,464.0,0.9719000081531703,475
2991,100,5,44.57999154340067,0.4457999154340067,0.4457999154340067,15,5,11,11,110,0.01722743134978799,414.0,0.7909000269137323,475
2992,100,6,44.561567177250794,0.44561567177250794,0.44561567177250794,14,4,12,12,110,0.018424366149581317,454.0,1.1771999998018146,564
2993,100,3,44.54292361501775,0.4454292361501775,0.4454292361501775,20,3,18,18,106,0.018643562232874444,680.6666666666666,0.8487000013701618,291
2994,100,10,44.51121256638323,0.4451121256638323,0.4451121256638323,24,7,18,18,120,0.03171104863408658,222.57142857142858,1.2398000108078122,900
2995,100,8,44.49104688152318,0.44491046881523183,0.44491046881523183,15,5,12,12,116,0.020165684859684063,258.0,0.9963000193238258,736
2996,100,3,44.476528985347336,0.44476528985347336,0.44476528985347336,14,3,12,12,106,0.014517896175632927,680.6666666666666,0.9577999589964747,291
2997,100,6,44.454069609470615,0.44454069609470614,0.44454069609470614,18,6,12,12,112,0.022459375876422882,347.3333333333333,0.9265000117011368,564
2998,100,2,44.44187231100952,0.44441872311009517,0.44441872311009517,12,2,10,10,104,0.012197298460925765,1014.0,1.0070999851450324,196
2999,100,4,44.42532351366789,0.4442532351366789,0.4442532351366789,17,4,13,13,108,0.016548797341386035,514.0,0.8304999792017043,384
3000,100,2,44.406952600748895,0.44406952600748895,0.44406952600748895,18,2,17,17,104,0.018370912918840077,1014.0,1.1668999795801938,196
3001,100,8,44.37569098468201,0.4437569098468201,0.4437569098468201,31,8,25,25,116,0.03126161606650868,264.0,1.1263999622315168,736
3002,100,1,44.35931588287271,0.4435931588287271,0.4435931588287271,19,1,18,18,102,0.01637510180914603,2014.0,0.8809000137262046,99
3003,100,1,44.346496993153686,0.44346496993153683,0.44346496993153683,14,1,13,13,102,0.012818889718907656,2014.0,1.0585999698378146,99
3004,100,7,44.32442433345819,0.4432442433345819,0.4432442433345819,23,4,20,20,112,0.022072659695147934,414.0,2.2741000284440815,651
3005,100,6,44.29963027994163,0.4429963027994163,0.4429963027994163,27,6,21,21,112,0.024794053516266956,347.3333333333333,1.0798999574035406,564
3006,100,8,44.27344287975584,0.4427344287975584,0.4427344287975584,25,7,18,18,116,0.026187400185406773,256.85714285714283,0.9515000274404883,736
3007,100,4,44.25146394481949,0.4425146394481949,0.4425146394481949,22,4,18,18,108,0.021978934936143446,514.0,0.8494000067003071,384
3008,100,11,44.21854739809114,0.4421854739809114,0.4421854739809114,26,8,20,20,122,0.032916546727889795,221.5,1.0859000030905008,979
3009,100,3,44.19897510568775,0.4419897510568775,0.4419897510568775,20,3,17,17,106,0.0195722924031827,680.6666666666666,1.0845999931916595,291
3010,100,5,44.18007115114525,0.4418007115114525,0.4418007115114525,18,4,14,14,110,0.01890395454223892,439.0,0.9209999698214233,475
3011,100,5,44.157819507063564,0.44157819507063567,0.44157819507063567,15,5,12,12,110,0.022251644081400457,414.0,1.586899976246059,475
3012,100,3,44.138842202047165,0.4413884220204716,0.4413884220204716,14,3,12,12,106,0.018977305016179002,680.6666666666666,0.8980999700725079,291
3013,100,4,44.11960496609877,0.4411960496609877,0.4411960496609877,19,4,16,16,108,0.019237235948160958,514.0,1.321100047789514,384
3014,100,5,44.102689750970875,0.44102689750970875,0.44102689750970875,13,5,8,8,110,0.016915215127632166,414.0,1.2678999919444323,475
3015,100,7,44.08402225261193,0.4408402225261193,0.4408402225261193,13,3,12,12,114,0.01866749835860304,460.6666666666667,0.9565000073052943,651
3016,100,6,44.06433725849197,0.4406433725849197,0.4406433725849197,16,4,12,12,112,0.019684994119664623,484.0,1.825899991672486,564
3017,100,7,44.042750676430344,0.4404275067643034,0.4404275067643034,19,5,15,15,114,0.021586582061281945,326.0,1.0421000188216567,651
3018,100,5,44.027531833374375,0.4402753183337438,0.4402753183337438,13,3,10,10,110,0.015218843055713194,387.3333333333333,0.9022000012919307,475
3019,100,2,44.015276264762356,0.44015276264762354,0.44015276264762354,12,2,11,11,104,0.012255568611848844,1014.0,0.9462999878451228,196
3020,100,5,43.996888451217444,0.4399688845121744,0.4399688845121744,14,4,12,12,110,0.018387813544627818,434.0,1.0460999910719693,475
3021,100,9,43.97507868662476,0.43975078686624763,0.43975078686624763,15,7,11,11,118,0.021809764592305214,276.85714285714283,0.9604999795556068,819
3022,100,5,43.95671340053534,0.4395671340053534,0.4395671340053534,19,5,15,15,110,0.01836528608913568,414.0,0.9349000174552202,475
3023,100,3,43.941657242560716,0.43941657242560717,0.43941657242560717,16,3,13,13,106,0.015056157974413509,680.6666666666666,0.9243999957107008,291
3024,100,7,43.91860753966132,0.43918607539661325,0.43918607539661325,16,5,13,13,114,0.023049702899044178,330.0,1.2931000092066824,651
3025,100,1,43.904754794367825,0.43904754794367823,0.43904754794367823,14,1,13,13,102,0.013852745293370106,2014.0,1.0074999881908298,99
3026,100,4,43.88910140686614,0.4388910140686614,0.4388910140686614,11,4,7,7,108,0.015653387501444627,514.0,1.0606999858282506,384
3027,100,3,43.874188382907654,0.43874188382907653,0.43874188382907653,16,3,13,13,106,0.014913023958285976,680.6666666666666,1.0825999779626727,291
3028,100,4,43.85988300558379,0.4385988300558379,0.4385988300558379,10,3,7,7,108,0.014305377323623247,587.3333333333334,1.0733000235632062,384
3029,100,4,43.84532355724863,0.43845323557248633,0.43845323557248633,12,3,9,9,108,0.014559448334907188,520.6666666666666,1.2262000236660242,384
3030,100,8,43.816074034978904,0.438160740349789,0.438160740349789,19,7,13,13,116,0.029249522269374495,288.2857142857143,1.0848999954760075,736
3031,100,5,43.79901373699432,0.4379901373699432,0.4379901373699432,15,4,11,11,110,0.017060297984315298,469.0,1.0871000122278929,475
3032,100,4,43.777577071529336,0.4377757707152934,0.4377757707152934,20,3,17,17,108,0.021436665464754867,667.3333333333334,1.0257000103592873,384
3033,100,5,43.759389605594386,0.43759389605594384,0.43759389605594384,14,3,11,11,110,0.01818746593467324,547.3333333333334,2.3533999919891357,475
3034,100,6,43.74024967264697,0.4374024967264697,0.4374024967264697,15,5,11,11,112,0.019139932947105365,390.0,0.9758999804034829,564
3035,100,0,43.726933043023834,0.43726933043023836,0.43726933043023836,11,11,11,11,0,0.013316629623133736,17.0,0.12179999612271786,0
3036,100,6,43.70693387369584,0.4370693387369584,0.4370693387369584,14,4,11,11,112,0.019999169327682864,434.0,0.9655000176280737,564
3037,100,7,43.68281118193511,0.4368281118193511,0.4368281118193511,21,7,16,16,114,0.02412269176039672,299.7142857142857,0.9571999544277787,651
3038,100,4,43.66779339980852,0.4366779339980852,0.4366779339980852,13,4,10,10,108,0.015017782126363954,514.0,1.0318999993614852,384
3039,100,10,43.644565083852484,0.4364456508385248,0.4364456508385248,17,7,12,12,120,0.023228315955599044,239.71428571428572,1.2651999713853002,900
3040,100,5,43.62757521131711,0.4362757521131711,0.4362757521131711,16,4,13,13,110,0.016989872535113193,489.0,1.2544000055640936,475
3041,100,5,43.6112289126883,0.436112289126883,0.436112289126883,12,5,8,8,110,0.016346298628533873,414.0,1.2381999986246228,475
3042,100,7,43.589201504616184,0.4358920150461618,0.4358920150461618,16,5,11,11,114,0.02202740807179282,366.0,1.158099970780313,651
3043,100,9,43.56388109979983,0.4356388109979983,0.4356388109979983,21,8,16,16,118,0.02532040481594322,231.5,0.8639000006951392,819
3044,100,3,43.54693267750915,0.4354693267750915,0.4354693267750915,19,3,16,16,106,0.016948422290468557,680.6666666666666,1.054299995303154,291
3045,100,3,43.530986659256534,0.4353098665925653,0.4353098665925653,12,3,9,9,106,0.015946018252407157,680.6666666666666,1.0814000270329416,291
3046,100,5,43.5139957865446,0.43513995786544596,0.43513995786544596,16,5,11,11,110,0.016990872711659222,414.0,1.2108999653719366,475
3047,100,3,43.49865761837937,0.43498657618379366,0.43498657618379366,13,3,10,10,106,0.015338168165023092,680.6666666666666,0.990999978967011,291
3048,100,6,43.47603953026317,0.4347603953026317,0.4347603953026317,18,6,13,13,112,0.022618088115905266,347.3333333333333,1.8348000012338161,564
3049,100,4,43.45661953963621,0.4345661953963621,0.4345661953963621,19,4,15,15,108,0.019419990626730055,514.0,1.123800000641495,384
3050,100,5,43.435853634143214,0.4343585363414321,0.4343585363414321,17,5,12,12,110,0.02076590549270918,414.0,1.1752999853342772,475
3051,100,2,43.41795114317572,0.4341795114317572,0.4341795114317572,21,2,20,20,104,0.017902490967323104,1014.0,1.0505999671295285,196
3052,100,8,43.39259370293535,0.4339259370293535,0.4339259370293535,21,6,15,15,116,0.02535744024001474,320.6666666666667,0.8874000050127506,736
3053,100,3,43.37205637883072,0.4337205637883072,0.4337205637883072,20,3,18,18,106,0.02053732410441711,680.6666666666666,0.9507999639026821,291
3054,100,3,43.35227540449052,0.4335227540449052,0.4335227540449052,23,3,21,21,106,0.019780974340008584,680.6666666666666,1.0222999844700098,291
3055,100,4,43.32925715580668,0.4332925715580668,0.4332925715580668,20,4,16,16,108,0.023018248683598586,514.0,1.0415000142529607,384
3056,100,6,43.31051224212346,0.43310512242123456,0.43310512242123456,19,5,16,16,112,0.018744913682930076,398.0,1.0840999893844128,564
3057,100,3,43.29030242630243,0.4329030242630243,0.4329030242630243,21,3,18,18,106,0.020209815820805943,680.6666666666666,1.0979999788105488,291
3058,100,5,43.26922978978851,0.4326922978978851,0.4326922978978851,16,4,13,13,110,0.021072636513657983,489.0,1.3049999834038317,475
3059,100,11,43.23897570684854,0.4323897570684854,0.4323897570684854,25,9,18,18,122,0.030254082939521254,225.11111111111111,1.0630000033415854,979
3060,100,5,43.216981368642834,0.4321698136864283,0.4321698136864283,21,5,16,16,110,0.021994338205431063,414.0,1.0234999936074018,475
3061,100,10,43.185835618888305,0.4318583561888831,0.4318583561888831,25,9,19,19,120,0.03114574975411699,214.0,0.9064000332728028,900
3062,100,4,43.17102185576626,0.4317102185576626,0.4317102185576626,13,3,11,11,108,0.014813763121800605,634.0,1.2531999964267015,384
3063,100,5,43.14507981212033,0.4314507981212033,0.4314507981212033,24,5,19,19,110,0.02594204364564945,414.0,1.179999962914735,475
3064,100,4,43.125409493028954,0.43125409493028954,0.43125409493028954,21,4,17,17,108,0.01967031909111938,514.0,0.9459999855607748,384
3065,100,5,43.104286802688144,0.4310428680268814,0.4310428680268814,26,5,21,21,110,0.02112269034056169,414.0,0.8782999939285219,475
3066,100,6,43.082294930529045,0.43082294930529047,0.43082294930529047,21,5,16,16,112,0.02199187215877174,382.0,0.8351000142283738,564
3067,100,6,43.06341212064821,0.4306341212064821,0.4306341212064821,17,6,13,13,112,0.01888280988054447,347.3333333333333,1.0492999572306871,564
3068,100,3,43.04710813807377,0.4304710813807377,0.4304710813807377,16,3,13,13,106,0.016303982574243037,680.6666666666666,1.0976000339724123,291
3069,100,4,43.0304403439145,0.430304403439145,0.430304403439145,15,2,13,13,108,0.016667794159033633,834.0,0.8647000067867339,384
3070,100,6,43.009334893385436,0.43009334893385437,0.43009334893385437,22,5,17,17,112,0.021105450528743575,398.0,1.0531999869272113,564
3071,100,5,42.98519158511636,0.4298519158511636,0.4298519158511636,19,5,14,14,110,0.02414330826880473,414.0,1.1635000118985772,475
3072,100,5,42.96418236015791,0.42964182360157915,0.42964182360157915,18,5,14,14,110,0.021009224958191908,414.0,0.8997999830171466,475
3073,100,7,42.93711648646061,0.4293711648646061,0.4293711648646061,19,6,15,15,114,0.027065873696955123,324.0,1.0886999662034214,651
3074,100,3,42.919899922893876,0.4291989992289388,0.4291989992289388,21,3,18,18,106,0.017216563566520904,680.6666666666666,0.8151000365614891,291
3075,100,1,42.9026786247217,0.429026786247217,0.429026786247217,18,1,17,17,102,0.017221298172053423,2014.0,0.9951000101864338,99
3076,100,12,42.87245594235523,0.4287245594235523,0.4287245594235523,25,8,18,18,124,0.030222682365995013,216.5,0.8333000005222857,1056
3077,100,6,42.850087372064344,0.42850087372064344,0.42850087372064344,18,5,14,14,112,0.022368570290581147,398.0,1.1172000085934997,564
3078,100,1,42.838955453646065,0.42838955453646066,0.42838955453646066,11,1,10,10,102,0.011131918418136877,2014.0,0.8971000206656754,99
3079,100,2,42.8230703107114,0.42823070310711403,0.42823070310711403,18,2,16,16,104,0.015885142934507712,1014.0,1.1288999812677503,196
3080,100,8,42.8011645965653,0.428011645965653,0.428011645965653,18,6,13,13,116,0.021905714145738386,277.3333333333333,1.1901999823749065,736
3081,100,4,42.78080294052894,0.42780802940528945,0.42780802940528945,22,4,18,18,108,0.020361656036115505,514.0,0.9636000031605363,384
3082,100,0,42.76251627511075,0.42762516275110746,0.42762516275110746,15,15,15,15,0,0.01828666541820212,17.0,0.15330000314861536,0
3083,100,1,42.74816565668148,0.4274816565668148,0.4274816565668148,14,1,14,14,102,0.014350618429126882,2014.0,1.0239999974146485,99
3084,100,4,42.73061672229187,0.4273061672229187,0.4273061672229187,14,3,12,12,108,0.01754893438935312,614.0,1.10959995072335,384
3085,100,6,42.71118525291976,0.42711185252919764,0.42711185252919764,16,6,11,11,112,0.019431469371802734,347.3333333333333,1.0652000200934708,564
3086,100,2,42.69484636586636,0.4269484636586636,0.4269484636586636,15,2,13,13,104,0.016338887053237272,1014.0,1.1150999926030636,196
3087,100,7,42.672611268559756,0.42672611268559757,0.42672611268559757,20,6,15,15,114,0.022235097306264606,294.0,1.0315999970771372,651
3088,100,7,42.650516877395034,0.42650516877395034,0.42650516877395034,21,6,16,16,114,0.02209439116437295,334.0,1.1022999533452094,651
3089,100,6,42.630778382357825,0.42630778382357826,0.42630778382357826,16,4,13,13,112,0.01973849503691838,454.0,1.1665000347420573,564
3090,100,6,42.60798051623875,0.42607980516238747,0.42607980516238747,18,6,13,13,112,0.02279786611875778,347.3333333333333,1.1983999866060913,564
3091,100,7,42.58433417315523,0.42584334173155225,0.42584334173155225,20,6,15,15,114,0.023646343083179033,314.0,1.1365999816916883,651
3092,100,6,42.56256691115243,0.42562566911152433,0.42562566911152433,20,5,16,16,112,0.02176726200251977,378.0,1.1809999705292284,564
3093,100,4,42.541788373340886,0.42541788373340883,0.42541788373340883,20,4,18,18,108,0.020778537811281694,514.0,1.0234999936074018,384
3094,100,0,42.51909216803946,0.4251909216803946,0.4251909216803946,20,20,20,20,0,0.022696205301429018,17.0,0.14130002819001675,0
3095,100,11,42.489756261664006,0.4248975626166401,0.4248975626166401,21,8,16,16,122,0.029335906375010268,239.0,1.0914999875240028,979
3096,100,8,42.46331043394839,0.4246331043394839,0.4246331043394839,26,8,19,19,116,0.026445827715249948,264.0,1.0799000156112015,736
3097,100,4,42.44780206452728,0.4244780206452728,0.4244780206452728,14,3,11,11,108,0.015508369420871304,527.3333333333334,0.9579999605193734,384
3098,100,8,42.423476944153435,0.4242347694415344,0.4242347694415344,21,7,15,15,116,0.024325120373475784,288.2857142857143,0.9739999659359455,736
3099,100,1,42.40934845354196,0.4240934845354196,0.4240934845354196,15,1,14,14,102,0.014128490611348354,2014.0,0.986300001386553,99
3100,100,8,42.38624224212899,0.4238624224212899,0.4238624224212899,15,6,12,12,116,0.023106211412596167,250.66666666666666,1.2388000031933188,736
3101,100,7,42.366964843762084,0.42366964843762084,0.42366964843762084,15,6,10,10,114,0.019277398366583043,294.0,1.2253000168129802,651
3102,100,5,42.34876412382355,0.4234876412382355,0.4234876412382355,16,4,13,13,110,0.018200719938270993,414.0,1.243300037458539,475
3103,100,5,42.33102275723524,0.42331022757235237,0.42331022757235237,13,4,9,9,110,0.017741366588012397,459.0,1.2182000209577382,475
3104,100,6,42.31311561157471,0.4231311561157471,0.4231311561157471,16,5,12,12,112,0.017907145660238655,362.0,1.1768000549636781,564
3105,100,3,42.29883694684867,0.42298836946848667,0.42298836946848667,13,2,13,13,106,0.014278664725821955,904.0,0.914999982342124,291
3106,100,7,42.27601502342722,0.4227601502342722,0.4227601502342722,21,5,17,17,114,0.02282192342110534,342.0,1.1905999854207039,651
3107,100,3,42.25882849752952,0.4225882849752952,0.4225882849752952,18,3,15,15,106,0.01718652589748615,680.6666666666666,1.0633000056259334,291
3108,100,6,42.233224275660305,0.422332242756603,0.422332242756603,21,6,16,16,112,0.025604221868924526,347.3333333333333,1.0502999648451805,564
3109,100,5,42.21509784293104,0.4221509784293104,0.4221509784293104,14,5,9,9,110,0.01812643272900516,414.0,1.0342999594286084,475
3110,100,3,42.19855556910473,0.4219855556910473,0.4219855556910473,15,3,12,12,106,0.016542273826097187,680.6666666666666,1.0408000089228153,291
3111,100,3,42.182617541004994,0.42182617541004996,0.42182617541004996,17,3,15,15,106,0.015938028099505175,680.6666666666666,1.2059000437147915,291
3112,100,4,42.16448018339326,0.4216448018339326,0.4216448018339326,16,4,12,12,108,0.01813735761150781,514.0,1.1147999903187156,384
3113,100,3,42.1502176316399,0.42150217631639897,0.42150217631639897,12,3,10,10,106,0.0142625517531485,680.6666666666666,1.1292999843135476,291
3114,100,5,42.12754234170117,0.42127542341701174,0.42127542341701174,15,4,12,12,110,0.022675289938433707,484.0,0.9948000079020858,475
3115,100,7,42.1090054782832,0.421090054782832,0.421090054782832,16,5,11,11,114,0.01853686341763705,338.0,0.7984999683685601,651
3116,100,7,42.08587405262971,0.4208587405262971,0.4208587405262971,13,6,10,10,114,0.02313142565314763,310.6666666666667,0.8731999550946057,651
3117,100,6,42.067569996359055,0.42067569996359055,0.42067569996359055,12,4,9,9,112,0.01830405627034537,459.0,0.9073999826796353,564
3118,100,4,42.054349382917984,0.4205434938291798,0.4205434938291798,10,3,7,7,108,0.013220613440829254,620.6666666666666,0.853799981996417,384
3119,100,3,42.04241369713306,0.4204241369713306,0.4204241369713306,9,3,7,7,106,0.011935685784727923,680.6666666666666,1.0680000414140522,291
3120,100,6,42.02244055208552,0.4202244055208552,0.4202244055208552,12,5,7,7,112,0.019973145047231355,326.0,1.0691999923437834,564
3121,100,4,42.006488016872744,0.42006488016872745,0.42006488016872745,12,4,9,9,108,0.01595253521251294,514.0,0.9151999838650227,384
3122,100,3,41.99207620366979,0.41992076203669787,0.41992076203669787,14,3,12,12,106,0.014411813202755752,680.6666666666666,1.067599980160594,291
3123,100,5,41.972451829178105,0.41972451829178103,0.41972451829178103,19,5,14,14,110,0.019624374491421293,414.0,0.9761999826878309,475
3124,100,7,41.95632146506558,0.41956321465065577,0.41956321465065577,8,4,5,5,114,0.016130364112193263,234.0,1.109300006646663,651
3125,100,5,41.93824257155993,0.4193824257155993,0.4193824257155993,16,4,13,13,110,0.018078893505339977,484.0,1.0727999615482986,475
3126,100,3,41.9209588574637,0.419209588574637,0.419209588574637,14,3,12,12,106,0.017283714096009817,680.6666666666666,1.0638999519869685,291
3127,100,3,41.90823610017319,0.4190823610017319,0.4190823610017319,11,3,10,10,106,0.012722757290298148,680.6666666666666,1.0749000357463956,291
3128,100,3,41.892518200977214,0.41892518200977213,0.41892518200977213,15,3,12,12,106,0.015717899195784923,680.6666666666666,1.0698999976739287,291
3129,100,7,41.87194958080376,0.4187194958080376,0.4187194958080376,11,4,7,7,112,0.020568620173108343,274.0,1.2947000213898718,651
3130,100,5,41.85780171509361,0.41857801715093607,0.41857801715093607,9,3,6,6,110,0.014147865709880136,347.3333333333333,0.9299000375904143,475
3131,100,3,41.84163068319466,0.4184163068319466,0.4184163068319466,13,3,11,11,106,0.01617103189875735,680.6666666666666,0.8038000087253749,291
3132,100,8,41.81878209151342,0.4181878209151342,0.4181878209151342,15,7,10,10,116,0.022848591680848074,276.85714285714283,1.0294000385329127,736
3133,100,5,41.79957969804561,0.41799579698045614,0.41799579698045614,16,4,12,12,110,0.01920239346754471,454.0,0.9923999896273017,475
3134,100,6,41.77961991956709,0.4177961991956709,0.4177961991956709,18,6,12,12,112,0.01995977847820285,347.3333333333333,1.120000029914081,564
3135,100,6,41.75744967499215,0.41757449674992153,0.41757449674992153,18,4,15,15,110,0.022170244574624576,484.0,1.4374000020325184,564
3136,100,5,41.73528904848821,0.4173528904848821,0.4173528904848821,21,5,19,19,110,0.02216062650365558,414.0,0.9842000436037779,475
3137,100,5,41.713526243817995,0.41713526243817994,0.41713526243817994,23,5,18,18,110,0.0217628046699474,414.0,0.965900020673871,475
3138,100,6,41.69517730335119,0.4169517730335119,0.4169517730335119,15,5,12,12,112,0.018348940466502484,362.0,0.9774999925866723,564
3139,100,5,41.674863240513574,0.4167486324051357,0.4167486324051357,20,5,15,15,110,0.020314062837321956,414.0,0.8951000054366887,475
3140,100,8,41.65263845120818,0.41652638451208185,0.41652638451208185,19,6,14,14,116,0.022224789305028025,324.0,0.9985999786294997,736
3141,100,7,41.62825163432039,0.4162825163432039,0.4162825163432039,19,6,16,16,114,0.024386816887449925,310.6666666666667,1.1069000465795398,651
3142,100,5,41.60911243343591,0.41609112433435913,0.41609112433435913,18,5,15,15,110,0.019139200884197294,414.0,1.0876000160351396,475
3143,100,5,41.59179202930159,0.4159179202930159,0.4159179202930159,15,4,12,12,110,0.017320404134054,479.0,1.0602000402286649,475
3144,100,5,41.56849702397029,0.41568497023970286,0.41568497023970286,23,5,19,19,110,0.023295005331021912,414.0,1.1966999736614525,475
3145,100,3,41.54993863440315,0.4154993863440315,0.4154993863440315,21,3,18,18,106,0.018558389566933897,680.6666666666666,1.0889999684877694,291
3146,100,7,41.52482233693397,0.41524822336933975,0.41524822336933975,23,6,21,21,114,0.025116297468834148,327.3333333333333,1.0305999894626439,651
3147,100,6,41.50220505094271,0.41502205050942714,0.41502205050942714,17,5,13,13,110,0.022617285990939706,410.0,1.1402000091038644,564
3148,100,7,41.47785082601561,0.4147785082601561,0.4147785082601561,25,6,19,19,114,0.024354224926774748,327.3333333333333,1.1413000174798071,651
3149,100,2,41.4639171739531,0.414639171739531,0.414639171739531,15,2,13,13,104,0.01393365206234165,1014.0,1.1847999994643033,196
3150,100,4,41.44820588690755,0.4144820588690755,0.4144820588690755,13,3,12,12,108,0.015711287045299116,634.0,1.137100043706596,384
3151,100,3,41.431529067975504,0.41431529067975503,0.41431529067975503,15,3,13,13,106,0.016676818931834703,680.6666666666666,1.0003999923355877,291
3152,100,6,41.40790029452594,0.4140790029452594,0.4140790029452594,18,5,14,14,112,0.02362877344924641,394.0,0.9221999789588153,564
3153,100,4,41.39213130218354,0.41392131302183544,0.41392131302183544,16,3,13,13,108,0.01576899234216711,667.3333333333334,1.0730000212788582,384
3154,100,4,41.37184331250739,0.4137184331250739,0.4137184331250739,16,3,13,13,108,0.02028798967590717,620.6666666666666,1.3866000226698816,384
3155,100,9,41.34750706020437,0.4134750706020437,0.4134750706020437,21,6,16,16,118,0.024336252302610717,250.66666666666666,1.0001000482589006,819
3156,100,1,41.334307889208354,0.41334307889208355,0.41334307889208355,8,1,8,8,102,0.013199170995868315,2014.0,1.0239999974146485,99
3157,100,5,41.31592767370377,0.4131592767370377,0.4131592767370377,16,4,13,13,110,0.01838021550432245,454.0,1.0718000121414661,475
3158,100,5,41.29972394621604,0.4129972394621604,0.4129972394621604,10,4,6,6,108,0.01620372748743648,509.0,0.8730000117793679,475
3159,100,4,41.28648809843054,0.4128648809843054,0.4128648809843054,10,3,7,7,108,0.01323584778525344,574.0,1.0349000222049654,384
3160,100,5,41.2696917598677,0.412696917598677,0.412696917598677,11,5,7,7,110,0.016796338562564017,414.0,1.2591000413522124,475
3161,100,8,41.2481630889646,0.412481630889646,0.412481630889646,13,5,8,8,116,0.021528670902732472,286.0,1.1451999889686704,736
3162,100,8,41.22764690947471,0.4122764690947471,0.4122764690947471,14,5,9,9,116,0.020516179489519004,354.0,0.8966000168584287,736
3163,100,1,41.21197816331643,0.4121197816331643,0.4121197816331643,11,1,10,10,102,0.015668746158119973,2014.0,0.8765999809838831,99
3164,100,7,41.188598603759516,0.4118859860375952,0.4118859860375952,17,7,11,11,114,0.023379559556580887,299.7142857142857,1.8296999623999,651
3165,100,1,41.175720441277676,0.41175720441277674,0.41175720441277674,12,1,11,11,102,0.012878162481698041,2014.0,1.1423000250943005,99
3166,100,8,41.15409335473986,0.41154093354739857,0.41154093354739857,17,6,13,13,116,0.021627086537435503,290.6666666666667,1.1572999646887183,736
3167,100,4,41.1388565126411,0.411388565126411,0.411388565126411,15,4,11,11,108,0.015236842098502734,514.0,0.7271000067703426,384
3168,100,4,41.1194525786062,0.411194525786062,0.411194525786062,20,4,16,16,108,0.019403934034656345,514.0,1.0790000087581575,384
3169,100,0,41.105595300363184,0.41105595300363185,0.41105595300363185,13,13,13,13,0,0.013857278243037285,17.0,0.15699997311457992,0
3170,100,8,41.08150445401836,0.4108150445401836,0.4108150445401836,18,7,12,12,116,0.0240908463444498,259.7142857142857,1.0310999932698905,736
3171,100,9,41.056577766596476,0.41056577766596475,0.41056577766596475,19,7,14,14,118,0.024926687421476856,259.7142857142857,1.0879000183194876,819
3172,100,7,41.034854954339046,0.41034854954339045,0.41034854954339045,18,5,14,14,114,0.02172281225707451,286.0,1.0863000061362982,651
3173,100,5,41.016331784733794,0.41016331784733795,0.41016331784733795,17,4,13,13,108,0.018523169604975465,509.0,0.7851000409573317,475
3174,100,2,41.000806526264164,0.41000806526264166,0.41000806526264166,15,2,14,14,104,0.015525258469459402,1014.0,0.9544999920763075,196
3175,100,3,40.98314702830225,0.40983147028302247,0.40983147028302247,18,3,16,16,106,0.017659497961716397,680.6666666666666,0.965000013820827,291
3176,100,4,40.965288254450684,0.4096528825445068,0.4096528825445068,16,4,12,12,108,0.017858773851330056,514.0,0.5555999814532697,384
3177,100,4,40.94486606791176,0.4094486606791176,0.4094486606791176,20,4,17,17,108,0.020422186538688436,514.0,0.742600008379668,384
3178,100,7,40.92003088472767,0.4092003088472767,0.4092003088472767,19,6,15,15,114,0.02483518318374678,317.3333333333333,1.8611999694257975,651
3179,100,5,40.90153319115825,0.4090153319115825,0.4090153319115825,14,4,11,11,110,0.018497693569138107,444.0,0.9571000118739903,475
3180,100,6,40.88096703083898,0.4088096703083898,0.4088096703083898,18,6,12,12,112,0.02056616031895686,347.3333333333333,1.070300000719726,564
3181,100,7,40.856357911303135,0.40856357911303137,0.40856357911303137,22,6,19,19,114,0.024609119535512036,324.0,1.0683000436984003,651
3182,100,4,40.84180064878178,0.4084180064878178,0.4084180064878178,14,3,12,12,108,0.014557262521108782,660.6666666666666,1.1002999963238835,384
3183,100,9,40.81699262364948,0.40816992623649484,0.40816992623649484,21,7,16,16,118,0.024808025131896727,262.57142857142856,1.0415000142529607,819
3184,100,3,40.79917276276774,0.4079917276276774,0.4079917276276774,21,3,18,18,106,0.017819860881530758,680.6666666666666,1.0893000289797783,291
3185,100,5,40.77782822142357,0.4077782822142357,0.4077782822142357,20,4,16,16,110,0.021344541343907508,479.0,1.1079999967478216,475
3186,100,3,40.75924505324323,0.40759245053243226,0.40759245053243226,15,3,14,14,106,0.018583168180121845,680.6666666666666,1.0442999773658812,291
3187,100,7,40.7383399426818,0.40738339942681795,0.40738339942681795,17,7,13,13,114,0.02090511056108113,299.7142857142857,1.0712000075727701,651
3188,100,4,40.72077006772394,0.4072077006772394,0.4072077006772394,18,4,14,14,108,0.017569874957601428,514.0,1.0488000116311014,384
3189,100,3,40.70167859628271,0.4070167859628271,0.4070167859628271,20,3,17,17,106,0.019091471441008423,680.6666666666666,1.0508999694138765,291
3190,100,6,40.6850486385246,0.406850486385246,0.406850486385246,14,3,11,11,112,0.016629957757800184,407.3333333333333,1.0097000049427152,564
3191,100,5,40.661570325864155,0.40661570325864155,0.40661570325864155,21,5,17,17,110,0.02347831266018119,414.0,0.9207999682985246,475
3192,100,8,40.63735601157148,0.4063735601157148,0.4063735601157148,19,6,15,15,116,0.024214314292301253,294.0,0.9801000123843551,736
3193,100,3,40.621449862658494,0.40621449862658493,0.40621449862658493,15,3,13,13,106,0.015906148912755214,680.6666666666666,0.970299995969981,291
3194,100,2,40.604174220185044,0.40604174220185046,0.40604174220185046,17,2,15,15,104,0.017275642473286723,1014.0,1.0042000212706625,196
3195,100,5,40.57988435288933,0.4057988435288933,0.4057988435288933,22,5,17,17,110,0.0242898672954297,414.0,0.9684000397101045,475
3196,100,5,40.56092694874964,0.40560926948749637,0.40560926948749637,16,5,12,12,110,0.018957404139413825,414.0,0.94369996804744,475
3197,100,5,40.53995375734438,0.40539953757344377,0.40539953757344377,20,5,15,15,110,0.020973191404976887,414.0,1.585999969393015,475
3198,100,2,40.52134725838511,0.40521347258385115,0.40521347258385115,20,2,18,18,104,0.018606498959087503,1014.0,0.4860999761149287,196
3199,100,8,40.4960283105642,0.40496028310564197,0.40496028310564197,21,6,16,16,116,0.025318947820544224,314.0,0.89490000391379,736
3200,100,3,40.479897149158006,0.40479897149158006,0.40479897149158006,19,3,16,16,106,0.01613116140597981,680.6666666666666,0.6477999850176275,291
3201,100,8,40.45558571654549,0.40455585716545495,0.40455585716545495,21,7,14,14,116,0.02431143261213009,276.85714285714283,1.0786000057123601,736
3202,100,8,40.42858126614826,0.40428581266148256,0.40428581266148256,23,6,18,18,116,0.027004450396866275,314.0,1.285600010305643,736
3203,100,7,40.40179505945123,0.4040179505945123,0.4040179505945123,25,7,19,19,114,0.02678620669668419,299.7142857142857,0.9039000142365694,651
3204,100,4,40.38649331790306,0.4038649331790306,0.4038649331790306,12,4,10,10,108,0.015301741547936842,514.0,0.5188999930396676,384
3205,100,8,40.36152278740442,0.4036152278740442,0.4036152278740442,24,8,16,16,116,0.02497053049827258,264.0,1.3735999818891287,736
3206,100,1,40.34740215794946,0.4034740215794946,0.4034740215794946,17,1,16,16,102,0.01412062945482262,2014.0,1.0427000233903527,99
3207,100,3,40.33313204012562,0.4033313204012562,0.4033313204012562,14,3,11,11,106,0.01427011782361376,680.6666666666666,1.110800018068403,291
3208,100,5,40.31233713237334,0.4031233713237334,0.4031233713237334,17,5,13,13,110,0.020794907752012648,414.0,0.8212000248022377,475
3209,100,2,40.299555150694374,0.4029955515069437,0.4029955515069437,12,1,11,11,104,0.012781981678777754,1974.0,0.9578999597579241,196
3210,100,3,40.2839918480196,0.402839918480196,0.402839918480196,13,3,10,10,106,0.015563302674543422,680.6666666666666,1.2153999996371567,291
3211,100,2,40.26943499097841,0.4026943499097841,0.4026943499097841,13,2,13,13,104,0.014556857041014837,1014.0,0.9568999521434307,196
3212,100,2,40.25617182823384,0.4025617182823384,0.4025617182823384,11,2,9,9,104,0.013263162744408419,1014.0,1.0337000130675733,196
3213,100,3,40.23775274278514,0.4023775274278514,0.4023775274278514,16,3,13,13,106,0.01841908544848536,680.6666666666666,1.055800006724894,291
3214,100,5,40.22061653307866,0.4022061653307866,0.4022061653307866,12,4,9,9,110,0.017136209706201555,494.0,1.1397000052966177,475
3215,100,6,40.20736337376157,0.4020736337376157,0.4020736337376157,8,3,7,7,112,0.013253159316775509,414.0,2.7498999843373895,564
3216,100,4,40.19171032870661,0.40191710328706615,0.40191710328706615,14,4,10,10,108,0.01565304505469811,514.0,1.2892000377178192,384
3217,100,9,40.165397786490075,0.40165397786490076,0.40165397786490076,20,7,13,13,118,0.026312542216118118,276.85714285714283,0.9246999979950488,819
3218,100,7,40.14281045007789,0.40142810450077887,0.40142810450077887,18,5,13,13,114,0.022587336411845627,362.0,1.0109000140801072,651
3219,100,10,40.11855816227148,0.40118558162271484,0.40118558162271484,19,5,14,14,120,0.024252287805978767,274.0,0.8407999994233251,900
3220,100,3,40.10173332537571,0.4010173332537571,0.4010173332537571,20,3,17,17,106,0.016824836895558803,680.6666666666666,1.1287000379525125,291
3221,100,6,40.08410099535175,0.40084100995351746,0.40084100995351746,16,3,14,14,112,0.017632330023658938,560.6666666666666,1.108399999793619,564
3222,100,6,40.06458591147586,0.4006458591147586,0.4006458591147586,15,6,10,10,112,0.0195150838755751,347.3333333333333,1.110500015784055,564
3223,100,1,40.052852444923225,0.40052852444923226,0.40052852444923226,12,1,11,11,102,0.011733466552456662,2014.0,1.1537999962456524,99
3224,100,4,40.038807585223566,0.4003880758522357,0.4003880758522357,10,3,7,7,108,0.014044859699410495,547.3333333333334,0.9592999704182148,384
3225,100,1,40.029653038439974,0.4002965303843997,0.4002965303843997,7,1,6,6,102,0.009154546783456396,2014.0,1.5962999896146357,99
3226,100,1,40.017249444726176,0.4001724944472618,0.4001724944472618,8,1,7,7,102,0.012403593713649741,2014.0,1.368700002785772,99
3227,100,9,39.99479178134808,0.39994791781348077,0.39994791781348077,14,6,10,10,118,0.0224576633777005,257.3333333333333,1.2952000251971185,819
3228,100,5,39.975683357468945,0.39975683357468944,0.39975683357468944,14,5,10,10,110,0.01910842387883349,414.0,1.0101000079885125,475
3229,100,5,39.962308378556,0.39962308378556005,0.39962308378556005,8,3,6,6,110,0.01337497891266537,540.6666666666666,0.7887000101618469,475
3230,100,5,39.946170989498,0.39946170989498,0.39946170989498,10,4,8,8,110,0.0161373890577039,454.0,1.3193999766372144,475
3231,100,5,39.93146686196892,0.39931466861968923,0.39931466861968923,11,4,8,8,110,0.01470412752878758,489.0,0.8871000027284026,475
3232,100,6,39.915255233814,0.39915255233814,0.39915255233814,9,4,7,7,112,0.016211628154607638,344.0,1.1594999814406037,564
3233,100,5,39.8974998957443,0.39897499895744304,0.39897499895744304,13,5,8,8,110,0.01775533806942775,414.0,1.0864000068977475,475
3234,100,6,39.8803973677634,0.398803973677634,0.398803973677634,12,5,7,7,112,0.0171025279805761,362.0,0.9914999827742577,564
3235,100,14,39.85251881633607,0.39852518816336074,0.39852518816336074,18,8,10,10,128,0.027878551426773868,171.5,1.058399968314916,1204
3236,100,3,39.83690308788392,0.3983690308788392,0.3983690308788392,11,3,8,8,106,0.015615728451940925,680.6666666666666,1.1269999668002129,291
3237,100,5,39.81871685040966,0.3981871685040966,0.3981871685040966,15,3,12,12,110,0.018186237473997835,540.6666666666666,0.5333000444807112,475
3238,100,5,39.800460909031855,0.39800460909031854,0.39800460909031854,17,4,13,13,110,0.01825594137751807,399.0,1.0259999544359744,475
3239,100,5,39.787932986381506,0.3978793298638151,0.3978793298638151,8,2,6,6,110,0.012527922650072298,514.0,1.1998999980278313,475
3240,100,7,39.766179690957024,0.39766179690957026,0.39766179690957026,18,5,14,14,114,0.021753295424133512,342.0,1.2170999543741345,651
3241,100,4,39.748431714175524,0.39748431714175525,0.39748431714175525,16,4,12,12,108,0.0177479767812585,514.0,1.102500013075769,384
3242,100,3,39.735555785652096,0.39735555785652094,0.39735555785652094,12,3,10,10,106,0.012875928523214952,680.6666666666666,1.5929000219330192,291
3243,100,6,39.71748933925765,0.39717489339257644,0.39717489339257644,14,3,11,11,112,0.018066446394129798,534.0,0.9951000101864338,564
3244,100,5,39.69977930773797,0.3969977930773797,0.3969977930773797,12,5,8,8,110,0.01771003151938544,414.0,1.0198999661952257,475
3245,100,6,39.682460793692414,0.39682460793692415,0.39682460793692415,12,4,9,9,112,0.01731851404525031,409.0,0.9704999974928796,564
3246,100,9,39.66148393932489,0.3966148393932489,0.3966148393932489,15,6,10,10,118,0.020976854367106057,250.66666666666666,1.027700025588274,819
3247,100,5,39.64541654915142,0.3964541654915142,0.3964541654915142,14,3,11,11,110,0.016067390173176932,507.3333333333333,1.0015000007115304,475
3248,100,5,39.623120341806846,0.39623120341806845,0.39623120341806845,20,5,15,15,110,0.022296207344318475,414.0,0.8288000244647264,475
3249,100,0,39.61678243580618,0.3961678243580618,0.3961678243580618,10,10,10,10,0,0.006337906000666749,17.0,0.15539996093139052,0
3250,100,2,39.59951350061248,0.3959951350061248,0.3959951350061248,10,2,8,8,104,0.017268935193506252,1014.0,1.0451999842189252,196
3251,100,8,39.58282413826509,0.3958282413826509,0.3958282413826509,11,3,11,11,116,0.016689362347008796,360.6666666666667,1.2315000058151782,736
3252,100,5,39.564457126740564,0.39564457126740565,0.39564457126740565,16,4,13,13,110,0.0183670115242478,444.0,1.012900029309094,475
3253,100,3,39.549665438734834,0.3954966543873483,0.3954966543873483,16,3,13,13,106,0.014791688005502124,680.6666666666666,0.9602999780327082,291
3254,100,5,39.531608466406226,0.39531608466406226,0.39531608466406226,15,5,10,10,110,0.018056972328317045,414.0,1.609400031156838,475
3255,100,3,39.51516043682682,0.3951516043682682,0.3951516043682682,18,3,15,15,106,0.016448029579215984,680.6666666666666,1.6118999919854105,291
3256,100,4,39.499306263180706,0.39499306263180706,0.39499306263180706,14,4,12,12,108,0.01585417364584174,514.0,0.7685000309720635,384
3257,100,8,39.47680188697501,0.3947680188697501,0.3947680188697501,14,6,10,10,116,0.022504376205326082,270.6666666666667,0.8862999966368079,736
3258,100,6,39.455071216849376,0.39455071216849374,0.39455071216849374,15,6,11,11,112,0.021730670125307938,347.3333333333333,0.9516999707557261,564
3259,100,6,39.429001846302455,0.3942900184630245,0.3942900184630245,22,6,18,18,112,0.02606937054660108,347.3333333333333,1.3553999597206712,564
3260,100,7,39.40483694556968,0.39404836945569677,0.39404836945569677,18,6,14,14,114,0.02416490073244404,337.3333333333333,0.9055000264197588,651
3261,100,11,39.37827330585562,0.3937827330585562,0.3937827330585562,15,5,11,11,122,0.026563639713593545,266.0,1.3236000086180866,979
3262,100,2,39.36208498940537,0.39362084989405366,0.39362084989405366,14,2,12,12,104,0.016188316450076456,1014.0,1.086499949451536,196
3263,100,8,39.338641920769746,0.39338641920769746,0.39338641920769746,20,7,16,16,116,0.023443068635231157,265.42857142857144,0.8361000218428671,736
3264,100,2,39.32164100175688,0.3932164100175688,0.3932164100175688,15,2,13,13,104,0.017000919012694737,1014.0,0.9772999910637736,196
3265,100,2,39.30651625006713,0.39306516250067136,0.39306516250067136,16,2,14,14,104,0.015124751689548077,1014.0,1.1088000028394163,196
3266,100,7,39.28342360730223,0.3928342360730223,0.3928342360730223,23,7,17,17,114,0.023092642764552807,299.7142857142857,0.8331999997608364,651
3267,100,3,39.26760369135612,0.39267603691356123,0.39267603691356123,16,3,13,13,106,0.01581991594591159,680.6666666666666,0.882200023625046,291
3268,100,7,39.248413710543595,0.39248413710543595,0.39248413710543595,16,4,12,12,114,0.019189980812200247,374.0,0.7634999928995967,651
3269,100,6,39.22580473413359,0.3922580473413359,0.3922580473413359,19,5,16,16,112,0.022608976409678405,378.0,1.6678000101819634,564
3270,100,3,39.20862394775568,0.39208623947755683,0.39208623947755683,19,2,17,17,106,0.017180786377700485,974.0,1.061099988874048,291
3271,100,5,39.18788664937721,0.3918788664937721,0.3918788664937721,17,5,14,14,110,0.02073729837820082,414.0,1.560600008815527,475
3272,100,3,39.169719910502465,0.39169719910502465,0.39169719910502465,18,3,16,16,106,0.018166738874548116,680.6666666666666,1.0818999726325274,291
3273,100,3,39.152105062432206,0.3915210506243221,0.3915210506243221,21,3,18,18,106,0.017614848070039102,680.6666666666666,0.9200000204145908,291
3274,100,2,39.135328186909,0.39135328186909,0.39135328186909,22,2,20,20,104,0.016776875523035528,1014.0,1.0656000231392682,196
3275,100,4,39.116002859778185,0.3911600285977819,0.3911600285977819,21,4,18,18,108,0.01932532713056645,514.0,0.9000999853014946,384
3276,100,8,39.09226196384539,0.39092261963845387,0.39092261963845387,20,7,14,14,116,0.023740895932419903,294.0,0.813300022855401,736
3277,100,7,39.06951459700716,0.39069514597007154,0.39069514597007154,17,5,14,14,114,0.022747366837869265,350.0,0.8453999762423337,651
3278,100,5,39.05021805219366,0.3905021805219366,0.3905021805219366,17,3,15,15,110,0.019296544813229843,587.3333333333334,1.413299993146211,475
3279,100,5,39.0313930330877,0.390313930330877,0.390313930330877,17,4,13,13,110,0.018825019105662477,479.0,1.4979999978095293,475
3280,100,5,39.013094286277585,0.39013094286277583,0.39013094286277583,14,4,11,11,110,0.01829874680984034,469.0,1.326699974015355,475
3281,100,5,38.99200405914011,0.38992004059140106,0.38992004059140106,12,4,8,8,110,0.021090227137200657,454.0,2.0883000106550753,475
3282,100,7,38.97038268424113,0.3897038268424113,0.3897038268424113,15,5,12,12,114,0.021621374898607826,330.0,1.0982999810948968,651
3283,100,8,38.948973499507694,0.38948973499507694,0.38948973499507694,18,5,13,13,114,0.021409184733080622,374.0,0.8932999917306006,736
3284,100,6,38.93357878142682,0.3893357878142682,0.3893357878142682,9,3,7,7,112,0.015394718080557368,354.0,1.1148000485263765,564
3285,100,7,38.910904933812915,0.3891090493381292,0.3891090493381292,20,6,14,14,114,0.02267384761357505,340.6666666666667,2.2473999997600913,651
3286,100,4,38.8927687194549,0.388927687194549,0.388927687194549,16,4,12,12,108,0.01813621435776014,514.0,0.9374999790452421,384
3287,100,4,38.87305346280552,0.38873053462805524,0.38873053462805524,19,4,15,15,108,0.019715256649142532,514.0,0.9858999983407557,384
3288,100,2,38.85837273213365,0.3885837273213365,0.3885837273213365,17,2,15,15,104,0.014680730671685183,1014.0,1.4921000110916793,196
3289,100,1,38.84525875139826,0.3884525875139826,0.3884525875139826,10,1,9,9,102,0.01311398073522696,2014.0,2.611700037959963,99
3290,100,5,38.82467053568285,0.3882467053568285,0.3882467053568285,20,5,16,16,110,0.020588215715143576,414.0,1.020600029733032,475
3291,100,3,38.807818243308574,0.3880781824330857,0.3880781824330857,13,2,12,12,106,0.016852292374053945,924.0,1.2737999786622822,291
3292,100,4,38.792135347204216,0.38792135347204215,0.38792135347204215,14,4,10,10,108,0.015682896104102895,514.0,1.0899999761022627,384
3293,100,5,38.77157548979093,0.3877157548979093,0.3877157548979093,22,5,17,17,110,0.02055985741302635,414.0,0.9126000222750008,475
3294,100,11,38.73717321123225,0.3873717321123225,0.3873717321123225,29,9,22,22,122,0.03440227855821831,207.33333333333334,2.1450999774970114,979
3295,100,6,38.712599265685476,0.38712599265685477,0.38712599265685477,23,6,17,17,112,0.02457394554647152,347.3333333333333,1.028299971949309,564
3296,100,7,38.69211840629244,0.38692118406292436,0.38692118406292436,19,5,16,16,114,0.02048085939266997,386.0,0.9772999910637736,651
3297,100,2,38.678038367108826,0.38678038367108825,0.38678038367108825,15,2,13,13,104,0.014080039183433257,1014.0,0.9749000309966505,196
3298,100,4,38.66099815824272,0.3866099815824272,0.3866099815824272,14,4,10,10,108,0.017040208865857664,514.0,1.2056000414304435,384
3299,100,4,38.64526624464191,0.38645266244641907,0.38645266244641907,13,4,9,9,108,0.01573191360053272,514.0,1.1232999968342483,384
3300,100,12,38.61865139445596,0.3861865139445596,0.3861865139445596,18,8,10,10,124,0.02661485018547438,231.5,1.865500002168119,1056
3301,100,4,38.60302043947639,0.3860302043947639,0.3860302043947639,12,3,9,9,108,0.015630954979314993,620.6666666666666,0.9974000276997685,384
3302,100,1,38.589931340152056,0.38589931340152056,0.38589931340152056,11,1,10,10,102,0.013089099324197662,2014.0,1.1359999771229923,99
3303,100,3,38.57301605531032,0.38573016055310316,0.38573016055310316,12,3,9,9,106,0.01691528484151661,680.6666666666666,1.2478999560698867,291
3304,100,7,38.55829444929869,0.3855829444929869,0.3855829444929869,8,3,5,5,114,0.01472160601128536,387.3333333333333,1.526300038676709,651
3305,100,3,38.543893821483984,0.3854389382148398,0.3854389382148398,8,3,6,6,106,0.014400627814495692,680.6666666666666,1.2725999695248902,291
3306,100,5,38.52492415304159,0.3852492415304159,0.3852492415304159,15,4,12,12,110,0.018969668442110788,479.0,1.3277999823912978,475
3307,100,4,38.511159652864244,0.38511159652864246,0.38511159652864246,9,3,6,6,108,0.013764500177082084,514.0,1.6226000152528286,384
3308,100,8,38.489868113707445,0.3848986811370744,0.3848986811370744,12,5,7,7,116,0.02129153915640103,342.0,0.8708999957889318,736
3309,100,8,38.47390501491253,0.3847390501491253,0.3847390501491253,6,3,3,3,116,0.015963098794543384,394.0,0.8925999864004552,736
3310,100,6,38.46132495330527,0.3846132495330527,0.3846132495330527,6,2,5,5,112,0.012580061606954018,444.0,1.0281000286340714,564
3311,100,8,38.44196902475423,0.3844196902475423,0.3844196902475423,12,5,7,7,114,0.01935592855066659,322.0,0.8477999945171177,736
3312,100,4,38.423785189108365,0.38423785189108367,0.38423785189108367,9,3,7,7,108,0.018183835645622537,587.3333333333334,0.9980000322684646,384
3313,100,2,38.40878404739179,0.3840878404739179,0.3840878404739179,12,2,10,10,104,0.015001141716375344,1014.0,0.9908000356517732,196
3314,100,4,38.39119052110278,0.3839119052110278,0.3839119052110278,13,4,9,9,108,0.017593526288763428,514.0,1.014099980238825,384
3315,100,3,38.37655847580433,0.3837655847580433,0.3837655847580433,12,2,10,10,106,0.014632045298235141,934.0,1.1200999724678695,291
3316,100,9,38.354469428311866,0.38354469428311866,0.38354469428311866,15,6,9,9,118,0.02208904749204521,270.6666666666667,3.1346000032499433,819
3317,100,4,38.33787562734901,0.38337875627349005,0.38337875627349005,16,4,13,13,108,0.01659380096260321,514.0,0.874199962709099,384
3318,100,4,38.3207822557042,0.383207822557042,0.383207822557042,14,4,10,10,108,0.017093371644541833,514.0,0.7099999929778278,384
3319,100,1,38.309713624886044,0.38309713624886044,0.38309713624886044,10,1,10,10,102,0.011068630818016345,2014.0,1.0025000083260238,99
3320,100,5,38.29443759976405,0.38294437599764053,0.38294437599764053,11,4,8,8,110,0.01527602512172166,464.0,1.2387000024318695,475
3321,100,4,38.27948609866641,0.3827948609866641,0.3827948609866641,13,4,10,10,108,0.014951501097371533,514.0,0.9316999930888414,384
3322,100,4,38.258763894410784,0.38258763894410786,0.38258763894410786,12,4,8,8,108,0.020722204255378074,514.0,0.9959000162780285,384
3323,100,6,38.24250357118635,0.3824250357118635,0.3824250357118635,14,4,10,10,112,0.016260323224130957,414.0,0.8141000289469957,564
3324,100,8,38.21997129637416,0.3821997129637416,0.3821997129637416,20,7,15,15,116,0.02253227481180886,282.57142857142856,3.1791000510565937,736
3325,100,5,38.20099889587447,0.3820099889587447,0.3820099889587447,17,5,13,13,110,0.01897240049940052,414.0,1.3032000279054046,475
3326,100,3,38.184684383365614,0.38184684383365614,0.38184684383365614,14,3,11,11,106,0.01631451250864302,680.6666666666666,1.117600011639297,291
3327,100,3,38.171155436032365,0.38171155436032367,0.38171155436032367,10,2,8,8,106,0.01352894733302179,884.0,7.67620000988245,291
3328,100,6,38.15093901130877,0.3815093901130877,0.3815093901130877,14,5,10,10,112,0.020216424723273008,394.0,3.2470999867655337,564
3329,100,4,38.13136880373043,0.3813136880373043,0.3813136880373043,16,4,12,12,108,0.01957020757810568,514.0,2.234899962786585,384
3330,100,7,38.10859950959369,0.3810859950959369,0.3810859950959369,18,6,12,12,114,0.0227692941363955,324.0,1.2294999905861914,651
3331,100,9,38.0845704724576,0.380845704724576,0.380845704724576,19,6,13,13,118,0.0240290371356906,284.0,1.2963999761268497,819
3332,100,6,38.06475083992207,0.3806475083992207,0.3806475083992207,12,5,7,7,112,0.019819632535217124,350.0,1.1186000192537904,564
3333,100,6,38.04535249869099,0.3804535249869099,0.3804535249869099,16,4,12,12,112,0.019398341230747462,404.0,0.9498000144958496,564
3334,100,4,38.02863349773476,0.3802863349773476,0.3802863349773476,16,4,13,13,108,0.016719000955994545,514.0,1.165199966635555,384
3335,100,1,38.01372273636982,0.3801372273636982,0.3801372273636982,17,1,16,16,102,0.014910761364788527,2014.0,1.3257000246085227,99
3336,100,4,37.996294055831015,0.37996294055831015,0.37996294055831015,18,3,15,15,108,0.017428680538550623,614.0,1.5356999938376248,384
3337,100,4,37.97660800134121,0.3797660800134121,0.3797660800134121,21,4,17,17,108,0.019686054489568505,514.0,0.9954000124707818,384
3338,100,5,37.95493623520266,0.3795493623520266,0.3795493623520266,17,5,12,12,110,0.021671766138268822,414.0,1.1177000124007463,475
3339,100,6,37.93606869468814,0.3793606869468814,0.3793606869468814,16,4,12,12,112,0.01886754051421491,334.0,1.146900001913309,564
3340,100,9,37.91061961081023,0.3791061961081023,0.3791061961081023,21,7,15,15,118,0.02544908387750411,242.57142857142858,0.8554000523872674,819
3341,100,3,37.891820668920815,0.37891820668920817,0.37891820668920817,17,2,16,16,106,0.018798941889187404,984.0,1.2295000487938523,291
3342,100,3,37.87735763948764,0.3787735763948764,0.3787735763948764,14,3,11,11,106,0.014463029432945973,680.6666666666666,1.2316000065766275,291
3343,100,6,37.86228429350259,0.3786228429350259,0.3786228429350259,10,2,8,8,112,0.015073345984752962,804.0,1.4162000152282417,564
3344,100,6,37.844255592238284,0.37844255592238285,0.37844255592238285,10,3,8,8,112,0.01802870126398659,374.0,1.250099972821772,564
3345,100,5,37.826235589624474,0.37826235589624474,0.37826235589624474,17,4,14,14,110,0.01802000261351111,454.0,0.9012999944388866,475
3346,100,13,37.80195541838787,0.37801955418387867,0.37801955418387867,13,6,8,8,126,0.024280171236085835,174.0,0.9199000196531415,1131
3347,100,6,37.77824017317155,0.37778240173171546,0.37778240173171546,20,5,15,15,112,0.023715245216017422,366.0,1.0519000352360308,564
3348,100,5,37.759932592012646,0.37759932592012646,0.37759932592012646,12,4,9,9,110,0.018307581158616415,484.0,2.436600043438375,475
3349,100,3,37.74264973285924,0.3774264973285924,0.3774264973285924,21,3,19,19,106,0.017282859153191055,680.6666666666666,2.0957000087946653,291
3350,100,7,37.71771778298736,0.3771771778298736,0.3771771778298736,20,7,13,13,114,0.024931949871522363,299.7142857142857,0.8046000148169696,651
3351,100,3,37.702048995591376,0.37702048995591375,0.37702048995591375,17,3,14,14,106,0.01566878739577504,680.6666666666666,8.208299987018108,291
3352,100,4,37.683933062514555,0.3768393306251456,0.3768393306251456,16,4,12,12,108,0.018115933076572333,514.0,6.813299958594143,384
3353,100,2,37.66958173009519,0.37669581730095186,0.37669581730095186,14,1,13,13,104,0.014351332419181517,1954.0,2.1172999986447394,196
3354,100,2,37.65759841256954,0.37657598412569543,0.37657598412569543,11,2,9,9,104,0.011983317525448456,1014.0,4.838799999561161,196
3355,100,4,37.64475373907559,0.37644753739075587,0.37644753739075587,6,2,5,5,108,0.012844673493731307,734.0,4.099200014024973,384
3356,100,9,37.616229889838124,0.37616229889838126,0.37616229889838126,17,7,10,10,116,0.028523849237039656,288.2857142857143,0.7924999808892608,819
3357,100,2,37.60518943285095,0.3760518943285095,0.3760518943285095,9,2,7,7,104,0.011040456987018388,1014.0,3.8731999811716378,196
3358,100,4,37.58703770485459,0.37587037704854587,0.37587037704854587,15,4,12,12,108,0.018151727996084333,514.0,1.2309000012464821,384
3359,100,4,37.57243070007396,0.3757243070007396,0.3757243070007396,13,3,10,10,108,0.01460700478038035,580.6666666666666,0.9713000035844743,384
3360,100,9,37.547073430360356,0.37547073430360356,0.37547073430360356,19,7,13,13,118,0.025357269713182973,259.7142857142857,1.0415000142529607,819
3361,100,1,37.5306569528128,0.37530656952812796,0.37530656952812796,14,1,13,13,102,0.01641647754742337,2014.0,1.2593999854288995,99
3362,100,5,37.51176490199757,0.37511764901997574,0.37511764901997574,16,4,12,12,110,0.018892050814919514,464.0,1.1650000233203173,475
3363,100,5,37.49301677812874,0.3749301677812874,0.3749301677812874,16,5,12,12,110,0.018748123868569166,414.0,0.8985000313259661,475
3364,100,5,37.47267375436537,0.37472673754365365,0.37472673754365365,21,5,17,17,110,0.020343023763082613,414.0,1.0258000111207366,475
3365,100,7,37.451682873857536,0.37451682873857534,0.37451682873857534,16,6,13,13,114,0.020990880507490317,330.6666666666667,0.8725000079721212,651
3366,100,4,37.43126175142379,0.3743126175142379,0.3743126175142379,17,4,13,13,108,0.02042112243349692,514.0,1.0745999752543867,384
3367,100,5,37.41312545572355,0.3741312545572355,0.3741312545572355,15,4,11,11,110,0.01813629569994646,464.0,2.4497000267729163,475
3368,100,5,37.39431476930517,0.3739431476930517,0.3739431476930517,16,5,13,13,110,0.01881068641810657,414.0,2.192000043578446,475
3369,100,5,37.37635945946903,0.3737635945946903,0.3737635945946903,13,4,9,9,110,0.01795530983585536,479.0,1.061100047081709,475
3370,100,6,37.35979441216178,0.37359794412161784,0.37359794412161784,13,4,10,10,112,0.016565047306926317,464.0,1.1510999756865203,564
3371,100,3,37.34484209866964,0.3734484209866964,0.3734484209866964,16,3,13,13,106,0.014952313491917835,680.6666666666666,2.0545999868772924,291
3372,100,7,37.32715925441394,0.37327159254413944,0.37327159254413944,14,5,10,10,114,0.017682844255332952,386.0,0.9433000232093036,651
3373,100,7,37.29992536854991,0.3729992536854991,0.3729992536854991,22,6,17,17,114,0.02723388586369424,334.0,1.027100021019578,651
3374,100,5,37.27925983157084,0.3727925983157084,0.3727925983157084,20,5,16,16,110,0.02066553697878959,414.0,1.290900050662458,475
3375,100,5,37.25878314859298,0.37258783148592983,0.37258783148592983,20,5,16,16,110,0.020476682977545124,414.0,1.019099960103631,475
3376,100,1,37.24599050506739,0.3724599050506739,0.3724599050506739,13,1,12,12,102,0.012792643525457947,2014.0,0.8368000271730125,99
3377,100,5,37.22392884695172,0.3722392884695172,0.3722392884695172,19,4,16,16,110,0.022061658115390514,459.0,0.8780999924056232,475
3378,100,5,37.206221340557974,0.37206221340557977,0.37206221340557977,16,4,14,14,110,0.01770750639347085,459.0,1.0618999949656427,475
3379,100,5,37.1863982073319,0.371863982073319,0.371863982073319,18,4,14,14,110,0.019823133225784773,404.0,0.7949999999254942,475
3380,100,6,37.16341719121054,0.3716341719121054,0.3716341719121054,23,6,17,17,112,0.02298101612104375,347.3333333333333,1.330800005234778,564
3381,100,5,37.142707227364575,0.37142707227364574,0.37142707227364574,18,5,13,13,110,0.020709963845689572,414.0,1.032100000884384,475
3382,100,4,37.12774497869965,0.3712774497869965,0.3712774497869965,12,3,9,9,108,0.014962248664659228,614.0,1.1349000269547105,384
3383,100,7,37.10680102588674,0.3710680102588674,0.3710680102588674,15,6,9,9,114,0.020943952812572775,307.3333333333333,10.911399964243174,651
3384,100,7,37.08416715413938,0.3708416715413938,0.3708416715413938,15,6,11,11,114,0.022633871747004264,337.3333333333333,0.8076999802142382,651
3385,100,5,37.062910225053876,0.37062910225053874,0.37062910225053874,19,4,15,15,110,0.02125692908520449,459.0,6.286599964369088,475
3386,100,3,37.041197393464195,0.3704119739346419,0.3704119739346419,23,3,20,20,106,0.02171283158946835,680.6666666666666,8.22879996849224,291
3387,100,6,37.02041640381711,0.3702041640381711,0.3702041640381711,23,5,18,18,112,0.020780989646766557,398.0,0.951700028963387,564
3388,100,6,36.995479284543606,0.3699547928454361,0.3699547928454361,24,6,20,20,112,0.024937119273189978,347.3333333333333,1.8406999879516661,564
3389,100,10,36.964297935603206,0.3696429793560321,0.3696429793560321,20,9,12,12,120,0.031181348939952613,209.55555555555554,1.1560000129975379,900
3390,100,5,36.9453918694258,0.369453918694258,0.369453918694258,17,4,14,14,110,0.018906066177123648,454.0,1.0308999917469919,475
3391,100,5,36.92721108316657,0.36927211083166567,0.36927211083166567,12,4,11,11,110,0.018180786258930937,459.0,0.8643000037409365,475
3392,100,1,36.91339420169669,0.3691339420169669,0.3691339420169669,16,1,15,15,102,0.013816881469743691,2014.0,0.9153000428341329,99
3393,100,5,36.894483051877785,0.36894483051877786,0.36894483051877786,16,4,12,12,110,0.018911149818613637,479.0,0.8850999874994159,475
3394,100,6,36.872280251814566,0.36872280251814565,0.36872280251814565,19,5,15,15,112,0.022202800062892436,334.0,1.2126000365242362,564
3395,100,1,36.859350805160545,0.36859350805160546,0.36859350805160546,13,1,12,12,102,0.01292944665388518,2014.0,3.360200033057481,99
3396,100,5,36.84178668803091,0.3684178668803091,0.3684178668803091,14,4,12,12,110,0.017564117129360568,454.0,0.9346000151708722,475
3397,100,3,36.82441824127935,0.36824418241279355,0.36824418241279355,18,3,17,17,106,0.017368446751319766,680.6666666666666,0.8562000002712011,291
3398,100,3,36.80569944451355,0.3680569944451355,0.3680569944451355,15,3,12,12,106,0.01871879676559729,680.6666666666666,1.06229999801144,291
3399,100,7,36.78485573707381,0.3678485573707381,0.3678485573707381,14,5,9,9,114,0.020843707439397008,314.0,1.0096000041812658,651
3400,100,6,36.76871097459606,0.36768710974596064,0.36768710974596064,13,4,10,10,112,0.016144762477438235,439.0,2.7156000141985714,564
3401,100,6,36.7489316282031,0.367489316282031,0.367489316282031,17,6,13,13,112,0.019779346392652997,347.3333333333333,1.0213999776169658,564
3402,100,5,36.727539498207875,0.36727539498207873,0.36727539498207873,16,4,12,12,110,0.02139212999491491,494.0,1.2193000293336809,475
3403,100,8,36.7036250915925,0.367036250915925,0.367036250915925,18,6,12,12,116,0.023914406615013206,314.0,1.299499999731779,736
3404,100,2,36.68800768327762,0.3668800768327762,0.3668800768327762,17,2,15,15,104,0.015617408314689385,1014.0,0.9011999936774373,196
3405,100,3,36.67478956820373,0.3667478956820373,0.3667478956820373,12,3,10,10,106,0.013218115073684089,680.6666666666666,0.8851999882608652,291
3406,100,7,36.65515763305985,0.3665515763305985,0.3665515763305985,17,4,14,14,114,0.01963193514353634,409.0,1.0913999867625535,651
3407,100,1,36.643050133790545,0.36643050133790545,0.36643050133790545,11,1,10,10,102,0.012107499269156108,2014.0,5.617199989501387,99
3408,100,6,36.62400194419448,0.36624001944194484,0.36624001944194484,15,4,11,11,112,0.019048189595736176,349.0,3.138699976261705,564
3409,100,4,36.601150576062224,0.36601150576062225,0.36601150576062225,19,4,16,16,108,0.022851368132016603,514.0,0.9394999942742288,384
3410,100,6,36.57895864542963,0.3657895864542963,0.3657895864542963,17,6,12,12,112,0.022191930632274648,347.3333333333333,0.9187000105157495,564
3411,100,6,36.555632890535904,0.36555632890535905,0.36555632890535905,19,5,16,16,112,0.02332575489343469,398.0,0.9559000027365983,564
3412,100,5,36.532459420260444,0.36532459420260444,0.36532459420260444,21,5,17,17,110,0.023173470275160923,414.0,0.9334000060334802,475
3413,100,6,36.51108642179841,0.3651108642179841,0.3651108642179841,19,6,14,14,112,0.021372998461721693,347.3333333333333,1.0958000202663243,564
3414,100,2,36.495541351768864,0.3649554135176886,0.3649554135176886,17,2,15,15,104,0.01554507002936134,1014.0,1.8257999909110367,196
3415,100,6,36.46896320453139,0.3646896320453139,0.3646896320453139,22,5,17,17,112,0.026578147237138694,382.0,1.0047999676316977,564
3416,100,6,36.446867983568765,0.36446867983568765,0.36446867983568765,18,5,15,15,112,0.022095220962306428,354.0,1.082400034647435,564
3417,100,6,36.424591847184274,0.36424591847184273,0.36424591847184273,18,6,12,12,112,0.02227613638415704,347.3333333333333,1.1431000311858952,564
3418,100,3,36.41077202545607,0.3641077202545607,0.3641077202545607,12,3,10,10,106,0.013819821727992121,680.6666666666666,1.0877999593503773,291
3419,100,6,36.39026365253642,0.3639026365253642,0.3639026365253642,17,5,13,13,112,0.020508372919316287,366.0,0.9772000485099852,564
3420,100,4,36.36789002302734,0.36367890023027344,0.36367890023027344,19,4,16,16,108,0.022373629508827264,514.0,1.4216999989002943,384
3421,100,6,36.34470967425043,0.3634470967425043,0.3634470967425043,21,6,16,16,112,0.023180348776591586,347.3333333333333,0.9632000001147389,564
3422,100,5,36.32440427872646,0.36324404278726463,0.36324404278726463,17,5,12,12,110,0.020305395523706693,414.0,2.0188000053167343,475
3423,100,3,36.307755033473335,0.3630775503347333,0.3630775503347333,13,3,10,10,106,0.016649245252914113,680.6666666666666,1.0645000147633255,291
3424,100,5,36.28735669731835,0.3628735669731835,0.3628735669731835,18,5,14,14,110,0.02039833615468467,414.0,2.2225999855436385,475
3425,100,2,36.2709083017355,0.36270908301735505,0.36270908301735505,14,2,13,13,104,0.016448395582663977,1014.0,1.6656999941915274,196
3426,100,4,36.25790296530009,0.36257902965300093,0.36257902965300093,10,3,8,8,108,0.013005336435170989,607.3333333333334,0.9608999826014042,384
3427,100,2,36.243294570283346,0.36243294570283346,0.36243294570283346,16,2,14,14,104,0.014608395016551867,1014.0,1.1509000323712826,196
3428,100,8,36.21986668712679,0.3621986668712679,0.3621986668712679,18,5,13,13,114,0.023427883156159623,350.0,0.9952999535016716,736
3429,100,3,36.20437600506949,0.36204376005069494,0.36204376005069494,10,3,7,7,106,0.015490682057091476,680.6666666666666,1.1224999907426536,291
3430,100,5,36.18346012470914,0.36183460124709144,0.36183460124709144,15,4,11,11,110,0.02091588036006442,494.0,0.9217000333592296,475
3431,100,8,36.16155825802567,0.3616155825802567,0.3616155825802567,18,7,12,12,116,0.021901866683094795,248.28571428571428,1.392600010149181,736
3432,100,3,36.141801686127955,0.36141801686127956,0.36141801686127956,17,3,14,14,106,0.019756571897488584,680.6666666666666,1.1106000165455043,291
3433,100,5,36.125814164048215,0.36125814164048214,0.36125814164048214,12,3,10,10,110,0.015987522079456085,647.3333333333334,1.1336999596096575,475
3434,100,11,36.097358893545824,0.3609735889354582,0.3609735889354582,18,7,12,12,122,0.028455270501922314,231.14285714285714,0.9553999989293516,979
3435,100,7,36.07280962645026,0.3607280962645026,0.3607280962645026,18,7,13,13,114,0.024549267095210325,299.7142857142857,1.2360999826341867,651
3436,100,3,36.057383997400244,0.36057383997400244,0.36057383997400244,14,3,12,12,106,0.01542562904981537,680.6666666666666,0.8837999776005745,291
3437,100,7,36.03587332129424,0.3603587332129424,0.3603587332129424,17,7,11,11,114,0.021510676105641835,299.7142857142857,1.0714000090956688,651
3438,100,2,36.023272596118524,0.3602327259611852,0.3602327259611852,12,2,10,10,104,0.01260072517553823,1014.0,1.3271999778226018,196
3439,100,7,36.0027886013937,0.36002788601393704,0.36002788601393704,19,5,16,16,114,0.020483994724457943,366.0,0.8049000171013176,651
3440,100,5,35.98629654420612,0.3598629654420612,0.3598629654420612,15,4,12,12,110,0.016492057187271314,484.0,2.8267999878153205,475
3441,100,4,35.971124837020334,0.35971124837020335,0.35971124837020335,14,4,11,11,108,0.015171707185558603,514.0,0.9450999787077308,384
3442,100,8,35.94622876782389,0.3594622876782389,0.3594622876782389,15,6,10,10,116,0.024896069196074677,280.6666666666667,1.187700021546334,736
3443,100,3,35.93277882695157,0.35932778826951567,0.35932778826951567,12,3,10,10,106,0.013449940872106936,680.6666666666666,1.1838999926112592,291
3444,100,7,35.91218875791858,0.3591218875791858,0.3591218875791858,16,4,12,12,114,0.020590069032635938,374.0,0.8811999578028917,651
3445,100,5,35.89484001892578,0.3589484001892578,0.3589484001892578,15,5,10,10,110,0.017348738992524204,414.0,1.0076999897137284,475
3446,100,9,35.87144972212396,0.3587144972212396,0.3587144972212396,16,5,11,11,118,0.02339029680139504,342.0,2.1948000066913664,819
3447,100,6,35.85099836946521,0.3585099836946521,0.3585099836946521,18,4,14,14,112,0.020451352658426458,374.0,1.6288000042550266,564
3448,100,4,35.83283814834871,0.3583283814834871,0.3583283814834871,14,4,11,11,108,0.018160221116247044,514.0,1.1637999559752643,384
3449,100,2,35.81436641963448,0.3581436641963448,0.3581436641963448,18,2,16,16,104,0.01847172871404723,1014.0,1.2152999988757074,196
3450,100,4,35.799678543537645,0.35799678543537644,0.35799678543537644,14,4,11,11,108,0.014687876096573405,514.0,2.917099976912141,384
3451,100,5,35.77907520434573,0.3577907520434573,0.3577907520434573,18,5,13,13,110,0.020603339191637815,414.0,1.226399966981262,475
3452,100,4,35.760034863379275,0.35760034863379275,0.35760034863379275,17,4,14,14,108,0.019040340966185454,514.0,1.4093999634496868,384
3453,100,7,35.738563469286674,0.35738563469286677,0.35738563469286677,16,4,13,13,114,0.021471394092245077,349.0,1.6276999958790839,651
3454,100,6,35.717664152973036,0.3571766415297304,0.3571766415297304,18,6,13,13,112,0.02089931631333286,347.3333333333333,2.1106000058352947,564
3455,100,4,35.69981803465857,0.3569981803465857,0.3569981803465857,17,3,15,15,108,0.017846118314210457,647.3333333333334,1.1992999934591353,384
3456,100,5,35.68112870400764,0.3568112870400764,0.3568112870400764,14,4,11,11,110,0.01868933065065903,479.0,0.9503999608568847,475
3457,100,6,35.66206758133525,0.3566206758133525,0.3566206758133525,17,4,14,14,112,0.019061122672027864,474.0,0.9472999954596162,564
3458,100,1,35.64489628820255,0.35644896288202554,0.35644896288202554,16,1,15,15,102,0.017171293132562937,2014.0,1.4149000053294003,99
3459,100,5,35.62522895816516,0.3562522895816516,0.3562522895816516,20,5,15,15,110,0.019667330037123065,414.0,0.8391999872401357,475
3460,100,6,35.60490134857726,0.35604901348577256,0.35604901348577256,15,6,11,11,112,0.020327609587582174,347.3333333333333,3.6489999620243907,564
3461,100,2,35.58880140919342,0.3558880140919342,0.3558880140919342,17,2,15,15,104,0.01609993938366472,1014.0,1.136799983214587,196
3462,100,6,35.56938971277164,0.3556938971277164,0.3556938971277164,17,5,13,13,112,0.019411696421471447,390.0,0.997799972537905,564
3463,100,2,35.55509477645049,0.3555509477645049,0.3555509477645049,13,2,11,11,104,0.014294936320965235,1014.0,1.2947000213898718,196
3464,100,8,35.532373501040006,0.35532373501040004,0.35532373501040004,18,6,14,14,116,0.022721275410091835,264.0,2.058300015050918,736
3465,100,7,35.50898575655639,0.35508985756556394,0.35508985756556394,19,7,12,12,114,0.023387744483287065,299.7142857142857,1.1644000187516212,651
3466,100,5,35.491180956303374,0.35491180956303375,0.35491180956303375,19,5,15,15,110,0.017804800252719133,414.0,1.109600008931011,475
3467,100,6,35.47128503828633,0.3547128503828633,0.3547128503828633,15,4,11,11,112,0.019895918016729297,489.0,1.0603000409901142,564
3468,100,4,35.45318517408808,0.35453185174088075,0.35453185174088075,18,3,15,15,108,0.018099864197992588,607.3333333333334,0.9297000360675156,384
3469,100,5,35.43398815838987,0.35433988158389873,0.35433988158389873,17,4,13,13,110,0.019197015697926645,494.0,1.5008000191301107,475
3470,100,1,35.41819177256714,0.3541819177256714,0.3541819177256714,14,1,13,13,102,0.015796385822596903,2014.0,1.077399996574968,99
3471,100,4,35.39793410996478,0.3539793410996478,0.3539793410996478,22,4,19,19,108,0.020257662602119808,514.0,0.9949000086635351,384
3472,100,10,35.372552670399216,0.35372552670399215,0.35372552670399215,16,6,11,11,120,0.025381439565123287,194.0,0.819200009573251,900
3473,100,7,35.34915276778706,0.3534915276778706,0.3534915276778706,20,5,15,15,114,0.023399902611799916,370.0,1.622100011445582,651
3474,100,7,35.327854621253046,0.35327854621253046,0.35327854621253046,17,5,12,12,114,0.021298146533666795,338.0,0.8373000309802592,651
3475,100,3,35.31078072408401,0.3531078072408401,0.3531078072408401,18,3,15,15,106,0.0170738971688138,680.6666666666666,0.929499976336956,291
3476,100,3,35.294081668351225,0.35294081668351224,0.35294081668351224,15,3,12,12,106,0.01669905573255903,680.6666666666666,0.8473999914713204,291
3477,100,6,35.2697045030018,0.352697045030018,0.352697045030018,17,5,12,12,110,0.024377165349108054,410.0,1.3031000271439552,564
3478,100,2,35.25564847431845,0.35255648474318446,0.35255648474318446,13,2,11,11,104,0.014056028683171462,1014.0,1.201900013256818,196
3479,100,6,35.236312801969234,0.35236312801969233,0.35236312801969233,17,5,13,13,112,0.019335672348887556,370.0,0.8832000312395394,564
3480,100,6,35.217935465298275,0.3521793546529828,0.3521793546529828,14,4,11,11,112,0.01837733667063901,399.0,1.2084999470971525,564
3481,100,1,35.2063731169699,0.352063731169699,0.352063731169699,12,1,11,11,102,0.011562348328254757,2014.0,1.0040999623015523,99
3482,100,5,35.18737977662033,0.3518737977662033,0.3518737977662033,16,5,12,12,110,0.018993340349268806,414.0,1.173800032120198,475
3483,100,5,35.17240678774496,0.3517240678774496,0.3517240678774496,9,3,6,6,110,0.014972988875072701,414.0,1.3784000184386969,475
3484,100,5,35.154845566906765,0.35154845566906767,0.35154845566906767,15,5,11,11,110,0.017561220837919223,414.0,1.2928000069223344,475
3485,100,6,35.13596682215853,0.3513596682215853,0.3513596682215853,15,5,11,11,112,0.018878744747908627,370.0,1.1647999635897577,564
3486,100,3,35.12323416386105,0.3512323416386105,0.3512323416386105,9,2,7,7,106,0.012732658297252897,884.0,1.1888000299222767,291
3487,100,8,35.101618629145236,0.35101618629145237,0.35101618629145237,12,5,9,9,116,0.02161553471543698,294.0,1.66680000256747,736
3488,100,4,35.08440330187521,0.3508440330187521,0.3508440330187521,13,4,9,9,108,0.017215327269781255,514.0,1.6769000212661922,384
3489,100,4,35.06504414832477,0.35065044148324775,0.35065044148324775,20,4,16,16,108,0.019359153550183805,514.0,0.9562000050209463,384
3490,100,3,35.04974940977315,0.3504974940977315,0.3504974940977315,14,2,12,12,106,0.015294738551418163,934.0,0.9511999669484794,291
3491,100,8,35.02992525955969,0.3502992525955969,0.3502992525955969,14,5,11,11,116,0.019824150213068492,294.0,1.0886999662034214,736
3492,100,5,35.013531140097236,0.35013531140097237,0.35013531140097237,16,4,13,13,110,0.01639411946217706,419.0,0.8379999781027436,475
3493,100,12,34.98988996283822,0.3498988996283822,0.3498988996283822,17,7,10,10,122,0.02364117725852566,216.85714285714286,1.2472000089474022,1056
3494,100,3,34.9772234119456,0.349772234119456,0.349772234119456,8,2,6,6,106,0.01266655089239066,744.0,1.1281000333838165,291
3495,100,4,34.955721160359396,0.34955721160359393,0.34955721160359393,20,4,16,16,108,0.02150225158595731,514.0,0.9899999713525176,384
3496,100,3,34.938821104961896,0.349388211049619,0.349388211049619,12,2,10,10,106,0.01690005539727224,984.0,1.0895999730564654,291
3497,100,8,34.9163587815394,0.349163587815394,0.349163587815394,20,5,15,15,116,0.022462323422146824,326.0,0.9206999675370753,736
3498,100,5,34.892551837345515,0.34892551837345515,0.34892551837345515,22,5,17,17,110,0.02380694419359486,414.0,0.90079999063164,475
3499,100,2,34.87744336480229,0.3487744336480229,0.3487744336480229,18,2,16,16,104,0.015108472543019502,1014.0,0.8348000119440258,196
3500,100,6,34.854979917771914,0.3485497991777191,0.3485497991777191,21,5,17,17,112,0.022463447030077077,358.0,1.0855000000447035,564
3501,100,1,34.83666155499927,0.34836661554999265,0.34836661554999265,13,1,12,12,102,0.018318362772475894,2014.0,1.0439999750815332,99
3502,100,8,34.815896732699095,0.3481589673269909,0.3481589673269909,17,4,14,14,116,0.02076482229981025,359.0,0.8208000217564404,736
3503,100,5,34.797564164923884,0.34797564164923883,0.34797564164923883,17,4,13,13,110,0.01833256777491954,494.0,1.2533999979496002,475
3504,100,5,34.781280364249675,0.3478128036424967,0.3478128036424967,13,4,12,12,110,0.01628380067391788,484.0,1.1600999860092998,475
3505,100,5,34.76347358110542,0.34763473581105425,0.34763473581105425,15,4,11,11,110,0.017806783143953453,484.0,0.8384000393562019,475
3506,100,3,34.748865965945384,0.34748865965945386,0.34748865965945386,13,3,11,11,106,0.01460761515981801,680.6666666666666,0.9996999870054424,291
3507,100,3,34.733957001145626,0.34733957001145627,0.34733957001145627,11,2,9,9,106,0.014908964799545288,874.0,1.1857000063173473,291
3508,100,4,34.71591213061871,0.3471591213061871,0.3471591213061871,18,4,14,14,108,0.0180448705266798,514.0,1.165199966635555,384
3509,100,3,34.70244637477591,0.3470244637477591,0.3470244637477591,12,2,10,10,106,0.013465755842602789,974.0,1.3894999865442514,291
3510,100,6,34.679729741710254,0.3467972974171025,0.3467972974171025,20,6,14,14,112,0.022716633065314795,347.3333333333333,0.9503000183030963,564
3511,100,10,34.65563004475612,0.34655630044756125,0.34655630044756125,16,6,11,11,118,0.024099696953683747,274.0,0.9542999905534089,900
3512,100,4,34.63902742951112,0.34639027429511116,0.34639027429511116,16,2,14,14,106,0.01660261524476425,974.0,0.8290999685414135,384
3513,100,7,34.61144790512921,0.3461144790512921,0.3461144790512921,21,7,15,15,114,0.02757952438155087,299.7142857142857,0.9948000079020858,651
3514,100,5,34.59128199882867,0.3459128199882867,0.3459128199882867,17,5,13,13,110,0.020165906300263714,414.0,0.9491000091657043,475
3515,100,3,34.57551622920994,0.3457551622920994,0.3457551622920994,16,3,14,14,106,0.015765769618511172,680.6666666666666,0.9399999980814755,291
3516,100,5,34.55604716515921,0.3455604716515921,0.3455604716515921,18,5,13,13,110,0.019469064050468887,414.0,1.0257000103592873,475
3517,100,6,34.53728850190854,0.3453728850190854,0.3453728850190854,16,5,13,13,112,0.01875866325035247,378.0,1.1998999980278313,564
3518,100,7,34.511042550019916,0.34511042550019916,0.34511042550019916,22,6,18,18,114,0.026245951888256513,340.6666666666667,1.023300050292164,651
3519,100,4,34.49145869703236,0.34491458697032357,0.34491458697032357,18,4,16,16,108,0.019583852987324235,514.0,0.9661999647505581,384
3520,100,6,34.47262204418482,0.3447262204418482,0.3447262204418482,15,6,11,11,110,0.018836652847227242,347.3333333333333,1.2004999443888664,564
3521,100,7,34.4526396874323,0.344526396874323,0.344526396874323,16,5,11,11,114,0.019982356752151986,366.0,1.3906999956816435,651
3522,100,3,34.436972151123086,0.34436972151123085,0.34436972151123085,13,3,11,11,106,0.015667536308995977,680.6666666666666,1.168200047686696,291
3523,100,3,34.423059889281554,0.34423059889281554,0.34423059889281554,14,2,12,12,106,0.013912261841312556,954.0,4.820600035600364,291
3524,100,5,34.40549438165319,0.3440549438165319,0.3440549438165319,15,4,11,11,110,0.017565507628091837,459.0,1.795099989976734,475
3525,100,7,34.38327705221019,0.34383277052210187,0.34383277052210187,21,5,19,19,114,0.022217329442639766,390.0,1.698100008070469,651
3526,100,3,34.36733525722642,0.3436733525722642,0.3436733525722642,14,3,11,11,106,0.015941794983547197,680.6666666666666,2.02990003162995,291
3527,100,3,34.34964017013511,0.3434964017013511,0.3434964017013511,19,3,18,18,106,0.01769508709109857,680.6666666666666,1.1692999978549778,291
3528,100,4,34.33207888080824,0.3433207888080824,0.3433207888080824,17,3,16,16,108,0.01756128932662193,594.0,0.8174999966286123,384
3529,100,2,34.315701082978194,0.34315701082978195,0.34315701082978195,16,2,14,14,104,0.016377797829875362,1014.0,1.1892999755218625,196
3530,100,5,34.289626131090614,0.3428962613109061,0.3428962613109061,23,5,19,19,110,0.026074951887295583,414.0,1.1819000355899334,475
3531,100,6,34.265912739794516,0.34265912739794513,0.34265912739794513,18,5,14,14,112,0.02371339129578587,378.0,1.4194000395946205,564
3532,100,9,34.243297366627736,0.34243297366627734,0.34243297366627734,19,7,13,13,118,0.022615373166360087,254.0,1.0421000188216567,819
3533,100,9,34.22031286116172,0.3422031286116172,0.3422031286116172,15,5,11,11,116,0.022984505465601046,354.0,1.1066999868489802,819
3534,100,5,34.19974198983514,0.3419974198983514,0.3419974198983514,17,4,14,14,110,0.0205708713262851,459.0,1.076499989721924,475
3535,100,4,34.18159040008585,0.34181590400085854,0.34181590400085854,15,4,11,11,108,0.018151589749052732,514.0,0.7811000104993582,384
3536,100,3,34.16662013884876,0.3416662013884876,0.3416662013884876,11,3,10,10,106,0.014970261236896931,680.6666666666666,0.9234999888576567,291
3537,100,7,34.14411754468972,0.3414411754468972,0.3414411754468972,19,5,15,15,114,0.02250259415866651,342.0,3.016200033016503,651
3538,100,6,34.126158507666595,0.34126158507666593,0.34126158507666593,14,5,9,9,112,0.017959037022819757,386.0,0.8348999544978142,564
3539,100,3,34.11402329912085,0.34114023299120855,0.34114023299120855,7,3,4,4,106,0.012135208545515752,680.6666666666666,1.0842999909073114,291
3540,100,7,34.09144888436042,0.3409144888436042,0.3409144888436042,17,6,12,12,114,0.02257441476007216,324.0,1.0775999980978668,651
3541,100,7,34.06987896848538,0.34069878968485384,0.34069878968485384,15,4,11,11,114,0.021569915874692924,409.0,1.347700017504394,651
3542,100,10,34.04747753166368,0.34047477531663684,0.34047477531663684,18,7,11,11,120,0.022401436821283482,202.57142857142858,1.1535999947227538,900
3543,100,7,34.03017569463807,0.34030175694638065,0.34030175694638065,13,4,9,9,114,0.017301837025257782,384.0,1.166999980341643,651
3544,100,6,34.014096301714204,0.34014096301714203,0.34014096301714203,11,4,8,8,112,0.01607939292355809,394.0,0.972100009676069,564
3545,100,3,33.99794047977531,0.33997940479775307,0.33997940479775307,13,2,11,11,106,0.016155821938667714,894.0,1.0079999919980764,291
3546,100,5,33.98091577800952,0.3398091577800952,0.3398091577800952,16,4,13,13,110,0.0170247017655214,444.0,0.9305999847128987,475
3547,100,2,33.96961779077902,0.33969617790779016,0.33969617790779016,9,2,7,7,104,0.011297987230307172,1014.0,1.1113999644294381,196
3548,100,3,33.954391561088435,0.3395439156108844,0.3395439156108844,13,3,10,10,106,0.015226229690355808,680.6666666666666,0.8845999836921692,291
3549,100,2,33.942056253392,0.33942056253392006,0.33942056253392006,11,2,9,9,104,0.012335307696233144,1014.0,1.0144999832846224,196
3550,100,5,33.92015899674769,0.3392015899674769,0.3392015899674769,16,5,12,12,110,0.02189725664403852,414.0,1.0881999623961747,475
3551,100,3,33.906069734468886,0.33906069734468886,0.33906069734468886,11,3,8,8,106,0.014089262278602632,680.6666666666666,1.257500029169023,291
3552,100,2,33.89233371617842,0.3389233371617842,0.3389233371617842,12,2,10,10,104,0.013736018290259722,1014.0,1.5503999893553555,196
3553,100,2,33.88047396394447,0.3388047396394447,0.3388047396394447,12,2,10,10,104,0.011859752233789322,1014.0,1.0136000346392393,196
3554,100,2,33.86937968454394,0.3386937968454394,0.3386937968454394,9,2,8,8,104,0.011094279400325036,1014.0,0.958800024818629,196
3555,100,7,33.84719928102201,0.33847199281022006,0.33847199281022006,16,5,11,11,114,0.022180403521588232,358.0,1.1220999876968563,651
3556,100,6,33.826861810828255,0.33826861810828257,0.33826861810828257,15,4,12,12,112,0.020337470193439344,419.0,1.1770999990403652,564
3557,100,7,33.80761748905428,0.3380761748905428,0.3380761748905428,17,6,12,12,114,0.019244321773626893,290.6666666666667,0.9637000039219856,651
3558,100,7,33.787441183803836,0.33787441183803835,0.33787441183803835,15,7,10,10,114,0.0201763052500894,299.7142857142857,1.2855000095441937,651
3559,100,7,33.76787071434906,0.3376787071434906,0.3376787071434906,17,4,13,13,114,0.019570469454421868,374.0,0.8759000338613987,651
3560,100,2,33.75434628856228,0.3375434628856228,0.3375434628856228,16,2,14,14,104,0.013524425786599181,1014.0,1.0233999928459525,196
3561,100,5,33.73788481793815,0.3373788481793815,0.3373788481793815,16,4,12,12,110,0.016461470623880814,484.0,2.135499962605536,475
3562,100,6,33.71862269344988,0.3371862269344988,0.3371862269344988,16,4,13,13,112,0.019262124487937626,419.0,1.1272000265307724,564
3563,100,8,33.6988406058313,0.336988406058313,0.336988406058313,17,5,13,13,116,0.019782087618196442,290.0,1.7469999729655683,736
3564,100,6,33.683706225180316,0.33683706225180315,0.33683706225180315,12,4,8,8,112,0.015134380650650314,344.0,2.6439999928697944,564
3565,100,4,33.66523986188024,0.33665239861880236,0.33665239861880236,18,3,15,15,108,0.01846636329985074,554.0,1.1119999689981341,384
3566,100,7,33.64267258358299,0.33642672583582994,0.33642672583582994,21,6,16,16,114,0.02256727829688998,324.0,1.0918999905698001,651
3567,100,3,33.62758569641319,0.3362758569641319,0.3362758569641319,16,3,14,14,106,0.015086887169587726,680.6666666666666,1.1144000454805791,291
3568,100,4,33.609193191207225,0.33609193191207226,0.33609193191207226,17,3,14,14,108,0.018392505205724774,607.3333333333334,1.427499984856695,384
3569,100,3,33.59286170473336,0.33592861704733357,0.33592861704733357,19,3,16,16,106,0.01633148647364635,680.6666666666666,7.52820004709065,291
3570,100,4,33.5744573344422,0.335744573344422,0.335744573344422,18,4,16,16,108,0.018404370290909355,514.0,7.203000015579164,384
3571,100,3,33.55841313933436,0.33558413139334364,0.33558413139334364,18,3,15,15,106,0.016044195107625114,680.6666666666666,1.0662000277079642,291
3572,100,6,33.53581617022262,0.33535816170222615,0.33535816170222615,21,5,17,17,112,0.02259696911141873,382.0,1.0368999792262912,564
3573,100,7,33.513804642214915,0.33513804642214917,0.33513804642214917,18,6,13,13,114,0.022011528007325865,334.0,0.757400004658848,651
3574,100,5,33.48902595372891,0.3348902595372891,0.3348902595372891,25,5,20,20,110,0.024778688485724842,414.0,2.4135999847203493,475
3575,100,7,33.46771913804978,0.3346771913804978,0.3346771913804978,22,5,18,18,114,0.02130681567878412,326.0,0.9145999792963266,651
3576,100,0,33.458505907527524,0.33458505907527525,0.33458505907527525,14,14,14,14,0,0.009213230522263416,17.0,0.12169999536126852,0
3577,100,5,33.43473904464533,0.33434739044645334,0.33434739044645334,18,5,13,13,110,0.023766862881899442,414.0,0.9410000056959689,475
3578,100,7,33.413187154357885,0.3341318715435789,0.3341318715435789,17,4,13,13,114,0.021551890287099695,459.0,0.7880000048317015,651
3579,100,8,33.388071333967325,0.33388071333967323,0.33388071333967323,20,7,15,15,116,0.025115820390169574,271.14285714285717,1.5684000100009143,736
3580,100,6,33.369412575304224,0.33369412575304225,0.33369412575304225,15,5,10,10,112,0.018658758662780883,402.0,1.2466000043787062,564
3581,100,2,33.350367182810174,0.33350367182810176,0.33350367182810176,17,2,15,15,104,0.019045392493865165,1014.0,1.2479000142775476,196
3582,100,4,33.33473567434859,0.3333473567434859,0.3333473567434859,15,4,14,14,108,0.01563150846133965,514.0,1.226099964696914,384
3583,100,10,33.30766572214363,0.3330766572214363,0.3330766572214363,20,7,15,15,120,0.02706995220452768,245.42857142857142,1.5305999550037086,900
3584,100,8,33.28856743975576,0.3328856743975576,0.3328856743975576,12,5,8,8,116,0.019098282387474796,290.0,5.914199980907142,736
3585,100,8,33.26821721038667,0.33268217210386675,0.33268217210386675,18,5,14,14,116,0.020350229368716555,330.0,1.498500001616776,736
3586,100,4,33.250749073293306,0.33250749073293306,0.33250749073293306,18,4,14,14,108,0.01746813709310402,514.0,0.8128999616019428,384
3587,100,6,33.228226359374354,0.3322822635937435,0.3322822635937435,19,5,16,16,112,0.02252271391864724,398.0,1.5164000215008855,564
3588,100,3,33.212275285296904,0.33212275285296905,0.33212275285296905,14,3,11,11,106,0.01595107407722196,680.6666666666666,1.232899958267808,291
3589,100,4,33.19794473806528,0.3319794473806528,0.3319794473806528,10,2,8,8,108,0.014330547231381274,874.0,0.8860000525601208,384
3590,100,8,33.17593058986549,0.3317593058986549,0.3317593058986549,19,6,14,14,116,0.022014148199403394,300.6666666666667,1.6583999968133867,736
3591,100,7,33.14943456115649,0.3314943456115649,0.3314943456115649,24,7,19,19,114,0.026496028708649533,299.7142857142857,1.0290999780409038,651
3592,100,2,33.13438278879493,0.3313438278879493,0.3313438278879493,15,2,13,13,104,0.01505177236137456,1014.0,2.05800001276657,196
3593,100,2,33.117374424669876,0.33117374424669876,0.33117374424669876,17,2,15,15,104,0.017008364124876607,1014.0,0.8184000034816563,196
3594,100,3,33.0979345737466,0.330979345737466,0.330979345737466,17,3,14,14,106,0.019439850923049562,680.6666666666666,0.8965999586507678,291
3595,100,4,33.080452049658206,0.33080452049658204,0.33080452049658204,18,4,15,15,108,0.017482524088151763,514.0,4.066099994815886,384
3596,100,5,33.060927954391495,0.33060927954391495,0.33060927954391495,18,4,15,15,110,0.019524095266433505,449.0,0.8953000069595873,475
3597,100,2,33.04616250620152,0.3304616250620152,0.3304616250620152,17,2,15,15,104,0.014765448189791641,1014.0,0.9738000226207078,196
3598,100,9,33.02167512002026,0.3302167512002026,0.3302167512002026,21,9,14,14,118,0.024487386180837234,236.22222222222223,0.7895000162534416,819
3599,100,3,33.005908016535166,0.3300590801653517,0.3300590801653517,14,3,12,12,106,0.015767103484876088,680.6666666666666,1.635099994018674,291
3600,100,3,32.991297049254726,0.32991297049254725,0.32991297049254725,15,3,13,13,106,0.0146109672802055,680.6666666666666,1.0025000083260238,291
3601,100,4,32.97648635535104,0.3297648635535104,0.3297648635535104,12,4,10,10,108,0.014810693903413608,514.0,1.0584999690763652,384
3602,100,5,32.9596675310998,0.32959667531099796,0.32959667531099796,13,4,10,10,110,0.016818824250947273,454.0,1.1245000059716403,475
3603,100,3,32.94372427912262,0.3294372427912262,0.3294372427912262,12,3,10,10,106,0.015943251976935358,680.6666666666666,1.18680001469329,291
3604,100,11,32.91405108797182,0.3291405108797182,0.3291405108797182,23,8,16,16,122,0.029673191150308753,241.5,0.8899999666027725,979
3605,100,0,32.90640173515267,0.3290640173515267,0.3290640173515267,6,6,6,6,0,0.007649352819143473,17.0,0.19500002963468432,0
3606,100,3,32.89383190115511,0.32893831901155113,0.32893831901155113,9,2,7,7,106,0.012569833997346791,884.0,1.2531999964267015,291
3607,100,7,32.874507165391044,0.3287450716539104,0.3287450716539104,13,4,10,10,114,0.019324735763689205,319.0,1.1100000119768083,651
3608,100,6,32.85297558257125,0.3285297558257125,0.3285297558257125,18,6,13,13,112,0.021531582819491746,347.3333333333333,1.3371999957598746,564
3609,100,4,32.83443859564917,0.3283443859564917,0.3283443859564917,15,4,12,12,108,0.018536986921802168,514.0,2.294400008395314,384
3610,100,10,32.804717302256904,0.328047173022569,0.328047173022569,22,9,13,13,120,0.02972129339180185,218.44444444444446,0.9323999984189868,900
3611,100,3,32.7902267827317,0.327902267827317,0.327902267827317,15,3,12,12,106,0.01449051952498337,680.6666666666666,1.0081999935209751,291
3612,100,6,32.76917334406561,0.32769173344065605,0.32769173344065605,18,6,12,12,112,0.021053438665745716,347.3333333333333,0.984499987680465,564
3613,100,7,32.746047429964676,0.32746047429964675,0.32746047429964675,19,7,12,12,114,0.023125914100589284,299.7142857142857,1.128199975937605,651
3614,100,6,32.721755763614496,0.32721755763614496,0.32721755763614496,23,6,17,17,112,0.024291666349839147,347.3333333333333,1.1652999673970044,564
3615,100,2,32.70594938784849,0.32705949387848493,0.32705949387848493,18,2,17,17,104,0.01580637576580557,1014.0,1.2984999921172857,196
3616,100,5,32.67750643198937,0.3267750643198937,0.3267750643198937,26,5,22,22,110,0.028442955858835717,414.0,1.1230999953113496,475
3617,100,5,32.657645648426325,0.32657645648426326,0.32657645648426326,18,4,14,14,110,0.01986078356273424,479.0,1.2162000057287514,475
3618,100,5,32.636006541430724,0.32636006541430723,0.32636006541430723,24,4,21,21,110,0.021639106995323232,464.0,0.8428999572061002,475
3619,100,5,32.613538013658584,0.32613538013658583,0.32613538013658583,23,5,19,19,110,0.022468527771835056,414.0,1.0731000220403075,475
3620,100,4,32.59265364582487,0.32592653645824865,0.32592653645824865,23,4,20,20,108,0.02088436783344605,514.0,0.875100027769804,384
3621,100,5,32.57445222674446,0.3257445222674446,0.3257445222674446,19,3,18,18,110,0.018201419080099868,600.6666666666666,0.9147999808192253,475
3622,100,6,32.549416504639126,0.3254941650463913,0.3254941650463913,18,5,13,13,112,0.02503572210501659,370.0,1.4532999484799802,564
3623,100,4,32.531480763957106,0.32531480763957105,0.32531480763957105,17,3,14,14,108,0.01793574068175019,587.3333333333334,1.2793000205419958,384
3624,100,7,32.50694188630175,0.32506941886301755,0.32506941886301755,21,6,16,16,114,0.024538877654975977,304.0,0.9290999732911587,651
3625,100,8,32.48051905227921,0.3248051905227921,0.3248051905227921,26,8,20,20,116,0.026422834022142183,264.0,0.9771999903023243,736
3626,100,5,32.461047119102126,0.32461047119102127,0.32461047119102127,19,4,16,16,110,0.019471933176802736,489.0,0.9303999831900001,475
3627,100,5,32.44015391024004,0.32440153910240044,0.32440153910240044,22,5,17,17,110,0.02089320886177859,414.0,1.0921999928541481,475
3628,100,2,32.42420049121751,0.32424200491217514,0.32424200491217514,20,2,19,19,104,0.015953419022338267,1014.0,0.8565000025555491,196
3629,100,6,32.402973933605736,0.3240297393360574,0.3240297393360574,18,5,13,13,112,0.021226557611441876,402.0,0.9687999845482409,564
3630,100,4,32.38600422613981,0.3238600422613981,0.3238600422613981,18,4,15,15,108,0.01696970746567672,514.0,1.1008000001311302,384
3631,100,6,32.36690838321502,0.3236690838321502,0.3236690838321502,15,4,12,12,112,0.01909584292445743,364.0,0.8769999840296805,564
3632,100,5,32.346254908190566,0.32346254908190564,0.32346254908190564,12,5,8,8,110,0.020653475024161594,414.0,0.8999999845400453,475
3633,100,5,32.32941810373662,0.32329418103736624,0.32329418103736624,13,4,9,9,110,0.016836804453660648,494.0,1.0097000049427152,475
3634,100,6,32.30696389511997,0.3230696389511997,0.3230696389511997,19,6,15,15,112,0.022454208616309757,347.3333333333333,1.1125000310130417,564
3635,100,5,32.28700246879076,0.3228700246879076,0.3228700246879076,21,4,17,17,110,0.019961426328904963,469.0,0.9670000290498137,475
3636,100,3,32.268506311496445,0.3226850631149645,0.3226850631149645,17,3,15,15,106,0.018496157294094928,680.6666666666666,1.4893999905325472,291
3637,100,7,32.24345198694608,0.32243451986946076,0.32243451986946076,21,7,15,15,114,0.02505432454999834,299.7142857142857,1.0712000075727701,651
3638,100,2,32.22653246330446,0.3222653246330446,0.3222653246330446,18,2,16,16,104,0.016919523641419687,1014.0,1.083599985577166,196
3639,100,5,32.21006245004832,0.3221006245004832,0.3221006245004832,14,3,12,12,110,0.016470013255840854,567.3333333333334,1.1548000038601458,475
3640,100,5,32.19113520592509,0.3219113520592509,0.3219113520592509,17,3,15,15,110,0.018927244122949105,507.3333333333333,1.0589000303298235,475
3641,100,5,32.172751694152396,0.32172751694152396,0.32172751694152396,18,5,13,13,110,0.01838351177239872,414.0,1.4124000445008278,475
3642,100,4,32.15339965784868,0.3215339965784868,0.3215339965784868,20,4,17,17,108,0.019352036303430964,514.0,0.999299983959645,384
3643,100,5,32.12975948417481,0.32129759484174814,0.32129759484174814,23,5,18,18,110,0.023640173673570075,414.0,1.0171000030823052,475
3644,100,6,32.1081244802628,0.321081244802628,0.321081244802628,17,5,13,13,112,0.02163500391168327,346.0,0.9882000158540905,564
3645,100,5,32.08854459462367,0.3208854459462367,0.3208854459462367,15,4,11,11,110,0.019579885638819405,479.0,1.110200013499707,475
3646,100,6,32.06922949560174,0.32069229495601737,0.32069229495601737,13,4,9,9,112,0.019315099021611104,434.0,0.9983000345528126,564
3647,100,7,32.047886754815984,0.32047886754815985,0.32047886754815985,14,6,10,10,114,0.021342740785414094,290.6666666666667,1.0380999883636832,651
3648,100,2,32.03499957125789,0.32034999571257894,0.32034999571257894,9,2,7,7,104,0.012887183557893422,1014.0,0.9698000503703952,196
3649,100,6,32.01367888532604,0.32013678885326036,0.32013678885326036,15,5,10,10,112,0.021320685931499384,390.0,1.151900039985776,564
3650,100,5,31.99444740175661,0.3199444740175661,0.3199444740175661,13,5,10,10,110,0.019231483569143393,414.0,0.7943999953567982,475
3651,100,6,31.97405393446705,0.3197405393446705,0.3197405393446705,13,5,9,9,112,0.02039346728922453,406.0,1.7746000085026026,564
3652,100,5,31.958125605639644,0.3195812560563964,0.3195812560563964,11,3,9,9,110,0.01592832882711548,574.0,1.0110000148415565,475
3653,100,8,31.9376801667515,0.319376801667515,0.319376801667515,9,4,5,5,116,0.02044543888774797,374.0,1.3899000477977097,736
3654,100,4,31.92393977370751,0.3192393977370751,0.3192393977370751,11,3,9,9,108,0.01374039304374719,654.0,0.78959995880723,384
3655,100,7,31.906212279713806,0.3190621227971381,0.3190621227971381,14,5,9,9,114,0.017727493993334065,322.0,0.8158999844454229,651
3656,100,4,31.892974845769775,0.3189297484576977,0.3189297484576977,7,3,5,5,108,0.013237433943757537,520.6666666666666,0.8882000111043453,384
3657,100,2,31.878847426244246,0.31878847426244245,0.31878847426244245,12,2,10,10,104,0.014127419525323148,1014.0,1.1585000320337713,196
3658,100,7,31.860099844362928,0.31860099844362927,0.31860099844362927,14,4,10,10,114,0.01874758188095882,369.0,0.9978000307455659,651
3659,100,1,31.848268416974584,0.31848268416974584,0.31848268416974584,11,1,10,10,102,0.011831427388187876,2014.0,1.0808000224642456,99
3660,100,6,31.827678402116003,0.31827678402116005,0.31827678402116005,16,5,12,12,112,0.020590014858271388,378.0,1.3185999705456197,564
3661,100,2,31.81384032552811,0.3181384032552811,0.3181384032552811,15,2,13,13,104,0.013838076587703085,1014.0,1.2131999828852713,196
3662,100,4,31.799539283998516,0.3179953928399852,0.3179953928399852,11,3,8,8,108,0.014301041529321878,567.3333333333334,1.0649000178091228,384
3663,100,6,31.780104006585947,0.31780104006585946,0.31780104006585946,16,4,13,13,112,0.019435277412242158,394.0,0.9978000307455659,564
3664,100,7,31.75483165873102,0.3175483165873102,0.3175483165873102,21,7,15,15,114,0.025272347854553345,299.7142857142857,1.1626000050455332,651
3665,100,6,31.736057314079847,0.31736057314079846,0.31736057314079846,16,4,12,12,112,0.018774344650850594,384.0,2.5160000077448785,564
3666,100,3,31.717939214268792,0.3171793921426879,0.3171793921426879,16,3,13,13,106,0.018118099810806143,680.6666666666666,1.2252000160515308,291
3667,100,0,31.69601369980316,0.3169601369980316,0.3169601369980316,22,22,22,22,0,0.021925514465635842,17.0,0.15129998791962862,0
3668,100,2,31.68132526091902,0.3168132526091902,0.3168132526091902,12,2,10,10,104,0.014688438883950994,1014.0,0.9719000081531703,196
3669,100,7,31.659751995179242,0.3165975199517924,0.3165975199517924,20,6,15,15,114,0.021573265739434078,320.6666666666667,0.990999978967011,651
3670,100,7,31.634460189842148,0.3163446018984215,0.3163446018984215,23,6,19,19,114,0.02529180533670683,310.6666666666667,0.9120000177063048,651
3671,100,5,31.615985726887,0.31615985726887,0.31615985726887,17,5,12,12,110,0.01847446295487032,414.0,1.0588000295683742,475
3672,100,5,31.597027752581017,0.3159702775258102,0.3159702775258102,16,4,12,12,110,0.01895797430567825,489.0,1.208100002259016,475
3673,100,7,31.570636694825378,0.31570636694825377,0.31570636694825377,24,7,17,17,114,0.02639105775526218,299.7142857142857,1.1195999686606228,651
3674,100,3,31.553135625021337,0.3155313562502134,0.3155313562502134,21,3,19,19,106,0.017501069803813607,680.6666666666666,1.0188999585807323,291
3675,100,5,31.530843909604485,0.31530843909604483,0.31530843909604483,17,5,14,14,110,0.022291715416542957,414.0,0.819800014141947,475
3676,100,6,31.510528688183804,0.31510528688183803,0.31510528688183803,18,3,15,15,112,0.02031522142034703,507.3333333333333,0.7699999841861427,564
3677,100,7,31.488115090030295,0.31488115090030294,0.31488115090030294,17,5,13,13,114,0.02241359815315036,326.0,1.2878000270575285,651
3678,100,7,31.466663113543405,0.314666631135434,0.314666631135434,18,6,13,13,114,0.0214519764865031,334.0,1.0918999905698001,651
3679,100,5,31.44820128316477,0.31448201283164773,0.31448201283164773,14,3,12,12,108,0.01846183037835658,580.6666666666666,1.6006000223569572,475
3680,100,3,31.43125128416071,0.3143125128416071,0.3143125128416071,18,3,15,15,106,0.016949999003813332,680.6666666666666,1.4471999602392316,291
3681,100,7,31.407488887977713,0.31407488887977714,0.31407488887977714,20,6,16,16,114,0.023762396182647194,314.0,0.8974000229500234,651
3682,100,8,31.383155368739494,0.31383155368739496,0.31383155368739496,21,6,15,15,116,0.024333519237799806,284.0,1.060199982021004,736
3683,100,7,31.359163273588628,0.3135916327358863,0.3135916327358863,17,6,13,13,114,0.023992095150489945,330.6666666666667,0.9426000178791583,651
3684,100,3,31.346377682109836,0.3134637768210984,0.3134637768210984,11,3,8,8,106,0.012785591478589708,680.6666666666666,1.3771000085398555,291
3685,100,2,31.332569130051013,0.31332569130051013,0.31332569130051013,15,2,13,13,104,0.013808552058620194,1014.0,1.040700008161366,196
3686,100,4,31.311011514668703,0.313110115146687,0.313110115146687,20,4,16,16,108,0.0215576153820507,514.0,1.1078999959863722,384
3687,100,6,31.291044632010195,0.31291044632010195,0.31291044632010195,18,5,14,14,112,0.01996688265816715,398.0,0.8101999992504716,564
3688,100,8,31.266821114023262,0.31266821114023263,0.31266821114023263,20,7,13,13,116,0.024223517986541765,265.42857142857144,0.9925999911502004,736
3689,100,6,31.239990705326207,0.3123999070532621,0.3123999070532621,21,6,15,15,112,0.02683040869675324,347.3333333333333,0.958200020249933,564
3690,100,2,31.223705538077446,0.31223705538077445,0.31223705538077445,16,2,15,15,104,0.016285167248554444,1014.0,0.839299988001585,196
3691,100,5,31.203175613512286,0.31203175613512285,0.31203175613512285,20,5,15,15,110,0.020529924564868907,414.0,1.00760004715994,475
3692,100,3,31.185831932068908,0.3118583193206891,0.3118583193206891,19,3,16,16,106,0.017343681443136916,680.6666666666666,1.137099985498935,291
3693,100,7,31.16440197862065,0.3116440197862065,0.3116440197862065,17,6,13,13,114,0.02142995344792098,320.6666666666667,0.9242999949492514,651
3694,100,2,31.148185705119875,0.31148185705119874,0.31148185705119874,15,2,13,13,104,0.016216273500575085,1014.0,2.4975999840535223,196
3695,100,6,31.131513425072292,0.31131513425072294,0.31131513425072294,12,4,9,9,112,0.016672280047245636,449.0,1.4734999858774245,564
3696,100,7,31.109156072701232,0.31109156072701233,0.31109156072701233,19,6,14,14,114,0.022357352370704575,324.0,0.7605000282637775,651
3697,100,3,31.089808052448394,0.3108980805244839,0.3108980805244839,15,3,12,12,106,0.019348020252607512,680.6666666666666,0.8950999472290277,291
3698,100,6,31.06951863421457,0.3106951863421457,0.3106951863421457,20,6,14,14,112,0.020289418233502943,347.3333333333333,0.9603000362403691,564
3699,100,5,31.050319289443326,0.3105031928944333,0.3105031928944333,21,5,16,16,110,0.01919934477096774,414.0,0.9852999937720597,475
3700,100,2,31.034152333674115,0.31034152333674114,0.31034152333674114,17,2,15,15,104,0.01616695576900895,1014.0,1.0318999993614852,196
3701,100,4,31.014323249676902,0.310143232496769,0.310143232496769,19,4,16,16,108,0.019829083996953045,514.0,0.983899983111769,384
3702,100,4,30.99713420530011,0.3099713420530011,0.3099713420530011,17,3,14,14,108,0.017189044376522133,640.6666666666666,1.1340999626554549,384
3703,100,3,30.983647784913924,0.30983647784913926,0.30983647784913926,13,2,12,12,106,0.013486420385959264,834.0,1.4069000026211143,291
3704,100,1,30.96894323552856,0.3096894323552856,0.3096894323552856,18,1,17,17,102,0.014704549385200494,2014.0,1.2326000141911209,99
3705,100,5,30.947865940780773,0.3094786594078077,0.3094786594078077,18,3,15,15,110,0.021077294747485098,580.6666666666666,1.0870000114664435,475
3706,100,10,30.919304930924294,0.30919304930924296,0.30919304930924296,22,6,17,17,120,0.028561009856034048,260.6666666666667,1.1736000305972993,900
3707,100,7,30.896603853200176,0.3089660385320018,0.3089660385320018,23,6,18,18,114,0.022701077723738194,330.6666666666667,1.0615999926812947,651
3708,100,6,30.87368211815124,0.3087368211815124,0.3087368211815124,21,5,17,17,112,0.02292173504859818,378.0,1.4081000117585063,564
3709,100,4,30.854851709173065,0.30854851709173065,0.30854851709173065,18,3,17,17,108,0.018830408977905222,660.6666666666666,1.1855000047944486,384
3710,100,3,30.83782246860865,0.3083782246860865,0.3083782246860865,16,2,14,14,106,0.017029240564184533,974.0,1.1919999960809946,291
3711,100,4,30.81835175446323,0.3081835175446323,0.3081835175446323,18,4,14,14,108,0.01947071414515733,514.0,0.977399991825223,384
3712,100,7,30.795073267029903,0.30795073267029904,0.30795073267029904,16,5,13,13,114,0.023278487432961015,370.0,0.9228999842889607,651
3713,100,3,30.777191460400463,0.3077719146040046,0.3077719146040046,19,3,16,16,106,0.017881806629205244,680.6666666666666,0.8987000328488648,291
3714,100,8,30.75538929347317,0.3075538929347317,0.3075538929347317,18,6,14,14,116,0.0218021669268893,270.6666666666667,0.8248999947682023,736
3715,100,7,30.734690023485296,0.30734690023485295,0.30734690023485295,17,4,13,13,114,0.020699269987517255,399.0,1.012599968817085,651
3716,100,6,30.712686225065337,0.3071268622506534,0.3071268622506534,21,5,18,18,112,0.022003798419618192,382.0,0.9243000531569123,564
3717,100,5,30.696578037479043,0.30696578037479044,0.30696578037479044,13,4,10,10,110,0.0161081875860134,469.0,2.6535000069998205,475
3718,100,7,30.67455331695812,0.3067455331695812,0.3067455331695812,17,5,12,12,114,0.022024720520548158,334.0,0.8258000016212463,651
3719,100,4,30.657122113931656,0.30657122113931656,0.30657122113931656,17,4,14,14,108,0.01743120302620582,514.0,1.0312999947927892,384
3720,100,3,30.640726660490643,0.3064072666049064,0.3064072666049064,14,3,11,11,106,0.016395453440793517,680.6666666666666,1.0308999917469919,291
3721,100,6,30.623430694511708,0.30623430694511705,0.30623430694511705,12,5,9,9,112,0.0172959659786045,390.0,1.1504999711178243,564
3722,100,7,30.59829771570698,0.3059829771570698,0.3059829771570698,22,6,17,17,114,0.025132978804364825,334.0,1.0705000022426248,651
3723,100,7,30.5779958461982,0.30577995846198197,0.30577995846198197,16,5,12,12,114,0.020301869508443815,290.0,0.8579999557696283,651
3724,100,6,30.555019622652758,0.30555019622652757,0.30555019622652757,21,4,17,17,112,0.022976223545086327,489.0,0.8817000198177993,564
3725,100,3,30.542713438743423,0.30542713438743424,0.30542713438743424,10,3,8,8,106,0.012306183909103652,680.6666666666666,1.0655000223778188,291
3726,100,6,30.525329758233525,0.30525329758233527,0.30525329758233527,8,3,5,5,112,0.017383680509567512,367.3333333333333,1.127100025769323,564
3727,100,5,30.506588344003784,0.3050658834400378,0.3050658834400378,14,5,11,11,110,0.018741414229452857,414.0,0.9312999900430441,475
3728,100,2,30.491113696725172,0.3049111369672517,0.3049111369672517,16,2,15,15,104,0.015474647278423959,1014.0,0.8938999962992966,196
3729,100,7,30.472487430792356,0.30472487430792355,0.30472487430792355,12,4,8,8,114,0.01862626593243988,349.0,0.8150000358000398,651
3730,100,8,30.45249337317399,0.3045249337317399,0.3045249337317399,17,5,12,12,116,0.019994057617978456,330.0,0.9186000097543001,736
3731,100,7,30.428776022991876,0.30428776022991877,0.30428776022991877,19,6,13,13,114,0.023717350181740926,300.6666666666667,2.4548000073991716,651
3732,100,4,30.409238225527037,0.30409238225527035,0.30409238225527035,17,4,14,14,108,0.0195377974645794,514.0,1.0358999716117978,384
3733,100,1,30.397482740516498,0.30397482740516496,0.30397482740516496,11,1,10,10,102,0.011755485010382927,2014.0,1.316600013524294,99
3734,100,5,30.380559263586488,0.3038055926358649,0.3038055926358649,13,5,8,8,110,0.016923476929719072,414.0,1.8078000284731388,475
3735,100,6,30.362023515302063,0.3036202351530206,0.3036202351530206,12,3,10,10,112,0.01853574828409421,414.0,0.8373999735340476,564
3736,100,3,30.346354736909408,0.3034635473690941,0.3034635473690941,13,2,11,11,106,0.015668778392409877,944.0,1.3015000149607658,291
3737,100,5,30.324050189418077,0.3032405018941808,0.3032405018941808,17,5,12,12,110,0.02230454749106059,414.0,0.9163999930024147,475
3738,100,5,30.30885929594924,0.3030885929594924,0.3030885929594924,11,4,7,7,110,0.0151908934685423,439.0,1.0873000137507915,475
3739,100,4,30.295308501301065,0.30295308501301066,0.30295308501301066,8,3,5,5,108,0.013550794647926523,500.6666666666667,0.8894999627955258,384
3740,100,4,30.28213401074293,0.3028213401074293,0.3028213401074293,7,3,4,4,108,0.013174490557872787,640.6666666666666,1.6737999976612628,384
3741,100,3,30.268918919139544,0.3026891891913954,0.3026891891913954,7,2,5,5,106,0.013215091603171913,994.0,0.8732000133022666,291
3742,100,9,30.244736434390198,0.30244736434390196,0.30244736434390196,20,5,16,16,118,0.02418248474890561,362.0,1.0530000436119735,819
3743,100,8,30.22634202221329,0.30226342022213293,0.30226342022213293,11,6,7,7,116,0.01839441217651938,280.6666666666667,1.116700004786253,736
3744,100,3,30.212645723853807,0.3021264572385381,0.3021264572385381,10,3,7,7,106,0.013696298359249681,680.6666666666666,1.5561000327579677,291
3745,100,6,30.19509392066185,0.30195093920661853,0.30195093920661853,14,5,10,10,112,0.01755180319162264,386.0,0.8188000065274537,564
3746,100,9,30.175636692378195,0.30175636692378194,0.30175636692378194,13,4,9,9,118,0.01945722828324392,284.0,0.7840999751351774,819
3747,100,4,30.157037684602333,0.30157037684602334,0.30157037684602334,18,4,14,14,108,0.018599007775577547,514.0,0.8841999806463718,384
3748,100,4,30.137178423480744,0.3013717842348074,0.3013717842348074,17,4,13,13,108,0.019859261121325744,514.0,1.104600029066205,384
3749,100,6,30.115089792286707,0.3011508979228671,0.3011508979228671,21,5,16,16,112,0.02208863119369653,382.0,1.0127999703399837,564
3750,100,2,30.104115495182025,0.30104115495182027,0.30104115495182027,10,2,9,9,104,0.0109742971044966,1014.0,0.8169999928213656,196
3751,100,4,30.085568871235733,0.30085568871235735,0.30085568871235735,19,4,16,16,108,0.018546623946008367,514.0,1.2974999845027924,384
3752,100,6,30.06527470414648,0.3006527470414648,0.3006527470414648,19,5,17,17,112,0.02029416708892029,362.0,1.1021000100299716,564
3753,100,6,30.043789119289663,0.30043789119289666,0.30043789119289666,16,6,10,10,112,0.021485584856492324,347.3333333333333,1.2218999909237027,564
3754,100,3,30.024784755821774,0.30024784755821776,0.30024784755821776,20,3,17,17,106,0.019004363467658436,680.6666666666666,0.859699968714267,291
3755,100,6,29.999846587237933,0.2999984658723793,0.2999984658723793,20,6,15,15,112,0.024938168583503284,347.3333333333333,0.9465999901294708,564
3756,100,3,29.980107972201562,0.29980107972201564,0.29980107972201564,19,3,17,17,106,0.01973861503614671,680.6666666666666,0.9230999858118594,291
3757,100,4,29.961467803323398,0.299614678033234,0.299614678033234,18,4,14,14,108,0.018640168877908536,514.0,0.741700001526624,384
3758,100,6,29.94081892916442,0.2994081892916442,0.2994081892916442,18,5,14,14,112,0.020648874158652575,370.0,0.8160999859683216,564
3759,100,4,29.92333449763511,0.2992333449763511,0.2992333449763511,16,4,13,13,108,0.017484431529041444,514.0,2.0327999955043197,384
3760,100,8,29.8964333783905,0.298964333783905,0.298964333783905,25,7,18,18,116,0.02690111924421501,274.0,0.8291000267490745,736
3761,100,6,29.878381606042307,0.2987838160604231,0.2987838160604231,15,4,11,11,112,0.01805177234786015,384.0,0.9133000276051462,564
3762,100,4,29.86184187835737,0.2986184187835737,0.2986184187835737,18,4,15,15,108,0.016539727684687477,514.0,0.9964000200852752,384
3763,100,6,29.837109104091873,0.29837109104091875,0.29837109104091875,22,6,18,18,112,0.02473277426516063,347.3333333333333,0.9305999847128987,564
3764,100,4,29.81845224402108,0.2981845224402108,0.2981845224402108,21,4,17,17,108,0.018656860070521475,514.0,1.4788999687880278,384
3765,100,5,29.796295851861,0.29796295851861,0.29796295851861,20,4,16,16,110,0.022156392159786265,489.0,1.0334999533370137,475
3766,100,2,29.779651699543766,0.2977965169954377,0.2977965169954377,18,2,17,17,104,0.01664415231704197,1014.0,2.0195000106468797,196
3767,100,2,29.76289708227632,0.29762897082276324,0.29762897082276324,18,2,17,17,104,0.016754617267253025,1014.0,0.9215000318363309,196
3768,100,7,29.73669436023734,0.2973669436023734,0.2973669436023734,26,5,21,21,114,0.02620272203861873,374.0,1.0496999602764845,651
3769,100,10,29.71076073718053,0.2971076073718053,0.2971076073718053,22,7,18,18,120,0.025933623056346278,236.85714285714286,1.2992999982088804,900
3770,100,6,29.69110494369894,0.29691104943698937,0.29691104943698937,18,4,14,14,112,0.019655793481263117,414.0,1.1659000301733613,564
3771,100,5,29.66901036768796,0.2966901036768796,0.2966901036768796,26,5,22,22,110,0.022094576010687206,414.0,0.9796999511308968,475
3772,100,3,29.651138602698605,0.29651138602698607,0.29651138602698607,19,3,16,16,106,0.017871764989124017,680.6666666666666,0.9787000017240644,291
3773,100,6,29.62608992991595,0.2962608992991595,0.2962608992991595,22,6,18,18,112,0.025048672782318704,347.3333333333333,0.8271000115200877,564
3774,100,2,29.612104820880663,0.29612104820880664,0.29612104820880664,15,2,13,13,104,0.013985109035090204,1014.0,0.8526000310666859,196
3775,100,7,29.593821177879416,0.29593821177879415,0.29593821177879415,15,3,12,12,114,0.01828364300088481,560.6666666666666,0.8387999841943383,651
3776,100,1,29.578081362407794,0.29578081362407793,0.29578081362407793,16,1,15,15,102,0.015739815471462748,2014.0,1.0594000341370702,99
3777,100,6,29.55607079776966,0.2955607079776966,0.2955607079776966,19,6,15,15,112,0.022010564637781727,347.3333333333333,1.2303999974392354,564
3778,100,6,29.53434517070443,0.2953434517070443,0.2953434517070443,15,5,11,11,112,0.021725627064896003,370.0,0.9014999959617853,564
3779,100,4,29.515594562780688,0.2951559456278069,0.2951559456278069,19,4,15,15,108,0.01875060792347938,514.0,1.9966000108979642,384
3780,100,5,29.49424063532734,0.2949424063532734,0.2949424063532734,22,5,17,17,110,0.021353927453048982,414.0,1.050200022291392,475
3781,100,2,29.476945980373245,0.2947694598037324,0.2947694598037324,19,2,18,18,104,0.01729465495388638,1014.0,1.028000027872622,196
3782,100,3,29.461413900367404,0.29461413900367406,0.29461413900367406,15,3,12,12,106,0.015532080005613125,680.6666666666666,0.9619999909773469,291
3783,100,4,29.444082076969803,0.294440820769698,0.294440820769698,18,4,14,14,108,0.01733182339734185,514.0,1.5849000192247331,384
3784,100,7,29.420404461139306,0.29420404461139305,0.29420404461139305,20,6,14,14,112,0.023677615830138166,344.0,1.0263999574817717,651
3785,100,4,29.401566824374417,0.29401566824374414,0.29401566824374414,21,3,18,18,108,0.018837636764629906,614.0,1.035100023727864,384
3786,100,5,29.379136545262675,0.29379136545262674,0.29379136545262674,20,5,15,15,110,0.022430279111446794,414.0,1.6904000076465309,475
3787,100,6,29.356622983421737,0.2935662298342174,0.2935662298342174,22,5,18,18,112,0.022513561840597163,378.0,0.8325999951921403,564
3788,100,3,29.34033406397427,0.2934033406397427,0.2934033406397427,18,2,16,16,106,0.016288919447234207,924.0,0.9237000485882163,291
3789,100,9,29.311974895260214,0.2931197489526021,0.2931197489526021,24,7,18,18,118,0.028359168713620875,279.7142857142857,1.1697000009007752,819
3790,100,7,29.285494139367398,0.29285494139367396,0.29285494139367396,21,7,16,16,114,0.026480755892436036,299.7142857142857,0.8493000059388578,651
3791,100,2,29.270001004885515,0.29270001004885515,0.29270001004885515,17,2,15,15,104,0.015493134481701532,1014.0,0.900499988347292,196
3792,100,4,29.25596076332422,0.29255960763324224,0.29255960763324224,11,3,9,9,108,0.014040241561019684,574.0,0.9829000337049365,384
3793,100,7,29.23404062082571,0.2923404062082571,0.2923404062082571,19,6,14,14,114,0.021920142498160544,334.0,0.9554999996908009,651
3794,100,4,29.21756562397042,0.2921756562397042,0.2921756562397042,17,4,14,14,108,0.01647499685502396,514.0,1.2866000179201365,384
3795,100,6,29.195062752355888,0.2919506275235589,0.2919506275235589,21,5,16,16,112,0.02250287161420772,386.0,1.074100029654801,564
3796,100,5,29.174348128617712,0.2917434812861771,0.2917434812861771,18,5,14,14,110,0.020714623737873694,414.0,0.7920999778434634,475
3797,100,8,29.14867735772507,0.2914867735772507,0.2914867735772507,18,6,13,13,116,0.025670770892261885,310.6666666666667,0.9527999791316688,736
3798,100,4,29.131316272518703,0.29131316272518704,0.29131316272518704,19,4,15,15,108,0.017361085206090365,514.0,1.1758999899029732,384
3799,100,5,29.112622781821678,0.2911262278182168,0.2911262278182168,19,5,15,15,110,0.01869349069673376,414.0,0.977999996393919,475
3800,100,6,29.09157892659035,0.2909157892659035,0.2909157892659035,16,6,11,11,112,0.021043855230999498,347.3333333333333,1.291499997023493,564
3801,100,5,29.069594747857757,0.2906959474785776,0.2906959474785776,23,5,20,20,110,0.0219841787322963,414.0,0.8511000196449459,475
3802,100,7,29.047148139752117,0.29047148139752116,0.29047148139752116,21,6,15,15,114,0.02244660810526966,337.3333333333333,1.1648000217974186,651
3803,100,7,29.02388952744249,0.29023889527442487,0.29023889527442487,24,5,22,22,114,0.02325861230924886,326.0,0.9083999902941287,651
3804,100,3,29.007830313385202,0.290078303133852,0.290078303133852,15,2,13,13,106,0.016059214057079885,954.0,1.750199997331947,291
3805,100,7,28.981061624728945,0.28981061624728943,0.28981061624728943,23,7,16,16,114,0.02676868865587778,299.7142857142857,0.8866999996826053,651
3806,100,8,28.951359491006993,0.28951359491006995,0.28951359491006995,32,7,27,27,114,0.029702133721542623,296.85714285714283,0.9804999572224915,736
3807,100,5,28.926492500709454,0.28926492500709455,0.28926492500709455,19,5,15,15,110,0.024866990297240932,414.0,0.907599984202534,475
3808,100,6,28.899523297824626,0.28899523297824625,0.28899523297824625,26,6,20,20,112,0.026969202884501442,347.3333333333333,0.8161999867297709,564
3809,100,7,28.873680165645442,0.28873680165645443,0.28873680165645443,24,6,19,19,114,0.025843132178820838,327.3333333333333,2.3074999917298555,651
3810,100,5,28.850632282958312,0.2885063228295831,0.2885063228295831,22,5,17,17,110,0.023047882686839216,414.0,0.8382999803870916,475
3811,100,1,28.8352049048338,0.288352049048338,0.288352049048338,18,1,18,18,102,0.01542737812435746,2014.0,2.921299950685352,99
3812,100,5,28.810944102555826,0.28810944102555824,0.28810944102555824,24,5,21,21,110,0.02426080227765226,414.0,1.3079000054858625,475
3813,100,6,28.787925186151558,0.2878792518615156,0.2878792518615156,19,6,16,16,112,0.023018916403955814,347.3333333333333,1.7939999816007912,564
3814,100,5,28.76843336845486,0.2876843336845486,0.2876843336845486,19,5,14,14,110,0.019491817696390967,414.0,1.4713999698869884,475
3815,100,1,28.75111261966501,0.2875111261966501,0.2875111261966501,22,1,21,21,102,0.017320748789686036,2014.0,1.0600999812595546,99
3816,100,2,28.73569860966829,0.2873569860966829,0.2873569860966829,15,2,14,14,104,0.015414009996533196,1014.0,0.8130999631248415,196
3817,100,5,28.71511485722159,0.2871511485722159,0.2871511485722159,20,5,17,17,110,0.020583752446398762,414.0,1.551200053654611,475
3818,100,5,28.69334812653192,0.2869334812653192,0.2869334812653192,20,5,15,15,110,0.021766730689378733,414.0,0.8289999677799642,475
3819,100,4,28.675967176792156,0.28675967176792155,0.28675967176792155,18,4,14,14,108,0.017380949739489893,514.0,0.8953000069595873,384
3820,100,4,28.654998458592043,0.28654998458592046,0.28654998458592046,23,4,20,20,108,0.020968718199853242,514.0,2.6174000231549144,384
3821,100,6,28.632592643661198,0.286325926436612,0.286325926436612,20,6,14,14,112,0.022405814930522183,347.3333333333333,0.881300016772002,564
3822,100,6,28.611943502018192,0.28611943502018194,0.28611943502018194,21,6,15,15,112,0.020649141642650193,347.3333333333333,1.6825000056996942,564
3823,100,5,28.592151273572668,0.2859215127357267,0.2859215127357267,18,5,13,13,110,0.0197922284452261,414.0,0.8756999741308391,475
3824,100,7,28.56605767535417,0.2856605767535417,0.2856605767535417,27,7,20,20,114,0.02609359821813939,299.7142857142857,1.1828999849967659,651
3825,100,8,28.541070503023462,0.28541070503023463,0.28541070503023463,26,8,22,22,116,0.02498717233029879,264.0,2.8744000010192394,736
3826,100,2,28.525750125969044,0.28525750125969046,0.28525750125969046,15,2,13,13,104,0.015320377054209189,1014.0,1.6193999908864498,196
3827,100,7,28.50095041555347,0.28500950415553467,0.28500950415553467,22,7,18,18,114,0.024799710415251752,299.7142857142857,5.749400006607175,651
3828,100,6,28.474944756138544,0.2847494475613854,0.2847494475613854,22,5,18,18,112,0.02600565941457944,394.0,0.8896999643184245,564
3829,100,6,28.452442292890233,0.28452442292890234,0.28452442292890234,19,5,14,14,112,0.022502463247974447,354.0,0.9543999913148582,564
3830,100,6,28.430747494083494,0.28430747494083497,0.28430747494083497,22,6,19,19,112,0.021694798806393578,347.3333333333333,2.8350999928079545,564
3831,100,5,28.409135956703526,0.28409135956703524,0.28409135956703524,21,4,17,17,110,0.02161153737968391,474.0,0.8710999973118305,475
3832,100,4,28.3886339875319,0.283886339875319,0.283886339875319,17,4,13,13,108,0.020501969171334622,514.0,4.450199950952083,384
3833,100,1,28.375806133215615,0.28375806133215614,0.28375806133215614,14,1,13,13,102,0.012827854316157072,2014.0,0.8536000386811793,99
3834,100,4,28.357872354580415,0.28357872354580416,0.28357872354580416,18,4,16,16,108,0.0179337786349123,514.0,0.8802000083960593,384
3835,100,4,28.339388804789202,0.283393888047892,0.283393888047892,18,4,15,15,108,0.018483549790957454,514.0,3.752000047825277,384
3836,100,1,28.322233192500036,0.28322233192500035,0.28322233192500035,19,1,18,18,102,0.01715561228901663,2014.0,0.998099974822253,99
3837,100,4,28.301479220776883,0.2830147922077688,0.2830147922077688,21,4,18,18,108,0.020753971722882625,514.0,1.278500014450401,384
3838,100,7,28.27540044896226,0.28275400448962257,0.28275400448962257,20,6,14,14,114,0.02607877181425522,340.6666666666667,0.8842000388540328,651
3839,100,7,28.249364932510247,0.28249364932510246,0.28249364932510246,25,6,20,20,114,0.026035516451642593,294.0,0.8166999905370176,651
3840,100,5,28.22943721412197,0.28229437214121966,0.28229437214121966,20,4,17,17,110,0.019927718387990012,469.0,1.0569999576546252,475
3841,100,7,28.20419928260316,0.2820419928260316,0.2820419928260316,27,7,21,21,114,0.025237931518447,299.7142857142857,2.6867000269703567,651
3842,100,6,28.18258165403919,0.2818258165403919,0.2818258165403919,17,4,14,14,112,0.021617628563646463,424.0,1.006399979814887,564
3843,100,2,28.16233223057802,0.2816233223057802,0.2816233223057802,16,2,14,14,104,0.020249423460981575,1014.0,0.9704999974928796,196
3844,100,6,28.141797107458153,0.28141797107458155,0.28141797107458155,20,5,16,16,112,0.02053512311952943,382.0,0.9493000106886029,564
3845,100,4,28.120270890955954,0.28120270890955956,0.28120270890955956,19,4,15,15,108,0.021526216501925433,514.0,1.0786000057123601,384
3846,100,4,28.10533835691185,0.2810533835691185,0.2810533835691185,13,3,10,10,108,0.014932534043850865,607.3333333333334,3.7630999577231705,384
3847,100,7,28.086557603557246,0.28086557603557244,0.28086557603557244,15,5,11,11,114,0.018780753354235458,306.0,1.9564999965950847,651
3848,100,6,28.06782656176053,0.2806782656176053,0.2806782656176053,14,4,10,10,112,0.01873104179638574,419.0,0.9323999984189868,564
3849,100,6,28.048144162785253,0.28048144162785255,0.28048144162785255,15,5,11,11,112,0.019682398974936177,338.0,1.029200037010014,564
3850,100,1,28.034740466352304,0.28034740466352304,0.28034740466352304,12,1,11,11,102,0.013403696432789047,2014.0,0.9424000163562596,99
3851,100,1,28.02270263945446,0.2802270263945446,0.2802270263945446,13,1,12,12,102,0.01203782689768218,2014.0,0.840199994854629,99
3852,100,4,28.00485969697545,0.28004859696975454,0.28004859696975454,17,4,14,14,108,0.017842942478736745,514.0,1.346200006082654,384
3853,100,3,27.985132837386743,0.27985132837386745,0.27985132837386745,15,3,13,13,106,0.019726859588487855,680.6666666666666,2.842899993993342,291
3854,100,4,27.9692377797305,0.279692377797305,0.279692377797305,15,4,11,11,108,0.01589505765598176,514.0,1.5690999571233988,384
3855,100,9,27.943558441737594,0.2794355844173759,0.2794355844173759,18,6,12,12,118,0.025679337992485785,284.0,0.8913000347092748,819
3856,100,6,27.919131356035013,0.27919131356035015,0.27919131356035015,20,6,15,15,112,0.024427085702228624,347.3333333333333,1.204799977131188,564
3857,100,8,27.89396675303135,0.2789396675303135,0.2789396675303135,23,6,17,17,116,0.025164603003275943,297.3333333333333,0.866499962285161,736
3858,100,5,27.870435060224935,0.27870435060224935,0.27870435060224935,25,5,20,20,110,0.023531692806116666,414.0,1.324300013948232,475
3859,100,6,27.84946800768222,0.2784946800768222,0.2784946800768222,18,5,14,14,112,0.020967052542388842,390.0,1.9136000191792846,564
3860,100,5,27.832712867984693,0.27832712867984694,0.27832712867984694,14,5,11,11,110,0.01675513969723852,414.0,0.9051000233739614,475
3861,100,4,27.810073371139286,0.2781007337113929,0.2781007337113929,21,3,18,18,108,0.022639496845130225,640.6666666666666,1.1784000089392066,384
3862,100,5,27.788372914015362,0.27788372914015363,0.27788372914015363,20,5,17,17,110,0.02170045712362878,414.0,1.6867000376805663,475
3863,100,7,27.76681988781302,0.2776681988781302,0.2776681988781302,20,5,16,16,114,0.021553026201971193,330.0,0.9929999941959977,651
3864,100,3,27.74948903072033,0.2774948903072033,0.2774948903072033,19,3,17,17,106,0.017330857092474616,680.6666666666666,0.858799961861223,291
3865,100,4,27.72820068702618,0.27728200687026183,0.27728200687026183,19,4,15,15,108,0.02128834369388244,514.0,1.672700047492981,384
3866,100,8,27.706947906536264,0.27706947906536267,0.27706947906536267,19,7,12,12,116,0.02125278048950463,285.42857142857144,0.9180999477393925,736
3867,100,5,27.689720572162948,0.27689720572162946,0.27689720572162946,14,5,10,10,110,0.017227334373032477,414.0,0.9162000496871769,475
3868,100,6,27.66492335549583,0.2766492335549583,0.2766492335549583,20,5,17,17,112,0.024797216666797794,374.0,0.9879999561235309,564
3869,100,4,27.645664079423668,0.27645664079423665,0.27645664079423665,18,4,15,15,108,0.01925927607186395,514.0,1.3697000104002655,384
3870,100,2,27.63046408327623,0.2763046408327623,0.2763046408327623,12,2,10,10,104,0.015199996147259753,1014.0,1.0353000252507627,196
3871,100,6,27.61472406812897,0.2761472406812897,0.2761472406812897,12,4,9,9,112,0.015740015146931796,349.0,0.9908000356517732,564
3872,100,3,27.59793952316212,0.2759793952316212,0.2759793952316212,17,3,14,14,106,0.01678454496662596,680.6666666666666,1.0393999982625246,291
3873,100,7,27.575595614240196,0.27575595614240195,0.27575595614240195,19,6,14,14,114,0.02234390892155602,320.6666666666667,0.9888999629765749,651
3874,100,12,27.545916276116376,0.2754591627611638,0.2754591627611638,21,7,15,15,124,0.02967933812330159,205.42857142857142,0.8594999671913683,1056
3875,100,1,27.530219107477933,0.2753021910747793,0.2753021910747793,16,1,15,15,102,0.015697168638268977,2014.0,0.861500040628016,99
3876,100,1,27.51452478547027,0.27514524785470273,0.27514524785470273,18,1,17,17,102,0.01569432200751919,2014.0,0.8184000034816563,99
3877,100,8,27.489487954004645,0.27489487954004643,0.27489487954004643,20,6,14,14,116,0.02503683146522917,307.3333333333333,0.9649999556131661,736
3878,100,5,27.469116024004606,0.2746911602400461,0.2746911602400461,16,5,11,11,110,0.020371929999740246,414.0,1.0692999931052327,475
3879,100,4,27.452448137029638,0.2745244813702964,0.2745244813702964,14,4,11,11,108,0.016667886974715884,514.0,1.288199971895665,384
3880,100,7,27.42600201265459,0.2742600201265459,0.2742600201265459,25,5,21,21,114,0.02644612437468652,370.0,1.6041999915614724,651
3881,100,7,27.404313955205467,0.27404313955205467,0.27404313955205467,19,6,13,13,112,0.021688057448756126,344.0,0.5622999742627144,651
3882,100,5,27.38462207807562,0.2738462207807562,0.2738462207807562,19,4,15,15,110,0.019691877129559998,469.0,1.705500006210059,475
3883,100,6,27.361404044085806,0.2736140404408581,0.2736140404408581,17,5,14,14,112,0.023218033989465425,358.0,1.0822000331245363,564
3884,100,4,27.341008833945118,0.2734100883394512,0.2734100883394512,19,4,16,16,108,0.020395210140421227,514.0,2.313599979970604,384
3885,100,3,27.323198250660756,0.2732319825066076,0.2732319825066076,19,3,16,16,106,0.01781058328414531,680.6666666666666,1.131199998781085,291
3886,100,6,27.304264169097223,0.27304264169097225,0.27304264169097225,16,5,12,12,112,0.01893408156321641,338.0,1.574199995957315,564
3887,100,7,27.280095084116546,0.27280095084116546,0.27280095084116546,18,5,13,13,114,0.024169084980329103,382.0,1.1212000390514731,651
3888,100,8,27.260958231273992,0.2726095823127399,0.2726095823127399,14,3,11,11,116,0.019136852842152052,367.3333333333333,0.9421999566257,736
3889,100,4,27.242514413153323,0.27242514413153324,0.27242514413153324,15,4,11,11,108,0.018443818120417177,514.0,1.4771000132896006,384
3890,100,6,27.218683847227144,0.27218683847227143,0.27218683847227143,18,4,15,15,112,0.023830565925848646,424.0,0.9913000394590199,564
3891,100,3,27.202818425130904,0.27202818425130904,0.27202818425130904,15,3,12,12,106,0.015865422095998838,680.6666666666666,1.1890000314451754,291
3892,100,5,27.185058136342903,0.27185058136342904,0.27185058136342904,14,4,10,10,110,0.017760288787712852,479.0,1.1124999728053808,475
3893,100,5,27.166563611732354,0.27166563611732353,0.27166563611732353,17,4,13,13,110,0.018494524610247254,494.0,1.1482000118121505,475
3894,100,1,27.155238584313935,0.27155238584313934,0.27155238584313934,10,1,9,9,102,0.01132502741825192,2014.0,0.8373999735340476,99
3895,100,8,27.1326454643667,0.271326454643667,0.271326454643667,15,6,11,11,116,0.02259311994684765,260.6666666666667,0.9803000139072537,736
3896,100,5,27.110806344431627,0.27110806344431626,0.27110806344431626,18,5,14,14,110,0.021839119934782047,414.0,0.8010999881662428,475
3897,100,3,27.097313760774266,0.27097313760774266,0.27097313760774266,12,3,9,9,106,0.01349258365713979,680.6666666666666,0.8037000079639256,291
3898,100,4,27.079532639444515,0.27079532639444515,0.27079532639444515,16,4,12,12,108,0.01778112132949161,514.0,0.9065999765880406,384
3899,100,3,27.06296469783264,0.2706296469783264,0.2706296469783264,17,3,14,14,106,0.016567941611626225,680.6666666666666,0.9169000550173223,291
3900,100,6,27.04069895057266,0.2704069895057266,0.2704069895057266,19,5,14,14,112,0.02226574725966657,366.0,1.6345999902114272,564
3901,100,8,27.01842843260357,0.2701842843260357,0.2701842843260357,15,5,10,10,116,0.022270517968706827,310.0,1.2187999673187733,736
3902,100,1,27.003884727893055,0.27003884727893057,0.27003884727893057,14,1,13,13,102,0.014543704710362704,2014.0,1.064100011717528,99
3903,100,6,26.983019946514325,0.26983019946514325,0.26983019946514325,16,5,11,11,112,0.02086478137840686,390.0,0.8284000214189291,564
3904,100,1,26.969287205118434,0.26969287205118436,0.26969287205118436,12,1,11,11,102,0.013732741395727999,2014.0,0.9366999729536474,99
3905,100,6,26.949717492079742,0.26949717492079744,0.26949717492079744,18,6,12,12,112,0.019569713038379177,347.3333333333333,2.0380999776534736,564
3906,100,9,26.92724602666646,0.26927246026666457,0.26927246026666457,17,7,10,10,118,0.022471465412849057,248.28571428571428,1.1668999795801938,819
3907,100,4,26.911220940768338,0.2691122094076834,0.2691122094076834,13,4,9,9,108,0.016025085897851454,514.0,1.042200019583106,384
3908,100,7,26.890574998329097,0.268905749983291,0.268905749983291,14,5,9,9,114,0.02064594243888962,358.0,0.985399994533509,651
3909,100,8,26.871485695579057,0.26871485695579056,0.26871485695579056,12,4,9,9,116,0.019089302749648596,374.0,0.8425000123679638,736
3910,100,7,26.852023587277568,0.2685202358727757,0.2685202358727757,13,6,7,7,114,0.019462108301141257,324.0,1.06669997330755,651
3911,100,3,26.837636210146258,0.2683763621014626,0.2683763621014626,13,3,10,10,106,0.014387377131072299,680.6666666666666,0.8193000103347003,291
3912,100,3,26.82505211895114,0.2682505211895114,0.2682505211895114,8,3,5,5,106,0.012584091194895564,680.6666666666666,1.4768000110052526,291
3913,100,2,26.811352577898944,0.26811352577898945,0.26811352577898945,15,2,13,13,104,0.01369954105199156,1014.0,0.9317999938502908,196
3914,100,3,26.795266743160305,0.26795266743160306,0.26795266743160306,13,2,11,11,106,0.01608583473841918,924.0,1.1196000268682837,291
3915,100,8,26.76919228663741,0.2676919228663741,0.2676919228663741,18,6,13,13,116,0.02607445652249396,324.0,0.7598000229336321,736
3916,100,3,26.75368971908213,0.2675368971908213,0.2675368971908213,14,3,12,12,106,0.01550256755506041,680.6666666666666,0.9289999725297093,291
3917,100,1,26.741633105192168,0.2674163310519217,0.2674163310519217,11,1,10,10,102,0.012056613889797063,2014.0,1.0375999845564365,99
3918,100,9,26.71334264967706,0.2671334264967706,0.2671334264967706,19,6,16,16,118,0.02829045551469278,274.0,1.2778000091202557,819
3919,100,5,26.69345718047843,0.2669345718047843,0.2669345718047843,14,5,10,10,110,0.019885469198342776,414.0,0.9685999830253422,475
3920,100,7,26.67215149507626,0.26672151495076263,0.26672151495076263,16,6,10,10,114,0.021305685401813435,297.3333333333333,0.9933999972417951,651
3921,100,3,26.654695845675867,0.2665469584567587,0.2665469584567587,16,3,13,13,106,0.017455649400147877,680.6666666666666,1.2445999891497195,291
3922,100,5,26.63213904572367,0.2663213904572367,0.2663213904572367,19,5,14,14,110,0.022556799951900075,414.0,0.8905999711714685,475
3923,100,7,26.610177557302222,0.2661017755730222,0.2661017755730222,21,7,16,16,114,0.021961488421098352,299.7142857142857,1.069999998435378,651
3924,100,3,26.591442171374688,0.26591442171374685,0.26591442171374685,13,3,10,10,106,0.018735385927300285,680.6666666666666,0.8968000183813274,291
3925,100,1,26.58026595631418,0.2658026595631418,0.2658026595631418,10,1,9,9,102,0.011176215060359596,2014.0,0.833700003568083,99
3926,100,7,26.5588684019767,0.265588684019767,0.265588684019767,16,5,11,11,114,0.021397554337127644,322.0,0.9377999813295901,651
3927,100,3,26.543744685935305,0.26543744685935305,0.26543744685935305,12,3,9,9,106,0.015123716041173907,680.6666666666666,0.8969000191427767,291
3928,100,5,26.52446752993617,0.2652446752993617,0.2652446752993617,18,5,15,15,110,0.019277155998835838,414.0,1.0454999865032732,475
3929,100,4,26.503080985068987,0.2650308098506899,0.2650308098506899,14,4,11,11,108,0.021386544866928148,514.0,1.7657999997027218,384
3930,100,7,26.485614619717673,0.26485614619717673,0.26485614619717673,13,5,8,8,114,0.01746636535094126,338.0,0.8364000241272151,651
3931,100,7,26.46780247875469,0.26467802478754693,0.26467802478754693,12,4,9,9,114,0.017812140962618628,409.0,0.9222999797202647,651
3932,100,4,26.451141813858595,0.2645114181385859,0.2645114181385859,16,4,14,14,108,0.01666066489585205,514.0,1.1344000231474638,384
3933,100,4,26.435253701577643,0.26435253701577643,0.26435253701577643,13,4,11,11,108,0.015888112280677547,514.0,0.943400023970753,384
3934,100,6,26.414653872007364,0.26414653872007365,0.26414653872007365,18,5,13,13,112,0.020599829569960093,406.0,0.8547999896109104,564
3935,100,2,26.40271963625662,0.2640271963625662,0.2640271963625662,9,2,7,7,104,0.01193423575054453,1014.0,4.214100015815347,196
3936,100,8,26.38535001147155,0.26385350011471553,0.26385350011471553,11,4,8,8,116,0.01736962478466353,289.0,0.9988000383600593,736
3937,100,5,26.365025368180273,0.2636502536818027,0.2636502536818027,14,4,11,11,110,0.020324643290990707,499.0,0.915299984626472,475
3938,100,6,26.344180394029294,0.26344180394029293,0.26344180394029293,16,6,11,11,112,0.020844974150648454,347.3333333333333,0.9323999984189868,564
3939,100,6,26.323644042660135,0.2632364404266013,0.2632364404266013,16,5,12,12,112,0.020536351368832584,366.0,0.90230000205338,564
3940,100,6,26.301516919105183,0.26301516919105183,0.26301516919105183,18,5,13,13,112,0.022127123554625427,406.0,1.3447999954223633,564
3941,100,10,26.277439762086324,0.26277439762086324,0.26277439762086324,21,7,17,17,120,0.024077157018410844,219.71428571428572,1.082399976439774,900
3942,100,2,26.2619965176916,0.262619965176916,0.262619965176916,13,2,11,11,104,0.015443244394532485,1014.0,1.5752000035718083,196
3943,100,4,26.246212352599425,0.26246212352599424,0.26246212352599424,13,3,10,10,108,0.01578416509190106,627.3333333333334,1.2021000147797167,384
3944,100,7,26.226462437099784,0.26226462437099785,0.26226462437099785,14,5,9,9,114,0.019749915499275517,334.0,1.133000012487173,651
3945,100,3,26.210480753455155,0.26210480753455156,0.26210480753455156,18,3,15,15,106,0.015981683644383793,680.6666666666666,1.115199993364513,291
3946,100,7,26.185794405470038,0.26185794405470036,0.26185794405470036,19,7,13,13,114,0.024686347984768986,299.7142857142857,1.0642000124789774,651
3947,100,4,26.1626826174943,0.26162682617494304,0.26162682617494304,17,4,13,13,108,0.023111787975480524,514.0,1.5610000118613243,384
3948,100,4,26.144070120317796,0.26144070120317797,0.26144070120317797,15,3,13,13,108,0.018612497176249576,614.0,0.9754999773576856,384
3949,100,1,26.12580585755255,0.2612580585755255,0.2612580585755255,15,1,14,14,102,0.018264262765086414,2014.0,0.9542999905534089,99
3950,100,3,26.109224193477107,0.2610922419347711,0.2610922419347711,16,3,13,13,106,0.016581664075218328,680.6666666666666,1.1906999861821532,291
3951,100,5,26.091502779587145,0.26091502779587145,0.26091502779587145,16,4,12,12,110,0.017721413889660198,414.0,1.2486999621614814,475
3952,100,5,26.06856316111092,0.2606856316111092,0.2606856316111092,22,5,18,18,110,0.022939618475930956,414.0,1.0252000065520406,475
3953,100,9,26.04061845774132,0.2604061845774132,0.2604061845774132,23,8,18,18,118,0.02794470336917243,239.0,1.2873999658040702,819
3954,100,7,26.018544696530917,0.26018544696530915,0.26018544696530915,18,6,12,12,114,0.0220737612100379,334.0,0.9410000056959689,651
3955,100,6,25.996559276337166,0.25996559276337167,0.25996559276337167,20,6,14,14,112,0.021985420193431082,347.3333333333333,0.8136999676935375,564
3956,100,1,25.98635601485413,0.2598635601485413,0.2598635601485413,9,1,9,9,102,0.01020326148287154,2014.0,2.0763000356964767,99
3957,100,6,25.96244193960596,0.25962441939605957,0.25962441939605957,19,6,14,14,112,0.023914075247830624,347.3333333333333,1.4646999770775437,564
3958,100,7,25.93902864138254,0.2593902864138254,0.2593902864138254,19,7,14,14,114,0.02341329822307614,299.7142857142857,0.8698999881744385,651
3959,100,3,25.92447216069976,0.25924472160699763,0.25924472160699763,15,3,12,12,106,0.014556480682543338,680.6666666666666,0.8020999957807362,291
3960,100,5,25.905114574579372,0.25905114574579374,0.25905114574579374,14,4,11,11,110,0.019357586120094084,474.0,1.3673999928869307,475
3961,100,6,25.88913267966013,0.2588913267966013,0.2588913267966013,11,4,7,7,112,0.01598189491890878,409.0,0.9603999787941575,564
3962,100,5,25.869508112597813,0.2586950811259781,0.2586950811259781,19,5,14,14,110,0.019624567062024312,414.0,1.081800030078739,475
3963,100,3,25.857890497978122,0.2585789049797812,0.2585789049797812,8,2,7,7,106,0.011617614619467531,904.0,0.9822000283747911,291
3964,100,1,25.845044788642834,0.25845044788642835,0.25845044788642835,14,1,13,13,102,0.012845709335124411,2014.0,0.997199967969209,99
3965,100,9,25.82121480393318,0.2582121480393318,0.2582121480393318,15,7,9,9,118,0.023829984709237806,268.2857142857143,4.355999990366399,819
3966,100,6,25.800964790711465,0.25800964790711467,0.25800964790711467,20,6,15,15,112,0.020250013221371432,347.3333333333333,1.2156000011600554,564
3967,100,6,25.7817655804418,0.257817655804418,0.257817655804418,14,5,11,11,112,0.019199210269320588,382.0,1.1411999585106969,564
3968,100,6,25.76036394855925,0.2576036394855925,0.2576036394855925,19,6,13,13,112,0.021401631882227434,347.3333333333333,2.475899993441999,564
3969,100,3,25.744959331690225,0.25744959331690226,0.25744959331690226,13,3,11,11,106,0.015404616868792687,680.6666666666666,1.0060000349767506,291
3970,100,5,25.73092480486186,0.2573092480486186,0.2573092480486186,10,4,6,6,110,0.014034526828083926,489.0,0.9535999852232635,475
3971,100,8,25.71099448428123,0.2571099448428123,0.2571099448428123,12,5,9,9,116,0.019930320580243688,306.0,0.9131000260822475,736
3972,100,4,25.69333696857356,0.2569333696857356,0.2569333696857356,15,3,12,12,108,0.017657515707426796,614.0,2.980099990963936,384
3973,100,2,25.67897530226399,0.2567897530226399,0.2567897530226399,12,2,10,10,104,0.014361666309355314,1014.0,1.0155000491067767,196
3974,100,3,25.66346549412925,0.2566346549412925,0.2566346549412925,13,3,10,10,106,0.015509808134510195,680.6666666666666,0.9267000132240355,291
3975,100,3,25.64712440479187,0.2564712440479187,0.2564712440479187,13,3,10,10,106,0.016341089337160497,680.6666666666666,2.6508999872021377,291
3976,100,6,25.628998237566595,0.25628998237566597,0.25628998237566597,17,6,11,11,112,0.018126167224963297,347.3333333333333,1.08739995630458,564
3977,100,5,25.60368471721932,0.2560368471721932,0.2560368471721932,20,5,15,15,110,0.025313520346969653,414.0,0.8326999959535897,475
3978,100,5,25.584667185738414,0.25584667185738413,0.25584667185738413,15,4,11,11,110,0.019017531480599814,464.0,0.7935999892652035,475
3979,100,9,25.561468016693084,0.25561468016693084,0.25561468016693084,16,6,11,11,118,0.023199169044914925,294.0,1.243299979250878,819
3980,100,6,25.543254734352033,0.25543254734352033,0.25543254734352033,14,4,10,10,112,0.01821328234072439,389.0,1.1584999738261104,564
3981,100,4,25.526384441106977,0.25526384441106975,0.25526384441106975,14,3,11,11,108,0.016870293244778622,574.0,1.2107999646104872,384
3982,100,7,25.502418821349114,0.25502418821349115,0.25502418821349115,17,6,12,12,114,0.02396561975750444,324.0,3.057299996726215,651
3983,100,4,25.481752868730187,0.25481752868730184,0.25481752868730184,15,4,12,12,108,0.020665952618671213,514.0,1.8296000198461115,384
3984,100,3,25.466722691944266,0.25466722691944266,0.25466722691944266,16,3,13,13,106,0.015030176785685967,680.6666666666666,0.9677000343799591,291
3985,100,7,25.44744181554052,0.2544744181554052,0.2544744181554052,17,5,12,12,114,0.019280876403371394,318.0,0.914999982342124,651
3986,100,6,25.425165243907717,0.25425165243907716,0.25425165243907716,18,6,12,12,112,0.02227657163247443,347.3333333333333,2.7153000119142234,564
3987,100,4,25.404750509079868,0.25404750509079865,0.25404750509079865,20,4,17,17,108,0.020414734827596703,514.0,1.0308999917469919,384
3988,100,3,25.386531704642177,0.2538653170464218,0.2538653170464218,19,3,16,16,106,0.018218804437452718,680.6666666666666,0.9515000274404883,291
3989,100,1,25.372009064810225,0.25372009064810225,0.25372009064810225,15,1,14,14,102,0.014522639831795914,2014.0,3.6143999896012247,99
3990,100,7,25.351640955635244,0.25351640955635246,0.25351640955635246,18,5,13,13,114,0.02036810917462617,354.0,3.481200023088604,651
3991,100,3,25.33332862691349,0.2533332862691349,0.2533332862691349,19,3,16,16,106,0.018312328721506788,680.6666666666666,1.0537000489421189,291
3992,100,6,25.313670174758673,0.25313670174758673,0.25313670174758673,17,5,15,15,112,0.019658452154502015,398.0,2.0810000132769346,564
3993,100,7,25.294568281534236,0.25294568281534235,0.25294568281534235,16,6,13,13,114,0.019101893224089395,320.6666666666667,1.1096999514847994,651
3994,100,9,25.267508018474064,0.25267508018474066,0.25267508018474066,22,7,19,19,118,0.027060263059752288,271.14285714285717,0.8909999742172658,819
3995,100,4,25.247728891387993,0.25247728891387994,0.25247728891387994,22,4,18,18,108,0.019779127085797654,514.0,1.494700030889362,384
3996,100,7,25.226898360392404,0.252268983603924,0.252268983603924,19,6,14,14,114,0.020830530995240792,324.0,1.3417000300250947,651
3997,100,6,25.21196194780272,0.2521196194780272,0.2521196194780272,11,3,9,9,112,0.014936412589349857,400.6666666666667,0.8879000088199973,564
3998,100,3,25.195151503862068,0.2519515150386207,0.2519515150386207,17,3,15,15,106,0.016810443940414643,680.6666666666666,1.3877000310458243,291
3999,100,3,25.17705993949798,0.2517705993949798,0.2517705993949798,17,3,14,14,106,0.01809156436387127,680.6666666666666,0.8768000407144427,291
4000,100,3,25.16349487940634,0.2516349487940634,0.2516349487940634,12,3,10,10,106,0.01356506009140901,680.6666666666666,4.079300037119538,291
4001,100,6,25.144565462246682,0.2514456546224668,0.2514456546224668,16,4,12,12,112,0.0189294171593275,374.0,2.000399981625378,564
4002,100,5,25.126226271188273,0.25126226271188273,0.25126226271188273,16,5,12,12,110,0.018339191058117876,414.0,1.8936000415124,475
4003,100,8,25.102570433512696,0.25102570433512694,0.25102570433512694,18,6,15,15,116,0.02365583767516455,294.0,0.9154000435955822,736
4004,100,4,25.083757135809506,0.25083757135809504,0.25083757135809504,17,4,14,14,108,0.01881329770291984,514.0,1.0189999593421817,384
4005,100,6,25.06108189859789,0.2506108189859789,0.2506108189859789,17,6,12,12,112,0.0226752372113026,347.3333333333333,1.5629000263288617,564
4006,100,6,25.040712687268083,0.25040712687268085,0.25040712687268085,18,6,14,14,112,0.02036921132945224,347.3333333333333,1.1146999895572662,564
4007,100,7,25.01703273656104,0.2501703273656104,0.2501703273656104,23,6,19,19,114,0.023679950706707587,337.3333333333333,1.0951999574899673,651
4008,100,5,24.995313309945402,0.24995313309945402,0.24995313309945402,17,5,12,12,110,0.021719426615334214,414.0,0.9051999659277499,475
4009,100,3,24.976948499573002,0.24976948499573,0.24976948499573,21,3,18,18,106,0.01836481037217652,680.6666666666666,0.9973000269383192,291
4010,100,4,24.954806334672508,0.24954806334672508,0.24954806334672508,23,4,21,21,108,0.02214216490023091,514.0,1.1673999833874404,384
4011,100,3,24.935614501477556,0.24935614501477554,0.24935614501477554,18,3,15,15,106,0.01919183319472495,680.6666666666666,1.1529999901540577,291
4012,100,3,24.920504163789605,0.24920504163789606,0.24920504163789606,16,3,13,13,106,0.015110337687715969,680.6666666666666,1.004900026600808,291
4013,100,3,24.902133012280338,0.24902133012280336,0.24902133012280336,19,3,16,16,106,0.01837115150904367,680.6666666666666,1.9753000233322382,291
4014,100,8,24.879199585459958,0.24879199585459957,0.24879199585459957,19,6,13,13,116,0.022933426819989222,287.3333333333333,0.963500002399087,736
4015,99,6,24.85953633550415,0.24859536335504148,0.25110642763135504,16,5,11,10,112,0.019663249955470974,302.0,1.1764999944716692,564
4016,99,6,24.835924605519473,0.24835924605519474,0.2508679253082775,19,6,15,15,111,0.02361172998435279,344.0,0.819200009573251,558
4017,99,5,24.812817553682514,0.24812817553682515,0.25063452074426784,19,5,15,15,109,0.02310705183666073,410.0,1.0306999902240932,470
4018,99,2,24.80071565990296,0.24800715659902958,0.25051227939295917,10,2,8,8,103,0.01210189377935933,1004.0,3.275600029155612,194
4019,99,7,24.780245186870108,0.2478024518687011,0.25030550693808185,16,5,11,11,113,0.020470473032489167,302.0,1.1922999983653426,644
4020,99,5,24.761148240586024,0.24761148240586026,0.25011260849076794,15,4,12,12,109,0.019096946283795546,489.0,1.1254000128246844,470
4021,99,7,24.738865330638745,0.24738865330638746,0.24988752859231056,21,6,16,16,113,0.022282909946937934,307.3333333333333,1.282899989746511,644
4022,99,7,24.718124137443912,0.24718124137443911,0.24967802159034255,18,5,13,13,113,0.020741193194453444,354.0,1.1255999561399221,644
4023,99,4,24.698907363714227,0.24698907363714226,0.24948391276479018,17,4,15,15,107,0.01921677372943975,509.0,1.1774000013247132,380
4024,99,9,24.67544891434708,0.24675448914347078,0.24924695873077857,21,7,15,15,117,0.023458449366728473,256.85714285714283,3.0070000211708248,810
4025,99,1,24.661170269102115,0.24661170269102115,0.2491027299909305,13,1,12,12,101,0.014278645244786503,1994.0,1.2258000206202269,98
4026,99,5,24.641863266820614,0.24641863266820616,0.2489077097658648,19,5,16,16,109,0.019307002281209407,410.0,1.8433000077493489,470
4027,99,8,24.61692612844098,0.2461692612844098,0.24865581947920182,20,6,15,15,115,0.024937138379272028,294.0,1.0687000467441976,728
4028,99,6,24.598096698143003,0.24598096698143002,0.24846562321356572,15,5,10,10,111,0.018829430297628846,378.0,1.2114999699406326,558
4029,99,2,24.58266662533826,0.2458266662533826,0.2483097638923056,16,2,14,14,103,0.015430072804562656,1004.0,0.9810999617911875,194
4030,99,6,24.560934540921362,0.24560934540921361,0.24809024788809456,25,6,19,19,111,0.02173208441659824,344.0,0.9515999699942768,558
4031,99,3,24.546153695484733,0.24546153695484732,0.24794094641903766,15,3,12,12,105,0.014780845436376921,674.0,0.978299998678267,288
4032,99,8,24.518919199975937,0.24518919199975936,0.2476658505048074,25,7,19,19,115,0.027234495508423606,279.7142857142857,1.6571999876759946,728
4033,99,4,24.496714348896,0.24496714348895998,0.24744155907975757,18,4,15,15,107,0.02220485107967818,509.0,1.213699986692518,380
4034,99,2,24.47877794039077,0.2447877794039077,0.24726038323627036,19,2,17,17,103,0.017936408505022428,1004.0,0.9027000050991774,194
4035,99,6,24.45756162481643,0.24457561624816432,0.24704607701834777,17,4,13,13,109,0.021216315574008604,469.0,0.8108000038191676,558
4036,99,2,24.44313212593566,0.2444313212593566,0.24690032450440058,14,2,13,13,103,0.014429498880573988,1004.0,0.8580000139772892,194
4037,99,7,24.420031652742466,0.24420031652742466,0.24666698639133805,22,6,16,16,113,0.02310047319284081,290.6666666666667,0.9498000144958496,644
4038,99,4,24.405411070876085,0.24405411070876085,0.24651930374622305,9,2,8,8,107,0.014620581866140014,804.0,1.1913999915122986,380
4039,99,3,24.392134923733717,0.2439213492373372,0.24638520124983554,9,2,9,9,105,0.013276147142136097,734.0,1.0116000194102526,288
4040,99,2,24.375704595077522,0.24375704595077521,0.24621923833411638,15,1,14,14,103,0.016430328655999915,1674.0,1.325500023085624,194
4041,99,6,24.35579598208852,0.24355795982088518,0.2460181412332174,15,4,12,12,111,0.019908612988686514,414.0,1.234700030181557,558
4042,99,8,24.33859889103099,0.2433859889103099,0.24584443324273725,9,3,6,6,115,0.017197091057127523,387.3333333333333,0.9734000195749104,728
4043,99,7,24.316928910336674,0.24316928910336674,0.24562554454885527,17,5,13,13,113,0.021669980693957314,346.0,1.4847000129520893,644
4044,99,2,24.30453926731551,0.2430453926731551,0.24550039663955056,12,2,11,11,103,0.012389643020981111,1004.0,1.1820000363513827,194
4045,99,7,24.284539779886703,0.24284539779886705,0.2452983816150172,13,5,8,8,113,0.019999487428449925,350.0,1.0129999718628824,644
4046,99,5,24.269668901356987,0.24269668901356986,0.2451481707207776,10,5,7,7,109,0.014870878529436027,410.0,1.2493000249378383,470
4047,99,6,24.246391438932413,0.24246391438932413,0.24491304483770118,17,5,12,12,111,0.023277462424232453,358.0,0.9830999770201743,558
4048,99,6,24.23192459497868,0.2423192459497868,0.24476691510079476,9,4,5,5,111,0.014466843953428565,349.0,1.0201999684795737,558
4049,99,3,24.218674877583926,0.24218674877583926,0.2446330795715548,12,2,10,10,105,0.013249717394515415,864.0,1.027699967380613,288
4050,99,11,24.19544121757507,0.2419544121757507,0.24439839613712194,16,7,9,9,121,0.02323366000838689,219.71428571428572,0.8849999867379665,968
4051,99,3,24.179714330593935,0.24179714330593935,0.24423953869286802,13,2,11,11,105,0.01572688698090019,894.0,1.056100009009242,288
4052,99,5,24.16543935143215,0.2416543935143215,0.24409534698416316,11,4,7,7,109,0.01427497916149889,404.0,1.6692000208422542,470
4053,99,4,24.147586752177418,0.2414758675217742,0.24391501769876175,16,4,13,13,107,0.017852599254467805,509.0,1.012600027024746,380
4054,99,6,24.129393047726307,0.24129393047726308,0.24373124290632633,13,5,10,10,111,0.0181937044507805,374.0,0.9529000381007791,558
4055,99,6,24.109622504560594,0.24109622504560593,0.243531540450107,15,5,11,11,111,0.01977054316537874,366.0,0.9670000290498137,558
4056,99,2,24.096992512959673,0.24096992512959672,0.24340396477737045,13,2,11,11,103,0.012629991600746848,1004.0,1.5167000237852335,194
4057,99,5,24.080174406453803,0.24080174406453803,0.2432340849136748,15,5,10,10,109,0.01681810650558191,410.0,0.9627999970689416,470
4058,99,4,24.066113715094797,0.24066113715094797,0.24309205772823028,11,2,9,9,107,0.014060691358736221,614.0,0.9680999792180955,380
4059,99,1,24.052327944206425,0.24052327944206425,0.2429528075172366,9,1,8,8,101,0.013785770888219417,1994.0,0.8464999846182764,98
4060,99,4,24.03488916688486,0.2403488916688486,0.24277665825136222,13,3,10,10,107,0.017438777321302723,574.0,1.0831000399775803,380
4061,99,2,24.023727110889393,0.24023727110889392,0.24266391021100397,10,2,8,8,103,0.011162055995285414,1004.0,1.2413000222295523,194
4062,99,5,24.006860543910815,0.24006860543910816,0.242493540847584,13,4,9,9,109,0.016866566978293918,474.0,1.7362000071443617,470
4063,99,8,23.986940475353496,0.23986940475353496,0.24229232803387374,14,6,9,9,115,0.01992006855691386,320.6666666666667,1.4639999717473984,728
4064,99,6,23.967327368319836,0.23967327368319835,0.24209421584161447,15,5,10,10,111,0.01961310703333652,366.0,1.4424000401049852,558
4065,99,4,23.951777126576815,0.23951777126576815,0.24193714269269506,13,3,11,11,107,0.01555024174275843,540.6666666666666,0.8797000045888126,380
4066,99,5,23.935307281487244,0.23935307281487245,0.2417707806210833,12,3,10,10,109,0.016469845089261526,474.0,0.9400999988429248,470
4067,99,7,23.918242291056163,0.23918242291056163,0.24159840698036528,12,6,9,9,113,0.017064990430753824,310.6666666666667,0.9520999738015234,644
4068,99,2,23.90532019292182,0.2390532019292182,0.24146788073658404,11,2,9,9,103,0.01292209813415468,1004.0,1.1915999930351973,194
4069,99,4,23.890753607274682,0.2389075360727468,0.24132074350782506,10,4,6,6,107,0.014566585646889507,509.0,0.8379999781027436,380
4070,99,4,23.874597278718003,0.23874597278718002,0.2411575482698788,10,3,7,7,107,0.016156328556419908,647.3333333333334,1.0469999979250133,380
4071,99,8,23.853384250367895,0.23853384250367896,0.24094327525624137,16,6,10,10,115,0.021213028349706065,270.6666666666667,1.5343999839387834,728
4072,99,5,23.83214450233633,0.2383214450233633,0.24072873234683162,13,4,9,9,109,0.021239748031277372,479.0,1.1192000238224864,470
4073,99,6,23.81520006183968,0.23815200061839678,0.24055757638221897,12,4,8,8,111,0.01694444049631727,389.0,0.9370000334456563,558
4074,99,3,23.798586339738616,0.23798586339738617,0.24038976100746076,9,3,6,6,105,0.016613722100842665,674.0,0.8236999856308103,288
4075,99,5,23.78250239855774,0.2378250239855774,0.24022729695512868,13,3,10,10,109,0.01608394118058243,507.3333333333333,1.875000016298145,470
4076,99,5,23.765319610771368,0.23765319610771368,0.24005373344213501,14,5,10,10,109,0.01718278778609772,410.0,0.9496999555267394,470
4077,99,7,23.749131120292155,0.23749131120292155,0.2398902133362844,12,4,8,8,113,0.016188490478853623,399.0,0.9778999956324697,644
4078,99,2,23.736900158518374,0.23736900158518373,0.23976666826786236,10,2,8,8,103,0.012230961773582294,1004.0,1.5360999968834221,194
4079,99,7,23.7177961281349,0.237177961281349,0.2395736982639889,13,5,10,10,113,0.01910403038313291,362.0,0.9101999457925558,644
4080,99,5,23.700883615382303,0.23700883615382304,0.23940286480184145,12,4,9,9,109,0.01691251275231309,489.0,1.2008000048808753,470
4081,99,7,23.681992761550706,0.23681992761550708,0.23921204809647179,10,5,7,7,113,0.018890853831237564,318.0,1.8699999782256782,644
4082,99,3,23.66798148258078,0.23667981482580783,0.2390705200260685,11,3,9,9,105,0.014011278969704222,674.0,1.770899980328977,288
4083,99,8,23.645447628434525,0.23645447628434524,0.23884290533772243,15,6,10,10,115,0.02253385414587683,304.0,0.8936999947763979,728
4084,99,4,23.63020039643433,0.23630200396434328,0.23868889289327605,13,3,10,10,107,0.01524723199992195,534.0,3.7540000048466027,380
4085,99,7,23.612458815182695,0.23612458815182694,0.23850968500184536,9,3,6,6,111,0.01774158125127201,380.6666666666667,0.90970000019297,644
4086,99,3,23.598841907482782,0.23598841907482782,0.23837214047962407,13,3,10,10,105,0.013616907699699254,674.0,2.084399980958551,288
4087,99,5,23.581963636910018,0.2358196363691002,0.23820165289808104,10,3,8,8,109,0.016878270572476595,514.0,0.923599989619106,470
4088,99,6,23.56456891216801,0.2356456891216801,0.23802594860775766,16,4,12,12,111,0.017394724741677692,419.0,1.1473000049591064,558
4089,99,9,23.54186366074304,0.2354186366074304,0.2377966026337681,14,6,9,9,117,0.022705251424554262,274.0,0.8555999957025051,810
4090,99,2,23.527232791168462,0.23527232791168462,0.2376488160724087,13,2,11,11,103,0.014630869574389749,1004.0,1.0361000313423574,194
4091,99,7,23.50734145488089,0.2350734145488089,0.2374478934836453,15,5,10,10,113,0.019891336287230388,302.0,1.2812999775633216,644
4092,99,7,23.4862366084124,0.234862366084124,0.2372347132162869,16,4,12,12,113,0.021104846468134042,404.0,0.8305999799631536,644
4093,99,1,23.474655953644664,0.23474655953644663,0.23711773690550167,12,1,11,11,101,0.011580654767570309,1994.0,0.8345999522134662,98
4094,99,5,23.455438162686512,0.23455438162686512,0.23692361780491428,16,5,11,11,109,0.019217790957867464,410.0,1.0162999969907105,470
4095,99,3,23.439806672239968,0.23439806672239968,0.23676572396201986,15,3,12,12,105,0.015631490446338603,674.0,3.5477999481372535,288
4096,99,7,23.416142149599235,0.23416142149599234,0.23652668837979024,17,6,13,13,113,0.023664522640373775,304.0,0.8875000057742,644
4097,99,5,23.395707959877644,0.23395707959877643,0.2363202824230065,15,5,12,12,109,0.020434189721299845,410.0,1.3442000490613282,470
4098,99,3,23.381905765930902,0.23381905765930902,0.23618086632253438,14,3,11,11,105,0.013802193946517605,674.0,0.8054000209085643,288
4099,99,2,23.36695924834086,0.23366959248340857,0.23602989139738237,13,2,11,11,103,0.01494651758984844,1004.0,0.8742999634705484,194
4100,99,4,23.35080477451336,0.2335080477451336,0.23586671489407435,10,4,7,7,107,0.016154473827228344,509.0,2.1520000300370157,380
4101,99,4,23.334517330551503,0.23334517330551502,0.23570219525809602,15,4,11,11,107,0.016287443961587655,509.0,1.4265000354498625,380
4102,99,6,23.3122578746033,0.233122578746033,0.2354773522687202,21,6,17,17,111,0.02225945594788925,344.0,1.0560000082477927,558
4103,99,2,23.2999674221902,0.232999674221902,0.23535320628474948,12,2,10,10,103,0.0122904524129126,1004.0,1.0532999876886606,194
4104,99,4,23.28304279592999,0.2328304279592999,0.23518225046393934,17,4,13,13,107,0.01692462625996427,509.0,1.1054999777115881,380
4105,99,3,23.268956909754987,0.23268956909754987,0.2350399687854039,15,3,12,12,105,0.014085886174783013,674.0,0.8989999769255519,288
4106,99,6,23.249199105371435,0.23249199105371435,0.2348403950037519,14,5,10,10,111,0.01975780438323227,362.0,0.8447999716736376,558
4107,99,1,23.237356428005484,0.23237356428005485,0.2347207720000554,10,1,9,9,101,0.011842677365805798,1994.0,1.1791999568231404,98
4108,99,2,23.22215057164626,0.2322215057164626,0.23456717749137637,9,2,8,8,103,0.0152058563590316,1004.0,1.1777000036090612,194
4109,99,4,23.207868166971252,0.23207868166971252,0.2344229107774874,10,3,8,8,107,0.014282404674744953,614.0,1.1482000118121505,380
4110,99,2,23.192527934501065,0.23192527934501064,0.2342679589343542,15,2,13,13,103,0.015340232469995385,1004.0,1.2180000194348395,194
4111,99,4,23.174826750895782,0.23174826750895783,0.2340891590999574,15,4,12,12,107,0.017701183605026927,509.0,0.9832999785430729,380
4112,99,5,23.156799241627088,0.23156799241627088,0.2339070630467383,16,4,12,12,109,0.018027509268392805,404.0,1.4409999712370336,470
4113,99,10,23.132347190480687,0.23132347190480687,0.23366007263111804,19,7,13,13,119,0.024452051145942733,225.42857142857142,0.7929999846965075,890
4114,99,9,23.108553383347097,0.23108553383347097,0.23341973114492012,21,7,14,14,117,0.02379380713318824,274.0,1.09629996586591,810
4115,99,5,23.09066800059582,0.23090668000595818,0.23323907071308908,12,3,9,9,109,0.01788538275098972,600.6666666666666,1.0145999840460718,470
4116,99,6,23.07077881123317,0.2307077881123317,0.23303816981043607,17,4,14,14,111,0.019889189362316984,409.0,0.9687999845482409,558
4117,99,7,23.050706262990857,0.23050706262990858,0.2328354167978875,17,4,14,14,113,0.02007254824194149,454.0,0.9769999887794256,644
4118,99,6,23.027860457329155,0.23027860457329155,0.23260465108413286,21,6,15,15,111,0.022845805661376062,344.0,0.8014999912120402,558
4119,99,9,23.00618104382645,0.2300618104382645,0.2323856671093581,14,5,10,10,117,0.02167941350229796,282.0,1.0340000153519213,810
4120,99,4,22.99044656928862,0.2299044656928862,0.23222673302311733,14,3,11,11,107,0.015734474537580923,574.0,0.9596000309102237,380
4121,99,3,22.974523698707145,0.22974523698707144,0.23206589594653682,16,3,13,13,105,0.015922870581235316,674.0,0.8766999817453325,288
4122,99,2,22.95887678859164,0.2295887678859164,0.2319078463494105,13,2,12,12,103,0.015646910115293622,1004.0,1.4637000276707113,194
4123,99,6,22.941325394154806,0.22941325394154805,0.23173055953691724,14,3,13,13,109,0.017551394436523537,574.0,0.9384999866597354,558
4124,99,3,22.926156470385116,0.22926156470385117,0.23157733808469808,15,2,13,13,105,0.015168923769451226,944.0,1.1810000287368894,288
4125,99,8,22.90110753891944,0.2290110753891944,0.23132431857494384,19,7,13,13,115,0.025048931465292412,285.42857142857144,0.8656999561935663,728
4126,99,6,22.883720183240886,0.22883720183240885,0.2311486887196049,13,4,11,11,111,0.017387355678224026,419.0,1.0512999724596739,558
4127,99,3,22.868594949166255,0.22868594949166254,0.2309959085774369,11,3,9,9,105,0.015125234074403693,674.0,2.0091000478714705,288
4128,99,5,22.85070977115104,0.22850709771151037,0.23081525021364682,14,4,10,10,109,0.017885178014935832,459.0,1.061399991158396,470
4129,99,2,22.836359975484093,0.22836359975484094,0.23067030278266762,17,2,15,15,103,0.01434979566674599,1004.0,1.187700021546334,194
4130,99,9,22.812872684792737,0.22812872684792737,0.2304330574221489,19,7,12,12,117,0.023487290690951568,271.14285714285717,1.021199976094067,810
4131,99,4,22.79632418530086,0.22796324185300862,0.2302659008616249,14,3,11,11,107,0.01654849949163406,627.3333333333334,0.9332000045105815,380
4132,99,7,22.769692799422277,0.22769692799422278,0.22999689696386139,20,7,13,13,113,0.02663138587823255,296.85714285714283,1.743700006045401,644
4133,99,7,22.749076157401444,0.22749076157401443,0.22978864805456,13,5,8,8,113,0.020616642020442555,258.0,1.1477000080049038,644
4134,98,3,22.736067857392523,0.22736067857392522,0.2320006924223727,13,1,11,5,105,0.013008300008692686,794.0,1.0848999954760075,288
4135,98,5,22.719419250842243,0.22719419250842243,0.2318308086820637,14,3,12,12,108,0.016648606550020872,500.6666666666667,0.9794000070542097,465
4136,98,8,22.695980181389828,0.22695980181389827,0.23159163450397785,17,6,12,12,114,0.02343906945202434,304.0,0.9735000203363597,720
4137,98,4,22.67664355785881,0.2267664355785881,0.23139432201896745,16,4,13,13,106,0.019336623530747943,504.0,1.3920000055804849,376
4138,98,7,22.65855223155718,0.2265855223155718,0.2312097166485426,15,4,11,11,112,0.01809132630128829,384.0,1.3081000070087612,637
4139,98,3,22.642190414942863,0.22642190414942864,0.2310427593361517,15,3,12,12,104,0.016361816614093527,667.3333333333334,0.7519000209867954,285
4140,98,6,22.62581592308052,0.2262581592308052,0.23087567268449513,10,4,6,6,110,0.016374491862023888,374.0,0.8508999599143863,552
4141,98,5,22.612780310207295,0.22612780310207295,0.23074265622660506,8,4,5,5,108,0.013035612872954516,439.0,1.3098999625071883,465
4142,98,8,22.58884111754308,0.2258884111754308,0.23049837875043955,18,6,12,12,114,0.02393919266381772,314.0,0.9837999823503196,720
4143,98,3,22.570795378849272,0.22570795378849273,0.2303142385596865,18,3,15,15,104,0.018045738693572844,667.3333333333334,0.9453000384382904,285
4144,98,3,22.552442241067418,0.22552442241067416,0.23012696164354507,19,3,17,17,104,0.018353137781630835,667.3333333333334,1.159599982202053,285
4145,98,5,22.5309021608968,0.225309021608968,0.2299071649071102,19,5,14,14,108,0.021540080170325382,406.0,1.2317000073380768,465
4146,98,4,22.51375603098413,0.2251375603098413,0.22973220439779718,12,4,10,10,106,0.017146129912418928,504.0,0.9521999745629728,376
4147,98,7,22.49320694957898,0.2249320694957898,0.2295225198936631,19,6,14,14,112,0.020549081404809044,310.6666666666667,0.8719000034034252,637
4148,98,4,22.474093258286608,0.2247409325828661,0.22932748222741436,18,4,14,14,106,0.019113691292105273,504.0,0.8667000220157206,376
4149,98,2,22.461766728389968,0.22461766728389967,0.2292017013101017,13,2,12,12,102,0.01232652989645544,994.0,1.0938000050373375,192
4150,98,3,22.448637730352118,0.22448637730352117,0.22906773194236854,13,3,10,10,104,0.013128998037615247,667.3333333333334,1.2294999905861914,285
4151,98,6,22.43113317189248,0.2243113317189248,0.22888911399890285,15,4,11,11,110,0.017504558459322084,424.0,0.8938999962992966,552
4152,98,4,22.413139638810975,0.22413139638810975,0.22870550651847935,14,3,13,13,106,0.017993533081252622,594.0,0.9184000082314014,376
4153,98,4,22.394825000732013,0.22394825000732013,0.22851862245644908,15,3,12,12,106,0.01831463807870648,654.0,0.9696999914012849,376
4154,98,10,22.37649606711374,0.2237649606711374,0.2283315925215688,11,4,7,7,118,0.018328933617837606,279.0,0.9919999865815043,880
4155,98,4,22.354484962323575,0.22354484962323576,0.2281069894114651,19,4,15,15,106,0.022011104789896763,504.0,1.449400035198778,376
4156,98,5,22.337481914992168,0.2233748191499217,0.2279334889284915,16,5,12,12,108,0.017003047331115795,406.0,0.9435000247322023,465
4157,98,7,22.316403177579314,0.22316403177579314,0.2277183997712175,18,5,14,14,112,0.021078737412494775,314.0,0.9661000221967697,637
4158,97,6,22.29721207060707,0.2229721207060707,0.2298681656763616,18,4,16,16,109,0.01919110697193105,409.0,0.8936999947763979,552
4159,97,2,22.283046934313177,0.22283046934313178,0.22972213334343486,13,2,12,12,101,0.01416513629369831,984.0,1.2255999608896673,190
4160,97,5,22.264057543613095,0.22264057543613094,0.22952636642900098,13,4,10,10,107,0.01898939069980088,419.0,1.0241999989375472,460
4161,97,4,22.247962724258933,0.22247962724258932,0.22936044045627763,15,3,13,13,105,0.016094819353909884,594.0,1.2789000174961984,372
4162,97,2,22.235310225552453,0.22235310225552454,0.229230002325283,12,2,10,10,101,0.012652498706287929,984.0,0.8977000252343714,190
4163,97,4,22.21828744744509,0.2221828744744509,0.2290545097674751,16,3,13,13,105,0.017022778107119052,594.0,1.1932000052183867,372
4164,97,8,22.202326722942534,0.22202326722942534,0.22888996621590244,10,4,7,7,113,0.01596072450217889,339.0,1.0184000129811466,712
4165,97,8,22.18534353303118,0.2218534353303118,0.2287148817838266,13,4,11,11,113,0.016983189910973806,299.0,1.0140000376850367,712
4166,97,2,22.17373604640296,0.22173736046402961,0.22859521697322643,11,2,10,10,101,0.011607486628022912,984.0,0.9608000400476158,190
4167,97,6,22.15481756229204,0.2215481756229204,0.22840018105455714,17,5,12,12,109,0.01891848411059982,358.0,1.0732000228017569,546
4168,97,4,22.13569524673235,0.2213569524673235,0.22820304378074585,17,4,13,13,105,0.019122315559442882,499.0,0.9394999942742288,372
4169,97,7,22.11492581765528,0.2211492581765528,0.22798892595520903,17,5,12,12,111,0.02076942907670798,338.0,0.943099963478744,630
4170,97,5,22.095763330431765,0.22095763330431764,0.22779137454053364,17,4,14,14,107,0.019162487223226776,484.0,0.9203999652527273,460
4171,97,7,22.075502762494736,0.22075502762494736,0.22758250270613126,16,7,11,11,111,0.02026056793668829,291.14285714285717,1.007299986667931,630
4172,97,3,22.059619213240442,0.22059619213240442,0.22741875477567466,16,3,14,14,103,0.015883549254084528,660.6666666666666,0.832799996715039,282
4173,97,6,22.041486444799617,0.22041486444799616,0.22723181901855277,15,5,11,11,109,0.018132768440480618,386.0,1.0123999672941864,546
4174,97,2,22.027106757286358,0.22027106757286358,0.2270835748173851,14,2,12,12,101,0.014379687513098816,984.0,0.8905000286176801,190
4175,97,6,22.00906933154857,0.2200906933154857,0.22689762197472751,18,5,15,15,109,0.01803742573746092,346.0,0.9407000034116209,546
4176,97,5,21.988161035693185,0.21988161035693185,0.22668207253291944,20,5,16,16,107,0.020908295855079473,402.0,1.0985999833792448,460
4177,97,5,21.967782960237447,0.21967782960237447,0.22647198928079845,16,4,12,12,107,0.020378075455468547,484.0,0.9345000144094229,460
4178,97,4,21.952013584826684,0.21952013584826685,0.22630941840027505,17,4,14,14,105,0.01576937541049972,499.0,0.9620999917387962,372
4179,97,4,21.93142630867646,0.2193142630867646,0.22609717843996346,21,4,18,18,105,0.020587276149996114,499.0,0.6427999469451606,372
4180,97,5,21.911141174742063,0.21911141174742063,0.22588805334785628,21,4,17,17,107,0.020285133934095256,464.0,1.0983000393025577,460
4181,96,3,21.89224511310313,0.2189224511310313,0.2280442199281576,19,2,16,12,103,0.01889606163869928,724.0,1.008500054012984,282
4182,96,4,21.87559844105878,0.2187559844105878,0.22787081709436227,17,4,14,14,104,0.016646672044089428,494.0,0.9452999802306294,368
4183,96,2,21.861718402517212,0.21861718402517213,0.22772623335955436,14,2,12,12,100,0.013880038541387307,974.0,1.0652000200934708,188
4184,96,9,21.839952448811385,0.21839952448811384,0.22749950467511856,16,5,12,12,114,0.02176595370541179,334.0,1.5525000053457916,783
4185,96,1,21.82684683098832,0.2182684683098832,0.227362987822795,14,1,13,13,98,0.01310561782291586,1934.0,1.047800004016608,95
4186,96,1,21.809764360397164,0.21809764360397163,0.22718504542080384,16,1,15,15,98,0.017082470590992216,1934.0,1.0035000159405172,95
4187,96,5,21.793008348473045,0.21793008348473045,0.22701050362992756,15,4,11,11,106,0.016756011923845904,464.0,1.118200016207993,455
4188,96,5,21.772293342802776,0.21772293342802776,0.22679472232086226,16,5,12,12,106,0.02071500566998452,398.0,1.150699972640723,455
4189,96,2,21.760249387159167,0.21760249387159167,0.22666926444957466,8,2,7,7,100,0.012043955643449067,974.0,1.1600999860092998,188
4190,96,5,21.743157120769865,0.21743157120769865,0.22649122000801938,14,4,10,10,106,0.017092266389013844,439.0,0.9029999491758645,455
4191,96,7,21.72654297731269,0.2172654297731269,0.22631815601367386,12,3,10,10,110,0.01661414345682033,467.3333333333333,0.9874000097624958,623
4192,96,6,21.705952178123255,0.21705952178123256,0.22610366852211725,18,5,14,14,108,0.020590799189122322,386.0,0.9549999958835542,540
4193,96,3,21.689797571855397,0.21689797571855396,0.22593539137349372,17,3,14,14,102,0.016154606267647864,654.0,1.117300009354949,279
4194,96,5,21.671764439705584,0.21671764439705585,0.22574754624693316,14,5,9,9,106,0.018033132149525954,398.0,1.1980999843217432,455
4195,96,8,21.65048399923369,0.21650483999233688,0.22552587499201762,14,7,9,9,112,0.02128044047152855,274.0,1.0740000288933516,704
4196,96,4,21.63419275814866,0.2163419275814866,0.22535617456404858,17,4,14,14,104,0.016291241084772423,494.0,0.9129000245593488,368
4197,96,6,21.61562303398559,0.2161562303398559,0.2251627399373499,12,3,11,11,108,0.01856972416275937,407.3333333333333,0.763299991376698,540
4198,96,8,21.58831714789176,0.2158831714789176,0.22487830362387254,19,8,13,13,112,0.027305886093458298,254.0,0.860600033774972,704
4199,96,8,21.567485198832205,0.21567485198832206,0.2246613041545021,12,5,7,7,112,0.02083194905917196,262.0,1.1423000250943005,704
4200,96,3,21.553271330861183,0.21553271330861182,0.224513243029804,11,3,8,8,102,0.014213867970809702,654.0,1.065499964170158,279
4201,96,4,21.53574585547007,0.21535745855470068,0.2243306859944799,14,4,10,10,104,0.017525475390854695,494.0,1.1682999902404845,368
4202,96,8,21.513113919959395,0.21513113919959395,0.22409493666624372,18,6,12,12,112,0.02263193551029019,314.0,0.8562000002712011,704
4203,96,8,21.491745501462766,0.21491745501462767,0.22387234897357047,15,6,10,10,112,0.021368418496265917,304.0,1.0507000260986388,704
4204,96,4,21.47480999320929,0.2147480999320929,0.2236959374292634,16,4,14,14,104,0.016935508253212106,494.0,1.025600009597838,368
4205,96,5,21.452461942482955,0.21452461942482956,0.22346314523419744,16,5,12,12,106,0.02234805072606605,398.0,0.9033000096678734,455
4206,96,5,21.434726450063767,0.21434726450063768,0.22327840052149753,17,5,12,12,106,0.017735492418893273,398.0,0.9630999993532896,455
4207,96,7,21.413734593484172,0.2141373459348417,0.22305973534879345,16,6,11,11,110,0.02099185657925773,307.3333333333333,1.0799000156112015,623
4208,96,7,21.392394798317813,0.21392394798317813,0.22283744581581053,17,6,12,12,110,0.02133979516601414,304.0,1.018199953250587,623
4209,96,4,21.37966998530226,0.2137966998530226,0.22270489568023186,8,3,6,6,104,0.012724813015296377,540.6666666666666,1.2758999946527183,368
4210,96,4,21.365612760732738,0.21365612760732738,0.22255846625763273,11,3,8,8,104,0.014057224569256732,634.0,1.0947000118903816,368
4211,96,1,21.350597235356084,0.21350597235356084,0.2224020545349592,12,1,11,11,98,0.015015525376512073,1934.0,1.1166000040248036,95
4212,96,2,21.338637746192845,0.21338637746192846,0.22227747652284222,8,2,6,6,100,0.011959489163061221,974.0,0.8177999989129603,188
4213,96,6,21.322465597416503,0.21322465597416504,0.22210901663975524,13,3,10,10,108,0.01617214877603601,514.0,1.1990999919362366,540
4214,96,8,21.297163687116292,0.2129716368711629,0.221845455074128,19,8,11,11,112,0.025301910299830865,254.0,0.9533000411465764,704
4215,96,4,21.27983753546995,0.2127983753546995,0.22166497432781196,17,4,15,15,104,0.017326151646074095,494.0,1.070900005288422,368
4216,95,4,21.263539699134366,0.21263539699134365,0.22382673367509862,13,3,10,7,104,0.016297836335354532,507.3333333333333,1.0455999872647226,368
4217,95,4,21.248541866035737,0.21248541866035736,0.22366886174774456,12,4,9,9,103,0.0149978330983771,489.0,1.3029000256210566,364
4218,95,4,21.232583909544875,0.21232583909544875,0.22350088325836712,16,4,12,12,103,0.015957956490595393,489.0,0.8493000059388578,364
4219,95,4,21.21400059826728,0.2121400059826728,0.22330526945544504,11,3,9,9,103,0.018583311277353687,587.3333333333334,0.9247999987564981,364
4220,95,5,21.197077098209984,0.21197077098209985,0.2231271273495788,14,3,11,11,105,0.01692350005701826,427.3333333333333,1.1598000419326127,450
4221,95,6,21.17841771343275,0.2117841771343275,0.22293071277297632,19,5,16,16,107,0.018659384776910315,346.0,2.4831999908201396,534
4222,95,5,21.160035001901505,0.21160035001901506,0.2227372105463316,17,4,14,14,105,0.01838271153097537,479.0,0.8850999874994159,450
4223,95,3,21.145185805916867,0.21145185805916866,0.2225809032201776,14,3,11,11,101,0.014849195984410812,647.3333333333334,1.0047999676316977,276
4224,95,7,21.123546270063205,0.21123546270063204,0.22235311863224427,15,5,11,11,109,0.021639535853310576,350.0,1.263100013602525,616
4225,95,6,21.104537003439766,0.21104537003439766,0.2221530210888397,17,6,11,11,107,0.019009266623129406,330.6666666666667,1.2427999754436314,534
4226,95,3,21.09265219882776,0.2109265219882776,0.22202791788239748,10,2,8,8,101,0.011884804611810296,934.0,1.1884999694302678,276
4227,95,7,21.075100521625487,0.21075100521625487,0.22184316338553145,14,5,10,10,109,0.01755167720192219,314.0,1.03859999217093,616
4228,95,7,21.053426435531126,0.21053426435531125,0.22161501511085396,17,5,12,12,107,0.021674086094023437,378.0,1.097200030926615,616
4229,95,5,21.034594851749674,0.21034594851749674,0.22141678791315447,14,5,10,10,105,0.01883158378116434,394.0,1.0967999696731567,450
4230,95,4,21.017342842717003,0.21017342842717002,0.22123518781807372,17,4,13,13,103,0.017252009032432625,489.0,1.1069999891333282,364
4231,95,2,21.00150839789583,0.2100150839789583,0.22106850945153506,14,2,12,12,99,0.01583444482096752,964.0,0.895800010766834,186
4232,95,10,20.977476632491825,0.20977476632491826,0.22081554349991395,19,6,14,14,115,0.024031765403563554,240.66666666666666,0.8169999928213656,850
4233,95,4,20.959199430330056,0.20959199430330056,0.22062315189821105,18,4,15,15,103,0.01827720216152784,489.0,0.7981000235304236,364
4234,95,4,20.943914730061877,0.20943914730061877,0.22046226031644078,13,4,9,9,103,0.015284700267912399,489.0,1.0727000189945102,364
4235,94,5,20.928406728578047,0.20928406728578047,0.2226426247721069,12,3,10,9,105,0.015508001483567568,480.6666666666667,0.8821000228635967,450
4236,94,0,20.920524178457526,0.20920524178457525,0.22255876785593112,9,9,9,9,0,0.007882550120527299,17.0,0.10429997928440571,0
4237,94,4,20.900592282795678,0.20900592282795677,0.22234672641272,18,4,14,14,102,0.019931895661599697,484.0,1.0174000053666532,360
4238,94,4,20.882918112904015,0.20882918112904014,0.22215870332876608,17,4,13,13,102,0.017674169891421343,484.0,0.9482000023126602,360
4239,94,4,20.866728991897567,0.20866728991897568,0.22198647863720813,19,4,16,16,102,0.01618912100619241,484.0,0.9218999766744673,360
4240,93,5,20.85325068481463,0.20853250684814628,0.22422850198725408,10,2,9,8,82,0.013478307082692709,654.0,0.997499970253557,445
4241,93,4,20.837540674025693,0.20837540674025692,0.22405957714006122,11,3,8,8,101,0.015710010788680506,547.3333333333334,1.007299986667931,356
4242,93,6,20.819391824015494,0.20819391824015493,0.22386442821522032,14,6,8,8,105,0.018148850009893636,324.0,0.9739000233821571,522
4243,93,6,20.804676341491277,0.20804676341491277,0.2237061972203363,9,4,5,5,105,0.014715482523911305,339.0,0.8353000157512724,522
4244,93,3,20.793506906887014,0.20793506906887013,0.22358609577297864,8,2,7,7,99,0.011169434604070716,884.0,0.9766000439412892,270
4245,93,3,20.77663309188137,0.2077663309188137,0.22340465690195016,16,3,13,13,99,0.016873815005425286,634.0,1.017599948681891,270
4246,93,3,20.761899773224037,0.20761899773224038,0.22324623412068859,14,3,11,11,99,0.014733318657121686,634.0,0.9785000002011657,270
4247,93,4,20.74547964702014,0.2074547964702014,0.22306967362387248,15,4,12,12,101,0.016420126203655627,479.0,0.8723000064492226,356
4248,93,1,20.734569963454234,0.20734569963454233,0.22295236519843262,12,1,11,11,95,0.010909683565770933,1874.0,0.7409999961964786,92
4249,93,5,20.718688127001457,0.20718688127001456,0.22278159276345652,16,5,11,11,103,0.015881836452493303,386.0,0.9816999663598835,440
4250,92,9,20.696233638740964,0.20696233638740963,0.22495906129066265,21,6,17,16,111,0.02245448826010943,270.6666666666667,0.8853999897837639,756
4251,92,4,20.681921409924687,0.20681921409924686,0.2248034935861379,12,4,9,9,100,0.014312228816038441,474.0,0.8802000083960593,352
4252,92,6,20.664440625054354,0.20664440625054353,0.22461348505493864,15,5,10,10,104,0.01748078487004534,366.0,1.1130000348202884,516
4253,92,7,20.641421390836523,0.20641421390836523,0.2243632759873535,18,5,14,14,106,0.023019234217500184,338.0,0.9318999946117401,595
4254,92,6,20.62447422549982,0.2062447422549982,0.2241790676684763,14,5,10,10,104,0.01694716533641838,362.0,0.9790000040084124,516
4255,92,3,20.611480009093782,0.20611480009093783,0.22403782618580198,12,3,9,9,98,0.012994216405814996,627.3333333333334,0.9589000255800784,267
4256,92,7,20.593652218061422,0.20593652218061423,0.22384404584849368,14,6,8,8,106,0.017827791032047458,270.6666666666667,0.9273000177927315,595
4257,92,6,20.57392488882727,0.20573924888827272,0.22362961835681816,18,5,15,15,104,0.019727329233845126,370.0,0.7489999989047647,516
4258,92,2,20.55714270145809,0.2055714270145809,0.22344720327671838,17,2,15,15,96,0.016782187369003054,934.0,1.097499975003302,180
4259,92,4,20.538871509130956,0.20538871509130957,0.2232486033601191,12,4,8,8,100,0.01827119232687835,474.0,0.9524999768473208,352
4260,92,2,20.523920523032903,0.205239205230329,0.223086092641662,10,2,9,9,96,0.014950986099336205,934.0,1.0201000259257853,180
4261,92,6,20.507279021212288,0.20507279021212288,0.22290520675230752,14,5,11,11,104,0.016641501823073668,350.0,1.0232999920845032,516
4262,92,7,20.4879101518988,0.204879101518988,0.22269467556411737,16,6,10,10,106,0.019368869316181758,294.0,0.9622999932616949,595
4263,92,6,20.4714531018882,0.204714531018882,0.22251579458574136,16,4,13,13,104,0.016457050013059416,354.0,0.9893000242300332,516
4264,92,5,20.45374230737591,0.2045374230737591,0.22232328594973813,15,4,11,11,102,0.01771079451448543,414.0,0.7772999815642834,435
4265,92,2,20.442192068789826,0.20442192068789825,0.2221977398781502,12,2,10,10,96,0.01155023858751747,934.0,0.9021000005304813,180
4266,92,6,20.42371062996546,0.20423710629965458,0.22199685467353755,17,5,13,13,104,0.018481438826796648,358.0,1.0900000343099236,516
4267,92,4,20.406584407733064,0.20406584407733064,0.22181070008405504,16,4,12,12,100,0.017126222234324473,474.0,1.0668000322766602,352
4268,92,6,20.392076569373774,0.20392076569373774,0.22165300618884534,12,4,9,9,102,0.014507838361737413,459.0,1.0087999980896711,516
4269,92,4,20.372376839016116,0.20372376839016115,0.22143887868495782,19,4,15,15,100,0.01969973035961914,474.0,1.0362000321038067,352
4270,92,2,20.360391154405892,0.20360391154405894,0.22130859950441187,13,2,11,11,96,0.011985684611630631,934.0,0.8340000058524311,180
4271,92,6,20.34091054185758,0.2034091054185758,0.22109685371584326,19,6,13,13,104,0.019480612550779597,320.6666666666667,0.8493000059388578,516
4272,91,3,20.326334185714604,0.20326334185714603,0.22336630973312752,15,2,14,11,98,0.014576356144672786,724.0,0.7721000001765788,267
4273,91,6,20.304175973470162,0.20304175973470162,0.2231228128952765,15,6,9,9,103,0.02215821224686465,317.3333333333333,0.9271000162698328,510
4274,91,4,20.286595688463954,0.20286595688463954,0.22292962295015334,17,4,13,13,99,0.017580285008122587,469.0,0.971800007391721,348
4275,91,7,20.26985015408386,0.20269850154083857,0.22274560608883362,13,5,8,8,105,0.016745534382735627,302.0,1.0448999819345772,588
4276,91,1,20.25903382239596,0.2025903382239596,0.2226267453010545,12,1,11,11,93,0.010816331689042613,1834.0,1.7875000485219061,90
4277,91,4,20.246147712786332,0.20246147712786333,0.22248513970094871,12,3,9,9,99,0.012886109611542906,467.3333333333333,0.7282999577000737,348
4278,91,4,20.23212479763238,0.2023212479763238,0.22233104173222396,12,3,9,9,99,0.014022915155891269,547.3333333333334,0.719199946615845,348
4279,91,7,20.217143884529147,0.20217143884529146,0.22216641631350711,10,3,8,8,105,0.014980913105887339,380.6666666666667,0.8508999599143863,588
4280,91,5,20.199303009601664,0.20199303009601663,0.22197036274287543,17,4,13,13,101,0.0178408749296608,434.0,0.8449000306427479,430
4281,91,8,20.17951530622782,0.20179515306227822,0.22175291545305298,14,7,8,8,107,0.0197877033767071,251.14285714285714,1.0969999711960554,664
4282,91,3,20.167697477592387,0.20167697477592386,0.22162304920431194,10,2,9,9,97,0.011817828637120442,734.0,1.0032000136561692,264
4283,91,3,20.155682812524766,0.20155682812524767,0.22149101991785458,9,2,7,7,97,0.012014665069273178,624.0,0.979500007815659,264
4284,91,3,20.14368391779145,0.2014368391779145,0.22135916393177416,11,2,9,9,97,0.011998894735015142,754.0,0.9699999936856329,264
4285,91,3,20.133091606654673,0.20133091606654674,0.2212427649082931,8,2,6,6,97,0.010592311138466926,824.0,0.9942000033333898,264
4286,91,4,20.118574595778426,0.20118574595778427,0.22108323731624643,11,3,8,8,99,0.014517010878165593,600.6666666666666,0.9808000177145004,348
4287,91,7,20.101852735205966,0.20101852735205966,0.22089948060665898,12,3,9,9,105,0.016721860575117375,414.0,0.9540999890305102,588
4288,91,7,20.085445052642644,0.20085445052642645,0.2207191764026664,12,5,8,8,105,0.01640768256599756,302.0,0.8175999973900616,588
4289,91,4,20.072626940626666,0.20072626940626667,0.22057831802886446,10,4,6,6,99,0.01281811201789651,469.0,0.938400044105947,348
4290,91,4,20.058272628183914,0.20058272628183915,0.22042057833169137,11,3,9,9,99,0.014354312444666562,567.3333333333334,1.0467000538483262,348
4291,91,2,20.043717200062545,0.20043717200062544,0.22026062857211587,11,2,9,9,95,0.014555428122775993,924.0,1.1057999799959362,178
4292,91,7,20.02224119701387,0.20022241197013868,0.22002462853861396,17,6,11,11,105,0.021476003051347448,307.3333333333333,0.889900024048984,588
4293,91,7,20.00416139075592,0.20004161390755923,0.21982594934896618,15,5,12,12,105,0.01807980626058736,290.0,0.7602999685332179,588
4294,90,6,19.987386281949973,0.19987386281949973,0.22208206979944414,17,5,13,7,103,0.01677510880838895,294.0,0.8722000056877732,510
4295,90,4,19.973720372934153,0.19973720372934153,0.22193022636593507,13,4,9,9,98,0.013665909017717581,464.0,0.9632000001147389,344
4296,90,3,19.960502005591124,0.19960502005591124,0.2217833556176792,13,3,10,10,96,0.013218367344677517,614.0,0.9289999725297093,261
4297,90,1,19.948143054508332,0.19948143054508333,0.2216460339389815,14,1,14,14,92,0.012358951083911052,1814.0,0.832199992146343,89
4298,90,4,19.931899740097933,0.19931899740097933,0.2214655526677548,13,4,9,9,98,0.016243314412307086,464.0,0.867700029630214,344
4299,90,6,19.917083196820577,0.19917083196820579,0.22130092440911756,9,4,6,6,102,0.014816543279764005,424.0,1.0194999631494284,504
4300,90,6,19.90364214167432,0.19903642141674321,0.2211515793519369,7,3,5,5,102,0.013441055148632586,294.0,0.9928999934345484,504
4301,90,6,19.886763764978863,0.19886763764978863,0.22096404183309848,14,5,10,10,102,0.01687837669786063,362.0,1.3618000084534287,504
4302,90,5,19.870584647671926,0.19870584647671927,0.22078427386302135,14,5,9,9,100,0.01617911730907906,374.0,0.9643000084906816,425
4303,90,6,19.852909037988148,0.19852909037988148,0.2205878781998683,12,5,8,8,102,0.017675609686179428,326.0,0.9895999683067203,504
4304,90,6,19.832807960153282,0.19832807960153281,0.22036453289059202,16,5,12,12,102,0.020101077837253456,362.0,1.21640000725165,504
4305,90,10,19.81052639360345,0.1981052639360345,0.2201169599289272,19,7,12,12,108,0.022281566553118637,245.42857142857142,0.7374999695457518,800
4306,90,3,19.796506488056917,0.19796506488056917,0.21996118320063246,14,3,12,12,96,0.014019905548181555,614.0,1.0800000163726509,261
4307,90,4,19.77770795418591,0.1977770795418591,0.21975231060206568,17,4,14,14,98,0.018798533872882217,464.0,0.9807000169530511,344
4308,90,2,19.766634020461616,0.19766634020461615,0.219629266894018,12,2,10,10,94,0.011073933725697316,914.0,1.0705000022426248,176
4309,90,3,19.753453482579538,0.1975345348257954,0.21948281647310597,14,3,11,11,96,0.013180537883741295,614.0,0.895200006198138,261
4310,90,4,19.735499374290363,0.19735499374290363,0.219283326381004,18,4,14,14,98,0.017954108291064586,464.0,1.0546999983489513,344
4311,90,3,19.722102700919958,0.19722102700919958,0.2191344744546662,12,3,10,10,96,0.013396673372071177,614.0,0.8571000071242452,261
4312,90,7,19.705212043987494,0.19705212043987494,0.21894680048874998,10,4,6,6,104,0.01689065693508951,279.0,0.8770999847911298,581
4313,90,3,19.692418956541445,0.19692418956541446,0.21880465507268268,13,3,10,10,96,0.012793087447690255,614.0,0.9538999875076115,261
4314,90,2,19.681050020753577,0.19681050020753577,0.21867833356392868,6,2,5,5,94,0.011368935789263901,914.0,0.9114999556913972,176
4315,90,7,19.661063828960028,0.1966106382896003,0.21845626476622257,16,6,14,14,104,0.019986191796178332,284.0,1.493200019467622,581
4316,90,4,19.647918795140072,0.1964791879514007,0.2183102088348897,10,2,8,8,98,0.013145033821857055,694.0,0.8399999933317304,344
4317,90,5,19.629106095053245,0.19629106095053245,0.21810117883392494,18,5,15,15,100,0.0188127000890006,374.0,0.7890000124461949,425
4318,90,2,19.618643034256237,0.19618643034256236,0.21798492260284705,10,2,8,8,94,0.010463060798400647,914.0,0.7493000011891127,176
4319,90,2,19.60575598526769,0.19605755985267692,0.21784173316964106,11,2,10,10,94,0.01288704898992421,914.0,0.7241999846883118,176
4320,90,8,19.585405176848212,0.1958540517684821,0.21761561307609126,14,6,9,9,106,0.02035080842233583,280.6666666666667,0.7948999991640449,656
4321,90,2,19.570779231310574,0.19570779231310576,0.2174531025701175,17,2,15,15,94,0.014625945539037843,914.0,0.7660000119358301,176
4322,90,8,19.55156532783341,0.1955156532783341,0.21723961475370454,15,5,11,11,106,0.019213903480007843,282.0,0.89490000391379,656
4323,88,4,19.534138934948455,0.19534138934948456,0.22197885153350513,16,2,14,12,98,0.01742639288686121,694.0,1.0335000115446746,344
4324,88,5,19.51652798717353,0.1951652798717353,0.2217787271269719,18,5,13,13,98,0.01761094777702965,366.0,0.91409997548908,415
4325,88,4,19.500260146056075,0.19500260146056075,0.2215938652960917,17,4,13,13,96,0.01626784111930135,454.0,0.8853999897837639,336
4326,88,3,19.485522286310694,0.19485522286310694,0.22142638961716693,17,2,15,15,94,0.014737859747000925,744.0,0.8421000093221664,255
4327,88,6,19.46768253488876,0.19467682534888758,0.22122366516919048,12,4,8,8,100,0.017839751424247652,414.0,0.8473999914713204,492
4328,88,4,19.453228244450237,0.19453228244450238,0.2210594118687527,13,4,10,10,96,0.014454290440397699,454.0,1.803699997253716,336
4329,88,4,19.437547701605638,0.19437547701605637,0.22088122388188225,19,3,17,17,96,0.015680542846453704,587.3333333333334,0.9126000222750008,336
4330,88,1,19.424558439959334,0.19424558439959333,0.22073361863590157,17,1,17,17,90,0.012989261647405215,1774.0,0.9131000260822475,87
4331,88,3,19.408747645542096,0.19408747645542096,0.22055395051752386,17,3,15,15,94,0.015810794418854357,600.6666666666666,0.9142999770119786,255
4332,88,5,19.39098548436583,0.1939098548436583,0.2203521077768845,17,5,12,12,98,0.017762161178353608,366.0,0.8807999547570944,415
4333,88,3,19.377219430373707,0.19377219430373707,0.22019567534515574,15,3,13,13,94,0.013766053993734317,600.6666666666666,2.6496999780647457,255
4334,88,7,19.356796178118636,0.19356796178118635,0.2199635929331663,20,6,15,15,102,0.0204232522576433,274.0,0.923299987334758,567
4335,88,8,19.33699111352497,0.1933699111352497,0.21973853538096566,17,5,14,14,104,0.019805064596440047,282.0,0.7342000026255846,640
4336,88,5,19.318510485338138,0.19318510485338136,0.21952852824247884,17,5,13,13,98,0.018480628188939363,366.0,0.9108000085689127,415
4337,88,5,19.302119793202184,0.19302119793202185,0.21934227037729756,17,5,12,12,98,0.016390692138074314,366.0,0.8744000224396586,415
4338,88,3,19.286397550693895,0.19286397550693896,0.2191636085306124,16,3,13,13,94,0.015722242509895068,600.6666666666666,0.9051000233739614,255
4339,88,2,19.273466946746527,0.19273466946746529,0.21901666984939236,15,2,13,13,92,0.01293060394871759,894.0,0.8169000502675772,172
4340,88,5,19.257610561300947,0.19257610561300947,0.21883648365114716,15,4,12,12,98,0.015856385447690968,394.0,0.8792000007815659,415
4341,88,2,19.245658634576124,0.19245658634576124,0.2187006663020014,12,2,10,10,92,0.011951926726197826,894.0,0.7726999465376139,172
4342,88,0,19.23311235139562,0.19233112351395618,0.21855809490222294,13,13,13,13,0,0.012546283180512319,17.0,0.1776000135578215,0
4343,88,7,19.2164148909008,0.19216414890900801,0.21836835103296368,12,3,9,9,102,0.016697460497368866,434.0,1.045699988026172,567
4344,88,7,19.193716695968003,0.19193716695968002,0.2181104169996364,20,6,15,15,102,0.022698194935344418,294.0,0.8968000183813274,567
4345,88,5,19.18082390675938,0.19180823906759378,0.21796390803135657,10,4,6,6,98,0.012892789210738442,359.0,1.5002000145614147,415
4346,88,3,19.16460983000901,0.1916460983000901,0.21777965715919334,19,3,16,16,94,0.016214076751978723,600.6666666666666,0.7749000214971602,255
4347,88,3,19.15180258284058,0.19151802582840582,0.21763412025955206,12,3,9,9,94,0.012807247170044889,600.6666666666666,0.9094999986700714,255
4348,88,6,19.13089103766559,0.19130891037665593,0.21739648906438172,16,6,10,10,100,0.020911545177312973,307.3333333333333,0.7464000373147428,492
4349,88,5,19.11210245586708,0.1911210245586708,0.21718298245303502,18,4,17,17,98,0.01878858180063503,414.0,0.929799978621304,415
4350,88,3,19.09943909607161,0.1909943909607161,0.2170390806371774,13,3,10,10,94,0.01266335979705957,600.6666666666666,0.9428999619558454,255
4351,88,4,19.08472009545594,0.1908472009545594,0.2168718192665448,12,4,9,9,96,0.014719000617546385,454.0,0.8628999930806458,336
4352,88,6,19.071357411506323,0.19071357411506323,0.21671997058529915,8,2,7,7,100,0.013362683951939403,674.0,0.8227999787777662,492
4353,88,8,19.05453191805065,0.1905453191805065,0.2165287717960301,12,5,7,7,104,0.0168254934584553,282.0,1.206899993121624,640
4354,88,7,19.038949370783527,0.19038949370783528,0.21635169739526736,11,4,7,7,102,0.015582547269687552,304.0,0.8320999913848937,567
4355,88,3,19.025823627921238,0.19025823627921237,0.21620254122637766,13,3,10,10,94,0.013125742863891787,600.6666666666666,0.882200023625046,255
4356,88,6,19.008120494035,0.19008120494035002,0.21600136925039778,12,4,8,8,100,0.01770313388858824,304.0,0.7508000126108527,492
4357,88,4,18.993013452678102,0.18993013452678104,0.21582969832588758,13,4,9,9,96,0.01510704135878882,454.0,0.7241999846883118,336
4358,88,3,18.981596859959986,0.18981596859959984,0.21569996431772706,10,3,8,8,94,0.011416592719726282,600.6666666666666,0.6807000027038157,255
4359,88,1,18.97226104198161,0.1897226104198161,0.21559387547706377,7,1,7,7,90,0.009335817979476246,1774.0,0.8040000102482736,87
4360,88,6,18.956612761567616,0.18956612761567615,0.21541605410872294,13,5,8,8,100,0.01564828041631472,326.0,1.0577000211924314,492
4361,88,5,18.943588821487932,0.18943588821487933,0.21526805478963554,10,5,6,6,98,0.013023940081779983,366.0,1.1226999922655523,415
4362,88,2,18.930354326533834,0.18930354326533835,0.2151176628015209,9,2,7,7,92,0.013234494955455034,894.0,0.8517000242136419,172
4363,88,5,18.917507171887372,0.1891750717188737,0.21497167240781104,8,3,5,5,98,0.012847154648568448,440.6666666666667,0.9289999725297093,415
4364,88,6,18.905225461808225,0.18905225461808225,0.21483210752054804,8,3,6,6,100,0.01228171008149559,320.6666666666667,0.833700003568083,492
4365,88,4,18.891535169936937,0.18891535169936938,0.21467653602201056,11,4,7,7,96,0.01369029187314652,454.0,0.7830000249668956,336
4366,88,3,18.881706768560502,0.18881706768560502,0.21456484964273292,6,2,5,5,94,0.009828401378058516,804.0,0.935399963054806,255
4367,88,5,18.870853411762177,0.18870853411762176,0.214441516042752,6,3,3,3,98,0.010853356800410552,387.3333333333333,1.033900014590472,415
4368,88,5,18.856265436660088,0.18856265436660088,0.2142757435984101,14,4,10,10,98,0.014587975104205952,419.0,1.0572000173851848,415
4369,88,3,18.846503008784392,0.18846503008784393,0.2141648069180044,7,2,5,5,94,0.009762427877319624,824.0,1.1033000191673636,255
4370,88,5,18.835042949727757,0.18835042949727757,0.2140345789741791,8,3,5,5,98,0.011460059058734373,367.3333333333333,1.0424999636597931,415
4371,88,4,18.822421999822932,0.18822421999822933,0.213891159088897,10,3,7,7,96,0.01262094990669027,460.6666666666667,0.9371000342071056,336
4372,88,7,18.80794140067168,0.1880794140067168,0.21372660682581454,8,3,5,5,102,0.0144805991538135,367.3333333333333,0.7583000115118921,567
4373,87,3,18.798633820940807,0.18798633820940808,0.21607625081541157,7,2,6,5,94,0.009307579732478644,664.0,0.949900015257299,255
4374,87,6,18.784565740157937,0.18784565740157938,0.2159145487374475,10,4,6,6,99,0.014068080785193615,379.0,0.9957000147551298,486
4375,87,5,18.773221741294403,0.18773221741294402,0.21578415794591269,6,3,4,4,97,0.011343998865598337,414.0,1.1915999930351973,410
4376,87,5,18.757138256365547,0.18757138256365546,0.21559929030305228,10,4,6,6,97,0.016083484930931036,364.0,0.9412000072188675,410
4377,87,1,18.748908760578015,0.18748908760578015,0.21550469839744849,6,1,5,5,89,0.008229495788611985,1754.0,0.7597999647259712,86
4378,87,7,18.735596890723873,0.1873559689072387,0.21535168839912494,8,3,5,5,101,0.01331186985666477,414.0,0.6713999900966883,560
4379,87,1,18.7265439844384,0.187265439844384,0.21524763200503913,4,1,3,3,89,0.009052906286584061,1754.0,0.8521000272594392,86
4380,87,6,18.712077525440087,0.18712077525440088,0.21508135086712743,8,3,5,5,99,0.014466459000615828,447.3333333333333,0.9034000104293227,486
4381,87,6,18.69751489710074,0.1869751489710074,0.21491396433449125,11,4,7,7,99,0.014562628341650452,369.0,0.8623999892733991,486
4382,87,2,18.687442907856997,0.18687442907856996,0.21479819434318392,7,2,7,7,91,0.010071989245076907,884.0,0.8304000366479158,170
4383,87,1,18.678601558541803,0.18678601558541805,0.21469656963841152,8,1,7,7,89,0.008841349316298874,1754.0,1.1943000135943294,86
4384,87,4,18.665614077098958,0.18665614077098958,0.21454728824251676,11,4,7,7,95,0.012987481444682203,449.0,1.0438000317662954,332
4385,87,4,18.65298965557464,0.1865298965557464,0.21440217994913374,8,3,5,5,95,0.01262442152615506,520.6666666666666,0.8575999527238309,332
4386,87,5,18.64127663309688,0.1864127663309688,0.21426754750686064,6,3,3,3,97,0.011713022479852953,360.6666666666667,0.9218000341206789,410
4387,87,6,18.62811209244654,0.1862811209244654,0.21411623094766127,9,3,6,6,99,0.013164540652638834,414.0,1.1721000191755593,486
4388,87,7,18.61089076556402,0.1861089076556402,0.21391828466165538,13,5,8,8,101,0.017221326885049848,310.0,0.9137000306509435,560
4389,87,4,18.59964449593988,0.18599644495939882,0.21378901719471124,8,3,5,5,95,0.011246269625956984,420.6666666666667,0.8920000400394201,332
4390,87,6,18.580171977737287,0.18580171977737286,0.21356519514640562,15,6,10,10,99,0.01947251820492113,304.0,1.8828999600373209,486
4391,87,3,18.568963294622506,0.18568963294622506,0.21343635970830466,9,3,6,6,93,0.011208683116379348,594.0,1.6001000185497105,252
4392,87,5,18.555584864673442,0.1855558486467344,0.21328258465141886,10,3,8,8,97,0.01337842995113192,467.3333333333333,0.9625999955460429,410
4393,87,5,18.543996841833557,0.18543996841833557,0.2131493889865926,8,3,5,5,97,0.011588022841948487,460.6666666666667,0.8207999635487795,410
4394,87,4,18.531015036839033,0.18531015036839033,0.21300017283723027,13,3,10,10,95,0.012981804996371693,547.3333333333334,0.8989999769255519,332
4395,87,6,18.513184059524445,0.18513184059524446,0.21279521907499363,14,5,9,9,99,0.01783097731690475,342.0,1.0238999966531992,486
4396,87,4,18.500704048918905,0.18500704048918906,0.21265177067722885,10,4,6,6,95,0.012480010607390568,449.0,1.3244000147096813,332
4397,87,1,18.489952542751652,0.18489952542751653,0.2125281901465707,12,1,11,11,89,0.01075150616831877,1754.0,0.9949000086635351,86
4398,87,8,18.47161105369577,0.18471611053695772,0.21231736843328472,16,5,12,12,103,0.01834148905864197,314.0,0.7463000365532935,632
4399,87,0,18.465853309873218,0.18465853309873217,0.2122511874698071,10,10,10,10,0,0.005757743822556449,17.0,0.4504999960772693,0
4400,87,5,18.452080261091062,0.1845208026109106,0.21209287656426504,13,4,11,11,97,0.013773048784230468,409.0,0.9368000319227576,410
4401,87,9,18.430650059384053,0.18430650059384054,0.2118465524067132,19,7,16,16,105,0.02143020170997545,231.14285714285714,0.9041000157594681,702
4402,87,3,18.415639765795486,0.18415639765795486,0.2116740202964998,12,3,9,9,93,0.015010293590151491,594.0,1.0580000234767795,252
4403,87,5,18.400945262742972,0.18400945262742974,0.2115051179625629,13,4,9,9,97,0.014694503054570873,419.0,0.8934999932534993,410
4404,87,2,18.385434268338802,0.18385434268338802,0.21132683067056093,17,2,15,15,91,0.015510994405516954,884.0,0.8742999634705484,170
4405,87,3,18.371023606509667,0.18371023606509668,0.21116119087942153,13,3,10,10,93,0.01441066183072337,594.0,0.7928999839350581,252
4406,87,3,18.36014901934232,0.1836014901934232,0.21103619562462442,10,2,8,8,93,0.010874587168970606,814.0,1.0982999810948968,252
4407,87,0,18.353068996957482,0.18353068996957483,0.2109548160569826,9,9,9,9,0,0.007080022384826634,17.0,0.14640000881627202,0
4408,87,4,18.340992311279965,0.18340992311279966,0.21081600357793065,10,2,9,9,95,0.01207668567934661,614.0,0.9308999869972467,332
4409,87,3,18.329600535012975,0.18329600535012974,0.21068506362083883,10,3,7,7,93,0.011391776268581566,594.0,1.0213999776169658,252
4410,87,7,18.312887395818485,0.18312887395818486,0.21049295857262632,12,4,9,9,101,0.016713139197022997,334.0,0.7857999880798161,560
4411,87,8,18.2934451766723,0.182934451766723,0.21026948478933674,13,5,10,10,99,0.019442219148942286,302.0,1.179399958346039,632
4412,87,7,18.275611958306445,0.18275611958306445,0.21006450526789017,12,4,9,9,101,0.017833218368366488,299.0,1.1249000090174377,560
4413,87,3,18.261892747010428,0.18261892747010428,0.2099068131840279,15,3,12,12,93,0.013719211297612333,594.0,0.8876000065356493,252
4414,87,6,18.23997118565588,0.1823997118565588,0.20965484121443542,20,6,15,15,99,0.021921561356862185,304.0,0.853199977427721,486
4415,87,5,18.22443417258061,0.1822443417258061,0.2094762548572484,15,5,11,11,97,0.015537013077320694,362.0,0.9085999918170273,410
4416,87,5,18.207470259272288,0.18207470259272288,0.20928126734795724,15,3,14,14,97,0.016963913310391376,547.3333333333334,0.74970000423491,410
4417,87,3,18.19461849562097,0.18194618495620968,0.20913354592667777,13,3,10,10,93,0.012851763652932391,594.0,0.8978000259958208,252
4418,87,6,18.175186514071736,0.18175186514071737,0.2089101898169165,19,5,14,14,99,0.01943198155152004,342.0,0.8505999576300383,486
4419,87,0,18.16847461443826,0.1816847461443826,0.2088330415452674,10,10,10,10,0,0.006711899633444318,17.0,0.0659999786876142,0
4420,87,10,18.151648599138984,0.18151648599138984,0.20863963907056302,9,5,6,6,107,0.0168260153024562,186.0,0.9003999875858426,770
4421,87,1,18.141649025611965,0.18141649025611964,0.20852470144381574,11,1,10,10,89,0.009999573528119754,1754.0,0.9317000512965024,86
4422,87,3,18.130456781118195,0.18130456781118195,0.20839605495538155,10,3,7,7,93,0.011192244495347836,594.0,0.8012999896891415,252
4423,87,3,18.117711594896935,0.18117711594896935,0.20824955856203378,13,2,11,11,93,0.012745186222858251,794.0,0.9552999981679022,252
4424,87,5,18.104116120387587,0.18104116120387587,0.20809328874008717,11,4,8,8,97,0.013595474511433281,404.0,1.2152999988757074,410
4425,87,3,18.08997884191938,0.1808997884191938,0.2079307912864297,12,3,10,10,93,0.014137278469789294,594.0,0.8295000297948718,252
4426,87,7,18.07284973559915,0.1807284973559915,0.20773390500688677,14,5,13,13,99,0.01712910632276987,318.0,0.8623999892733991,560
4427,87,7,18.05742770571827,0.18057427705718268,0.20755664029561224,13,4,9,9,101,0.01542202988341046,369.0,0.8815000182949007,560
4428,87,3,18.046607686884045,0.18046607686884045,0.20743227226303498,9,2,8,8,93,0.010820018835829615,804.0,0.9956000139936805,252
4429,87,2,18.034167673019766,0.18034167673019766,0.20728928359792834,13,2,12,12,91,0.012440013865614219,884.0,0.8199000149033964,170
4430,87,2,18.022028353352358,0.18022028353352357,0.20714975118795814,11,2,9,9,91,0.012139319668747817,884.0,0.7450000266544521,170
4431,87,5,18.00714884702992,0.18007148847029922,0.20697872237965426,13,4,10,10,97,0.014879506324504632,404.0,0.7440000190399587,410
4432,87,6,17.989368625648765,0.17989368625648766,0.20677435201895125,16,5,12,12,99,0.017780221383461026,318.0,0.7477999897673726,486
4433,87,6,17.976664540080137,0.17976664540080137,0.20662832804689812,7,2,5,5,99,0.012704085570916845,544.0,0.876000034622848,486
4434,87,2,17.967455763861178,0.1796745576386118,0.20652248004438137,6,2,5,5,91,0.009208776220319237,884.0,0.8650000090710819,170
4435,87,8,17.947581672060103,0.17947581672060103,0.20629404220758735,15,7,10,10,103,0.019874091803814053,254.0,0.929199974052608,632
4436,87,2,17.933036140251204,0.17933036140251205,0.20612685218679544,15,2,13,13,91,0.014545531810227885,884.0,0.7611999753862619,170
4437,87,4,17.91719959371842,0.1791719959371842,0.20594482291630362,16,3,13,13,95,0.01583654653461508,554.0,0.8283999632112682,332
4438,87,5,17.900514979675282,0.17900514979675283,0.20575304574339406,14,3,11,11,95,0.016684614045232138,547.3333333333334,0.9041999583132565,410
4439,87,3,17.889101370965832,0.17889101370965832,0.2056218548386878,11,3,8,8,93,0.011413608711023926,594.0,0.9410000056959689,252
4440,87,1,17.877593490193547,0.17877593490193547,0.2054895803470523,9,1,8,8,89,0.011507880773365287,1754.0,1.0728000197559595,86
4441,87,4,17.864587636980126,0.17864587636980125,0.20534008778138074,10,3,8,8,95,0.013005853215233287,547.3333333333334,1.0353000252507627,332
4442,87,7,17.845656149203574,0.17845656149203573,0.2051224844736043,14,6,9,9,101,0.018931487779113354,250.66666666666666,1.062600000295788,560
4443,87,3,17.83232638102463,0.1783232638102463,0.20496926874740953,11,3,9,9,93,0.013329768180511792,594.0,1.131800003349781,252
4444,87,3,17.820348407681525,0.17820348407681524,0.2048315908928911,11,3,8,8,93,0.011977973344698967,594.0,2.4465000024065375,252
4445,87,3,17.808107775766903,0.17808107775766902,0.20469089397433218,10,3,7,7,93,0.012240631916213829,594.0,1.0831999825313687,252
4446,87,4,17.796587651379163,0.17796587651379162,0.20455847875148467,9,3,7,7,95,0.011520124389576836,547.3333333333334,0.8137999684549868,332
4447,87,2,17.785492236367624,0.17785492236367623,0.20443094524560487,9,2,7,7,91,0.011095415012903231,884.0,0.8830000297166407,170
4448,87,4,17.76857867504474,0.1776857867504474,0.2042365364947671,18,4,15,15,95,0.016913561324699344,449.0,1.0157999931834638,332
4449,87,5,17.754141583378583,0.17754141583378583,0.20407059291239743,13,3,10,10,97,0.014437091668227708,540.6666666666666,0.888700014911592,410
4450,87,7,17.735762173870178,0.1773576217387018,0.20385933533184117,13,5,9,9,101,0.018379409510927758,322.0,0.8860999951139092,560
4451,87,7,17.717515447355144,0.17717515447355145,0.20364960284316258,16,5,12,12,101,0.018246726517546108,302.0,0.8788999984972179,560
4452,87,5,17.698124629208234,0.17698124629208234,0.20342671987595676,18,5,13,13,97,0.019390818149005895,362.0,0.8161000441759825,410
4453,87,2,17.68541162027618,0.1768541162027618,0.20328059333650783,12,2,11,11,91,0.012713008933374681,884.0,1.0580999660305679,170
4454,87,6,17.670381394852818,0.1767038139485282,0.20310783212474498,12,4,8,8,99,0.01503022542567578,384.0,0.7607999723404646,486
4455,86,2,17.659167158377453,0.17659167158377453,0.20533915300438904,9,2,7,7,91,0.01121423647668962,874.0,1.046299992594868,170
4456,86,6,17.642795220118202,0.17642795220118201,0.20514878162928143,11,4,8,8,98,0.016371938261528385,344.0,0.9054999682120979,480
4457,86,1,17.631670781271957,0.17631670781271958,0.2050194276892088,9,1,8,8,88,0.011124438847318174,1734.0,0.8909999742172658,85
4458,86,4,17.6199923894644,0.176199923894644,0.20488363243563257,9,3,7,7,94,0.011678391809368804,474.0,0.8902999688871205,328
4459,86,11,17.59975889932303,0.17599758899323031,0.20464835929445385,13,5,8,8,108,0.020233490144704547,242.0,0.792300037574023,825
4460,86,8,17.585282483838263,0.17585282483838263,0.20448002888184028,8,4,5,5,102,0.014476415487479244,304.0,0.9076999849639833,624
4461,85,4,17.57219674576217,0.1757219674576217,0.20673172642073145,14,3,12,11,94,0.013085738077890596,460.6666666666667,0.7871999987401068,328
4462,85,3,17.559984220553773,0.17559984220553773,0.20658804965357375,12,2,10,10,91,0.012212525209946534,804.0,0.9192000143229961,246
4463,85,4,17.545533584984696,0.17545533584984696,0.20641804217629053,16,3,14,14,93,0.01445063557085291,567.3333333333334,0.9955999557860196,324
4464,85,4,17.53056814787366,0.1753056814787366,0.20624197821027834,13,4,9,9,93,0.014965437112820723,439.0,0.8399999933317304,324
4465,85,4,17.514967748415284,0.17514967748415283,0.20605844409900334,13,2,11,11,91,0.01560039946015479,814.0,0.8345000096596777,324
4466,85,8,17.49454997513765,0.17494549975137652,0.20581823500161944,20,6,14,14,101,0.020417773280314577,254.0,0.9988000383600593,616
4467,85,5,17.477764869413384,0.17477764869413384,0.20562076316956923,16,5,12,12,95,0.01678510572628511,354.0,0.729900028090924,400
4468,85,4,17.46232999818947,0.17462329998189471,0.20543917644928794,13,3,10,10,93,0.015434871225679103,520.6666666666666,2.785599965136498,324
4469,85,6,17.444241580019607,0.17444241580019607,0.2052263715296425,18,6,12,12,97,0.018088418172126808,297.3333333333333,0.7025999948382378,474
4470,85,4,17.429292514937824,0.17429292514937825,0.20505050017573911,12,3,9,9,93,0.0149490650835844,474.0,0.6866000476293266,324
4471,85,3,17.415714127192956,0.17415714127192955,0.2048907544375642,15,2,14,14,91,0.013578387746406406,804.0,1.5430999919772148,246
4472,85,3,17.40286198009233,0.1740286198009233,0.2047395527069686,12,3,9,9,91,0.012852147102194067,580.6666666666666,1.0151999886147678,246
4473,85,5,17.38700636984111,0.1738700636984111,0.20455301611577775,14,4,11,11,95,0.015855610253254326,429.0,0.7316000410355628,400
4474,85,2,17.374334801971187,0.17374334801971186,0.2044039388467198,12,1,11,11,87,0.012671567871208822,1694.0,0.7732000085525215,166
4475,85,3,17.360381521246847,0.17360381521246848,0.20423978260290412,17,3,14,14,91,0.013953280725900186,580.6666666666666,0.8702999912202358,246
4476,85,1,17.350635834464498,0.17350635834464498,0.2041251274642882,8,1,7,7,87,0.00974568678341825,1714.0,0.8431000169366598,84
4477,85,6,17.334788903211656,0.17334788903211656,0.20393869297896067,14,5,10,10,97,0.01584693125508352,330.0,0.8370999712496996,474
4478,85,4,17.32330062638721,0.17323300626387209,0.20380353678102597,10,3,8,8,93,0.011488276826227661,507.3333333333333,0.8770999847911298,324
4479,85,5,17.30619410998009,0.17306194109980091,0.20360228364682456,17,5,13,13,95,0.017106516409128858,354.0,0.8698999881744385,400
4480,85,5,17.29349452935841,0.17293494529358408,0.2034528768159813,11,4,10,10,95,0.012699580623703355,359.0,0.9654000168666244,400
4481,85,2,17.28337384109881,0.17283373841098812,0.20333380989528013,10,1,9,9,89,0.010120688260911948,1574.0,0.971500005107373,166
4482,85,5,17.266850079665996,0.17266850079665996,0.20313941270195293,15,4,11,11,95,0.016523761434839912,359.0,0.9057000279426575,400
4483,85,7,17.253533977989616,0.17253533977989616,0.20298275268223076,8,4,5,5,99,0.013316101678839232,279.0,0.7473999867215753,546
4484,85,3,17.23902424039293,0.1723902424039293,0.2028120498869756,14,3,11,11,91,0.014509737598231709,580.6666666666666,0.9083000477403402,246
4485,85,9,17.221790361346628,0.17221790361346628,0.20260929836878394,12,4,9,9,103,0.017233879049186385,299.0,1.0011999984271824,684
4486,85,1,17.21042923764378,0.1721042923764378,0.20247563808992683,12,1,11,11,87,0.011361123703892417,1714.0,0.9234999888576567,84
4487,85,10,17.187211155155357,0.17187211155155357,0.20220248417829836,18,7,12,12,105,0.023218082491510472,234.0,0.8455000352114439,750
4488,85,4,17.172084695561942,0.17172084695561943,0.2020245258301405,15,3,13,13,93,0.01512645959520853,567.3333333333334,0.9883999591693282,324
4489,85,5,17.15577204541237,0.1715577204541237,0.20183261229896907,14,4,10,10,93,0.016312650151604657,434.0,1.0869000107049942,400
4490,85,1,17.146220674817815,0.17146220674817816,0.20172024323315077,9,1,8,8,87,0.009551370595602293,1714.0,0.792900042142719,84
4491,85,4,17.13260061037014,0.1713260061037014,0.20156000718082523,13,3,11,11,93,0.013620064449483493,534.0,0.9383000433444977,324
4492,85,5,17.12183660478719,0.1712183660478719,0.20143337182102575,7,2,5,5,95,0.010764005584988467,544.0,1.4894999912939966,400
4493,85,3,17.108225903902706,0.17108225903902707,0.20127324592826715,13,3,10,10,91,0.013610700886019345,580.6666666666666,0.8432000176981091,246
4494,85,6,17.092764445200356,0.17092764445200356,0.20109134641412182,13,3,11,11,97,0.015461458704606912,487.3333333333333,0.8164999890141189,474
4495,85,1,17.083096650457573,0.17083096650457574,0.20097760765244208,10,1,10,10,87,0.009667794743847935,1714.0,0.7667000172659755,84
4496,85,2,17.07325532907681,0.1707325532907681,0.20086182740090366,9,1,8,8,89,0.009841321382054957,1554.0,0.7295000250451267,166
4497,85,5,17.058967239251352,0.17058967239251352,0.20069373222648648,10,4,6,6,95,0.014288089827488193,394.0,0.7480999920517206,400
4498,85,5,17.0453632896402,0.170453632896402,0.20053368576047298,13,4,11,11,95,0.013603949613155919,404.0,0.8461999823339283,400
4499,85,2,17.034914437336894,0.17034914437336895,0.2004107580863164,10,2,8,8,89,0.010448852304620004,864.0,0.8259000023826957,166
4500,85,9,17.017317867697614,0.17017317867697612,0.20020373961997193,12,6,8,8,103,0.017596569642151394,227.33333333333334,0.9611999848857522,684
4501,85,8,16.999114458886247,0.16999114458886247,0.19998958186924995,15,6,12,12,101,0.018203408814031263,250.66666666666666,0.9331000037491322,616
4502,85,6,16.984840051113064,0.16984840051113065,0.19982164766015365,12,4,10,10,97,0.014274407775459963,374.0,0.9074000408872962,474
4503,85,5,16.966521753310392,0.16966521753310393,0.19960613827423995,16,4,12,12,95,0.01831829780465455,374.0,0.941899954341352,400
4504,85,6,16.95086405058683,0.1695086405058683,0.1994219300069039,12,3,9,9,97,0.015657702725818012,447.3333333333333,0.7519999635405838,474
4505,85,3,16.936476978578586,0.16936476978578585,0.19925267033621863,18,3,15,15,91,0.014387072009796498,580.6666666666666,0.8613999816589057,246
4506,85,4,16.92362596761486,0.1692362596761486,0.1991014819719395,13,3,10,10,93,0.01285101096551955,527.3333333333334,0.8700999896973372,324
4507,85,2,16.911727531744596,0.16911727531744597,0.19896150037346583,10,2,8,8,89,0.011898435871557922,864.0,0.9030000073835254,166
4508,85,2,16.899130311542073,0.16899130311542074,0.19881329778284793,14,2,12,12,89,0.012597220203844017,864.0,0.8932999917306006,166
4509,85,1,16.890129311564827,0.16890129311564828,0.19870740366546855,8,1,7,7,87,0.009000999978326263,1714.0,0.8953000069595873,84
4510,85,3,16.874288596720216,0.16874288596720216,0.1985210423143555,14,3,11,11,91,0.01584071484616345,580.6666666666666,0.846999988425523,246
4511,85,6,16.854510430606943,0.16854510430606942,0.19828835800714056,17,5,13,13,97,0.01977816611552896,334.0,0.9547999943606555,474
4512,85,3,16.840673885928318,0.16840673885928317,0.19812557512856846,15,3,12,12,91,0.013836544680160046,580.6666666666666,0.9186000097543001,246
4513,85,4,16.828297196725572,0.16828297196725572,0.19797996702030085,9,3,7,7,93,0.012376689204543823,567.3333333333334,0.8079000399447978,324
4514,85,6,16.812331186699726,0.16812331186699725,0.19779213160823203,14,5,11,11,97,0.015966010028108713,322.0,0.8086999878287315,474
4515,85,0,16.803550401327957,0.16803550401327957,0.19768882825091713,12,12,12,12,0,0.008780785371754973,17.0,0.07539999205619097,0
4516,85,4,16.788145103340682,0.16788145103340682,0.1975075894510669,11,4,7,7,93,0.015405297989076416,439.0,0.7151999743655324,324
4517,85,8,16.770223861909802,0.16770223861909803,0.19729675131658594,15,5,11,11,101,0.017921241433555224,274.0,0.8027000003494322,616
4518,85,0,16.764361101577297,0.16764361101577296,0.19722777766561525,8,8,8,8,0,0.00586276033250499,17.0,0.08089997572824359,0
4519,85,5,16.749101621935306,0.16749101621935306,0.1970482543757095,14,4,10,10,95,0.015259479644015528,389.0,0.7110000005923212,400
4520,85,5,16.73525682723615,0.1673525682723615,0.19688537443807236,12,4,9,9,95,0.013844794701171281,349.0,0.8331999997608364,400
4521,85,3,16.724868908111464,0.16724868908111465,0.19676316362484075,9,2,9,9,91,0.010387919126245038,754.0,1.6216999501921237,246
4522,85,3,16.71274845631009,0.16712748456310092,0.19662057007423636,12,3,9,9,91,0.012120451802928756,580.6666666666666,1.0523000382818282,246
4523,85,5,16.69901429954522,0.1669901429954522,0.19645899175935552,10,3,8,8,95,0.01373415676688694,454.0,0.9132000268436968,400
4524,85,2,16.690101345078624,0.16690101345078623,0.19635413347151323,7,2,5,5,89,0.008912954467902523,864.0,0.8794000023044646,166
4525,85,7,16.676658570884765,0.16676658570884764,0.19619598318687959,9,4,5,5,99,0.013442774196334994,319.0,0.90230000205338,546
4526,85,3,16.663640376132367,0.16663640376132366,0.19604282795449843,10,3,8,8,91,0.013018194753939838,580.6666666666666,0.9203000226989388,246
4527,85,3,16.64953732250144,0.1664953732250144,0.19587690967648758,14,3,12,12,91,0.014103053632481988,580.6666666666666,0.9278999641537666,246
4528,85,4,16.635733424587272,0.16635733424587273,0.1957145108774973,10,2,9,9,93,0.013803897915977359,404.0,0.9112000116147101,324
4529,85,3,16.624558119328896,0.16624558119328894,0.19558303669798696,8,3,5,5,91,0.011175305259925494,580.6666666666666,0.7828000234439969,246
4530,85,4,16.610888358727202,0.16610888358727202,0.19542221598502585,9,3,6,6,93,0.013669760603491454,514.0,0.7235000375658274,324
4531,85,3,16.596493490432756,0.16596493490432757,0.19525286459332655,12,3,9,9,91,0.014394868295980245,580.6666666666666,1.0432000271975994,246
4532,85,5,16.58093403661553,0.1658093403661553,0.19506981219547684,15,4,12,12,95,0.015559453819278701,414.0,0.838999985717237,400
4533,85,8,16.56208356338843,0.1656208356338843,0.19484804192221686,17,6,14,14,101,0.018850473229790055,237.33333333333334,1.0002999915741384,616
4534,84,6,16.54326997442012,0.1654326997442012,0.19694369017166805,21,5,16,16,97,0.01881358897053076,326.0,0.7884999504312873,474
4535,84,2,16.526864670021368,0.16526864670021368,0.19674838892882576,17,2,16,16,88,0.01640530440002408,854.0,0.722800032235682,164
4536,84,7,16.50455059499097,0.16504550594990972,0.19648274517846392,25,7,19,19,98,0.02231407503280991,254.0,0.6525999633595347,539
4537,84,2,16.4920115093085,0.16492011509308502,0.19633347034891072,12,2,10,10,88,0.012539085683769713,854.0,0.37780002458021045,164
4538,84,4,16.478445209761734,0.16478445209761733,0.19617196678287774,12,3,9,9,92,0.01356629954854327,494.0,0.3668999997898936,320
4539,84,5,16.465086927135715,0.16465086927135716,0.1960129396087585,11,3,9,9,94,0.01335828262801897,527.3333333333334,0.736100017093122,395
4540,84,3,16.453097942402934,0.16453097942402933,0.19587021360003493,12,3,9,9,90,0.011988984734315977,574.0,0.9255000040866435,243
4541,84,6,16.439145096407017,0.16439145096407018,0.19570410829055973,12,4,10,10,96,0.013952845998133512,349.0,0.7192999473772943,468
4542,84,3,16.424630394750885,0.16424630394750886,0.19553131422322478,14,3,12,12,90,0.014514701657660112,574.0,0.6713999900966883,243
4543,84,1,16.413606352888984,0.16413606352888985,0.1954000756296308,13,1,12,12,86,0.011024041862938816,1694.0,1.3041000347584486,83
4544,84,7,16.397502163212145,0.16397502163212146,0.19520835908585887,13,5,9,9,98,0.0161041896792824,306.0,1.2256999616511166,539
4545,84,5,16.3816874987696,0.163816874987696,0.19502008927106668,16,4,13,13,92,0.015814664444533832,429.0,0.7882000063546002,395
4546,84,5,16.363267567795063,0.16363267567795062,0.19480080437851266,19,4,15,15,94,0.018419930976520504,394.0,0.8276000153273344,395
4547,84,4,16.3515450294137,0.163515450294137,0.1946612503501631,9,3,6,6,92,0.011722538383139636,440.6666666666667,1.0526000405661762,320
4548,84,6,16.337129734973242,0.16337129734973244,0.19448963970206237,11,4,7,7,96,0.014415294442684967,359.0,1.0905999806709588,468
4549,83,3,16.32425853360127,0.1632425853360127,0.19667781365784662,13,2,12,7,90,0.01287120137349973,444.0,0.8670000243000686,243
4550,83,4,16.30980023400541,0.16309800234005412,0.19650361727717364,13,4,9,9,91,0.014458299597606583,429.0,0.9457999840378761,316
4551,83,5,16.29652984950898,0.16296529849508978,0.19634373312661418,11,3,8,8,93,0.013270384498426324,520.6666666666666,0.7992000319063663,390
4552,83,1,16.285897582131977,0.16285897582131978,0.1962156335196623,10,1,9,9,85,0.01063226737804257,1674.0,1.1454999912530184,82
4553,83,9,16.267634991646453,0.16267634991646454,0.1959956023089934,17,7,11,11,101,0.018262590488305364,199.71428571428572,0.9471999946981668,666
4554,83,3,16.256701750011736,0.16256701750011737,0.1958638765061655,8,2,7,7,89,0.010933241636237767,824.0,0.9588999673724174,240
4555,83,3,16.245015304299578,0.1624501530429958,0.1957230759554166,11,3,10,10,89,0.011686445713664284,567.3333333333334,0.7514000171795487,240
4556,83,4,16.22999640590048,0.1622999640590048,0.19554212537229493,16,4,12,12,91,0.015018898400839475,429.0,0.8442999678663909,316
4557,83,2,16.220095249330214,0.16220095249330213,0.19542283432927973,10,2,8,8,87,0.009901156571544334,844.0,0.7861999911256135,162
4558,83,4,16.20764424265394,0.1620764424265394,0.1952728222006499,10,3,9,9,91,0.012451006678020349,447.3333333333333,0.804700015578419,316
4559,83,6,16.19206930453498,0.16192069304534978,0.1950851723437949,12,5,9,9,95,0.015574938121162063,306.0,0.6794999935664237,462
4560,83,3,16.178823812094492,0.16178823812094492,0.194925588097524,16,3,14,14,89,0.013245492442010232,567.3333333333334,0.8391999872401357,240
4561,83,4,16.164168820778684,0.16164168820778685,0.1947490219370926,15,4,11,11,91,0.014654991317527788,429.0,0.8730000117793679,316
4562,83,2,16.15373071595402,0.16153730715954018,0.1946232616380002,11,2,9,9,87,0.01043810482596541,844.0,0.8560999995097518,162
4563,83,4,16.137298865994932,0.1613729886599493,0.1944252875421076,16,3,14,14,91,0.01643184996081004,440.6666666666667,0.7439999608322978,316
4564,83,3,16.12313606523455,0.1612313606523455,0.1942546513883681,13,3,11,11,89,0.0141628007618948,567.3333333333334,0.9141999762505293,240
4565,83,5,16.107192635214986,0.16107192635214987,0.19406256187006007,17,5,12,12,93,0.01594343002152243,346.0,0.7102999952621758,390
4566,83,5,16.093465258615822,0.16093465258615822,0.19389717179055208,13,4,10,10,93,0.013727376601138985,394.0,3.1389000359922647,390
4567,83,3,16.080572783796516,0.16080572783796515,0.1937418407686327,13,3,10,10,89,0.012892474820816346,567.3333333333334,0.8930999902077019,240
4568,83,7,16.065510486345786,0.16065510486345785,0.19356036730537093,12,3,9,9,97,0.015062297453127371,394.0,0.9410000056959689,532
4569,82,1,16.0557711875454,0.160557711875454,0.19580208765299267,9,1,8,8,85,0.009739298801406449,1654.0,0.7174999918788671,82
4570,82,3,16.043561798021212,0.1604356179802121,0.19565319265879527,13,3,11,11,88,0.012209389525679626,560.6666666666666,0.8762999786995351,237
4571,82,6,16.031599459950122,0.16031599459950122,0.1955073104871966,7,3,5,5,94,0.011962338073232104,380.6666666666667,0.867100025061518,456
4572,82,4,16.017359856274865,0.16017359856274865,0.19533365678383982,13,4,10,10,90,0.01423960367702648,424.0,0.7719999994151294,312
4573,82,4,16.004575652685023,0.16004575652685024,0.19517775186201247,11,4,8,8,90,0.012784203591564847,424.0,0.8194000110961497,312
4574,82,3,15.990324113607185,0.15990324113607185,0.19500395260496564,11,3,8,8,88,0.01425153907932497,560.6666666666666,0.7023999933153391,237
4575,82,8,15.974800769489418,0.15974800769489417,0.19481464353035877,11,5,6,6,98,0.0155233441203535,282.0,0.6420999998226762,592
4576,82,4,15.961229237385503,0.15961229237385502,0.19464913704128659,13,3,11,11,90,0.01357153210565798,547.3333333333334,0.8748999680392444,312
4577,82,8,15.944258959998757,0.15944258959998758,0.19444218243900924,13,6,8,8,98,0.01697027738931922,264.0,0.6609999691136181,592
4578,82,4,15.932486957480519,0.15932486957480518,0.19429862143268928,11,2,9,9,90,0.011772002519961688,604.0,0.7524000247940421,312
4579,82,2,15.920493424155547,0.15920493424155546,0.19415235883116522,10,2,8,8,86,0.011993533326233319,834.0,0.8759999764151871,160
4580,82,3,15.907510882636746,0.15907510882636747,0.19399403515410668,12,3,9,9,88,0.012982541520287327,560.6666666666666,0.9127999655902386,237
4581,82,3,15.895859684838584,0.15895859684838584,0.1938519473760803,11,3,8,8,88,0.01165119779966517,560.6666666666666,1.014699984807521,237
4582,82,8,15.876718727192287,0.15876718727192288,0.1936185210633206,13,5,8,8,98,0.019140957648858148,278.0,0.701199984177947,592
4583,82,4,15.86366792471756,0.15863667924717562,0.19345936493558,12,3,9,9,90,0.013050802476456624,514.0,0.8346000104211271,312
4584,82,5,15.849599903217108,0.15849599903217107,0.19328780369776963,12,3,9,9,92,0.014068021502410488,374.0,1.827899948693812,385
4585,82,6,15.833935439489458,0.15833935439489458,0.19309677365231045,11,5,8,8,94,0.01566446372980579,318.0,1.3362999889068305,456
4586,82,2,15.820864349812163,0.15820864349812164,0.19293737011966053,12,2,10,10,86,0.01307108967856152,834.0,1.0587000288069248,160
4587,82,5,15.806033219359342,0.15806033219359342,0.19275650267511393,13,4,9,9,92,0.01483113045478035,374.0,1.0020000045187771,385
4588,82,3,15.792194435578317,0.15792194435578316,0.19258773701924775,12,3,9,9,88,0.013838783782517794,560.6666666666666,0.8825999684631824,237
4589,82,4,15.779591046841697,0.15779591046841696,0.19243403715660604,13,3,11,11,90,0.012603388738341437,494.0,0.658300006762147,312
4590,82,3,15.766000088828822,0.15766000088828822,0.19226829376620516,14,3,12,12,88,0.013590958014361831,560.6666666666666,1.0615999926812947,237
4591,82,5,15.752966107041614,0.15752966107041613,0.19210934276880018,11,4,7,7,92,0.013033981789149607,399.0,0.8407999994233251,385
4592,82,5,15.740576958526594,0.15740576958526595,0.19195825559178775,11,4,8,8,92,0.012389148516987802,384.0,0.7469999836757779,385
4593,82,5,15.728281025075448,0.1572828102507545,0.19180830518384692,11,4,7,7,92,0.012295933453103203,349.0,0.8682000334374607,385
4594,82,3,15.71801009542434,0.1571801009542434,0.19168304994419927,9,3,6,6,88,0.010270929652577365,560.6666666666666,0.7324999896809459,237
4595,82,2,15.707201445424344,0.15707201445424343,0.19155123713932126,10,2,8,8,86,0.010808650001294495,834.0,0.7642999989911914,160
4596,82,4,15.6939175645615,0.156939175645615,0.19138923859221346,11,4,7,7,90,0.013283880864563002,424.0,0.838099978864193,312
4597,82,0,15.68345750128027,0.1568345750128027,0.19126167684488132,12,12,12,12,0,0.010460063281229282,17.0,0.09350001346319914,0
4598,82,6,15.671064712945032,0.15671064712945032,0.19111054527981747,8,3,7,7,94,0.012392788337393768,360.6666666666667,1.3267999747768044,456
4599,82,6,15.654873546607476,0.15654873546607476,0.1909130920317985,13,4,9,9,94,0.016191166339723395,369.0,0.6451000226661563,456
4600,82,3,15.644293520550146,0.15644293520550145,0.19078406732378228,10,3,7,7,88,0.010580026058832459,560.6666666666666,0.8091999916359782,237
4601,82,2,15.634203665521946,0.15634203665521945,0.19066102031124327,9,2,7,7,86,0.010089855029463024,834.0,0.7706000469624996,160
4602,82,9,15.613270370096965,0.15613270370096966,0.19040573622069468,15,6,9,9,100,0.020933295427738585,247.33333333333334,3.836299991235137,657
4603,82,10,15.59664630458122,0.15596646304581221,0.19020300371440513,13,6,10,10,102,0.01662406551872664,244.0,2.1821000264026225,720
4604,82,1,15.587063389512767,0.15587063389512767,0.19008613889649717,10,1,9,9,84,0.00958291506947262,1654.0,0.7073000306263566,81
4605,82,5,15.573723507046335,0.15573723507046336,0.1899234574030041,12,4,9,9,92,0.013339882468358155,394.0,1.0312999947927892,385
4606,81,3,15.562672437497138,0.15562672437497138,0.192131758487619,10,2,7,5,88,0.011051069550703119,684.0,1.0872000129893422,237
4607,81,3,15.545498863433105,0.15545498863433105,0.1919197390547297,14,2,12,12,85,0.017173574065509456,814.0,2.4653999716974795,234
4608,80,3,15.531098736903147,0.15531098736903146,0.19413873421128935,16,2,14,11,87,0.014400126531427304,644.0,0.7118000066839159,234
4609,80,2,15.517020216326834,0.15517020216326835,0.19396275270408542,16,2,14,14,84,0.014078520577541553,814.0,0.8732000133022666,156
4610,80,5,15.502827743663323,0.15502827743663322,0.19378534679579157,13,3,10,10,88,0.01419247266538548,514.0,2.4637000169605017,375
4611,80,3,15.491163505610004,0.15491163505610003,0.19363954382012505,9,3,6,6,86,0.011664238054805764,547.3333333333334,0.8231000392697752,231
4612,80,1,15.483140680735424,0.15483140680735424,0.19353925850919282,7,1,6,6,82,0.00802282487556738,1614.0,0.9082999895326793,79
4613,80,5,15.469606236245195,0.15469606236245195,0.19337007795306488,12,3,9,9,90,0.013534444492137254,334.0,0.788399949669838,375
4614,80,6,15.453071923487842,0.15453071923487843,0.19316339904359808,18,4,15,15,92,0.016534312759432623,309.0,0.9913999820128083,444
4615,80,5,15.43663829880559,0.1543663829880559,0.19295797873506987,15,4,12,12,90,0.016433624684154324,389.0,0.7734000100754201,375
4616,80,0,15.425896529977633,0.15425896529977634,0.19282370662472043,10,10,10,10,0,0.010741768827955411,17.0,0.09789998875930905,0
4617,80,8,15.411024024782073,0.15411024024782072,0.1926378003097759,10,4,7,7,96,0.014872505198084696,314.0,0.6436000112444162,576
4618,80,4,15.398518726016572,0.15398518726016572,0.19248148407520713,12,3,9,9,88,0.012505298767194972,487.3333333333333,0.8504000143148005,304
4619,80,4,15.385066273961218,0.15385066273961218,0.19231332842451526,14,3,11,11,88,0.013452452057023834,507.3333333333333,0.7473999867215753,304
4620,80,4,15.370070487440204,0.15370070487440204,0.19212588109300255,17,4,13,13,88,0.014995786522689514,414.0,0.7566999993287027,304
4621,80,7,15.355551827747849,0.1535555182774785,0.1919443978468481,12,5,8,8,94,0.01451865969467292,234.0,0.8741000201553106,511
4622,80,1,15.343888897103776,0.15343888897103775,0.19179861121379718,12,1,11,11,82,0.011662930645059078,1614.0,2.1407000022009015,79
4623,80,4,15.332182352082253,0.15332182352082252,0.19165227940102816,9,3,6,6,88,0.011706545023201897,494.0,1.416600018274039,304
4624,80,8,15.313539534566699,0.153135395345667,0.19141924418208373,15,5,10,10,96,0.018642817518070842,226.0,0.6927000358700752,576
4625,80,3,15.302315205771196,0.15302315205771197,0.19127894007213994,11,3,8,8,86,0.011224328796942018,547.3333333333334,0.7910000276751816,231
4626,80,8,15.284005340376257,0.15284005340376258,0.1910500667547032,18,7,11,11,94,0.018309865397441172,239.71428571428572,0.8081999840214849,576
4627,80,7,15.264689237693265,0.15264689237693266,0.19080861547116584,17,6,12,12,94,0.019316102685309033,240.66666666666666,0.686399987898767,511
4628,80,3,15.251320372357103,0.15251320372357102,0.19064150465446378,15,3,12,12,86,0.01336886533762538,547.3333333333334,0.7896999595686793,231
4629,80,6,15.237543266904819,0.15237543266904818,0.19046929083631023,10,3,7,7,92,0.0137771054543947,440.6666666666667,0.8193000103347003,444
4630,79,5,15.221280820664658,0.1522128082066466,0.1926744407679071,12,4,9,9,88,0.01626244624205242,404.0,0.8187000057660043,375
4631,79,3,15.208871611762648,0.15208871611762648,0.19251736217421073,12,3,9,9,85,0.012409208903449098,540.6666666666666,0.5876999930478632,228
4632,79,1,15.198545892771907,0.15198545892771909,0.19238665687053041,8,1,8,8,81,0.010325718991722965,1594.0,1.3957000337541103,78
4633,79,5,15.185266982033635,0.15185266982033635,0.19221856939283083,14,4,10,10,89,0.013278910740140759,364.0,1.8583000055514276,370
4634,79,4,15.171890735946803,0.15171890735946802,0.1920492498221114,15,4,12,12,87,0.013376246088498078,409.0,0.7850999827496707,300
4635,79,2,15.162408174806053,0.15162408174806052,0.19192921740260832,10,2,8,8,83,0.009482561141950896,804.0,1.4722999767400324,154
4636,79,2,15.151678575513037,0.15151678575513036,0.19179339969003847,10,2,8,8,83,0.010729599294236891,804.0,0.8414000039920211,154
4637,79,1,15.142242115084999,0.15142242115085,0.19167395082386074,9,1,8,8,81,0.009436460429014915,1594.0,0.6411999929696321,78
4638,79,2,15.128689730874846,0.15128689730874847,0.19150240165664362,16,2,14,14,83,0.01355238421135141,804.0,1.0070999851450324,154
4639,79,4,15.116359532762504,0.15116359532762502,0.19134632319952538,11,3,8,8,87,0.012330198113986057,420.6666666666667,1.7557000392116606,300
4640,79,5,15.105609270648158,0.15105609270648157,0.1912102439322552,8,3,5,5,89,0.010750262116218323,440.6666666666667,1.496099983341992,370
4641,78,2,15.095574763069271,0.15095574763069272,0.19353300978293936,11,2,10,9,83,0.010034507580115815,804.0,1.8414999940432608,154
4642,78,7,15.07885184781383,0.1507885184781383,0.19331861343351064,14,5,10,10,92,0.016722915257673776,274.0,0.8214999688789248,497
4643,78,2,15.067352501043233,0.15067352501043232,0.19317118591081067,12,2,11,11,82,0.011499346771785213,794.0,0.7810000097379088,152
4644,78,4,15.053433624389164,0.15053433624389165,0.19299273877422007,16,3,14,14,86,0.013918876655694135,507.3333333333333,0.9012999944388866,296
4645,78,3,15.039456383673116,0.15039456383673117,0.19281354338042456,15,3,12,12,84,0.0139772407174803,534.0,0.6999000324867666,225
4646,78,2,15.02882999926565,0.1502882999926565,0.19267730768289296,11,2,9,9,82,0.010626384408666922,794.0,1.0669000330381095,152
4647,78,3,15.0177550652975,0.150177550652975,0.19253532134996798,11,3,8,8,84,0.01107493396958148,534.0,1.694299979135394,225
4648,78,5,15.003582923256575,0.15003582923256575,0.19235362722123817,14,4,11,11,88,0.014172142042781388,389.0,0.7306999759748578,365
4649,78,3,14.989901450112086,0.14989901450112086,0.19217822371938567,17,3,14,14,84,0.013681473145908285,534.0,1.9621000392362475,225
4650,78,3,14.974746661524192,0.1497474666152419,0.19198393155800245,16,3,13,13,84,0.015154788589313739,534.0,0.6448999629355967,225
4651,78,4,14.959610055136023,0.14959610055136024,0.19178987250174384,16,3,13,13,86,0.015136606389788199,500.6666666666667,0.8307999814860523,296
4652,78,7,14.944235871435954,0.14944235871435954,0.19159276758251226,13,6,7,7,92,0.015374183702320465,247.33333333333334,0.7917999755591154,497
4653,78,3,14.929965657562656,0.14929965657562655,0.19140981612259816,16,3,14,14,84,0.014270213874709725,534.0,1.5522000030614436,225
4654,78,7,14.9146753714333,0.149146753714333,0.19121378681324744,12,4,10,10,90,0.015290286131602215,309.0,0.7888000109232962,497
4655,78,0,14.90643582406503,0.14906435824065029,0.1911081515905773,10,10,10,10,0,0.008239547368248168,17.0,0.11229998199269176,0
4656,78,5,14.890899598164808,0.14890899598164808,0.19090896920724107,15,5,11,11,88,0.015536225902081924,326.0,0.846999988425523,365
4657,78,5,14.876977150250847,0.14876977150250847,0.19073047628526726,15,4,11,11,88,0.013922447915788894,359.0,0.6588000105693936,365
4658,78,3,14.862528628734525,0.14862528628734525,0.19054523882992982,16,3,13,13,84,0.014448521517749668,534.0,0.7945999968796968,225
4659,78,5,14.845114159605384,0.14845114159605383,0.19032197640519724,16,5,12,12,88,0.017414469130983434,326.0,0.6671999581158161,365
4660,78,2,14.832254645016155,0.14832254645016155,0.19015711083354048,13,2,12,12,82,0.012859514590431331,794.0,0.7527999696321785,152
4661,78,3,14.820206189257842,0.14820206189257842,0.19000264345202358,14,3,11,11,84,0.01204845575972513,534.0,1.8349000019952655,225
4662,78,6,14.805074410521197,0.14805074410521196,0.1898086462887333,14,4,10,10,90,0.015131778738691537,364.0,1.3566000270657241,432
4663,78,3,14.793254476515507,0.14793254476515508,0.18965710867327573,13,3,10,10,84,0.011819934007107236,534.0,2.311500022187829,225
4664,78,2,14.78147442255673,0.1478147442255673,0.1895060823404709,13,2,11,11,82,0.011780053960009695,794.0,1.0644000140018761,152
4665,78,4,14.769012828277951,0.1476901282827795,0.18934631831125576,13,3,12,12,86,0.012461594280409827,494.0,0.6887000054121017,296
4666,78,7,14.7527906754826,0.147527906754826,0.1891383419933667,17,6,11,11,92,0.016222152797595868,264.0,0.901999999769032,497
4667,78,5,14.741954013603177,0.14741954013603176,0.18899941043080995,9,3,7,7,88,0.01083666188125676,374.0,0.679599994327873,365
4668,78,5,14.727483977421635,0.14727483977421635,0.18881389714643118,14,4,10,10,88,0.014470036183396928,369.0,0.9812999633140862,365
4669,77,4,14.715208337478865,0.14715208337478866,0.19110660178543978,12,3,8,7,86,0.012275639944405725,474.0,0.705899961758405,296
4670,77,0,14.709269604848705,0.14709269604848704,0.19102947538764556,8,8,8,8,0,0.005938732630156096,17.0,0.12330000754445791,0
4671,77,3,14.69794368840745,0.1469794368840745,0.19088238556373313,10,3,7,7,83,0.011325916442658013,527.3333333333334,0.8701999904587865,222
4672,77,5,14.680798109021854,0.14680798109021853,0.19065971570158252,19,4,16,16,87,0.017145579387431553,389.0,0.7680000271648169,360
4673,77,4,14.667136610310369,0.1466713661031037,0.19048229364039437,14,4,12,12,85,0.013661498713091191,399.0,0.9806999587453902,292
4674,77,7,14.652742207420832,0.14652742207420832,0.19029535334312767,12,3,9,9,91,0.014394402891738878,380.6666666666667,0.6302000256255269,490
4675,77,3,14.640240889990359,0.14640240889990358,0.1901329985713034,15,3,13,13,83,0.012501317431883763,527.3333333333334,2.9815000016242266,222
4676,77,5,14.624495041410178,0.1462449504141018,0.18992850703130104,13,4,10,10,85,0.01574584858198591,384.0,1.0677999816834927,360
4677,77,3,14.611913634457409,0.14611913634457407,0.18976511213581052,14,3,11,11,83,0.012581406954168983,527.3333333333334,0.7831000257283449,222
4678,77,6,14.596996564102463,0.14596996564102463,0.18957138394938258,15,5,11,11,89,0.014917070356958106,298.0,0.7518000202253461,426
4679,77,1,14.590098110794024,0.14590098110794025,0.18948179364667567,5,1,4,4,79,0.0068984533094038625,1554.0,0.8553999941796064,76
4680,77,4,14.577820987804376,0.14577820987804377,0.18932235049096593,11,3,8,8,85,0.012277122991264378,394.0,1.1079999967478216,292
4681,77,1,14.568373693223492,0.1456837369322349,0.18919965835355182,10,1,9,9,79,0.009447294581846677,1554.0,1.511799986474216,76
4682,77,3,14.556227128849388,0.1455622712884939,0.18904191076427776,11,3,8,8,83,0.01214656437549877,527.3333333333334,0.7189000025391579,222
4683,77,2,14.54698120617107,0.1454698120617107,0.18892183384637756,9,2,7,7,81,0.009245922679511409,784.0,0.949299952480942,150
4684,77,3,14.538181076031375,0.14538181076031376,0.18880754644196587,5,2,4,4,83,0.00880013014111114,654.0,0.7162999827414751,222
4685,77,7,14.521666889411119,0.1452166688941112,0.18859307648585868,16,5,11,11,91,0.016514186622458737,290.0,1.3512999867089093,490
4686,77,1,14.511980189963818,0.1451198018996382,0.18846727519433532,11,1,10,10,79,0.0096866994482383,1554.0,0.880399951711297,76
4687,77,7,14.495041430834053,0.14495041430834055,0.18824729130953316,15,5,12,12,91,0.016938759131988945,234.0,0.6127000087872148,490
4688,77,3,14.483269881422299,0.14483269881422298,0.18809441404444546,11,3,9,9,83,0.011771549413154503,527.3333333333334,0.9544000495225191,222
4689,77,3,14.472360576575259,0.14472360576575258,0.18795273476071767,10,3,7,7,83,0.010909304848468082,527.3333333333334,0.6909999647177756,222
4690,77,8,14.458477610450808,0.1445847761045081,0.1877724364993612,12,5,8,8,93,0.013882966126843144,254.0,0.7642999989911914,552
4691,77,3,14.447345651864769,0.14447345651864768,0.18762786560863337,8,3,6,6,83,0.011131958587441204,527.3333333333334,1.3715000241063535,222
4692,77,6,14.432901369815752,0.14432901369815754,0.18744027753007472,14,4,10,10,89,0.014444282051030655,349.0,1.6623999690636992,426
4693,77,5,14.421565598366492,0.14421565598366493,0.1872930597190453,10,3,7,7,87,0.011335771451086885,400.6666666666667,0.7793999975547194,360
4694,77,6,14.407659908774452,0.1440765990877445,0.1871124663477202,14,5,11,11,89,0.013905689594039927,290.0,0.7627999875694513,426
4695,77,1,14.394594393384232,0.1439459439338423,0.1869427843296653,13,1,12,12,79,0.013065515391176064,1554.0,0.7926999824121594,76
4696,77,2,14.382306613808911,0.14382306613808912,0.1867832027767391,15,2,13,13,81,0.012287779576496405,784.0,0.7067000260576606,150
4697,77,3,14.37029977428635,0.1437029977428635,0.18662726979592661,12,3,9,9,83,0.012006839523976964,527.3333333333334,0.8659999584779143,222
4698,77,8,14.355402360960365,0.14355402360960365,0.18643379689558917,13,5,8,8,89,0.014897413328384346,294.0,0.7253999938257039,552
4699,77,1,14.344977071696137,0.14344977071696138,0.18629840352852123,11,1,10,10,79,0.010425289265185711,1554.0,1.33050000295043,76
4700,77,4,14.334400197425158,0.14334400197425157,0.186161041525002,9,3,7,7,85,0.010576874272572923,507.3333333333333,2.6357999886386096,292
4701,77,4,14.325643106375932,0.14325643106375932,0.1860473130698173,5,1,4,4,85,0.008757091050853205,834.0,0.8927999879233539,292
4702,77,5,14.313847856848877,0.14313847856848877,0.18589412801102437,10,4,7,7,87,0.011795249528887553,329.0,0.6968000088818371,360
4703,77,4,14.300272141631122,0.14300272141631123,0.18571782002118342,14,3,11,11,85,0.013575715219360518,407.3333333333333,2.166600024793297,292
4704,77,4,14.287757716354387,0.14287757716354388,0.18555529501758944,11,3,8,8,85,0.012514425278354224,447.3333333333333,0.7889000116847456,292
4705,77,2,14.277828132903794,0.14277828132903794,0.18542633938836095,9,2,8,8,81,0.009929583451764756,784.0,0.9350000182166696,150
4706,77,5,14.264900835368326,0.14264900835368327,0.18525845240738087,12,3,11,11,87,0.012927297537288496,354.0,0.6548999808728695,360
4707,77,4,14.253351985149866,0.14253351985149865,0.18510846733960865,11,4,8,8,85,0.011548850220066242,399.0,0.8125000167638063,292
4708,77,4,14.242690996511532,0.1424269099651153,0.18497001294170826,8,2,7,7,85,0.010660988639941138,594.0,0.6673000170849264,292
4709,77,2,14.233817609995636,0.14233817609995636,0.18485477415578744,9,2,8,8,81,0.008873386517095128,784.0,0.8342999499291182,150
4710,77,3,14.222759978956322,0.14222759978956323,0.18471116855787434,12,3,9,9,83,0.011057631040714,527.3333333333334,0.693199981469661,222
4711,77,4,14.210088988065804,0.14210088988065805,0.18454661023462082,12,4,10,10,85,0.01267099089213275,399.0,0.8288000244647264,292
4712,77,3,14.195290800018064,0.14195290800018065,0.18435442597426058,17,3,14,14,83,0.014798188049141459,527.3333333333334,0.8357999613508582,222
4713,77,5,14.180121356200155,0.14180121356200157,0.1841574202103916,15,2,13,13,87,0.015169443819758044,624.0,0.7748000207357109,360
4714,77,6,14.166452638773466,0.14166452638773466,0.1839799043996554,14,5,12,12,87,0.013668717428700461,286.0,0.7833000272512436,426
4715,77,7,14.149539542492263,0.14149539542492262,0.1837602537986008,14,5,9,9,91,0.016913096283417417,258.0,0.7679000264033675,490
4716,77,3,14.135987296014113,0.14135987296014113,0.18358425059758593,12,3,9,9,83,0.013552246479548558,527.3333333333334,0.7078999769873917,222
4717,77,0,14.128741866845337,0.14128741866845337,0.18349015411487452,11,11,11,11,0,0.007245429168776241,17.0,0.08369999704882503,0
4718,77,4,14.116244919404608,0.14116244919404608,0.1833278560961637,13,4,10,10,85,0.012496947442329542,399.0,0.7708999910391867,292
4719,77,4,14.105874522413961,0.1410587452241396,0.18319317561576573,8,2,6,6,85,0.010370396992257724,434.0,0.993099994957447,292
4720,76,6,14.09074418892172,0.1409074418892172,0.1854045288016016,14,4,11,9,89,0.015130333494269621,334.0,1.7358000040985644,426
4721,76,5,14.080186069231397,0.14080186069231396,0.18526560617409732,8,3,6,6,86,0.010558119692120727,380.6666666666667,0.7225999725051224,355
4722,76,4,14.066899991523663,0.14066899991523663,0.18509078936215348,13,4,9,9,84,0.013286077709338429,394.0,0.8410000009462237,288
4723,76,4,14.055840084271889,0.1405584008427189,0.1849452642667354,10,4,7,7,84,0.011059907253368806,394.0,0.7952000014483929,288
4724,76,3,14.047392979054287,0.14047392979054288,0.18483411814545114,6,1,5,5,82,0.008447105218991169,834.0,0.6810000049881637,219
4725,76,2,14.040183715673273,0.1404018371567327,0.18473925941675362,5,1,4,4,80,0.007209263382179643,1314.0,0.8891000179573894,148
4726,76,1,14.03274068922449,0.1403274068922449,0.18464132485821697,7,1,6,6,78,0.007443026449720946,1534.0,0.6740999524481595,75
4727,76,6,14.020419206396337,0.14020419206396337,0.18447920008416227,9,3,6,6,88,0.012321482830131458,307.3333333333333,0.7823000196367502,420
4728,76,4,14.006734501139235,0.14006734501139234,0.18429913817288468,14,4,10,10,84,0.01368470525869725,394.0,1.915799977723509,288
4729,76,3,13.99626828428264,0.1399626828428264,0.18416142479319259,9,3,7,7,82,0.010466216857977884,520.6666666666666,0.7743999594822526,219
4730,76,2,13.985728224674984,0.13985728224674984,0.18402273979835504,12,2,11,11,80,0.010540059608814545,774.0,0.893999997060746,148
4731,76,4,13.971352703625675,0.13971352703625675,0.18383358820560095,16,4,12,12,84,0.014375521050922657,394.0,0.6896000122651458,288
4732,76,7,13.958290258369342,0.1395829025836934,0.18366171392591238,11,4,8,8,90,0.013062445258526623,329.0,1.6619000234641135,483
4733,76,2,13.946723779264936,0.13946723779264936,0.18350952341138074,14,2,12,12,80,0.011566479105582061,774.0,0.6532000261358917,148
4734,76,0,13.93992675373015,0.1393992675373015,0.18342008886487035,8,8,8,8,0,0.006797025534780232,17.0,0.10229996405541897,0
4735,76,7,13.921664221512696,0.13921664221512697,0.18317979238832496,18,7,11,11,90,0.01826253221963725,231.14285714285714,0.8080999832600355,483
4736,76,4,13.908363818979993,0.13908363818979994,0.18300478709184198,14,3,11,11,84,0.013300402534298428,480.6666666666667,1.3679999974556267,288
4737,76,3,13.897064830451619,0.1389706483045162,0.1828561161901529,13,3,10,10,82,0.011298988529745202,520.6666666666666,0.7748999632894993,219
4738,76,5,13.88284130916464,0.1388284130916464,0.18266896459427157,13,4,10,10,84,0.014223521288784013,389.0,0.6108999950811267,355
4739,76,5,13.867226738087824,0.13867226738087823,0.1824635097116819,12,5,8,8,86,0.015614571078600648,318.0,0.6965999491512775,355
4740,76,4,13.851440408824931,0.1385144040882493,0.18225579485295962,14,4,10,10,84,0.01578632926450041,394.0,0.7515000179409981,288
4741,76,4,13.83930136640403,0.1383930136640403,0.18209607061057934,12,3,9,9,84,0.012139042422475654,460.6666666666667,1.4122000429779291,288
4742,76,4,13.824803767970694,0.13824803767970695,0.1819053127364565,18,4,14,14,84,0.014497598434914494,394.0,0.7899999618530273,288
4743,76,2,13.814708092397204,0.13814708092397204,0.1817724748999632,12,2,10,10,80,0.010095675574646634,774.0,0.6929999799467623,148
4744,76,2,13.803862531764377,0.13803862531764377,0.18162977015479442,13,2,12,12,80,0.010845560633995888,774.0,0.851099961437285,148
4745,76,5,13.789278230206136,0.13789278230206137,0.18143787145008078,17,4,13,13,86,0.014584301560049084,384.0,2.217100001871586,355
4746,76,5,13.773602577335847,0.13773602577335847,0.1812316128596822,15,4,12,12,86,0.015675652872076284,319.0,0.8842999814078212,355
4747,76,5,13.76030038649182,0.1376030038649182,0.18105658403278713,12,3,10,10,86,0.013302190845848827,307.3333333333333,1.8468000344000757,355
4748,76,2,13.749059122263082,0.13749059122263083,0.18090867266135635,12,2,11,11,80,0.01124126422989491,774.0,3.611499967519194,148
4749,76,7,13.737065879314072,0.13737065879314073,0.1807508668330799,9,4,5,5,90,0.011993242951191974,184.0,0.6315000355243683,483
4750,76,3,13.724023328164302,0.13724023328164303,0.18057925431795133,12,3,10,10,82,0.013042551151144721,520.6666666666666,1.7479999805800617,219
4751,76,7,13.708199921476913,0.13708199921476913,0.1803710515983804,15,4,11,11,90,0.01582340668959148,309.0,1.5343999839387834,483
4752,76,2,13.696417098417543,0.13696417098417543,0.18021601445286242,13,2,11,11,80,0.011782823060528358,774.0,0.8551000501029193,148
4753,76,5,13.685756380520008,0.1368575638052001,0.18007574184894748,7,2,5,5,86,0.010660717899341421,434.0,0.6261999951675534,355
4754,76,3,13.675534797178939,0.1367553479717894,0.17994124733130185,8,2,6,6,82,0.010221583342456597,524.0,0.9952999535016716,219
4755,76,4,13.663684017254424,0.13663684017254424,0.1797853160165056,12,4,9,9,84,0.011850779926120936,394.0,0.7483999943360686,288
4756,76,4,13.65102130102035,0.1365102130102035,0.1796187013292151,14,4,10,10,84,0.012662716235652738,394.0,0.7684999727644026,288
4757,76,3,13.63879854329149,0.1363879854329149,0.17945787556962484,15,3,13,13,82,0.012222757730242506,520.6666666666666,0.6389999762177467,219
4758,76,3,13.627945983870353,0.13627945983870351,0.17931507873513625,11,3,9,9,82,0.01085255942251706,520.6666666666666,0.7654000073671341,219
4759,76,2,13.618569533284196,0.13618569533284197,0.17919170438531837,9,2,8,8,80,0.00937645058732528,774.0,0.9380999836139381,148
4760,76,2,13.60598754973731,0.1360598754973731,0.17902615197022778,13,2,11,11,80,0.012581983548059839,774.0,2.375399984885007,148
4761,76,4,13.594458542961451,0.13594458542961452,0.1788744545126507,11,2,9,9,84,0.011529006777436734,604.0,1.3593999901786447,288
4762,76,3,13.583183838174714,0.13583183838174714,0.17872610313387782,10,3,8,8,82,0.011274704788121426,520.6666666666666,2.634999982547015,219
4763,76,7,13.563381338699635,0.13563381338699634,0.17846554393025835,21,6,16,16,90,0.01980249947727941,260.6666666666667,2.1368000307120383,483
4764,76,5,13.54816806477093,0.1354816806477093,0.17826536927330172,14,4,11,11,86,0.015213273930498872,349.0,0.9346000151708722,355
4765,76,2,13.536552146955962,0.13536552146955963,0.1781125282494205,14,2,12,12,80,0.011615917816129695,774.0,0.6790999905206263,148
4766,76,5,13.521793986596391,0.13521793986596392,0.17791834192889985,15,5,12,12,86,0.014758160361367345,318.0,0.8223999757319689,355
4767,76,3,13.508797198623416,0.13508797198623415,0.1777473315608344,16,3,13,13,82,0.012996787974358881,520.6666666666666,0.6558999884873629,219
4768,76,2,13.495740724724252,0.1349574072472425,0.1775755358516349,18,2,16,16,80,0.013056473900334709,774.0,2.0761999767273664,148
4769,76,2,13.48423673456089,0.1348423673456089,0.1774241675600117,14,2,13,13,80,0.011503990164527522,774.0,1.7327999812550843,148
4770,76,5,13.470096938109233,0.13470096938109233,0.1772381176067004,16,4,13,13,84,0.014139796453434883,389.0,0.9222999797202647,355
4771,76,8,13.453534535885645,0.13453534535885645,0.17702019126165322,13,5,8,8,92,0.01656240222597205,206.0,1.713200006633997,544
4772,76,6,13.441116335938116,0.13441116335938116,0.1768567938939226,10,3,7,7,88,0.01241819994952209,407.3333333333333,0.7796999998390675,420
4773,75,4,13.426656440877148,0.13426656440877147,0.17902208587836194,18,4,14,14,84,0.014459895062543637,389.0,0.632300041615963,288
4774,75,5,13.411462290842918,0.13411462290842918,0.17881949721123894,17,4,14,14,85,0.015194150035995335,374.0,0.6136000156402588,350
4775,75,2,13.399137940511256,0.13399137940511255,0.1786551725401501,17,2,15,15,79,0.012324350332832523,764.0,0.9266999550163746,146
4776,75,4,13.385968464536244,0.13385968464536244,0.17847957952714993,11,2,9,9,83,0.013169475976582135,654.0,1.3037000317126513,284
4777,75,4,13.37393861481787,0.1337393861481787,0.17831918153090492,13,2,11,11,83,0.012029849719951358,614.0,0.9916999842971563,284
4778,75,0,13.36762518720227,0.1336762518720227,0.1782350024960303,9,9,9,9,0,0.006313427615580736,17.0,0.6090999813750386,0
4779,75,2,13.353755385854331,0.13353755385854332,0.17805007181139107,14,2,13,13,79,0.013869801349088107,764.0,0.7577000069431961,146
4780,75,4,13.33971287727347,0.1333971287727347,0.17786283836364628,16,3,14,14,83,0.014042508582448932,494.0,0.7736000115983188,284
4781,75,8,13.321998710962562,0.13321998710962563,0.17762664947950085,18,6,14,14,89,0.017714166313211877,217.33333333333334,0.7342000026255846,536
4782,75,5,13.308920392913222,0.13308920392913223,0.1774522719055096,10,4,6,6,85,0.01307831805111448,374.0,0.7560999947600067,350
4783,75,7,13.29309493506911,0.1329309493506911,0.17724126580092145,14,5,10,10,89,0.01582545784627598,250.0,0.6814999505877495,476
4784,75,3,13.280558030967166,0.13280558030967166,0.1770741070795622,14,3,11,11,81,0.012536904103299662,514.0,0.7270000060088933,216
4785,75,5,13.267991706377734,0.13267991706377733,0.17690655608503647,13,3,10,10,85,0.01256632459117668,427.3333333333333,0.7076000329107046,350
4786,75,6,13.253150356000255,0.13253150356000254,0.17670867141333674,15,5,10,10,87,0.014841350379455776,298.0,0.6410999922081828,414
4787,75,2,13.241782144766198,0.13241782144766198,0.17655709526354932,14,2,13,13,79,0.011368211235208037,764.0,1.0705999447964132,146
4788,75,6,13.225981952578339,0.1322598195257834,0.17634642603437783,14,4,10,10,87,0.015800192189828977,339.0,1.68599997414276,414
4789,75,1,13.217236163102704,0.13217236163102705,0.17622981550803604,9,1,8,8,77,0.008745789476549248,1514.0,0.7968000136315823,74
4790,75,2,13.209843741792922,0.1320984374179292,0.1761312498905723,6,2,5,5,79,0.007392421310953523,764.0,0.8012999896891415,146
4791,75,3,13.198747455530533,0.13198747455530532,0.17598329940707377,12,2,10,10,81,0.011096286263736488,724.0,0.7853999850340188,216
4792,75,4,13.188665882284047,0.13188665882284048,0.17584887843045396,9,4,6,6,83,0.010081573248058362,389.0,0.9131999686360359,284
4793,75,0,13.18566714296207,0.13185667142962068,0.17580889523949422,4,4,4,4,0,0.0029987393219670366,17.0,0.09560002945363522,0
4794,75,9,13.171108249928984,0.13171108249928984,0.17561477666571979,12,5,7,7,93,0.01455889303559843,206.0,1.3050000416114926,594
4795,75,3,13.16118402424303,0.1316118402424303,0.17548245365657372,8,3,5,5,81,0.009924225687299781,514.0,0.6418999982997775,216
4796,74,2,13.148400293575989,0.1314840029357599,0.1776810850483242,12,2,11,11,79,0.012783730668189719,754.0,0.8548999903723598,146
4797,74,3,13.135982475799437,0.13135982475799438,0.17751327669999237,13,3,10,10,80,0.012417817777887308,507.3333333333333,2.1200000192038715,213
4798,74,1,13.127733456685148,0.13127733456685148,0.1774018034687182,9,1,8,8,76,0.008249019115211809,1494.0,2.7494000387378037,73
4799,74,1,13.120286652744934,0.13120286652744934,0.17730117098303966,5,1,4,4,76,0.007446803941149938,1494.0,1.6585999983362854,73
4800,74,2,13.108972596030018,0.1310897259603002,0.17714827832472996,14,2,13,13,78,0.011314056716074106,754.0,0.6560000474564731,144
4801,74,7,13.09324220325361,0.1309324220325361,0.17693570544937307,16,6,11,11,88,0.01573039277849375,230.66666666666666,0.6566999945789576,469
4802,74,3,13.083541264138798,0.13083541264138798,0.17680461167755132,9,3,7,7,80,0.009700939116143559,507.3333333333333,1.1656000278890133,213
4803,74,6,13.069052717848,0.13069052717848,0.17660882051145946,16,6,12,12,86,0.014488546292739102,260.6666666666667,1.9949999987147748,408
4804,74,3,13.058218769722712,0.13058218769722713,0.17646241580706368,12,3,9,9,80,0.010833948126617088,507.3333333333333,0.7991999736987054,213
4805,74,1,13.050698754473046,0.13050698754473047,0.1763607939793655,7,1,6,6,76,0.0075200152505914275,1494.0,0.6705000414513052,73
4806,74,0,13.044234119296842,0.1304423411929684,0.17627343404455192,9,9,9,9,0,0.0064646351762007725,17.0,0.13150001177564263,0
4807,74,3,13.033797303931951,0.13033797303931952,0.1761323959990804,11,3,9,9,80,0.010436815366233532,507.3333333333333,0.8870000019669533,213
4808,74,5,13.020999991714715,0.13020999991714716,0.17595945934749618,12,4,9,9,84,0.012797312218978618,319.0,0.797900022007525,345
4809,74,3,13.010553538322151,0.1301055353832215,0.17581829105840746,11,3,9,9,80,0.010446453393910815,507.3333333333333,0.8788999984972179,213
4810,74,1,13.002061357585815,0.13002061357585815,0.1757035318592678,9,1,8,8,76,0.008492180737249555,1494.0,0.8764999802224338,73
4811,74,4,12.988428885173809,0.12988428885173808,0.17551930925910555,10,4,6,6,82,0.013632472413561914,384.0,0.8669000235386193,280
4812,74,4,12.974497662309933,0.12974497662309933,0.17533104949067477,17,4,14,14,82,0.013931222865437576,384.0,0.7555000483989716,280
4813,74,5,12.95861651615079,0.1295861651615079,0.17511643940744315,17,5,12,12,84,0.01588114616087921,310.0,0.8681999752297997,345
4814,74,6,12.943316369041776,0.12943316369041777,0.1749096806627267,14,5,9,9,86,0.01530014711096328,294.0,0.6135000148788095,408
4815,74,4,12.927443437065854,0.12927443437065855,0.174695181581971,18,4,14,14,82,0.015872931977469307,384.0,0.7722000009380281,280
4816,74,5,12.911388773176542,0.1291138877317654,0.17447822666454782,18,4,14,14,84,0.016054663891054588,354.0,0.6634999881498516,345
4817,74,2,12.900002198833347,0.12900002198833346,0.17432435403828847,13,2,11,11,78,0.011386574344342648,754.0,0.7945999968796968,144
4818,74,3,12.888254110464347,0.12888254110464348,0.17416559608735604,14,3,12,12,80,0.01174808837033936,507.3333333333333,0.7470999844372272,213
4819,74,7,12.87064620270076,0.1287064620270076,0.17392765138784813,14,5,10,10,88,0.017607907765707864,270.0,0.7315999828279018,469
4820,74,12,12.852521930109516,0.12852521930109517,0.17368272878526375,13,6,8,8,94,0.018124272594178592,187.33333333333334,0.7737000123597682,744
4821,74,4,12.839381942584675,0.12839381942584674,0.1735051613862794,14,4,11,11,82,0.013139987526400887,384.0,1.07709999429062,280
4822,74,2,12.829683754120554,0.12829683754120555,0.17337410478541287,11,2,10,10,78,0.009698188465236512,754.0,0.8117000106722116,144
4823,74,2,12.81831746743634,0.1281831746743634,0.1732205063167073,13,2,11,11,78,0.011366286685358773,754.0,0.7850999827496707,144
4824,74,5,12.807712183557209,0.1280771218355721,0.173077191669692,9,2,7,7,84,0.010605283880877892,504.0,0.9266000124625862,345
4825,74,2,12.797164079852168,0.1279716407985217,0.172934649727732,13,2,11,11,78,0.010548103706170764,754.0,1.03420001687482,144
4826,74,5,12.784874144477854,0.12784874144477854,0.172768569519971,12,3,9,9,84,0.012289935376045946,380.6666666666667,0.8224000339396298,345
4827,74,4,12.77173966253086,0.1277173966253086,0.1725910765206873,11,3,10,10,82,0.013134481948554821,340.6666666666667,0.8635999984107912,280
4828,73,2,12.76106675547534,0.1276106675547534,0.1748091336366485,11,2,9,8,78,0.010672907056658687,754.0,0.7189000025391579,144
4829,73,3,12.749687195042242,0.12749687195042242,0.17465324924715397,13,3,10,10,79,0.011379560434420455,500.6666666666667,0.7773000397719443,210
4830,73,4,12.735726767114432,0.12735726767114433,0.17446201050841686,18,4,14,14,81,0.013960427929319508,379.0,0.7854000432416797,276
4831,73,5,12.723987075703347,0.12723987075703347,0.17430119281785408,10,3,8,8,83,0.011739691412813613,407.3333333333333,0.7351999520324171,340
4832,73,7,12.710658054264913,0.12710658054264912,0.174118603483081,13,3,10,10,87,0.01332902144052639,340.6666666666667,0.7676000241190195,462
4833,73,1,12.70006940829453,0.1270006940829453,0.17397355353828123,9,1,8,8,75,0.010588645971282062,1474.0,0.6331999902613461,72
4834,73,1,12.689464336019226,0.12689464336019227,0.17382827857560587,11,1,10,10,75,0.01060507227622054,1474.0,1.360700000077486,72
4835,73,5,12.675300837949798,0.126753008379498,0.17363425805410682,14,4,10,10,83,0.014163498071127378,344.0,0.7616000366397202,340
4836,73,2,12.665563707876135,0.12665563707876135,0.173500872710632,8,2,6,6,77,0.009737130074782385,744.0,0.7212000200524926,142
4837,73,3,12.656151387804128,0.12656151387804127,0.17337193681923463,9,2,7,7,79,0.00941232007333781,634.0,0.6131000118330121,210
4838,73,2,12.644080948605556,0.12644080948605554,0.1732065883370624,12,2,11,11,77,0.012070439199703742,744.0,0.7368000224232674,142
4839,73,3,12.632217270019913,0.12632217270019913,0.1730440721920536,14,2,12,12,79,0.011863678586962578,704.0,0.8850999874994159,210
4840,73,7,12.618806071576431,0.1261880607157643,0.1728603571448826,11,4,8,8,85,0.013411198445567152,299.0,0.6991000263951719,462
4841,73,2,12.607482689803943,0.12607482689803942,0.17270524232608142,15,2,13,13,77,0.011323381773607366,744.0,0.8456000359728932,142
4842,73,3,12.596035019687866,0.12596035019687865,0.17254842492723102,14,3,11,11,79,0.01144767011740555,500.6666666666667,0.8061999687924981,210
4843,73,1,12.583190506974919,0.1258319050697492,0.17237247269828657,13,1,12,12,75,0.012844512713840572,1474.0,0.8195999544113874,72
4844,73,5,12.569506503100094,0.12569506503100095,0.17218502059041224,14,4,11,11,83,0.013684003876548445,354.0,0.7905999664217234,340
4845,73,4,12.557521219713339,0.12557521219713338,0.17202083862621007,12,3,9,9,81,0.011985283388270318,487.3333333333333,0.73640001937747,276
4846,73,3,12.548151351863881,0.12548151351863882,0.171892484272108,9,2,7,7,79,0.009369867850793412,664.0,0.9309999877586961,210
4847,73,4,12.53371905185321,0.1253371905185321,0.17169478153223572,17,4,13,13,81,0.014432300012202859,379.0,0.8934999932534993,276
4848,73,3,12.523361234733382,0.12523361234733382,0.1715528936264847,11,3,9,9,79,0.010357817121132484,500.6666666666667,0.7786999922245741,210
4849,73,1,12.514430854203928,0.12514430854203928,0.17143055964662915,9,1,8,8,75,0.008930380530401294,1474.0,0.6897000130265951,72
4850,73,4,12.50328385731852,0.1250328385731852,0.1712778610591578,9,2,8,8,81,0.011146996886935767,434.0,0.7473999867215753,276
4851,73,7,12.488058303063523,0.12488058303063523,0.171069291822788,13,5,8,8,85,0.015225554257071394,278.0,0.624900043476373,462
4852,73,6,12.477706340375631,0.12477706340375631,0.17092748411473466,7,4,4,4,85,0.010351962689824745,239.0,0.6198999471962452,402
4853,73,6,12.46633849976239,0.1246633849976239,0.1707717602707177,10,4,8,8,81,0.011367840615136515,359.0,0.749099999666214,402
4854,73,2,12.453800832285072,0.12453800832285072,0.17060001140116535,10,2,8,8,77,0.012537667478426329,744.0,0.7474999874830246,142
4855,73,0,12.451716698620771,0.12451716698620771,0.17057146162494208,5,5,5,5,0,0.002084133664283172,17.0,0.08179998258128762,0
4856,72,4,12.441369545925456,0.12441369545925456,0.17279679924896463,9,1,7,6,81,0.010347152696851936,774.0,0.7554000476375222,276
4857,72,5,12.429848685861552,0.12429848685861553,0.1726367873036327,10,3,7,7,82,0.011520860065587613,427.3333333333333,0.7063000230118632,335
4858,72,5,12.418481716028024,0.12418481716028024,0.17247891272261143,11,4,8,8,82,0.011366969835222562,329.0,0.6829000194557011,335
4859,72,1,12.407704372173852,0.12407704372173851,0.17232922739130346,8,1,7,7,74,0.010777343855068011,1454.0,0.7116000051610172,71
4860,72,5,12.396148423403783,0.12396148423403783,0.17216872810283035,11,3,9,9,82,0.011555948771757585,374.0,0.5238999729044735,335
4861,72,4,12.384193406458527,0.12384193406458527,0.1720026862008129,13,3,10,10,80,0.011955016946757269,407.3333333333333,0.6564999930560589,272
4862,72,4,12.374414037295198,0.12374414037295198,0.1718668616291,8,3,6,6,78,0.00977936916484623,367.3333333333333,0.7829999667592347,272
4863,72,3,12.363965190539849,0.1236396519053985,0.17172173875749794,11,3,8,8,78,0.01044884675664548,494.0,0.7741000154055655,207
4864,72,2,12.354342952824942,0.12354342952824941,0.17158809656701304,9,2,7,7,76,0.009622237716016002,734.0,0.6844999734312296,140
4865,72,0,12.349692287180869,0.12349692287180869,0.17152350398862315,7,7,7,7,0,0.0046506656440783445,17.0,0.22629997693002224,0
4866,72,2,12.340347497064085,0.12340347497064086,0.17139371523700117,10,2,8,8,76,0.009344790117864932,734.0,0.7916000322438776,140
4867,72,6,12.326691405083583,0.12326691405083583,0.17120404729282754,12,4,10,10,84,0.013656091982397811,234.0,0.5945999873802066,396
4868,72,2,12.318633630353402,0.12318633630353401,0.17109213375490837,8,2,7,7,76,0.00805777473128444,734.0,1.2175000156275928,140
4869,72,5,12.306337595710968,0.12306337595710967,0.17092135549598567,9,4,5,5,82,0.012296034644137421,284.0,0.7678000256419182,335
4870,71,2,12.295858436157918,0.12295858436157918,0.17318110473461865,12,2,11,11,76,0.01047915955412293,724.0,0.7862999918870628,140
4871,71,1,12.28738639868755,0.1228738639868755,0.17306178026320493,9,1,8,8,73,0.00847203747126457,1434.0,0.6221000221557915,70
4872,71,10,12.271738896539851,0.12271738896539851,0.17284139290901196,13,5,8,8,89,0.01564750215020183,226.0,0.7245999877341092,610
4873,71,4,12.260108587773356,0.12260108587773356,0.1726775857432867,13,4,10,10,79,0.011630308767976771,369.0,0.7817000150680542,268
4874,71,1,12.24983909679723,0.1224983909679723,0.17253294502531308,9,1,8,8,73,0.010269490977009355,1434.0,0.6006999756209552,70
4875,71,2,12.240550495977589,0.12240550495977588,0.1724021196616562,10,2,10,10,75,0.00928860082073868,724.0,0.8141000289469957,138
4876,71,5,12.22800301477757,0.1222800301477757,0.17222539457433197,12,3,9,9,81,0.012547481201679034,327.3333333333333,0.7167999865487218,330
4877,71,3,12.218620757870807,0.12218620757870807,0.17209325011085644,10,2,8,8,77,0.009382256908040176,464.0,0.7309999782592058,204
4878,71,5,12.206387492182122,0.12206387492182122,0.17192095059411436,10,4,6,6,81,0.012233265690383632,254.0,0.7063000230118632,330
4879,71,6,12.195540756502231,0.12195540756502231,0.1717681796690455,9,3,7,7,83,0.01084673568173855,274.0,0.6732000038027763,390
4880,71,5,12.180623126056117,0.12180623126056117,0.17155807219797345,15,5,10,10,81,0.01491763044775496,298.0,0.719199946615845,330
4881,71,8,12.164071627542679,0.12164071627542679,0.1713249525006011,17,5,12,12,87,0.016551498515653407,226.0,0.7779999868944287,504
4882,71,4,12.148402147752922,0.12148402147752922,0.17110425560215387,19,4,16,16,79,0.015669479791242225,369.0,0.797300017438829,268
4883,71,4,12.137970918281814,0.12137970918281814,0.17095733687720865,8,3,7,7,79,0.010431229472601444,340.6666666666667,0.9303999831900001,268
4884,71,3,12.125996261855269,0.1212599626185527,0.1707886797444404,15,3,13,13,77,0.01197465642782447,487.3333333333333,0.7519000209867954,204
4885,71,4,12.11423784749184,0.12114237847491839,0.17062306827453294,12,4,10,10,79,0.011758414364919645,369.0,0.8482999983243644,268
4886,71,1,12.103744706677753,0.12103744706677753,0.17047527755884165,11,1,11,11,73,0.010493140814958224,1434.0,1.5157000161707401,70
4887,71,3,12.0943846633783,0.12094384663378299,0.17034344596307469,10,2,8,8,77,0.009360043300745247,584.0,0.7496000034734607,204
4888,71,2,12.085581538939229,0.12085581538939229,0.17021945829491866,7,2,5,5,75,0.008803124440163401,724.0,0.7769999792799354,138
4889,71,2,12.07506810958898,0.1207506810958898,0.17007138182519688,13,2,11,11,75,0.010513429351348691,724.0,0.7074999739415944,138
4890,70,0,12.066457069526528,0.12066457069526529,0.17237795813609327,13,12,13,12,0,0.008611040062433517,17.0,0.10770000517368317,0
4891,70,4,12.056020813484343,0.12056020813484343,0.17222886876406207,10,2,8,8,78,0.010436256043632852,504.0,0.7249999907799065,264
4892,70,3,12.045250336167278,0.12045250336167278,0.17207500480238966,13,3,11,11,76,0.010770477318345684,480.6666666666667,0.9425999596714973,201
4893,70,3,12.033898717865435,0.12033898717865435,0.17191283882664907,11,3,9,9,76,0.01135161830310949,480.6666666666667,0.7342000026255846,201
4894,70,3,12.02392083795239,0.1202392083795239,0.17177029768503416,11,2,9,9,76,0.009977879914330856,584.0,0.5994999664835632,201
4895,70,2,12.013920381130355,0.12013920381130355,0.1716274340161479,9,2,7,7,74,0.01000045682312134,714.0,0.7654000073671341,136
4896,70,2,12.0016015525982,0.120016015525982,0.17145145075140283,15,2,13,13,74,0.012318828533224746,714.0,1.081800030078739,136
4897,70,4,11.988762448928329,0.11988762448928329,0.17126803498469037,16,4,12,12,78,0.012839103671325347,364.0,0.7064000237733126,264
4898,70,6,11.975691199287192,0.11975691199287192,0.17108130284695988,15,6,10,10,82,0.013071249642962357,247.33333333333334,0.5543999723158777,384
4899,70,7,11.961643114939942,0.11961643114939942,0.17088061592771348,14,5,10,10,84,0.014048084349241208,258.0,0.6935999845154583,441
4900,70,7,11.945997528664144,0.11945997528664144,0.17065710755234492,15,6,10,10,84,0.015645586277798884,214.0,0.7343000033870339,441
4901,70,2,11.935733888568434,0.11935733888568434,0.1705104841224062,12,2,10,10,74,0.010263640096766835,714.0,0.8642000029794872,136
4902,70,8,11.917690804162474,0.11917690804162474,0.17025272577374967,18,8,11,11,86,0.01804308440812008,189.0,0.6234999746084213,496
4903,70,4,11.905395246245202,0.11905395246245203,0.17007707494636007,14,4,10,10,78,0.012295557918719169,364.0,0.7847999804653227,264
4904,70,5,11.89268635743857,0.1189268635743857,0.16989551939197955,13,4,10,10,80,0.012708888808290908,349.0,0.7911999709904194,325
4905,70,5,11.880375958159405,0.11880375958159405,0.1697196565451344,11,4,9,9,80,0.012310399280806905,354.0,0.6321999826468527,325
4906,70,2,11.871634847639799,0.11871634847639799,0.1695947835377114,8,2,6,6,74,0.008741110520674056,714.0,0.72160002309829,136
4907,70,2,11.861819909160635,0.11861819909160636,0.16945457013086623,12,2,10,10,74,0.009814938480246838,714.0,0.7803000044077635,136
4908,70,2,11.852354283108305,0.11852354283108305,0.16931934690154718,11,2,9,9,74,0.009465626053398069,714.0,0.5843999679200351,136
4909,70,4,11.841794539342509,0.11841794539342508,0.16916849341917867,11,4,10,10,78,0.010559743767274199,364.0,0.7191000040620565,264
4910,70,3,11.83044376483785,0.1183044376483785,0.1690063394976836,14,3,12,12,76,0.01135077450592803,480.6666666666667,0.7267000037245452,201
4911,70,2,11.82067844319283,0.1182067844319283,0.16886683490275473,10,2,8,8,74,0.009765321646099778,714.0,0.6143999635241926,136
4912,70,0,11.81322235774098,0.1181322235774098,0.1687603193962997,11,11,11,11,0,0.007456085451835293,17.0,0.09310001041740179,0
4913,70,2,11.803213420613845,0.11803213420613845,0.1686173345801978,10,2,8,8,74,0.010008937128219486,714.0,0.7330999942496419,136
4914,70,3,11.79370243605899,0.11793702436058989,0.1684814633722713,10,2,8,8,76,0.009510984556115432,464.0,0.7358999573625624,201
4915,70,4,11.783033427093756,0.11783033427093756,0.1683290489584822,12,4,9,9,78,0.010669008966701199,364.0,0.7269000052474439,264
4916,70,1,11.776369336452348,0.11776369336452347,0.16823384766360494,6,1,5,5,72,0.006664090642289011,1414.0,0.5884999991394579,69
4917,70,3,11.767500020597858,0.11767500020597858,0.1681071431513979,6,2,4,4,76,0.008869315855761783,584.0,0.7211000192910433,201
4918,70,2,11.7597350231982,0.11759735023198199,0.1679962146171172,7,2,5,5,74,0.007764997400741436,714.0,0.7170999888330698,136
4919,70,9,11.74701706600312,0.11747017066003121,0.16781452951433032,8,4,4,4,86,0.012717957197381224,229.0,0.6608999683521688,549
4920,70,1,11.738600569974722,0.11738600569974722,0.16769429385678172,8,1,7,7,72,0.008416496029269638,1414.0,0.833700003568083,69
4921,70,3,11.72768205273758,0.1172768205273758,0.1675383150391083,12,3,9,9,76,0.010918517238408754,480.6666666666667,0.7961000083014369,201
4922,70,3,11.718130847816592,0.11718130847816592,0.16740186925452274,9,2,7,7,76,0.00955120492224637,684.0,0.8838999783620238,201
4923,70,3,11.708988478979622,0.11708988478979622,0.16727126398542314,9,2,7,7,76,0.00914236883825481,534.0,0.6240000366233289,201
4924,70,3,11.70039750808158,0.1170039750808158,0.16714853582973688,7,2,6,6,76,0.008590970899291506,684.0,1.1054999777115881,201
4925,70,2,11.691791372326175,0.11691791372326175,0.16702559103323109,8,1,7,7,74,0.008606135756494382,994.0,0.8345000096596777,136
4926,70,2,11.682956002923158,0.11682956002923157,0.16689937147033082,8,1,7,7,74,0.008835369404067706,1354.0,0.6928000366315246,136
4927,70,3,11.6703400193491,0.116703400193491,0.16671914313355857,13,3,10,10,76,0.012615983575329892,480.6666666666667,0.6441000150516629,201
4928,70,3,11.659843693632977,0.11659843693632978,0.16656919562332828,11,3,8,8,76,0.01049632571739778,480.6666666666667,0.6819000118412077,201
4929,70,6,11.648340251068491,0.11648340251068491,0.16640486072954988,10,3,8,8,82,0.011503442566308308,254.0,0.7157999789342284,384
4930,70,1,11.63757764940865,0.1163757764940865,0.1662511092772664,13,1,12,12,72,0.01076260166070142,1414.0,0.9334000060334802,69
4931,70,1,11.628227917280057,0.11628227917280057,0.1661175416754294,11,1,10,10,72,0.009349732129464883,1414.0,0.880700012203306,69
4932,70,3,11.617291809218269,0.11617291809218269,0.16596131156026095,13,3,10,10,76,0.010936108063063443,480.6666666666667,0.7123000104911625,201
4933,70,6,11.603631427584348,0.11603631427584349,0.16576616325120497,13,4,10,10,82,0.0136603816357308,329.0,0.7239999831654131,384
4934,70,10,11.585164321967834,0.11585164321967835,0.1655023474566833,19,7,15,15,90,0.01846710561899556,176.85714285714286,0.7537999772466719,600
4935,70,2,11.576029180535047,0.11576029180535047,0.16537184543621494,9,2,7,7,74,0.009135141433844751,714.0,0.7313999813050032,136
4936,70,2,11.563727776683788,0.11563727776683788,0.16519611109548266,15,2,13,13,74,0.012301403852347903,714.0,0.701199984177947,136
4937,69,5,11.551709830228845,0.11551709830228844,0.16741608449607023,13,3,10,9,80,0.012017946456595041,360.6666666666667,0.8031000033952296,325
4938,69,7,11.53656765247411,0.1153656765247411,0.16719663264455234,14,6,8,8,83,0.015142177756715114,214.0,0.582600012421608,434
4939,69,4,11.52582160986176,0.1152582160986176,0.16704089289654725,11,3,8,8,77,0.010746042613774875,440.6666666666667,0.7214999641291797,260
4940,69,2,11.517121810570886,0.11517121810570886,0.16691480884885343,8,2,8,8,73,0.008699799291917998,704.0,0.7671999628655612,134
4941,69,1,11.505278640100054,0.11505278640100053,0.16674316869710223,13,1,12,12,71,0.011843170471706799,1394.0,0.62369997613132,68
4942,69,3,11.496035887595387,0.11496035887595386,0.166609215762252,9,3,7,7,75,0.009242752505912222,474.0,0.8093000506050885,198
4943,69,5,11.485405521839906,0.11485405521839906,0.16645515249043344,9,3,6,6,79,0.010630365757108962,307.3333333333333,0.7499000057578087,320
4944,69,2,11.477903395372753,0.11477903395372753,0.16634642601989497,7,1,6,6,73,0.00750212646821069,1174.0,0.638199970126152,134
4945,69,1,11.471729556032395,0.11471729556032395,0.166256950087426,5,1,4,4,71,0.006173839341201415,1394.0,1.59580004401505,68
4946,69,2,11.463127433299487,0.11463127433299487,0.16613228164202157,9,2,7,7,73,0.008602122733961437,704.0,0.701800046954304,134
4947,69,8,11.448014413565161,0.11448014413565161,0.16591325237050955,16,5,12,12,85,0.015113019736460842,202.0,0.6084000342525542,488
4948,69,3,11.436909141451322,0.11436909141451322,0.16575230639784524,14,3,11,11,75,0.011105272115088383,474.0,0.6894000107422471,198
4949,69,4,11.42659367960387,0.1142659367960387,0.1656028069507807,10,2,8,8,77,0.010315461848875884,654.0,0.8368000271730125,260
4950,69,6,11.416088552849569,0.1141608855284957,0.16545055873695028,9,3,7,7,81,0.010505126756115146,274.0,0.5589000065810978,378
4951,69,4,11.406670341323881,0.11406670341323881,0.1653140629177374,9,3,6,6,77,0.009418211527119524,354.0,0.7287999615073204,260
4952,69,1,11.399927016039333,0.11399927016039334,0.16521633356578744,4,1,3,3,71,0.006743325285398782,1394.0,0.790499965660274,68
4953,69,3,11.390366096246106,0.11390366096246106,0.16507776951081313,8,3,5,5,75,0.009560919794495248,474.0,0.6841000285930932,198
4954,69,3,11.378186162779135,0.11378186162779136,0.16490124873592948,11,3,8,8,75,0.012179933468203785,474.0,0.7027999963611364,198
4955,69,5,11.367672762017877,0.11367672762017877,0.16474888060895473,9,4,6,6,79,0.010513400762889091,289.0,0.6837999681010842,320
4956,69,5,11.358000490183317,0.11358000490183316,0.16460870275627992,8,4,6,6,79,0.009672271836180357,339.0,0.6911000236868858,320
4957,69,7,11.345011833713386,0.11345011833713387,0.164420461358165,11,4,9,9,83,0.012988656471904392,249.0,0.6942999898456037,434
4958,68,4,11.33498847396006,0.1133498847396006,0.16669100697000092,10,2,8,5,77,0.010023359754754324,564.0,0.7255000527948141,260
4959,68,0,11.327647194235402,0.11327647194235402,0.16658304697405005,9,9,9,9,0,0.007341279724641936,17.0,0.050499977078288794,0
4960,68,2,11.3189238595749,0.113189238595749,0.16645476264080739,10,2,9,9,72,0.008723334661539184,694.0,0.8728000102564692,132
4961,68,2,11.311492988850397,0.11311492988850397,0.1663454851301529,7,2,5,5,72,0.007430870725556815,694.0,0.6532999686896801,132
4962,68,5,11.300762905509078,0.11300762905509078,0.1661876897868982,8,4,5,5,78,0.010730083342906482,274.0,0.6790000479668379,315
4963,68,4,11.289899745244782,0.11289899745244782,0.16602793743007035,11,4,7,7,76,0.0108631602657141,354.0,0.6612999713979661,256
4964,68,1,11.278422466251497,0.11278422466251498,0.16585915391546321,11,1,10,10,70,0.01147727899412132,1374.0,0.8965999586507678,67
4965,68,6,11.266791729931196,0.11266791729931196,0.16568811367545877,9,3,7,7,80,0.011630736322075563,287.3333333333333,0.6061999592930079,372
4966,68,2,11.258140771770202,0.11258140771770203,0.16556089370250301,7,2,5,5,72,0.008650958162021993,694.0,0.6280000088736415,132
4967,68,2,11.250760913481523,0.11250760913481522,0.16545236637472827,7,2,5,5,72,0.007379858289738195,694.0,0.60889997985214,132
4968,68,2,11.244603064436905,0.11244603064436905,0.16536180977113096,4,1,3,3,72,0.006157849045663966,974.0,0.6599000189453363,132
4969,68,7,11.23386061058171,0.1123386061058171,0.16520383250855453,7,3,5,5,82,0.010742453857133683,340.6666666666667,0.7031999994069338,427
4970,68,4,11.22424975406331,0.1122424975406331,0.16506249638328396,8,2,6,6,76,0.009610856519799427,604.0,0.7106999983079731,256
4971,68,5,11.213276584170321,0.11213276584170322,0.16490112623779887,11,4,7,7,78,0.010973169894583634,289.0,0.7116000051610172,315
4972,68,2,11.205253308564536,0.11205253308564536,0.16478313689065494,7,1,6,6,72,0.008023275606831248,994.0,0.7204000139608979,132
4973,68,1,11.195911246996484,0.11195911246996484,0.16464575363230122,12,1,11,11,70,0.009342061568901272,1374.0,0.5979000125080347,67
4974,68,5,11.188678754035365,0.11188678754035365,0.16453939344169655,3,1,2,2,78,0.007232492962728543,554.0,0.8090999908745289,315
4975,68,3,11.177643376933919,0.11177643376933918,0.16437710848432233,14,3,12,12,74,0.011035377102672328,467.3333333333333,0.7008000393398106,195
4976,68,2,11.167439665052786,0.11167439665052786,0.1642270538978351,13,2,11,11,72,0.010203711882169841,694.0,0.666300009470433,132
4977,68,4,11.15779281331188,0.1115779281331188,0.16408518843105707,10,4,6,6,76,0.009646851742331819,354.0,0.7110000005923212,256
4978,68,2,11.150045379534001,0.11150045379534002,0.16397125558138234,8,2,6,6,72,0.007747433778916957,694.0,1.1223000474274158,132
4979,68,7,11.139268468800257,0.11139268468800256,0.16381277160000382,8,4,5,5,82,0.010776910735671663,259.0,0.5291000124998391,427
4980,68,6,11.132013592865748,0.11132013592865748,0.1637060822480257,2,1,1,1,80,0.007254875936268945,354.0,1.767300011124462,372
4981,68,8,11.11959525090937,0.1111959525090937,0.1635234595721966,8,4,4,4,84,0.012418341958465362,229.0,0.7245999877341092,480
4982,68,5,11.109369829421524,0.11109369829421524,0.1633730857267871,8,3,7,7,78,0.010225421489451492,320.6666666666667,0.5441000103019178,315
4983,68,1,11.102571100181715,0.11102571100181714,0.163273104414437,6,1,5,5,70,0.006798729240657053,1374.0,0.8171999943442643,67
4984,68,1,11.09599365315001,0.1109599365315001,0.16317637725220602,6,1,5,5,70,0.006577447032555028,1374.0,0.6196999456733465,67
4985,68,5,11.082762646476215,0.11082762646476216,0.16298180362465023,14,5,9,9,78,0.013231006675383128,286.0,0.7088000420480967,315
4986,68,3,11.072672864705448,0.11072672864705448,0.1628334244809625,11,2,10,10,74,0.010089781771995376,634.0,0.6167000392451882,195
4987,68,2,11.06488480930239,0.1106488480930239,0.16271889425444688,7,2,5,5,72,0.007788055404091665,694.0,0.5916000227443874,132
4988,68,2,11.055318782539235,0.11055318782539235,0.16257821739028286,10,2,8,8,72,0.009566026764218805,694.0,0.7622999837622046,132
4989,68,3,11.046402200346387,0.11046402200346388,0.1624470911815645,8,2,6,6,74,0.008916582194075318,654.0,0.6144999642856419,195
4990,68,2,11.039962970129688,0.11039962970129688,0.16235239661955425,3,1,2,2,72,0.0064392302177367355,554.0,0.743200012948364,132
4991,68,4,11.031430983044965,0.11031430983044965,0.1622269262212495,5,2,3,3,76,0.008531987086144,424.0,0.7020999910309911,256
4992,68,4,11.022322396979241,0.11022322396979241,0.16209297642616532,5,2,3,3,76,0.00910858606715692,294.0,0.6281000096350908,256
4993,68,5,11.013028693451085,0.11013028693451085,0.16195630431545713,7,3,5,5,78,0.009293703529749564,367.3333333333333,0.4944000393152237,315
4994,68,3,11.00319853842693,0.11003198538426931,0.16181174321216074,9,3,6,6,74,0.009830155025397858,467.3333333333333,0.5943999858573079,195
4995,68,3,10.993170631701702,0.10993170631701701,0.16166427399561326,11,3,8,8,74,0.010027906726463698,467.3333333333333,0.60450000455603,195
4996,68,4,10.984612716120537,0.10984612716120537,0.16153842229589027,7,3,5,5,76,0.008557915582585451,454.0,0.6184999947436154,256
4997,68,1,10.977449697060832,0.10977449697060832,0.16143308378030635,7,1,6,6,70,0.007163019060527631,1374.0,0.6062999600544572,67
4998,68,3,10.969706663649314,0.10969706663649313,0.16131921564190166,6,2,4,4,74,0.007743033412751288,604.0,0.6223999662324786,195
4999,68,3,10.962025209156742,0.10962025209156742,0.16120625307583444,6,2,4,4,74,0.0076814544938059726,574.0,0.6199000054039061,195
5000,68,6,10.948911405325894,0.10948911405325895,0.16101340301949846,12,5,7,7,80,0.01311380383260996,238.0,0.8409000001847744,372
5001,68,4,10.941535925322725,0.10941535925322725,0.16090494007827538,4,1,3,3,76,0.0073754800045833235,634.0,0.7439000182785094,256
5002,68,3,10.933205945608481,0.10933205945608482,0.16078244037659528,8,2,6,6,74,0.008329979715469449,414.0,0.839899992570281,195
5003,68,4,10.92298177097386,0.10922981770973861,0.1606320848672626,11,4,7,7,76,0.01022417463603631,354.0,0.7515000179409981,256
5004,68,4,10.913033690587314,0.10913033690587313,0.1604857895674605,8,3,5,5,76,0.009948080387971459,447.3333333333333,0.7433999562636018,256
5005,68,1,10.905314455584984,0.10905314455584984,0.1603722714056615,8,1,7,7,70,0.007719235003165181,1374.0,0.7280000136233866,67
5006,68,1,10.898930225527957,0.10898930225527957,0.1602783856695288,5,1,4,4,70,0.006384230057875584,1374.0,0.8145000319927931,67
5007,68,2,10.892695341605682,0.10892695341605682,0.16018669620008355,4,1,3,3,72,0.006234883923312395,1314.0,0.6239000358618796,132
5008,68,5,10.883753483879794,0.10883753483879793,0.1600551982923499,5,2,3,3,78,0.008941857727478464,494.0,0.7528000278398395,315
5009,68,3,10.874939239667613,0.10874939239667614,0.1599255770539355,8,3,5,5,74,0.008814244213425582,467.3333333333333,0.7390999817289412,195
5010,68,2,10.867093794010845,0.10867093794010846,0.15981020285310066,7,2,5,5,72,0.007845445657821415,694.0,0.7340000011026859,132
5011,68,4,10.857767568339986,0.10857767568339986,0.15967305247558802,9,3,7,7,76,0.009326225672268151,374.0,0.7291000219993293,256
5012,68,3,10.846185828862554,0.10846185828862553,0.1595027327773905,11,3,8,8,74,0.011581739478685904,467.3333333333333,0.6519999587908387,195
5013,68,3,10.836034983384913,0.10836034983384912,0.15935345563801342,12,3,10,10,72,0.01015084547887568,467.3333333333333,0.7541999802924693,195
5014,68,5,10.826971550394244,0.10826971550394245,0.15922016985873885,7,2,7,7,78,0.00906343299223522,374.0,1.0893999715335667,315
5015,68,1,10.8197858461383,0.10819785846138301,0.15911449773732794,8,1,7,7,70,0.00718570425678422,1374.0,0.7149000302888453,67
5016,68,5,10.806358084476065,0.10806358084476064,0.15891703065405977,15,4,11,11,78,0.013427761663834303,314.0,0.6856999825686216,315
5017,68,4,10.79499085508527,0.10794990855085271,0.15874986551595985,13,3,10,10,76,0.011367229392220679,447.3333333333333,0.6671999581158161,256
5018,68,4,10.784141466797264,0.10784141466797265,0.15859031568819504,12,3,9,9,76,0.010849388289443596,414.0,0.7007999811321497,256
5019,68,4,10.77420985705567,0.1077420985705567,0.15844426260375985,9,3,7,7,76,0.00993160974299201,447.3333333333333,0.7018999895080924,256
5020,68,3,10.762372113671848,0.10762372113671848,0.15827017814223307,14,3,11,11,74,0.011837743385072486,467.3333333333333,0.6562999915331602,195
5021,68,4,10.752638876051567,0.10752638876051566,0.15812704229487598,8,3,5,5,76,0.009733237621702528,387.3333333333333,0.6392999785020947,256
5022,68,3,10.744715652356502,0.10744715652356503,0.15801052429936036,7,2,6,6,74,0.007923223696309378,464.0,0.7378999725915492,195
5023,68,3,10.735412237491428,0.10735412237491428,0.15787370937487394,9,3,6,6,74,0.009303414866295157,467.3333333333333,0.6499000010080636,195
5024,68,0,10.731971511435606,0.10731971511435606,0.15782311046228834,7,7,7,7,0,0.003440726055814025,17.0,0.14259997988119721,0
5025,68,6,10.7221101009836,0.107221101009836,0.15767808972034708,7,3,4,4,80,0.009861410453780195,294.0,0.7648000027984381,372
5026,68,4,10.714063468353388,0.10714063468353388,0.15755975688754978,6,2,5,5,76,0.008046632631632633,304.0,0.714799971319735,256
5027,68,3,10.704186590893563,0.10704186590893564,0.15741450868961124,11,3,8,8,74,0.009876877461053368,467.3333333333333,0.7609999738633633,195
5028,68,4,10.694140007563805,0.10694140007563804,0.15726676481711477,10,4,7,7,76,0.010046583331174475,354.0,0.7106999983079731,256
5029,68,3,10.682648017484915,0.10682648017484915,0.15709776496301348,13,3,10,10,74,0.011491990080131131,467.3333333333333,0.7253999938257039,195
5030,68,4,10.675027911790217,0.10675027911790216,0.15698570458515024,5,2,3,3,76,0.007620105696105384,424.0,0.6617999752052128,256
5031,68,3,10.664047584700764,0.10664047584700764,0.15682422918677594,11,3,8,8,74,0.010980327090692299,467.3333333333333,0.6614999729208648,195
5032,68,3,10.652142707265208,0.10652142707265208,0.15664915745978247,14,3,13,13,74,0.01190487743679114,467.3333333333333,0.6935999845154583,195
5033,68,6,10.63702659656318,0.1063702659656318,0.15642686171416442,16,4,12,12,80,0.015116110703814911,319.0,0.6490999949164689,372
5034,67,0,10.631331338487884,0.10631331338487884,0.15867658714161023,9,8,9,8,0,0.00569525807527782,17.0,0.08469994645565748,0
5035,67,1,10.62379022891123,0.10623790228911228,0.1585640332673318,7,1,6,6,69,0.007541109577488214,1354.0,0.6744000129401684,66
5036,67,1,10.618226859238684,0.10618226859238683,0.15848099789908482,3,1,2,2,69,0.0055633696733821125,1354.0,0.6965000065974891,66
5037,67,9,10.607209807196368,0.10607209807196367,0.15831656428651295,7,3,4,4,85,0.011017052044508091,240.66666666666666,0.6540000322274864,522
5038,67,4,10.59786616982006,0.1059786616982006,0.1581771070122397,8,3,5,5,75,0.009343637377696723,387.3333333333333,0.7028999971225858,252
5039,67,4,10.589371246059805,0.10589371246059805,0.15805031710537026,7,2,5,5,75,0.008494923761674045,474.0,0.6011999794282019,252
5040,67,4,10.579217615949108,0.10579217615949109,0.15789877038730013,11,4,7,7,75,0.01015363011208592,349.0,0.6051000091247261,252
5041,67,3,10.5722357065851,0.10572235706585101,0.15779456278485224,5,2,3,3,73,0.006981909365208594,504.0,0.6506000063382089,192
5042,67,3,10.560329629446992,0.10560329629446992,0.1576168601409999,13,3,10,10,73,0.01190607713932934,460.6666666666667,0.7793999975547194,192
5043,67,1,10.553390366560262,0.10553390366560261,0.15751328905313824,7,1,6,6,69,0.006939262887541986,1354.0,0.7681000279262662,66
5044,67,5,10.541305298293636,0.10541305298293636,0.15733291489990503,13,4,11,11,77,0.0120850682682061,329.0,0.859999970998615,310
5045,67,2,10.531149318446197,0.10531149318446197,0.15718133311113727,12,2,11,11,71,0.010155979848462948,684.0,0.6017999839968979,130
5046,67,4,10.519675470286174,0.10519675470286174,0.1570100816460623,14,3,12,12,75,0.01147384816141539,400.6666666666667,0.7555000483989716,252
5047,67,5,10.508335275918817,0.10508335275918818,0.15684082501371366,10,5,8,8,77,0.011340194368912648,282.0,0.6824999582022429,310
5048,67,6,10.496890119098065,0.10496890119098065,0.15667000177758308,11,3,8,8,79,0.011445156822503577,374.0,0.666900014039129,366
5049,67,3,10.487116229147972,0.10487116229147972,0.15652412282310407,11,3,8,8,73,0.009773889951318893,460.6666666666667,0.691999972332269,192
5050,67,1,10.479226349696225,0.10479226349696225,0.15640636342830186,7,1,7,7,69,0.00788987945259123,1354.0,0.7291000219993293,66
5051,67,4,10.469293959739838,0.10469293959739838,0.15625811880208715,10,3,7,7,75,0.00993238995775414,387.3333333333333,0.6107999943196774,252
5052,67,3,10.459241078332393,0.10459241078332393,0.15610807579600589,11,3,8,8,73,0.010052881408668668,460.6666666666667,0.6911999662406743,192
5053,67,1,10.450097180752895,0.10450097180752894,0.15597159971272978,8,1,7,7,69,0.009143897580329963,1354.0,0.8205000194720924,66
5054,67,3,10.440051712280129,0.10440051712280128,0.1558216673474646,9,2,7,7,73,0.010045468473990127,544.0,0.535300001502037,192
5055,67,3,10.429930443863922,0.10429930443863922,0.15567060363976004,12,3,10,10,73,0.010121268417421447,460.6666666666667,7.9000000259839,192
5056,67,4,10.419477706370952,0.10419477706370951,0.15551459263240222,11,3,9,9,75,0.010452737494361486,414.0,0.5245000356808305,252
5057,67,2,10.40995441331837,0.1040995441331837,0.15537245393012494,12,2,10,10,71,0.00952329305360422,684.0,0.5658000009134412,130
5058,67,4,10.401154756836378,0.10401154756836378,0.1552411157736773,8,3,6,6,75,0.008799656483390095,400.6666666666667,1.0803999612107873,252
5059,67,6,10.388507581181457,0.10388507581181457,0.1550523519579322,11,4,8,8,79,0.012647175656653076,319.0,0.6664000102318823,366
5060,67,4,10.380916927465359,0.10380916927465358,0.15493905861888593,4,1,3,3,75,0.007590653717500118,674.0,0.5565999890677631,252
5061,67,4,10.369696644301774,0.10369696644301774,0.15477159170599664,12,2,10,10,75,0.011220283164973921,524.0,0.6979999598115683,252
5062,67,3,10.360013229626757,0.10360013229626758,0.15462706312875757,10,2,8,8,71,0.009683414676246116,674.0,0.734599947463721,192
5063,66,2,10.350361905030312,0.10350361905030311,0.15682366522773197,11,1,9,8,71,0.009651324597470534,1214.0,0.7209000177681446,130
5064,66,2,10.34395516837899,0.1034395516837899,0.1567265934602877,5,2,3,3,70,0.006406736652337486,674.0,0.7499000057578087,128
5065,66,8,10.331545100985881,0.10331545100985881,0.15653856213614972,9,4,5,5,82,0.012410067395137503,189.0,0.5183999892324209,464
5066,66,4,10.324113669132169,0.10324113669132169,0.15642596468382075,5,2,3,3,74,0.007431431855096093,414.0,0.7230999763123691,248
5067,66,4,10.314515655237894,0.10314515655237894,0.15628054023087715,9,3,6,6,74,0.009598013895654844,394.0,0.7693999796174467,248
5068,66,1,10.305918167513209,0.10305918167513209,0.15615027526535163,10,1,10,10,68,0.008597487725495512,1334.0,0.6725999992340803,65
5069,66,1,10.297485600152086,0.10297485600152086,0.15602250909321344,9,1,8,8,68,0.008432567361950305,1334.0,0.6711999885737896,65
5070,66,4,10.288049242470132,0.10288049242470132,0.1558795339768202,7,3,4,4,74,0.009436357683327401,394.0,0.5619999719783664,248
5071,66,3,10.278714850134573,0.10278714850134574,0.1557381037899178,9,3,7,7,72,0.00933439233675415,454.0,0.6926999776624143,189
5072,66,3,10.268551584264761,0.10268551584264761,0.15558411491310245,10,3,7,7,72,0.01016326587101446,454.0,0.6405999884009361,189
5073,66,1,10.260627165838203,0.10260627165838203,0.15546404796724547,8,1,8,8,68,0.00792441842737901,1334.0,0.6871999939903617,65
5074,66,7,10.247304887679658,0.10247304887679658,0.15526219526787363,13,5,8,8,80,0.01332227816041609,238.0,0.5876999930478632,413
5075,66,2,10.236581354501018,0.10236581354501018,0.15509971749243967,15,2,13,13,70,0.010723533179643141,674.0,0.7482999935746193,128
5076,66,2,10.2286378670519,0.102286378670519,0.15497936162199846,8,2,6,6,70,0.007943487450162934,674.0,0.5462000262923539,128
5077,66,4,10.217641263004044,0.10217641263004044,0.1548127464091522,12,3,10,10,74,0.010996604049225311,420.6666666666667,0.5499999970197678,248
5078,66,5,10.204616961595846,0.10204616961595846,0.15461540850902797,15,4,11,11,76,0.013024301409743089,324.0,0.6547999801114202,305
5079,66,3,10.194233718055363,0.10194233718055364,0.1544580866372025,12,3,9,9,72,0.010383243541667753,454.0,0.5942999850958586,189
5080,66,1,10.18759050370799,0.1018759050370799,0.1543574318743635,6,1,5,5,68,0.00664321434821602,1334.0,0.5910999607294798,65
5081,66,1,10.179026705182094,0.10179026705182094,0.15422767735124385,10,1,9,9,68,0.00856379852670841,1334.0,0.7461999775841832,65
5082,66,2,10.16810680876541,0.1016810680876541,0.15406222437523348,15,2,14,14,70,0.010919896417703967,674.0,0.7191000040620565,128
5083,66,7,10.15674053568205,0.1015674053568205,0.15389000811639472,10,4,7,7,80,0.011366273085201328,254.0,0.7189000025391579,413
5084,66,2,10.146536757843322,0.10146536757843322,0.1537354054218685,11,2,9,9,70,0.010203777839734585,674.0,0.5742000066675246,128
5085,66,5,10.135771565289586,0.10135771565289586,0.15357229644378156,11,2,9,9,76,0.010765192555282965,534.0,0.7172999903559685,305
5086,66,3,10.125303894240638,0.10125303894240638,0.1534136953672824,10,3,7,7,72,0.010467671050136573,454.0,0.5931000341661274,189
5087,66,5,10.11366971558157,0.1011366971558157,0.1532374199330541,10,4,7,7,76,0.011634178660614225,264.0,0.5843999679200351,305
5088,66,4,10.102849574494483,0.10102849574494482,0.15307347840143157,12,4,9,9,74,0.010820141088473179,344.0,0.7199000101536512,248
5089,66,2,10.095634390761282,0.10095634390761282,0.15296415743577702,7,2,5,5,70,0.007215183734189168,674.0,0.7232999778352678,128
5090,66,7,10.08352257182154,0.1008352257182154,0.15278064502759914,10,4,7,7,80,0.01211181894160518,204.0,0.5404999828897417,413
5091,66,2,10.074817950997245,0.10074817950997245,0.15264875683329157,9,2,7,7,70,0.008704620825284337,674.0,0.7183999987319112,128
5092,66,3,10.065056155429348,0.10065056155429347,0.1525008508398386,10,2,8,8,72,0.009761795569104947,564.0,0.7006999803707004,189
5093,66,5,10.052101327225925,0.10052101327225925,0.1523045655640292,13,4,9,9,76,0.012954828204954083,324.0,0.7699999841861427,305
5094,66,5,10.0423250277791,0.100423250277791,0.15215643981483487,9,3,7,7,76,0.00977629944836167,314.0,0.6509000086225569,305
5095,66,4,10.031137669255914,0.10031137669255914,0.15198693438266536,12,4,8,8,74,0.011187358524580304,344.0,0.6870999932289124,248
5096,66,2,10.02395530120916,0.1002395530120916,0.15187811062438122,7,1,6,6,70,0.007182368047750742,994.0,0.8783999946899712,128
5097,66,1,10.014359203629018,0.10014359203629018,0.15173271520650033,11,1,10,10,68,0.009596097580953256,1334.0,0.5532000213861465,65
5098,66,3,10.006909105308779,0.10006909105308778,0.15161983492892092,5,2,3,3,72,0.007450098321456267,584.0,0.7297999691218138,189
5099,66,2,10.000731736792256,0.10000731736792255,0.15152623843624627,4,2,3,3,70,0.006177368517526816,674.0,1.5837999526411295,128
5100,66,2,9.992137167645167,0.09992137167645167,0.15139601769159342,8,2,6,6,70,0.008594569148115738,674.0,0.6652000010944903,128
5101,66,3,9.98290023948011,0.0998290023948011,0.1512560642345471,10,2,8,8,72,0.009236928166245661,614.0,0.7899999618530273,189
5102,66,2,9.97556419966331,0.0997556419966331,0.15114491211611072,7,2,5,5,70,0.007336039817815276,674.0,0.7987000280991197,128
5103,66,2,9.964820509175794,0.09964820509175794,0.150982128926906,12,2,10,10,70,0.010743690488524749,674.0,0.7643999997526407,128
5104,66,5,9.953984960198637,0.09953984960198638,0.1508179539424036,11,4,7,7,76,0.010835548978704423,314.0,0.7607000297866762,305
5105,66,5,9.94350045409337,0.0994350045409337,0.15065909778929348,10,4,6,6,76,0.01048450610680618,304.0,0.5865999846719205,305
5106,66,4,9.933906838918691,0.09933906838918691,0.15051373998361656,8,4,6,6,74,0.009593615176058279,344.0,0.8918999810703099,248
5107,66,3,9.927501332747305,0.09927501332747304,0.15041668685980766,4,2,2,2,72,0.0064055061725696305,494.0,0.7365999626927078,189
5108,66,3,9.918923909716106,0.09918923909716107,0.15028672590478948,7,2,5,5,72,0.008577423032392062,654.0,0.7265000022016466,189
5109,65,2,9.910987224043103,0.09910987224043102,0.15247672652374003,8,2,6,6,70,0.007936685673996635,664.0,0.9054000256583095,128
5110,65,1,9.902755073599504,0.09902755073599505,0.15235007805537698,7,1,6,6,67,0.008232150444413833,1314.0,0.7583000115118921,64
5111,65,2,9.893840872238554,0.09893840872238555,0.15221293649597772,11,2,9,9,69,0.008914201361932328,664.0,0.7108999998308718,126
5112,65,3,9.884288565625443,0.09884288565625443,0.1520659779326991,9,3,7,7,71,0.009552306614281747,447.3333333333333,0.7069999701343477,186
5113,65,5,9.874534333274692,0.09874534333274693,0.15191591281961067,9,3,7,7,75,0.009754232352278791,367.3333333333333,0.707099970895797,300
5114,65,2,9.867406258138816,0.09867406258138817,0.1518062501252126,6,2,5,5,69,0.007128075136861867,664.0,0.7381999748758972,126
5115,64,6,9.85570021261633,0.0985570021261633,0.15399531582213016,11,5,6,6,77,0.011706045524178421,246.0,0.6707999855279922,354
5116,64,0,9.850964022217886,0.09850964022217885,0.15392131284715446,9,9,9,9,0,0.004736190398432427,17.0,0.08140003774315119,0
5117,64,4,9.843286883015953,0.09843286883015953,0.15380135754712426,6,2,4,4,72,0.007677139203266847,414.0,0.8957000100053847,240
5118,64,5,9.832054313331204,0.09832054313331204,0.15362584864580006,13,3,11,11,74,0.011232569686242755,314.0,0.5212000105530024,295
5119,64,6,9.821411446745339,0.09821411446745339,0.15345955385539592,9,3,8,8,76,0.010642866587502908,227.33333333333334,0.6536999717354774,348
5120,64,3,9.811374866879303,0.09811374866879304,0.1533027322949891,11,3,8,8,70,0.01003657986720441,440.6666666666667,0.7547000423073769,183
5121,64,3,9.803143524040829,0.09803143524040829,0.15317411756313792,8,3,7,7,70,0.008231342839621902,440.6666666666667,0.6006999756209552,183
5122,64,5,9.793356552161843,0.09793356552161843,0.1530211961275288,10,4,7,7,74,0.009786971880487272,274.0,0.7253999938257039,295
5123,64,3,9.78359133938458,0.0978359133938458,0.15286861467788407,11,3,9,9,70,0.009765212778404475,440.6666666666667,0.7345000049099326,183
5124,64,2,9.7751321125343,0.09775132112534299,0.15273643925834846,10,2,8,8,68,0.008459226851257995,654.0,0.7359000155702233,124
5125,64,3,9.763419097912921,0.09763419097912922,0.15255342340488942,14,3,11,11,70,0.011713014622529272,440.6666666666667,0.7199000101536512,183
5126,64,4,9.754731592574993,0.09754731592574993,0.15241768113398424,8,4,5,5,72,0.008687505339267432,334.0,0.734600005671382,240
5127,64,3,9.743737517368878,0.09743737517368878,0.15224589870888872,13,3,11,11,70,0.010994075207264586,440.6666666666667,0.7376000285148621,183
5128,64,2,9.733868135358355,0.09733868135358355,0.15209168961497427,12,2,10,10,68,0.00986938201150167,654.0,0.729900028090924,124
5129,64,2,9.725445635627054,0.09725445635627054,0.15196008805667272,9,2,7,7,68,0.008422499732276378,654.0,0.7095999899320304,124
5130,64,1,9.7182377450266,0.097182377450266,0.15184746476604064,8,1,8,8,66,0.0072078906012365,1294.0,0.6985999643802643,63
5131,64,4,9.706936546195996,0.09706936546195996,0.1516708835343124,12,3,9,9,72,0.011301198831915826,407.3333333333333,0.7013999857008457,240
5132,64,5,9.694932515693878,0.09694932515693878,0.15148332055771685,14,5,12,12,74,0.012004030503604213,270.0,0.6571999983862042,295
5133,64,3,9.681766989110496,0.09681766989110496,0.1512776092048515,17,3,14,14,70,0.013165526584515419,440.6666666666667,0.8125000167638063,183
5134,64,1,9.670089539758477,0.09670089539758477,0.15109514905872623,18,1,17,17,66,0.011677449352816893,1294.0,0.7036000024527311,63
5135,64,2,9.659333427008484,0.09659333427008483,0.15092708479700756,13,2,11,11,68,0.010756112750982538,654.0,0.6709999870508909,124
5136,64,4,9.647019130597533,0.09647019130597533,0.15073467391558645,17,4,14,14,72,0.012314296412284875,334.0,1.117900013923645,240
5137,64,3,9.634746213518014,0.09634746213518014,0.150542909586219,17,3,14,14,70,0.012272917080650814,440.6666666666667,0.6887999479658902,183
5138,64,5,9.621939866303427,0.09621939866303426,0.150342810410991,14,4,11,11,74,0.012806347216084646,319.0,1.3332999660633504,295
5139,64,6,9.608593380942368,0.09608593380942368,0.15013427157722448,14,5,10,10,74,0.01334648536271743,254.0,0.6280999514274299,348
5140,64,2,9.59614567575763,0.0959614567575763,0.14993977618371299,15,2,13,13,68,0.012447705185721247,654.0,0.6836999673396349,124
5141,64,5,9.585447378124911,0.09585447378124912,0.1497726152832017,11,3,9,9,74,0.0106982976341925,354.0,0.7675000233575702,295
5142,64,4,9.573602711016205,0.09573602711016205,0.14958754235962818,14,4,12,12,72,0.011844667110011642,334.0,0.6866000476293266,240
5143,64,5,9.559906539104594,0.09559906539104594,0.1493735396735093,17,4,14,14,74,0.013696171913125,324.0,0.5379000212997198,295
5144,64,1,9.550082800991959,0.09550082800991959,0.14922004376549936,13,1,12,12,66,0.009823738113411196,1294.0,0.6985000218264759,63
5145,64,1,9.542821748238252,0.09542821748238252,0.14910658981622268,8,1,7,7,66,0.007261052754515163,1294.0,0.680500001180917,63
5146,64,3,9.532488631677156,0.09532488631677155,0.14894513486995553,12,2,11,11,70,0.010333116562236455,604.0,0.6677999626845121,183
5147,64,1,9.523145584940268,0.09523145584940268,0.1487991497646917,12,1,11,11,66,0.00934304673768338,1294.0,0.7376000285148621,63
5148,64,3,9.514951892940218,0.09514951892940218,0.1486711233271909,7,1,6,6,70,0.008193692001199793,1034.0,0.6830000202171504,183
5149,64,3,9.5049545607027,0.095049545607027,0.1485149150109797,12,2,10,10,70,0.009997332238683043,554.0,0.698799965903163,183
5150,64,4,9.49521503506139,0.0949521503506139,0.14836273492283425,11,4,8,8,72,0.009739525642643798,334.0,0.6757000228390098,240
5151,64,5,9.48441273279148,0.09484412732791479,0.14819394894986687,11,4,8,8,74,0.010802302271386566,279.0,0.6668000132776797,295
5152,64,6,9.47330113387754,0.09473301133877539,0.14802033021683658,11,4,7,7,76,0.011111598915590548,249.0,0.6661000079475343,348
5153,64,2,9.464415153262744,0.09464415153262744,0.14788148676973034,8,2,7,7,68,0.008885980615787048,654.0,0.5803000531159341,124
5154,64,4,9.4548140271554,0.094548140271554,0.14773146917430316,10,3,7,7,72,0.009601126108648828,280.6666666666667,0.5151999648660421,240
5155,64,3,9.445892226876788,0.09445892226876788,0.14759206604494984,10,2,8,8,70,0.00892180027977929,504.0,0.6707999855279922,183
5156,64,2,9.43798557107003,0.0943798557107003,0.14746852454796922,8,2,7,7,68,0.00790665580773009,654.0,0.8072000346146524,124
5157,64,6,9.426592615050048,0.09426592615050047,0.147290509610157,11,4,7,7,76,0.011392956021637701,269.0,1.0794000118039548,348
5158,64,3,9.41764983166235,0.0941764983166235,0.14715077861972425,10,3,7,7,70,0.008942783388860676,440.6666666666667,0.5087000317871571,183
5159,64,1,9.407222660680562,0.09407222660680561,0.1469878540731338,10,1,9,9,66,0.010427170982580947,1294.0,0.7301000296138227,63
5160,64,8,9.39335306561356,0.0939335306561356,0.14677114165021188,12,6,8,8,80,0.0138695950689538,197.33333333333334,0.541799992788583,448
5161,64,3,9.382179689949858,0.09382179689949859,0.14659655765546653,15,3,12,12,70,0.011173375664853324,440.6666666666667,0.7266000029630959,183
5162,64,3,9.37274084820386,0.09372740848203859,0.14644907575318533,8,3,5,5,70,0.009438841747154925,440.6666666666667,0.8997999830171466,183
5163,64,3,9.36162396039496,0.0936162396039496,0.14627537438117125,14,3,11,11,70,0.011116887810061371,440.6666666666667,0.5688999663107097,183
5164,64,3,9.351558607057491,0.09351558607057492,0.1461181032352733,12,2,11,11,70,0.01006535333861791,584.0,0.6788999889977276,183
5165,64,3,9.342131298039805,0.09342131298039805,0.14597080153187195,9,3,6,6,70,0.009427309018860797,440.6666666666667,0.6832000217400491,183
5166,64,1,9.333459485889081,0.09333459485889081,0.1458353044670169,10,1,9,9,66,0.00867181215151902,1294.0,0.7098999922163785,63
5167,64,2,9.325302226155584,0.09325302226155584,0.145707847283681,9,2,7,7,68,0.008157259734474565,654.0,0.6024999893270433,124
5168,64,4,9.316373174187449,0.09316373174187449,0.1455683308466789,8,3,5,5,72,0.008929051969460033,394.0,0.632600043900311,240
5169,64,5,9.306662924380342,0.09306662924380342,0.14541660819344282,6,3,4,4,74,0.009710249808605909,314.0,0.5341999931260943,295
5170,64,5,9.296124214204042,0.09296124214204042,0.14525194084693818,11,3,8,8,74,0.010538710177783628,334.0,0.8973999647423625,295
5171,64,1,9.287329488261827,0.09287329488261827,0.14511452325409108,8,1,7,7,66,0.008794725943019444,1294.0,0.8309000404551625,63
5172,64,4,9.278200081515736,0.09278200081515736,0.1449718762736834,8,3,5,5,72,0.009129406747433677,420.6666666666667,0.5489999894052744,240
5173,64,3,9.270410415199489,0.09270410415199488,0.14485016273749204,7,2,5,5,70,0.0077896663174072955,454.0,0.5513000069186091,183
5174,64,4,9.261842863540892,0.09261842863540892,0.14471629474282643,8,3,5,5,72,0.00856755165990819,407.3333333333333,0.6634999881498516,240
5175,64,0,9.26037174045766,0.09260371740457661,0.14469330844465095,2,2,2,2,0,0.0014711230832347155,17.0,0.07589999586343765,0
5176,64,2,9.251100034678487,0.09251100034678487,0.14454843804185136,12,2,10,10,68,0.009271705780150796,654.0,0.6725999992340803,124
5177,64,2,9.242773687684203,0.09242773687684203,0.14441833887006567,8,1,7,7,68,0.008326346995275458,1254.0,1.220199977979064,124
5178,64,3,9.232719547738997,0.09232719547738996,0.14426124293342185,11,3,8,8,70,0.010054139946348073,440.6666666666667,0.645000021904707,183
5179,64,5,9.221263723710344,0.09221263723710343,0.14408224568297412,13,4,9,9,74,0.011455824030164763,294.0,1.3141999952495098,295
5180,64,2,9.211644287879237,0.09211644287879237,0.14393194199811304,12,2,10,10,68,0.009619435832092904,654.0,0.5790999857708812,124
5181,64,0,9.206148305128286,0.09206148305128287,0.14384606726762944,8,8,8,8,0,0.00549598275094354,17.0,0.15540001913905144,0
5182,64,2,9.199006488253895,0.09199006488253895,0.14373447637896708,7,2,6,6,68,0.007141816875346763,654.0,0.7125000120140612,124
5183,64,4,9.188098729430887,0.09188098729430888,0.14356404264735761,11,4,7,7,72,0.010907758824345137,334.0,0.8902999688871205,240
5184,64,2,9.180024843402215,0.09180024843402215,0.14343788817815958,8,2,6,6,68,0.008073886029663413,654.0,0.6868000491522253,124
5185,64,7,9.167825892132015,0.09167825892132014,0.14324727956456274,12,4,11,11,76,0.012198951272011982,264.0,0.9615999879315495,399
5186,64,4,9.158049681487995,0.09158049681487995,0.14309452627324992,11,4,9,9,72,0.00977621064532741,334.0,0.6694999756291509,240
5187,64,2,9.149985730280829,0.09149985730280828,0.14296852703563792,9,2,7,7,68,0.008063951208143294,654.0,0.6881000008434057,124
5188,64,6,9.13816865938727,0.0913816865938727,0.14278388530292607,12,4,9,9,76,0.011817070895205006,284.0,0.6466999766416848,348
5189,64,3,9.130239942986481,0.09130239942986482,0.14265999910916377,6,1,5,5,70,0.007928716401934821,794.0,0.7170999888330698,183
5190,64,2,9.118822127522934,0.09118822127522934,0.14248159574254587,14,2,12,12,68,0.011417815464540126,654.0,0.6717999931424856,124
5191,64,4,9.109884074892577,0.09109884074892577,0.1423419386701965,8,3,5,5,72,0.008938052631691562,347.3333333333333,0.6672999588772655,240
5192,64,2,9.101078814606423,0.09101078814606423,0.14220435647822538,10,2,8,8,68,0.00880526028713291,654.0,0.6977999582886696,124
5193,64,5,9.089337185197127,0.09089337185197127,0.14202089351870512,14,5,9,9,74,0.011741629410806809,270.0,0.5251000402495265,295
5194,64,3,9.08038861445988,0.09080388614459879,0.14188107210093565,7,3,4,4,70,0.008948570738397166,440.6666666666667,0.6897000130265951,183
5195,64,2,9.071710714868612,0.09071710714868612,0.14174547991982211,7,2,5,5,68,0.008677899592257177,654.0,0.6776999798603356,124
5196,64,2,9.062209098614058,0.09062209098614059,0.1415970171658446,10,2,8,8,68,0.009501616255548129,654.0,0.693499983754009,124
5197,64,4,9.05226480406935,0.0905226480406935,0.14144163756358363,10,3,7,7,72,0.009944294546031074,367.3333333333333,0.6302999681793153,240
5198,64,4,9.042703933925413,0.09042703933925413,0.14129224896758458,10,3,7,7,72,0.009560870145278955,387.3333333333333,0.8425999549217522,240
5199,64,4,9.032740941201274,0.09032740941201274,0.14113657720626993,10,3,7,7,72,0.009962992725476738,420.6666666666667,0.513100007083267,240
5200,64,0,9.029810420988712,0.09029810420988711,0.14109078782794862,6,6,6,6,0,0.002930520212544252,17.0,0.11299998732283711,0
5201,64,1,9.020540932947906,0.09020540932947906,0.14094595207731103,7,1,6,6,66,0.00926948804162464,1294.0,1.4461999526247382,63
5202,64,2,9.012573718092895,0.09012573718092895,0.14082146434520149,9,2,7,7,68,0.007967214855980842,654.0,1.0999999940395355,124
5203,64,3,9.001564742596216,0.09001564742596216,0.1406494491030659,10,3,8,8,70,0.01100897549784463,440.6666666666667,0.5773999728262424,183
5204,64,3,8.991507362343713,0.08991507362343713,0.14049230253662054,12,3,10,10,70,0.010057380253655879,440.6666666666667,0.5798999918624759,183
5205,63,4,8.981502936930195,0.08981502936930194,0.14256353868143162,10,2,7,6,72,0.010004425414848583,514.0,0.6471999804489315,240
5206,63,3,8.97254361551752,0.0897254361551752,0.1424213272304368,10,3,7,7,69,0.00895932141381195,434.0,0.6834999658167362,180
5207,63,4,8.962755852651926,0.08962755852651925,0.14226596591510993,10,4,6,6,71,0.009787762866878325,329.0,0.6771000334993005,236
5208,63,6,8.95267973090461,0.0895267973090461,0.14210602747467638,8,3,5,5,75,0.010076121748937794,287.3333333333333,0.6086000357754529,342
5209,63,8,8.940486963005581,0.08940486963005581,0.14191249147627905,11,5,7,7,79,0.012192767900941703,206.0,0.8206000202335417,440
5210,63,5,8.929530141247206,0.08929530141247205,0.14173857367059053,11,4,7,7,73,0.010956821759847912,294.0,0.658300006762147,290
5211,63,1,8.921988905199907,0.08921988905199907,0.14161887151110963,8,1,7,7,65,0.007541236048083988,1274.0,0.6628999835811555,62
5212,62,2,8.913262097766744,0.08913262097766744,0.14376229189946363,11,1,10,4,67,0.008726807434101147,674.0,0.7172999903559685,122
5213,62,1,8.904765650905079,0.08904765650905079,0.14362525243395288,11,1,10,10,64,0.008496446862423568,1254.0,0.6609000265598297,61
5214,62,3,8.895295220525007,0.08895295220525007,0.14347250355685495,9,3,6,6,68,0.009470430381213646,427.3333333333333,0.5241999751888216,177
5215,62,3,8.887382087818137,0.08887382087818137,0.14334487238416346,8,3,5,5,68,0.00791313270798355,427.3333333333333,0.6470000371336937,177
5216,62,3,8.877010259709163,0.08877010259709163,0.1431775848340188,13,3,11,11,68,0.010371828110109504,427.3333333333333,0.6419999990612268,177
5217,62,4,8.86836868847296,0.0886836868847296,0.1430382046527897,8,3,6,6,70,0.008641571237490098,414.0,0.6120000034570694,232
5218,62,5,8.85732945364848,0.08857329453648481,0.14286015247820133,12,5,8,8,72,0.011039234825943822,262.0,0.6775000365450978,285
5219,62,3,8.847074796479056,0.08847074796479056,0.14269475478192023,13,3,12,12,68,0.010254657170548853,427.3333333333333,1.3803999754600227,177
5220,62,2,8.838775193243842,0.08838775193243842,0.14256089021361035,9,2,7,7,66,0.00829960323615353,634.0,1.5410000341944396,120
5221,62,1,8.831800971757906,0.08831800971757905,0.14244840277028883,8,1,7,7,64,0.006974221486714782,1254.0,0.7190000033006072,61
5222,62,1,8.82384679965045,0.0882384679965045,0.1423201096717815,9,1,8,8,64,0.007954172108213697,1254.0,0.7385000353679061,61
5223,62,2,8.815238120782073,0.08815238120782073,0.14218126001261408,10,1,9,9,66,0.00860867886930805,934.0,0.5507000023499131,120
5224,62,6,8.802900525408772,0.08802900525408772,0.14198226653885113,14,4,10,10,74,0.012337595374901866,289.0,0.7718999986536801,336
5225,62,3,8.793953270550228,0.08793953270550228,0.14183795597661658,8,3,6,6,68,0.0089472548596774,427.3333333333333,0.5495999939739704,177
5226,62,5,8.783073299838865,0.08783073299838864,0.14166247257804618,12,4,8,8,72,0.010879970712792897,294.0,0.6640999927185476,285
5227,62,5,8.773602839884742,0.08773602839884742,0.14150972322394748,9,2,7,7,72,0.009470459955579713,454.0,0.5370000144466758,285
5228,62,5,8.763357636318323,0.08763357636318324,0.14134447800513428,8,3,6,6,72,0.010245203567862404,340.6666666666667,0.5112999933771789,285
5229,62,3,8.754914809694721,0.08754914809694721,0.1412083033821729,9,2,7,7,68,0.00844282662473006,394.0,0.6725999992340803,177
5230,62,1,8.747613445355297,0.08747613445355297,0.14109053944121447,8,1,8,8,64,0.0073013643401793615,1254.0,0.6637999904341996,61
5231,62,2,8.739414755047632,0.08739414755047631,0.14095830250076824,10,2,8,8,66,0.008198690308617529,634.0,0.6894000107422471,120
5232,62,3,8.72976904006189,0.08729769040061891,0.14080272645261113,12,3,9,9,68,0.009645714986859844,427.3333333333333,0.6661000079475343,177
5233,62,5,8.721029232838115,0.08721029232838115,0.1406617618199696,7,3,4,4,72,0.008739807225211393,294.0,0.763299991376698,285
5234,62,6,8.709858005054645,0.08709858005054645,0.14048158072668782,11,5,7,7,74,0.011171227785055748,230.0,0.6296999636106193,336
5235,62,3,8.702265141369983,0.08702265141369983,0.14035911518338678,7,2,5,5,68,0.007592863685800921,564.0,0.7801000028848648,177
5236,62,3,8.691234934078107,0.08691234934078107,0.14018120861416303,13,3,11,11,68,0.011030207292975547,427.3333333333333,0.5509999464266002,177
5237,62,3,8.68098673194395,0.0868098673194395,0.14001591503135402,11,3,8,8,68,0.010248202135272777,427.3333333333333,0.5527000175788999,177
5238,62,0,8.675751563914682,0.08675751563914683,0.1399314768373336,10,10,10,10,0,0.005235168029273041,17.0,0.06669998401775956,0
5239,62,3,8.664961071413451,0.08664961071413452,0.13975743663570087,13,3,11,11,68,0.010790492502366078,427.3333333333333,0.5237000295892358,177
5240,62,3,8.653442296447158,0.08653442296447159,0.13957164994269608,13,3,10,10,68,0.011518774967413492,427.3333333333333,0.5812000017613173,177
5241,62,3,8.64486391721729,0.0864486391721729,0.13943328898737564,10,3,8,8,68,0.008578379230982591,427.3333333333333,1.4515999937430024,177
5242,62,3,8.63641617670214,0.0863641617670214,0.13929703510809902,9,2,7,7,68,0.008447740516260183,584.0,0.6890000076964498,177
5243,62,4,8.625357872200182,0.08625357872200182,0.13911867535806743,14,3,12,12,70,0.011058304503237082,327.3333333333333,0.6818999536335468,232
5244,62,1,8.618018061594105,0.08618018061594106,0.13900029131603397,9,1,8,8,64,0.00733981060683675,1254.0,0.7673999643884599,61
5245,62,4,8.60816493788871,0.0860816493788871,0.13884136996594693,10,3,8,8,70,0.00985312370667657,387.3333333333333,0.546799972653389,232
5246,62,2,8.59995426305444,0.0859995426305444,0.13870893972668455,10,2,8,8,66,0.008210674835225973,634.0,0.6525999633595347,120
5247,62,5,8.589568313617217,0.08589568313617217,0.13854142441318093,10,4,6,6,72,0.010385949438642683,304.0,0.6355000077746809,285
5248,62,5,8.578516192234694,0.08578516192234695,0.13836316439088217,12,5,9,9,72,0.011052121383968938,262.0,0.5533000221475959,285
5249,62,1,8.571557023628717,0.08571557023628718,0.13825091973594703,8,1,7,7,64,0.006959168606755384,1254.0,0.5933000356890261,61
5250,62,2,8.56468721310471,0.0856468721310471,0.13814011634039855,6,1,5,5,66,0.00686981052496094,1014.0,0.7461999775841832,120
5251,62,4,8.555033085321746,0.08555033085321746,0.13798440460196365,10,4,7,7,70,0.009654127784244793,324.0,0.7232000352814794,232
5252,62,3,8.546880213957749,0.08546880213957748,0.13785290667673789,8,2,6,6,68,0.008152871365112446,554.0,0.7298999698832631,177
5253,62,1,8.538747586899103,0.08538747586899102,0.13772173527256618,10,1,9,9,64,0.008132627059438846,1254.0,0.6381000275723636,61
5254,62,2,8.530671494703848,0.08530671494703848,0.1375914757210298,8,2,6,6,66,0.008076092196191098,634.0,0.6917999708093703,120
5255,62,4,8.523058188213065,0.08523058188213066,0.1374686804550494,6,2,4,4,70,0.007613306492075367,524.0,0.6977000157348812,232
5256,62,1,8.5134928792627,0.08513492879262699,0.13731440127843064,12,1,11,11,64,0.009565308951138718,1254.0,0.7087999838404357,61
5257,62,7,8.502103055287881,0.08502103055287881,0.13713069444012713,11,3,9,9,76,0.011389823976571734,254.0,0.6741000106558204,385
5258,62,4,8.490434857683072,0.08490434857683071,0.1369424977045657,14,4,10,10,70,0.011668197606070407,324.0,0.7006999803707004,232
5259,62,3,8.479284619678815,0.08479284619678815,0.13676265515610989,14,3,12,12,68,0.01115023800538495,427.3333333333333,0.7206000154837966,177
5260,62,2,8.470551271728779,0.08470551271728778,0.13662179470530286,11,2,9,9,66,0.008733347950993675,634.0,0.8205000194720924,120
5261,62,2,8.458504732261401,0.08458504732261402,0.1364274956816355,15,2,13,13,66,0.012046539468315132,634.0,1.227600034326315,120
5262,62,5,8.44735628467151,0.0844735628467151,0.13624768201083082,13,3,11,11,72,0.011148447591324384,380.6666666666667,0.46469998778775334,285
5263,62,2,8.438475799503736,0.08438475799503736,0.13610444837909252,11,2,10,10,66,0.0088804851687172,634.0,1.1538999970071018,120
5264,62,3,8.427386847201035,0.08427386847201035,0.13592559430969411,14,3,12,12,68,0.011088952303836663,427.3333333333333,1.007300044875592,177
5265,62,4,8.414981842339705,0.08414981842339704,0.13572551358612425,17,4,13,13,70,0.012405004862600322,324.0,0.7624999852851033,232
5266,62,4,8.401993967556965,0.08401993967556966,0.13551603173478977,16,3,14,14,70,0.012987874784045061,407.3333333333333,0.7518999627791345,232
5267,62,3,8.391129845064562,0.08391129845064561,0.13534080395265422,14,3,12,12,68,0.010864122493487116,427.3333333333333,0.7808000082150102,177
5268,62,5,8.378975830507589,0.08378975830507589,0.13514477145979978,15,4,11,11,72,0.012154014558419135,309.0,0.7061000214889646,285
5269,62,5,8.364306022663621,0.08364306022663621,0.13490816165586486,20,4,17,17,72,0.014669807845407945,274.0,0.7071999716572464,285
5270,62,3,8.353183764210506,0.08353183764210506,0.134728770390492,12,2,10,10,68,0.011122258454221878,604.0,0.7111000013537705,177
5271,62,3,8.342862847824218,0.08342862847824219,0.13456230399716482,13,3,11,11,68,0.010320916387414059,427.3333333333333,0.5298000178299844,177
5272,62,3,8.330885047916292,0.08330885047916292,0.1343691136760692,16,3,14,14,68,0.011977799909047349,427.3333333333333,0.4847000236622989,177
5273,62,0,8.324774459768518,0.08324774459768518,0.13427055580271807,12,12,12,12,0,0.0061105881477487856,17.0,0.09159999899566174,0
5274,62,1,8.314925097631521,0.08314925097631522,0.13411169512308904,14,1,13,13,64,0.009849362137771323,1254.0,0.7630999898537993,61
5275,62,5,8.302572962201289,0.08302572962201289,0.13391246713227886,15,3,13,13,72,0.012352135431669353,387.3333333333333,0.5837999633513391,285
5276,62,5,8.291142209923235,0.08291142209923236,0.13372810016005218,13,4,9,9,72,0.011430752279508738,274.0,0.7094999891705811,285
5277,62,1,8.284518615147391,0.0828451861514739,0.13362126798624824,6,1,5,5,64,0.006623594776627328,1254.0,0.6900000153109431,61
5278,61,3,8.277240669773281,0.08277240669773281,0.1356924699962833,6,2,5,5,68,0.0072779453752218615,554.0,0.7653000066056848,177
5279,61,3,8.267639502544808,0.08267639502544809,0.13553507381220997,12,2,10,10,67,0.009601167229547514,564.0,0.6063000182621181,174
5280,61,3,8.260343049616731,0.08260343049616731,0.1354154598297825,7,2,5,5,67,0.007296452929196562,324.0,0.7506999536417425,174
5281,61,2,8.24929063548494,0.08249290635484939,0.13523427271286786,15,2,13,13,65,0.01105241413270619,624.0,0.8190000080503523,118
5282,61,4,8.237941700008207,0.08237941700008207,0.13504822459029847,12,3,9,9,69,0.011348935477982991,354.0,0.5369000136852264,228
5283,61,2,8.22922513103548,0.08229225131035481,0.1349053300169751,10,2,9,9,65,0.008716568973667904,624.0,0.6921999738551676,118
5284,61,2,8.221058203241434,0.08221058203241434,0.13477144595477758,10,2,9,9,65,0.008166927794974299,624.0,0.678399985190481,118
5285,61,2,8.213464921917161,0.08213464921917162,0.13464696593306819,8,2,6,6,65,0.007593281325199541,624.0,0.6052000098861754,118
5286,61,4,8.204866093450255,0.08204866093450254,0.13450600153197137,8,2,6,6,69,0.008598828468180386,544.0,0.7223000284284353,228
5287,61,1,8.195680812930474,0.08195680812930474,0.13435542316279467,11,1,10,10,63,0.009185280520526362,1234.0,0.7134999614208937,60
5288,61,6,8.184337677065988,0.08184337677065988,0.1341694701158359,12,4,9,9,73,0.011343135866056286,244.0,0.6241999799385667,330
5289,61,3,8.176855941887682,0.08176855941887683,0.1340468187194702,7,3,5,5,67,0.007481735179396765,420.6666666666667,0.7304000318981707,174
5290,60,2,8.171675645252733,0.08171675645252734,0.13619459408754558,6,1,5,2,48,0.005180296635685977,794.0,0.7421999471262097,118
5291,60,4,8.164165266155974,0.08164165266155975,0.13606942110259956,6,2,5,5,68,0.007510379097993791,494.0,0.8371999720111489,224
5292,60,3,8.155005662640828,0.08155005662640828,0.13591676104401385,9,2,8,8,66,0.009159603516224024,574.0,0.6772000342607498,171
5293,60,1,8.148514936636865,0.08148514936636865,0.13580858227728107,6,1,5,5,62,0.006490726004713565,1214.0,0.6331999902613461,59
5294,60,2,8.140822066602095,0.08140822066602095,0.1356803677767016,9,2,7,7,64,0.007692870035711508,614.0,0.7174999918788671,116
5295,60,8,8.128003981811077,0.08128003981811077,0.13546673303018464,13,5,10,10,76,0.01281808479279789,210.0,0.735500012524426,416
5296,60,3,8.118405910905503,0.08118405910905503,0.1353067651817584,11,3,8,8,66,0.009598070906662315,414.0,0.7513999589718878,171
5297,60,2,8.10863803681468,0.0810863803681468,0.13514396728024466,13,2,11,11,64,0.009767874091750173,614.0,0.4751000087708235,116
5298,60,2,8.09858243674641,0.0809858243674641,0.1349763739457735,14,2,12,12,64,0.010055600069193815,614.0,0.484099960885942,116
5299,60,5,8.085181303685053,0.08085181303685053,0.1347530217280842,17,5,12,12,70,0.013401133062743043,254.0,0.47389999963343143,275
5300,60,2,8.076069592728002,0.08076069592728002,0.13460115987880006,12,2,10,10,64,0.009111710957967034,614.0,0.6824999582022429,116
5301,60,1,8.068158501937937,0.08068158501937937,0.13446930836563228,9,1,8,8,62,0.00791109079079888,1214.0,0.9060000302270055,59
5302,60,6,8.059045574708549,0.08059045574708548,0.13431742624514245,8,4,5,5,72,0.009112927230916057,234.0,0.527600001078099,324
5303,59,1,8.0544668367826,0.080544668367826,0.13651638706411187,4,0,4,0,62,0.004578737926692611,0.0,0.506000011228025,59
5304,59,1,8.048742351811065,0.08048742351811064,0.1364193618951028,5,1,4,4,61,0.005724484972262189,1194.0,0.6585000082850456,58
5305,59,3,8.03915376799269,0.0803915376799269,0.13625684352529982,11,3,8,8,65,0.009588583819450491,407.3333333333333,0.6523999618366361,168
5306,58,3,8.028777138349334,0.08028777138349334,0.13842719204050577,11,3,8,8,65,0.010376629644397894,400.6666666666667,0.8021999965421855,168
5307,58,2,8.020834362741056,0.08020834362741056,0.1382902476334665,9,2,7,7,62,0.00794277560916612,594.0,1.2965999776497483,112
5308,58,3,8.012432290665625,0.08012432290665625,0.13814538432182114,10,3,8,8,64,0.008402072076464151,400.6666666666667,0.945800042245537,165
5309,58,2,8.005862331792013,0.08005862331792013,0.1380321091688278,7,2,5,5,62,0.00656995887450762,594.0,0.8111000061035156,112
5310,58,1,7.99885573165483,0.0799885573165483,0.13791130571818672,7,1,6,6,60,0.0070066001378989995,1174.0,0.5693999701179564,57
5311,58,3,7.9911039644010415,0.07991103964401042,0.13777765455863863,7,1,7,7,64,0.0077517672548452765,934.0,0.6698999786749482,165
5312,58,4,7.983073198657971,0.07983073198657971,0.13763919308030984,8,3,5,5,66,0.008030765744265977,360.6666666666667,0.5061000119894743,216
5313,58,8,7.975799874196144,0.07975799874196145,0.13751379093441624,1,1,1,1,74,0.007273324463568542,54.0,0.8871000027284026,400
5314,58,4,7.967196763675811,0.07967196763675811,0.1373654614426864,9,3,6,6,66,0.008603110521519852,354.0,0.8098999969661236,216
5315,58,3,7.95793457655431,0.0795793457655431,0.13720576856128122,9,3,6,6,64,0.009262187122558885,400.6666666666667,0.5555000388994813,165
5316,58,1,7.951044514467632,0.07951044514467631,0.13708697438737294,7,1,6,6,60,0.006890062087393289,1174.0,0.6819999543949962,57
5317,58,6,7.940839247782469,0.07940839247782469,0.13691102151349083,10,4,7,7,68,0.010205266686654113,279.0,0.6052000098861754,312
5318,58,1,7.935944261225009,0.07935944261225009,0.13682662519353464,4,1,3,3,60,0.004894986558170444,1174.0,0.5379999638535082,57
5319,57,4,7.928413413802543,0.07928413413802543,0.13909497217197442,5,3,4,4,54,0.007530847423566911,327.3333333333333,0.5762000218965113,216
5320,57,4,7.920312990433378,0.07920312990433379,0.13895285948128736,8,3,5,5,65,0.008100423370322574,274.0,0.7387999794445932,212
5321,57,4,7.910487181575431,0.0791048718157543,0.13878047686974443,9,4,5,5,65,0.009825808859133645,299.0,0.5621000309474766,212
5322,57,2,7.9044157649457345,0.07904415764945734,0.13867396078852165,6,1,5,5,61,0.006071416630561544,774.0,0.6553999846801162,110
5323,57,4,7.8959207698027,0.078959207698027,0.13852492578601228,9,3,6,6,65,0.008494995144218365,314.0,0.6093000411055982,212
5324,57,1,7.89069015587274,0.0789069015587274,0.1384331606293463,4,1,3,3,59,0.005230613930649497,1154.0,0.7444999646395445,56
5325,57,2,7.884244003087513,0.07884244003087514,0.1383200702296055,6,2,4,4,61,0.00644615278611127,584.0,0.513400009367615,110
5326,57,4,7.875869313931151,0.07875869313931151,0.13817314585844126,9,4,6,6,65,0.008374689157506054,299.0,0.8777999901212752,212
5327,57,2,7.869063990974418,0.07869063990974418,0.13805375422762134,7,2,5,5,61,0.006805322957617932,584.0,1.455299963708967,110
5328,57,2,7.8611845245547185,0.07861184524554718,0.1379155179746442,7,2,5,5,61,0.007879466420561698,584.0,0.507500022649765,110
5329,57,3,7.855057702749637,0.07855057702749636,0.13780802987280064,5,2,3,3,63,0.006126821806105909,274.0,0.7888999534770846,162
5330,57,6,7.845117564193523,0.07845117564193523,0.13763364147707938,10,4,7,7,69,0.00994013855756748,239.0,0.5638000438921154,306
5331,57,1,7.836946909687179,0.07836946909687179,0.1374902966611786,10,1,9,9,59,0.008170654507068775,1154.0,0.6411999929696321,56
5332,57,3,7.829611900571723,0.07829611900571723,0.13736161229073196,7,3,4,4,63,0.007335009116474112,394.0,0.5492999916896224,162
5333,57,4,7.821998496194131,0.07821998496194131,0.13722804379287953,7,2,5,5,65,0.0076134043787590144,504.0,0.450699997600168,212
5334,56,3,7.813103278449432,0.07813103278449432,0.13951970140088274,11,3,8,8,63,0.008895217745703121,387.3333333333333,0.5759999621659517,162
5335,56,4,7.806453378340812,0.07806453378340812,0.13940095318465737,5,2,4,4,64,0.006649900109778173,324.0,0.9669000282883644,208
5336,56,4,7.799089971649057,0.07799089971649056,0.13926946377944743,6,3,4,4,64,0.0073634066929031405,354.0,0.4833000130020082,208
5337,56,1,7.791540240871691,0.07791540240871692,0.13913464715842308,10,1,9,9,58,0.0075497307780523215,1134.0,0.568699964787811,55
5338,56,0,7.789247732083834,0.07789247732083834,0.13909370950149705,5,5,5,5,0,0.00229250878786047,17.0,0.05080003757029772,0
5339,56,2,7.782839128155606,0.07782839128155607,0.13897927014563582,6,2,4,4,60,0.0064086039290884855,574.0,0.4813999985344708,108
5340,56,1,7.775688528156688,0.07775688528156688,0.13885158085994084,7,1,6,6,58,0.007150599999619089,1134.0,0.9664999670349061,55
5341,56,2,7.768683983837615,0.07768683983837615,0.13872649971138595,8,2,6,6,60,0.007004544319912043,574.0,0.5303999641910195,108
5342,56,4,7.760174318798486,0.07760174318798486,0.1385745414071158,9,3,7,7,64,0.008509665040278946,354.0,0.6646999972872436,208
5343,56,3,7.750888555263394,0.07750888555263394,0.138408724201132,11,3,8,8,62,0.009285763536098557,387.3333333333333,0.5471999756991863,159
5344,56,5,7.741034673896021,0.0774103467389602,0.1382327620338575,11,4,7,7,66,0.009853881368641737,259.0,0.5629999795928597,255
5345,56,2,7.734565807351914,0.07734565807351915,0.1381172465598556,7,2,6,6,60,0.006468866544963703,574.0,1.9181999959982932,108
5346,56,4,7.727015183485296,0.07727015183485296,0.13798241399080885,7,2,6,6,64,0.007550623867757622,494.0,0.5942000425420702,208
5347,56,1,7.7188204761098715,0.07718820476109872,0.13783607993053343,11,1,10,10,58,0.008194707376134147,1134.0,0.7363000186160207,55
5348,56,1,7.712583985972509,0.0771258398597251,0.13772471403522338,7,1,6,6,58,0.006236490138050499,1134.0,0.5283999489620328,55
5349,56,2,7.705182135817372,0.07705182135817372,0.1375925381395959,9,2,7,7,60,0.007401850155986267,574.0,0.6142000202089548,108
5350,56,1,7.699132752082786,0.07699132752082787,0.13748451343004978,7,1,6,6,58,0.006049383735287961,1134.0,0.5589000065810978,55
5351,56,4,7.689591700497459,0.0768959170049746,0.13731413750888324,10,4,6,6,64,0.00954105158646712,294.0,0.6455999682657421,208
5352,56,9,7.679654567905858,0.07679654567905858,0.1371366887126046,8,4,4,4,70,0.009937132593393017,214.0,0.7282000151462853,423
5353,56,2,7.670974022436588,0.07670974022436589,0.1369816789720819,10,2,9,9,60,0.008680545470127754,574.0,0.4417999880388379,108
5354,56,2,7.664423067767397,0.07664423067767397,0.13686469763870351,7,2,5,5,60,0.006550954670046849,574.0,0.5920000257901847,108
5355,56,2,7.657986874097045,0.07657986874097045,0.1367497656088758,7,2,5,5,60,0.0064361936712202805,574.0,0.5376999615691602,108
5356,56,1,7.651798780409742,0.07651798780409741,0.13663926393588824,7,1,6,6,58,0.006188093687981677,1134.0,0.5442000110633671,55
5357,56,4,7.642944287426958,0.07642944287426957,0.1364811479897671,8,3,5,5,64,0.008854492983942919,354.0,0.5984000163152814,208
5358,56,2,7.635517033256352,0.07635517033256352,0.1363485184510063,8,2,6,6,60,0.007427254171446407,574.0,0.5913000204600394,108
5359,56,4,7.627081566986594,0.07627081566986595,0.13619788512476064,8,4,6,6,64,0.008435466270910297,294.0,0.57790003484115,208
5360,56,2,7.619996836097978,0.07619996836097978,0.13607137207317815,8,2,6,6,60,0.007084730889488355,574.0,0.49679999938234687,108
5361,56,3,7.6131431383071275,0.07613143138307127,0.13594898461262725,6,2,4,4,62,0.006853697791868285,394.0,0.5921000265516341,159
5362,56,2,7.604668218336439,0.07604668218336438,0.13579764675600786,10,2,9,9,60,0.008474919971547479,574.0,0.6439000135287642,108
5363,56,4,7.594558344345314,0.07594558344345315,0.13561711329188061,11,4,8,8,64,0.010109873992277585,294.0,0.7213999633677304,208
5364,56,2,7.587429956392932,0.07587429956392933,0.13548982064987378,8,2,6,6,60,0.007128387953230231,574.0,0.603899999987334,108
5365,56,2,7.580041278590176,0.07580041278590176,0.13535787997482457,8,2,6,6,60,0.007388677803604082,574.0,0.506300013512373,108
5366,56,2,7.573964244360067,0.07573964244360068,0.1352493615064298,6,2,5,5,60,0.0060770342309695025,574.0,0.6193000008352101,108
5367,56,4,7.5654694336037815,0.07565469433603782,0.13509766845721036,8,4,5,5,64,0.008494810757426308,294.0,0.6844999734312296,208
5368,56,4,7.555701061410573,0.07555701061410573,0.13492323323947453,11,3,9,9,64,0.009768372194358221,360.6666666666667,0.6948999944142997,208
5369,56,3,7.5461350552000575,0.07546135055200058,0.13475241170000102,11,3,8,8,62,0.009566006211514377,387.3333333333333,0.5818000063300133,159
5370,56,1,7.539005558642163,0.07539005558642163,0.1346250992614672,7,1,6,6,58,0.007129496558590631,1134.0,0.5412999889813364,55
5371,56,5,7.52834669423064,0.0752834669423064,0.13443476239697574,13,4,10,10,66,0.010658864412803837,259.0,0.9854999952949584,255
5372,56,2,7.51995940115091,0.0751995940115091,0.13428498930626626,10,1,9,9,60,0.008387293080573954,994.0,0.49129995750263333,108
5373,56,1,7.514244459479139,0.07514244459479139,0.1341829367764132,6,1,5,5,58,0.0057149416724797675,1134.0,0.4687000182457268,55
5374,56,3,7.506101475023426,0.07506101475023426,0.13403752633970406,9,3,6,6,62,0.008142984456696922,387.3333333333333,0.535300001502037,159
5375,56,3,7.498493324655694,0.07498493324655695,0.13390166651170882,7,3,4,4,62,0.007608150368739075,387.3333333333333,0.6011999794282019,159
5376,56,6,7.488834824344335,0.07488834824344334,0.1337291932918631,8,3,6,6,68,0.00965850031278137,254.0,0.44819997856393456,300
5377,56,4,7.480974675098389,0.0748097467509839,0.13358883348389985,8,3,5,5,64,0.007860149247107984,334.0,0.8703999919816852,208
5378,56,2,7.473655381261634,0.07473655381261633,0.13345813180824345,8,2,7,7,60,0.007319293837610985,574.0,0.6280000088736415,108
5379,56,1,7.46648604543866,0.0746648604543866,0.13333010795426178,8,1,7,7,58,0.007169335823647316,1134.0,0.596199999563396,55
5380,56,1,7.459760774409714,0.07459760774409714,0.1332100138287449,8,1,7,7,58,0.006725271029651481,1134.0,0.7058000192046165,55
5381,56,3,7.452093981040954,0.07452093981040954,0.13307310680430273,8,3,5,5,62,0.007666793369779157,387.3333333333333,0.6491999956779182,159
5382,56,1,7.444741620562592,0.07444741620562592,0.13294181465290342,8,1,7,7,58,0.007352360479046638,1134.0,0.5620999727398157,55
5383,56,4,7.436121447748905,0.07436121447748904,0.13278788299551617,9,2,7,7,64,0.008620172814858051,424.0,0.5768000264652073,208
5384,56,1,7.427892852516194,0.07427892852516194,0.13264094379493202,7,1,6,6,58,0.00822859523340469,1134.0,0.5736000020988286,55
5385,56,5,7.417885421198266,0.07417885421198266,0.13246223966425472,10,4,6,6,66,0.010007431319209559,279.0,0.5304999649524689,255
5386,56,4,7.410824490434703,0.07410824490434703,0.1323361516149054,6,2,4,4,64,0.00706093076473735,434.0,0.49239996587857604,208
5387,56,1,7.405053394847863,0.07405053394847863,0.132233096336569,6,1,5,5,58,0.005771095587505215,1134.0,0.5065999575890601,55
5388,56,3,7.397606261144531,0.0739760626114453,0.13210011180615236,7,3,4,4,62,0.0074471337043604535,387.3333333333333,0.6212999578565359,159
5389,56,2,7.389304757198565,0.07389304757198566,0.1319518706642601,10,2,8,8,60,0.00830150394681084,574.0,0.6853999802842736,108
5390,56,1,7.384053793850071,0.0738405379385007,0.1318581034616084,5,1,4,4,58,0.005250963349197946,1134.0,0.6546999793499708,55
5391,56,3,7.376428080938525,0.07376428080938525,0.1317219300167594,8,3,6,6,62,0.007625712912556537,387.3333333333333,0.6434000097215176,159
5392,56,6,7.366769171389708,0.07366769171389709,0.1315494494891019,9,4,5,5,68,0.009658909550239514,224.0,0.6541999755427241,300
5393,56,2,7.360243946087527,0.07360243946087527,0.1314329276087058,7,2,5,5,60,0.006525225303022353,574.0,0.6902000168338418,108
5394,56,4,7.3515893247526005,0.073515893247526,0.13127838079915358,7,3,4,4,64,0.008654621336106061,307.3333333333333,0.6050000083632767,208
5395,56,2,7.344532717069042,0.07344532717069042,0.13115236994766147,8,2,6,6,60,0.007056607684390315,574.0,0.4667999455705285,108
5396,56,3,7.334429526111063,0.07334429526111064,0.13097195582341184,13,3,11,11,62,0.010103190958957953,387.3333333333333,1.261299999896437,159
5397,56,3,7.327366966018683,0.07327366966018684,0.13084583867890506,7,2,5,5,62,0.007062560093402226,484.0,0.47450000420212746,159
5398,56,2,7.320696203408087,0.07320696203408086,0.13072671791800156,7,2,5,5,60,0.006670762611435066,574.0,0.5990000208839774,108
5399,56,5,7.312047790872757,0.07312047790872757,0.13057228197987067,8,3,5,5,66,0.008648412536615524,227.33333333333334,0.5365000106394291,255
5400,56,2,7.305750641685959,0.0730575064168596,0.13045983288724927,5,2,4,4,60,0.0062971491876595564,574.0,0.6478999857790768,108
5401,56,3,7.3002775481494435,0.07300277548149443,0.1303620990740972,3,1,2,2,62,0.005473093537531781,874.0,0.6416999967768788,159
5402,56,4,7.291870860373356,0.07291870860373356,0.13021197964952422,9,2,7,7,62,0.008406687777210209,474.0,0.7275000098161399,208
5403,56,2,7.284809698875127,0.07284809698875126,0.13008588747991298,8,2,6,6,60,0.007061161499109403,574.0,0.5231000250205398,108
5404,56,2,7.2776282670755155,0.07277628267075516,0.12995764762634848,5,2,3,3,60,0.007181431800461269,574.0,0.5466000293381512,108
5405,56,5,7.267562018039394,0.07267562018039393,0.12977789317927488,10,3,7,7,66,0.010066249037407715,307.3333333333333,0.582000007852912,255
5406,56,5,7.259268220127477,0.07259268220127477,0.12962978964513353,8,4,6,6,66,0.008293797913211165,259.0,0.5729999975301325,255
5407,55,3,7.251279603769604,0.07251279603769605,0.13184144734126552,9,3,6,6,61,0.007988616358872491,380.6666666666667,0.49079995369538665,159
5408,55,1,7.245945248034371,0.0724594524803437,0.1317444590551704,5,1,4,4,57,0.005334355735911345,1114.0,0.5616999696940184,54
5409,55,3,7.242128390953257,0.07242128390953256,0.13167506165369558,0,0,0,0,61,0.0038168570821000003,0.0,0.9346000151708722,156
5410,55,3,7.235753551126715,0.07235753551126715,0.1315591554750312,5,2,3,3,61,0.006374839827529399,444.0,0.5411000456660986,156
5411,55,2,7.229958122486011,0.07229958122486012,0.1314537840452002,5,2,3,3,59,0.005795428641548028,564.0,0.6175000453367829,106
5412,55,2,7.225480665827318,0.07225480665827318,0.13137237574231486,2,1,1,1,59,0.004477456659529366,314.0,0.6043000030331314,106
5413,55,4,7.218614460581754,0.07218614460581754,0.13124753564694097,5,2,3,3,63,0.00686620524669479,434.0,0.6488999933935702,204
5414,55,4,7.21218002271749,0.0721218002271749,0.13113054586759074,4,2,3,3,63,0.006434437865394216,364.0,0.5963000003248453,204
5415,55,2,7.2063319095899985,0.07206331909589998,0.13102421653799998,6,2,4,4,59,0.005848113128323007,564.0,0.5984999588690698,106
5416,55,3,7.199972100631834,0.07199972100631834,0.13090858364785155,5,2,4,4,61,0.006359808959146562,434.0,0.5320000345818698,156
5417,55,3,7.193712433971211,0.07193712433971211,0.1307947715267493,5,2,3,3,61,0.006259666661605934,474.0,0.58970000827685,156
5418,55,2,7.186869075739593,0.07186869075739594,0.13067034683162895,7,2,5,5,59,0.006843358232472951,564.0,0.6433000089600682,106
5419,55,0,7.18472223480921,0.0718472223480921,0.13063131336016745,3,3,3,3,0,0.0021468409303793123,17.0,0.1922000083141029,0
5420,55,0,7.182818095695079,0.07182818095695079,0.13059669264900142,4,4,4,4,0,0.0019041391141314534,17.0,0.1221999991685152,0
5421,55,3,7.176330307906787,0.07176330307906788,0.13047873287103248,6,3,3,3,61,0.006487787789282606,380.6666666666667,0.6070000235922635,156
5422,55,2,7.168871312629345,0.07168871312629345,0.13034311477507898,9,2,7,7,59,0.007458995278255998,564.0,0.5554999806918204,106
5423,55,3,7.161076862111524,0.07161076862111523,0.1302013974929368,9,3,8,8,61,0.007794450518815665,380.6666666666667,0.5398999783210456,156
5424,55,1,7.155300132918449,0.07155300132918449,0.1300963660530627,6,1,5,5,57,0.005776729193755159,1114.0,0.4601999535225332,54
5425,55,3,7.149308754274105,0.07149308754274104,0.12998743189589285,5,2,3,3,61,0.005991378645347822,324.0,0.8800000068731606,156
5426,55,3,7.141797032349147,0.07141797032349147,0.12985085513362085,8,3,6,6,61,0.007511721925951065,380.6666666666667,0.6022999878041446,156
5427,55,0,7.13927590672928,0.0713927590672928,0.1298050164859869,5,5,5,5,0,0.002521125619864506,17.0,0.09940000018104911,0
5428,55,3,7.132002342024441,0.0713200234202444,0.12967276985498982,7,3,5,5,61,0.007273564705798208,380.6666666666667,0.6210999563336372,156
5429,55,2,7.126482476186115,0.07126482476186115,0.12957240865792935,4,1,3,3,59,0.0055198658391901745,934.0,0.6125000072643161,106
5430,55,4,7.1172037158562835,0.07117203715856284,0.12940370392465972,10,4,7,7,63,0.009278760330957425,289.0,0.5541000282391906,204
5431,55,10,7.107313166796612,0.07107313166796611,0.1292238757599384,7,4,4,4,75,0.009890549061523757,149.0,0.4047999973408878,450
5432,55,1,7.099057402474992,0.07099057402474993,0.12907377095409076,11,1,10,10,57,0.008255764322271375,1114.0,0.6482999888248742,54
5433,55,3,7.090360805989511,0.07090360805989511,0.1289156510179911,10,3,9,9,61,0.00869659648647314,380.6666666666667,0.5508000031113625,156
5434,55,3,7.081666220530179,0.07081666220530179,0.12875756764600327,11,3,8,8,61,0.008694585460304438,380.6666666666667,0.6186999962665141,156
5435,55,1,7.075964635314805,0.07075964635314805,0.1286539024602692,6,1,5,5,57,0.005701585216044691,1114.0,0.5811000009998679,54
5436,55,5,7.06597344571822,0.0706597344571822,0.128472244467604,11,4,8,8,65,0.009991189597869266,274.0,0.5950999911874533,250
5437,55,3,7.058632369915597,0.07058632369915598,0.12833877036210176,7,2,5,5,61,0.0073410758035947765,414.0,0.38330000825226307,156
5438,55,0,7.055932288649134,0.07055932288649135,0.1282896779754388,6,6,6,6,0,0.0027000812664539353,17.0,0.059500045608729124,0
5439,55,5,7.047779903474291,0.07047779903474291,0.12814145279044165,8,3,6,6,65,0.008152385176117605,287.3333333333333,0.5171000375412405,250
5440,55,3,7.040008302394311,0.07040008302394311,0.12800015095262385,9,3,6,6,61,0.007771601080960977,380.6666666666667,0.6510000093840063,156
5441,55,1,7.03452821347,0.0703452821347,0.1279005129721818,5,1,4,4,57,0.005480088924997517,1114.0,0.6430999492295086,54
5442,55,2,7.027600609179073,0.07027600609179073,0.1277745565305286,8,2,6,6,59,0.006927604291760758,564.0,0.7432999555021524,106
5443,55,4,7.0181281281594465,0.07018128128159447,0.12760232960289902,12,4,8,8,63,0.009472481020722512,289.0,0.6184999947436154,204
5444,55,3,7.011332263506815,0.07011332263506814,0.12747876842739664,5,2,4,4,61,0.006795864653639683,524.0,0.6902000168338418,156
5445,54,2,7.004616542482165,0.07004616542482166,0.12971512115707715,8,1,7,3,59,0.006715721025500443,694.0,0.6851000362075865,106
5446,54,1,6.996815088105079,0.06996815088105078,0.12957064977972366,9,1,8,8,56,0.007801454377741379,1094.0,0.6665000109933317,53
5447,54,6,6.987116469279255,0.06987116469279255,0.1293910457273936,10,4,7,7,66,0.009698618827187033,234.0,0.6753000197932124,288
5448,54,2,6.978555046056078,0.06978555046056079,0.12923250085289034,11,2,9,9,58,0.00856142322399478,554.0,0.7988999714143574,104
5449,54,1,6.970269374177617,0.06970269374177616,0.1290790624847707,11,1,10,10,56,0.008285671879136203,1094.0,0.6594999576918781,53
5450,54,1,6.9605816384122825,0.06960581638412283,0.1288996599705978,12,1,11,11,56,0.009687735765979255,1094.0,0.6763000274077058,53
5451,54,5,6.950257190095547,0.06950257190095548,0.12870846648325088,13,5,10,10,64,0.010324448317987844,230.0,0.6699000368826091,245
5452,54,1,6.942702626251698,0.06942702626251698,0.12856856715280923,9,1,8,8,56,0.007554563844522022,1094.0,0.804100011009723,53
5453,54,3,6.933265263078357,0.06933265263078357,0.12839380116811774,11,2,9,9,60,0.009437363174313873,524.0,0.4694999661296606,153
5454,54,6,6.922714863258818,0.06922714863258818,0.12819842339368184,13,5,8,8,66,0.010550399820900225,198.0,0.4096999764442444,288
5455,54,1,6.915241626062107,0.06915241626062107,0.12806003011226125,10,1,10,10,56,0.007473237197388016,1094.0,0.6991000263951719,53
5456,54,4,6.905531220578517,0.06905531220578517,0.12788020778849105,12,4,9,9,62,0.009710405484696594,284.0,0.4906999529339373,200
5457,54,2,6.896687687404693,0.06896687687404693,0.12771643865564247,12,2,10,10,58,0.008843533174626828,554.0,0.5694999708794057,104
5458,54,6,6.8860940015574235,0.06886094001557423,0.12752025928810043,11,4,8,8,64,0.010593685848661494,164.0,0.5190999945625663,288
5459,54,1,6.877952882639318,0.06877952882639318,0.12736949782665402,11,1,10,10,56,0.008141118918757684,1094.0,0.5778000340797007,53
5460,54,2,6.8692643333887276,0.06869264333388728,0.12720859876645793,11,2,10,10,58,0.008688549251417044,554.0,0.62519998755306,104
5461,54,4,6.861571707284289,0.06861571707284289,0.12706614272748684,8,2,6,6,62,0.00769262610553767,354.0,0.5448999581858516,200
5462,54,3,6.8553291591117205,0.0685532915911172,0.12695053998355038,5,2,3,3,60,0.00624254817354597,424.0,0.5489999894052744,153
5463,54,2,6.848765518265957,0.06848765518265956,0.12682899107899917,6,2,4,4,58,0.006563640846565022,554.0,0.48859999515116215,104
5464,54,2,6.840247188093278,0.06840247188093278,0.1266712442239496,11,2,9,9,58,0.008518330173501454,554.0,0.5138999549672008,104
5465,54,1,6.832233746135496,0.06832233746135496,0.1265228471506573,11,1,10,10,56,0.008013441958468093,1094.0,0.6309999735094607,53
5466,54,5,6.824006588034028,0.06824006588034029,0.12637049237100054,8,4,5,5,64,0.008227158102698695,199.0,1.6057000029832125,245
5467,54,2,6.817250722275264,0.06817250722275264,0.1262453837458382,8,2,6,6,58,0.0067558657595725435,554.0,0.6195000023581088,104
5468,54,3,6.809294508739557,0.06809294508739556,0.12609804645813993,9,3,7,7,60,0.007956213536658652,374.0,0.4955999902449548,153
5469,54,1,6.803196930208985,0.06803196930208985,0.12598512833720346,7,1,6,6,56,0.006097578531239378,1094.0,0.5887000006623566,53
5470,54,2,6.796557316228369,0.06796557316228369,0.1258621725227476,7,2,6,6,58,0.006639613981448633,554.0,0.46010001096874475,104
5471,54,4,6.787337390668888,0.06787337390668888,0.12569143316053494,11,3,9,9,62,0.009219925560572051,340.6666666666667,0.5818000063300133,200
5472,54,2,6.779602932414477,0.06779602932414477,0.12554820245211995,9,2,7,7,58,0.007734458255242771,554.0,0.7761999731883407,104
5473,54,5,6.770430453225917,0.06770430453225917,0.12537834172640586,10,4,6,6,64,0.009172479189800242,254.0,0.6074999691918492,245
5474,54,4,6.76053451816133,0.06760534518161329,0.12519508366965426,12,3,10,10,62,0.009895935065685535,307.3333333333333,0.5855999770574272,200
5475,54,2,6.7511204911270974,0.06751120491127098,0.125020749835687,11,1,10,10,56,0.009414027035063555,1074.0,0.7218999671749771,104
5476,54,5,6.739683317200604,0.06739683317200604,0.1248089503185297,15,5,11,11,64,0.011437173927717481,230.0,0.5322999786585569,245
5477,54,4,6.728812858240473,0.06728812858240472,0.12460764552297172,14,4,10,10,62,0.010870458961250051,284.0,0.5700999754481018,200
5478,54,1,6.721439154513511,0.0672143915451351,0.1244710954539539,6,1,5,5,56,0.007373703727623138,1094.0,0.6686999695375562,53
5479,54,0,6.716722492084868,0.06716722492084867,0.12438374985342347,9,9,9,9,0,0.004716662428620566,17.0,0.05400000372901559,0
5480,54,3,6.70733854589588,0.0670733854589588,0.12420997307214593,12,3,10,10,60,0.009383946189956305,374.0,0.5890000029467046,153
5481,54,2,6.699973683685088,0.06699973683685088,0.12407358673490904,9,2,7,7,58,0.007364862211616696,554.0,0.6333999917842448,104
5482,54,0,6.696351067665933,0.06696351067665933,0.12400650125307283,6,6,6,6,0,0.0036226160191432655,17.0,0.1439000479876995,0
5483,54,1,6.690558792224937,0.06690558792224938,0.12389923689305438,6,1,5,5,56,0.005792275441692141,1094.0,0.6764999707229435,53
5484,54,1,6.683864359700041,0.06683864359700041,0.12377526592037116,6,1,5,5,56,0.006694432525563343,1094.0,0.5539000267162919,53
5485,54,2,6.677897262240208,0.06677897262240208,0.12366476411555942,5,1,4,4,58,0.005967097460654713,994.0,0.5005000275559723,104
5486,54,3,6.671385129786015,0.06671385129786014,0.12354416907011138,6,2,4,4,58,0.006512132455128494,544.0,0.5395000334829092,153
5487,54,2,6.6643801178155115,0.06664380117815512,0.12341444662621316,7,2,5,5,58,0.007005011971344288,554.0,0.5716000450775027,104
5488,54,2,6.658763873739037,0.06658763873739038,0.12331044210627848,5,1,4,4,58,0.005616244077302213,894.0,0.6580000044777989,104
5489,54,3,6.65140132597561,0.0665140132597561,0.12317409862917798,8,2,7,7,60,0.007362547764387273,474.0,0.61779998941347,153
5490,54,1,6.646224361147674,0.06646224361147673,0.1230782289101421,5,1,4,4,56,0.005176964828621067,1094.0,0.6051000091247261,53
5491,54,4,6.639067195723084,0.06639067195723083,0.12294568880968673,7,3,4,4,62,0.007157165425695666,254.0,0.5803999956697226,200
5492,54,3,6.633427529844488,0.06633427529844488,0.1228412505526757,3,1,2,2,60,0.0056396658795705434,694.0,0.5889000021852553,153
5493,54,4,6.624252790300124,0.06624252790300124,0.12267134796852085,10,4,6,6,62,0.009174739545457555,284.0,0.5559999844990671,200
5494,54,4,6.616056807117249,0.06616056807117249,0.1225195705021713,8,4,5,5,62,0.008195983183995281,284.0,0.484999967738986,200
5495,54,3,6.608770228800056,0.06608770228800057,0.12238463386666767,8,3,5,5,60,0.0072865783181583765,374.0,0.4727999912574887,153
5496,54,6,6.599133220994097,0.06599133220994097,0.12220617075914994,10,5,5,5,64,0.009637007807327791,226.0,0.5586000042967498,288
5497,54,4,6.5892364190341715,0.06589236419034171,0.12202289664878094,13,4,9,9,62,0.00989680196104814,284.0,0.6086000357754529,200
5498,54,2,6.580714600147961,0.0658071460014796,0.12186508518792519,11,2,9,9,58,0.00852181888701864,554.0,0.3857999690808356,104
5499,54,4,6.571028956570619,0.0657102895657062,0.12168572141797443,12,3,10,10,60,0.009685643578436043,367.3333333333333,0.5665000062435865,200
5500,54,3,6.562272241240174,0.06562272241240173,0.12152356002296617,11,2,9,9,60,0.008756715331415421,484.0,0.6269000004976988,153
5501,54,5,6.552904985637175,0.06552904985637176,0.12135009232661437,10,4,6,6,64,0.009367255604246338,249.0,0.47930004075169563,245
5502,54,4,6.543893304777605,0.06543893304777605,0.12118320934773343,11,3,8,8,62,0.009011680860695037,354.0,0.6113999988883734,200
5503,54,1,6.5363211797031395,0.06536321179703139,0.12104298480931741,10,1,10,10,56,0.0075721250751428215,1094.0,0.6420999998226762,53
5504,54,1,6.526988711742865,0.06526988711742865,0.12087016132857155,12,1,11,11,56,0.009332467960931012,1094.0,0.6341999978758395,53
5505,54,3,6.518900485424082,0.06518900485424081,0.12072037935970521,9,3,7,7,60,0.008088226319742375,374.0,0.6887000054121017,153
5506,54,0,6.514529835560464,0.06514529835560463,0.12063944139926785,8,8,8,8,0,0.0043706498636169044,17.0,0.10280002607032657,0
5507,54,4,6.505354263427511,0.06505354263427511,0.12046952339680576,11,3,9,9,62,0.00917557213402631,327.3333333333333,0.6868999917060137,200
5508,54,1,6.498037745696604,0.06498037745696604,0.12033403232771489,10,1,9,9,56,0.007316517731595695,1094.0,0.6009000353515148,53
5509,54,4,6.487759131727908,0.06487759131727908,0.12014368762459088,13,4,11,11,62,0.010278613969788353,284.0,0.6126000080257654,200
5510,54,3,6.478938610202784,0.06478938610202783,0.1199803446333849,11,3,9,9,60,0.00882052152610413,374.0,0.5805999971926212,153
5511,54,3,6.470639089804784,0.06470639089804785,0.1198266498111997,10,2,8,8,60,0.008299520398949767,384.0,0.6303999689407647,153
5512,54,1,6.462401582649721,0.06462401582649721,0.11967410338240221,9,1,8,8,56,0.008237507155740786,1094.0,0.5726999952457845,53
5513,54,2,6.45466641658857,0.0645466641658857,0.11953085956645501,10,2,8,8,58,0.007735166061976884,554.0,0.589100003708154,104
5514,54,3,6.447961750181484,0.06447961750181484,0.1194066990774349,7,2,5,5,60,0.0067046664080550045,344.0,0.576100021135062,153
5515,54,3,6.440315383065277,0.06440315383065277,0.11926509968639402,8,3,6,6,60,0.007646367117189357,374.0,0.5586999468505383,153
5516,54,2,6.434048867983133,0.06434048867983133,0.11914905311079876,6,2,5,5,58,0.006266515082955948,554.0,0.6450999644584954,104
5517,54,4,6.424440086750882,0.06424440086750882,0.1189711127176089,12,3,9,9,62,0.009608781233367836,354.0,0.5981000140309334,200
5518,54,5,6.415669377495445,0.06415669377495445,0.11880869217584157,9,3,6,6,64,0.008770709256651799,280.6666666666667,0.4387000226415694,245
5519,54,2,6.407890487610868,0.06407890487610868,0.1186646386594605,10,2,8,8,58,0.007778889885400986,554.0,0.5754000158049166,104
5520,54,1,6.401082670042098,0.06401082670042098,0.11853856796374254,7,1,6,6,56,0.006807817569423946,1094.0,0.624299980700016,53
5521,54,3,6.3927669285429225,0.06392766928542923,0.11838457275079482,8,3,6,6,60,0.008315741500155127,374.0,0.6018999847583473,153
5522,54,3,6.387283189200256,0.06387283189200256,0.11828302202222697,4,1,4,4,60,0.005483739343631555,694.0,0.6640000501647592,153
5523,54,4,6.379279559170287,0.06379279559170287,0.11813480665130162,8,3,6,6,62,0.00800363003106952,260.6666666666667,0.5327000399120152,200
5524,54,2,6.371724439729376,0.06371724439729376,0.1179948970320255,8,2,6,6,58,0.007555119441704505,554.0,0.6168000400066376,104
5525,54,1,6.36546891199846,0.06365468911998459,0.1178790539258974,7,1,6,6,56,0.006255527731610755,1094.0,0.7640999974682927,53
5526,54,0,6.36264305673506,0.0636264305673506,0.11782672327287147,4,4,4,4,0,0.0028258552634099487,17.0,0.14750001719221473,0
5527,54,1,6.3554404723063715,0.06355440472306371,0.1176933420797476,8,1,7,7,56,0.007202584429336412,1094.0,0.582900014705956,53
5528,54,4,6.348033938525193,0.06348033938525192,0.11755618404676282,6,3,3,3,62,0.007406533782287283,327.3333333333333,0.46749995090067387,200
5529,54,3,6.339695488087069,0.06339695488087069,0.11740176829790867,10,3,7,7,60,0.008338450439097755,374.0,0.5904000136069953,153
5530,54,3,6.33296962922221,0.0633296962922221,0.11727721535596683,7,2,6,6,60,0.006725858865820555,354.0,0.5956999957561493,153
5531,54,4,6.326929521342297,0.06326929521342298,0.11716536150633886,4,2,2,2,62,0.0060401078810201625,364.0,0.6716999923810363,200
5532,54,2,6.319304845668137,0.06319304845668137,0.1170241638086692,10,2,8,8,58,0.007624675674975379,554.0,0.4665000014938414,104
5533,54,4,6.311987552594828,0.06311987552594828,0.11688865838138572,6,2,4,4,62,0.007317293074436293,354.0,0.43999997433274984,200
5534,54,3,6.305076469527061,0.06305076469527061,0.11676067536161225,7,2,6,6,60,0.00691108306872934,354.0,0.5655999993905425,153
5535,54,3,6.297124163246197,0.06297124163246197,0.11661341043048513,9,3,6,6,60,0.00795230628183674,374.0,0.4409999819472432,153
5536,54,3,6.290580304598031,0.06290580304598031,0.1164922278629265,6,2,4,4,60,0.00654385864912399,354.0,0.6961999461054802,153
5537,54,2,6.282575196611042,0.06282575196611041,0.11634398512242672,9,2,7,7,58,0.008005107987813176,554.0,0.6056999554857612,104
5538,54,3,6.277101098093371,0.06277101098093371,0.11624261292765503,4,2,3,3,60,0.005474098518646997,344.0,0.6065000197850168,153
5539,54,5,6.270168559021189,0.06270168559021189,0.11611423257446647,5,2,3,3,64,0.0069325390734320536,324.0,0.5839999648742378,245
5540,54,1,6.265376377134743,0.06265376377134743,0.1160254884654582,4,1,3,3,56,0.004792181887097513,1094.0,0.6722999969497323,53
5541,54,2,6.258359164059575,0.06258359164059575,0.11589554007517731,7,1,6,6,58,0.00701721307599712,854.0,0.7258999976329505,104
5542,54,4,6.250909835576758,0.06250909835576758,0.11575758954771773,7,3,5,5,60,0.007449328483929207,347.3333333333333,0.5652999971061945,200
5543,54,5,6.242422921813347,0.06242422921813347,0.11560042447802493,7,3,5,5,64,0.008486913764642168,247.33333333333334,0.5052000051364303,245
5544,54,2,6.234789829156276,0.06234789829156276,0.11545907091030141,9,2,7,7,58,0.007633092657911789,554.0,0.424100027885288,104
5545,54,1,6.228640807668749,0.06228640807668749,0.11534520014201387,6,1,5,5,56,0.006149021488198514,1094.0,0.527600001078099,53
5546,54,4,6.220652766009433,0.06220652766009433,0.11519727344461914,8,3,6,6,62,0.007988041660425438,314.0,0.6220000213943422,200
5547,54,2,6.213595451287441,0.06213595451287441,0.11506658243124891,8,1,7,7,58,0.007057314722814567,594.0,0.48399996012449265,104
5548,54,1,6.20845214813479,0.0620845214813479,0.11497133607657019,5,1,4,4,56,0.005143303153303691,1094.0,0.5849999724887311,53
5549,54,2,6.202935973361768,0.06202935973361768,0.11486918469188462,5,1,4,4,58,0.0055161747738452505,974.0,0.4547999706119299,104
5550,54,3,6.195711617922629,0.061957116179226286,0.11473540033190055,8,1,8,8,60,0.007224355440101249,414.0,0.5320999771356583,153
5551,54,2,6.1889529100763285,0.061889529100763285,0.11461023907548756,8,2,6,6,58,0.0067587078471262885,554.0,0.5866999854333699,104
5552,54,1,6.181474090275456,0.06181474090275456,0.11447174241250843,10,1,9,9,56,0.007478819801534087,1094.0,0.5909999599680305,53
5553,54,1,6.174039940283218,0.06174039940283218,0.11433407296820776,9,1,8,8,56,0.007434149992889161,1094.0,0.6093999836593866,53
5554,54,4,6.164280213617511,0.06164280213617511,0.11415333728921316,12,3,9,9,62,0.009759726666800361,307.3333333333333,0.464299984741956,200
5555,54,2,6.1578917306554075,0.06157891730655408,0.11403503204917421,7,2,6,6,58,0.00638848296293304,554.0,0.5796999903395772,104
5556,54,2,6.149382829081619,0.061493828290816184,0.11387745979780774,12,2,12,12,58,0.008508901574629135,554.0,0.575500016566366,104
5557,54,7,6.1365396948260775,0.06136539694826078,0.11363962397826072,16,6,10,10,68,0.012843134257011002,167.33333333333334,0.5387999699451029,329
5558,53,3,6.127600690861384,0.061276006908613845,0.11561510737474309,11,1,10,3,60,0.008939003965650727,594.0,0.5659000016748905,153
5559,53,5,6.1176859309078,0.061176859309078006,0.11542803643222264,12,3,10,10,61,0.009914759954796182,320.6666666666667,0.5093999789096415,240
5560,53,0,6.112240841392615,0.06112240841392615,0.11532529889420029,12,12,12,12,0,0.005445089515177415,17.0,0.14519999967887998,0
5561,53,4,6.10417580605332,0.0610417580605332,0.11517312841610038,9,2,7,7,61,0.008065035340379723,414.0,0.6164999795146286,196
5562,53,2,6.097846330728698,0.060978463307286984,0.11505370435337167,7,1,7,7,57,0.006329475325415501,794.0,0.5573999951593578,102
5563,53,2,6.091544747631494,0.06091544747631494,0.11493480655908479,7,2,5,5,57,0.00630158309803619,544.0,0.5667000077664852,102
5564,53,5,6.0827307024216,0.060827307024215994,0.11476850381927546,9,3,7,7,63,0.0088140452110963,340.6666666666667,0.6174000445753336,240
5565,53,3,6.075077170818516,0.06075077170818516,0.11462409756261353,9,2,7,7,59,0.007653531604034924,324.0,0.6396999815478921,150
5566,53,3,6.067815234990158,0.060678152349901586,0.11448707990547469,8,3,6,6,59,0.007261935829319555,367.3333333333333,0.5412999889813364,150
5567,53,3,6.060724108115704,0.060607241081157046,0.11435328505878686,8,2,6,6,59,0.007091126875394593,414.0,0.40959997568279505,150
5568,53,3,6.053688479347741,0.060536884793477415,0.11422053734618379,7,2,5,5,59,0.007035628768917945,344.0,0.6249999860301614,150
5569,53,3,6.0474653207996365,0.060474653207996366,0.1141031192603705,6,2,4,4,59,0.006223158549033769,454.0,0.5706999800167978,150
5570,53,2,6.040457236063483,0.06040457236063483,0.11397089124648084,8,2,6,6,57,0.007008084736980891,544.0,0.5746000097133219,102
5571,53,2,6.032491473013549,0.06032491473013549,0.11382059383044435,10,2,8,8,57,0.007965763050734154,544.0,0.5657000001519918,102
5572,53,4,6.025112667949015,0.060251126679490154,0.11368137109337763,7,2,6,6,61,0.007378805065627603,404.0,0.493900035507977,196
5573,53,0,6.022201911466505,0.06022201911466505,0.11362645115974539,6,6,6,6,0,0.0029107564825068266,17.0,0.11279998579993844,0
5574,53,2,6.01502755363135,0.060150275536313504,0.11349108591757269,8,2,6,6,57,0.007174357835950218,544.0,0.5617999704554677,102
5575,53,1,6.010077679486328,0.06010077679486328,0.11339769206577979,5,1,4,4,55,0.004949874145680155,1074.0,0.6070000235922635,52
5576,53,2,6.004475097866691,0.06004475097866691,0.11329198297861681,5,2,3,3,57,0.0056025816204225976,544.0,0.48450002213940024,102
5577,53,4,5.996456077253192,0.059964560772531914,0.11314068070289042,9,3,7,7,61,0.008019020614597139,314.0,0.5390999722294509,196
5578,53,6,5.98636787718106,0.0598636787718106,0.112950337305303,10,5,7,7,65,0.010088200073468556,190.0,0.5233999690972269,282
5579,53,2,5.978325521004204,0.05978325521004204,0.11279859473592838,9,2,8,8,57,0.008042356177654142,544.0,0.534399994648993,102
5580,53,4,5.9688535391867505,0.059688535391867505,0.11261987809786324,11,4,8,8,61,0.00947198181854958,279.0,0.7270999485626817,196
5581,53,1,5.96248653425301,0.0596248653425301,0.11249974592930208,8,1,8,8,55,0.006367004934404008,1074.0,0.6206000107340515,52
5582,53,2,5.954397397985963,0.059543973979859624,0.11234712071671629,10,2,8,8,57,0.008089136267841468,544.0,0.61629997799173,102
5583,53,5,5.94409597972838,0.0594409597972838,0.11215275433449776,13,5,8,8,63,0.010301418258791273,226.0,0.6111999973654747,240
5584,53,1,5.938372101467077,0.059383721014670765,0.11204475663145426,6,1,6,6,55,0.005723878261960635,1074.0,0.6195000023581088,52
5585,53,1,5.931943599757668,0.05931943599757668,0.1119234641463711,7,1,6,6,55,0.006428501710061596,1074.0,0.60299999313429,52
5586,53,3,5.922749498793208,0.05922749498793208,0.11174999054326806,11,3,8,8,59,0.009194100965387975,367.3333333333333,0.6338999955914915,150
5587,53,3,5.915648222203628,0.05915648222203628,0.11161600419252127,8,3,6,6,59,0.007101276590560701,367.3333333333333,0.46149996342137456,150
5588,53,3,5.906777002642489,0.05906777002642489,0.11144862269136771,12,3,9,9,59,0.008871219562081478,367.3333333333333,0.4868999822065234,150
5589,53,0,5.903085677383162,0.059030856773831616,0.11137897504496531,8,8,8,8,0,0.00369132525932514,17.0,0.08259998867288232,0
5590,53,3,5.896656377889531,0.058966563778895316,0.11125766750734965,6,1,5,5,59,0.006429299494584484,774.0,0.46120001934468746,150
5591,53,2,5.890184427900638,0.05890184427900638,0.11113555524340828,7,2,6,6,57,0.006471949989688142,544.0,0.5111999926157296,102
5592,53,5,5.881798347350758,0.05881798347350758,0.11097732730850486,9,3,6,6,63,0.008386080551090913,287.3333333333333,0.5588000058196485,240
5593,53,4,5.8742092078392805,0.0587420920783928,0.11083413599696758,8,3,5,5,61,0.007589139512560905,240.66666666666666,0.5056000081822276,196
5594,53,5,5.865380166287662,0.05865380166287662,0.11066755030731436,9,3,6,6,63,0.008829041552814942,307.3333333333333,0.5710999830625951,240
5595,53,1,5.858911673083203,0.05858911673083203,0.11054550326572082,7,1,6,6,55,0.006468493205133541,1074.0,0.6734999478794634,52
5596,53,2,5.8524450959805465,0.05852445095980546,0.11042349237699146,7,2,6,6,57,0.006466577103452664,544.0,0.5672000115737319,102
5597,53,4,5.8443155954186174,0.05844315595418617,0.11027010557393618,8,3,7,7,61,0.008129500563015313,354.0,0.6306999712251127,196
5598,53,2,5.8375095517228734,0.058375095517228734,0.11014168965514856,7,1,6,6,55,0.006806043696556685,1054.0,0.5475999787449837,102
5599,53,2,5.829815498029302,0.058298154980293025,0.10999651883074157,10,2,8,8,57,0.007694053694379477,544.0,0.44920004438608885,102
5600,53,1,5.823480346831143,0.05823480346831143,0.10987698767605932,8,1,7,7,55,0.006335151198811673,1074.0,0.6134000141173601,52
5601,53,4,5.815561971966828,0.058155619719668275,0.10972758437673258,8,2,6,6,61,0.007918374865397482,284.0,0.6235999753698707,196
5602,53,1,5.808722749142919,0.05808722749142919,0.10959854243665886,9,1,8,8,55,0.00683922282458127,1074.0,0.5650999955832958,52
5603,53,3,5.801596889397752,0.05801596889397752,0.10946409225278778,8,2,6,6,59,0.007125859746096808,454.0,0.5588000058196485,150
5604,53,2,5.796117335626169,0.05796117335626169,0.10936070444577678,5,1,4,4,57,0.005479553772403278,594.0,0.6027999916113913,102
5605,53,3,5.787811699942698,0.05787811699942698,0.10920399433854147,9,3,7,7,59,0.008305635684436652,367.3333333333333,0.589100003708154,150
5606,53,4,5.779867485188158,0.05779867485188159,0.10905410349411619,9,4,6,6,61,0.007944214755610801,279.0,0.47149998135864735,196
5607,53,1,5.772781029384071,0.05772781029384071,0.10892039678083154,9,1,8,8,55,0.0070864558047532,1074.0,0.6220999639481306,52
5608,53,4,5.763284193526676,0.057632841935266764,0.10874121119861656,10,3,7,7,61,0.009496835858485042,347.3333333333333,0.5926999729126692,196
5609,53,4,5.755725485322533,0.05755725485322533,0.10859859406268932,8,3,5,5,61,0.007558708205223752,280.6666666666667,0.553299963939935,196
5610,53,3,5.747617680895385,0.05747617680895385,0.10844561662066765,10,2,8,8,59,0.00810780442809289,524.0,0.5870999884791672,150
5611,53,3,5.739702054657934,0.05739702054657934,0.10829626518222517,9,3,6,6,59,0.007915626238400364,367.3333333333333,0.5775000317953527,150
5612,53,4,5.732431640994164,0.057324316409941636,0.10815908756592758,7,3,4,4,61,0.007270413664841158,307.3333333333333,0.533499987795949,196
5613,53,5,5.7241979553413564,0.05724197955341356,0.1080037350064407,8,3,6,6,63,0.008233685654047918,294.0,0.5252999835647643,240
5614,53,0,5.7212631193688335,0.057212631193688336,0.10794836074280822,5,5,5,5,0,0.002934835972510541,17.0,0.058399979025125504,0
5615,53,0,5.718000677186456,0.057180006771864564,0.10788680522993317,8,8,8,8,0,0.00326244218237548,17.0,0.06410002242773771,0
5616,52,3,5.711481052184772,0.05711481052184772,0.10983617408047637,7,2,4,3,59,0.006519625002624707,424.0,0.43950002873316407,150
5617,52,2,5.706060506213995,0.05706060506213995,0.1097319328118076,5,2,4,4,56,0.005420545971574597,534.0,0.5505000008270144,100
5618,52,2,5.698989679407243,0.05698989679407243,0.1095959553732162,8,2,6,6,56,0.007070826807549224,534.0,0.5978999543003738,100
5619,52,4,5.69167450233892,0.0569167450233892,0.10945527889113306,7,3,4,4,60,0.00731517706937268,314.0,0.5133000086061656,192
5620,52,2,5.685134867857722,0.056851348678577225,0.10932951668957158,7,2,5,5,56,0.006539634481981693,534.0,0.46989996917545795,100
5621,52,1,5.67914469632842,0.0567914469632842,0.10921432108323882,7,1,6,6,54,0.005990171529958843,1054.0,0.6161000346764922,51
5622,52,1,5.672292519885504,0.056722925198855044,0.10908254845933661,6,1,5,5,54,0.006852176443544522,1054.0,0.6229999708011746,51
5623,52,2,5.666833922818785,0.056668339228187856,0.10897757543882279,5,2,3,3,56,0.00545859706751628,534.0,0.5854000337421894,100
5624,52,3,5.658350520382023,0.05658350520382023,0.10881443308426968,10,3,7,7,58,0.008483402437704513,360.6666666666667,0.5720999906770885,147
5625,52,6,5.651455215122715,0.056514552151227145,0.1086818310600522,4,2,3,3,64,0.006895305260613327,194.0,0.6466000340878963,276
5626,52,1,5.6444227050300695,0.056444227050300694,0.1085465904813475,9,1,8,8,54,0.007032510093281985,1054.0,0.9007000480778515,51
5627,52,2,5.636133354305621,0.05636133354305621,0.10838717989049271,10,2,8,8,56,0.008289350725249278,534.0,0.5103999865241349,100
5628,52,4,5.628085607972219,0.05628085607972219,0.10823241553792726,9,2,7,7,60,0.00804774633444083,384.0,0.5355000030249357,192
5629,52,1,5.622449357873589,0.05622449357873589,0.10812402611295362,3,1,2,2,54,0.005636250099286144,1054.0,0.49130001571029425,51
5630,52,4,5.615553770193047,0.05615553770193047,0.10799141865755862,6,2,4,4,60,0.0068955876815977035,304.0,0.6173999863676727,192
5631,52,3,5.608262549019482,0.05608262549019482,0.10785120286575929,8,3,5,5,58,0.007291221174511975,360.6666666666667,0.6037999992258847,147
5632,52,2,5.601532243841035,0.05601532243841035,0.1077217739200199,7,2,5,5,56,0.006730305179218021,534.0,0.7479999912902713,100
5633,52,1,5.596371436872366,0.05596371436872366,0.10762252763216087,5,1,4,4,54,0.005160806969314535,1054.0,0.49489998491480947,51
5634,51,6,5.586692016006314,0.05586692016006314,0.10954298070600615,11,5,6,5,64,0.009679420867371391,202.0,0.5737000028602779,276
5635,51,0,5.5844865217016135,0.055844865217016135,0.10949973571963949,4,4,4,4,0,0.002205494304689637,17.0,0.16630004392936826,0
5636,51,3,5.579142519388234,0.05579142519388234,0.1093949513605536,4,2,2,2,57,0.005344002314302543,294.0,0.4360000020824373,144
5637,51,5,5.573130595893978,0.05573130595893978,0.10927707050772505,4,2,3,3,61,0.006011923495435667,304.0,0.4065000102855265,230
5638,51,2,5.566728160011443,0.05566728160011443,0.10915153254924398,6,2,4,4,55,0.00640243588330236,524.0,0.4115999909117818,98
5639,51,2,5.559838104131722,0.05559838104131722,0.10901643341434748,7,1,6,6,55,0.006890055880475643,894.0,0.5384000251069665,98
5640,51,3,5.55465105521517,0.0555465105521517,0.10891472657284647,4,2,2,2,57,0.005187048917477455,334.0,0.5655999993905425,144
5641,51,3,5.548271081214442,0.05548271081214442,0.10878962904342043,6,2,4,4,57,0.00637997400164636,254.0,0.560699962079525,144
5642,51,5,5.540341948603248,0.05540341948603248,0.10863415585496566,8,3,6,6,61,0.007929132612360945,267.3333333333333,0.8317999891005456,230
5643,51,0,5.536543191804154,0.05536543191804154,0.10855967042753241,7,7,7,7,0,0.0037987567990853677,17.0,0.08720002369955182,0
5644,51,3,5.5306689698193905,0.055306689698193905,0.10844448960430178,5,1,4,4,57,0.0058742219856782185,534.0,0.4912000149488449,144
5645,51,5,5.5237927022969915,0.05523792702296992,0.10830966082935277,5,3,4,4,61,0.006876267523566071,207.33333333333334,0.5735000013373792,230
5646,51,2,5.517620023054715,0.05517620023054715,0.10818862790303363,6,2,4,4,55,0.0061726792430363275,524.0,0.6950999959371984,98
5647,51,6,5.511043467171698,0.055110434671716974,0.10805967582689602,4,2,3,3,63,0.006576555884308277,324.0,0.4562000394798815,270
5648,51,6,5.501574978355463,0.055015749783554634,0.10787401918344043,10,4,7,7,63,0.00946848881751805,224.0,0.5421999958343804,270
5649,51,3,5.494049299032945,0.054940492990329444,0.10772645684378322,9,3,6,6,57,0.007525679323435952,354.0,0.5828000139445066,144
5650,51,1,5.487191692774351,0.05487191692774351,0.10759199397596766,9,1,8,8,53,0.006857606259217164,1034.0,0.7045000093057752,50
5651,51,1,5.479848287596972,0.054798482875969716,0.10744800563915631,8,1,7,7,53,0.00734340517801968,1034.0,0.5644999910145998,50
5652,51,1,5.474226466049346,0.05474226466049346,0.10733777384410481,6,1,6,6,53,0.005621821548260186,1034.0,0.4670000053010881,50
5653,51,2,5.466067363761039,0.05466067363761039,0.10717779144629488,11,2,9,9,55,0.008159102289084785,524.0,0.5755999591201544,98
5654,51,3,5.4569343698015,0.054569343698015,0.10699871313336275,12,3,11,11,57,0.00913299396046341,354.0,0.568700022995472,144
5655,51,1,5.449315541466823,0.05449315541466823,0.10684932434248673,10,1,9,9,53,0.007618828335296257,1034.0,0.6619000341743231,50
5656,51,0,5.445532699619815,0.05445532699619814,0.10677515097293756,7,7,7,7,0,0.003782841846998508,17.0,0.06819999543949962,0
5657,51,2,5.436886952584002,0.054368869525840025,0.10660562652125495,11,2,9,9,55,0.008645747036581497,524.0,0.47480000648647547,98
5658,51,1,5.429585789854232,0.05429585789854232,0.10646246646773004,5,1,5,5,53,0.007301162730385613,1034.0,0.49700000090524554,50
5659,51,3,5.422853984805402,0.054228539848054015,0.10633047029030199,7,3,5,5,57,0.006731805049753348,354.0,0.5706000374630094,144
5660,51,3,5.415992545681016,0.054159925456810164,0.10619593226825523,7,2,7,7,57,0.006861439125302127,494.0,0.6184999947436154,144
5661,51,0,5.412096865675682,0.05412096865675682,0.10611954638579771,8,8,8,8,0,0.0038956800053284724,17.0,0.1251999638043344,0
5662,51,1,5.405883856756847,0.05405883856756847,0.10599772268150683,6,1,5,5,53,0.00621300891947385,1034.0,0.48370001604780555,50
5663,51,2,5.398479290872234,0.05398479290872234,0.10585253511514182,9,2,7,7,55,0.00740456588536631,524.0,0.5076999659650028,98
5664,51,4,5.39114333701357,0.0539114333701357,0.10570869288261903,8,3,5,5,59,0.007335953859708866,327.3333333333333,0.6206000107340515,188
5665,51,4,5.383332840227938,0.05383332840227938,0.1055555458868223,8,3,7,7,59,0.007810496786675003,294.0,0.7159999804571271,188
5666,51,2,5.37614288348346,0.053761428834834604,0.10541456634281295,9,2,7,7,55,0.007189956745264681,524.0,0.5954999942332506,98
5667,51,3,5.367909384493488,0.053679093844934876,0.10525312518614682,10,2,8,8,57,0.008233498990875887,474.0,0.58970000827685,144
5668,51,2,5.361465937204046,0.053614659372040456,0.10512678308243227,7,2,7,7,55,0.006443447290223503,524.0,0.6224000244401395,98
5669,51,4,5.352521223967359,0.05352521223967359,0.10495139654837962,11,3,8,8,59,0.0089447132377245,294.0,0.6031000521034002,188
5670,51,2,5.3463166984160955,0.053463166984160954,0.10482973918462932,7,2,5,5,55,0.006204525552021778,524.0,0.42479997500777245,98
5671,51,2,5.338193542872254,0.05338193542872254,0.10467046162494616,10,2,8,8,55,0.008123155544623728,524.0,0.6293000187724829,98
5672,51,3,5.330032235959687,0.05330032235959686,0.10451043599920955,10,2,8,8,57,0.008161306913478938,454.0,0.6247000419534743,144
5673,51,5,5.321598723559072,0.05321598723559072,0.1043450730109622,8,3,5,5,61,0.008433512401794019,314.0,0.590000010561198,230
5674,51,1,5.314912034293453,0.05314912034293453,0.1042139614567344,9,1,8,8,53,0.006686689266231838,1034.0,0.43070001993328333,50
5675,51,4,5.305784906696883,0.05305784906696883,0.10403499817052712,12,4,8,8,59,0.009127127597608364,269.0,0.5150999641045928,188
5676,51,2,5.300272152420353,0.05300272152420353,0.1039269049494187,5,2,3,3,55,0.005512754277305021,524.0,0.5501999985426664,98
5677,51,2,5.294299834257412,0.05294299834257412,0.10380980067171397,6,2,4,4,55,0.005972318163728119,524.0,0.5734000005759299,98
5678,51,3,5.288629191412058,0.05288629191412058,0.10369861159631488,5,2,3,3,57,0.0056706428462547365,424.0,0.4607000155374408,144
5679,51,2,5.28297406714305,0.052829740671430495,0.10358772680672647,5,1,4,4,55,0.005655124269779321,934.0,0.46420004218816757,98
5680,51,3,5.277806539891933,0.05277806539891933,0.1034864027429791,3,1,2,2,57,0.005167527252041282,434.0,0.8345000096596777,144
5681,51,4,5.270877032682853,0.05270877032682853,0.10335053005260494,6,2,4,4,59,0.006929507210116981,384.0,0.62219996470958,188
5682,51,1,5.266252967476888,0.05266252967476888,0.10325986210738997,4,1,3,3,53,0.004624065206598971,1034.0,1.0677999816834927,50
5683,51,1,5.260992867933638,0.05260992867933638,0.10315672290065958,4,1,4,4,53,0.005260099543889396,1034.0,0.5814000032842159,50
5684,51,6,5.252705235840147,0.05252705235840147,0.10299422031059112,8,4,5,5,61,0.008287632094749142,224.0,0.6485999911092222,270
5685,51,4,5.244811140981926,0.05244811140981926,0.1028394341369005,9,2,7,7,59,0.007894094859253187,434.0,0.5130000063218176,188
5686,51,2,5.238326011121791,0.05238326011121791,0.10271227472787825,7,2,5,5,55,0.0064851298609056585,524.0,0.4839000175707042,98
5687,51,4,5.231755765155003,0.05231755765155003,0.10258344637558828,6,2,4,4,59,0.006570245967836286,434.0,0.5790000432170928,188
5688,51,4,5.2247023370269785,0.052247023370269784,0.10244514386327407,7,3,4,4,59,0.0070534281290690615,340.6666666666667,0.4820000031031668,188
5689,51,0,5.222583927603801,0.05222583927603801,0.10240360642360394,5,5,5,5,0,0.002118409423161438,17.0,0.07269997149705887,0
5690,51,2,5.215976892168608,0.05215976892168608,0.1022740567091884,7,2,5,5,55,0.006607035435976627,524.0,0.5704000359401107,98
5691,51,3,5.20764443286844,0.0520764443286844,0.10211067515428314,11,3,8,8,57,0.00833245930108717,354.0,0.5614000256173313,144
5692,51,1,5.201365635244488,0.052013656352444884,0.1019875614753821,7,1,6,6,53,0.006278797624588606,1034.0,0.5640999879688025,50
5693,51,3,5.193777387403109,0.05193777387403108,0.10183877230202175,9,3,7,7,57,0.007588247842292617,354.0,0.5914000212214887,144
5694,51,2,5.187209779373916,0.05187209779373916,0.10170999567399835,7,2,5,5,55,0.006567608029968142,524.0,0.584700028412044,98
5695,51,4,5.181165587512032,0.05181165587512032,0.10159148210807906,5,2,4,4,59,0.006044191862926596,344.0,0.679299992043525,188
5696,50,1,5.1765344797285495,0.05176534479728549,0.10353068959457098,5,0,5,0,53,0.0046311077841210135,0.0,0.8991999784484506,50
5697,50,4,5.168020688171956,0.051680206881719565,0.10336041376343913,10,3,8,8,58,0.008513791557589911,320.6666666666667,0.4096999764442444,184
5698,50,2,5.160550977076454,0.05160550977076454,0.10321101954152911,10,2,8,8,54,0.007469711096248943,514.0,0.5093999789096415,96
5699,50,0,5.157856374677717,0.05157856374677717,0.10315712749355434,6,6,6,6,0,0.0026946023987335366,17.0,0.061400001868605614,0
5700,50,2,5.151158068450754,0.05151158068450754,0.10302316136901508,8,2,6,6,54,0.006698306227718831,514.0,0.6516000139527023,96
5701,50,2,5.14549870652738,0.051454987065273794,0.10290997413054762,6,2,4,4,54,0.00565936192413119,514.0,0.6345000001601875,96
5702,50,4,5.139314904085956,0.05139314904085956,0.10278629808171912,5,2,3,3,58,0.006183802442436104,304.0,0.5750000127591193,184
5703,50,5,5.1325001644097945,0.051325001644097944,0.10265000328819589,6,3,4,4,60,0.006814739677295734,180.66666666666666,0.6008000345900655,225
5704,50,2,5.12403882471178,0.0512403882471178,0.1024807764942356,11,2,10,10,54,0.008461339698783377,514.0,0.7039000047370791,96
5705,50,1,5.116973382450747,0.05116973382450747,0.10233946764901494,8,1,8,8,52,0.0070654422616485135,1014.0,0.589100003708154,49
5706,50,6,5.108364293392494,0.05108364293392494,0.10216728586784987,9,3,7,7,62,0.008609089059490316,260.6666666666667,0.436800008174032,264
5707,50,3,5.10153275526334,0.0510153275526334,0.1020306551052668,7,2,5,5,56,0.006831538130057879,374.0,0.5690999678336084,141
5708,50,0,5.097725674488113,0.05097725674488113,0.10195451348976226,8,8,8,8,0,0.0038070807752319524,17.0,0.08710002293810248,0
5709,50,4,5.090678612350404,0.050906786123504036,0.10181357224700807,7,3,5,5,58,0.007047062138710203,227.33333333333334,0.46010001096874475,184
5710,50,1,5.084621916589854,0.05084621916589854,0.10169243833179711,7,1,6,6,52,0.006056695761174069,1014.0,0.5784999812021852,49
5711,50,3,5.077599827380693,0.05077599827380693,0.10155199654761386,8,2,6,6,56,0.007022089210039439,464.0,0.5615000263787806,141
5712,50,1,5.0717596588797695,0.050717596588797695,0.10143519317759539,6,1,6,6,52,0.00584016850154967,1014.0,0.5955999949947,49
5713,50,3,5.063610148525805,0.050636101485258045,0.10127220297051609,10,2,9,9,54,0.008149510354854783,504.0,0.5518000107258558,141
5714,50,0,5.058506665169837,0.05058506665169837,0.10117013330339673,11,11,11,11,0,0.005103483355952676,17.0,0.06689998554065824,0
5715,50,2,5.052318466686113,0.050523184666861135,0.10104636933372227,6,1,6,6,54,0.006188198484480267,934.0,0.506600015796721,96
5716,50,1,5.04591576495248,0.0504591576495248,0.10091831529904959,8,1,7,7,52,0.006402701734245397,1014.0,0.8772999863140285,49
5717,50,5,5.038656147716555,0.05038656147716555,0.1007731229543311,7,3,5,5,60,0.007259617237053817,227.33333333333334,0.6416999967768788,225
5718,50,3,5.0319583622761215,0.05031958362276121,0.10063916724552242,6,1,5,5,56,0.006697785441332371,674.0,0.4026999813504517,141
5719,50,2,5.027677824230321,0.05027677824230321,0.1005535564846064,3,1,2,2,54,0.004280538046558036,654.0,0.514000013936311,96
5720,50,2,5.02109589692316,0.0502109589692316,0.1004219179384632,6,1,5,5,54,0.006581927307919955,774.0,0.4669999470934272,96
5721,50,5,5.011882362289422,0.05011882362289422,0.10023764724578844,11,5,7,7,60,0.00921353463486696,214.0,0.548299984075129,225
5722,50,5,5.003281536649602,0.05003281536649602,0.10006563073299204,10,3,8,8,60,0.008600825640968424,294.0,0.5206999485380948,225
5723,50,0,5.001143844552535,0.05001143844552535,0.10002287689105073,5,5,5,5,0,0.00213769209707948,17.0,0.08029997115954757,0
5724,50,1,4.993029492234557,0.04993029492234557,0.09986058984469114,10,1,9,9,52,0.008114352318585816,1014.0,0.4858000320382416,49
5725,50,4,4.984404625814492,0.049844046258144925,0.09968809251628985,10,4,6,6,58,0.008624866421087063,264.0,0.6037000566720963,184
5726,50,3,4.976656743785649,0.04976656743785649,0.09953313487571298,9,3,6,6,56,0.007747882029732978,347.3333333333333,0.6452000234276056,141
5727,50,1,4.971277796144245,0.04971277796144245,0.0994255559228849,6,1,6,6,52,0.005378947642014964,1014.0,0.4757000133395195,49
5728,50,1,4.964538169664918,0.04964538169664918,0.09929076339329837,9,1,8,8,52,0.0067396264799413075,1014.0,0.508100027218461,49
5729,50,3,4.957482793869366,0.049574827938693666,0.09914965587738733,8,3,6,6,56,0.007055375796454655,347.3333333333333,0.6395000382326543,141
5730,50,4,4.950945991735419,0.04950945991735419,0.09901891983470838,6,2,5,5,58,0.006536802134959885,264.0,0.45900000259280205,184
5731,50,1,4.942661963597596,0.04942661963597596,0.09885323927195191,10,1,10,10,52,0.008284028138447752,1014.0,0.6463000318035483,49
5732,50,2,4.934750196472685,0.049347501964726856,0.09869500392945371,11,2,10,10,54,0.00791176712567676,514.0,0.6019000429660082,96
5733,50,3,4.928674202354964,0.049286742023549636,0.09857348404709927,5,2,4,4,56,0.006075994118603489,364.0,0.6107999943196774,141
5734,50,4,4.921366307555481,0.04921366307555482,0.09842732615110965,8,3,6,6,58,0.007307894800490544,320.6666666666667,0.5589000065810978,184
5735,50,4,4.914513171484787,0.04914513171484787,0.09829026342969571,7,2,5,5,58,0.006853136071725885,404.0,0.45059999683871865,184
5736,50,2,4.907503395469026,0.049075033954690254,0.09815006790938051,9,2,7,7,54,0.0070097760165168665,514.0,0.4695000243373215,96
5737,50,1,4.90089974510474,0.04900899745104739,0.09801799490209478,8,1,7,7,52,0.006603650364908731,1014.0,0.4659999976865947,49
5738,50,2,4.893819654263328,0.048938196542633275,0.09787639308526658,9,2,7,7,54,0.007080090842165987,514.0,0.6838000263087451,96
5739,50,2,4.886758216080246,0.048867582160802454,0.09773516432160494,9,2,8,8,54,0.007061438183839641,514.0,0.46880001900717616,96
5740,50,1,4.879920582775322,0.04879920582775322,0.09759841165550644,9,1,8,8,52,0.006837633305536883,1014.0,0.6615999736823142,49
5741,50,5,4.869924987924396,0.048699249879243955,0.09739849975848791,12,4,8,8,58,0.009995594852071576,259.0,0.5872999900020659,225
5742,50,2,4.862717368775065,0.048627173687750644,0.09725434737550129,9,2,7,7,54,0.007207619150079836,514.0,0.6420999998226762,96
5743,50,3,4.8543726304406825,0.04854372630440682,0.09708745260881364,10,3,7,7,56,0.00834473833526772,347.3333333333333,0.6108999950811267,141
5744,50,1,4.848456742814673,0.04848456742814673,0.09696913485629347,7,1,6,6,52,0.005915887626642302,1014.0,0.7732000085525215,49
5745,50,2,4.841722642545727,0.04841722642545727,0.09683445285091453,6,2,5,5,54,0.006734100269682131,514.0,0.5273999995552003,96
5746,50,3,4.835238036583503,0.04835238036583503,0.09670476073167007,6,2,4,4,56,0.006484605963123613,484.0,0.6742000114172697,141
5747,50,3,4.828023112061191,0.048280231120611916,0.09656046224122383,6,2,4,4,56,0.007214924523196942,444.0,0.6569999968633056,141
5748,50,2,4.823236915493079,0.048232369154930795,0.09646473830986159,4,1,4,4,54,0.0047861965688724695,654.0,0.5297999596223235,96
5749,50,2,4.818750494078893,0.04818750494078893,0.09637500988157786,3,1,3,3,54,0.004486421414938491,614.0,0.5876000504940748,96
5750,50,3,4.81230349743062,0.0481230349743062,0.0962460699486124,7,3,4,4,56,0.006446996649160042,347.3333333333333,0.60450000455603,141
5751,50,4,4.806154152419568,0.04806154152419568,0.09612308304839132,5,2,3,3,58,0.0061493450120906346,404.0,0.43869996443390846,184
5752,50,1,4.80116711363735,0.048011671136373495,0.09602334227274699,5,1,4,4,52,0.004987038782843456,1014.0,0.4946999833919108,49
5753,50,3,4.793731679717885,0.04793731679717885,0.09587463359435767,9,2,7,7,56,0.00743543392034951,464.0,0.47019997145980597,141
5754,50,5,4.787716127325987,0.04787716127325987,0.09575432254651978,4,1,3,3,60,0.006015552393051848,254.0,0.6253999890759587,225
5755,50,2,4.782965443985365,0.047829654439853646,0.09565930887970729,3,2,2,2,54,0.004750683341370632,514.0,1.9279999542050064,96
5756,50,0,4.77973130840809,0.0477973130840809,0.0955946261681618,6,6,6,6,0,0.003234135577287134,17.0,0.0706000137142837,0
5757,50,2,4.77331438916446,0.0477331438916446,0.0954662877832892,7,1,6,6,54,0.006416919244372821,734.0,0.4706000327132642,96
5758,50,3,4.767454500910009,0.047674545009100094,0.0953490900182002,5,1,4,4,56,0.005859888255358214,414.0,0.4095000331290066,141
5759,50,3,4.762452700993074,0.04762452700993074,0.09524905401986147,3,1,2,2,56,0.005001799917835115,174.0,0.45900000259280205,141
5760,50,2,4.756379440067046,0.04756379440067046,0.0951275888013409,6,2,4,4,54,0.006073260926768853,514.0,0.7504000095650554,96
5761,50,0,4.755308029716372,0.04755308029716372,0.09510616059432744,2,2,2,2,0,0.0010714103506757056,17.0,0.09940000018104911,0
5762,50,3,4.749230306657371,0.04749230306657371,0.09498460613314742,6,2,4,4,56,0.00607772305988874,444.0,0.5227000219747424,141
5763,50,2,4.742614057618553,0.04742614057618553,0.09485228115237106,6,2,4,4,54,0.006616249039581135,514.0,0.4841000190936029,96
5764,50,6,4.734256883637498,0.04734256883637498,0.09468513767274996,8,4,4,4,62,0.008357173982304289,229.0,0.519900000654161,264
5765,50,0,4.732278348129598,0.04732278348129598,0.09464556696259196,4,4,4,4,0,0.0019785355079022793,17.0,0.09490002412348986,0
5766,50,2,4.727056710880997,0.04727056710880997,0.09454113421761993,5,2,4,4,54,0.005221637249363198,514.0,0.4915000172331929,96
5767,50,3,4.720252619334468,0.047202526193344675,0.09440505238668935,7,2,5,5,56,0.006804091547408575,484.0,0.6009999779053032,141
5768,50,3,4.715716047007275,0.04715716047007275,0.0943143209401455,2,1,1,1,56,0.004536572328106558,454.0,0.5905000143684447,141
5769,50,0,4.713497207496605,0.04713497207496605,0.09426994414993209,4,4,4,4,0,0.0022188395106752523,17.0,0.15759997768327594,0
5770,50,2,4.706325443753517,0.047063254437535174,0.09412650887507035,8,2,6,6,54,0.007171763743826887,514.0,0.7047000108286738,96
5771,50,1,4.699048666512119,0.046990486665121185,0.09398097333024237,10,1,9,9,52,0.007276777242012145,1014.0,0.48240000614896417,49
5772,50,2,4.691099139276426,0.046910991392764265,0.09382198278552853,9,2,8,8,54,0.007949527236448262,514.0,0.618700054474175,96
5773,50,5,4.682482895643111,0.046824828956431114,0.09364965791286223,10,4,7,7,60,0.00861624363444946,239.0,0.5586000042967498,225
5774,50,6,4.676089018860935,0.04676089018860935,0.0935217803772187,4,2,3,3,62,0.0063938767834343935,184.0,0.6334999925456941,264
5775,50,4,4.669482478358392,0.04669482478358392,0.09338964956716783,6,2,4,4,58,0.00660654050355447,314.0,1.3637999654747546,184
5776,50,3,4.661550828427517,0.046615508284275166,0.09323101656855032,8,3,6,6,56,0.007931649931776974,347.3333333333333,0.4919999628327787,141
5777,50,2,4.654523776810498,0.04654523776810498,0.09309047553620997,9,2,7,7,54,0.0070270516177544096,514.0,0.4262000438757241,96
5778,50,3,4.647993585145595,0.04647993585145595,0.0929598717029119,7,2,5,5,56,0.006530191665802931,404.0,0.5941999843344092,141
5779,50,1,4.642847172342038,0.04642847172342038,0.0928569434468408,5,1,4,4,52,0.005146412804165834,1014.0,0.5239999736659229,49
5780,50,2,4.6374939264306425,0.04637493926430643,0.09274987852861287,5,2,3,3,54,0.005353245912161242,514.0,0.6961000035516918,96
5781,50,5,4.631094465289968,0.046310944652899685,0.09262188930579937,5,2,3,3,58,0.0063994611418110026,414.0,0.4765000194311142,225
5782,49,1,4.62542844845152,0.0462542844845152,0.0943964989479902,7,1,6,6,52,0.005666016839057875,994.0,0.6169999833218753,49
5783,49,3,4.618291333258456,0.046182913332584556,0.09425084353588685,8,3,5,5,55,0.007137115193913246,340.6666666666667,0.5313000292517245,138
5784,49,0,4.6161081721371655,0.046161081721371656,0.09420628922728909,5,5,5,5,0,0.0021831611213087854,17.0,0.1162000116892159,0
5785,49,5,4.606641894843838,0.04606641894843838,0.09401309989477222,12,4,8,8,59,0.009466277294436054,234.0,1.3709000195376575,220
5786,49,2,4.601811111605697,0.04601811111605697,0.09391451248174891,4,1,4,4,53,0.004830783238872982,734.0,0.6564999930560589,94
5787,49,4,4.594035100099621,0.04594035100099621,0.09375581836938002,9,4,6,6,57,0.007776011507075964,259.0,1.5280000516213477,180
5788,49,1,4.58923953064555,0.045892395306455495,0.09365794960501124,5,1,5,5,51,0.004795569454671522,994.0,0.5124000017531216,48
5789,49,6,4.579597922028874,0.045795979220288746,0.09346118208222193,11,5,7,7,61,0.009641608617897646,194.0,0.5448999581858516,258
5790,49,4,4.5724212976351195,0.045724212976351195,0.0933147203599004,8,3,6,6,57,0.00717662439474509,254.0,0.44730002991855145,180
5791,49,0,4.569626578967063,0.045696265789670634,0.09325768528504211,6,6,6,6,0,0.002794718668056362,17.0,0.07560005178675056,0
5792,47,1,4.5637987231726855,0.04563798723172686,0.09710210049303586,6,0,6,0,51,0.005827855794976244,0.0,0.5002999678254128,48
5793,47,3,4.557888739662192,0.04557888739662192,0.09697635616302537,6,2,4,4,53,0.005909983511344308,324.0,0.5912999622523785,132
5794,47,3,4.55094166559118,0.0455094166559118,0.0968285460764081,8,2,6,6,53,0.0069470740718600155,454.0,0.42639998719096184,132
5795,47,3,4.54446235908898,0.0454446235908898,0.09669068849125488,7,1,6,6,53,0.006479306503038629,594.0,0.4388000234030187,132
5796,47,3,4.538153875376161,0.045381538753761615,0.09655646543353534,7,2,5,5,53,0.00630848371365289,364.0,0.44649996561929584,132
5797,47,1,4.53163451887477,0.0453163451887477,0.0964177557207398,8,1,7,7,49,0.006519356501968332,954.0,0.40069996612146497,46
5798,47,1,4.526824437206496,0.04526824437206496,0.09631541355758501,5,1,4,4,49,0.004810081668864541,954.0,0.4005000228062272,46
5799,47,1,4.520225888496174,0.045202258884961745,0.0961750189041739,8,1,7,7,49,0.006598548710897489,954.0,0.5967000033706427,46
5800,47,2,4.512958822490967,0.04512958822490967,0.09602040047853122,9,2,8,8,51,0.007267066005923084,484.0,0.4906000103801489,90
5801,47,3,4.505444882173317,0.04505444882173317,0.09586052940794294,9,3,7,7,53,0.007513940318474965,327.3333333333333,0.5029999883845448,132
5802,47,1,4.49945894593712,0.0449945894593712,0.09573316906249192,6,1,5,5,49,0.005985936236783118,954.0,0.451300002168864,46
5803,47,2,4.492508776439818,0.04492508776439818,0.0955852931157408,9,2,7,7,51,0.00695016949801186,484.0,0.6756000220775604,90
5804,47,1,4.486109886815212,0.04486109886815212,0.09544914652798325,8,1,7,7,49,0.00639888962517432,954.0,0.7128999568521976,46
5805,47,5,4.476961531404376,0.044769615314043755,0.09525450066817821,12,4,9,9,57,0.009148355411895182,234.0,0.8225000347010791,210
5806,47,3,4.467629817560412,0.04467629817560412,0.09505595356511515,13,3,10,10,53,0.00933171384478726,327.3333333333333,0.41039998177438974,132
5807,47,5,4.460473176923154,0.04460473176923154,0.09490368461538627,7,3,4,4,55,0.007156640638342537,274.0,0.5721999914385378,210
5808,47,4,4.451300700633959,0.04451300700633959,0.09470852554540339,13,4,10,10,55,0.009172476290132181,249.0,0.6708000437356532,172
5809,47,3,4.442843719395963,0.044428437193959634,0.09452858977438221,11,2,9,9,53,0.008456981238836647,354.0,0.5222000181674957,132
5810,47,1,4.4365413828615825,0.04436541382861583,0.09439449750769324,8,1,7,7,49,0.0063023365349863525,954.0,0.43559999903663993,46
5811,47,2,4.430434218768323,0.044304342187683234,0.09426455784613452,7,1,7,7,51,0.0061071640939616145,614.0,0.784900039434433,90
5812,47,3,4.423765718574577,0.04423765718574577,0.09412267486328889,8,3,5,5,53,0.006668500194578542,327.3333333333333,1.0458999895490706,132
5813,47,0,4.42159156879956,0.0442159156879956,0.09407641635743746,5,5,5,5,0,0.0021741497750156213,17.0,0.06399996345862746,0
5814,47,1,4.413903188714966,0.044139031887149655,0.09391283380244606,10,1,9,9,49,0.007688380085184576,954.0,0.4221999552100897,46
5815,47,3,4.406277547422593,0.04406277547422593,0.09375058611537433,10,3,7,7,53,0.007625641293188323,327.3333333333333,0.5607000202871859,132
5816,47,2,4.399334465270406,0.04399334465270406,0.0936028609632001,9,2,7,7,51,0.00694308215290107,484.0,0.49979996401816607,90
5817,47,3,4.391181250696621,0.043911812506966214,0.09342938831269407,9,3,6,6,53,0.008153214574633694,327.3333333333333,0.38629997288808227,132
5818,47,1,4.381917301832301,0.04381917301832301,0.09323228301770853,11,1,10,10,49,0.009263948864898452,954.0,0.5394000327214599,46
5819,47,2,4.374518620706743,0.04374518620706743,0.09307486427035626,10,2,10,10,51,0.007398681126275619,484.0,0.5544000305235386,90
5820,47,5,4.36504640906096,0.043650464090609596,0.09287332785236084,12,5,7,7,57,0.009472211646823325,202.0,0.5793999880552292,210
5821,47,2,4.356447149628965,0.043564471496289656,0.09269036488572269,12,2,10,10,51,0.00859925943271378,484.0,0.4878999898210168,90
5822,47,6,4.345221309453526,0.043452213094535265,0.09245151722241547,16,6,12,12,59,0.011225840176592783,170.66666666666666,0.443900004029274,246
5823,47,0,4.342298636536471,0.04342298636536471,0.09238933269226535,6,6,6,6,0,0.0029226729170517274,17.0,0.0874000252224505,0
5824,47,1,4.335698252056392,0.043356982520563914,0.09224889897992321,9,1,8,8,49,0.006600384480677235,954.0,0.6942999898456037,46
5825,47,3,4.327711308391127,0.043277113083911266,0.09207896400832187,10,3,8,8,53,0.007986943666111301,327.3333333333333,0.6241999799385667,132
5826,47,1,4.32300742362046,0.0432300742362046,0.09197888135362679,5,1,4,4,49,0.0047038847712457255,954.0,0.5225999630056322,46
5827,47,1,4.3158951337395886,0.04315895133739588,0.09182755603701254,9,1,8,8,49,0.007112289881433753,954.0,0.5574999959208071,46
5828,47,1,4.3103056538863544,0.043103056538863545,0.09170863093375223,7,1,6,6,49,0.0055894798538247414,954.0,0.8107000030577183,46
5829,47,3,4.302567011129405,0.043025670111294045,0.0915439789602001,10,3,7,7,53,0.0077386427577863515,327.3333333333333,0.8523999713361263,132
5830,47,1,4.293713761947097,0.04293713761947097,0.09135561195632123,12,1,12,12,49,0.00885324918287722,954.0,0.4135999479331076,46
5831,47,3,4.288397890301653,0.042883978903016526,0.09124250830429048,5,2,4,4,53,0.005315871646288883,444.0,0.8240000461228192,132
5832,47,3,4.28120391777716,0.0428120391777716,0.0910894450590885,9,3,6,6,53,0.007193972525342929,327.3333333333333,0.5939000402577221,132
5833,47,0,4.276101073334016,0.04276101073334016,0.09098087390072376,11,11,11,11,0,0.005102844443143795,17.0,0.13040000339969993,0
5834,46,2,4.26935608495963,0.042693560849596295,0.09281208880347021,8,1,7,1,51,0.0067449883750754225,274.0,0.5790999857708812,90
5835,46,3,4.261445962114299,0.042614459621142985,0.09264012961118044,11,3,8,8,52,0.007910122846141121,320.6666666666667,1.4932999620214105,129
5836,46,5,4.2529109352803145,0.04252910935280314,0.09245458554957206,10,3,7,7,56,0.00853502683500551,227.33333333333334,0.5061000119894743,205
5837,46,2,4.24527311443287,0.0424527311443287,0.09228854596593196,10,1,9,9,50,0.007637820848131582,834.0,0.4406999796628952,88
5838,46,2,4.237240465983472,0.042372404659834724,0.09211392317355373,11,2,9,9,50,0.008032648450097213,474.0,0.8655000128783286,88
5839,46,3,4.229567336150487,0.042295673361504874,0.09194711600327148,10,3,8,8,52,0.0076731298337762155,320.6666666666667,0.3480999730527401,129
5840,46,2,4.22159971930572,0.0422159971930572,0.0917739069414287,11,2,10,10,50,0.007967616845462544,474.0,0.4959999932907522,88
5841,46,2,4.2139145687048645,0.04213914568704864,0.09160683845010575,11,2,9,9,50,0.0076851506015600535,474.0,0.6379000260494649,88
5842,44,4,4.204806823003689,0.042048068230036886,0.09556379143190204,13,2,10,4,54,0.009107745702095826,254.0,0.5756000173278153,168
5843,44,0,4.199297279048692,0.04199297279048692,0.09543857452383392,11,11,11,11,0,0.005509543955014351,17.0,0.08650001836940646,0
5844,44,1,4.194209192303905,0.04194209192303905,0.0953229361887251,6,1,5,5,46,0.005088086745331566,894.0,0.5516999517567456,43
5845,44,5,4.183791073007206,0.04183791073007206,0.09508616075016377,14,4,10,10,54,0.010418119297696649,204.0,0.5169999785721302,195
5846,44,3,4.177979451324785,0.04177979451324785,0.09495407843919969,6,2,4,4,50,0.005811621683179169,304.0,0.598300015553832,123
5847,44,2,4.170342473207527,0.04170342473207527,0.09478051075471652,11,2,9,9,48,0.007636978117901094,454.0,0.44460000935941935,84
5848,44,2,4.16294203064665,0.0416294203064665,0.09461231887833295,11,2,9,9,48,0.007400442561561249,454.0,0.5017999792471528,84
5849,44,1,4.155192319956081,0.04155192319956081,0.09443618908991093,11,1,10,10,46,0.007749710691101086,894.0,0.48400001833215356,43
5850,44,1,4.148816375598709,0.04148816375598709,0.09429128126360702,9,1,8,8,46,0.006375944357912999,894.0,0.5744000081904233,43
5851,44,5,4.137997037161974,0.041379970371619744,0.0940453872082267,15,5,11,11,54,0.0108193384377131,190.0,0.5201000021770597,195
5852,44,1,4.1306400530485385,0.041306400530485385,0.09387818302383043,10,1,9,9,46,0.0073569841139828895,894.0,0.4352999967522919,43
5853,44,0,4.124592217298355,0.04124592217298355,0.09374073221132627,12,12,12,12,0,0.006047835750166541,17.0,0.05979998968541622,0
5854,44,3,4.1171590160164815,0.04117159016016481,0.09357179581855637,10,3,7,7,50,0.007433201282665891,307.3333333333333,0.4056000034324825,123
5855,44,2,4.110192003160093,0.04110192003160093,0.09341345461727482,10,2,8,8,48,0.006967012857046484,454.0,0.457199988886714,84
5856,44,2,4.103441063213505,0.041034410632135046,0.09326002416394329,9,2,7,7,48,0.006750939947252732,454.0,0.3971999976783991,84
5857,44,5,4.0945234692615955,0.040945234692615955,0.09305735157412719,12,4,9,9,54,0.00891759395290137,224.0,0.3003000165335834,195
5858,44,4,4.08737257733528,0.040873725773352805,0.09289483130307458,9,4,6,6,52,0.007150891927196312,234.0,0.3527000080794096,160
5859,43,1,4.080353892513636,0.04080353892513636,0.09489195098868923,10,1,10,10,46,0.00701868482217094,874.0,0.43760001426562667,43
5860,43,2,4.073773203277311,0.04073773203277311,0.09473891170412348,8,2,6,6,47,0.006580689236983517,444.0,0.5055000074207783,82
5861,43,2,4.067293996579851,0.04067293996579851,0.09458823247860118,9,2,7,7,47,0.006479206698102757,444.0,0.927699962630868,82
5862,43,1,4.062378147636113,0.04062378147636113,0.09447391041014216,6,1,5,5,45,0.004915848944264667,874.0,0.4072000156156719,42
5863,43,3,4.05626031155452,0.0405626031155452,0.09433163515243069,7,3,4,4,49,0.006117836082367489,300.6666666666667,1.6793000395409763,120
5864,43,3,4.051052252982185,0.040510522529821846,0.0942105175112136,5,2,3,3,49,0.005208058573089147,404.0,0.5744000081904233,120
5865,43,1,4.045929799539291,0.04045929799539291,0.09409139068696025,6,1,5,5,45,0.005122453443419772,874.0,0.5139999557286501,42
5866,43,3,4.039968610055136,0.04039968610055136,0.09395275837337526,7,3,4,4,49,0.005961189484921192,300.6666666666667,0.3781999694183469,120
5867,43,3,4.035245098287345,0.040352450982873454,0.0938429092624964,4,2,2,2,49,0.004723511768560229,364.0,0.49640005454421043,120
5868,43,1,4.031258266199884,0.04031258266199884,0.0937501922372066,4,1,3,3,45,0.003986832087989001,874.0,0.4727999912574887,42
5869,43,1,4.02729119113123,0.0402729119113123,0.09365793467747048,3,1,2,2,45,0.003967075069184034,874.0,0.4675000091083348,42
5870,43,3,4.022980009626421,0.04022980009626421,0.0935576746424749,3,2,2,2,49,0.004311181505570971,364.0,0.5221000174060464,120
5871,43,1,4.0186312910978605,0.04018631291097861,0.0934565416534386,4,1,3,3,45,0.004348718529072926,874.0,0.4694000235758722,42
5872,43,0,4.016473949206493,0.040164739492064935,0.09340637091177892,4,4,4,4,0,0.0021573418913760634,17.0,0.3299000090919435,0
5873,43,2,4.011775930320019,0.04011775930320019,0.0932971146586051,5,2,3,3,47,0.004698018887111743,444.0,0.4085999680683017,82
5874,43,2,4.006561577443608,0.040065615774436084,0.09317585063822344,5,2,3,3,47,0.005214352877075612,444.0,0.4229999613016844,82
5875,43,2,3.999774816733733,0.03999774816733733,0.09301801899380774,8,2,6,6,47,0.0067867607104830086,444.0,0.5021999822929502,82
5876,43,4,3.9938080526879975,0.03993808052687998,0.09287925703925574,6,3,4,4,51,0.005966764046618778,274.0,0.37130003329366446,156
5877,43,4,3.9881673469639165,0.03988167346963917,0.09274807783637017,4,2,2,2,51,0.005640705724943018,214.0,0.4039999912492931,156
5878,43,3,3.982118419381999,0.03982118419381999,0.09260740510190697,7,3,4,4,49,0.006048927582668284,300.6666666666667,1.575700007379055,120
5879,43,2,3.976929188543601,0.03976929188543601,0.09248672531496747,6,2,4,4,47,0.005189230839050651,444.0,0.3738999948836863,82
5880,43,3,3.9715112894263913,0.03971511289426391,0.09236072766107886,5,1,5,5,47,0.005417899117958314,674.0,0.45769999269396067,120
5881,43,1,3.966036297769523,0.039660362977695235,0.09223340227370984,7,1,6,6,45,0.005474991657408168,874.0,0.5080000264570117,42
5882,43,1,3.960074000512068,0.03960074000512068,0.09209474419795506,8,1,7,7,45,0.005962297257994464,874.0,0.4610999603755772,42
5883,43,0,3.957155215442874,0.03957155215442874,0.09202686547541566,6,6,6,6,0,0.002918785069198293,17.0,0.10879995534196496,0
5884,43,1,3.9521351899438426,0.03952135189943842,0.0919101206963684,6,1,5,5,45,0.005020025499547387,874.0,0.5490999901667237,42
5885,43,3,3.9452926281254097,0.039452926281254096,0.09175099135175373,9,3,6,6,49,0.006842561819183857,300.6666666666667,0.48670003889128566,120
5886,43,4,3.938047504801594,0.03938047504801594,0.09158250011166498,9,3,7,7,51,0.007245123324665315,274.0,0.4830000107176602,156
5887,43,2,3.932810460967696,0.03932810460967696,0.09146070839459759,6,2,5,5,47,0.0052370438345406,444.0,0.4686999600380659,82
5888,43,3,3.928044804969302,0.03928044804969302,0.0913498791853326,4,2,3,3,49,0.004765655999165119,324.0,0.4802999901585281,120
5889,43,4,3.9215547400943156,0.03921554740094316,0.09119894744405387,7,2,5,5,51,0.006490064875848134,374.0,0.46520004980266094,156
5890,43,3,3.9134229542592056,0.039134229542592054,0.0910098361455629,12,3,10,10,49,0.008131785835871597,300.6666666666667,0.44189998880028725,120
5891,43,2,3.908455918701911,0.03908455918701911,0.0908943236907421,5,1,5,5,47,0.0049670355579252146,794.0,0.4447000101208687,82
5892,43,2,3.9028212008157923,0.039028212008157925,0.09076328373990215,7,2,5,5,47,0.005634717886763951,444.0,1.8795999931171536,82
5893,43,3,3.8958591067584853,0.038958591067584855,0.09060137457577871,9,3,6,6,49,0.0069620940580676915,300.6666666666667,0.49940001918002963,120
5894,43,1,3.8889407996676884,0.03888940799667688,0.09044048371320206,10,1,9,9,45,0.00691830709132546,874.0,0.5075999652035534,42
5895,43,2,3.8842250279362527,0.03884225027936253,0.09033081460316866,5,2,3,3,47,0.004715771732080043,444.0,0.39170001400634646,82
5896,43,1,3.876742071339015,0.03876742071339015,0.09015679235672129,10,1,9,9,45,0.007482956597783641,874.0,0.39790000300854445,42
5897,43,0,3.874017123176024,0.03874017123176024,0.09009342146920986,6,6,6,6,0,0.0027249481629780803,17.0,0.06450002547353506,0
5898,43,1,3.8681581033462984,0.03868158103346298,0.08995716519409998,8,1,7,7,45,0.005859019830253942,874.0,0.5086999735794961,42
5899,42,6,3.861185901072307,0.03861185901072307,0.09193299764457874,8,3,4,3,55,0.00697220227502271,207.33333333333334,0.3630999708548188,222
5900,42,2,3.855745155858754,0.038557451558587544,0.0918034560918751,6,1,5,5,46,0.00544074521420157,754.0,0.5207000067457557,80
5901,42,1,3.850670433558257,0.03850670433558257,0.09168262937043468,6,1,5,5,44,0.005074722301003476,854.0,0.5323999794200063,41
5902,42,2,3.845324828321991,0.038453248283219915,0.0915553530552855,5,1,5,5,46,0.00534560523691141,654.0,0.5201000021770597,80
5903,42,2,3.839217318307733,0.03839217318307733,0.09140993615018411,8,2,6,6,46,0.00610751001488552,434.0,0.5136000108905137,80
5904,42,1,3.8341656021995676,0.03834165602199568,0.09128965719522779,4,1,3,3,44,0.005051716108695814,854.0,0.4159999662078917,41
5905,42,2,3.8281074068828005,0.038281074068828004,0.09114541444959048,8,2,6,6,46,0.0060581953173795,434.0,0.5415999912656844,80
5906,42,5,3.821462022623892,0.03821462022623892,0.09098719101485458,7,3,5,5,52,0.006645384259854836,200.66666666666666,0.4156999639235437,185
5907,42,2,3.816292032297425,0.03816292032297425,0.09086409600708155,6,2,4,4,46,0.00516999032709009,434.0,0.5065000150352716,80
5908,42,2,3.811129625501461,0.03811129625501461,0.0907411815595586,5,2,3,3,46,0.005162406796600294,434.0,0.5335999885573983,80
5909,42,0,3.809818373103215,0.03809818373103215,0.09070996126436227,3,3,3,3,0,0.0013112523982385937,17.0,0.060699996538460255,0
5910,42,1,3.805232416875927,0.03805232416875927,0.0906007718303792,5,1,4,4,44,0.00458595622779967,854.0,0.36210002144798636,41
5911,42,4,3.798823135349766,0.03798823135349766,0.09044816988928016,7,3,4,4,48,0.006409281526998711,287.3333333333333,0.4460999625734985,152
5912,42,4,3.792951065610307,0.03792951065610307,0.09030835870500731,6,2,4,4,50,0.005872069740306074,324.0,0.4529000143520534,152
5913,42,2,3.7903993571514962,0.037903993571514964,0.09024760374170228,0,0,0,0,46,0.002551708459435531,0.0,0.4414999857544899,80
5914,42,3,3.785369876874986,0.03785369876874986,0.0901278542113092,5,2,3,3,48,0.005029480277244147,234.0,0.4360000020824373,117
5915,42,2,3.7809808592457252,0.03780980859245725,0.0900233537915649,3,1,2,2,46,0.0043890176299044015,634.0,0.4309999640099704,80
5916,42,1,3.777312455291693,0.03777312455291693,0.0899360108402784,3,1,3,3,44,0.0036684039545633595,854.0,0.43920002644881606,41
5917,42,3,3.7716117099603714,0.037716117099603715,0.08980027880858027,6,2,4,4,48,0.0057007453320494506,344.0,0.44020003406330943,117
5918,42,1,3.766042334621159,0.037660423346211586,0.08966767463383711,7,1,6,6,44,0.005569375339717908,854.0,0.5019999807700515,41
5919,42,2,3.7608583963941116,0.037608583963941115,0.08954424753319314,6,2,4,4,46,0.005183938227673934,434.0,0.4126999992877245,80
5920,42,1,3.755808731701297,0.03755808731701297,0.08942401742145945,6,1,6,6,44,0.005049664693331124,854.0,0.49399997806176543,41
5921,42,2,3.750970674483189,0.03750970674483189,0.08930882558293307,5,2,4,4,46,0.004838057218748304,434.0,0.6058000144548714,80
5922,42,3,3.745032499228604,0.03745032499228604,0.0891674404578239,7,2,5,5,48,0.005938175255323586,374.0,0.45229995157569647,117
5923,42,4,3.739770834488199,0.03739770834488199,0.08904216272590951,4,2,2,2,50,0.005261664741240679,244.0,0.7137999637052417,152
5924,42,2,3.735550014084793,0.03735550014084793,0.08894166700201889,3,1,3,3,46,0.0042208204040292685,454.0,0.3448000061325729,80
5925,42,0,3.733374768330603,0.03733374768330603,0.08888987543644293,4,4,4,4,0,0.0021752457541879267,17.0,0.09579997276887298,0
5926,42,2,3.728235548364463,0.03728235548364463,0.08876751305629674,6,2,4,4,46,0.005139219966778796,434.0,0.39679999463260174,80
5927,42,2,3.7231877756024843,0.03723187775602484,0.08864732799053535,5,1,4,4,46,0.005047772762608815,634.0,0.8142999722622335,80
5928,42,5,3.718785287583926,0.03718785287583926,0.08854250684723634,2,1,1,1,52,0.004402488019508155,194.0,0.4230000195093453,185
5929,42,1,3.71371445490475,0.0371371445490475,0.08842177273582737,5,1,4,4,44,0.0050708326796922165,854.0,0.4246000316925347,41
5930,42,3,3.7086580434038345,0.03708658043403835,0.08830138198580559,5,2,3,3,48,0.005056411501655589,344.0,0.42130000656470656,117
5931,42,0,3.7052083572975305,0.037052083572975306,0.08821924660232215,6,6,6,6,0,0.0034496861062933704,17.0,0.060699996538460255,0
5932,42,1,3.6977561467030338,0.03697756146703034,0.0880418130167389,9,1,8,8,44,0.007452210595005226,854.0,0.3939000307582319,41
5933,42,4,3.6918250244785042,0.03691825024478504,0.08790059582091676,6,3,3,3,50,0.00593112222539105,267.3333333333333,0.38080004742369056,152
5934,42,2,3.6884265518093744,0.03688426551809374,0.0878196798049851,2,1,1,1,46,0.0033984726697440237,574.0,0.652099959552288,80
5935,42,3,3.6807882053442067,0.03680788205344207,0.0876378144129573,11,3,8,8,48,0.007638346465924428,294.0,0.37399999564513564,117
5936,42,1,3.6757950681443265,0.03675795068144327,0.08751893019391253,6,1,5,5,44,0.004993137200386855,854.0,0.4349999944679439,41
5937,42,2,3.6711043982345104,0.03671104398234511,0.08740724757701215,4,2,3,3,46,0.004690669910459633,434.0,0.43830001959577203,80
5938,42,3,3.664094163168745,0.03664094163168745,0.08724033721830346,9,3,6,6,48,0.007010235066502446,294.0,0.41529996087774634,117
5939,41,1,3.6619909506355217,0.036619909506355214,0.0893168524545249,4,0,4,0,31,0.0021032125334556895,0.0,0.4332999815233052,41
5940,41,2,3.6559168659481918,0.036559168659481917,0.08916870404751687,8,2,6,6,45,0.0060740846879383525,424.0,0.5566999898292124,78
5941,41,5,3.6479470021316143,0.03647947002131614,0.08897431712516132,9,3,6,6,51,0.007969863817478995,187.33333333333334,0.4495999892242253,180
5942,41,1,3.64446986513909,0.036444698651390904,0.08888950890583146,3,1,2,2,43,0.0034771369930410856,834.0,0.490599952172488,40
5943,41,2,3.639394165131458,0.03639394165131458,0.0887657113446697,6,2,5,5,45,0.005075700008248418,424.0,0.36969996290281415,78
5944,40,2,3.6337650533598316,0.03633765053359832,0.09084412633399579,8,1,6,3,45,0.0056291117722366835,474.0,0.3591999993659556,78
5945,40,2,3.628796328999341,0.03628796328999341,0.09071990822498352,6,2,4,4,44,0.0049687243610918586,414.0,0.4369000089354813,76
5946,40,3,3.6237674115107503,0.036237674115107504,0.09059418528776877,5,2,3,3,46,0.005028917489283913,344.0,0.49510004464536905,111
5947,40,3,3.61694515490174,0.0361694515490174,0.09042362887254352,9,3,7,7,46,0.006822256609709143,280.6666666666667,0.35440002102404833,111
5948,40,0,3.6143487887022774,0.03614348788702278,0.09035871971755693,6,6,6,6,0,0.0025963661994552467,17.0,0.07499998901039362,0
5949,40,1,3.6090079079703026,0.036090079079703026,0.09022519769925756,7,1,6,6,42,0.005340880732475739,814.0,0.4293000092729926,39
5950,39,0,3.6063897287715454,0.03606389728771545,0.0924715315069627,7,6,7,6,0,0.0026181791987625047,17.0,0.06880000000819564,0
5951,39,1,3.601855971202543,0.03601855971202543,0.09235528131288571,4,1,4,4,41,0.004533757569490149,794.0,0.44869998237118125,38
5952,39,2,3.5963235432330807,0.035963235432330806,0.09221342418546359,7,2,6,6,43,0.005532427970052822,404.0,0.39950001519173384,74
5953,39,0,3.593128996776942,0.03593128996776942,0.0921315127378703,6,6,6,6,0,0.0031945464561289327,17.0,0.0515999854542315,0
5954,39,4,3.5858546594062375,0.035858546594062374,0.09194499126682659,9,3,6,6,47,0.007274337371455886,260.6666666666667,0.4167999722994864,140
5955,39,2,3.580953532653772,0.03580953532653772,0.09181932135009671,6,2,4,4,43,0.004901126753068752,404.0,0.19759999122470617,74
5956,39,3,3.5757360121064248,0.03575736012106425,0.09168553877195963,6,3,4,4,45,0.005217520548029597,274.0,0.4202999989502132,108
5957,39,2,3.570035769112212,0.03570035769112212,0.09153937869518493,7,2,5,5,43,0.005700242994791438,404.0,0.40339998668059707,74
5958,39,5,3.5624773338588427,0.03562477333858843,0.09134557266304724,10,4,6,6,47,0.007558435254210849,204.0,0.3797999816015363,170
5959,39,1,3.556570372367885,0.03556570372367885,0.09119411211199704,7,1,6,6,41,0.00590696149144776,794.0,0.46060001477599144,38
5960,39,1,3.550743599009849,0.03550743599009849,0.09104470766691919,7,1,6,6,41,0.005826773358492687,794.0,0.4387000226415694,38
5961,39,2,3.5451620302471016,0.03545162030247102,0.09090159051915646,7,2,5,5,43,0.005581568763346922,404.0,0.3803999861702323,74
5962,39,2,3.5389546329447397,0.035389546329447394,0.09074242648576254,8,2,6,6,43,0.006207397302929962,404.0,0.3497999859973788,74
5963,39,4,3.5321580374507997,0.035321580374508,0.09056815480643078,8,4,4,4,47,0.006796595494705571,209.0,0.38410001434385777,140
5964,39,3,3.5274736717113737,0.03527473671711374,0.09044804286439422,5,2,3,3,45,0.004684365740118324,264.0,1.2366999872028828,108
5965,39,2,3.523948105577733,0.03523948105577733,0.09035764373276238,3,1,2,2,43,0.0035255661342290523,494.0,0.5005999701097608,74
5966,39,1,3.5187128974785815,0.03518712897478581,0.09022340762765593,5,1,4,4,41,0.005235208099620081,794.0,0.3664999967440963,38
5967,39,2,3.513697811254903,0.03513697811254903,0.09009481567320263,6,2,4,4,43,0.005015086224275933,404.0,0.35009998828172684,74
5968,39,4,3.5080046917636056,0.035080046917636054,0.08994883825034886,6,3,4,4,47,0.00569311949206508,207.33333333333334,0.46449998626485467,140
5969,39,2,3.5043451864311757,0.03504345186431176,0.08985500478028653,3,1,3,3,43,0.003659505333018842,274.0,0.4900999483652413,74
5970,39,0,3.50237149837618,0.0350237149837618,0.08980439739426102,4,4,4,4,0,0.0019736880549885427,17.0,0.05660002352669835,0
5971,39,1,3.4974606044663155,0.034974606044663153,0.08967847703759785,6,1,6,6,41,0.004910893910334835,794.0,0.4029999836347997,38
5972,39,4,3.4902649665847547,0.034902649665847545,0.08949397350217321,9,4,5,5,47,0.007195637882333017,209.0,0.3236000193282962,140
5973,39,2,3.4857154480171135,0.03485715448017113,0.08937731917992599,5,2,3,3,43,0.004549518568211397,404.0,0.39629999082535505,74
5974,39,2,3.480630889657676,0.03480630889657676,0.08924694588865838,6,2,4,4,43,0.00508455836001076,404.0,0.39570004446431994,74
5975,39,2,3.4754475002504774,0.034754475002504774,0.08911403846796095,5,1,4,4,43,0.005183389407790173,714.0,0.39350002771243453,74
5976,39,3,3.4693542694214012,0.034693542694214013,0.08895780178003591,8,2,6,6,45,0.006093230829748109,284.0,0.3893999964930117,108
5977,39,2,3.466168546925935,0.03466168546925935,0.0888761165878445,2,1,1,1,43,0.003185722496056087,514.0,0.3521000035107136,74
5978,39,0,3.4642117776118657,0.034642117776118656,0.08882594301568886,4,4,4,4,0,0.001956769314062967,17.0,0.03509997623041272,0
5979,39,0,3.461798117939725,0.03461798117939725,0.08876405430614678,5,5,5,5,0,0.0024136596721433534,17.0,0.03419996937736869,0
5980,39,3,3.4554967068954423,0.034554967068954424,0.0886024796639857,8,2,8,8,45,0.006301411044958627,334.0,0.43789995834231377,108
5981,39,1,3.44975473694032,0.0344975473694032,0.08845524966513643,8,1,7,7,41,0.005741969955593618,794.0,0.40359998820349574,38
5982,39,1,3.4444226958394215,0.03444422695839421,0.08831853066254926,7,1,6,6,41,0.005332041101397067,794.0,0.37019996671006083,38
5983,39,1,3.4402071841345103,0.034402071841345104,0.08821044061883361,5,1,4,4,41,0.004215511705382369,794.0,0.44350000098347664,38
5984,39,0,3.4381737860116464,0.03438173786011647,0.08815830220542685,5,5,5,5,0,0.0020333981228475295,17.0,0.10639999527484179,0
5985,39,2,3.432557259176613,0.034325572591766135,0.08801428869683624,7,2,6,6,43,0.005616526835609648,404.0,0.4414999857544899,74
5986,39,1,3.4261629032393053,0.034261629032393055,0.0878503308522899,7,1,6,6,41,0.006394355937786145,794.0,0.43299997923895717,38
5987,39,2,3.421357216410306,0.03421357216410306,0.08772710811308476,5,1,5,5,43,0.004805686829598699,714.0,0.42400002712383866,74
5988,39,3,3.4166097930387447,0.03416609793038745,0.08760537930868575,5,2,3,3,45,0.00474742337222267,264.0,0.42589998338371515,108
5989,39,1,3.4118146535859495,0.0341181465358595,0.08748242701502433,6,1,5,5,41,0.004795139453278807,794.0,0.6151999696157873,38
5990,39,3,3.4065826516027773,0.03406582651602777,0.08734827311801995,5,2,4,4,45,0.005232001983856094,304.0,0.3475999692454934,108
5991,39,3,3.400681281152599,0.03400681281152599,0.08719695592698974,7,3,4,4,45,0.005901370450857257,274.0,0.35170000046491623,108
5992,39,2,3.396407597888266,0.03396407597888266,0.08708737430482734,4,1,3,3,43,0.00427368326491262,614.0,0.3772000200115144,74
5993,39,2,3.390220710965695,0.03390220710965695,0.08692873617860755,8,2,6,6,43,0.006186886923174484,404.0,0.3462000167928636,74
5994,39,4,3.384657096288541,0.03384657096288541,0.08678607939201387,6,2,4,4,47,0.005563614677924988,274.0,0.5519000114873052,140
5995,39,3,3.379311034104476,0.03379311034104476,0.08664900087447375,6,3,5,5,45,0.005346062184742095,274.0,0.3247000277042389,108
5996,39,2,3.3738447536061296,0.0337384475360613,0.0865088398360546,7,2,5,5,43,0.005466280498936271,404.0,0.32210000790655613,74
5997,39,0,3.372616905535018,0.033726169055350176,0.08647735655217992,3,3,3,3,0,0.0012278480710961048,17.0,0.04460004856809974,0
5998,39,3,3.3661732424841238,0.03366173242484124,0.08631213442266984,8,3,6,6,45,0.00644366305157007,274.0,0.4045999958179891,108
5999,39,2,3.36158303719391,0.033615830371939104,0.08619443685112592,4,1,4,4,43,0.004590205290796234,694.0,0.3233000170439482,74
6000,39,5,3.35605725596328,0.0335605725596328,0.08605275015290462,5,3,3,3,49,0.005525781231497717,140.66666666666666,0.35470002330839634,170
6001,39,2,3.3510747391438156,0.03351074739143815,0.08592499331137987,6,2,4,4,43,0.004982516820035698,404.0,1.3378000003285706,74
6002,39,1,3.3466229278315143,0.03346622927831514,0.08581084430337214,4,1,3,3,41,0.00445181131279071,794.0,0.41360000614076853,38
6003,39,0,3.3439497793597486,0.033439497793597485,0.08574230203486535,5,5,5,5,0,0.0026731484717572584,17.0,0.08259998867288232,0
6004,39,4,3.3375487639708123,0.03337548763970812,0.08557817343514904,8,3,5,5,47,0.0064010153897129385,220.66666666666666,0.4048999981023371,140
6005,39,4,3.3311639132608426,0.03331163913260843,0.08541445931438059,7,2,6,6,47,0.006384850710730916,234.0,0.7365000201389194,140
6006,39,4,3.3252314535562264,0.033252314535562266,0.08526234496298016,7,2,6,6,47,0.0059324597053915795,254.0,0.3407999756745994,140
6007,39,0,3.3222014153724957,0.03322201415372496,0.08518465167621783,6,6,6,6,0,0.0030300381837236046,17.0,0.06809999467805028,0
6008,39,1,3.3166248003217804,0.0331662480032178,0.08504166154671233,6,1,6,6,41,0.005576615051197109,794.0,0.43569999979808927,38
6009,39,1,3.311117191324822,0.03311117191324822,0.08490044080320058,6,1,5,5,41,0.005507608997447733,794.0,0.40989997796714306,38
6010,39,3,3.3051718062524706,0.03305171806252471,0.08474799503211464,7,3,4,4,45,0.005945385073033549,274.0,0.39409997407346964,108
6011,39,1,3.300494604506989,0.03300494604506989,0.08462806678223049,6,1,5,5,41,0.004677201745948878,794.0,0.42230001417919993,38
6012,39,1,3.296695506653515,0.03296695506653515,0.08453065401675677,4,1,4,4,41,0.003799097853956823,794.0,0.36669999826699495,38
6013,39,2,3.2918139901371157,0.03291813990137116,0.08440548692659272,6,2,4,4,43,0.0048815165170026376,404.0,0.40520000038668513,74
6014,39,3,3.286458512590744,0.03286458512590744,0.08426816698950626,6,2,4,4,45,0.005355477547041687,374.0,0.8063999703153968,108
6015,39,1,3.2813792235841523,0.03281379223584152,0.08413792880985008,6,1,5,5,41,0.005079289007070997,794.0,0.4070000140927732,38
6016,38,1,3.278359378826029,0.03278359378826029,0.08627261523226393,3,1,2,1,41,0.003019844758597401,794.0,0.4640000406652689,38
6017,38,3,3.2726803771901976,0.03272680377190198,0.08612316782079468,7,3,4,4,44,0.005679001636494263,267.3333333333333,0.38600002881139517,105
6018,38,1,3.26723856190483,0.032672385619048304,0.08597996215539028,5,1,4,4,40,0.005441815285820439,774.0,0.3398999688215554,37
6019,38,1,3.261011560635706,0.032610115606357064,0.08581609370093965,7,1,6,6,40,0.006227001269593302,774.0,0.37699996028095484,37
6020,38,1,3.2554399017407443,0.03255439901740744,0.08566947109844064,7,1,7,7,40,0.005571658895433984,774.0,0.44679996790364385,37
6021,38,2,3.2500523602970923,0.03250052360297093,0.08552769369202873,7,2,6,6,42,0.005387541444221711,394.0,0.45140000293031335,72
6022,38,1,3.2440399830985425,0.03244039983098543,0.08536947323943533,7,1,6,6,40,0.0060123771990134856,774.0,0.43670000741258264,37
6023,38,1,3.239024843209213,0.03239024843209213,0.08523749587392665,6,1,5,5,40,0.005015139889792408,774.0,0.4344999906606972,37
6024,38,1,3.2332119374866797,0.0323321193748668,0.08508452467070209,8,1,7,7,40,0.0058129057230047465,774.0,0.3912000101990998,37
6025,38,3,3.22749963682982,0.0322749963682982,0.0849342009692058,7,3,4,4,44,0.005712300657521041,267.3333333333333,0.3325999714434147,105
6026,38,3,3.2235896080204847,0.03223589608020485,0.08483130547422328,3,1,2,2,44,0.003910028809997357,374.0,0.41769997915253043,105
6027,38,3,3.21944363615229,0.0321944363615229,0.08472220095137606,4,2,2,2,44,0.004145971868851461,224.0,0.42529997881501913,105
6028,38,0,3.2174171639757247,0.03217417163975725,0.08466887273620327,5,5,5,5,0,0.0020264721765528293,17.0,0.07619999814778566,0
6029,38,1,3.2133653599133267,0.03213365359913327,0.0845622463135086,4,1,3,3,40,0.004051804062882525,774.0,0.48260000767186284,37
6030,38,4,3.209257960071366,0.03209257960071366,0.08445415684398332,3,1,2,2,46,0.00410739984272368,114.0,0.4021000349894166,136
6031,38,4,3.2042439930391096,0.032042439930391096,0.08432221034313446,5,2,3,3,46,0.005013967033008271,304.0,0.39030000334605575,136
6032,38,0,3.201462259484225,0.03201462259484225,0.08424900682853224,7,7,7,7,0,0.0027817335548832034,17.0,0.06230000872164965,0
6033,38,4,3.1959976534755965,0.03195997653475596,0.08410520140725256,6,2,4,4,46,0.005464606009354611,304.0,0.3844000166282058,136
6034,38,3,3.1915613372368097,0.0319156133723681,0.08398845624307395,4,2,2,2,44,0.004436316239448956,294.0,0.39950001519173384,105
6035,38,0,3.190012506706944,0.031900125067069435,0.08394769754491958,4,4,4,4,0,0.0015488305298561045,17.0,0.05199998850002885,0
6036,38,2,3.1840649328139015,0.031840649328139015,0.0837911824424711,6,2,4,4,42,0.005947573893621438,394.0,0.8314999868161976,72
6037,38,3,3.180613209179379,0.03180613209179379,0.08370034760998366,2,1,1,1,44,0.003451723635180315,194.0,0.3062000032514334,105
6038,38,0,3.1793571554571973,0.03179357155457197,0.08366729356466308,3,3,3,3,0,0.0012560537221872892,17.0,0.0475000124424696,0
6039,38,2,3.173862583670029,0.03173862583670029,0.08352269957026393,7,2,5,5,42,0.005494571787707514,394.0,0.3766999579966068,72
6040,38,3,3.1678208926493507,0.031678208926493506,0.08336370770129871,8,3,5,5,44,0.00604169102135188,267.3333333333333,0.4259999841451645,105
6041,38,2,3.1629539023381668,0.03162953902338167,0.08323562900889914,6,1,5,5,42,0.0048669903117541935,494.0,0.42690004920586944,72
6042,38,1,3.157140105119586,0.03157140105119586,0.08308263434525225,8,1,7,7,40,0.005813797219047956,774.0,0.4225000157020986,37
6043,38,4,3.150694695015446,0.03150694695015446,0.08291301828988018,8,3,6,6,46,0.006445410104902294,234.0,0.9015999967232347,136
6044,38,0,3.1477044540270347,0.031477044540270345,0.08283432773755356,7,7,7,7,0,0.0029902409883959535,17.0,0.07319997530430555,0
6045,38,3,3.141886493305582,0.03141886493305582,0.08268122350804162,7,2,6,6,44,0.005817960722097837,264.0,0.7036000024527311,105
6046,38,3,3.1367049362409785,0.031367049362409784,0.08254486674318365,6,2,4,4,44,0.005181557065284892,314.0,0.45089999912306666,105
6047,38,0,3.13559640983893,0.0313559640983893,0.08251569499576131,3,3,3,3,0,0.0011085264020493923,17.0,0.06980000762268901,0
6048,38,0,3.1331112641410166,0.03133111264141017,0.08245029642476359,6,6,6,6,0,0.00248514569790359,17.0,0.08080003317445517,0
6049,38,0,3.130684791434686,0.03130684791434686,0.08238644187986015,6,6,6,6,0,0.00242647270631835,17.0,0.07720000576227903,0
6050,38,2,3.1254248541020258,0.031254248541020255,0.0822480224763691,7,2,5,5,42,0.005259937333221387,394.0,0.44269999489188194,72
6051,38,2,3.1194911201354962,0.031194911201354963,0.08209187158251305,8,2,6,6,42,0.005933733967111721,394.0,0.41149999015033245,72
6052,38,1,3.113137724236266,0.03113137724236266,0.08192467695358593,8,1,7,7,40,0.006353395899694192,774.0,0.40660001104697585,37
6053,38,0,3.112020777800041,0.03112020777800041,0.08189528362631689,2,2,2,2,0,0.00111694643622684,17.0,0.0727999722585082,0
6054,38,1,3.1074199711805193,0.03107419971180519,0.0817742097679084,5,1,4,4,40,0.004600806619976083,774.0,0.42830000165849924,37
6055,38,2,3.102218981351936,0.031022189813519358,0.08163734161452463,6,2,4,4,42,0.005200989829148739,394.0,0.8211999665945768,72
6056,38,3,3.0962472089305177,0.03096247208930518,0.08148018970869782,8,3,6,6,44,0.005971772422086019,267.3333333333333,0.33329997677356005,105
6057,38,1,3.0910423166184846,0.030910423166184847,0.08134321885838117,6,1,5,5,40,0.005204892312505649,774.0,0.42159995064139366,37
6058,38,4,3.083622565690995,0.030836225656909952,0.08114796225502618,10,4,8,8,46,0.007419750928249869,204.0,0.686699990183115,136
6059,38,6,3.076202730816062,0.030762027308160623,0.08095270344252793,9,4,6,6,50,0.007419834875832976,149.0,0.5797999911010265,192
6060,38,5,3.071201769581169,0.030712017695811687,0.08082109919950446,4,2,2,2,48,0.0050009612357371225,164.0,0.36509998608380556,165
6061,38,1,3.065974752997824,0.03065974752997824,0.08068354613152169,7,1,6,6,40,0.005227016583816635,774.0,0.4543000250123441,37
6062,38,1,3.062961101766927,0.03062961101766927,0.0806042395201823,2,1,1,1,40,0.003013651231356107,774.0,0.714500027243048,37
6063,38,1,3.058260451295647,0.03058260451295647,0.08048053819199069,6,1,5,5,40,0.00470065047173307,774.0,0.3533000126481056,37
6064,38,2,3.053761969686534,0.030537619696865338,0.08036215709701403,5,2,4,4,42,0.004498481609701344,394.0,0.341300037689507,72
6065,38,1,3.0486469722622616,0.030486469722622617,0.08022755190163848,6,1,5,5,40,0.005114997424740864,774.0,0.4206000012345612,37
6066,38,3,3.04358513424645,0.0304358513424645,0.08009434563806446,6,3,3,3,44,0.005061838016459319,267.3333333333333,0.43509999522939324,105
6067,38,2,3.0382568181050624,0.030382568181050625,0.07995412679223848,7,2,5,5,42,0.005328316141969935,394.0,0.4264999879524112,72
6068,38,2,3.033791634655037,0.030337916346550368,0.07983662196460624,4,2,3,3,42,0.004465183450591326,394.0,0.5357000045478344,72
6069,38,4,3.0269523075553053,0.030269523075553053,0.07965663967250804,9,3,6,6,46,0.00683932710049362,247.33333333333334,0.31890004174783826,136
6070,38,1,3.0220536689416413,0.030220536689416412,0.07952772813004319,6,1,5,5,40,0.004898638614108108,774.0,0.4257999826222658,37
6071,38,3,3.0166824874833553,0.030166824874833555,0.07938638124956196,6,2,5,5,42,0.005371181458954766,384.0,0.39110000943765044,105
6072,38,0,3.0141397828320233,0.030141397828320232,0.07931946796926377,6,6,6,6,0,0.002542704651347094,17.0,0.05749997217208147,0
6073,38,0,3.0110460458867245,0.030110460458867245,0.07923805383912431,7,7,7,7,0,0.0030937369452885832,17.0,0.05470000905916095,0
6074,38,1,3.0057150765149183,0.030057150765149185,0.0790977651714452,7,1,6,6,40,0.005330969372280947,774.0,0.39440003456547856,37
6075,38,4,3.0011238818240047,0.030011238818240048,0.07897694425852643,4,2,3,3,46,0.004591194691656142,254.0,0.374700000975281,136
6076,38,2,2.9958594675200176,0.029958594675200175,0.07883840704000045,7,2,6,6,42,0.005264414304576803,394.0,0.40359998820349574,72
6077,38,2,2.9906340313142485,0.029906340313142484,0.07870089556090128,6,2,4,4,42,0.005225436206330869,394.0,0.3103999770246446,72
6078,38,0,2.9872248350823805,0.029872248350823805,0.07861117987058897,7,7,7,7,0,0.0034091962318569813,17.0,0.05540001438930631,0
6079,38,3,2.980842210284613,0.02980842210284613,0.07844321606012138,9,3,7,7,44,0.006382624798419556,267.3333333333333,0.3974999999627471,105
6080,38,1,2.975886692618208,0.02975886692618208,0.07831280770047915,6,1,5,5,40,0.004955517666886067,774.0,0.36939996061846614,37
6081,38,1,2.969593715317303,0.02969593715317303,0.0781472030346659,7,1,6,6,40,0.0062929773013706836,774.0,0.3831000067293644,37
6082,38,1,2.965229114634446,0.029652291146344458,0.0780323451219591,5,1,4,4,40,0.004364600683317121,774.0,0.3760000108741224,37
6083,38,3,2.9596164063145016,0.029596164063145015,0.07788464227143425,7,2,5,5,44,0.005612708320612114,324.0,0.45250001130625606,105
6084,38,1,2.9559131633063034,0.029559131633063035,0.07778718850806061,4,1,3,3,40,0.0037032430086867407,774.0,0.4876999882981181,37
6085,38,3,2.950699768395812,0.02950699768395812,0.07764999390515295,5,2,3,3,44,0.005213394911166347,314.0,0.44380000326782465,105
6086,38,5,2.944680247732312,0.02944680247732312,0.07749158546663978,6,3,4,4,48,0.006019520664310107,227.33333333333334,0.4780999734066427,165
6087,38,3,2.9394167386067935,0.029394167386067937,0.07735307206859984,6,2,4,4,44,0.0052635091261805655,304.0,0.381499994546175,105
6088,38,1,2.934620345417064,0.02934620345417064,0.0772268511951859,6,1,6,6,40,0.004796393190190429,774.0,0.421999953687191,37
6089,38,2,2.9292889915553593,0.029292889915553594,0.07708655240935156,7,1,6,6,42,0.005331353862288779,494.0,0.44219999108463526,72
6090,38,2,2.9245841873632923,0.029245841873632925,0.07696274177271822,5,2,3,3,42,0.004704804192627421,394.0,0.3646999830380082,72
6091,38,2,2.919592243858475,0.02919592243858475,0.07683137483838091,6,2,4,4,42,0.004991943505402219,394.0,0.4461999633349478,72
6092,38,0,2.918029181718301,0.02918029181718301,0.0767902416241658,3,3,3,3,0,0.0015630621401641065,17.0,0.06630003917962313,0
6093,38,4,2.9131303044109194,0.029131303044109193,0.07666132380028734,5,3,3,3,46,0.004898877308150418,207.33333333333334,0.43319998076185584,136
6094,38,1,2.909900608531535,0.02909900608531535,0.07657633180346142,3,1,2,2,40,0.0032296958798525566,774.0,0.4532000166364014,37
6095,38,1,2.907093167793426,0.02907093167793426,0.07650245178403753,2,1,1,1,40,0.002807440738578748,774.0,0.4879999905824661,37
6096,38,4,2.902435529566134,0.02902435529566134,0.07637988235700352,4,2,2,2,46,0.004657638228025007,234.0,0.29449997236952186,136
6097,38,2,2.8988915444168097,0.0289889154441681,0.07628661958991605,2,1,1,1,42,0.0035439851499035058,274.0,0.36539998836815357,72
6098,38,1,2.895311294609159,0.028953112946091587,0.0761924024897147,3,1,2,2,40,0.00358024980810967,774.0,0.4028999828733504,37
6099,38,0,2.8931547691979462,0.028931547691979462,0.0761356518209986,5,5,5,5,0,0.0021565254112090315,17.0,0.042199972085654736,0
6100,38,2,2.888668986922601,0.02888668986922601,0.07601760491901581,5,2,3,3,42,0.004485782275935435,394.0,0.42539997957646847,72
6101,38,2,2.884020182029258,0.02884020182029258,0.07589526794813838,5,2,3,3,42,0.004648804893903957,394.0,0.44190004700794816,72
6102,38,2,2.8795973517834224,0.028795973517834222,0.07577887767851112,5,1,4,4,42,0.004422830246411991,454.0,0.540899985935539,72
6103,37,2,2.8747810686360626,0.028747810686360627,0.07769678563881252,5,2,4,4,42,0.004816283147931699,384.0,0.3798999823629856,72
6104,37,3,2.8697780770232217,0.028697780770232217,0.07756156964927628,5,2,3,3,43,0.005002991613494601,284.0,0.444800010882318,102
6105,37,2,2.866224976038413,0.02866224976038413,0.07746553989293009,3,1,2,2,41,0.003553100985371316,294.0,0.39519998244941235,70
6106,37,3,2.8606810353290597,0.028606810353290598,0.07731570365754216,7,2,6,6,43,0.005543940709998196,344.0,0.35559997195377946,102
6107,37,1,2.857424030350255,0.02857424030350255,0.07722767649595283,3,1,2,2,39,0.003257004979261069,754.0,0.375000003259629,36
6108,37,1,2.8528242171586458,0.02852824217158646,0.07710335722050395,6,1,5,5,39,0.004599813192058377,754.0,0.4178999806754291,36
6109,37,0,2.850685812251933,0.02850685812251933,0.07704556249329549,5,5,5,5,0,0.0021384049067023625,17.0,0.06450002547353506,0
6110,37,2,2.8462864177810987,0.028462864177810986,0.0769266599400297,5,2,3,3,41,0.0043993944713776045,384.0,0.35419996129348874,70
6111,37,0,2.8447671571992403,0.028447671571992402,0.07688559884322271,4,4,4,4,0,0.0015192605818583615,17.0,0.06440002471208572,0
6112,37,4,2.8393650217792206,0.028393650217792207,0.0767395951832222,5,2,4,4,45,0.005402135420766285,304.0,0.3714000340551138,132
6113,37,1,2.8347669761121423,0.028347669761121422,0.07661532367870653,6,1,5,5,39,0.004598045667535189,754.0,0.36919995909556746,36
6114,37,0,2.832355686650807,0.02832355686650807,0.07655015369326505,6,6,6,6,0,0.0024112894613210756,17.0,0.06230000872164965,0
6115,37,3,2.828113607506305,0.028281136075063048,0.07643550290557581,4,2,3,3,43,0.004242079145157618,294.0,0.3795999800786376,102
6116,37,1,2.822201619878547,0.02822201619878547,0.07627571945617695,8,1,7,7,39,0.005911987628209658,754.0,0.4428999964147806,36
6117,37,4,2.8155785122822654,0.028155785122822654,0.07609671654816934,9,3,7,7,45,0.0066231075970080155,240.66666666666666,0.3789999755099416,132
6118,37,3,2.8103839094910033,0.028103839094910033,0.07595632187813522,6,2,4,4,43,0.00519460279190298,204.0,0.3515999997034669,102
6119,37,2,2.8053127345497963,0.028053127345497964,0.07581926309594045,6,2,5,5,41,0.005071174941747358,384.0,0.3568000392988324,70
6120,37,2,2.800055565771881,0.02800055565771881,0.0756771774532941,7,2,5,5,41,0.0052571687784706,384.0,0.5751000135205686,70
6121,37,2,2.7951859907261025,0.027951859907261026,0.0755455673169217,6,1,6,6,41,0.004869575046328123,414.0,0.3309000167064369,70
6122,37,1,2.790490191680972,0.02790490191680972,0.07541865382921548,6,1,5,5,39,0.004695799045578042,754.0,0.46140002086758614,36
6123,37,3,2.7829443889900634,0.027829443889900635,0.07521471321594767,10,2,8,8,43,0.0075458026915384835,364.0,0.382099999114871,102
6124,37,6,2.7771865349915323,0.027771865349915322,0.07505909554031169,5,2,4,4,45,0.005757853999440954,264.0,0.3324000281281769,186
6125,37,1,2.7715996236210914,0.027715996236210915,0.07490809793570516,8,1,7,7,39,0.005586911370897951,754.0,0.3643999807536602,36
6126,37,1,2.7667368457516983,0.027667368457516984,0.07477667150680267,6,1,6,6,39,0.004862777869817592,754.0,0.4532000166364014,36
6127,37,2,2.7621032206568987,0.027621032206568988,0.07465143839613239,5,2,4,4,41,0.004633625095365801,384.0,0.4482999793253839,70
6128,37,4,2.7564078163405474,0.027564078163405475,0.07449750854974453,7,3,4,4,45,0.005695404317080488,160.66666666666666,0.6010999786667526,132
6129,37,2,2.7514966619211014,0.027514966619211014,0.07436477464651624,4,1,3,3,41,0.00491115442000023,494.0,0.32619998091831803,70
6130,37,2,2.7470118955921636,0.027470118955921635,0.07424356474573415,5,1,4,4,41,0.004484766329483136,474.0,0.407799961976707,70
6131,37,1,2.743355613229894,0.02743355613229894,0.07414474630351066,4,1,3,3,39,0.003656282362740626,754.0,0.47660002019256353,36
6132,36,1,2.739365351389874,0.02739365351389874,0.07609348198305206,5,1,4,3,39,0.003990261840471021,754.0,0.39090000791475177,36
6133,36,0,2.737995448590924,0.02737995448590924,0.07605542912752568,3,3,3,3,0,0.0013699027989275692,17.0,0.052799994591623545,0
6134,36,0,2.736380933956514,0.02736380933956514,0.07601058149879206,4,4,4,4,0,0.0016145146344115346,17.0,0.050600036047399044,0
6135,36,1,2.732751217210573,0.02732751217210573,0.07590975603362703,3,1,2,2,38,0.0036297167463743563,734.0,0.33080001594498754,35
6136,36,2,2.7289121562622363,0.02728912156262236,0.07580311545172877,3,1,2,2,40,0.0038390609488772043,674.0,0.33549999352544546,68
6137,36,0,2.728070247421756,0.02728070247421756,0.07577972909504878,2,2,2,2,0,0.0008419088404849617,17.0,0.0439999857917428,0
6138,36,2,2.7242483654509346,0.027242483654509347,0.07567356570697042,4,2,2,2,40,0.003821881971362018,374.0,0.2954000374302268,68
6139,36,4,2.717616829603384,0.027176168296033837,0.07548935637787176,9,3,6,6,44,0.006631535848256931,214.0,0.35119999665766954,128
6140,36,0,2.7172596687357964,0.027172596687357962,0.07547943524266101,1,1,1,1,0,0.00035716086759407517,17.0,0.08430000161752105,0
6141,36,2,2.713774192850247,0.02713774192850247,0.07538261646806241,3,1,2,2,40,0.0034854758860802804,514.0,0.401299970690161,68
6142,36,0,2.712409843767615,0.027124098437676148,0.07534471788243376,3,3,3,3,0,0.0013643490826211746,17.0,0.07869995897635818,0
6143,36,1,2.707631000837639,0.02707631000837639,0.07521197224548998,5,1,4,4,38,0.004778842930420524,734.0,0.5293999565765262,35
6144,36,1,2.7033296404877096,0.027033296404877095,0.0750924900135475,4,1,3,3,38,0.0043013603503681,734.0,0.4977000062353909,35
6145,36,3,2.6993350536853407,0.026993350536853408,0.07498152926903726,4,2,2,2,42,0.00399458680298892,254.0,0.40199997602030635,99
6146,36,2,2.6945799950279734,0.026945799950279733,0.0748494443063326,5,2,4,4,40,0.004755058657920586,374.0,0.29880000511184335,68
6147,36,1,2.6922137766957768,0.026922137766957767,0.07478371601932712,1,1,1,1,38,0.0023662183326393915,734.0,0.32649998320266604,35
6148,36,2,2.688794178952925,0.02688794178952925,0.07468872719313681,3,1,2,2,40,0.003419597743388181,474.0,0.3209999995306134,68
6149,36,3,2.683767128883917,0.02683767128883917,0.07454908691344214,5,2,3,3,42,0.005027050069628558,254.0,0.375000003259629,99
6150,36,2,2.681252939710662,0.02681252939710662,0.07447924832529615,1,1,1,1,40,0.0025141891737803235,474.0,0.5374999600462615,68
6151,36,3,2.6770325219907805,0.026770325219907805,0.0743620144997439,4,2,2,2,42,0.004220417720517844,294.0,0.49379997653886676,99
6152,36,1,2.673797532710565,0.02673797532710565,0.07427215368640458,3,1,2,2,38,0.003234989280656464,734.0,0.354600022546947,35
6153,36,3,2.669661542321263,0.02669661542321263,0.07415726506447953,4,2,2,2,42,0.004135990389926292,274.0,0.3018999705091119,99
6154,36,2,2.664731785103292,0.026647317851032918,0.07402032736398034,6,2,4,4,40,0.004929757218491204,374.0,0.387399981264025,68
6155,36,4,2.658592749942627,0.026585927499426273,0.07384979860951743,8,3,5,5,44,0.006139035161396578,207.33333333333334,0.38760004099458456,128
6156,36,0,2.6559648581987503,0.0265596485819875,0.07377680161663194,6,6,6,6,0,0.0026278917438560256,17.0,0.04650000482797623,0
6157,36,2,2.6519430638170576,0.026519430638170575,0.07366508510602937,4,1,3,3,40,0.0040217943822256075,534.0,0.37700001848861575,68
6158,36,2,2.6471233441878446,0.026471233441878447,0.0735312040052179,6,2,4,4,40,0.004819719629765018,374.0,0.3895999980159104,68
6159,36,2,2.6419614215438356,0.026419614215438356,0.07338781726510653,7,2,5,5,40,0.005161922644546735,374.0,0.3065000055357814,68
6160,36,0,2.640592172420259,0.02640592172420259,0.0733497825672294,3,3,3,3,0,0.001369249123570171,17.0,0.060399994254112244,0
6161,36,2,2.635867087438541,0.026358670874385412,0.07321853020662612,6,2,4,4,40,0.004725084982254657,374.0,0.2838000073097646,68
6162,35,2,2.6315573610424754,0.026315573610424754,0.07518735317264215,6,2,4,3,40,0.00430972639659899,374.0,0.41370000690221786,68
6163,34,2,2.626859633642402,0.026268596336424022,0.07726057746007065,6,2,4,4,39,0.004697727400596818,354.0,0.4363000043667853,66
6164,34,3,2.6227999219703237,0.026227999219703237,0.07714117417559775,4,2,2,2,40,0.0040597116726814875,264.0,0.28390000807121396,93
6165,34,2,2.618204281166394,0.02618204281166394,0.07700600826959982,6,2,4,4,38,0.004595640804424761,354.0,0.2865000278688967,64
6166,34,3,2.6128209235544393,0.026128209235544392,0.0768476742221894,7,2,6,6,40,0.005383357612529949,264.0,0.4140000091865659,93
6167,34,2,2.607072363792331,0.02607072363792331,0.07667859893506856,8,2,7,7,38,0.005748559762608352,354.0,0.35990000469610095,64
6168,34,0,2.6056694756434364,0.026056694756434365,0.07663733751892458,3,3,3,3,0,0.001402888148902548,17.0,0.061400001868605614,0
6169,34,2,2.6014190286328804,0.026014190286328804,0.07651232437155531,5,2,3,3,38,0.0042504470110458215,354.0,0.4860000335611403,64
6170,34,0,2.6005398258098835,0.026005398258098836,0.07648646546499657,2,2,2,2,0,0.0008792028230004689,17.0,0.06289995508268476,0
6171,34,1,2.59735683121844,0.0259735683121844,0.07639284797701294,3,1,2,2,36,0.0031829945918815383,694.0,0.3486000350676477,33
6172,34,1,2.5941647668623755,0.025941647668623755,0.07629896373124634,3,1,2,2,36,0.0031920643564689044,694.0,0.4249000339768827,33
6173,34,3,2.5905621779347445,0.025905621779347444,0.07619300523337484,3,1,2,2,40,0.0036025889282313983,274.0,0.30690000858157873,93
6174,34,1,2.5865428662645775,0.025865428662645774,0.07607479018425228,5,1,4,4,36,0.004019311670575121,694.0,0.3774000215344131,33
6175,34,1,2.5837710674253676,0.025837710674253677,0.0759932666889814,2,1,1,1,36,0.002771798839631856,694.0,0.4057000041939318,33
6176,34,4,2.5794948549623036,0.025794948549623036,0.0758674957341854,4,2,2,2,42,0.004276212463736329,284.0,0.3462000167928636,120
6177,34,1,2.57603336755265,0.0257603336755265,0.0757656872809603,3,1,2,2,36,0.0034614874100782345,694.0,0.36750000435858965,33
6178,34,1,2.5721524459594423,0.025721524459594424,0.07565154252821889,5,1,4,4,36,0.003880921593619746,694.0,0.6804000004194677,33
6179,34,3,2.56758239892535,0.0256758239892535,0.07551712938015737,5,1,4,4,40,0.004570047034675895,414.0,0.3364000003784895,93
6180,34,3,2.564001216158349,0.025640012161583493,0.07541180047524557,3,1,2,2,40,0.003581182767575797,534.0,0.367300002835691,93
6181,34,3,2.5600077867989683,0.025600077867989682,0.0752943466705579,4,2,2,2,38,0.003993429359965717,344.0,0.5256999866105616,93
6182,34,0,2.5579612334275583,0.025579612334275584,0.07523415392433995,5,5,5,5,0,0.0020465533714144613,17.0,0.07289997301995754,0
6183,34,2,2.5538763891325975,0.025538763891325974,0.0751140114450764,4,1,3,3,38,0.004084844295476842,614.0,0.6832999642938375,64
6184,34,3,2.5498062143417863,0.025498062143417863,0.07499430042181725,4,1,4,4,40,0.0040701747913800546,234.0,0.3095999709330499,93
6185,34,2,2.544627547624695,0.025446275476246952,0.07484198669484399,6,1,5,5,38,0.005178666717583269,634.0,0.3377000102773309,64
6186,34,0,2.542185603402068,0.025421856034020678,0.07477016480594319,6,6,6,6,0,0.00244194422262467,17.0,0.06490002851933241,0
6187,34,2,2.53667050859427,0.025366705085942697,0.07460795613512558,8,2,6,6,38,0.0055150948083309,354.0,0.39000000106170774,64
6188,34,0,2.535373265938419,0.02535373265938419,0.07456980193936526,3,3,3,3,0,0.00129724265585196,17.0,0.07589999586343765,0
6189,34,4,2.5305748515398023,0.025305748515398022,0.07442867210411183,5,2,4,4,42,0.004798414399274975,184.0,0.47530001029372215,120
6190,34,3,2.5266187385627843,0.025266187385627845,0.0743123158400819,4,2,2,2,40,0.003956112977618886,234.0,0.3218000056222081,93
6191,34,0,2.525753747570569,0.02525753747570569,0.07428687492854616,2,2,2,2,0,0.0008649909921985,17.0,0.058999983593821526,0
6192,34,2,2.522442360739578,0.025224423607395782,0.07418948119822288,3,1,2,2,38,0.003311386831498453,474.0,0.35550002939999104,64
6193,34,1,2.5194327206401415,0.025194327206401416,0.07410096237176887,3,1,2,2,36,0.0030096400998473882,694.0,0.362000020686537,33
6194,34,0,2.5185256651464796,0.025185256651464795,0.0740742842690141,2,2,2,2,0,0.0009070554936840836,17.0,0.06550003308802843,0
6195,34,1,2.513731161946471,0.025137311619464708,0.07393326946901385,6,1,5,5,36,0.00479450320042929,694.0,0.3597000031732023,33
6196,34,3,2.5101126719586313,0.025101126719586312,0.07382684329290091,3,2,2,2,40,0.0036184899884261768,214.0,0.36830001045018435,93
6197,33,1,2.5073480488296136,0.025073480488296135,0.07598024390392769,3,0,3,0,36,0.0027646231294227164,0.0,0.43840002035722136,33
6198,33,4,2.5030664773763247,0.025030664773763246,0.07585049931443408,4,2,2,2,41,0.004281571453930155,144.0,0.3978000022470951,116
6199,33,0,2.5017240418135316,0.025017240418135314,0.0758098194488949,3,3,3,3,0,0.001342435562790456,17.0,0.05800003418698907,0
6200,33,2,2.497472792832513,0.02497472792832513,0.07568099372219736,5,2,4,4,37,0.004251248981532285,344.0,0.30519999563694,62
6201,33,1,2.4940604499449734,0.024940604499449733,0.07557758939227192,3,1,2,2,35,0.0034123428879269113,674.0,0.6055000121705234,32
6202,33,3,2.490347181982507,0.024903471819825072,0.07546506612068203,3,1,2,2,39,0.003713267963021849,514.0,0.30499999411404133,90
6203,33,0,2.4894604076103093,0.024894604076103093,0.07543819417000938,2,2,2,2,0,0.0008867743722049681,17.0,0.06009999196976423,0
6204,33,2,2.486661989118633,0.02486661989118633,0.07535339360965554,2,1,2,2,37,0.0027984184921905353,414.0,0.2891999902203679,62
6205,33,3,2.481471720342344,0.02481471720342344,0.07519611273764679,7,2,5,5,39,0.005190268776843254,264.0,0.29260001610964537,90
6206,33,3,2.477527869365633,0.02477527869365633,0.07507660210198888,4,2,3,3,39,0.00394385097729355,314.0,0.32489997101947665,90
6207,33,3,2.4732475701421572,0.024732475701421574,0.07494689606491385,5,2,3,3,39,0.004280299224035389,234.0,0.32460002694278955,90
6208,33,2,2.4697485913033037,0.024697485913033036,0.07484086640313042,3,1,2,2,37,0.003498978839346023,554.0,0.361700018402189,62
6209,33,2,2.4650401043092858,0.024650401043092858,0.07469818497906927,6,2,4,4,37,0.004708486994502437,344.0,0.35769998794421554,62
6210,33,1,2.4618992626882013,0.02461899262688201,0.07460300796024852,3,1,3,3,35,0.0031408416215015222,674.0,0.43000001460313797,32
6211,33,0,2.4606178717003093,0.02460617871700309,0.0745641779303124,3,3,3,3,0,0.0012813909878985896,17.0,0.06530003156512976,0
6212,33,1,2.456243751937444,0.02456243751937444,0.07443162884658922,5,1,4,4,35,0.004374119763255635,674.0,0.3940000315196812,32
6213,33,0,2.4553195218171395,0.024553195218171394,0.07440362187324666,2,2,2,2,0,0.0009242301203187253,17.0,0.05010003224015236,0
6214,33,0,2.4537381636618054,0.024537381636618054,0.0743557019291456,4,4,4,4,0,0.0015813581553345557,17.0,0.05789997521787882,0
6215,33,2,2.448810302384036,0.02448810302384036,0.07420637279951624,7,2,6,6,37,0.004927861278247292,344.0,0.44680002611130476,62
6216,33,1,2.4441903900750632,0.02444190390075063,0.0740663754568201,5,1,4,4,35,0.00461991230937997,674.0,0.3147000097669661,32
6217,33,4,2.4389369023840826,0.024389369023840826,0.07390717886012371,6,2,4,4,41,0.005253487691618375,244.0,0.30200002947822213,116
6218,33,1,2.4338282656351455,0.024338282656351455,0.0737523716859135,7,1,6,6,35,0.005108636749341144,674.0,0.5743000074289739,32
6219,33,2,2.428855360481904,0.02428855360481904,0.07360167759036071,7,2,5,5,37,0.004972905153721285,344.0,0.35610003396868706,62
6220,33,2,2.4239738143392673,0.024239738143392673,0.07345375194967477,7,2,5,5,37,0.0048815461431388485,344.0,0.3449000068940222,62
6221,33,3,2.420405658225404,0.02420405658225404,0.07334562600683042,3,1,2,2,39,0.0035681561144400575,354.0,0.38189999759197235,90
6222,33,1,2.4165392834416326,0.024165392834416325,0.07322846313459491,5,1,4,4,35,0.003866374784180948,674.0,0.43079996248707175,32
6223,33,0,2.41584369164916,0.0241584369164916,0.07320738459542908,2,2,2,2,0,0.0006955917924784671,17.0,0.06079999729990959,0
6224,33,2,2.41137971283621,0.0241137971283621,0.07307211251018819,6,2,4,4,37,0.004463978813419089,344.0,0.2783999661915004,62
6225,33,2,2.4072231757182077,0.024072231757182077,0.07294615683994568,5,2,4,4,37,0.004156537118504389,344.0,0.3428999916650355,62
6226,33,4,2.398963724680129,0.02398963724680129,0.07269587044485239,13,4,10,10,41,0.008259451038725274,179.0,0.3263999824412167,116
6227,33,3,2.3923281377846504,0.023923281377846505,0.07249479205408033,10,3,7,7,39,0.006635586896052814,234.0,0.32320001628249884,90
6228,33,1,2.3869295609783037,0.023869295609783035,0.07233119881752435,7,1,6,6,35,0.005398576806740607,674.0,0.3440000000409782,32
6229,33,0,2.3853117116251723,0.023853117116251724,0.07228217307955069,4,4,4,4,0,0.0016178493531242566,17.0,0.0722000258974731,0
6230,33,2,2.3794543909512864,0.023794543909512866,0.07210467851367534,9,2,7,7,37,0.005857320674365951,344.0,0.42400002712383866,62
6231,33,3,2.374122936559967,0.02374122936559967,0.07194311928969598,7,2,5,5,39,0.005331454391907187,304.0,0.30960002914071083,90
6232,33,2,2.3683125174957342,0.023683125174957343,0.07176704598471921,9,2,8,8,37,0.005810419064715688,344.0,0.36120001459494233,62
6233,33,1,2.364394808924235,0.02364394808924235,0.07164832754315864,4,1,4,4,35,0.003917708571890444,674.0,0.2877999795600772,32
6234,33,1,2.35946074688359,0.0235946074688359,0.07149881051162393,6,1,5,5,35,0.00493406204104474,674.0,0.3513999981805682,32
6235,33,1,2.3546532601250356,0.023546532601250357,0.07135312909469804,6,1,5,5,35,0.004807486758963364,674.0,0.3425999893806875,32
6236,33,2,2.349121354498954,0.02349121354498954,0.07118549559087739,8,2,7,7,37,0.0055319056265688005,344.0,0.36150001687929034,62
6237,33,1,2.3447530450737926,0.023447530450737927,0.07105312257799372,6,1,5,5,35,0.0043683094255584365,674.0,0.3112000413239002,32
6238,33,0,2.34231170498312,0.0234231170498312,0.07097914257524605,6,6,6,6,0,0.0024413400906553306,17.0,0.03620004281401634,0
6239,33,2,2.336277783315135,0.023362777833151348,0.07079629646409498,8,2,6,6,37,0.006033921668475273,344.0,0.32839999767020345,62
6240,33,2,2.332128166578821,0.02332128166578821,0.07067055050238853,5,2,3,3,37,0.0041496167368251236,344.0,0.39630004903301597,62
6241,33,3,2.3273640738450765,0.023273640738450764,0.0705261840559114,5,1,4,4,37,0.0047640927342911255,554.0,0.3622999647632241,90
6242,33,1,2.3234161423481434,0.023234161423481434,0.07040654976812558,5,1,4,4,35,0.003947931497336299,674.0,0.3616000176407397,32
6243,33,3,2.317790196507764,0.02317790196507764,0.07023606656084132,7,3,5,5,39,0.005625945840961322,234.0,0.3501999890431762,90
6244,33,2,2.3139608285983218,0.02313960828598322,0.07012002510904006,4,1,3,3,37,0.0038293679099155042,534.0,0.44819997856393456,62
6245,33,1,2.3098745235485074,0.023098745235485073,0.0699961976832881,5,1,4,4,35,0.00408630505022245,674.0,0.29470003210008144,32
6246,33,2,2.3057047938888244,0.023057047938888246,0.06986984223905529,5,2,3,3,37,0.004169729660176813,344.0,0.3399000270292163,62
6247,33,0,2.3036985026729813,0.023036985026729812,0.06980904553554489,5,5,5,5,0,0.0020062912158351764,17.0,0.06210000719875097,0
6248,33,1,2.299236311338599,0.02299236311338599,0.06967382761632118,6,1,5,5,35,0.004462191334781096,674.0,0.37969998084008694,32
6249,33,4,2.2928925539900664,0.022928925539900665,0.06948159254515351,9,4,6,6,41,0.006343757349185353,179.0,0.3637999761849642,116
6250,33,2,2.2886769308257144,0.022886769308257143,0.06935384638865802,5,2,3,3,37,0.004215623164824933,344.0,0.3599999472498894,62
6251,33,1,2.284354739083497,0.02284354739083497,0.06922287088131811,6,1,6,6,35,0.00432219174261661,674.0,0.29420002829283476,32
6252,33,1,2.2801227040795427,0.022801227040795426,0.06909462739634978,6,1,5,5,35,0.004232035004378076,674.0,0.4608000162988901,32
6253,33,0,2.2789026342456093,0.022789026342456095,0.06905765558320029,3,3,3,3,0,0.001220069833919979,17.0,0.05170004442334175,0
6254,33,1,2.2737083033219805,0.022737083033219804,0.06890025161581757,8,1,7,7,35,0.005194330924027213,674.0,0.3541000187397003,32
6255,33,1,2.2698232926797672,0.022698232926797672,0.06878252402059902,4,1,3,3,35,0.0038850106426195907,674.0,0.34820003202185035,32
6256,33,3,2.266035551394941,0.022660355513949407,0.06866774398166488,3,1,2,2,39,0.0037877412853930537,534.0,0.33900002017617226,90
6257,33,2,2.2627257263776617,0.022627257263776616,0.06856744625386854,3,1,2,2,37,0.0033098250177658883,334.0,0.3294000052846968,62
6258,33,0,2.260894210983865,0.02260894210983865,0.06851194578738985,4,4,4,4,0,0.001831515393803329,17.0,0.04499999340623617,0
6259,33,3,2.256119076885963,0.02256119076885963,0.0683672447541201,6,3,3,3,39,0.004775134098451872,234.0,0.28849998489022255,90
6260,33,1,2.252289728630931,0.02252289728630931,0.06825120389790701,4,1,3,3,35,0.003829348255450782,674.0,0.3400000277906656,32
6261,33,1,2.2479193802000434,0.022479193802000433,0.068118769096971,6,1,5,5,35,0.004370348431280036,674.0,0.33650000113993883,32
6262,33,3,2.243002045603893,0.022430020456038927,0.06796975895769372,6,2,4,4,39,0.004917334596711953,324.0,0.40740001713857055,90
6263,33,2,2.2397666658601496,0.022397666658601496,0.06787171714727727,3,2,2,2,37,0.0032353797442254972,344.0,0.464299984741956,62
6264,33,1,2.2355796143297972,0.02235579614329797,0.06774483679787265,5,1,4,4,35,0.004187051530763597,674.0,0.3000000142492354,32
6265,33,3,2.2316773647464743,0.022316773647464743,0.06762658681049923,4,1,3,3,39,0.0039022495838878513,294.0,0.5313999718055129,90
6266,33,3,2.2269116806202596,0.022269116806202596,0.06748217214000786,6,3,3,3,39,0.004765684126780911,234.0,0.3245000261813402,90
6267,33,1,2.2234600385520706,0.022234600385520706,0.06737757692582033,4,1,3,3,35,0.0034516420685974936,674.0,0.42459997348487377,32
6268,33,1,2.2196414459610048,0.02219641445961005,0.06726186199881835,3,1,2,2,35,0.00381859259147177,674.0,0.40380004793405533,32
6269,33,1,2.216693324973449,0.02216693324973449,0.06717252499919542,2,1,1,1,35,0.002948120987952052,674.0,0.3994999569840729,32
6270,33,1,2.213102857826112,0.02213102857826112,0.06706372296442764,4,1,3,3,35,0.0035904671477453576,674.0,0.396900053601712,32
6271,33,3,2.2092171730630237,0.022092171730630238,0.06694597494130375,4,2,2,2,39,0.0038856847636594694,274.0,0.3342999843880534,90
6272,33,1,2.2051244934368213,0.022051244934368212,0.06682195434657036,5,1,4,4,35,0.004092679626609197,674.0,0.42509997729212046,32
6273,33,2,2.1998110993432274,0.021998110993432275,0.06666094240434023,7,2,5,5,37,0.005313394094088153,344.0,0.27219997718930244,62
6274,33,1,2.1958773567811543,0.02195877356781154,0.06654173808427742,4,1,3,3,35,0.003933742562466591,674.0,0.32220000866800547,32
6275,33,2,2.1913134784522197,0.021913134784522198,0.06640343874097636,6,2,4,4,37,0.004563878329420845,344.0,0.3494999837130308,62
6276,33,1,2.184182572012819,0.021841825720128192,0.06618735066705513,8,1,7,7,35,0.007130906439812179,674.0,0.382099999114871,32
6277,33,2,2.18034548629283,0.021803454862928298,0.06607107534220696,4,1,4,4,37,0.0038370857204625963,454.0,0.520800007507205,62
6278,33,1,2.177110902204079,0.02177110902204079,0.06597305764254786,3,1,2,2,35,0.003234584089156556,674.0,0.33519999124109745,32
6279,33,2,2.172740351110136,0.021727403511101362,0.06584061670030716,5,1,4,4,37,0.004370551094439179,534.0,0.340400030836463,62
6280,33,1,2.169813388811062,0.02169813388811062,0.06575192087306247,3,1,2,2,35,0.0029269622994831934,674.0,0.30559999868273735,32
6281,33,1,2.165621667703467,0.02165621667703467,0.06562489902131718,5,1,4,4,35,0.004191721108000479,674.0,0.2902999985963106,32
6282,33,3,2.1622207685176145,0.021622207685176146,0.06552184147023074,3,2,2,2,39,0.003400899186431161,274.0,0.3763000131584704,90
6283,33,3,2.159096326064516,0.021590963260645163,0.06542716139589443,2,1,1,1,39,0.0031244424536538418,214.0,0.34110003616660833,90
6284,33,1,2.156427929002469,0.02156427929002469,0.0653463008788627,2,1,1,1,35,0.002668397062464578,674.0,0.3562000347301364,32
6285,33,2,2.15237786684309,0.0215237786684309,0.06522357172251787,4,1,3,3,37,0.0040500621598624775,534.0,0.34169998252764344,62
6286,33,2,2.1494930330803133,0.021494930330803134,0.06513615251758526,2,1,1,1,37,0.0028848337632609855,234.0,0.5786999827250838,62
6287,33,1,2.1458415198201366,0.021458415198201367,0.0650255006006102,4,1,3,3,35,0.0036515132606069756,674.0,0.360500009264797,32
6288,33,5,2.1400658809089244,0.021400658809089243,0.06485048123966439,7,4,4,4,41,0.00577563891189925,164.0,0.2826999989338219,140
6289,33,2,2.135003918475796,0.02135003918475796,0.06469708843866048,7,2,5,5,37,0.005061962433615008,344.0,0.327400048263371,62
6290,33,1,2.1304080978266806,0.021304080978266807,0.06455782114626306,6,1,5,5,35,0.004595820649527127,674.0,0.27899997076019645,32
6291,33,3,2.1264213020988203,0.0212642130209882,0.0644370091545097,4,2,2,2,39,0.003986795728422976,244.0,0.325599976349622,90
6292,33,1,2.123707946240016,0.021237079462400162,0.06435478624969745,2,1,1,1,35,0.002713355859199851,674.0,0.3845000173896551,32
6293,33,1,2.119309763114785,0.02119309763114785,0.06422150797317529,5,1,4,4,35,0.00439818312564455,674.0,0.278000021353364,32
6294,33,1,2.114019005391901,0.02114019005391901,0.06406118198157276,6,1,5,5,35,0.005290757723273032,674.0,0.2906000008806586,32
6295,33,2,2.109319536799581,0.02109319536799581,0.06391877384241154,5,1,5,5,37,0.004699468592818334,634.0,0.2694000140763819,62
6296,33,2,2.1054719849676298,0.021054719849676298,0.06380218136265545,4,1,3,3,37,0.003847551832421914,454.0,0.3273999900557101,62
6297,33,1,2.101569044826968,0.02101569044826968,0.06368391044930206,4,1,3,3,35,0.0039029401410886067,674.0,0.32970000756904483,32
6298,33,0,2.1001815685183916,0.021001815685183917,0.06364186571267855,3,3,3,3,0,0.001387476308565283,17.0,0.045599997974932194,0
6299,33,0,2.098346016827478,0.02098346016827478,0.063586242934166,4,4,4,4,0,0.0018355516909025482,17.0,0.03609998384490609,0
6300,33,1,2.094770138708068,0.020947701387080683,0.06347788299115358,4,1,3,3,35,0.0035758781198325096,674.0,0.39010000182315707,32
6301,32,1,2.0929350243855493,0.020929350243855494,0.0654042195120484,3,0,3,0,22,0.0018351143226738031,0.0,0.42860000394284725,32
6302,32,4,2.0882918639223194,0.020882918639223192,0.06525912074757248,5,3,4,4,40,0.004643160463857043,207.33333333333334,0.27710001450031996,112
6303,32,2,2.0853098640459993,0.02085309864045999,0.06516593325143748,2,1,1,1,36,0.0029819998767948164,454.0,0.3457000129856169,60
6304,32,0,2.083526620942315,0.02083526620942315,0.06511020690444733,4,4,4,4,0,0.0017832431036737262,17.0,0.06569997640326619,0
6305,32,2,2.0802702926010053,0.020802702926010053,0.0650084466437814,3,1,2,2,36,0.003256328341791459,454.0,0.32759999157860875,60
6306,32,1,2.07682827416958,0.020768282741695798,0.06490088356779936,3,1,2,2,34,0.0034420184318122438,654.0,0.32780005130916834,31
6307,32,0,2.0754522245108076,0.020754522245108077,0.06485788201596272,3,3,3,3,0,0.0013760496587735815,17.0,0.06130000110715628,0
6308,32,1,2.0710459321597696,0.020710459321597697,0.0647201853799928,5,1,4,4,34,0.004406292351447405,654.0,0.32110000029206276,31
6309,32,3,2.066310607701123,0.020663106077011228,0.06457220649066009,6,2,5,5,38,0.004735324459176127,314.0,0.33110001822933555,87
6310,32,1,2.0632912939557357,0.02063291293955736,0.06447785293611674,3,1,2,2,34,0.00301931374578146,654.0,0.30479999259114265,31
6311,32,2,2.058751800004836,0.020587518000048363,0.06433599375015114,6,2,5,5,36,0.004539493951369877,334.0,0.2628000220283866,60
6312,32,5,2.0540005184044503,0.020540005184044502,0.06418751620013907,5,2,3,3,42,0.004751281601059532,134.0,0.3040999872609973,135
6313,32,1,2.0507124290021244,0.020507124290021245,0.0640847634063164,3,1,2,2,34,0.0032880894027158547,654.0,0.2544000162743032,31
6314,32,1,2.0479768116038133,0.020479768116038133,0.06399927536261917,2,1,1,1,34,0.002735617398698764,654.0,0.26980001712217927,31
6315,32,1,2.045099962842328,0.02045099962842328,0.06390937383882275,3,1,2,2,34,0.002876848761900419,654.0,0.3461999585852027,31
6316,32,0,2.044312175082847,0.02044312175082847,0.06388475547133896,2,2,2,2,0,0.0007877877594779648,17.0,0.046600005589425564,0
6317,32,2,2.0399983982330157,0.020399983982330158,0.06374994994478173,6,2,4,4,36,0.0043137768503100915,334.0,0.31809997744858265,60
6318,32,2,2.0362918382827977,0.02036291838282798,0.06363411994633743,3,1,2,2,36,0.003706559950686028,594.0,0.33850001636892557,60
6319,32,3,2.031741540782817,0.02031741540782817,0.06349192314946303,5,1,4,4,38,0.004550297500529155,494.0,0.24729996221140027,87
6320,32,1,2.02783258741565,0.0202783258741565,0.06336976835673908,4,1,3,3,34,0.003908953367556478,654.0,0.27819996466860175,31
6321,32,2,2.0247101306319135,0.020247101306319137,0.06327219158224728,3,1,2,2,36,0.0031224567842258466,434.0,0.33900002017617226,60
6322,32,2,2.0202336573147783,0.020202336573147784,0.06313230179108684,6,2,5,5,36,0.004476473317595264,334.0,0.340400030836463,60
6323,32,3,2.0164063956907503,0.020164063956907504,0.06301269986533595,4,1,3,3,38,0.003827261624579137,374.0,0.3339999821037054,87
6324,32,1,2.011210602906905,0.02011210602906905,0.0628503313408408,6,1,5,5,34,0.005195792784235209,654.0,0.35389995900914073,31
6325,32,6,2.003745842385402,0.020037458423854022,0.06261705757454383,11,4,7,7,42,0.007464760522225333,149.0,0.3065000055357814,156
6326,32,1,2.0001077608217095,0.020001077608217094,0.06250336752567842,4,1,3,3,34,0.003638081564091067,654.0,0.34820003202185035,31
6327,32,1,1.996551249901969,0.01996551249901969,0.06239222655943654,4,1,3,3,34,0.0035565109201485257,654.0,0.27550000231713057,31
6328,32,1,1.9900539203990082,0.019900539203990084,0.062189185012469,9,1,8,8,34,0.006497329503332594,654.0,0.33330003498122096,31
6329,32,1,1.9854316062939876,0.019854316062939876,0.06204473769668712,5,1,4,4,34,0.004622314105404257,654.0,0.33359997905790806,31
6330,32,1,1.9808469785194227,0.019808469785194228,0.06190146807873195,6,1,5,5,34,0.004584627774960381,654.0,0.34580001374706626,31
6331,32,1,1.9756183028340344,0.019756183028340344,0.06173807196356357,8,1,7,7,34,0.005228675685785333,654.0,0.6959999445825815,31
6332,32,0,1.974766597059649,0.01974766597059649,0.06171145615811402,2,2,2,2,0,0.000851705774380207,17.0,0.04730001091957092,0
6333,32,2,1.9703169862698808,0.019703169862698808,0.061572405820933776,6,2,5,5,36,0.004449610790231873,334.0,0.27849996695294976,60
6334,32,0,1.9680829343543893,0.01968082934354389,0.061502591698574666,5,5,5,5,0,0.00223405191547954,17.0,0.052099989261478186,0
6335,32,2,1.9649397006970168,0.01964939700697017,0.06140436564678177,3,1,2,2,36,0.0031432336578660625,434.0,0.332099967636168,60
6336,32,2,1.959402547250441,0.01959402547250441,0.06123132960157629,8,2,6,6,36,0.005537153447050969,334.0,0.291000003926456,60
6337,32,1,1.9556834413378554,0.019556834413378556,0.06111510754180799,4,1,3,3,34,0.0037191059129781934,654.0,0.2625000197440386,31
6338,32,2,1.9498995109203692,0.019498995109203693,0.060934359716261544,8,2,6,6,36,0.005783930417962324,334.0,0.2739999908953905,60
6339,32,2,1.945864147828923,0.01945864147828923,0.06080825461965383,5,2,4,4,36,0.004035363091915656,334.0,0.25859999004751444,60
6340,32,3,1.9411151469790207,0.019411151469790208,0.0606598483430944,6,2,5,5,38,0.004749000850438279,284.0,0.28219999512657523,87
6341,32,3,1.9356440956874117,0.019356440956874117,0.060488877990231615,8,3,6,6,38,0.005471051292175844,227.33333333333334,0.31809997744858265,87
6342,32,1,1.9314292179577102,0.0193142921795771,0.06035716306117844,5,1,5,5,34,0.004214877730078115,654.0,0.2945999731309712,31
6343,32,1,1.927333918690982,0.019273339186909818,0.06022918495909318,5,1,4,4,34,0.004095299267135033,654.0,0.3195999888703227,31
6344,32,1,1.923398173272837,0.019233981732728368,0.06010619291477616,5,1,4,4,34,0.003935745418530701,654.0,0.3649999853223562,31
6345,32,2,1.9176431410097916,0.019176431410097915,0.05992634815655598,8,2,6,6,36,0.005755032263508042,334.0,0.3142000059597194,60
6346,32,5,1.9133149507758267,0.019133149507758268,0.05979109221174458,4,2,3,3,42,0.004328190234659246,104.0,0.4112999886274338,135
6347,32,0,1.9115280309809355,0.019115280309809354,0.059735250968154234,4,4,4,4,0,0.0017869197948812143,17.0,0.05540001438930631,0
6348,32,0,1.908103053749095,0.01908103053749095,0.05962822042965922,8,8,8,8,0,0.0034249772318446503,17.0,0.045900000259280205,0
6349,32,0,1.9051249683486204,0.019051249683486204,0.05953515526089438,7,7,7,7,0,0.0029780854004570756,17.0,0.05820003570988774,0
6350,32,1,1.9002079125725049,0.01900207912572505,0.05938149726789077,6,1,5,5,34,0.004917055776502366,654.0,0.3245000261813402,31
6351,32,2,1.8960041473463758,0.018960041473463758,0.05925012960457425,5,2,3,3,36,0.0042037652266202485,334.0,0.3301999531686306,60
6352,32,1,1.8908288171682417,0.018908288171682417,0.05908840053650756,7,1,6,6,34,0.0051753301785169015,654.0,0.3445000038482249,31
6353,30,2,1.8859240654887117,0.018859240654887116,0.0628641355162904,7,1,5,3,36,0.004904751679987385,514.0,0.3713999758474529,60
6354,30,0,1.8850246149436065,0.018850246149436065,0.06283415383145356,2,2,2,2,0,0.000899450545119862,17.0,0.051099981646984816,0
6355,30,3,1.8808811086278174,0.018808811086278174,0.06269603695426057,5,2,3,3,36,0.004143506316310663,114.0,0.30280003556981683,81
6356,30,0,1.8790990615839513,0.018790990615839512,0.06263663538613172,4,4,4,4,0,0.0017820470438607572,17.0,0.05269999383017421,0
6357,30,4,1.8750313128584608,0.01875031312858461,0.0625010437619487,4,2,2,2,38,0.004067748726086506,204.0,0.298700004350394,104
6358,30,3,1.870853682506512,0.01870853682506512,0.062361789416883744,5,2,3,3,36,0.00417763035245855,244.0,0.4403999773785472,81
6359,30,0,1.8690886362202195,0.018690886362202196,0.06230295454067398,4,4,4,4,0,0.0017650462862945915,17.0,0.029999995604157448,0
6360,30,3,1.8653776565219127,0.018653776565219125,0.06217925521739708,4,2,3,3,36,0.00371097969882328,184.0,0.2666999935172498,81
6361,30,2,1.8614400897782983,0.018614400897782983,0.06204800299260994,5,2,3,3,34,0.003937566744028231,314.0,0.39469997864216566,56
6362,30,1,1.856426042459589,0.018564260424595892,0.0618808680819863,6,1,5,5,32,0.0050140473190793955,614.0,0.3114999854005873,29
6363,30,2,1.8536197467591418,0.018536197467591418,0.06178732489197138,2,1,1,1,34,0.002806295700906958,554.0,0.30339998193085194,56
6364,30,1,1.850301349174083,0.01850301349174083,0.0616767116391361,4,1,3,3,32,0.0033183975854171877,614.0,0.367900007404387,29
6365,30,1,1.8470530529024667,0.018470530529024667,0.06156843509674889,4,1,3,3,32,0.00324829627199108,614.0,0.29880000511184335,29
6366,30,0,1.8458413125416562,0.018458413125416562,0.06152804375138854,3,3,3,3,0,0.0012117403608158384,17.0,0.05859998054802418,0
6367,30,1,1.8428830127189284,0.018428830127189284,0.06142943375729761,3,1,2,2,32,0.0029582998230779367,614.0,0.30720001086592674,29
6368,30,0,1.8416712723581177,0.018416712723581176,0.06138904241193726,3,3,3,3,0,0.0012117403608158384,17.0,0.05779997445642948,0
6369,30,3,1.8383707581615731,0.01838370758161573,0.06127902527205244,3,1,2,2,36,0.0033005141970505747,414.0,0.28959999326616526,81
6370,30,1,1.8359300931852525,0.018359300931852524,0.06119766977284176,2,1,1,1,32,0.002440664976688822,614.0,0.3021999727934599,29
6371,30,2,1.8329035841323083,0.01832903584132308,0.06109678613774361,3,1,2,2,34,0.0030265090533845296,374.0,0.3198999911546707,56
6372,30,2,1.831097919261647,0.01831097919261647,0.06103659730872157,0,0,0,0,34,0.0018056648711137768,0.0,0.26300002355128527,56
6373,30,2,1.8282543270553049,0.01828254327055305,0.0609418109018435,2,1,2,2,34,0.0028435922067586716,434.0,0.30049995984882116,56
6374,30,0,1.8264856545561285,0.018264856545561287,0.06088285515187096,4,4,4,4,0,0.0017686724991818892,17.0,0.049900030717253685,0
6375,30,3,1.822732438942502,0.01822732438942502,0.060757747964750065,4,2,3,3,36,0.00375321561415376,204.0,0.32649998320266604,81
6376,30,2,1.8191794857873238,0.01819179485787324,0.060639316192910804,4,2,2,2,34,0.0035529531556193206,314.0,0.37020002491772175,56
6377,30,0,1.8187368072600354,0.018187368072600355,0.06062456024200118,1,1,1,1,0,0.0004426785272784173,17.0,0.04919996717944741,0
6378,30,2,1.8155816699714316,0.018155816699714316,0.06051938899904772,3,1,2,2,34,0.0031551372890561424,474.0,0.2722999779507518,56
6379,30,2,1.812098480413707,0.01812098480413707,0.06040328268045691,4,2,2,2,34,0.00348318955816751,314.0,0.2883999841287732,56
6380,30,2,1.8085846272815447,0.018085846272815446,0.060286154242718146,4,2,2,2,34,0.0035138531325884514,314.0,0.30479999259114265,56
6381,30,1,1.8060697857121928,0.01806069785712193,0.060202326190406434,2,1,1,1,32,0.002514841569720261,614.0,0.30420004623010755,29
6382,30,0,1.8043355727659067,0.01804335572765907,0.060144519092196896,4,4,4,4,0,0.001734212946274738,17.0,0.05760003114119172,0
6383,30,2,1.8006589511214126,0.018006589511214127,0.06002196503738042,4,2,2,2,34,0.0036766216449422018,314.0,0.3169000265188515,56
6384,30,3,1.796134771193319,0.017961347711933192,0.05987115903977729,6,3,4,4,36,0.004524179928594663,214.0,0.3760000108741224,81
6385,30,2,1.7943174235693622,0.017943174235693624,0.059810580785645405,0,0,0,0,34,0.001817347624395893,0.0,0.3535000141710043,56
6386,30,2,1.7906252623087837,0.017906252623087836,0.05968750874362612,4,1,3,3,34,0.0036921612610285592,474.0,0.32210000790655613,56
6387,30,2,1.7870793389665918,0.017870793389665917,0.059569311298886395,4,2,2,2,34,0.0035459233426280434,314.0,0.36400003591552377,56
6388,30,3,1.7833826819308383,0.017833826819308382,0.059446089397694614,4,2,3,3,36,0.0036966570362579887,214.0,0.401299970690161,81
6389,30,0,1.7824942926829814,0.017824942926829814,0.05941647642276605,2,2,2,2,0,0.0008883892478621647,17.0,0.05549995694309473,0
6390,30,3,1.778825333327017,0.01778825333327017,0.05929417777756725,4,2,2,2,36,0.0036689593564744882,214.0,0.31460000900551677,81
6391,30,0,1.7776246542634548,0.017776246542634547,0.05925415514211516,3,3,3,3,0,0.0012006790635723519,17.0,0.05069997860118747,0
6392,30,2,1.7746579737063348,0.01774657973706335,0.059155265790211145,2,1,1,1,34,0.002966680557562995,214.0,0.319099985063076,56
6393,30,0,1.7743008128387476,0.017743008128387475,0.05914336042795824,1,1,1,1,0,0.00035716086759407517,17.0,0.04950002767145634,0
6394,30,0,1.7734631392511235,0.017734631392511236,0.05911543797503745,2,2,2,2,0,0.0008376735876254315,17.0,0.046200002543628216,0
6395,30,4,1.770738603726838,0.01770738603726838,0.059024620124227926,1,1,1,1,38,0.0027245355248624037,74.0,0.29450003057718277,104
6396,30,2,1.767794837415607,0.01767794837415607,0.05892649458052024,2,1,1,1,34,0.0029437663116596013,294.0,0.3220000071451068,56
6397,30,0,1.765684335812247,0.017656843358122468,0.058856144527074904,5,5,5,5,0,0.0021105016033544644,17.0,0.039700011257082224,0
6398,30,0,1.7644204603508835,0.017644204603508837,0.058814015345029454,3,3,3,3,0,0.001263875461361863,17.0,0.032800016924738884,0
6399,30,2,1.7618074790631533,0.017618074790631533,0.05872691596877178,2,1,1,1,34,0.002612981288180549,414.0,0.26790000265464187,56
6400,29,4,1.7570441172211402,0.0175704411722114,0.06058772818003932,6,3,3,3,37,0.00476336184254933,167.33333333333334,0.5970000056549907,104
6401,29,3,1.7522106965535882,0.017522106965535883,0.06042105850184787,7,3,5,5,35,0.004833420668049371,207.33333333333334,0.3572999848984182,78
6402,29,2,1.7476996747301863,0.017476996747301864,0.060265506025178835,6,2,5,5,33,0.004511021823830674,304.0,0.2691000117920339,54
6403,29,1,1.7431455054948821,0.017431455054948822,0.06010846570672008,5,1,4,4,31,0.004554169235646555,594.0,0.31640002271160483,28
6404,29,1,1.7403900975427824,0.017403900975427825,0.06001345163940628,3,1,2,2,31,0.002755407952449218,594.0,0.42310002027079463,28
6405,29,0,1.7395711538978602,0.017395711538978603,0.05998521220337448,2,2,2,2,0,0.0008189436449299592,17.0,0.05100003909319639,0
6406,29,3,1.7359247749731535,0.017359247749731535,0.059859474999074264,4,2,2,2,35,0.0036463789252110246,174.0,0.27000001864507794,78
6407,29,2,1.7329041273025305,0.017329041273025304,0.05975531473457001,3,1,2,2,33,0.0030206476710361585,314.0,0.31179998768493533,54
6408,29,1,1.7298378773696668,0.01729837877369667,0.059649581978264365,3,1,2,2,31,0.0030662499332407833,594.0,0.35749998642131686,28
6409,29,0,1.7293573646496299,0.017293573646496297,0.05963301257412516,1,1,1,1,0,0.00048051272003135637,17.0,0.05719996988773346,0
6410,29,1,1.7261010225026083,0.017261010225026085,0.059520724913883036,4,1,3,3,31,0.0032563421473668086,594.0,0.3187000402249396,28
6411,29,2,1.7226397268254352,0.017226397268254354,0.059401369890532234,4,2,3,3,33,0.003461295677595899,304.0,0.4778000293299556,54
6412,29,2,1.718581359539126,0.01718581359539126,0.05926142619100434,5,2,3,3,33,0.004058367286731368,304.0,0.3139000036753714,54
6413,29,1,1.7155505460752174,0.017155505460752174,0.059156915381904054,3,1,2,2,31,0.003030813464263815,594.0,0.2837000065483153,28
6414,29,1,1.7124409635674025,0.017124409635674024,0.05904968839887595,3,1,2,2,31,0.003109582508173503,594.0,0.3083999617956579,28
6415,29,2,1.7090094568605725,0.017090094568605725,0.05893136058139905,4,1,3,3,33,0.003431506707258336,454.0,0.33760000951588154,54
6416,29,0,1.708064453150782,0.01708064453150782,0.05889877424657869,2,2,2,2,0,0.0009450037098019948,17.0,0.043000036384910345,0
6417,29,0,1.7071160748011334,0.017071160748011335,0.058866071544866665,2,2,2,2,0,0.0009483783496477827,17.0,0.04369998350739479,0
6418,29,1,1.7037352780040487,0.017037352780040486,0.058749492344967194,4,1,3,3,31,0.0033807967974155417,594.0,0.304899993352592,28
6419,29,2,1.7003708086375977,0.01700370808637598,0.05863347615991716,4,2,2,2,33,0.003364469366886169,304.0,0.38139999378472567,54
6420,29,0,1.6977246892180429,0.016977246892180428,0.05854223066269113,6,6,6,6,0,0.002646119419551951,17.0,0.0610999995842576,0
6421,29,1,1.6937787708993528,0.016937787708993526,0.058406164513770786,4,1,3,3,31,0.003945918319033126,594.0,0.3166000242345035,28
6422,29,2,1.6892386099597312,0.016892386099597312,0.05824960723999074,6,2,5,5,33,0.004540160940052829,304.0,0.27279998175799847,54
6423,29,2,1.6848773260347476,0.016848773260347477,0.05809921813912923,6,2,4,4,33,0.004361283925419457,304.0,0.33350003650411963,54
6424,29,0,1.683940380817311,0.01683940380817311,0.05806690968335555,2,2,2,2,0,0.0009369452174325943,17.0,0.06049999501556158,0
6425,29,1,1.6793231070714492,0.016793231070714492,0.05790769334729135,7,1,6,6,31,0.004617273746205797,594.0,0.3771000192500651,28
6426,29,2,1.674611530427214,0.01674611530427214,0.05774522518714532,7,2,5,5,33,0.004711576644652382,304.0,0.3203999949619174,54
6427,29,2,1.6707833896075865,0.016707833896075865,0.05761322033129608,5,2,3,3,33,0.0038281408200475653,304.0,0.3182999789714813,54
6428,29,0,1.6688847593151617,0.016688847593151618,0.05754775032121247,5,5,5,5,0,0.0018986302924304255,17.0,0.0638000201433897,0
6429,29,0,1.6675497805050836,0.016675497805050836,0.057501716569140805,3,3,3,3,0,0.001334978810078269,17.0,0.06180000491440296,0
6430,29,3,1.6617300864468605,0.016617300864468606,0.05730103746368485,9,3,7,7,35,0.005819694058729397,207.33333333333334,0.33769995206966996,78
6431,29,2,1.6568477895961575,0.016568477895961574,0.057132682399867504,7,2,5,5,33,0.004882296851107526,304.0,0.3142000059597194,54
6432,29,3,1.6524497221974461,0.016524497221974462,0.05698102490336021,6,3,4,4,33,0.0043980673992081165,207.33333333333334,0.4135000053793192,78
6433,29,0,1.649908987220115,0.01649908987220115,0.056893413352417765,6,6,6,6,0,0.002540734977316106,17.0,0.048200017772614956,0
6434,29,2,1.6450352983870282,0.016450352983870282,0.05672535511679408,7,2,5,5,33,0.004873688833527012,304.0,0.362000020686537,54
6435,29,3,1.6404729844970591,0.01640472984497059,0.05656803394817445,6,3,5,5,35,0.0045623138904744565,207.33333333333334,0.29390002600848675,78
6436,29,1,1.6356833971256832,0.016356833971256833,0.056402875762954593,6,1,6,6,31,0.004789587371718085,594.0,0.3730999887920916,28
6437,29,3,1.6319197706944661,0.016319197706944663,0.05627309554118849,4,2,2,2,35,0.003763626431705802,144.0,0.299000006634742,78
6438,28,1,1.6280708737869893,0.016280708737869895,0.058145388349535344,5,0,4,0,31,0.0038488969078400714,0.0,0.30999997397884727,28
6439,28,1,1.6256211873050859,0.01625621187305086,0.05805789954661021,2,1,1,1,30,0.002449686482236757,574.0,0.28410000959411263,27
6440,28,1,1.624155196227702,0.016241551962277022,0.05800554272241794,0,0,0,0,30,0.0014659910777368168,0.0,0.3326000296510756,27
6441,28,2,1.6207076541576966,0.016207076541576965,0.057882416219917736,4,2,2,2,32,0.003447542070404097,294.0,0.35829999251291156,52
6442,28,0,1.6199314376702634,0.016199314376702634,0.057854694202509396,2,2,2,2,0,0.0007762164874236532,17.0,0.112100038677454,0
6443,28,0,1.6182565168757936,0.016182565168757938,0.05779487560270692,4,4,4,4,0,0.0016749207944712907,17.0,0.057500030379742384,0
6444,28,0,1.6156896164768069,0.016156896164768068,0.05770320058845739,6,6,6,6,0,0.0025669003989747807,17.0,0.049400026910007,0
6445,28,4,1.6109654157162616,0.016109654157162617,0.05753447913272363,6,2,4,4,36,0.004724200761074826,124.0,0.38760004099458456,96
6446,28,0,1.6095420308963453,0.01609542030896345,0.05748364396058376,3,3,3,3,0,0.0014233848199154409,17.0,0.05099998088553548,0
6447,28,1,1.6054027023596409,0.016054027023596408,0.05733581079855861,5,1,5,5,30,0.004139328537064557,574.0,0.2533000078983605,27
6448,28,3,1.6014114007809304,0.016014114007809305,0.05719326431360466,5,2,3,3,34,0.003991301579162609,194.0,0.2443999983370304,75
6449,28,0,1.6009687222536417,0.016009687222536418,0.05717745436620149,1,1,1,1,0,0.00044267852729262813,17.0,0.04910002462565899,0
6450,28,2,1.5970834550172557,0.015970834550172557,0.05703869482204484,5,2,3,3,32,0.0038852672368108188,294.0,0.3356000524945557,52
6451,28,0,1.5957705411689262,0.01595770541168926,0.056991805041747376,3,3,3,3,0,0.0013129138483236602,17.0,0.06000004941597581,0
6452,28,3,1.5930086146682223,0.01593008614668222,0.05689316480957938,2,1,1,1,34,0.002761926501179346,354.0,0.2590000513009727,75
6453,28,1,1.5897097079237756,0.015897097079237758,0.05677534671156342,3,1,2,2,30,0.00329890674478861,574.0,0.3461999585852027,27
6454,28,2,1.5871433763855987,0.015871433763855986,0.05668369201377138,2,1,1,1,32,0.002566331538574218,334.0,0.3006000188179314,52
6455,28,1,1.5846506521567156,0.015846506521567157,0.05659466614845415,2,1,1,1,30,0.0024927242292278606,574.0,0.3074000123888254,27
6456,28,0,1.5842697732173419,0.01584269773217342,0.05658106332919079,1,1,1,1,0,0.00038087893938154593,17.0,0.047200010158121586,0
6457,28,4,1.5808160012756052,0.01580816001275605,0.05645771433127161,3,2,2,2,36,0.0034537719422615965,104.0,0.2989000058732927,96
6458,28,4,1.5778975238664978,0.015778975238664977,0.05635348299523207,2,1,1,1,36,0.002918477409650677,214.0,0.27869996847584844,96
6459,28,0,1.5771264577649355,0.015771264577649356,0.05632594492017627,2,2,2,2,0,0.0007710661015636333,17.0,0.03339996328577399,0
6460,28,1,1.5738287726179265,0.015738287726179266,0.056208170450640235,3,1,2,2,30,0.003297685147344964,574.0,0.41099998634308577,27
6461,28,1,1.5705927258653007,0.015705927258653007,0.05609259735233218,3,1,2,2,30,0.0032360467529741754,574.0,0.26080000679939985,27
6462,28,0,1.56937898123645,0.0156937898123645,0.056049249329873214,3,3,3,3,0,0.0012137446288420506,17.0,0.15009997878223658,0
6463,28,0,1.567756239216091,0.01567756239216091,0.05599129425771753,4,4,4,4,0,0.00162274202037338,17.0,0.07940002251416445,0
6464,28,1,1.5652935748990144,0.015652935748990144,0.05590334196067909,2,1,1,1,30,0.002462664317420149,574.0,0.26270002126693726,27
6465,28,2,1.5617987098722856,0.015617987098722856,0.05577852535258163,4,2,3,3,32,0.0034948650271218185,294.0,0.2511999919079244,52
6466,28,1,1.5589260412946635,0.015589260412946636,0.055675930046237984,3,1,2,2,30,0.002872668577978743,574.0,0.3142000059597194,27
6467,28,1,1.5561762618991293,0.015561762618991292,0.055577723639254624,3,1,2,2,30,0.0027497793958701777,574.0,0.3260999801568687,27
6468,28,2,1.5537483678560224,0.015537483678560225,0.05549101313771509,2,1,1,1,32,0.0024278940435067398,394.0,0.3082000184804201,52
6469,28,1,1.5514081535472775,0.015514081535472775,0.0554074340552599,2,1,1,1,30,0.0023402143090862637,574.0,0.32980000833049417,27
6470,28,3,1.5495470388924018,0.015495470388924017,0.055340965674728626,0,0,0,0,34,0.0018611146553553226,0.0,0.3266999847255647,75
6471,28,0,1.5491568517302132,0.015491568517302132,0.055327030418936184,1,1,1,1,0,0.00039018716219629823,17.0,0.05139998393133283,0
6472,28,1,1.5463559691409339,0.01546355969140934,0.05522699889789049,3,1,2,2,30,0.0028008825896108647,574.0,0.34309999318793416,27
6473,28,3,1.543648306701198,0.015436483067011978,0.05513029666789993,2,1,1,1,34,0.0027076624402155858,374.0,0.2519999979995191,75
6474,28,1,1.5413808560751117,0.015413808560751117,0.055049316288396856,2,1,1,1,30,0.0022674506264337424,574.0,0.24140003370121121,27
6475,28,4,1.537998687677435,0.01537998687677435,0.05492852455990841,3,2,2,2,36,0.003382168398218255,164.0,0.2902999985963106,96
6476,28,3,1.5361160694937162,0.015361160694937162,0.05486128819620416,0,0,0,0,34,0.0018826181841973266,0.0,0.28499995823949575,75
6477,28,1,1.533380553739104,0.01533380553739104,0.05476359120496802,2,1,1,1,30,0.002735515754935136,574.0,0.29390002600848675,27
6478,28,2,1.5300887113971515,0.015300887113971515,0.054646025407041124,4,2,2,2,32,0.0032918423423637933,294.0,0.2992000081576407,52
6479,27,0,1.5290686288633755,0.015290686288633755,0.05663217143938429,3,2,3,2,0,0.0010200825337705055,17.0,0.0371999922208488,0
6480,27,0,1.5286596314718672,0.015286596314718673,0.056617023387846944,1,1,1,1,0,0.00040899739151711856,17.0,0.06690004374831915,0
6481,27,1,1.5262265007717062,0.015262265007717062,0.05652690743598911,2,1,1,1,29,0.002433130700495667,554.0,0.3108999808318913,26
6482,27,1,1.5230432157872813,0.015230432157872812,0.05640900799212153,4,1,3,3,29,0.003183284984757506,554.0,0.27409999165683985,26
6483,27,2,1.5205539931237473,0.015205539931237473,0.05631681456013879,2,1,1,1,31,0.0024892226639110504,434.0,0.2510999911464751,50
6484,27,0,1.520144995732239,0.01520144995732239,0.056301666508601446,1,1,1,1,0,0.00040899739151711856,17.0,0.05099998088553548,0
6485,27,0,1.5194188565466458,0.015194188565466457,0.05627477246469059,2,2,2,2,0,0.0007261391855877264,17.0,0.04830001853406429,0
6486,27,0,1.518250038833764,0.015182500388337641,0.05623148291976904,3,3,3,3,0,0.0011688177128803545,17.0,0.062700011767447,0
6487,27,1,1.5156167794324593,0.015156167794324594,0.0561339547937948,3,1,2,2,29,0.002633259401633836,554.0,0.30999997397884727,26
6488,27,2,1.512364151075289,0.01512364151075289,0.05601348707686255,4,2,2,2,31,0.003252628357572007,284.0,0.3038999857380986,50
6489,27,0,1.5115649665215922,0.015115649665215922,0.05598388764894786,2,2,2,2,0,0.0007991845536992059,17.0,0.061700004152953625,0
6490,27,2,1.507844510599381,0.01507844510599381,0.05584609298516226,5,2,3,3,31,0.0037204559225898493,284.0,0.2956999815069139,50
6491,27,0,1.5070453260456842,0.015070453260456841,0.05581649355724756,2,2,2,2,0,0.0007991845536992059,17.0,0.05820003570988774,0
6492,27,1,1.505607778938813,0.015056077789388129,0.055763251071807886,0,0,0,0,29,0.0014375471072014534,0.0,0.3609000123105943,26
6493,27,2,1.5026753762427407,0.015026753762427408,0.05565464356454597,3,1,2,2,31,0.002932402696487202,334.0,0.32729998929426074,50
6494,27,4,1.5006910316846416,0.015006910316846415,0.05558114932165338,0,0,0,0,35,0.0019843445585934205,0.0,0.23710000095888972,92
6495,27,2,1.4965986787715453,0.014965986787715452,0.055429580695242425,5,2,4,4,31,0.00409235291350285,284.0,0.24770002346485853,50
6496,27,3,1.4924463874984544,0.014924463874984544,0.05527579212957237,5,2,3,3,33,0.004152291273527453,234.0,0.2823999966494739,72
6497,27,4,1.4888267523263083,0.014888267523263084,0.05514173156764105,4,2,3,3,35,0.0036196351726829334,194.0,0.3633000305853784,92
6498,27,0,1.4871119428420236,0.014871119428420237,0.05507822010526015,4,4,4,4,0,0.001714809484283819,17.0,0.04299997817724943,0
6499,27,2,1.4837274735709767,0.014837274735709767,0.05495286939151765,4,2,2,2,31,0.0033844692714382063,284.0,0.27790002059191465,50
6500,27,4,1.4796555453207592,0.014796555453207592,0.05480205723410219,5,2,3,3,33,0.004071928250709789,244.0,0.4723999882116914,92
6501,27,0,1.477919446705674,0.01477919446705674,0.05473775728539533,4,4,4,4,0,0.0017360986150833924,17.0,0.05470000905916095,0
6502,27,3,1.4747769921540503,0.014747769921540503,0.05462137007977965,3,1,2,2,33,0.0031424545520764013,314.0,1.6703999717719853,72
6503,27,3,1.471132712710883,0.01471132712710883,0.054486396767069754,4,2,2,2,33,0.00364427944361978,214.0,0.262899964582175,72
6504,27,2,1.4681913718891013,0.014681913718891014,0.05437745821811486,2,1,1,1,31,0.0029413408221898862,494.0,0.24349999148398638,50
6505,27,2,1.4662359481028284,0.014662359481028285,0.05430503511491957,1,1,1,1,31,0.0019554237866685753,414.0,0.3150000120513141,50
6506,27,0,1.4655087710523107,0.014655087710523106,0.054278102631567064,2,2,2,2,0,0.0007271770505212771,17.0,0.053099996875971556,0
6507,27,3,1.462334147772027,0.014623341477720271,0.05416052399155656,3,1,2,2,33,0.0031746232807279284,354.0,0.2965000458061695,72
6508,27,2,1.4585975013782626,0.014585975013782625,0.05402212968067639,5,2,3,3,31,0.003736646394159493,284.0,0.2617000136524439,50
6509,27,2,1.455714981172913,0.01455714981172913,0.053915369673070854,3,1,2,2,31,0.002882520205744754,294.0,0.26699999580159783,50
6510,27,1,1.4521976095816245,0.014521976095816245,0.05378509665117127,3,1,2,2,29,0.0035173715916130277,554.0,0.29009999707341194,26
6511,27,2,1.449277573107943,0.01449277573107943,0.05367694715214603,3,1,2,2,31,0.0029200364740660234,214.0,0.23479998344555497,50
6512,27,0,1.4483528068015568,0.014483528068015568,0.0536426965482058,2,2,2,2,0,0.0009247663063831624,17.0,0.033100019209086895,0
6513,27,0,1.4479173968768377,0.014479173968768378,0.053626570254697685,1,1,1,1,0,0.00043540992473367623,17.0,0.03489997470751405,0
6514,27,1,1.4441652072734417,0.014441652072734417,0.05348760026938673,5,1,4,4,29,0.0037521896037162605,554.0,0.34309999318793416,26
6515,27,0,1.4432535384268483,0.014432535384268483,0.05345383475654994,2,2,2,2,0,0.0009116688465837797,17.0,0.05749997217208147,0
6516,27,0,1.4419884497838023,0.014419884497838022,0.0534069796216223,3,3,3,3,0,0.0012650886430378705,17.0,0.044599990360438824,0
6517,27,1,1.439210467712131,0.01439210467712131,0.053304091396745586,3,1,2,2,29,0.0027779820720041926,554.0,0.23259996669366956,26
6518,27,0,1.438363950462877,0.01438363950462877,0.05327273890603247,2,2,2,2,0,0.0008465172492435613,17.0,0.03339996328577399,0
6519,27,1,1.4350875044192768,0.014350875044192768,0.05315138905256581,3,1,2,2,29,0.0032764460439409504,554.0,0.23600005079060793,26
6520,27,1,1.4327349263599785,0.014327349263599784,0.053064256531851046,2,1,1,1,29,0.0023525780596145296,554.0,0.29009999707341194,26
6521,27,0,1.431030686721079,0.01431030686721079,0.05300113654522514,4,4,4,4,0,0.001704239638911531,17.0,0.06350001785904169,0
6522,27,1,1.4282844090563116,0.014282844090563115,0.052899422557641164,3,1,2,2,29,0.002746277665082175,554.0,0.35669998032972217,26
6523,27,0,1.4270244230037612,0.014270244230037612,0.05285275640754671,3,3,3,3,0,0.001259986052559725,17.0,0.058100034948438406,0
6524,26,2,1.4236543377241835,0.014236543377241834,0.05475593606631475,5,2,3,2,31,0.0033700852799682934,284.0,0.27790002059191465,50
6525,26,2,1.421218038007745,0.01421218038007745,0.054662232231067115,2,1,1,1,30,0.0024362997168339007,214.0,0.21959998412057757,48
6526,26,0,1.420293271701359,0.01420293271701359,0.054626664296206114,2,2,2,2,0,0.0009247663063831624,17.0,0.057299970649182796,0
6527,26,1,1.416727700705214,0.014167277007052139,0.05448952695020053,5,1,4,4,28,0.003565570996457268,534.0,0.23549998877570033,25
6528,26,2,1.4141596148096935,0.014141596148096935,0.05439075441575744,2,1,1,1,30,0.0025680858959020725,374.0,0.44890004210174084,48
6529,26,2,1.4106965313469382,0.014106965313469381,0.05425755889795916,3,1,2,2,30,0.003463083463145722,494.0,0.3902000025846064,48
6530,26,4,1.4070695739735275,0.014070695739735274,0.05411806053744338,4,2,3,3,34,0.003626957373882078,124.0,0.30259997583925724,88
6531,26,1,1.403074023774105,0.01403074023774105,0.053964385529773264,5,1,4,4,28,0.003995550199732634,534.0,0.28630002634599805,25
6532,26,1,1.4005224968614114,0.014005224968614114,0.05386624987928505,2,1,1,1,28,0.0025515269130096385,534.0,0.30610000248998404,25
6533,26,2,1.3967706648758482,0.013967706648758483,0.05372194864907109,5,1,4,4,30,0.003751831985951526,314.0,0.2452000044286251,48
6534,26,1,1.3921302041917714,0.013921302041917714,0.05354346939199121,5,1,4,4,28,0.004640460684399272,534.0,0.31699996907263994,25
6535,26,3,1.3885488038768814,0.013885488038768814,0.05340572322603391,4,2,2,2,32,0.0035814003153262775,244.0,0.21869997726753354,69
6536,26,0,1.3873344606643414,0.013873344606643414,0.05335901771785929,3,3,3,3,0,0.001214343212524227,17.0,0.03350002225488424,0
6537,26,2,1.3857992712283234,0.013857992712283234,0.05329997197032013,0,0,0,0,30,0.0015351894364101781,0.0,0.26270002126693726,48
6538,26,1,1.3826841938843137,0.013826841938843138,0.05318016130324284,4,1,3,3,28,0.0031150773443187063,534.0,0.34580001374706626,25
6539,26,1,1.379628069482937,0.01379628069482937,0.05306261805703605,4,1,3,3,28,0.003056124401695115,534.0,0.21839997498318553,25
6540,26,1,1.3764016371650798,0.013764016371650797,0.05293852450634922,4,1,3,3,28,0.003226432318172101,534.0,0.24720001965761185,25
6541,26,0,1.375930117994894,0.01375930117994894,0.052920389153649765,1,1,1,1,0,0.0004715191701762933,17.0,0.05139998393133283,0
6542,26,2,1.3714505225301348,0.013714505225301347,0.0527480970203898,6,2,4,4,30,0.0044795954651277725,274.0,0.4233000217936933,48
6543,26,1,1.3683780967860064,0.013683780967860064,0.052629926799461796,3,1,2,2,28,0.003072425744448992,534.0,0.3282999969087541,25
6544,26,2,1.3658617911796531,0.013658617911796532,0.05253314581460204,2,1,1,1,30,0.0025163056067185607,254.0,0.3032999811694026,48
6545,26,2,1.36102273849878,0.013610227384987801,0.052347028403799234,6,2,4,4,30,0.004839052681262501,274.0,0.29180001001805067,48
6546,26,0,1.3600615585978595,0.013600615585978595,0.05231005994607152,2,2,2,2,0,0.0009611799009121569,17.0,0.05760003114119172,0
6547,26,2,1.3559975005839924,0.013559975005839924,0.052153750022461254,4,1,3,3,30,0.004064058014265015,454.0,0.2815999905578792,48
6548,26,1,1.3522340288837613,0.013522340288837613,0.052009001110913895,4,1,3,3,28,0.0037634717005232687,534.0,0.3918000147677958,25
6549,26,1,1.3489958563490738,0.013489958563490738,0.051884456013425916,4,1,3,3,28,0.003238172535020567,534.0,0.29469997389242053,25
6550,26,0,1.3476987400919804,0.013476987400919804,0.05183456692661463,3,3,3,3,0,0.001297116257092057,17.0,0.04369998350739479,0
6551,26,1,1.345076866489242,0.01345076866489242,0.05173372563420163,3,1,2,2,28,0.00262187360304722,534.0,0.24289998691529036,25
6552,26,2,1.3412664245641588,0.013412664245641588,0.05158717017554457,5,2,3,3,30,0.0038104419254665345,274.0,0.2543999580666423,48
6553,26,1,1.3388046250197412,0.013388046250197412,0.05149248557768235,2,1,1,1,28,0.002461799544732912,534.0,0.34579995553940535,25
6554,26,0,1.3379708423914725,0.013379708423914725,0.051460417015056624,2,2,2,2,0,0.0008337826282627248,17.0,0.049400026910007,0
6555,26,3,1.3340566885242688,0.013340566885242688,0.0513098726355488,5,2,3,3,32,0.003914153867626169,244.0,0.27029996272176504,69
6556,26,0,1.3324294452399887,0.013324294452399887,0.05124728635538418,4,4,4,4,0,0.001627243284275437,17.0,0.043899985030293465,0
6557,26,3,1.328178645544509,0.01328178645544509,0.05108379405940419,6,3,4,4,32,0.0042507996959244565,187.33333333333334,0.3206999972462654,69
6558,26,3,1.3239343057565693,0.013239343057565694,0.050920550221406506,6,2,4,4,32,0.004244339788385787,204.0,0.3233000170439482,69
6559,26,1,1.3212732090185257,0.013212732090185258,0.05081820034686638,3,1,2,2,28,0.002661096738350466,534.0,0.3315000212751329,25
6560,26,0,1.3196700917205644,0.013196700917205643,0.050756541989252474,4,4,4,4,0,0.00160311729794671,17.0,0.06769999163225293,0
6561,26,1,1.3154462655311103,0.013154462655311103,0.05059408713581193,6,1,5,5,28,0.00422382618978645,534.0,0.24890003260225058,25
6562,26,2,1.3108248325338645,0.013108248325338644,0.050416339712840944,7,2,5,5,30,0.004621432997623742,274.0,0.2329999697394669,48
6563,26,1,1.3081366884917138,0.013081366884917138,0.05031294955737361,3,1,2,2,28,0.0026881440424659786,534.0,0.3198000486008823,25
6564,26,2,1.3048176645017466,0.013048176645017466,0.05018529478852872,4,1,3,3,30,0.0033190239903291285,214.0,0.24850002955645323,48
6565,26,1,1.3019972096799983,0.013019972096799982,0.050076815756923014,3,1,2,2,28,0.0028204548220571724,534.0,0.4229999613016844,25
6566,26,1,1.2980974542925856,0.012980974542925856,0.04992682516509945,4,1,3,3,28,0.0038997553877351265,534.0,0.3236999618820846,25
6567,26,3,1.2950908450588279,0.012950908450588279,0.049811186348416456,3,2,2,2,32,0.0030066092342053707,194.0,0.22789998911321163,69
6568,26,0,1.294619325888642,0.012946193258886421,0.049793050995717,1,1,1,1,0,0.00047151917019050416,17.0,0.04740001168102026,0
6569,26,2,1.2913273917246346,0.012913273917246346,0.04966643814325518,4,2,2,2,30,0.00329193416438045,274.0,0.26539998361840844,48
6570,26,3,1.2895969317971105,0.012895969317971106,0.04959988199219656,0,0,0,0,32,0.0017304599279555077,0.0,0.2665999927558005,69
6571,26,3,1.2861337076729404,0.012861337076729405,0.04946668106434386,4,2,2,2,32,0.0034632241246015383,204.0,0.2731999848037958,69
6572,26,1,1.2831222919583682,0.012831222919583683,0.04935085738301416,3,1,2,2,28,0.003011415714894383,534.0,0.4382000188343227,25
6573,26,2,1.2815231454955236,0.012815231454955237,0.049289351749827834,0,0,0,0,30,0.0015991464632207908,0.0,0.23340003099292517,48
6574,26,0,1.2815231454955236,0.012815231454955237,0.049289351749827834,0,0,0,0,0,0.0,0.0,0.03539997851476073,0
6575,26,0,1.2815231454955236,0.012815231454955237,0.049289351749827834,0,0,0,0,0,0.0,0.0,0.03090000245720148,0
6576,26,1,1.2800885340429486,0.012800885340429486,0.04923417438626725,0,0,0,0,28,0.001434611452893364,0.0,0.30099996365606785,25
6577,26,0,1.2797262705848658,0.012797262705848658,0.04922024117634099,1,1,1,1,0,0.0003622634580722206,17.0,0.03749999450519681,0
6578,26,2,1.2781478579406407,0.012781478579406407,0.04915953299771695,0,0,0,0,30,0.0015784126446192204,0.0,0.2430000458844006,48
6579,26,1,1.2750057591113737,0.012750057591113736,0.04903868304274514,4,1,3,3,28,0.0031420988295707275,534.0,0.23280002642422915,25
6580,26,2,1.2725443115934059,0.012725443115934059,0.048944011984361754,2,1,1,1,30,0.002461447518342652,94.0,0.2747999969869852,48
6581,26,1,1.2692459285470692,0.012692459285470692,0.0488171510979642,4,1,3,3,28,0.0032983830466690733,534.0,0.3265999839641154,25
6582,26,2,1.26663586738629,0.0126663586738629,0.048716764130241924,2,1,1,1,30,0.0026100611611497015,394.0,0.2549000200815499,48
6583,26,0,1.2656862750784281,0.012656862750784282,0.04868024134917031,2,2,2,2,0,0.0009495923078475244,17.0,0.051499984692782164,0
6584,26,0,1.2639656166690039,0.01263965616669004,0.048614062179577075,4,4,4,4,0,0.0017206584094253685,17.0,0.05229999078437686,0
6585,26,2,1.2606239491483282,0.012606239491483283,0.048485536505704925,4,2,2,2,30,0.0033416675210560243,274.0,0.2954999799840152,48
6586,26,0,1.2588041215194254,0.012588041215194254,0.04841554313536252,4,4,4,4,0,0.0018198276288927673,17.0,0.0619000056758523,0
6587,26,1,1.2561595454888648,0.012561595454888648,0.04831382867264865,3,1,2,2,28,0.0026445760308888566,534.0,0.2992999507114291,25
6588,26,2,1.2520413947028177,0.012520413947028177,0.04815543825780068,6,2,5,5,30,0.00411815078642519,274.0,0.31670002499595284,48
6589,26,3,1.2484310849668545,0.012484310849668546,0.048016580191032866,4,2,3,3,32,0.003610309736401973,164.0,0.2280999906361103,69
6590,26,1,1.2442597358854628,0.012442597358854628,0.04785614368790241,6,1,5,5,28,0.004171349081701692,534.0,0.28820004081353545,25
6591,26,2,1.239968564594156,0.012399685645941561,0.04769109863823677,6,2,4,4,30,0.004291171291683327,274.0,0.2794000320136547,48
6592,26,0,1.2379084647334222,0.012379084647334221,0.04761186402820854,5,5,5,5,0,0.0020600998607278598,17.0,0.048399961087852716,0
6593,26,1,1.2325738317731336,0.012325738317731337,0.04740668583742821,7,1,6,6,28,0.005334632960597219,534.0,0.3011999651789665,25
6594,26,1,1.2279303982018899,0.012279303982018899,0.047228092238534226,7,1,6,6,28,0.00464343357155883,534.0,0.2846000134013593,25
6595,26,1,1.2228250682544455,0.012228250682544455,0.04703173339440175,6,1,5,5,28,0.0051053299477530345,534.0,0.30830001924186945,25
6596,26,0,1.2207088930479983,0.012207088930479983,0.04695034204030763,5,5,5,5,0,0.0021161752064386974,17.0,0.0467000063508749,0
6597,26,5,1.2158061445566501,0.012158061445566502,0.04676177479064039,7,3,5,5,34,0.004902748491872444,154.0,0.30909996712580323,105
6598,26,1,1.2122493629086746,0.012122493629086746,0.04662497549648748,5,1,4,4,28,0.003556781648299534,534.0,0.29230001382529736,25
6599,26,1,1.2080755286305591,0.01208075528630559,0.046464443408867656,6,1,5,5,28,0.004173834278418553,534.0,0.24880003184080124,25
6600,26,3,1.2021810971830433,0.012021810971830433,0.04623773450704013,10,3,7,7,32,0.0058944314479418836,187.33333333333334,0.24839997058734298,69
6601,26,1,1.198060932181556,0.01198060932181556,0.04607926662236754,6,1,6,6,28,0.004120165001793907,534.0,0.3019000287167728,25
6602,26,1,1.1957839671894668,0.011957839671894668,0.045991691045748725,2,1,1,1,28,0.002276964992432795,534.0,0.30149996746331453,25
6603,26,0,1.1941504975095327,0.011941504975095328,0.04592886528882818,4,4,4,4,0,0.0016334696799162884,17.0,0.060999998822808266,0
6604,25,3,1.1896752831826083,0.011896752831826084,0.047587011327304335,7,3,4,3,32,0.00447521432735698,187.33333333333334,0.28089998522773385,69
6605,25,2,1.18686630284075,0.0118686630284075,0.04747465211363001,3,2,2,2,29,0.0028089803422375326,264.0,0.27679995400831103,46
6606,25,3,1.184419328015308,0.011844193280153079,0.04737677312061231,2,1,1,1,31,0.002446974825858206,314.0,0.22230000467970967,66
6607,24,2,1.182322537454433,0.011823225374544331,0.04926343906060138,2,0,1,0,29,0.002096790561239459,0.0,0.9063999750651419,46
6608,24,0,1.1818934163045516,0.011818934163045516,0.04924555901268965,1,1,1,1,0,0.00042912114989235306,17.0,0.06619998021051288,0
6609,24,1,1.1787616702515011,0.011787616702515012,0.049115069593812545,4,1,3,3,26,0.003131746053341544,494.0,0.2620000159367919,23
6610,24,3,1.1762676819455078,0.011762676819455078,0.04901115341439616,2,1,1,1,30,0.0024939883063836987,154.0,0.19999995129182935,63
6611,24,0,1.1758586845539996,0.011758586845539995,0.048994111856416646,1,1,1,1,0,0.00040899739151711856,17.0,0.04469999112188816,0
6612,24,1,1.1736357753005844,0.011736357753005845,0.04890149063752436,2,1,1,1,26,0.0022229092537031647,494.0,0.8385000401176512,23
6613,24,0,1.1719820877541305,0.011719820877541304,0.048832586989755435,4,4,4,4,0,0.0016536875464510103,17.0,0.03659998765215278,0
6614,24,1,1.1692051909440573,0.011692051909440573,0.048716882956002384,3,1,2,2,26,0.0027768968103742964,494.0,0.2082999562844634,23
6615,24,0,1.1684376388692905,0.011684376388692906,0.048684901619553765,2,2,2,2,0,0.0007675520747625342,17.0,0.0323000131174922,0
6616,24,0,1.1671929487143449,0.011671929487143448,0.04863303952976437,3,3,3,3,0,0.0012446901549338918,17.0,0.03519997699186206,0
6617,23,1,1.1639632098574864,0.011639632098574864,0.05060709608076028,4,1,3,2,26,0.003229738857143616,494.0,0.2574000391177833,23
6618,23,3,1.1624332337132797,0.011624332337132797,0.05054057537883825,0,0,0,0,29,0.0015299761445959348,0.0,0.23509998572990298,60
6619,23,0,1.1620948027883944,0.011620948027883944,0.050525860990799754,1,1,1,1,0,0.0003384309248701811,17.0,0.031400006264448166,0
6620,23,2,1.1594566448503443,0.011594566448503443,0.0504111584717541,3,1,2,2,27,0.0026381579383922826,294.0,0.26320002507418394,42
6621,23,1,1.1554384768843495,0.011554384768843495,0.05023645551671084,5,1,4,4,25,0.004018167966265196,474.0,0.3043999895453453,22
6622,23,1,1.1525116040132812,0.011525116040132812,0.05010920017449049,4,1,3,3,25,0.002926872871341857,474.0,0.3265999839641154,22
6623,23,1,1.1502904725507828,0.011502904725507827,0.05001262924133837,2,1,2,2,25,0.002221131462775361,474.0,0.2207000507041812,22
6624,23,3,1.1475739264878588,0.011475739264878588,0.049894518542950385,3,1,2,2,29,0.002716546063311398,174.0,0.2774999593384564,60
6625,23,0,1.146579076923832,0.01146579076923832,0.04985126421407965,2,2,2,2,0,0.0009948495640230703,17.0,0.053099996875971556,0
6626,23,0,1.1461499557739505,0.011461499557739506,0.04983260677278046,1,1,1,1,0,0.0004291211498781422,17.0,0.04449998959898949,0
6627,23,1,1.1431844583448554,0.011431844583448553,0.049703672101950244,3,1,2,2,25,0.0029654974293578107,474.0,0.2174999681301415,22
6628,23,2,1.1413838957263847,0.011413838957263847,0.049625386770712376,1,1,1,1,27,0.001800562618811341,394.0,0.21609995746985078,42
6629,23,0,1.1391846885630659,0.011391846885630658,0.049529769067959376,5,5,5,5,0,0.002199207163315009,17.0,0.05539995618164539,0
6630,23,3,1.1363777281537317,0.011363777281537318,0.04940772731103182,3,1,2,2,29,0.0028069604096998546,194.0,0.2607000060379505,60
6631,23,3,1.133557086768007,0.01133557086768007,0.04928509072904378,3,2,2,2,29,0.0028206413860942803,204.0,0.23960001999512315,60
6632,23,1,1.1295121238290826,0.011295121238290826,0.04910922277517751,5,1,4,4,25,0.004044962939218522,474.0,0.24620001204311848,22
6633,23,0,1.1287647757993071,0.01128764775799307,0.04907672938257857,2,2,2,2,0,0.0007473480297619517,17.0,0.04870002157986164,0
6634,23,0,1.1271192270318249,0.011271192270318248,0.049005183783992386,4,4,4,4,0,0.0016455487674704727,17.0,0.04409998655319214,0
6635,23,2,1.1231325925885647,0.011231325925885646,0.04883185185167673,6,2,4,4,27,0.003986634443620574,244.0,0.21999998716637492,42
6636,23,1,1.11965657461562,0.0111965657461562,0.04868072063546175,5,1,4,4,25,0.0034760179732131746,474.0,0.19729998894035816,22
6637,23,1,1.115571290066111,0.01115571290066111,0.04850309956809178,5,1,4,4,25,0.00408528454977386,474.0,0.23710000095888972,22
6638,23,1,1.1126123600517288,0.011126123600517289,0.048374450437031695,4,1,4,4,25,0.0029589300146568576,474.0,0.2655000425875187,22
6639,23,0,1.1101618488981224,0.011101618488981224,0.04826790647383141,6,6,6,6,0,0.00245051115359729,17.0,0.03370002377778292,0
6640,23,2,1.1061697952200142,0.011061697952200142,0.048094338922609316,6,2,4,4,27,0.003992053678445018,244.0,0.27199997566640377,42
6641,23,0,1.1037639327623172,0.011037639327623172,0.04798973620705728,6,6,6,6,0,0.002405862457692365,17.0,0.0467000063508749,0
6642,23,3,1.0999184236661663,0.010999184236661663,0.04782254015939853,5,1,4,4,29,0.003845509096521482,354.0,0.21199998445808887,60
6643,22,1,1.0978107186451889,0.01097810718645189,0.04990048721114495,2,0,1,0,25,0.002107705021273887,0.0,0.28169999131932855,22
6644,22,1,1.0949246589939752,0.010949246589939753,0.04976930268154433,4,1,3,3,24,0.002886059651444839,454.0,0.2772999578155577,21
6645,21,2,1.0923065917865076,0.010923065917865077,0.052014599608881315,4,1,4,1,26,0.0026180672077913414,114.0,0.23700000019744039,40
6646,21,3,1.0884843625789844,0.010884843625789844,0.051832588694237354,6,3,5,5,27,0.0038222292078557984,154.0,0.21629995899274945,54
6647,21,1,1.0859668687461614,0.010859668687461615,0.0517127080355315,3,1,2,2,23,0.002517493833082085,434.0,0.17670000670477748,20
6648,21,0,1.0851504797102332,0.010851504797102332,0.05167383236715396,2,2,2,2,0,0.0008163890359185189,17.0,0.04020001506432891,0
6649,21,1,1.0825852673229317,0.010825852673229316,0.05155167939633009,3,1,2,2,23,0.0025652123875516963,434.0,0.2313999575562775,20
6650,21,0,1.081290549672157,0.01081290549672157,0.05149002617486462,3,3,3,3,0,0.0012947176507793756,17.0,0.04700000863522291,0
6651,21,0,1.079642986029743,0.01079642986029743,0.05141157076332109,4,4,4,4,0,0.0016475636424075901,17.0,0.04379998426884413,0
6652,21,1,1.074943483571775,0.01074943483571775,0.05118778493198929,6,1,6,6,23,0.004699502458194615,434.0,0.25729998014867306,20
6653,21,3,1.0711752329051103,0.010711752329051104,0.05100834442405287,6,3,4,4,27,0.0037682506670222438,154.0,0.20589999621734023,54
6654,21,0,1.069271973628205,0.01069271973628205,0.05091771302991451,5,5,5,5,0,0.001903259276900826,17.0,0.0344999716617167,0
6655,21,2,1.0656438501840855,0.010656438501840854,0.050744945246861226,5,2,3,3,25,0.0036281234444288657,224.0,0.17519999528303742,38
6656,21,0,1.0632220406441548,0.010632220406441548,0.05062962098305499,6,6,6,6,0,0.0024218095399248796,17.0,0.03090000245720148,0
6657,21,0,1.0612978913835898,0.010612978913835898,0.05053799482778999,5,5,5,5,0,0.0019241492605601707,17.0,0.0315000070258975,0
6658,21,2,1.0567646606455945,0.010567646606455944,0.050322126697409264,6,2,4,4,25,0.004533230738289262,224.0,0.2117999829351902,38
6659,21,1,1.0524509160132312,0.010524509160132312,0.05011671028634435,5,1,4,4,23,0.00431374463261136,434.0,0.24389999452978373,20
6660,21,1,1.0498823178010066,0.010498823178010066,0.04999439608576222,3,1,2,2,23,0.0025685982124770135,434.0,0.22159999934956431,20
6661,21,3,1.0468472134277809,0.010468472134277809,0.0498498673060848,4,2,2,2,27,0.003035104373566355,204.0,0.1957999775186181,54
6662,21,0,1.0461964926871898,0.010461964926871898,0.049818880604151905,2,2,2,2,0,0.0006507207405945792,17.0,0.05259999306872487,0
6663,21,2,1.0437672688919875,0.010437672688919875,0.04970320328057083,3,2,2,2,25,0.0024292237955165774,224.0,0.23860001238062978,38
6664,21,0,1.0430026360933622,0.010430026360933622,0.04966679219492201,2,2,2,2,0,0.0007646327986208235,17.0,0.05879998207092285,0
6665,21,0,1.0420866789549719,0.010420866789549718,0.049623175188331994,2,2,2,2,0,0.0009159571383889897,17.0,0.05609996151179075,0
6666,21,0,1.0411821484663857,0.010411821484663858,0.049580102307923125,2,2,2,2,0,0.0009045304885830774,17.0,0.05370000144466758,0
6667,21,1,1.0380688377602068,0.010380688377602067,0.049431849417152694,4,1,3,3,23,0.0031133107064107435,434.0,0.26590004563331604,20
6668,21,1,1.0353314546046208,0.010353314546046209,0.04930149783831528,3,1,2,2,23,0.0027373831558321626,434.0,0.23849995341151953,20
6669,21,0,1.034805684628419,0.01034805684628419,0.04927646117278186,1,1,1,1,0,0.0005257699762069024,17.0,0.046999950427562,0
6670,21,0,1.0341100928359466,0.010341100928359466,0.049243337754092696,2,2,2,2,0,0.0006955917924642563,17.0,0.04429998807609081,0
6671,21,0,1.033414501043474,0.010334145010434741,0.049210214335403527,2,2,2,2,0,0.0006955917924642563,17.0,0.04490005085244775,0
6672,21,3,1.030781854004473,0.010307818540044731,0.04908485019068919,3,1,2,2,27,0.0026326470393485124,154.0,0.2250999677926302,54
6673,21,1,1.0271971321958024,0.010271971321958024,0.04891414915218107,5,1,4,4,23,0.0035847218089344324,434.0,0.2497999812476337,20
6674,21,1,1.0243702541017898,0.010243702541017898,0.048779535909609026,4,1,3,3,23,0.0028268780942681815,434.0,0.23140001576393843,20
6675,21,1,1.022483982319268,0.01022483982319268,0.048689713443774665,2,1,1,1,23,0.0018862717827801134,434.0,0.25099999038502574,20
6676,21,1,1.0205048437382918,0.010205048437382918,0.04859546874944246,2,1,1,1,23,0.001979138581219786,434.0,0.2259000320918858,20
6677,21,2,1.017805971861778,0.01017805971861778,0.04846695104103705,3,2,2,2,25,0.0026988718768308217,224.0,0.2155999536626041,38
6678,21,1,1.015775010149101,0.01015775010149101,0.04837023857852861,2,1,1,1,23,0.002030961712918611,434.0,0.28279999969527125,20
6679,21,3,1.0143293182908248,0.010143293182908249,0.048301396109086896,0,0,0,0,27,0.0014456918586063239,0.0,0.21060003200545907,54
6680,21,1,1.0114566386710364,0.010114566386710364,0.04816460184147792,4,1,3,3,23,0.0028726796200544413,434.0,0.24690001737326384,20
6681,21,1,1.0085696664998753,0.010085696664998754,0.04802712697618454,4,1,3,3,23,0.002886972171410207,434.0,0.28470001416280866,20
6682,21,0,1.0075958211413358,0.010075958211413358,0.04798075338768266,2,2,2,2,0,0.0009738453585441675,17.0,0.062000006437301636,0
6683,21,3,1.0044316690307666,0.010044316690307666,0.047830079477655565,4,2,3,3,27,0.003164152110898044,194.0,0.23010000586509705,54
6684,21,0,1.0035321001454076,0.010035321001454076,0.04778724286406703,2,2,2,2,0,0.0008995688853588035,17.0,0.051099981646984816,0
6685,21,0,1.00224234409786,0.0100224234409786,0.047725825909421905,3,3,3,3,0,0.0012897560475551018,17.0,0.048399961087852716,0
6686,21,2,0.9987886629905331,0.00998788662990533,0.0475613649043111,5,2,3,3,25,0.003453681107629336,224.0,0.25179999647662044,38
6687,21,0,0.9978202144870428,0.009978202144870428,0.0475152483089068,2,2,2,2,0,0.0009684485034853196,17.0,0.05859998054802418,0
6688,21,0,0.9961302251964972,0.009961302251964971,0.04743477262840463,4,4,4,4,0,0.0016899892905399838,17.0,0.054800009820610285,0
6689,21,2,0.9935524836176997,0.009935524836176997,0.04731202302941427,3,1,2,2,25,0.0025777415791026215,294.0,0.25670003378763795,38
6690,21,1,0.9906235880737588,0.009906235880737588,0.04717255181303614,4,1,3,3,23,0.002928895544187071,434.0,0.25779998395591974,20
6691,21,0,0.987679861665366,0.00987679861665366,0.04703237436501743,7,7,7,7,0,0.0029437264084037906,17.0,0.04499999340623617,0
6692,21,3,0.9837574248613611,0.00983757424861361,0.04684559166006482,6,2,5,5,27,0.003922436804330687,204.0,0.21869997726753354,54
6693,21,0,0.9824002302322383,0.009824002302322382,0.046780963344392315,3,3,3,3,0,0.0013571946291222048,17.0,0.043599982745945454,0
6694,21,1,0.9800233721633081,0.009800233721633082,0.04666777962682419,3,1,2,2,23,0.0023768580691836405,434.0,0.22929999977350235,20
6695,21,0,0.9784846185541138,0.009784846185541138,0.046594505645434,4,4,4,4,0,0.0015387536091822085,17.0,0.06019999273121357,0
6696,21,3,0.9758180641836735,0.009758180641836735,0.04646752686588921,3,1,2,2,27,0.0026665543707764527,174.0,0.23099995451048017,54
6697,21,0,0.9750847209521358,0.009750847209521359,0.046432605759625524,2,2,2,2,0,0.0007333432315448363,17.0,0.036999990697950125,0
6698,21,2,0.9717218628461048,0.009717218628461049,0.04627246965933833,5,2,3,3,25,0.0033628581063140928,224.0,0.21899997955188155,38
6699,21,2,0.9691951933737044,0.009691951933737043,0.046152152065414495,3,1,2,2,25,0.0025266694727150707,274.0,0.2361999941058457,38
6700,21,0,0.9682267448702141,0.009682267448702141,0.04610603547001019,2,2,2,2,0,0.0009684485034853196,17.0,0.06359996041283011,0
6701,21,0,0.967883588800865,0.00967883588800865,0.0460896947048031,1,1,1,1,0,0.00034315606934853804,17.0,0.05959998816251755,0
6702,21,0,0.96659799850329,0.0096659799850329,0.04602847611920428,3,3,3,3,0,0.0012855902975701383,17.0,0.05749997217208147,0
6703,21,2,0.9635670916861271,0.009635670916861272,0.045884147223148916,4,2,2,2,25,0.003030906817457435,224.0,0.27320004301145673,38
6704,21,2,0.9605371901333899,0.0096053719013339,0.04573986619682809,4,1,3,3,25,0.0030299015530204088,294.0,0.2009000163525343,38
6705,21,2,0.9579529682431738,0.009579529682431738,0.0456168080115797,3,1,2,2,25,0.0025842218905296477,294.0,0.19459996838122606,38
6706,21,0,0.9571100564728872,0.009571100564728872,0.045576669355851765,2,2,2,2,0,0.000842911770291721,17.0,0.04999997327104211,0
6707,21,0,0.9566673779455986,0.009566673779455987,0.04555558942598088,1,1,1,1,0,0.0004426785272642064,17.0,0.09269994916394353,0
6708,21,1,0.9546364162329214,0.009546364162329214,0.04545887696347245,2,1,2,2,23,0.0020309617129328217,434.0,0.24229998234659433,20
6709,21,2,0.9530813252905648,0.009530813252905647,0.045384825013836415,1,1,1,1,25,0.0015550909426593762,274.0,0.22609997540712357,38
6710,21,2,0.950916781204739,0.00950916781204739,0.04528175148593995,2,1,1,1,25,0.002164544086127762,294.0,0.22899999748915434,38
6711,21,1,0.9497992319676845,0.009497992319676844,0.045228534855604026,0,0,0,0,23,0.0011175492373070028,0.0,0.2342999796383083,20
6712,21,1,0.9455695524906671,0.00945569552490667,0.04502712154717462,5,1,4,4,23,0.004229679477276704,434.0,0.23469998268410563,20
6713,21,1,0.9432186769190058,0.00943218676919006,0.04491517509138123,3,1,2,2,23,0.0023508755719063856,434.0,0.23439998039975762,20
6714,21,0,0.941502077908359,0.00941502077908359,0.044833432281350435,4,4,4,4,0,0.0017165990106491336,17.0,0.04010001430287957,0
6715,21,1,0.9384005382690668,0.009384005382690668,0.044685739917574595,4,1,4,4,23,0.003101539639544626,434.0,0.22639997769147158,20
6716,21,2,0.9350784475806444,0.009350784475806444,0.04452754512288783,5,2,3,3,25,0.0033220906887265755,224.0,0.235699990298599,38
6717,21,1,0.9329287804109768,0.009329287804109769,0.04442518001957031,2,1,1,1,23,0.0021496671699168246,434.0,0.24780002422630787,20
6718,21,1,0.93015684918282,0.009301568491828201,0.044293183294419995,3,1,2,2,23,0.00277193122840913,434.0,0.22300001000985503,20
6719,21,2,0.9265290898199686,0.009265290898199685,0.04412043284856994,4,1,3,3,25,0.003627759363155292,374.0,0.21410000044852495,38
6720,21,0,0.92583106908651,0.0092583106908651,0.04408719376602429,2,2,2,2,0,0.0006980207334379429,17.0,0.05560001591220498,0
6721,21,1,0.9231356746600221,0.00923135674660022,0.04395884165047724,3,1,2,2,23,0.00269539442678024,434.0,0.2617000136524439,20
6722,21,2,0.9210643683997662,0.009210643683997662,0.043860208019036485,2,1,1,1,25,0.002071306260532424,174.0,0.2457000082358718,38
6723,21,3,0.9176397343341591,0.00917639734334159,0.043697130206388525,5,2,3,3,27,0.003424634065950727,144.0,0.2389000146649778,54
6724,21,0,0.9172588553947854,0.009172588553947853,0.04367899311403739,1,1,1,1,0,0.00038087893938154593,17.0,0.046600005589425564,0
6725,21,3,0.9135209502764964,0.009135209502764963,0.043500997632214114,5,3,4,4,27,0.0037379051186263723,154.0,0.22340001305565238,54
6726,21,2,0.9109302360102002,0.009109302360102002,0.04337763028620001,3,1,2,2,25,0.002590714266588634,294.0,0.2725999802350998,38
6727,21,3,0.9095487899031308,0.009095487899031309,0.04331184713824433,0,0,0,0,27,0.0013814461074019846,0.0,0.26709999656304717,54
6728,21,1,0.905500432312568,0.009055004323125681,0.043119068205360385,5,1,4,4,23,0.00404835759080413,434.0,0.23529998725280166,20
6729,21,0,0.905011075930901,0.00905011075930901,0.043095765520519094,1,1,1,1,0,0.0004893563816779078,17.0,0.05560001591220498,0
6730,21,0,0.9045217195492341,0.00904521719549234,0.04307246283567781,1,1,1,1,0,0.0004893563816494861,17.0,0.04050001734867692,0
6731,21,0,0.9036150706336585,0.009036150706336586,0.043029289077793256,2,2,2,2,0,0.0009066489155884483,17.0,0.03789999755099416,0
6732,21,0,0.9026177814872709,0.009026177814872709,0.042981799118441466,2,2,2,2,0,0.0009972891463689848,17.0,0.05199998850002885,0
6733,21,0,0.9016026551294021,0.00901602655129402,0.04293345976806676,2,2,2,2,0,0.0010151263578848102,17.0,0.03879994619637728,0
6734,21,1,0.8994549560717034,0.008994549560717035,0.04283118838436683,2,1,2,2,23,0.0021476990579571975,434.0,0.2329999697394669,20
6735,21,1,0.8945046922516502,0.008945046922516502,0.04259546153579287,6,1,6,6,23,0.004950263820276746,434.0,0.3018999705091119,20
6736,21,1,0.8916524612759162,0.008916524612759163,0.04245964101313888,4,1,3,3,23,0.0028522309759893005,434.0,0.2846000134013593,20
6737,21,1,0.8876956826328386,0.008876956826328386,0.04227122298251612,5,1,4,4,23,0.003956778643328107,434.0,0.27900002896785736,20
6738,21,2,0.8843128861672612,0.008843128861672612,0.04211013743653624,5,2,3,3,25,0.0033827964658854626,224.0,0.22360001457855105,38
6739,21,0,0.8820825325820327,0.008820825325820326,0.042003930122953934,5,5,5,5,0,0.002230353585218836,17.0,0.03960001049563289,0
6740,21,2,0.8781175838355633,0.008781175838355632,0.041815123039788724,6,2,5,5,25,0.003964948746755681,224.0,0.3234000178053975,38
6741,21,0,0.8749551953413793,0.008749551953413794,0.04166453311149425,7,7,7,7,0,0.003162388494189372,17.0,0.06390002090483904,0
6742,21,2,0.8719433778761657,0.008719433778761658,0.04152111323219837,4,2,3,3,25,0.003011817465520039,224.0,0.2391999587416649,38
6743,21,1,0.8685664470044528,0.008685664470044529,0.04136030700021204,5,1,4,4,23,0.0033769308719655555,434.0,0.2432999899610877,20
6744,21,0,0.8667792815271831,0.008667792815271831,0.04127520388224681,4,4,4,4,0,0.0017871654772818601,17.0,0.05080003757029772,0
6745,21,3,0.8622478218796898,0.008622478218796898,0.041059420089509045,7,3,5,5,27,0.0045314596478363,154.0,0.22200000239536166,54
6746,21,2,0.8584411658294392,0.008584411658294391,0.040878150753782816,5,1,4,4,25,0.003806656050542756,334.0,0.24720001965761185,38
6747,21,1,0.8542389776412455,0.008542389776412454,0.040678046554345024,6,1,5,5,23,0.004202188188443756,434.0,0.23339997278526425,20
6748,21,0,0.8533775859818348,0.008533775859818347,0.040637027903896894,2,2,2,2,0,0.0008613916594129023,17.0,0.04600000102072954,0
6749,21,0,0.8511515657078889,0.008511515657078889,0.04053102693847091,5,5,5,5,0,0.00222602027395169,17.0,0.041899969801306725,0
6750,21,1,0.8477071507715085,0.008477071507715084,0.04036700717959564,5,1,4,4,23,0.003444414936609519,434.0,0.23599999258294702,20
6751,21,0,0.8464716697084776,0.008464716697084776,0.04030817474802274,3,3,3,3,0,0.0012354810630341717,17.0,0.04140002420172095,0
6752,21,2,0.8431288154491741,0.008431288154491741,0.04014899121186543,5,2,4,4,25,0.003342854259614114,224.0,0.4170999745838344,38
6753,21,2,0.8401302152092864,0.008401302152092864,0.040006200724251734,4,1,3,3,25,0.0029986002401756195,294.0,0.17610000213608146,38
6754,21,0,0.8384801625856051,0.008384801625856052,0.03992762678979072,4,4,4,4,0,0.0016500526236598034,17.0,0.034100026823580265,0
6755,21,1,0.8366011965908405,0.008366011965908405,0.03983815221861146,2,1,1,1,23,0.0018789659950328996,434.0,0.20209996728226542,20
6756,21,2,0.8322457309388117,0.008322457309388118,0.03963074909232437,7,2,6,6,25,0.004355465652338353,224.0,0.23380003403872252,38
6757,21,1,0.8284508144067608,0.008284508144067608,0.03945003878127433,4,1,4,4,23,0.003794916532299908,434.0,0.23230002261698246,20
6758,21,1,0.8256038998832713,0.008256038998832713,0.03931447142301291,4,1,3,3,23,0.0028469145237437488,434.0,0.23369997506961226,20
6759,21,0,0.8238283105263864,0.008238283105263864,0.03922991954887554,4,4,4,4,0,0.0017755893568818237,17.0,0.032999960239976645,0
6760,21,0,0.8222106952404042,0.008222106952404043,0.039152890249543056,4,4,4,4,0,0.001617615285979923,17.0,0.05979998968541622,0
6761,21,2,0.8174975205210087,0.008174975205210086,0.03892845335814327,7,2,5,5,25,0.004713174719697122,224.0,0.24449999909847975,38
6762,21,2,0.814013595186783,0.008140135951867829,0.03876255215175157,5,2,3,3,25,0.003483925334521132,224.0,0.2606000052765012,38
6763,21,0,0.8127590216286934,0.008127590216286933,0.03870281055374731,3,3,3,3,0,0.00125457355807157,17.0,0.051499984692782164,0
6764,21,0,0.8106808906039417,0.008106808906039417,0.03860385193352104,5,5,5,5,0,0.002078131024745744,17.0,0.05259999306872487,0
6765,21,0,0.8091033263266276,0.008091033263266276,0.038528729825077504,4,4,4,4,0,0.001577564277312149,17.0,0.05039997631683946,0
6766,20,2,0.8072524329659567,0.008072524329659568,0.04036262164829785,2,0,1,0,25,0.0018508933609808764,0.0,0.2567999763414264,38
6767,20,0,0.8069092768966077,0.008069092768966078,0.040345463844830384,1,1,1,1,0,0.00034315606934853804,17.0,0.05540001438930631,0
6768,20,0,0.8057904889051506,0.008057904889051505,0.04028952444525753,3,3,3,3,0,0.0011187879914587029,17.0,0.05460000829771161,0
6769,20,3,0.8036107784938854,0.008036107784938854,0.04018053892469427,2,1,1,1,26,0.0021797104115677257,114.0,0.22410001838579774,51
6770,20,1,0.8017516503718213,0.008017516503718214,0.040087582518591056,2,1,1,1,22,0.0018591281223336864,414.0,0.22620003437623382,19
6771,20,3,0.7987922442713957,0.007987922442713957,0.03993961221356979,4,2,3,3,26,0.0029594061007287564,134.0,0.21079997532069683,51
6772,20,3,0.7966613675105606,0.007966613675105606,0.039833068375528025,2,1,1,1,26,0.0021308767611714075,234.0,0.21700002253055573,51
6773,20,0,0.7961808547905237,0.007961808547905238,0.03980904273952618,1,1,1,1,0,0.00048051272003135637,17.0,0.041599967516958714,0
6774,20,1,0.7934213027523479,0.007934213027523479,0.0396710651376174,4,1,3,3,22,0.002759552038412494,414.0,0.2196000423282385,19
6775,20,2,0.7905854482553958,0.007905854482553957,0.039529272412769795,4,2,2,2,24,0.002835854497234891,214.0,0.21269998978823423,36
6776,20,0,0.7888721486378452,0.007888721486378451,0.039443607431892264,4,4,4,4,0,0.001713299617549069,17.0,0.03249995643272996,0
6777,20,1,0.7850905982240438,0.007850905982240438,0.03925452991120219,5,1,5,5,22,0.0037815504140468192,414.0,0.21799997193738818,19
6778,20,0,0.7842592883676093,0.007842592883676093,0.03921296441838047,2,2,2,2,0,0.0008313098564372012,17.0,0.03170000854879618,0
6779,20,1,0.7794818091351879,0.007794818091351879,0.0389740904567594,6,1,5,5,22,0.004777479232615178,414.0,0.22310001077130437,19
6780,20,0,0.778270835705991,0.00778270835705991,0.03891354178529955,3,3,3,3,0,0.0012109734292096164,17.0,0.06410002242773771,0
6781,20,0,0.7765357494278645,0.007765357494278645,0.038826787471393225,4,4,4,4,0,0.001735086278131348,17.0,0.059699988923966885,0
6782,19,0,0.775565588176541,0.00775565588176541,0.04081924148297584,3,2,3,2,0,0.0009701612513026703,17.0,0.26059994706884027,0
6783,19,3,0.7717971744606407,0.007717971744606407,0.040620903918981086,6,3,5,5,23,0.003768413716201735,140.66666666666666,0.21760002709925175,48
6784,19,2,0.7682796268609952,0.0076827962686099515,0.04043576983478921,5,2,3,3,23,0.0035175475999125183,204.0,0.19539997447282076,34
6785,19,0,0.7666961377502359,0.007666961377502359,0.04035242830264399,4,4,4,4,0,0.001583489110771552,17.0,0.06399996345862746,0
6786,19,0,0.7659049062985491,0.007659049062985491,0.040310784542028896,2,2,2,2,0,0.0007912314516715924,17.0,0.0439999857917428,0
6787,19,1,0.7647882808472791,0.007647882808472791,0.040252014781435745,0,0,0,0,21,0.0011166254515018181,0.0,0.18420000560581684,18
6788,19,1,0.7614860309321299,0.007614860309321299,0.040078212154322626,4,1,3,3,21,0.0033022499153645413,394.0,0.17439998919144273,18
6789,19,1,0.7581646328927838,0.007581646328927838,0.03990340173119915,4,1,3,3,21,0.0033213980395743192,394.0,0.2133999951183796,18
6790,19,1,0.7557551595305232,0.007557551595305232,0.039776587343711756,3,1,2,2,21,0.002409473362476433,394.0,0.23390003480017185,18
6791,19,1,0.7524960560146361,0.0075249605601463605,0.03960505557971769,5,1,4,4,21,0.003259103516114692,394.0,0.21489994833245873,18
6792,19,1,0.7486918413432417,0.007486918413432417,0.039404833754907456,5,1,4,4,21,0.0038042146716321668,394.0,0.21329999435693026,18
6793,19,3,0.7461539896779701,0.0074615398967797005,0.03927126261463001,3,1,2,2,25,0.002537851665564972,174.0,0.21789997117593884,48
6794,19,0,0.7457059142956324,0.007457059142956324,0.039247679699770124,1,1,1,1,0,0.0004480753823372652,17.0,0.03589998232200742,0
6795,19,0,0.7433504184414266,0.007433504184414266,0.03912370623375929,5,5,5,5,0,0.002355495854203582,17.0,0.03290001768618822,0
6796,19,1,0.7396583579580995,0.007396583579580995,0.03892938726095261,5,1,4,4,21,0.0036920604835586346,394.0,0.20350003615021706,18
6797,19,2,0.7372567653244614,0.007372567653244614,0.038802987648655855,3,1,2,2,23,0.0024015926339160387,194.0,0.2142000012099743,34
6798,19,1,0.7334459386720492,0.007334459386720492,0.03860241782484469,5,1,4,4,21,0.00381082665262511,394.0,0.2256000298075378,18
6799,19,1,0.7306476532821755,0.007306476532821755,0.03845513964643029,4,1,3,3,21,0.0027982853901136195,394.0,0.20319997565820813,18
6800,19,0,0.729215348675295,0.0072921534867529504,0.038379755193436595,3,3,3,3,0,0.0014323046068795975,17.0,0.0545999500900507,0
6801,19,1,0.7263551377459725,0.007263551377459725,0.038229217776103816,3,1,2,2,21,0.0028602109295263745,394.0,0.22410001838579774,18
6802,19,2,0.7232090113056969,0.007232090113056969,0.03806363217398404,4,2,3,3,23,0.0031461264405407974,204.0,0.21539995213970542,34
6803,19,1,0.7209318646272059,0.0072093186462720595,0.03794378234880032,3,1,2,2,21,0.0022771466787219197,394.0,0.21680002100765705,18
6804,19,2,0.7172553858989624,0.007172553858989624,0.037750283468366445,6,2,4,4,23,0.00367647872852217,204.0,0.2145000034943223,34
6805,19,1,0.7138649148543498,0.007138649148543497,0.037571837623913154,4,1,3,3,21,0.003390471044852461,394.0,0.23519998649135232,18
6806,19,1,0.7105920647031343,0.007105920647031343,0.03739958235279655,5,1,4,4,21,0.003272850151432749,394.0,0.21769996965304017,18
6807,19,0,0.7087464438191811,0.007087464438191811,0.03730244441153584,4,4,4,4,0,0.0018456208839552346,17.0,0.04279997665435076,0
6808,19,2,0.7051120485273736,0.007051120485273736,0.037111160448809126,6,2,4,4,23,0.0036343952920532274,204.0,0.22719998378306627,34
6809,18,1,0.7024995987099341,0.007024995987099341,0.03902775548388522,3,1,2,2,20,0.0026124498176756106,374.0,0.2337999758310616,18
6810,18,2,0.7004981114735102,0.007004981114735101,0.038916561748528346,2,1,2,2,22,0.0020014872366829195,214.0,0.21169998217374086,32
6811,17,1,0.6969099253177962,0.0069690992531779615,0.04099470148928213,5,1,4,4,20,0.0035881861559090567,354.0,0.21959998412057757,17
6812,17,2,0.6943097564344045,0.006943097564344045,0.040841750378494385,4,2,2,2,21,0.0026001688836316816,184.0,0.18370000179857016,30
6813,17,0,0.6935259474485131,0.006935259474485132,0.040795643967559594,2,2,2,2,0,0.0007838089858864805,17.0,0.028699985705316067,0
6814,17,0,0.6922616257425849,0.006922616257425848,0.040721272102505,3,3,3,3,0,0.0012643217059178369,17.0,0.05340005736798048,0
6815,17,0,0.6913007501907322,0.006913007501907323,0.040664750011219546,2,2,2,2,0,0.0009608755518542011,17.0,0.03339996328577399,0
6816,17,0,0.6903618382626355,0.006903618382626355,0.04060951989780209,2,2,2,2,0,0.0009389119280882596,17.0,0.029499991796910763,0
6817,17,1,0.6866806795594227,0.006866806795594227,0.04039298115055428,4,1,3,3,19,0.0036811587034293325,354.0,0.6195000023581088,16
6818,17,0,0.6853608886919524,0.0068536088869195246,0.04031534639364426,3,3,3,3,0,0.0013197908674698056,17.0,0.031400006264448166,0
6819,17,0,0.6840822887086531,0.006840822887086531,0.040240134629920765,3,3,3,3,0,0.0012785999832942707,17.0,0.02770003629848361,0
6820,17,1,0.6822392122054317,0.006822392122054317,0.04013171836502539,2,1,1,1,19,0.0018430765034338492,354.0,0.2049999893642962,16
6821,17,1,0.6800771651686384,0.006800771651686383,0.040004539127566956,3,1,2,2,19,0.002162047036975423,354.0,0.22170000011101365,16
6822,17,1,0.6756722283014441,0.0067567222830144415,0.0397454251942026,5,1,4,4,19,0.004404936867388187,354.0,0.21229998674243689,16
6823,17,2,0.6737715376006193,0.006737715376006192,0.039633619858859964,2,1,1,1,21,0.0019006907010492569,214.0,0.16649998724460602,30
6824,17,0,0.6728779486068887,0.006728779486068886,0.03958105580040522,2,2,2,2,0,0.0008935889937333741,17.0,0.03709999145939946,0
6825,17,0,0.671627198745571,0.0067162719874557094,0.03950748227915124,3,3,3,3,0,0.0012507498613274493,17.0,0.04199997056275606,0
6826,17,2,0.6690363410099682,0.006690363410099682,0.03935507888293931,3,2,2,2,21,0.002590857735839336,184.0,0.19290001364424825,30
6827,17,2,0.6659746269165838,0.006659746269165838,0.039174978053916704,4,1,3,3,21,0.0030617140936470832,274.0,0.1878999755717814,30
6828,17,2,0.663278647376616,0.00663278647376616,0.03901639102215387,4,2,2,2,21,0.002695979540177973,184.0,0.1832999987527728,30
6829,17,1,0.6605952642643932,0.006605952642643932,0.03885854495672901,3,1,2,2,19,0.0026833831124406515,354.0,0.20289997337386012,16
6830,17,0,0.6601598543396741,0.006601598543396741,0.038832932608216124,1,1,1,1,0,0.0004354099247194654,17.0,0.03920000744983554,0
6831,17,0,0.6591577879036503,0.006591577879036503,0.03877398752374413,2,2,2,2,0,0.0010020664360155251,17.0,0.037699996028095484,0
6832,17,1,0.6565408706777591,0.006565408706777591,0.03862005121633877,3,1,2,2,19,0.0026169172260921414,354.0,0.19120000069960952,16
6833,17,1,0.6547900330954527,0.0065479003309545265,0.038517060770320743,2,1,1,1,19,0.0017508375825201483,354.0,0.18590001855045557,16
6834,17,1,0.6538995338284128,0.006538995338284128,0.038464678460494874,0,0,0,0,19,0.0008904992672285061,0.0,0.1976999919861555,16
6835,17,1,0.6521545174803026,0.006521545174803026,0.038362030440017805,2,1,1,1,19,0.0017450163483090364,354.0,0.17950002802535892,16
6836,17,0,0.6516651610986357,0.006516651610986357,0.03833324477050798,1,1,1,1,0,0.000489356381663697,17.0,0.02829998265951872,0
6837,17,0,0.6511758047169687,0.006511758047169687,0.03830445910099816,1,1,1,1,0,0.000489356381663697,17.0,0.026099965907633305,0
6838,17,0,0.6506864483353016,0.006506864483353017,0.03827567343148834,1,1,1,1,0,0.000489356381663697,17.0,0.023100001271814108,0
6839,17,1,0.6484983786258156,0.006484983786258156,0.03814696344857739,2,1,1,1,19,0.0021880697097032,354.0,0.1479999627918005,16
6840,17,0,0.6480090222441488,0.006480090222441488,0.03811817777906758,1,1,1,1,0,0.000489356381663697,17.0,0.04379998426884413,0
6841,17,1,0.6454667801178987,0.006454667801178987,0.037968634124582276,3,1,2,2,19,0.0025422421264380546,354.0,0.1674999948590994,16
6842,17,1,0.6428002889634769,0.006428002889634768,0.037811781703733935,3,1,3,3,19,0.0026664911546419034,354.0,0.16410002717748284,16
6843,17,2,0.6418117930358457,0.006418117930358457,0.03775363488446151,0,0,0,0,21,0.0009884959278565475,0.0,0.1810999820008874,30
6844,17,2,0.6391031023894679,0.006391031023894679,0.03759430014055693,4,2,2,2,21,0.0027086906466138316,184.0,0.20430004224181175,30
6845,17,0,0.6377521342093422,0.006377521342093422,0.03751483142407895,3,3,3,3,0,0.0013509681801195939,17.0,0.04880002234131098,0
6846,17,0,0.6368365759539354,0.006368365759539354,0.03746097505611384,2,2,2,2,0,0.0009155582554001285,17.0,0.049900030717253685,0
6847,17,1,0.6345959372753013,0.0063459593727530125,0.037329172780900075,3,1,2,2,19,0.0022406386788276222,354.0,0.1970999874174595,16
6848,17,2,0.6323310689801852,0.006323310689801852,0.037195945234128544,3,2,2,2,21,0.002264868295355882,184.0,0.18850003834813833,30
6849,17,1,0.6305931778705671,0.006305931778705671,0.03709371634532748,2,1,1,1,19,0.0017378911098120398,354.0,0.16870000399649143,16
6850,17,0,0.6305931778705671,0.006305931778705671,0.03709371634532748,0,0,0,0,0,0.0,0.0,0.03649998689070344,0
6851,17,1,0.6282821197918941,0.006282821197918941,0.036957771752464355,2,1,1,1,19,0.0023110580788738844,354.0,0.16840000171214342,16
6852,17,1,0.6265154978253392,0.0062651549782533926,0.03685385281325525,2,1,1,1,19,0.0017666219667518135,354.0,0.16160000814124942,16
6853,17,0,0.6255765858972427,0.006255765858972428,0.03679862269983781,2,2,2,2,0,0.0009389119281024705,17.0,0.028399983420968056,0
6854,17,3,0.6235303014398397,0.006235303014398397,0.03667825302587291,2,1,1,1,23,0.002046284457676961,154.0,0.19400002202019095,42
6855,17,0,0.6231040995660999,0.006231040995660999,0.036653182327417634,1,1,1,1,0,0.0004262018737364315,17.0,0.030399998649954796,0
6856,17,0,0.6221651876380033,0.0062216518763800336,0.03659795221400019,2,2,2,2,0,0.0009389119280882596,17.0,0.02870004391297698,0
6857,17,0,0.6216524775836465,0.006216524775836465,0.03656779279903803,1,1,1,1,0,0.000512710054366039,17.0,0.02770003629848361,0
6858,17,1,0.6198923179710006,0.006198923179710007,0.036464253998294165,2,1,1,1,19,0.0017601596128429264,354.0,0.18279999494552612,16
6859,17,1,0.6172445799744235,0.006172445799744235,0.03630850470437786,3,1,2,2,19,0.0026477379967815295,354.0,0.1849000109359622,16
6860,17,0,0.616337865380647,0.0061633786538064705,0.03625516855180277,2,2,2,2,0,0.0009067145937677878,17.0,0.06779999239370227,0
6861,17,0,0.6149184407325137,0.0061491844073251365,0.03617167298426551,3,3,3,3,0,0.0014194246481338268,17.0,0.050799979362636805,0
6862,17,2,0.6125380308180333,0.0061253803081803325,0.03603164887164901,3,2,2,2,21,0.0023804099147213265,184.0,0.19209994934499264,30
6863,17,1,0.6115743625869791,0.006115743625869791,0.03597496250511642,0,0,0,0,19,0.0009636682312503808,0.0,0.20000000949949026,16
6864,17,0,0.6111481607132394,0.006111481607132394,0.035949891806661145,1,1,1,1,0,0.00042620187375064233,17.0,0.17860002117231488,0
6865,17,1,0.6093889502639092,0.006093889502639092,0.03584640883905348,2,1,1,1,19,0.0017592104495349759,354.0,0.19370001973584294,16
6866,17,1,0.6069462089779506,0.006069462089779506,0.035702718175173564,3,1,2,2,19,0.002442741286159844,354.0,0.18750003073364496,16
6867,17,1,0.6040050465147158,0.006040050465147158,0.03552970861851269,4,1,3,3,19,0.0029411624634292366,354.0,0.14780001947656274,16
6868,17,1,0.601364194203137,0.006013641942031371,0.035374364364890415,3,1,3,3,19,0.0026408523117709137,354.0,0.19859999883919954,16
6869,17,0,0.6000220696846413,0.006000220696846414,0.03529541586380242,3,3,3,3,0,0.0013421245184872532,17.0,0.069500005338341,0
6870,17,0,0.5995958678109017,0.005995958678109017,0.035270345165347154,1,1,1,1,0,0.0004262018737364315,17.0,0.045900000259280205,0
6871,17,3,0.5976324587387031,0.00597632458738703,0.035154850514041366,2,1,1,1,21,0.0019634090724736097,94.0,0.20110001787543297,42
6872,17,0,0.5967257441449265,0.005967257441449265,0.03510151436146627,2,2,2,2,0,0.0009067145937819987,17.0,0.03389996709302068,0
6873,17,1,0.5945689012069522,0.005945689012069521,0.034974641247467776,2,1,1,1,19,0.0021568429381773058,354.0,0.15979999443516135,16
6874,17,1,0.5912768606786726,0.005912768606786726,0.0347809918046278,4,1,3,3,19,0.003292040528464213,354.0,0.36259996704757214,16
6875,17,0,0.5907963479586358,0.005907963479586358,0.03475272635050798,1,1,1,1,0,0.0004805127200455672,17.0,0.04090002039447427,0
6876,17,3,0.5889271883423355,0.005889271883423355,0.03464277578484326,2,1,1,1,23,0.001869159616575189,94.0,0.17690000822767615,42
6877,17,1,0.5867721582506831,0.00586772158250683,0.03451600930886371,3,1,2,2,19,0.002155030091856247,354.0,0.18609996186569333,16
6878,17,1,0.5843233405469973,0.005843233405469973,0.0343719612086469,3,1,2,2,19,0.002448817703879058,354.0,0.18130004173144698,16
6879,16,0,0.5835881483625923,0.005835881483625923,0.03647425927266201,2,1,2,1,0,0.0007351921844076514,17.0,0.0461999443359673,0
6880,16,1,0.5817959048134804,0.0058179590481348045,0.03636224405084253,2,1,1,1,18,0.0017922435493034072,334.0,0.19109999993816018,15
6881,16,1,0.5808151241572792,0.005808151241572792,0.03630094525982995,0,0,0,0,18,0.000980780656391289,0.0,0.2019999665208161,15
6882,16,3,0.578897681717537,0.005788976817175369,0.03618110510734607,2,1,1,1,22,0.0019174424400034695,134.0,0.179499969817698,39
6883,16,1,0.5775444015538597,0.005775444015538597,0.03609652509711623,1,1,1,1,18,0.0013532801638547198,334.0,0.15609996626153588,15
6884,16,1,0.576580654485491,0.00576580654485491,0.03603629090534319,0,0,0,0,18,0.000963747068553289,0.0,0.16609998419880867,15
6885,16,1,0.5756576077802602,0.005756576077802602,0.03597860048626626,0,0,0,0,18,0.0009230467054237579,0.0,0.17370004206895828,15
6886,16,0,0.5756576077802602,0.005756576077802602,0.03597860048626626,0,0,0,0,0,0.0,0.0,0.04409998655319214,0
6887,16,0,0.5756576077802602,0.005756576077802602,0.03597860048626626,0,0,0,0,0,0.0,0.0,0.039000005926936865,0
6888,16,0,0.5753004469126731,0.005753004469126731,0.03595627793204207,1,1,1,1,0,0.0003571608675798643,17.0,0.03920000744983554,0
6889,16,0,0.5749432860450859,0.0057494328604508595,0.03593395537781788,1,1,1,1,0,0.00035716086759407517,17.0,0.04210002953186631,0
6890,16,0,0.5745861251774989,0.0057458612517749886,0.03591163282359368,1,1,1,1,0,0.0003571608675798643,17.0,0.04020001506432891,0
6891,16,2,0.5723848805255861,0.005723848805255861,0.035774055032849125,3,1,2,2,20,0.002201244652141554,194.0,0.1748999929986894,28
6892,16,0,0.5712491536639308,0.005712491536639308,0.035703072103995676,3,3,3,3,0,0.0011357268616336569,17.0,0.03619998460635543,0
6893,16,1,0.5691536065723222,0.005691536065723222,0.035572100410770136,3,1,2,2,18,0.0020955470918124774,334.0,0.18049997743219137,15
6894,16,0,0.568718196647603,0.005687181966476031,0.0355448872904752,1,1,1,1,0,0.0004354099247194654,17.0,0.03460003063082695,0
6895,16,0,0.568361035780016,0.00568361035780016,0.035522564736251,1,1,1,1,0,0.0003571608675798643,17.0,0.032400013878941536,0
6896,16,1,0.5664452348042427,0.005664452348042427,0.03540282717526516,2,1,1,1,18,0.0019158009759792094,334.0,0.1756999990902841,15
6897,16,0,0.5660098248795236,0.005660098248795236,0.03537561405497022,1,1,1,1,0,0.0004354099247194654,17.0,0.03409996861591935,0
6898,16,3,0.5649581732533414,0.005649581732533414,0.03530988582833383,0,0,0,0,22,0.0010516516264260645,0.0,0.17110002227127552,39
6899,16,1,0.563053233789841,0.0056305323378984095,0.03519082711186506,2,1,1,1,18,0.0019049394636851957,334.0,0.1917000045068562,15
6900,16,1,0.56044700748812,0.0056044700748812005,0.035027937968007496,3,1,2,2,18,0.0026062263019070997,334.0,0.1922000083141029,15
6901,16,0,0.5599212375119182,0.005599212375119182,0.03499507734449488,1,1,1,1,0,0.0005257699761926915,17.0,0.04529999569058418,0
6902,16,0,0.559564076644331,0.0055956407664433105,0.03497275479027069,1,1,1,1,0,0.00035716086759407517,17.0,0.04299997817724943,0
6903,16,0,0.559206915776744,0.00559206915776744,0.03495043223604649,1,1,1,1,0,0.0003571608675798643,17.0,0.043000036384910345,0
6904,16,0,0.5585374650934513,0.005585374650934513,0.03490859156834071,2,2,2,2,0,0.0006694506832900515,17.0,0.04309997893869877,0
6905,16,5,0.5566653798721921,0.0055666537987219215,0.034791586242012,2,1,1,1,24,0.0018720852215494688,134.0,0.1610000035725534,55
6906,16,1,0.554990301683666,0.005549903016836661,0.03468689385522913,2,1,1,1,18,0.0016750781887253652,334.0,0.19869999960064888,15
6907,16,0,0.5545097889636292,0.005545097889636292,0.03465686181022683,1,1,1,1,0,0.00048051272003135637,17.0,0.04369998350739479,0
6908,16,0,0.5541974991479237,0.005541974991479237,0.03463734369674523,1,1,1,1,0,0.00031228981572439807,17.0,0.04250003257766366,0
6909,16,2,0.5515705826742917,0.005515705826742917,0.03447316141714323,4,2,4,4,20,0.0026269164738295103,174.0,0.1776000135578215,28
6910,16,2,0.5493222945778985,0.005493222945778985,0.034332643411118656,3,1,3,3,20,0.0022482880966236962,254.0,0.1742999884299934,28
6911,16,0,0.548578950910074,0.00548578950910074,0.03428618443187963,2,2,2,2,0,0.000743343667835461,17.0,0.03339996328577399,0
6912,16,0,0.5482618091159892,0.005482618091159892,0.034266363069749325,1,1,1,1,0,0.0003171417940848187,17.0,0.03209995338693261,0
6913,16,0,0.5475875064543173,0.005475875064543173,0.034224219153394825,2,2,2,2,0,0.0006743026616504721,17.0,0.03270001616328955,0
6914,16,0,0.5468441627864927,0.005468441627864928,0.034177760174155795,2,2,2,2,0,0.000743343667835461,17.0,0.03320001997053623,0
6915,16,1,0.545161243591411,0.00545161243591411,0.03407257772446319,2,1,1,1,18,0.001682919195260979,334.0,0.19260001135990024,15
6916,16,1,0.5432862460890303,0.0054328624608903035,0.0339553903805644,2,1,2,2,18,0.0018749975025542653,334.0,0.19839999731630087,15
6917,16,1,0.539988624430358,0.00539988624430358,0.03374928902689737,5,1,4,4,18,0.0032976216588593843,334.0,0.17600000137463212,15
6918,16,1,0.5381276432000024,0.005381276432000024,0.03363297770000015,2,1,1,1,18,0.0018609812305498963,334.0,0.17309997929260135,15
6919,16,1,0.5365296873855896,0.005365296873855896,0.03353310546159935,2,1,1,1,18,0.0015979558146028694,334.0,0.17060001846402884,15
6920,16,0,0.5358337850791203,0.005358337850791203,0.03348961156744502,2,2,2,2,0,0.0006959023064752046,17.0,0.04719995195046067,0
6921,16,1,0.5334807461167277,0.005334807461167277,0.03334254663229548,3,1,2,2,18,0.002353038962581877,334.0,0.18989999080076814,15
6922,16,1,0.5309219378995306,0.005309219378995306,0.03318262111872066,3,1,2,2,18,0.0025588082173868543,334.0,0.19329995848238468,15
6923,16,0,0.5294474695989931,0.005294474695989931,0.03309046684993707,4,4,4,4,0,0.0014744683005289971,17.0,0.050200033001601696,0
6924,16,0,0.5291043135296442,0.005291043135296441,0.03306901959560275,1,1,1,1,0,0.0003431560693627489,17.0,0.05720002809539437,0
6925,16,0,0.5287871717355593,0.005287871717355594,0.03304919823347245,1,1,1,1,0,0.0003171417940848187,17.0,0.04339998122304678,0
6926,16,3,0.5268807043676689,0.0052688070436766885,0.0329300440229793,2,1,1,1,20,0.0019064673681299382,234.0,0.2810000441968441,39
6927,16,0,0.5255894283192439,0.00525589428319244,0.032849339269952746,3,3,3,3,0,0.0012912760484340424,17.0,0.03920000744983554,0
6928,16,0,0.5240749409452041,0.005240749409452041,0.03275468380907526,4,4,4,4,0,0.0015144873740382536,17.0,0.03659998765215278,0
6929,16,0,0.5235622308908473,0.005235622308908473,0.032722639430677956,1,1,1,1,0,0.0005127100543518281,17.0,0.08129997877404094,0
6930,16,1,0.520735307544987,0.00520735307544987,0.032545956721561686,3,1,2,2,18,0.0028269233460349596,334.0,0.16039999900385737,15
6931,16,2,0.5198036062769567,0.005198036062769567,0.0324877253923098,0,0,0,0,20,0.0009317012682572567,0.0,0.14540000120177865,28
6932,16,1,0.5160758525893422,0.005160758525893422,0.03225474078683389,5,1,4,4,18,0.0037277536877979855,334.0,0.16369996592402458,15
6933,16,0,0.5153399312093706,0.005153399312093706,0.03220874570058566,2,2,2,2,0,0.0007359213799702502,17.0,0.03559998003765941,0
6934,16,1,0.513237278046316,0.00513237278046316,0.03207732987789475,3,1,2,2,18,0.0021026531632486467,334.0,0.15249999705702066,15
6935,16,1,0.5111997794736116,0.005111997794736116,0.031949986217100726,2,1,1,1,18,0.0020374985729034734,334.0,0.18420000560581684,15
6936,16,0,0.5102065566992179,0.005102065566992179,0.03188790979370112,2,2,2,2,0,0.0009932227743973954,17.0,0.02670002868399024,0
6937,16,1,0.508287905465135,0.0050828790546513505,0.03176799409157094,2,1,1,1,18,0.0019186512342628248,334.0,0.12969999806955457,15
6938,16,3,0.5055910023861663,0.005055910023861663,0.0315994376491354,4,2,2,2,20,0.0026969030792116655,164.0,0.16230001347139478,39
6939,16,1,0.5035706995309972,0.005035706995309972,0.031473168720687325,3,1,2,2,18,0.0020203028553709146,334.0,0.16240001423284411,15
6940,15,0,0.5026124670314664,0.005026124670314665,0.033507497802097753,3,2,3,2,0,0.0009582324995278668,17.0,0.04169996827840805,0
6941,15,1,0.5016981335499595,0.005016981335499595,0.03344654223666396,0,0,0,0,17,0.0009143334816883453,0.0,0.17419998766854405,14
6942,15,2,0.5008189280368489,0.005008189280368489,0.03338792853578993,0,0,0,0,19,0.0008792055133142185,0.0,0.14369998825713992,26
6943,15,2,0.4999488322608798,0.004999488322608798,0.03332992215072532,0,0,0,0,19,0.0008700957761789141,0.0,0.17630000365898013,26
6944,15,0,0.4999488322608798,0.004999488322608798,0.03332992215072532,0,0,0,0,0,0.0,0.0,0.04480005009099841,0
6945,15,0,0.4999488322608798,0.004999488322608798,0.03332992215072532,0,0,0,0,0,0.0,0.0,0.03700004890561104,0
6946,15,0,0.4999488322608798,0.004999488322608798,0.03332992215072532,0,0,0,0,0,0.0,0.0,0.0350000336766243,0
6947,15,0,0.4999488322608798,0.004999488322608798,0.03332992215072532,0,0,0,0,0,0.0,0.0,0.034999975468963385,0
6948,15,0,0.4999488322608798,0.004999488322608798,0.03332992215072532,0,0,0,0,0,0.0,0.0,0.03459997242316604,0
6949,15,0,0.4999488322608798,0.004999488322608798,0.03332992215072532,0,0,0,0,0,0.0,0.0,0.03370002377778292,0
6950,15,0,0.4999488322608798,0.004999488322608798,0.03332992215072532,0,0,0,0,0,0.0,0.0,0.03579998156055808,0
6951,15,2,0.4990604176718225,0.004990604176718225,0.03327069451145483,0,0,0,0,19,0.0008884145892551487,0.0,0.17009995644912124,26
6952,15,1,0.4982690531978869,0.004982690531978869,0.033217936879859127,0,0,0,0,17,0.0007913644741108783,0.0,0.17750001279637218,14
6953,15,0,0.4982690531978869,0.004982690531978869,0.033217936879859127,0,0,0,0,0,0.0,0.0,0.040300015825778246,0
6954,15,3,0.4973111016861898,0.004973111016861898,0.03315407344574598,0,0,0,0,21,0.0009579515119213511,0.0,0.15540001913905144,36
6955,15,1,0.4964037089954777,0.004964037089954777,0.03309358059969851,0,0,0,0,17,0.000907392690891129,0.0,0.16719999257475138,14
6956,15,0,0.4964037089954777,0.004964037089954777,0.03309358059969851,0,0,0,0,0,0.0,0.0,0.02859998494386673,0
6957,15,1,0.4954900855695963,0.004954900855695963,0.03303267237130642,0,0,0,0,17,0.0009136234260722631,0.0,0.1618000096641481,14
6958,15,2,0.49459639481796147,0.004945963948179615,0.0329730929878641,0,0,0,0,19,0.0008936907518375392,0.0,0.15629996778443456,26
6959,15,0,0.49459639481796147,0.004945963948179615,0.0329730929878641,0,0,0,0,0,0.0,0.0,0.02340000355616212,0
6960,15,1,0.49380996058812743,0.0049380996058812745,0.03292066403920849,0,0,0,0,17,0.0007864342300081262,0.0,0.17590000061318278,14
6961,15,1,0.49246715797269625,0.004924671579726963,0.03283114386484642,1,1,1,1,17,0.0013428026156105943,314.0,0.19109999993816018,14
6962,15,0,0.49246715797269625,0.004924671579726963,0.03283114386484642,0,0,0,0,0,0.0,0.0,0.0570000265724957,0
6963,15,2,0.49082191977072903,0.00490821919770729,0.032721461318048595,2,1,1,1,19,0.001645238202158339,234.0,0.20000000949949026,26
6964,15,2,0.48947434245110155,0.004894743424511016,0.03263162283007343,1,1,1,1,19,0.0013475773198337038,254.0,0.17329998081550002,26
6965,15,1,0.4885607190252201,0.0048856071902522,0.03257071460168133,0,0,0,0,17,0.0009136234260722631,0.0,0.17559999832883477,14
6966,15,1,0.48768417929911195,0.00487684179299112,0.0325122786199408,0,0,0,0,17,0.0008765397262777697,0.0,0.17100002150982618,14
6967,15,0,0.48768417929911195,0.00487684179299112,0.0325122786199408,0,0,0,0,0,0.0,0.0,0.03360002301633358,0
6968,15,0,0.48690561330504384,0.004869056133050439,0.032460374220336256,2,2,2,2,0,0.0007785659940680034,17.0,0.034800032153725624,0
6969,15,1,0.4848301923835549,0.004848301923835549,0.032322012825570325,3,1,2,2,17,0.002075420921656246,314.0,0.19799999427050352,14
6970,15,2,0.4827029651403786,0.004827029651403786,0.03218019767602524,3,1,2,2,19,0.0021272272433776607,214.0,0.1800000318326056,26
6971,15,0,0.48190291871295904,0.00481902918712959,0.03212686124753061,2,2,2,2,0,0.0008000464274289243,17.0,0.03570003900676966,0
6972,15,0,0.48155976264361,0.0048155976264361,0.03210398417624067,1,1,1,1,0,0.0003431560693627489,17.0,0.029699993319809437,0
6973,15,1,0.4789702128966869,0.004789702128966869,0.031931347526445795,3,1,2,2,17,0.002589549747114006,314.0,0.14249997911974788,14
6974,15,1,0.4778617066286665,0.004778617066286665,0.03185744710857776,1,1,1,1,17,0.001108506268195697,314.0,0.13890000991523266,14
6975,15,0,0.47720140876523265,0.004772014087652326,0.031813427251015505,2,2,2,2,0,0.0006602978634191459,17.0,0.024500011932104826,0
6976,15,1,0.47545478587391976,0.004754547858739197,0.03169698572492799,2,1,1,1,17,0.0017466228914742032,314.0,0.16920000780373812,14
6977,15,1,0.47293685573860283,0.004729368557386028,0.031529123715906854,4,1,3,3,17,0.0025179301354967265,314.0,0.19340001745149493,14
6978,15,0,0.4718411479504499,0.004718411479504499,0.03145607653002999,3,3,3,3,0,0.001095707788152822,17.0,0.028499984182417393,0
6979,15,0,0.47152400615636514,0.004715240061563652,0.03143493374375767,1,1,1,1,0,0.0003171417940848187,17.0,0.024600012693554163,0
6980,15,2,0.46984867345905307,0.004698486734590531,0.0313232448972702,2,1,1,1,19,0.0016753326975162963,214.0,0.18560001626610756,26
6981,14,1,0.4680896135298336,0.004680896135298335,0.03343497239498811,2,1,1,1,17,0.0017590599293981768,294.0,0.15140004688873887,14
6982,14,0,0.46681129183482784,0.004668112918348278,0.033343663702487696,3,3,3,3,0,0.0012783216950111864,17.0,0.03190001007169485,0
6983,14,0,0.46603725968267246,0.004660372596826725,0.03328837569161946,2,2,2,2,0,0.0007740321521509941,17.0,0.030399998649954796,0
6984,14,1,0.46303921061804054,0.004630392106180405,0.03307422932986004,4,1,3,3,16,0.002998049064800057,294.0,0.13299996498972178,13
6985,14,2,0.4622255554465489,0.00462225555446549,0.033016111103324926,0,0,0,0,18,0.0008136551716830809,0.0,0.12879999121651053,24
6986,14,0,0.46124289511227656,0.004612428951122766,0.032945921079448326,2,2,2,2,0,0.0009826603342730778,17.0,0.031400006264448166,0
6987,14,0,0.46071712513607477,0.0046071712513607475,0.0329083660811482,1,1,1,1,0,0.0005257699762069024,17.0,0.02929999027401209,0
6988,14,0,0.46071712513607477,0.0046071712513607475,0.0329083660811482,0,0,0,0,0,0.0,0.0,0.04249997437000275,0
6989,14,1,0.45904997550742743,0.004590499755074274,0.03278928396481624,2,1,1,1,16,0.0016671496288012122,294.0,0.14560000272467732,13
6990,14,1,0.4574920174782854,0.004574920174782854,0.032678001248448954,2,1,1,1,16,0.0015579580293092476,294.0,0.1430999836884439,13
6991,14,0,0.4570351271202149,0.004570351271202149,0.03264536622287249,1,1,1,1,0,0.00045689035808038625,17.0,0.03509997623041272,0
6992,14,1,0.455010398421247,0.00455010398421247,0.032500742744374776,3,1,2,2,16,0.0020247286991121882,294.0,0.1748999929986894,13
6993,14,1,0.4528219311013137,0.004528219311013137,0.03234442365009384,3,1,2,2,16,0.0021884673200958105,294.0,0.17219997243955731,13
6994,14,0,0.4518392707670414,0.004518392707670414,0.03227423362621724,2,2,2,2,0,0.0009826603342730778,17.0,0.0315000070258975,0
6995,14,1,0.45097636299534516,0.004509763629953451,0.03221259735681037,0,0,0,0,16,0.0008629077718751432,0.0,0.1637000241316855,13
6996,14,0,0.4501334512250586,0.004501334512250586,0.032152389373218467,2,2,2,2,0,0.0008429117702632993,17.0,0.028699985705316067,0
6997,14,2,0.4493203661185934,0.0044932036611859336,0.03209431186561381,0,0,0,0,18,0.0008130851066709965,0.0,0.1496000331826508,24
6998,14,1,0.4475425004176487,0.004475425004176487,0.03196732145840349,2,1,1,1,16,0.0017778657011007226,294.0,0.15030003851279616,13
6999,14,0,0.4472253586235639,0.004472253586235639,0.03194466847311171,1,1,1,1,0,0.0003171417940848187,17.0,0.026799971237778664,0
