round,alive_nodes,num_ch,total_residual_energy,mean_residual_energy_all,mean_residual_energy_alive,packets_sent,packets_received_bs,readings_attempted,readings_delivered,control_packets,energy_consumed_round,mean_latency_ms,setup_time_ms,ops_count
0,100,5,99.9561443086327,0.999561443086327,0.999561443086327,100,5,100,100,6,0.043855691367319115,414.0,277.40279998397455,50600
1,100,5,99.91328861726538,0.9991328861726538,0.9991328861726538,100,5,100,100,5,0.04285569136731899,414.0,0.06420002318918705,0
2,100,5,99.87043292589806,0.9987043292589806,0.9987043292589806,100,5,100,100,5,0.04285569136731901,414.0,0.06290001329034567,0
3,100,5,99.82757723453076,0.9982757723453076,0.9982757723453076,100,5,100,100,5,0.04285569136731937,414.0,0.06180000491440296,0
4,100,5,99.78472154316344,0.9978472154316345,0.9978472154316345,100,5,100,100,5,0.04285569136731959,414.0,0.06890000076964498,0
5,100,5,99.74086585179616,0.9974086585179616,0.9974086585179616,100,5,100,100,6,0.04385569136731954,414.0,280.2576000103727,50600
6,100,5,99.69801016042882,0.9969801016042882,0.9969801016042882,100,5,100,100,5,0.04285569136731965,414.0,0.06499997107312083,0
7,100,5,99.6551544690615,0.996551544690615,0.996551544690615,100,5,100,100,5,0.04285569136731976,414.0,0.0638000201433897,0
8,100,5,99.6122987776942,0.9961229877769421,0.9961229877769421,100,5,100,100,5,0.04285569136731965,414.0,0.06049999501556158,0
9,100,5,99.5694430863269,0.995694430863269,0.995694430863269,100,5,100,100,5,0.04285569136731976,414.0,0.06130000110715628,0
10,100,5,99.5255989132166,0.995255989132166,0.995255989132166,100,5,100,100,6,0.043844173110316464,414.0,267.88900000974536,50600
11,100,5,99.48275474010629,0.9948275474010628,0.9948275474010628,100,5,100,100,5,0.04284417311031663,414.0,0.06279995432123542,0
12,100,5,99.43991056699596,0.9943991056699596,0.9943991056699596,100,5,100,100,5,0.04284417311031674,414.0,0.06079999729990959,0
13,100,5,99.39706639388567,0.9939706639388567,0.9939706639388567,100,5,100,100,5,0.04284417311031452,414.0,0.056500022765249014,0
14,100,5,99.35422222077537,0.9935422222077537,0.9935422222077537,100,5,100,100,5,0.04284417311031408,414.0,0.06089999806135893,0
15,100,5,99.31037097937529,0.993103709793753,0.993103709793753,100,5,100,100,6,0.04385124140005414,414.0,265.09239996084943,50600
16,100,5,99.26751973797525,0.9926751973797525,0.9926751973797525,100,5,100,100,5,0.04285124140005403,414.0,0.08239998714998364,0
17,100,5,99.2246684965752,0.9922466849657521,0.9922466849657521,100,5,100,100,5,0.04285124140005414,414.0,0.03489997470751405,0
18,100,5,99.18181725517515,0.9918181725517514,0.9918181725517514,100,5,100,100,5,0.04285124140005392,414.0,0.06280001252889633,0
19,100,5,99.13896601377512,0.9913896601377512,0.9913896601377512,100,5,100,100,5,0.04285124140005414,414.0,0.03659998765215278,0
20,100,5,99.09510320170634,0.9909510320170634,0.9909510320170634,100,5,100,100,6,0.043862812068786394,414.0,256.91230001393706,50600
21,100,5,99.05224038963753,0.9905224038963754,0.9905224038963754,100,5,100,100,5,0.04286281206878639,414.0,0.03950000973418355,0
22,100,5,99.00937757756876,0.9900937757756876,0.9900937757756876,100,5,100,100,5,0.042862812068786615,414.0,0.06419996498152614,0
23,100,5,98.96651476549997,0.9896651476549997,0.9896651476549997,100,5,100,100,5,0.04286281206878617,414.0,0.029799994081258774,0
24,100,5,98.92365195343118,0.9892365195343118,0.9892365195343118,100,5,100,100,5,0.04286281206878595,414.0,0.058500037994235754,0
25,100,5,98.87979488522258,0.9887979488522258,0.9887979488522258,100,5,100,100,6,0.04385706820863122,414.0,275.6736999726854,50600
26,100,5,98.83693781701393,0.9883693781701394,0.9883693781701394,100,5,100,100,5,0.04285706820863133,414.0,0.06370001938194036,0
27,100,5,98.79408074880531,0.9879408074880531,0.9879408074880531,100,5,100,100,5,0.04285706820863133,414.0,0.062700011767447,0
28,100,5,98.75122368059668,0.9875122368059668,0.9875122368059668,100,5,100,100,5,0.04285706820863133,414.0,0.05830003647133708,0
29,100,5,98.70836661238806,0.9870836661238807,0.9870836661238807,100,5,100,100,5,0.042857068208631555,414.0,0.06560003384947777,0
30,100,5,98.66451347175393,0.9866451347175393,0.9866451347175393,100,5,100,100,6,0.04385314063414891,414.0,281.8175000138581,50600
31,100,5,98.62166033111978,0.9862166033111979,0.9862166033111979,100,5,100,100,5,0.04285314063414836,414.0,0.058100034948438406,0
32,100,5,98.57880719048563,0.9857880719048563,0.9857880719048563,100,5,100,100,5,0.04285314063414836,414.0,0.05959998816251755,0
33,100,5,98.53595404985148,0.9853595404985148,0.9853595404985148,100,5,100,100,5,0.0428531406341488,414.0,0.06309995660558343,0
34,100,5,98.49310090921735,0.9849310090921735,0.9849310090921735,100,5,100,100,5,0.04285314063414836,414.0,0.06210000719875097,0
35,100,5,98.44924789920454,0.9844924789920454,0.9844924789920454,100,5,100,100,6,0.04385301001282005,414.0,262.7529999590479,50600
36,100,5,98.40639488919173,0.9840639488919173,0.9840639488919173,100,5,100,100,5,0.04285301001281949,414.0,0.06669998401775956,0
37,100,5,98.3635418791789,0.983635418791789,0.983635418791789,100,5,100,100,5,0.042853010012819936,414.0,0.06370001938194036,0
38,100,5,98.32068886916609,0.983206888691661,0.983206888691661,100,5,100,100,5,0.042853010012819936,414.0,0.061700004152953625,0
39,100,5,98.27783585915329,0.9827783585915328,0.9827783585915328,100,5,100,100,5,0.042853010012819714,414.0,0.06539997411891818,0
40,100,5,98.23396550815539,0.982339655081554,0.982339655081554,100,5,100,100,6,0.04387035099789127,414.0,254.86149999778718,50600
41,100,5,98.19109515715752,0.9819109515715752,0.9819109515715752,100,5,100,100,5,0.04287035099789138,414.0,0.06049999501556158,0
42,100,5,98.14822480615963,0.9814822480615963,0.9814822480615963,100,5,100,100,5,0.04287035099789094,414.0,0.05909998435527086,0
43,100,5,98.10535445516174,0.9810535445516174,0.9810535445516174,100,5,100,100,5,0.04287035099789094,414.0,0.056299963034689426,0
44,100,5,98.06248410416386,0.9806248410416386,0.9806248410416386,100,5,100,100,5,0.04287035099789094,414.0,0.0591999851167202,0
45,100,5,98.01864644849574,0.9801864644849574,0.9801864644849574,100,5,100,100,6,0.04383765566811726,414.0,271.99380000820383,50600
46,100,5,97.97580879282765,0.9797580879282765,0.9797580879282765,100,5,100,100,5,0.04283765566811737,414.0,0.06659998325631022,0
47,100,5,97.9329711371595,0.979329711371595,0.979329711371595,100,5,100,100,5,0.04283765566811715,414.0,0.06180000491440296,0
48,100,5,97.89013348149142,0.9789013348149141,0.9789013348149141,100,5,100,100,5,0.04283765566811848,414.0,0.06480002775788307,0
49,100,5,97.8472958258233,0.978472958258233,0.978472958258233,100,5,100,100,5,0.042837655668118035,414.0,0.0610999995842576,0
50,100,5,97.80352476928977,0.9780352476928976,0.9780352476928976,100,5,100,100,6,0.043771056533525865,414.0,282.98909997101873,50600
51,100,5,97.76075371275626,0.9776075371275625,0.9776075371275625,100,5,100,100,5,0.042771056533525975,414.0,0.0667999847792089,0
52,100,5,97.71798265622273,0.9771798265622273,0.9771798265622273,100,5,100,100,5,0.04277105653352509,414.0,0.06509997183457017,0
53,100,5,97.6752115996892,0.976752115996892,0.976752115996892,100,5,100,100,5,0.04277105653352553,414.0,0.06340001709759235,0
54,100,5,97.6324405431557,0.976324405431557,0.976324405431557,100,5,100,100,5,0.04277105653352509,414.0,0.05820003570988774,0
55,100,5,97.58867044124037,0.9758867044124037,0.9758867044124037,100,5,100,100,6,0.04377010191532715,414.0,284.19259999645874,50600
56,100,5,97.54590033932506,0.9754590033932505,0.9754590033932505,100,5,100,100,5,0.04277010191532726,414.0,0.0610999995842576,0
57,100,5,97.50313023740975,0.9750313023740975,0.9750313023740975,100,5,100,100,5,0.04277010191532726,414.0,0.05820003570988774,0
58,100,5,97.46036013549443,0.9746036013549443,0.9746036013549443,100,5,100,100,5,0.04277010191532726,414.0,0.05800003418698907,0
59,100,5,97.41759003357909,0.9741759003357909,0.9741759003357909,100,5,100,100,5,0.04277010191532771,414.0,0.057100027333945036,0
60,100,5,97.37376839790659,0.9737376839790659,0.9737376839790659,100,5,100,100,6,0.04382163567251274,414.0,264.7869000211358,50600
61,100,5,97.33094676223408,0.9733094676223408,0.9733094676223408,100,5,100,100,5,0.04282163567251285,414.0,0.06480002775788307,0
62,100,5,97.28812512656155,0.9728812512656155,0.9728812512656155,100,5,100,100,5,0.042821635672512404,414.0,0.031000003218650818,0
63,100,5,97.24530349088906,0.9724530349088906,0.9724530349088906,100,5,100,100,5,0.04282163567251329,414.0,0.06330001633614302,0
64,100,5,97.20248185521656,0.9720248185521656,0.9720248185521656,100,5,100,100,5,0.04282163567251329,414.0,0.06280001252889633,0
65,100,5,97.15867397226938,0.9715867397226938,0.9715867397226938,100,5,100,100,6,0.043807882947177745,414.0,282.9085999983363,50600
66,100,5,97.11586608932221,0.9711586608932221,0.9711586608932221,100,5,100,100,5,0.04280788294717919,414.0,0.06029999349266291,0
67,100,5,97.07305820637502,0.9707305820637502,0.9707305820637502,100,5,100,100,5,0.042807882947178744,414.0,0.06509997183457017,0
68,100,5,97.03025032342786,0.9703025032342787,0.9703025032342787,100,5,100,100,5,0.042807882947178744,414.0,0.06250001024454832,0
69,100,5,96.98744244048068,0.9698744244048068,0.9698744244048068,100,5,100,100,5,0.0428078829471783,414.0,0.06130000110715628,0
70,100,5,96.94367233856536,0.9694367233856537,0.9694367233856537,100,5,100,100,6,0.04377010191532715,414.0,265.0662999949418,50600
71,100,5,96.90090223665004,0.9690090223665004,0.9690090223665004,100,5,100,100,5,0.04277010191532726,414.0,0.030399998649954796,0
72,100,5,96.85813213473472,0.9685813213473472,0.9685813213473472,100,5,100,100,5,0.04277010191532815,414.0,0.03339996328577399,0
73,100,5,96.81536203281941,0.9681536203281941,0.9681536203281941,100,5,100,100,5,0.04277010191532682,414.0,0.03250001464039087,0
74,100,5,96.77259193090408,0.9677259193090408,0.9677259193090408,100,5,100,100,5,0.04277010191532771,414.0,0.03160000778734684,0
75,100,5,96.72874160846287,0.9672874160846286,0.9672874160846286,100,5,100,100,6,0.04385032244120746,414.0,268.525600025896,50600
76,100,5,96.68589128602167,0.9668589128602167,0.9668589128602167,100,5,100,100,5,0.04285032244120712,414.0,0.0488999648950994,0
77,100,5,96.64304096358048,0.9664304096358047,0.9664304096358047,100,5,100,100,5,0.04285032244120801,414.0,0.048900023102760315,0
78,100,5,96.60019064113925,0.9660019064113925,0.9660019064113925,100,5,100,100,5,0.04285032244120801,414.0,0.04850002005696297,0
79,100,5,96.55734031869805,0.9655734031869805,0.9655734031869805,100,5,100,100,5,0.04285032244120712,414.0,0.05829997826367617,0
80,100,5,96.51346810185026,0.9651346810185026,0.9651346810185026,100,5,100,100,6,0.04387221684782272,414.0,274.1241999901831,50600
81,100,5,96.47059588500242,0.9647059588500242,0.9647059588500242,100,5,100,100,5,0.04287221684782283,414.0,0.06479996955022216,0
82,100,5,96.42772366815461,0.9642772366815461,0.9642772366815461,100,5,100,100,5,0.04287221684782283,414.0,0.029300048481673002,0
83,100,5,96.38485145130679,0.9638485145130679,0.9638485145130679,100,5,100,100,5,0.04287221684782283,414.0,0.02729997504502535,0
84,100,5,96.34197923445896,0.9634197923445896,0.9634197923445896,100,5,100,100,5,0.04287221684782283,414.0,0.07889996049925685,0
85,100,5,96.29808829750279,0.9629808829750278,0.9629808829750278,100,5,100,100,6,0.04389093695619373,414.0,238.3451999630779,50600
86,100,5,96.25519736054659,0.9625519736054658,0.9625519736054658,100,5,100,100,5,0.04289093695619339,414.0,0.06739998934790492,0
87,100,5,96.21230642359042,0.9621230642359042,0.9621230642359042,100,5,100,100,5,0.04289093695619384,414.0,0.058800040278583765,0
88,100,5,96.16941548663421,0.961694154866342,0.961694154866342,100,5,100,100,5,0.04289093695619384,414.0,0.06319995736703277,0
89,100,5,96.12652454967805,0.9612652454967805,0.9612652454967805,100,5,100,100,5,0.04289093695619384,414.0,0.06450002547353506,0
90,100,5,96.08269974731566,0.9608269974731566,0.9608269974731566,100,5,100,100,6,0.04382480236240571,414.0,259.75269998889416,50600
91,100,5,96.03987494495321,0.9603987494495321,0.9603987494495321,100,5,100,100,5,0.04282480236240627,414.0,0.06399996345862746,0
92,100,5,95.99705014259084,0.9599705014259083,0.9599705014259083,100,5,100,100,5,0.04282480236240582,414.0,0.06689998554065824,0
93,100,5,95.95422534022843,0.9595422534022844,0.9595422534022844,100,5,100,100,5,0.04282480236240627,414.0,0.0790000194683671,0
94,100,5,95.91140053786604,0.9591140053786604,0.9591140053786604,100,5,100,100,5,0.04282480236240627,414.0,0.060999998822808266,0
95,100,5,95.86756620272189,0.9586756620272189,0.9586756620272189,100,5,100,100,6,0.043834335144151026,414.0,279.0161999873817,50600
96,100,5,95.82473186757774,0.9582473186757774,0.9582473186757774,100,5,100,100,5,0.042834335144149804,414.0,0.0564999645575881,0
97,100,5,95.78189753243358,0.9578189753243358,0.9578189753243358,100,5,100,100,5,0.042834335144148916,414.0,0.029999995604157448,0
98,100,5,95.73906319728945,0.9573906319728945,0.9573906319728945,100,5,100,100,5,0.04283433514415069,414.0,0.04239997360855341,0
99,100,5,95.6962288621453,0.956962288621453,0.956962288621453,100,5,100,100,5,0.042834335144148916,414.0,0.028200040105730295,0
100,100,5,95.65236418457616,0.9565236418457616,0.9565236418457616,100,5,100,100,6,0.04386467756917245,414.0,271.8668999732472,50600
101,100,5,95.60949950700696,0.9560949950700696,0.9560949950700696,100,5,100,100,5,0.04286467756917123,414.0,0.0800999696366489,0
102,100,5,95.56663482943779,0.9556663482943779,0.9556663482943779,100,5,100,100,5,0.042864677569173004,414.0,0.03559998003765941,0
103,100,5,95.52377015186863,0.9552377015186864,0.9552377015186864,100,5,100,100,5,0.04286467756917123,414.0,0.04369998350739479,0
104,100,5,95.48090547429945,0.9548090547429945,0.9548090547429945,100,5,100,100,5,0.042864677569173004,414.0,0.03339996328577399,0
105,100,5,95.43705965074038,0.9543705965074039,0.9543705965074039,100,5,100,100,6,0.043845823559084174,414.0,260.34619996789843,50600
106,100,5,95.3942138271813,0.9539421382718131,0.9539421382718131,100,5,100,100,5,0.042845823559085616,414.0,0.03749999450519681,0
107,100,5,95.35136800362223,0.9535136800362223,0.9535136800362223,100,5,100,100,5,0.042845823559085616,414.0,0.04360004095360637,0
108,100,5,95.30852218006314,0.9530852218006314,0.9530852218006314,100,5,100,100,5,0.04284582355908473,414.0,0.03430002834647894,0
109,100,5,95.26567635650403,0.9526567635650403,0.9526567635650403,100,5,100,100,5,0.042845823559086504,414.0,0.03550003748387098,0
110,100,5,95.22179977467583,0.9522179977467583,0.9522179977467583,100,5,100,100,6,0.043876581828230066,414.0,274.97450000373647,50600
111,100,5,95.17892319284762,0.9517892319284762,0.9517892319284762,100,5,100,100,5,0.042876581828228844,414.0,0.05949998740106821,0
112,100,5,95.1360466110194,0.951360466110194,0.951360466110194,100,5,100,100,5,0.04287658182822707,414.0,0.0638000201433897,0
113,100,5,95.09317002919117,0.9509317002919118,0.9509317002919118,100,5,100,100,5,0.042876581828227955,414.0,0.06350001785904169,0
114,100,5,95.05029344736295,0.9505029344736294,0.9505029344736294,100,5,100,100,5,0.042876581828227955,414.0,0.05660002352669835,0
115,100,5,95.00648188795711,0.9500648188795711,0.9500648188795711,100,5,100,100,6,0.04381155940584591,414.0,292.65590000431985,50600
116,100,5,94.96367032855127,0.9496367032855128,0.9496367032855128,100,5,100,100,5,0.042811559405842026,414.0,0.06260001100599766,0
117,100,5,94.92085876914544,0.9492085876914544,0.9492085876914544,100,5,100,100,5,0.042811559405842914,414.0,0.06350001785904169,0
118,100,5,94.87804720973959,0.9487804720973959,0.9487804720973959,100,5,100,100,5,0.042811559405842914,414.0,0.06210000719875097,0
119,100,5,94.83523565033376,0.9483523565033376,0.9483523565033376,100,5,100,100,5,0.0428115594058438,414.0,0.06360001862049103,0
120,100,5,94.79137530995533,0.9479137530995533,0.9479137530995533,100,5,100,100,6,0.043860340378450324,414.0,279.74989998620003,50600
121,100,5,94.74851496957686,0.9474851496957686,0.9474851496957686,100,5,100,100,5,0.04286034037845177,414.0,0.063000014051795,0
122,100,5,94.70565462919843,0.9470565462919843,0.9470565462919843,100,5,100,100,5,0.04286034037844999,414.0,0.05800003418698907,0
123,100,5,94.66279428881997,0.9466279428881996,0.9466279428881996,100,5,100,100,5,0.04286034037845177,414.0,0.08050003089010715,0
124,100,5,94.61993394844153,0.9461993394844153,0.9461993394844153,100,5,100,100,5,0.04286034037844999,414.0,0.058999983593821526,0
125,100,5,94.57608496470273,0.9457608496470273,0.9457608496470273,100,5,100,100,6,0.04384898373879409,414.0,249.00370003888384,50600
126,100,5,94.53323598096397,0.9453323598096397,0.9453323598096397,100,5,100,100,5,0.042848983738793756,414.0,0.060699996538460255,0
127,100,5,94.49038699722517,0.9449038699722517,0.9449038699722517,100,5,100,100,5,0.042848983738793756,414.0,0.05870003951713443,0
128,100,5,94.44753801348638,0.9444753801348638,0.9444753801348638,100,5,100,100,5,0.042848983738793756,414.0,0.06250001024454832,0
129,100,5,94.4046890297476,0.944046890297476,0.944046890297476,100,5,100,100,5,0.042848983738793756,414.0,0.058999983593821526,0
130,100,5,94.36086522879103,0.9436086522879102,0.9436086522879102,100,5,100,100,6,0.04382380095657368,414.0,276.86059998814017,50600
131,100,5,94.31804142783446,0.9431804142783445,0.9431804142783445,100,5,100,100,5,0.04282380095657423,414.0,0.0640999642200768,0
132,100,5,94.27521762687789,0.9427521762687789,0.9427521762687789,100,5,100,100,5,0.04282380095657423,414.0,0.06639998173341155,0
133,100,5,94.23239382592132,0.9423239382592132,0.9423239382592132,100,5,100,100,5,0.042823800956573344,414.0,0.052799994591623545,0
134,100,5,94.18957002496474,0.9418957002496474,0.9418957002496474,100,5,100,100,5,0.04282380095657423,414.0,0.062400009483098984,0
135,100,5,94.14568620633048,0.9414568620633048,0.9414568620633048,100,5,100,100,6,0.043883818634288474,414.0,278.6401999765076,50600
136,100,5,94.1028023876962,0.941028023876962,0.941028023876962,100,5,100,100,5,0.042883818634286364,414.0,0.0657000346109271,0
137,100,5,94.05991856906189,0.940599185690619,0.940599185690619,100,5,100,100,5,0.04288381863428725,414.0,0.06180000491440296,0
138,100,5,94.01703475042761,0.9401703475042761,0.9401703475042761,100,5,100,100,5,0.042883818634286364,414.0,0.061400001868605614,0
139,100,5,93.97415093179333,0.9397415093179333,0.9397415093179333,100,5,100,100,5,0.042883818634286364,414.0,0.06160000339150429,0
140,100,5,93.93038082987802,0.9393038082987801,0.9393038082987801,100,5,100,100,6,0.04377010191532804,414.0,275.78309999080375,50600
141,100,5,93.8876107279627,0.938876107279627,0.938876107279627,100,5,100,100,5,0.042770101915328596,414.0,0.06649998249486089,0
142,100,5,93.84484062604737,0.9384484062604738,0.9384484062604738,100,5,100,100,5,0.04277010191532682,414.0,0.061700004152953625,0
143,100,5,93.80207052413208,0.9380207052413208,0.9380207052413208,100,5,100,100,5,0.04277010191532771,414.0,0.06360001862049103,0
144,100,5,93.75930042221674,0.9375930042221674,0.9375930042221674,100,5,100,100,5,0.04277010191532682,414.0,0.06360001862049103,0
145,100,5,93.71545678318783,0.9371545678318783,0.9371545678318783,100,5,100,100,6,0.04384363902890964,414.0,269.65869998093694,50600
146,100,5,93.67261314415894,0.9367261314415894,0.9367261314415894,100,5,100,100,5,0.04284363902890931,414.0,0.06699998630210757,0
147,100,5,93.62976950513003,0.9362976950513002,0.9362976950513002,100,5,100,100,5,0.04284363902890753,414.0,0.06210000719875097,0
148,100,5,93.58692586610113,0.9358692586610112,0.9358692586610112,100,5,100,100,5,0.04284363902890842,414.0,0.06230000872164965,0
149,100,5,93.54408222707224,0.9354408222707223,0.9354408222707223,100,5,100,100,5,0.04284363902890842,414.0,0.060999998822808266,0
150,100,5,93.50026480924072,0.9350026480924072,0.9350026480924072,100,5,100,100,6,0.04381741783151405,414.0,279.18470004806295,50600
151,100,5,93.45744739140922,0.9345744739140922,0.9345744739140922,100,5,100,100,5,0.04281741783151016,414.0,0.05270005203783512,0
152,100,5,93.4146299735777,0.934146299735777,0.934146299735777,100,5,100,100,5,0.04281741783151105,414.0,0.0651999725960195,0
153,100,5,93.3718125557462,0.933718125557462,0.933718125557462,100,5,100,100,5,0.04281741783151105,414.0,0.06509997183457017,0
154,100,5,93.32899513791472,0.9332899513791472,0.9332899513791472,100,5,100,100,5,0.04281741783151283,414.0,0.04610000178217888,0
155,100,5,93.28514956689547,0.9328514956689546,0.9328514956689546,100,5,100,100,6,0.0438455710192347,414.0,283.08530000504106,50600
156,100,5,93.24230399587624,0.9324230399587624,0.9324230399587624,100,5,100,100,5,0.04284557101923525,414.0,0.06250001024454832,0
157,100,5,93.19945842485701,0.9319945842485702,0.9319945842485702,100,5,100,100,5,0.04284557101923436,414.0,0.03490003291517496,0
158,100,5,93.15661285383777,0.9315661285383777,0.9315661285383777,100,5,100,100,5,0.04284557101923525,414.0,0.062000006437301636,0
159,100,5,93.11376728281854,0.9311376728281854,0.9311376728281854,100,5,100,100,5,0.04284557101923436,414.0,0.05790003342553973,0
160,100,5,93.06993235168387,0.9306993235168387,0.9306993235168387,100,5,100,100,6,0.04383493113468706,414.0,311.9618999771774,50600
161,100,5,93.02709742054918,0.9302709742054919,0.9302709742054919,100,5,100,100,5,0.04283493113468495,414.0,0.06160000339150429,0
162,100,5,92.9842624894145,0.929842624894145,0.929842624894145,100,5,100,100,5,0.04283493113468673,414.0,0.059999991208314896,0
163,100,5,92.94142755827984,0.9294142755827984,0.9294142755827984,100,5,100,100,5,0.04283493113468584,414.0,0.060399994254112244,0
164,100,5,92.89859262714515,0.9289859262714515,0.9289859262714515,100,5,100,100,5,0.04283493113468584,414.0,0.07989996811375022,0
165,100,5,92.85471663230689,0.9285471663230689,0.9285471663230689,100,5,100,100,6,0.043875994838261434,414.0,302.74730001110584,50600
166,100,5,92.81184063746862,0.9281184063746862,0.9281184063746862,100,5,100,100,5,0.0428759948382611,414.0,0.05859998054802418,0
167,100,5,92.76896464263037,0.9276896464263037,0.9276896464263037,100,5,100,100,5,0.042875994838259324,414.0,0.07209996692836285,0
168,100,5,92.72608864779212,0.9272608864779213,0.9272608864779213,100,5,100,100,5,0.0428759948382611,414.0,0.059100042562931776,0
169,100,5,92.68321265295387,0.9268321265295387,0.9268321265295387,100,5,100,100,5,0.0428759948382611,414.0,0.05679996684193611,0
170,100,5,92.63936593718701,0.9263936593718701,0.9263936593718701,100,5,100,100,6,0.043846715766886035,414.0,279.31990002980456,50600
171,100,5,92.59651922142012,0.9259651922142013,0.9259651922142013,100,5,100,100,5,0.04284671576688659,414.0,0.05640002200379968,0
172,100,5,92.55367250565324,0.9255367250565324,0.9255367250565324,100,5,100,100,5,0.04284671576688659,414.0,0.05909998435527086,0
173,100,5,92.51082578988635,0.9251082578988635,0.9251082578988635,100,5,100,100,5,0.04284671576688748,414.0,0.06630003917962313,0
174,100,5,92.46797907411947,0.9246797907411947,0.9246797907411947,100,5,100,100,5,0.04284671576688481,414.0,0.05070003680884838,0
175,100,5,92.42420688930993,0.9242420688930992,0.9242420688930992,100,5,100,100,6,0.04377218480955225,414.0,296.31539998808876,50600
176,100,5,92.38143470450038,0.9238143470450038,0.9238143470450038,100,5,100,100,5,0.04277218480954925,414.0,0.06079999729990959,0
177,100,5,92.33866251969084,0.9233866251969084,0.9233866251969084,100,5,100,100,5,0.04277218480954925,414.0,0.03029999788850546,0
178,100,5,92.29589033488129,0.9229589033488129,0.9229589033488129,100,5,100,100,5,0.04277218480954925,414.0,0.02759997732937336,0
179,100,5,92.25311815007173,0.9225311815007173,0.9225311815007173,100,5,100,100,5,0.04277218480955014,414.0,0.03309996100142598,0
180,100,5,92.20930073224025,0.9220930073224025,0.9220930073224025,100,5,100,100,6,0.04381741783151316,414.0,252.3626999463886,50600
181,100,5,92.16648331440875,0.9216648331440875,0.9216648331440875,100,5,100,100,5,0.04281741783151105,414.0,0.03649998689070344,0
182,100,5,92.12366589657722,0.9212366589657722,0.9212366589657722,100,5,100,100,5,0.04281741783151016,414.0,0.052499992307275534,0
183,100,5,92.08084847874574,0.9208084847874574,0.9208084847874574,100,5,100,100,5,0.04281741783151194,414.0,0.06310001481324434,0
184,100,5,92.03803106091422,0.9203803106091422,0.9203803106091422,100,5,100,100,5,0.04281741783151194,414.0,0.062700011767447,0
185,100,5,91.99419342080346,0.9199419342080346,0.9199419342080346,100,5,100,100,6,0.04383764011079272,414.0,275.21859999978915,50600
186,100,5,91.95135578069267,0.9195135578069267,0.9195135578069267,100,5,100,100,5,0.04283764011078972,414.0,0.06539997411891818,0
187,100,5,91.90851814058189,0.9190851814058189,0.9190851814058189,100,5,100,100,5,0.0428376401107915,414.0,0.06260001100599766,0
188,100,5,91.86568050047109,0.9186568050047108,0.9186568050047108,100,5,100,100,5,0.0428376401107915,414.0,0.062000006437301636,0
189,100,5,91.8228428603603,0.918228428603603,0.918228428603603,100,5,100,100,5,0.04283764011078972,414.0,0.06160000339150429,0
190,100,5,91.77894071538294,0.9177894071538294,0.9177894071538294,100,5,100,100,6,0.04390214497735201,414.0,287.4372999649495,50600
191,100,5,91.7360385704056,0.917360385704056,0.917360385704056,100,5,100,100,5,0.04290214497735079,414.0,0.06560003384947777,0
192,100,5,91.69313642542828,0.9169313642542828,0.9169313642542828,100,5,100,100,5,0.04290214497734901,414.0,0.05759997293353081,0
193,100,5,91.65023428045093,0.9165023428045093,0.9165023428045093,100,5,100,100,5,0.04290214497734901,414.0,0.05590001819655299,0
194,100,5,91.60733213547358,0.9160733213547358,0.9160733213547358,100,5,100,100,5,0.04290214497734901,414.0,0.06180000491440296,0
195,100,5,91.56347014580109,0.915634701458011,0.915634701458011,100,5,100,100,6,0.04386198967248767,414.0,273.6670000012964,50600
196,100,5,91.52060815612863,0.9152060815612864,0.9152060815612864,100,5,100,100,5,0.04286198967249,414.0,0.06160000339150429,0
197,100,5,91.47774616645614,0.9147774616645614,0.9147774616645614,100,5,100,100,5,0.042861989672486445,414.0,0.14140002895146608,0
198,100,5,91.43488417678367,0.9143488417678367,0.9143488417678367,100,5,100,100,5,0.042861989672486445,414.0,0.054699950851500034,0
199,100,5,91.39202218711118,0.9139202218711118,0.9139202218711118,100,5,100,100,5,0.04286198967249,414.0,0.06630003917962313,0
200,100,5,91.34817099146004,0.9134817099146004,0.9134817099146004,100,5,100,100,6,0.043851195651141595,414.0,273.01229996373877,50600
201,100,5,91.30531979580888,0.9130531979580888,0.9130531979580888,100,5,100,100,5,0.04285119565113682,414.0,0.0610999995842576,0
202,100,5,91.26246860015777,0.9126246860015778,0.9126246860015778,100,5,100,100,5,0.04285119565114215,414.0,0.059399986639618874,0
203,100,5,91.21961740450662,0.9121961740450663,0.9121961740450663,100,5,100,100,5,0.04285119565114215,414.0,0.06779999239370227,0
204,100,5,91.17676620885548,0.9117676620885549,0.9117676620885549,100,5,100,100,5,0.04285119565114215,414.0,0.05189998773857951,0
205,100,5,91.13289854445712,0.9113289854445712,0.9113289854445712,100,5,100,100,6,0.04386766439835377,414.0,272.97920000273734,50600
206,100,5,91.09003088005879,0.9109003088005879,0.9109003088005879,100,5,100,100,5,0.042867664398357874,414.0,0.06629998097196221,0
207,100,5,91.04716321566045,0.9104716321566044,0.9104716321566044,100,5,100,100,5,0.042867664398357874,414.0,0.06739998934790492,0
208,100,5,91.00429555126209,0.9100429555126209,0.9100429555126209,100,5,100,100,5,0.042867664398357874,414.0,0.06250001024454832,0
209,100,5,90.96142788686376,0.9096142788686375,0.9096142788686375,100,5,100,100,5,0.042867664398357874,414.0,0.060699996538460255,0
210,100,5,90.91760638017644,0.9091760638017644,0.9091760638017644,100,5,100,100,6,0.043821506687306666,414.0,261.34880003519356,50600
211,100,5,90.87478487348918,0.9087478487348918,0.9087478487348918,100,5,100,100,5,0.04282150668732676,414.0,0.06769999163225293,0
212,100,5,90.83196336680189,0.9083196336680188,0.9083196336680188,100,5,100,100,5,0.04282150668732854,414.0,0.06620003841817379,0
213,100,5,90.78914186011461,0.9078914186011461,0.9078914186011461,100,5,100,100,5,0.04282150668732854,414.0,0.06549997488036752,0
214,100,5,90.74632035342734,0.9074632035342733,0.9074632035342733,100,5,100,100,5,0.04282150668732854,414.0,0.06440002471208572,0
215,100,5,90.70241215562244,0.9070241215562244,0.9070241215562244,100,5,100,100,6,0.04390819780495292,414.0,270.5079999868758,50600
216,100,5,90.65950395781752,0.9065950395781752,0.9065950395781752,100,5,100,100,5,0.0429081978049588,414.0,0.035699980799108744,0
217,100,5,90.61659576001264,0.9061659576001264,0.9061659576001264,100,5,100,100,5,0.042908197804953474,414.0,0.05259999306872487,0
218,100,5,90.5736875622077,0.9057368756220769,0.9057368756220769,100,5,100,100,5,0.04290819780495703,414.0,0.052600051276385784,0
219,100,5,90.53077936440279,0.9053077936440279,0.9053077936440279,100,5,100,100,5,0.0429081978049517,414.0,0.05069997860118747,0
220,100,5,90.48689290772543,0.9048689290772544,0.9048689290772544,100,5,100,100,6,0.04388645667741464,414.0,290.8659999957308,50600
221,100,5,90.44400645104808,0.9044400645104809,0.9044400645104809,100,5,100,100,5,0.042886456677411644,414.0,0.06739998934790492,0
222,100,5,90.4011199943707,0.904011199943707,0.904011199943707,100,5,100,100,5,0.04288645667740809,414.0,0.0659999786876142,0
223,100,5,90.35823353769334,0.9035823353769333,0.9035823353769333,100,5,100,100,5,0.04288645667740987,414.0,0.06520003080368042,0
224,100,5,90.31534708101597,0.9031534708101597,0.9031534708101597,100,5,100,100,5,0.04288645667741342,414.0,0.06430002395063639,0
225,100,5,90.27139221433801,0.9027139221433801,0.9027139221433801,100,5,100,100,6,0.043954866678031834,414.0,295.5913000041619,50600
226,100,5,90.22843734766002,0.9022843734766002,0.9022843734766002,100,5,100,100,5,0.04295486667803239,414.0,0.13050000416114926,0
227,100,5,90.18548248098203,0.9018548248098203,0.9018548248098203,100,5,100,100,5,0.04295486667803239,414.0,0.05360000068321824,0
228,100,5,90.14252761430403,0.9014252761430402,0.9014252761430402,100,5,100,100,5,0.04295486667803239,414.0,0.05749997217208147,0
229,100,5,90.09957274762607,0.9009957274762607,0.9009957274762607,100,5,100,100,5,0.04295486667803061,414.0,0.05749997217208147,0
230,100,5,90.0557294558168,0.900557294558168,0.900557294558168,100,5,100,100,6,0.043843291809324114,414.0,279.53609998803586,50600
231,100,5,90.01288616400753,0.9001288616400752,0.9001288616400752,100,5,100,100,5,0.042843291809321116,414.0,0.050799979362636805,0
232,100,5,89.9700428721982,0.8997004287219821,0.8997004287219821,100,5,100,100,5,0.04284329180932289,414.0,0.06130000110715628,0
233,100,5,89.92719958038896,0.8992719958038896,0.8992719958038896,100,5,100,100,5,0.042843291809321116,414.0,0.061400001868605614,0
234,100,5,89.88435628857968,0.8988435628857968,0.8988435628857968,100,5,100,100,5,0.04284329180932289,414.0,0.059100042562931776,0
235,100,5,89.84049806269206,0.8984049806269206,0.8984049806269206,100,5,100,100,6,0.04385822588766253,414.0,293.8942000037059,50600
236,100,5,89.79763983680445,0.8979763983680445,0.8979763983680445,100,5,100,100,5,0.04285822588766486,414.0,0.054100004490464926,0
237,100,5,89.75478161091684,0.8975478161091683,0.8975478161091683,100,5,100,100,5,0.042858225887661305,414.0,0.06370001938194036,0
238,100,5,89.71192338502921,0.8971192338502921,0.8971192338502921,100,5,100,100,5,0.042858225887661305,414.0,0.06960000609979033,0
239,100,5,89.6690651591416,0.8966906515914159,0.8966906515914159,100,5,100,100,5,0.042858225887661305,414.0,0.06250001024454832,0
240,100,5,89.62521842906439,0.8962521842906439,0.8962521842906439,100,5,100,100,6,0.04384673007727358,414.0,289.0290000359528,50600
241,100,5,89.58237169898717,0.8958237169898717,0.8958237169898717,100,5,100,100,5,0.0428467300772688,414.0,0.06490002851933241,0
242,100,5,89.53952496890993,0.8953952496890993,0.8953952496890993,100,5,100,100,5,0.042846730077272355,414.0,0.06160000339150429,0
243,100,5,89.49667823883271,0.8949667823883272,0.8949667823883272,100,5,100,100,5,0.042846730077267026,414.0,0.06210000719875097,0
244,100,5,89.45383150875548,0.8945383150875549,0.8945383150875549,100,5,100,100,5,0.04284673007727413,414.0,0.07800001185387373,0
245,100,5,89.40998224060698,0.8940998224060698,0.8940998224060698,100,5,100,100,6,0.04384926814855028,414.0,288.00840000621974,50600
246,100,5,89.3671329724585,0.8936713297245851,0.8936713297245851,100,5,100,100,5,0.04284926814854906,414.0,0.06839999696239829,0
247,100,5,89.32428370431,0.8932428370431,0.8932428370431,100,5,100,100,5,0.04284926814854906,414.0,0.06410002242773771,0
248,100,5,89.2814344361615,0.892814344361615,0.892814344361615,100,5,100,100,5,0.042849268148550834,414.0,0.05070003680884838,0
249,100,5,89.238585168013,0.8923858516801301,0.8923858516801301,100,5,100,100,5,0.04284926814854906,414.0,0.05989999044686556,0
250,100,5,89.1947285212054,0.891947285212054,0.891947285212054,100,5,100,100,6,0.043856646807633126,414.0,292.2225999645889,50600
251,100,5,89.15187187439781,0.8915187187439781,0.8915187187439781,100,5,100,100,5,0.04285664680763368,414.0,0.06729998858645558,0
252,100,5,89.10901522759023,0.8910901522759024,0.8910901522759024,100,5,100,100,5,0.04285664680763368,414.0,0.04749995423480868,0
253,100,5,89.06615858078264,0.8906615858078264,0.8906615858078264,100,5,100,100,5,0.04285664680763368,414.0,0.04780001472681761,0
254,100,5,89.02330193397506,0.8902330193397506,0.8902330193397506,100,5,100,100,5,0.04285664680763368,414.0,0.06900000153109431,0
255,100,5,88.97943594877407,0.8897943594877407,0.8897943594877407,100,5,100,100,6,0.04386598520105167,414.0,275.8021000190638,50600
256,100,5,88.93656996357306,0.8893656996357306,0.8893656996357306,100,5,100,100,5,0.042865985201054,414.0,0.06160000339150429,0
257,100,5,88.89370397837207,0.8889370397837207,0.8889370397837207,100,5,100,100,5,0.042865985201054,414.0,0.06640003994107246,0
258,100,5,88.85083799317103,0.8885083799317103,0.8885083799317103,100,5,100,100,5,0.04286598520105578,414.0,0.0638000201433897,0
259,100,5,88.80797200797005,0.8880797200797005,0.8880797200797005,100,5,100,100,5,0.04286598520105045,414.0,0.06450002547353506,0
260,100,5,88.76407435015096,0.8876407435015097,0.8876407435015097,100,5,100,100,6,0.04389765781912658,414.0,270.2828000183217,50600
261,100,5,88.72117669233191,0.887211766923319,0.887211766923319,100,5,100,100,5,0.04289765781912358,414.0,0.06450002547353506,0
262,100,5,88.67827903451283,0.8867827903451283,0.8867827903451283,100,5,100,100,5,0.04289765781912536,414.0,0.06130000110715628,0
263,100,5,88.63538137669372,0.8863538137669371,0.8863538137669371,100,5,100,100,5,0.042897657819121804,414.0,0.05749997217208147,0
264,100,5,88.59248371887467,0.8859248371887467,0.8859248371887467,100,5,100,100,5,0.04289765781912713,414.0,0.05849997978657484,0
265,100,5,88.54871153406513,0.8854871153406514,0.8854871153406514,100,5,100,100,6,0.043772184809588666,414.0,280.24890000233427,50600
266,100,5,88.50593934925558,0.8850593934925558,0.8850593934925558,100,5,100,100,5,0.042772184809590996,414.0,0.06549997488036752,0
267,100,5,88.46316716444602,0.8846316716444602,0.8846316716444602,100,5,100,100,5,0.042772184809587444,414.0,0.06370001938194036,0
268,100,5,88.42039497963648,0.8842039497963649,0.8842039497963649,100,5,100,100,5,0.04277218480958922,414.0,0.06150000263005495,0
269,100,5,88.37762279482695,0.8837762279482695,0.8837762279482695,100,5,100,100,5,0.04277218480958922,414.0,0.06130000110715628,0
270,100,5,88.33372313535186,0.8833372313535186,0.8833372313535186,100,5,100,100,6,0.04389965947514263,414.0,263.0926999845542,50600
271,100,5,88.29082347587678,0.8829082347587678,0.8829082347587678,100,5,100,100,5,0.0428996594751343,414.0,0.06280001252889633,0
272,100,5,88.2479238164017,0.882479238164017,0.882479238164017,100,5,100,100,5,0.04289965947513963,414.0,0.06480002775788307,0
273,100,5,88.20502415692658,0.8820502415692658,0.8820502415692658,100,5,100,100,5,0.04289965947513963,414.0,0.05540001438930631,0
274,100,5,88.16212449745152,0.8816212449745151,0.8816212449745151,100,5,100,100,5,0.04289965947513963,414.0,0.062400009483098984,0
275,100,5,88.11828173934275,0.8811828173934275,0.8811828173934275,100,5,100,100,6,0.04384275810879679,414.0,287.9969999776222,50600
276,100,5,88.07543898123402,0.8807543898123401,0.8807543898123401,100,5,100,100,5,0.04284275810879734,414.0,0.05960004637017846,0
277,100,5,88.03259622312525,0.8803259622312525,0.8803259622312525,100,5,100,100,5,0.04284275810879734,414.0,0.06279995432123542,0
278,100,5,87.98975346501652,0.8798975346501652,0.8798975346501652,100,5,100,100,5,0.04284275810879734,414.0,0.04810001701116562,0
279,100,5,87.94691070690776,0.8794691070690775,0.8794691070690775,100,5,100,100,5,0.042842758108795564,414.0,0.050499977078288794,0
280,100,5,87.90296349510714,0.8790296349510714,0.8790296349510714,100,5,100,100,6,0.04394721180067407,414.0,274.1569000063464,50600
281,100,5,87.86001628330652,0.8786001628330652,0.8786001628330652,100,5,100,100,5,0.0429472118006764,414.0,0.06130000110715628,0
282,100,5,87.81706907150591,0.8781706907150592,0.8781706907150592,100,5,100,100,5,0.042947211800672846,414.0,0.05830003647133708,0
283,100,5,87.77412185970526,0.8777412185970526,0.8777412185970526,100,5,100,100,5,0.042947211800672846,414.0,0.060399994254112244,0
284,100,5,87.73117464790462,0.8773117464790462,0.8773117464790462,100,5,100,100,5,0.042947211800672846,414.0,0.04730001091957092,0
285,100,5,87.68735481418562,0.8768735481418563,0.8768735481418563,100,5,100,100,6,0.04381983371907516,414.0,265.6359999673441,50600
286,100,5,87.64453498046659,0.8764453498046659,0.8764453498046659,100,5,100,100,5,0.04281983371907572,414.0,0.06230000872164965,0
287,100,5,87.60171514674757,0.8760171514674756,0.8760171514674756,100,5,100,100,5,0.04281983371907394,414.0,0.05929998587816954,0
288,100,5,87.55889531302854,0.8755889531302854,0.8755889531302854,100,5,100,100,5,0.04281983371907394,414.0,0.06829999620094895,0
289,100,5,87.5160754793095,0.8751607547930951,0.8751607547930951,100,5,100,100,5,0.042819833719072165,414.0,0.06360001862049103,0
290,100,5,87.47219656363183,0.8747219656363182,0.8747219656363182,100,5,100,100,6,0.043878915677742825,414.0,246.35480000870302,50600
291,100,5,87.42931764795414,0.8742931764795414,0.8742931764795414,100,5,100,100,5,0.042878915677739826,414.0,0.0654000323265791,0
292,100,5,87.38643873227646,0.8738643873227646,0.8738643873227646,100,5,100,100,5,0.042878915677739826,414.0,0.0640999642200768,0
293,100,5,87.34355981659874,0.8734355981659874,0.8734355981659874,100,5,100,100,5,0.042878915677739826,414.0,0.063000014051795,0
294,100,5,87.30068090092107,0.8730068090092107,0.8730068090092107,100,5,100,100,5,0.0428789156777416,414.0,0.06260001100599766,0
295,100,5,87.25675808352167,0.8725675808352168,0.8725675808352168,100,5,100,100,6,0.04392281739942483,414.0,273.0913999839686,50600
296,100,5,87.2138352661223,0.872138352661223,0.872138352661223,100,5,100,100,5,0.042922817399425384,414.0,0.06089999806135893,0
297,100,5,87.1709124487229,0.871709124487229,0.871709124487229,100,5,100,100,5,0.04292281739942716,414.0,0.058399979025125504,0
298,100,5,87.12798963132354,0.8712798963132354,0.8712798963132354,100,5,100,100,5,0.04292281739942361,414.0,0.05709996912628412,0
299,100,5,87.08506681392416,0.8708506681392416,0.8708506681392416,100,5,100,100,5,0.04292281739942716,414.0,0.058399979025125504,0
300,100,5,87.04118596207178,0.8704118596207178,0.8704118596207178,100,5,100,100,6,0.04388085185242652,414.0,259.829799993895,50600
301,100,5,86.9983051102194,0.8699830511021941,0.8699830511021941,100,5,100,100,5,0.042880851852430624,414.0,0.06340001709759235,0
302,100,5,86.95542425836703,0.8695542425836703,0.8695542425836703,100,5,100,100,5,0.04288085185242707,414.0,0.060699996538460255,0
303,100,5,86.91254340651464,0.8691254340651464,0.8691254340651464,100,5,100,100,5,0.04288085185242885,414.0,0.05420000525191426,0
304,100,5,86.86966255466226,0.8686966255466225,0.8686966255466225,100,5,100,100,5,0.04288085185242707,414.0,0.06639998173341155,0
305,100,5,86.82578400304065,0.8682578400304065,0.8682578400304065,100,5,100,100,6,0.04387855162167753,414.0,264.5543999969959,50600
306,100,5,86.782905451419,0.86782905451419,0.86782905451419,100,5,100,100,5,0.04287855162167986,414.0,0.06420002318918705,0
307,100,5,86.74002689979739,0.8674002689979738,0.8674002689979738,100,5,100,100,5,0.04287855162167453,414.0,0.06330001633614302,0
308,100,5,86.69714834817576,0.8669714834817576,0.8669714834817576,100,5,100,100,5,0.04287855162167631,414.0,0.03419996937736869,0
309,100,5,86.65426979655412,0.8665426979655412,0.8665426979655412,100,5,100,100,5,0.04287855162167631,414.0,0.05019997479394078,0
310,100,5,86.61048431924449,0.866104843192445,0.866104843192445,100,5,100,100,6,0.043785477309683074,414.0,246.14639999344945,50600
311,100,5,86.56769884193487,0.8656769884193487,0.8656769884193487,100,5,100,100,5,0.0427854773096783,414.0,0.06059999577701092,0
312,100,5,86.52491336462525,0.8652491336462524,0.8652491336462524,100,5,100,100,5,0.0427854773096783,414.0,0.05789997521787882,0
313,100,5,86.48212788731561,0.8648212788731562,0.8648212788731562,100,5,100,100,5,0.04278547730968185,414.0,0.057100027333945036,0
314,100,5,86.43934241000595,0.8643934241000595,0.8643934241000595,100,5,100,100,5,0.0427854773096783,414.0,0.06560003384947777,0
315,100,5,86.39552257628694,0.8639552257628693,0.8639552257628693,100,5,100,100,6,0.04381983371907694,414.0,264.7405000170693,50600
316,100,5,86.35270274256793,0.8635270274256793,0.8635270274256793,100,5,100,100,5,0.042819833719072165,414.0,0.06749999010935426,0
317,100,5,86.30988290884893,0.8630988290884893,0.8630988290884893,100,5,100,100,5,0.04281983371907572,414.0,0.058999983593821526,0
318,100,5,86.26706307512988,0.8626706307512988,0.8626706307512988,100,5,100,100,5,0.04281983371907572,414.0,0.05089998012408614,0
319,100,5,86.22424324141085,0.8622424324141085,0.8622424324141085,100,5,100,100,5,0.042819833719072165,414.0,0.05930004408583045,0
320,100,5,86.18038246518762,0.8618038246518762,0.8618038246518762,100,5,100,100,6,0.04386077622327633,414.0,242.1753000235185,50600
321,100,5,86.13752168896441,0.8613752168896441,0.8613752168896441,100,5,100,100,5,0.042860776223276886,414.0,0.06530003156512976,0
322,100,5,86.09466091274118,0.8609466091274117,0.8609466091274117,100,5,100,100,5,0.042860776223276886,414.0,0.032400013878941536,0
323,100,5,86.05180013651794,0.8605180013651794,0.8605180013651794,100,5,100,100,5,0.042860776223276886,414.0,0.11169997742399573,0
324,100,5,86.00893936029472,0.8600893936029472,0.8600893936029472,100,5,100,100,5,0.042860776223276886,414.0,0.06260001100599766,0
325,100,5,85.96514241838238,0.8596514241838239,0.8596514241838239,100,5,100,100,6,0.04379694191239203,414.0,271.310199983418,50600
326,100,5,85.92234547647004,0.8592234547647004,0.8592234547647004,100,5,100,100,5,0.04279694191239081,414.0,0.0657000346109271,0
327,100,5,85.87954853455769,0.8587954853455768,0.8587954853455768,100,5,100,100,5,0.04279694191239081,414.0,0.06130000110715628,0
328,100,5,85.83675159264536,0.8583675159264536,0.8583675159264536,100,5,100,100,5,0.04279694191239436,414.0,0.059999991208314896,0
329,100,5,85.79395465073301,0.8579395465073302,0.8579395465073302,100,5,100,100,5,0.04279694191238903,414.0,0.062700011767447,0
330,100,5,85.75011944161969,0.8575011944161969,0.8575011944161969,100,5,100,100,6,0.04383520911338579,414.0,255.8817999670282,50600
331,100,5,85.70728423250635,0.8570728423250635,0.8570728423250635,100,5,100,100,5,0.04283520911338279,414.0,0.03659998765215278,0
332,100,5,85.664449023393,0.8566444902339301,0.8566444902339301,100,5,100,100,5,0.04283520911338279,414.0,0.03339996328577399,0
333,100,5,85.62161381427968,0.8562161381427968,0.8562161381427968,100,5,100,100,5,0.04283520911338279,414.0,0.03290001768618822,0
334,100,5,85.57877860516635,0.8557877860516635,0.8557877860516635,100,5,100,100,5,0.04283520911338279,414.0,0.033100019209086895,0
335,100,5,85.53497590856514,0.8553497590856515,0.8553497590856515,100,5,100,100,6,0.04380269660125968,414.0,251.51629996253178,50600
336,100,5,85.49217321196392,0.8549217321196392,0.8549217321196392,100,5,100,100,5,0.04280269660126024,414.0,0.06499997107312083,0
337,100,5,85.44937051536273,0.8544937051536273,0.8544937051536273,100,5,100,100,5,0.04280269660125846,414.0,0.061700004152953625,0
338,100,5,85.40656781876149,0.8540656781876149,0.8540656781876149,100,5,100,100,5,0.04280269660126024,414.0,0.06339995888993144,0
339,100,5,85.3637651221603,0.8536376512216031,0.8536376512216031,100,5,100,100,5,0.04280269660125846,414.0,0.058999983593821526,0
340,100,5,85.31997583838125,0.8531997583838126,0.8531997583838126,100,5,100,100,6,0.04378928377908409,414.0,276.72620001249015,50600
341,100,5,85.27718655460224,0.8527718655460224,0.8527718655460224,100,5,100,100,5,0.042789283779082865,414.0,0.06459996802732348,0
342,100,5,85.23439727082321,0.852343972708232,0.852343972708232,100,5,100,100,5,0.04278928377908109,414.0,0.03539997851476073,0
343,100,5,85.19160798704416,0.8519160798704416,0.8519160798704416,100,5,100,100,5,0.04278928377908464,414.0,0.033800024539232254,0
344,100,5,85.14881870326512,0.8514881870326512,0.8514881870326512,100,5,100,100,5,0.042789283779082865,414.0,0.03709999145939946,0
345,100,5,85.10488262628775,0.8510488262628775,0.8510488262628775,100,5,100,100,6,0.04393607697743285,414.0,281.0042999917641,50600
346,100,5,85.06194654931038,0.8506194654931037,0.8506194654931037,100,5,100,100,5,0.042936076977431625,414.0,0.06459996802732348,0
347,100,5,85.01901047233298,0.8501901047233298,0.8501901047233298,100,5,100,100,5,0.0429360769774334,414.0,0.060999998822808266,0
348,100,5,84.9760743953556,0.8497607439535559,0.8497607439535559,100,5,100,100,5,0.0429360769774334,414.0,0.08430000161752105,0
349,100,5,84.93313831837821,0.8493313831837821,0.8493313831837821,100,5,100,100,5,0.042936076977431625,414.0,0.059399986639618874,0
350,100,5,84.88928666583357,0.8488928666583356,0.8488928666583356,100,5,100,100,6,0.043851652544706354,414.0,274.56799999345094,50600
351,100,5,84.8464350132889,0.848464350132889,0.848464350132889,100,5,100,100,5,0.042851652544708685,414.0,0.0654000323265791,0
352,100,5,84.80358336074426,0.8480358336074425,0.8480358336074425,100,5,100,100,5,0.04285165254470513,414.0,0.062000006437301636,0
353,100,5,84.76073170819957,0.8476073170819958,0.8476073170819958,100,5,100,100,5,0.04285165254470691,414.0,0.08600001456215978,0
354,100,5,84.71788005565494,0.8471788005565495,0.8471788005565495,100,5,100,100,5,0.04285165254470691,414.0,0.06180000491440296,0
355,100,5,84.67403704723536,0.8467403704723536,0.8467403704723536,100,5,100,100,6,0.04384300841963373,414.0,273.4962999820709,50600
356,100,5,84.63119403881578,0.8463119403881578,0.8463119403881578,100,5,100,100,5,0.04284300841963251,414.0,0.06910000229254365,0
357,100,5,84.58835103039618,0.8458835103039618,0.8458835103039618,100,5,100,100,5,0.042843008419630735,414.0,0.06260001100599766,0
358,100,5,84.54550802197659,0.8454550802197659,0.8454550802197659,100,5,100,100,5,0.04284300841963429,414.0,0.0610999995842576,0
359,100,5,84.502665013557,0.8450266501355701,0.8450266501355701,100,5,100,100,5,0.04284300841963251,414.0,0.06350001785904169,0
360,100,5,84.45878547346022,0.8445878547346023,0.8445878547346023,100,5,100,100,6,0.04387954009684947,414.0,265.71820001117885,50600
361,100,5,84.4159059333634,0.844159059333634,0.844159059333634,100,5,100,100,5,0.04287954009685002,414.0,0.0646000262349844,0
362,100,5,84.37302639326663,0.8437302639326663,0.8437302639326663,100,5,100,100,5,0.04287954009685002,414.0,0.06399996345862746,0
363,100,5,84.33014685316981,0.8433014685316981,0.8433014685316981,100,5,100,100,5,0.04287954009685002,414.0,0.06150000263005495,0
364,100,5,84.287267313073,0.84287267313073,0.84287267313073,100,5,100,100,5,0.042879540096848245,414.0,0.06260001100599766,0
365,100,5,84.24341522308751,0.8424341522308751,0.8424341522308751,100,5,100,100,6,0.043852089985549014,414.0,279.66770000057295,50600
366,100,5,84.20056313310202,0.8420056313310202,0.8420056313310202,100,5,100,100,5,0.04285208998554779,414.0,0.0659999786876142,0
367,100,5,84.15771104311652,0.8415771104311652,0.8415771104311652,100,5,100,100,5,0.042852089985546016,414.0,0.06089999806135893,0
368,100,5,84.114858953131,0.84114858953131,0.84114858953131,100,5,100,100,5,0.042852089985546016,414.0,0.05199998850002885,0
369,100,5,84.07200686314552,0.8407200686314552,0.8407200686314552,100,5,100,100,5,0.04285208998554957,414.0,0.03679998917505145,0
370,100,5,84.02812710934211,0.8402812710934211,0.8402812710934211,100,5,100,100,6,0.04387975380343612,414.0,244.17620000895113,50600
371,100,5,83.98524735553875,0.8398524735553875,0.8398524735553875,100,5,100,100,5,0.04287975380343667,414.0,0.03390002530068159,0
372,100,5,83.94236760173534,0.8394236760173535,0.8394236760173535,100,5,100,100,5,0.042879753803440224,414.0,0.03189995186403394,0
373,100,5,83.89948784793197,0.8389948784793196,0.8389948784793196,100,5,100,100,5,0.04287975380343667,414.0,0.06419996498152614,0
374,100,5,83.85660809412857,0.8385660809412857,0.8385660809412857,100,5,100,100,5,0.04287975380343667,414.0,0.06529997335746884,0
375,100,5,83.81272277843298,0.8381272277843298,0.8381272277843298,100,5,100,100,6,0.04388531569564336,414.0,273.1105999555439,50600
376,100,5,83.76983746273739,0.8376983746273738,0.8376983746273738,100,5,100,100,5,0.042885315695642134,414.0,0.05059997783973813,0
377,100,5,83.7269521470418,0.837269521470418,0.837269521470418,100,5,100,100,5,0.042885315695642134,414.0,0.05030003376305103,0
378,100,5,83.68406683134621,0.8368406683134622,0.8368406683134622,100,5,100,100,5,0.042885315695642134,414.0,0.05789997521787882,0
379,100,5,83.64118151565062,0.8364118151565062,0.8364118151565062,100,5,100,100,5,0.042885315695642134,414.0,0.1343999756500125,0
380,100,5,83.59736700522588,0.8359736700522588,0.8359736700522588,100,5,100,100,6,0.04381451042478801,414.0,266.4335000445135,50600
381,100,5,83.55455249480114,0.8355455249480115,0.8355455249480115,100,5,100,100,5,0.04281451042478679,414.0,0.06589997792616487,0
382,100,5,83.51173798437641,0.8351173798437641,0.8351173798437641,100,5,100,100,5,0.04281451042479034,414.0,0.06450002547353506,0
383,100,5,83.46892347395165,0.8346892347395165,0.8346892347395165,100,5,100,100,5,0.042814510424793895,414.0,0.06210000719875097,0
384,100,5,83.42610896352691,0.8342610896352691,0.8342610896352691,100,5,100,100,5,0.042814510424793895,414.0,0.03850000211969018,0
385,100,5,83.38214824438684,0.8338214824438684,0.8338214824438684,100,5,100,100,6,0.04396071914014854,414.0,250.41640002746135,50600
386,100,5,83.33918752524673,0.8333918752524673,0.8333918752524673,100,5,100,100,5,0.042960719140143766,414.0,0.06550003308802843,0
387,100,5,83.29622680610665,0.8329622680610664,0.8329622680610664,100,5,100,100,5,0.04296071914015087,414.0,0.05989999044686556,0
388,100,5,83.25326608696655,0.8325326608696655,0.8325326608696655,100,5,100,100,5,0.042960719140143766,414.0,0.058699981309473515,0
389,100,5,83.21030536782645,0.8321030536782645,0.8321030536782645,100,5,100,100,5,0.04296071914014732,414.0,0.06279995432123542,0
390,100,5,83.16637439814512,0.8316637439814513,0.8316637439814513,100,5,100,100,6,0.043930969681373,414.0,267.5597000052221,50600
391,100,5,83.12344342846383,0.8312344342846383,0.8312344342846383,100,5,100,100,5,0.04293096968137178,414.0,0.06440002471208572,0
392,100,5,83.08051245878251,0.8308051245878251,0.8308051245878251,100,5,100,100,5,0.042930969681368225,414.0,0.06020005093887448,0
393,100,5,83.03758148910121,0.8303758148910121,0.8303758148910121,100,5,100,100,5,0.04293096968137178,414.0,0.06230000872164965,0
394,100,5,82.99465051941988,0.8299465051941988,0.8299465051941988,100,5,100,100,5,0.04293096968137178,414.0,0.05540001438930631,0
395,100,5,82.95075650466052,0.8295075650466052,0.8295075650466052,100,5,100,100,6,0.04389401475941668,414.0,256.4346000435762,50600
396,100,5,82.90786248990115,0.8290786248990115,0.8290786248990115,100,5,100,100,5,0.042894014759415455,414.0,0.1142999972216785,0
397,100,5,82.8649684751418,0.828649684751418,0.828649684751418,100,5,100,100,5,0.04289401475941901,414.0,0.05979998968541622,0
398,100,5,82.8220744603824,0.828220744603824,0.828220744603824,100,5,100,100,5,0.042894014759415455,414.0,0.05720002809539437,0
399,100,5,82.77918044562304,0.8277918044562305,0.8277918044562305,100,5,100,100,5,0.042894014759415455,414.0,0.058100034948438406,0
400,100,5,82.73525515467706,0.8273525515467707,0.8273525515467707,100,5,100,100,6,0.043925290946024376,414.0,262.95780000509694,50600
401,100,5,82.69232986373108,0.8269232986373107,0.8269232986373107,100,5,100,100,5,0.042925290946026706,414.0,0.06449996726587415,0
402,100,5,82.64940457278512,0.8264940457278511,0.8264940457278511,100,5,100,100,5,0.042925290946026706,414.0,0.06350001785904169,0
403,100,5,82.60647928183914,0.8260647928183914,0.8260647928183914,100,5,100,100,5,0.0429252909460196,414.0,0.06079999729990959,0
404,100,5,82.56355399089318,0.8256355399089318,0.8256355399089318,100,5,100,100,5,0.04292529094603026,414.0,0.06509997183457017,0
405,100,5,82.51958908109113,0.8251958908109113,0.8251958908109113,100,5,100,100,6,0.04396490980210288,414.0,270.51960001699626,50600
406,100,5,82.47662417128906,0.8247662417128906,0.8247662417128906,100,5,100,100,5,0.04296490980210521,414.0,0.06009999196976423,0
407,100,5,82.43365926148701,0.8243365926148701,0.8243365926148701,100,5,100,100,5,0.04296490980210166,414.0,0.060399994254112244,0
408,100,5,82.39069435168497,0.8239069435168497,0.8239069435168497,100,5,100,100,5,0.04296490980210166,414.0,0.05949998740106821,0
409,100,5,82.34772944188293,0.8234772944188293,0.8234772944188293,100,5,100,100,5,0.04296490980210166,414.0,0.05819997750222683,0
410,100,5,82.30386597533237,0.8230386597533237,0.8230386597533237,100,5,100,100,6,0.043863466550615016,414.0,264.0216000145301,50600
411,100,5,82.2610025087818,0.822610025087818,0.822610025087818,100,5,100,100,5,0.04286346655061024,414.0,0.0678999931551516,0
412,100,5,82.21813904223121,0.8221813904223122,0.8221813904223122,100,5,100,100,5,0.04286346655061024,414.0,0.06389996269717813,0
413,100,5,82.17527557568067,0.8217527557568067,0.8217527557568067,100,5,100,100,5,0.04286346655060669,414.0,0.05360000068321824,0
414,100,5,82.13241210913009,0.8213241210913008,0.8213241210913008,100,5,100,100,5,0.042863466550613794,414.0,0.06419996498152614,0
415,100,5,82.08854699439117,0.8208854699439116,0.8208854699439116,100,5,100,100,6,0.04386511473896704,414.0,274.1295999730937,50600
416,100,5,82.04568187965226,0.8204568187965227,0.8204568187965227,100,5,100,100,5,0.04286511473896226,414.0,0.05879998207092285,0
417,100,5,82.00281676491333,0.8200281676491333,0.8200281676491333,100,5,100,100,5,0.04286511473895871,414.0,0.0589000410400331,0
418,100,5,81.95995165017443,0.8195995165017443,0.8195995165017443,100,5,100,100,5,0.04286511473897292,414.0,0.05949998740106821,0
419,100,5,81.91708653543553,0.8191708653543553,0.8191708653543553,100,5,100,100,5,0.04286511473896226,414.0,0.05930004408583045,0
420,100,5,81.87322030859835,0.8187322030859835,0.8187322030859835,100,5,100,100,6,0.043866226837224076,414.0,276.53990004910156,50600
421,100,5,81.83035408176119,0.8183035408176118,0.8183035408176118,100,5,100,100,5,0.042866226837134036,414.0,0.06589997792616487,0
422,100,5,81.787487854924,0.8178748785492399,0.8178748785492399,100,5,100,100,5,0.04286622683713759,414.0,0.06220000796020031,0
423,100,5,81.74462162808685,0.8174462162808684,0.8174462162808684,100,5,100,100,5,0.042866226837144694,414.0,0.0858000130392611,0
424,100,5,81.70175540124966,0.8170175540124965,0.8170175540124965,100,5,100,100,5,0.042866226837134036,414.0,0.06310001481324434,0
425,100,5,81.65794278993526,0.8165794278993527,0.8165794278993527,100,5,100,100,6,0.04381261131434755,414.0,252.95779999578372,50600
426,100,5,81.61513017862087,0.8161513017862088,0.8161513017862088,100,5,100,100,5,0.04281261131435343,414.0,0.06360001862049103,0
427,100,5,81.57231756730647,0.8157231756730647,0.8157231756730647,100,5,100,100,5,0.04281261131434988,414.0,0.06029999349266291,0
428,100,5,81.5295049559921,0.8152950495599209,0.8152950495599209,100,5,100,100,5,0.04281261131434988,414.0,0.06229995051398873,0
429,100,5,81.48669234467766,0.8148669234467767,0.8148669234467767,100,5,100,100,5,0.04281261131434633,414.0,0.058999983593821526,0
430,100,5,81.44284720404536,0.8144284720404537,0.8144284720404537,100,5,100,100,6,0.04384514063228906,414.0,271.5161999803968,50600
431,100,5,81.40000206341304,0.8140000206341305,0.8140000206341305,100,5,100,100,5,0.04284514063229139,414.0,0.06509997183457017,0
432,100,5,81.35715692278072,0.8135715692278072,0.8135715692278072,100,5,100,100,5,0.04284514063229139,414.0,0.06610003765672445,0
433,100,5,81.3143117821484,0.813143117821484,0.813143117821484,100,5,100,100,5,0.042845140632284284,414.0,0.06320001557469368,0
434,100,5,81.27146664151606,0.8127146664151605,0.8127146664151605,100,5,100,100,5,0.04284514063228784,414.0,0.06530003156512976,0
435,100,5,81.22767124849375,0.8122767124849375,0.8122767124849375,100,5,100,100,6,0.04379539302226121,414.0,283.846500038635,50600
436,100,5,81.18487585547145,0.8118487585547145,0.8118487585547145,100,5,100,100,5,0.04279539302226354,414.0,0.06440002471208572,0
437,100,5,81.14208046244914,0.8114208046244914,0.8114208046244914,100,5,100,100,5,0.04279539302226709,414.0,0.06320001557469368,0
438,100,5,81.0992850694268,0.810992850694268,0.810992850694268,100,5,100,100,5,0.04279539302226354,414.0,0.06029999349266291,0
439,100,5,81.05648967640448,0.8105648967640449,0.8105648967640449,100,5,100,100,5,0.04279539302226354,414.0,0.06279995432123542,0
440,100,5,81.01253984999141,0.8101253984999142,0.8101253984999142,100,5,100,100,6,0.04394982641304068,414.0,263.47140001598746,50600
441,100,5,80.96959002357833,0.8096959002357833,0.8096959002357833,100,5,100,100,5,0.04294982641305012,414.0,0.06809999467805028,0
442,100,5,80.92664019716526,0.8092664019716526,0.8092664019716526,100,5,100,100,5,0.04294982641303591,414.0,0.02940004924312234,0
443,100,5,80.88369037075216,0.8088369037075216,0.8088369037075216,100,5,100,100,5,0.04294982641304301,414.0,0.026300025638192892,0
444,100,5,80.8407405443391,0.808407405443391,0.808407405443391,100,5,100,100,5,0.04294982641304301,414.0,0.03219995414838195,0
445,100,5,80.79690888040872,0.8079690888040872,0.8079690888040872,100,5,100,100,6,0.043831663930319564,414.0,274.6927000116557,50600
446,100,5,80.75407721647835,0.8075407721647835,0.8075407721647835,100,5,100,100,5,0.04283166393032545,414.0,0.06689998554065824,0
447,100,5,80.71124555254801,0.80711245552548,0.80711245552548,100,5,100,100,5,0.04283166393032545,414.0,0.06390002090483904,0
448,100,5,80.66841388861764,0.8066841388861764,0.8066841388861764,100,5,100,100,5,0.04283166393032545,414.0,0.06220000796020031,0
449,100,5,80.62558222468724,0.8062558222468723,0.8062558222468723,100,5,100,100,5,0.04283166393032545,414.0,0.06210000719875097,0
450,100,5,80.58176011080518,0.8058176011080518,0.8058176011080518,100,5,100,100,6,0.04382211388202961,414.0,262.36819999758154,50600
451,100,5,80.53893799692312,0.8053893799692312,0.8053893799692312,100,5,100,100,5,0.042822113882035495,414.0,0.04369998350739479,0
452,100,5,80.49611588304109,0.8049611588304109,0.8049611588304109,100,5,100,100,5,0.04282211388203194,414.0,0.04710000939667225,0
453,100,5,80.45329376915903,0.8045329376915903,0.8045329376915903,100,5,100,100,5,0.04282211388203194,414.0,0.0724999699741602,0
454,100,5,80.41047165527698,0.8041047165527698,0.8041047165527698,100,5,100,100,5,0.04282211388203905,414.0,0.05829997826367617,0
455,100,5,80.36650909566781,0.803665090956678,0.803665090956678,100,5,100,100,6,0.04396255960909912,414.0,266.10920001985505,50600
456,100,5,80.32354653605866,0.8032354653605865,0.8032354653605865,100,5,100,100,5,0.04296255960910855,414.0,0.0703000114299357,0
457,100,5,80.28058397644952,0.8028058397644952,0.8028058397644952,100,5,100,100,5,0.04296255960910855,414.0,0.06210000719875097,0
458,100,5,80.23762141684035,0.8023762141684035,0.8023762141684035,100,5,100,100,5,0.04296255960910855,414.0,0.06089999806135893,0
459,100,5,80.19465885723119,0.8019465885723119,0.8019465885723119,100,5,100,100,5,0.042962559609105,414.0,0.06510003004223108,0
460,100,5,80.15082208974675,0.8015082208974675,0.8015082208974675,100,5,100,100,6,0.04383676748439669,414.0,278.35249999770895,50600
461,100,5,80.10798532226232,0.8010798532226232,0.8010798532226232,100,5,100,100,5,0.04283676748439902,414.0,0.06539997411891818,0
462,100,5,80.06514855477788,0.8006514855477788,0.8006514855477788,100,5,100,100,5,0.042836767484406124,414.0,0.06180000491440296,0
463,100,5,80.02231178729345,0.8002231178729344,0.8002231178729344,100,5,100,100,5,0.04283676748439902,414.0,0.06059999577701092,0
464,100,5,79.97947501980899,0.7997947501980899,0.7997947501980899,100,5,100,100,5,0.04283676748440257,414.0,0.05770003190264106,0
465,100,5,79.93557999271292,0.7993557999271291,0.7993557999271291,100,5,100,100,6,0.043895027096045425,414.0,275.88400000240654,50600
466,100,5,79.89268496561681,0.7989268496561681,0.7989268496561681,100,5,100,100,5,0.04289502709605486,414.0,0.06299995584413409,0
467,100,5,79.84978993852074,0.7984978993852074,0.7984978993852074,100,5,100,100,5,0.04289502709605486,414.0,0.06150000263005495,0
468,100,5,79.8068949114246,0.7980689491142461,0.7980689491142461,100,5,100,100,5,0.04289502709605131,414.0,0.028500042390078306,0
469,100,5,79.76399988432853,0.7976399988432853,0.7976399988432853,100,5,100,100,5,0.04289502709605131,414.0,0.029100046958774328,0
470,100,5,79.72009270641458,0.7972009270641458,0.7972009270641458,100,5,100,100,6,0.04390717791391552,414.0,254.9025999614969,50600
471,100,5,79.67718552850062,0.7967718552850062,0.7967718552850062,100,5,100,100,5,0.042907177913914296,414.0,0.0610999995842576,0
472,100,5,79.63427835058667,0.7963427835058667,0.7963427835058667,100,5,100,100,5,0.0429071779139214,414.0,0.05909998435527086,0
473,100,5,79.59137117267271,0.7959137117267271,0.7959137117267271,100,5,100,100,5,0.04290717791391074,414.0,0.056500022765249014,0
474,100,5,79.54846399475875,0.7954846399475874,0.7954846399475874,100,5,100,100,5,0.0429071779139214,414.0,0.055800017435103655,0
475,100,5,79.50462861311223,0.7950462861311223,0.7950462861311223,100,5,100,100,6,0.04383538164646339,414.0,271.70230000047013,50600
476,100,5,79.46179323146575,0.7946179323146575,0.7946179323146575,100,5,100,100,5,0.04283538164646572,414.0,0.05069997860118747,0
477,100,5,79.41895784981922,0.7941895784981923,0.7941895784981923,100,5,100,100,5,0.04283538164646927,414.0,0.058399979025125504,0
478,100,5,79.37612246817274,0.7937612246817274,0.7937612246817274,100,5,100,100,5,0.04283538164646927,414.0,0.060999998822808266,0
479,100,5,79.33328708652623,0.7933328708652623,0.7933328708652623,100,5,100,100,5,0.04283538164646572,414.0,0.08060003165155649,0
480,100,5,79.28933100197024,0.7928933100197024,0.7928933100197024,100,5,100,100,6,0.043956084555951236,414.0,266.21269999304786,50600
481,100,5,79.24637491741422,0.7924637491741422,0.7924637491741422,100,5,100,100,5,0.042956084555953566,414.0,0.06619998021051288,0
482,100,5,79.20341883285825,0.7920341883285825,0.7920341883285825,100,5,100,100,5,0.04295608455595712,414.0,0.06390002090483904,0
483,100,5,79.16046274830225,0.7916046274830225,0.7916046274830225,100,5,100,100,5,0.042956084555950014,414.0,0.031800009310245514,0
484,100,5,79.11750666374625,0.7911750666374625,0.7911750666374625,100,5,100,100,5,0.04295608455595712,414.0,0.030099996365606785,0
485,100,5,79.07362168263668,0.7907362168263669,0.7907362168263669,100,5,100,100,6,0.043884981109538757,414.0,244.3333999835886,50600
486,100,5,79.0307367015271,0.790307367015271,0.790307367015271,100,5,100,100,5,0.04288498110954819,414.0,0.06629998097196221,0
487,100,5,78.98785172041752,0.7898785172041752,0.7898785172041752,100,5,100,100,5,0.04288498110954464,414.0,0.05189998773857951,0
488,100,5,78.94496673930794,0.7894496673930794,0.7894496673930794,100,5,100,100,5,0.04288498110954819,414.0,0.06120000034570694,0
489,100,5,78.90208175819838,0.7890208175819837,0.7890208175819837,100,5,100,100,5,0.04288498110954109,414.0,0.057999975979328156,0
490,100,5,78.858173098931,0.7885817309893101,0.7885817309893101,100,5,100,100,6,0.04390865926733767,414.0,268.93660001223907,50600
491,100,5,78.81526443966361,0.7881526443966361,0.7881526443966361,100,5,100,100,5,0.04290865926734,414.0,0.0651999725960195,0
492,100,5,78.77235578039623,0.7877235578039623,0.7877235578039623,100,5,100,100,5,0.042908659267336446,414.0,0.031800009310245514,0
493,100,5,78.72944712112886,0.7872944712112886,0.7872944712112886,100,5,100,100,5,0.04290865926734,414.0,0.06450002547353506,0
494,100,5,78.68653846186146,0.7868653846186145,0.7868653846186145,100,5,100,100,5,0.04290865926734,414.0,0.0371999922208488,0
495,100,5,78.64252771407976,0.7864252771407976,0.7864252771407976,100,5,100,100,6,0.04401074778165537,414.0,265.4111000010744,50600
496,100,5,78.59951696629805,0.7859951696629806,0.7859951696629806,100,5,100,100,5,0.043010747781664804,414.0,0.0610999995842576,0
497,100,5,78.55650621851633,0.7855650621851633,0.7855650621851633,100,5,100,100,5,0.04301074778166125,414.0,0.05390000296756625,0
498,100,5,78.51349547073463,0.7851349547073463,0.7851349547073463,100,5,100,100,5,0.04301074778166125,414.0,0.08839997462928295,0
499,100,5,78.4704847229529,0.784704847229529,0.784704847229529,100,5,100,100,5,0.0430107477816577,414.0,0.06520003080368042,0
500,100,5,78.42667094795718,0.7842667094795718,0.7842667094795718,100,5,100,100,6,0.04381377499569794,414.0,262.10140000330284,50600
501,100,5,78.38385717296144,0.7838385717296145,0.7838385717296145,100,5,100,100,5,0.04281377499569672,414.0,0.05460000829771161,0
502,100,5,78.34104339796572,0.7834104339796572,0.7834104339796572,100,5,100,100,5,0.04281377499569672,414.0,0.0654000323265791,0
503,100,5,78.29822962296997,0.7829822962296997,0.7829822962296997,100,5,100,100,5,0.04281377499570027,414.0,0.06220000796020031,0
504,100,5,78.25541584797423,0.7825541584797423,0.7825541584797423,100,5,100,100,5,0.04281377499570027,414.0,0.06210000719875097,0
505,100,5,78.21152489223792,0.7821152489223792,0.7821152489223792,100,5,100,100,6,0.043890955736280546,414.0,256.02380000054836,50600
506,100,5,78.16863393650159,0.781686339365016,0.781686339365016,100,5,100,100,5,0.04289095573628643,414.0,0.03689998993650079,0
507,100,5,78.12574298076525,0.7812574298076526,0.7812574298076526,100,5,100,100,5,0.042890955736282876,414.0,0.03270001616328955,0
508,100,5,78.08285202502891,0.7808285202502891,0.7808285202502891,100,5,100,100,5,0.042890955736282876,414.0,0.06469996878877282,0
509,100,5,78.0399610692926,0.7803996106929261,0.7803996106929261,100,5,100,100,5,0.04289095573628998,414.0,0.06260001100599766,0
510,100,5,77.99611241729815,0.7799611241729815,0.7799611241729815,100,5,100,100,6,0.04384865199442345,414.0,269.66069999616593,50600
511,100,5,77.95326376530367,0.7795326376530367,0.7795326376530367,100,5,100,100,5,0.042848651994432885,414.0,0.06290001329034567,0
512,100,5,77.91041511330921,0.7791041511330922,0.7791041511330922,100,5,100,100,5,0.04284865199442933,414.0,0.06019999273121357,0
513,100,5,77.86756646131474,0.7786756646131474,0.7786756646131474,100,5,100,100,5,0.04284865199442933,414.0,0.05829997826367617,0
514,100,5,77.82471780932028,0.7782471780932028,0.7782471780932028,100,5,100,100,5,0.04284865199443644,414.0,0.06410002242773771,0
515,100,5,77.78086321171769,0.7778086321171769,0.7778086321171769,100,5,100,100,6,0.043854597602543066,414.0,285.5782000115141,50600
516,100,5,77.73800861411509,0.7773800861411508,0.7773800861411508,100,5,100,100,5,0.04285459760254895,414.0,0.06059999577701092,0
517,100,5,77.69515401651246,0.7769515401651246,0.7769515401651246,100,5,100,100,5,0.042854597602556055,414.0,0.06390002090483904,0
518,100,5,77.65229941890986,0.7765229941890986,0.7765229941890986,100,5,100,100,5,0.04285459760254895,414.0,0.06399996345862746,0
519,100,5,77.60944482130728,0.7760944482130728,0.7760944482130728,100,5,100,100,5,0.04285459760254895,414.0,0.0638000201433897,0
520,100,5,77.5654476395996,0.7756544763959959,0.7756544763959959,100,5,100,100,6,0.043997181707627675,414.0,258.4838999900967,50600
521,100,5,77.52245045789192,0.7752245045789192,0.7752245045789192,100,5,100,100,5,0.04299718170763356,414.0,0.0648999703116715,0
522,100,5,77.47945327618424,0.7747945327618424,0.7747945327618424,100,5,100,100,5,0.042997181707630006,414.0,0.0632999581284821,0
523,100,5,77.43645609447657,0.7743645609447657,0.7743645609447657,100,5,100,100,5,0.04299718170763356,414.0,0.048099958803504705,0
524,100,5,77.39345891276889,0.773934589127689,0.773934589127689,100,5,100,100,5,0.04299718170763356,414.0,0.08950004121288657,0
525,100,5,77.34961024902981,0.7734961024902981,0.7734961024902981,100,5,100,100,6,0.04384866373904117,414.0,274.5788999600336,50600
526,100,5,77.30676158529073,0.7730676158529073,0.7730676158529073,100,5,100,100,5,0.042848663739047055,414.0,0.061400001868605614,0
527,100,5,77.26391292155165,0.7726391292155165,0.7726391292155165,100,5,100,100,5,0.0428486637390435,414.0,0.0610999995842576,0
528,100,5,77.22106425781257,0.7722106425781257,0.7722106425781257,100,5,100,100,5,0.0428486637390435,414.0,0.057299970649182796,0
529,100,5,77.17821559407349,0.771782155940735,0.771782155940735,100,5,100,100,5,0.042848663739047055,414.0,0.05959998816251755,0
530,100,5,77.13436440553102,0.7713436440553102,0.7713436440553102,100,5,100,100,6,0.043851188542433306,414.0,275.85769997676834,50600
531,100,5,77.09151321698852,0.7709151321698852,0.7709151321698852,100,5,100,100,5,0.042851188542435636,414.0,0.060100050177425146,0
532,100,5,77.04866202844603,0.7704866202844604,0.7704866202844604,100,5,100,100,5,0.04285118854244274,414.0,0.05959998816251755,0
533,100,5,77.00581083990355,0.7700581083990354,0.7700581083990354,100,5,100,100,5,0.04285118854244274,414.0,0.059399986639618874,0
534,100,5,76.96295965136107,0.7696295965136107,0.7696295965136107,100,5,100,100,5,0.042851188542435636,414.0,0.05679996684193611,0
535,100,5,76.91907966179167,0.7691907966179167,0.7691907966179167,100,5,100,100,6,0.043879989569354905,414.0,236.8379000108689,50600
536,100,5,76.87619967222227,0.7687619967222227,0.7687619967222227,100,5,100,100,5,0.04287998956936434,414.0,0.06510003004223108,0
537,100,5,76.83331968265284,0.7683331968265285,0.7683331968265285,100,5,100,100,5,0.04287998956936079,414.0,0.06280001252889633,0
538,100,5,76.79043969308346,0.7679043969308346,0.7679043969308346,100,5,100,100,5,0.04287998956936079,414.0,0.062700011767447,0
539,100,5,76.74755970351407,0.7674755970351407,0.7674755970351407,100,5,100,100,5,0.04287998956936434,414.0,0.04999997327104211,0
540,100,5,76.70370502726182,0.7670370502726181,0.7670370502726181,100,5,100,100,6,0.04385467625222006,414.0,278.5794000374153,50600
541,100,5,76.66085035100951,0.7666085035100951,0.7666085035100951,100,5,100,100,5,0.04285467625222239,414.0,0.03850000211969018,0
542,100,5,76.61799567475725,0.7661799567475726,0.7661799567475726,100,5,100,100,5,0.04285467625222594,414.0,0.034800032153725624,0
543,100,5,76.575140998505,0.7657514099850501,0.7657514099850501,100,5,100,100,5,0.04285467625222239,414.0,0.05099998088553548,0
544,100,5,76.53228632225272,0.7653228632225272,0.7653228632225272,100,5,100,100,5,0.04285467625222594,414.0,0.05849997978657484,0
545,100,5,76.48826631848877,0.7648826631848877,0.7648826631848877,100,5,100,100,6,0.04402000376391513,414.0,285.36819998407736,50600
546,100,5,76.44524631472483,0.7644524631472482,0.7644524631472482,100,5,100,100,5,0.04302000376392101,414.0,0.06500002928078175,0
547,100,5,76.40222631096083,0.7640222631096083,0.7640222631096083,100,5,100,100,5,0.04302000376392101,414.0,0.06479996955022216,0
548,100,5,76.35920630719689,0.7635920630719688,0.7635920630719688,100,5,100,100,5,0.04302000376391746,414.0,0.06210000719875097,0
549,100,5,76.31618630343291,0.7631618630343291,0.7631618630343291,100,5,100,100,5,0.043020003763924564,414.0,0.062000006437301636,0
550,100,5,76.27227622882486,0.7627227622882486,0.7627227622882486,100,5,100,100,6,0.04391007460802854,414.0,273.08809995884076,50600
551,100,5,76.22936615421678,0.7622936615421678,0.7622936615421678,100,5,100,100,5,0.04291007460803442,414.0,0.06509997183457017,0
552,100,5,76.1864560796087,0.761864560796087,0.761864560796087,100,5,100,100,5,0.04291007460803087,414.0,0.06310001481324434,0
553,100,5,76.14354600500066,0.7614354600500066,0.7614354600500066,100,5,100,100,5,0.04291007460803442,414.0,0.06539997411891818,0
554,100,5,76.10063593039257,0.7610063593039257,0.7610063593039257,100,5,100,100,5,0.04291007460803087,414.0,0.059999991208314896,0
555,100,5,76.05666476794048,0.7605666476794047,0.7605666476794047,100,5,100,100,6,0.04397116245204202,414.0,283.1140999915078,50600
556,100,5,76.01369360548838,0.7601369360548839,0.7601369360548839,100,5,100,100,5,0.042971162452047906,414.0,0.05419994704425335,0
557,100,5,75.9707224430363,0.759707224430363,0.759707224430363,100,5,100,100,5,0.042971162452044354,414.0,0.06230000872164965,0
558,100,5,75.9277512805842,0.759277512805842,0.759277512805842,100,5,100,100,5,0.042971162452047906,414.0,0.05770003190264106,0
559,100,5,75.88478011813211,0.7588478011813211,0.7588478011813211,100,5,100,100,5,0.042971162452047906,414.0,0.05640002200379968,0
560,100,5,75.84081797356338,0.7584081797356338,0.7584081797356338,100,5,100,100,6,0.04396214456868819,414.0,271.352699957788,50600
561,100,5,75.79785582899463,0.7579785582899463,0.7579785582899463,100,5,100,100,5,0.042962144568697624,414.0,0.05640002200379968,0
562,100,5,75.7548936844259,0.757548936844259,0.757548936844259,100,5,100,100,5,0.042962144568697624,414.0,0.059100042562931776,0
563,100,5,75.71193153985718,0.7571193153985718,0.7571193153985718,100,5,100,100,5,0.04296214456869407,414.0,0.03439997090026736,0
564,100,5,75.66896939528841,0.7566896939528841,0.7566896939528841,100,5,100,100,5,0.042962144568697624,414.0,0.033299962524324656,0
565,100,5,75.62497950752997,0.7562497950752998,0.7562497950752998,100,5,100,100,6,0.04398988775840351,414.0,260.5539999785833,50600
566,100,5,75.58198961977155,0.7558198961977155,0.7558198961977155,100,5,100,100,5,0.04298988775840229,414.0,0.063000014051795,0
567,100,5,75.53899973201312,0.7553899973201312,0.7553899973201312,100,5,100,100,5,0.04298988775840229,414.0,0.09460002183914185,0
568,100,5,75.49600984425467,0.7549600984425467,0.7549600984425467,100,5,100,100,5,0.042989887758409395,414.0,0.0591999851167202,0
569,100,5,75.45301995649622,0.7545301995649623,0.7545301995649623,100,5,100,100,5,0.04298988775840584,414.0,0.030399998649954796,0
570,100,5,75.40908400833709,0.7540908400833709,0.7540908400833709,100,5,100,100,6,0.043935948159106175,414.0,284.1859000036493,50600
571,100,5,75.36614806017793,0.7536614806017794,0.7536614806017794,100,5,100,100,5,0.04293594815912272,414.0,0.06450002547353506,0
572,100,5,75.32321211201878,0.7532321211201878,0.7532321211201878,100,5,100,100,5,0.04293594815911206,414.0,0.05230004899203777,0
573,100,5,75.2802761638596,0.7528027616385959,0.7528027616385959,100,5,100,100,5,0.04293594815911561,414.0,0.06289995508268476,0
574,100,5,75.23734021570044,0.7523734021570044,0.7523734021570044,100,5,100,100,5,0.04293594815911561,414.0,0.05979998968541622,0
575,100,5,75.19350967394196,0.7519350967394196,0.7519350967394196,100,5,100,100,6,0.0438305417584246,414.0,263.12189997406676,50600
576,100,5,75.15067913218351,0.7515067913218352,0.7515067913218352,100,5,100,100,5,0.04283054175842338,414.0,0.5110999918542802,0
577,100,5,75.10784859042502,0.7510784859042502,0.7510784859042502,100,5,100,100,5,0.04283054175843404,414.0,0.03609998384490609,0
578,100,5,75.06501804866657,0.7506501804866658,0.7506501804866658,100,5,100,100,5,0.04283054175842693,414.0,0.027799978852272034,0
579,100,5,75.02218750690808,0.7502218750690808,0.7502218750690808,100,5,100,100,5,0.042830541758430485,414.0,0.027499976567924023,0
580,100,5,74.97835070043809,0.7497835070043809,0.7497835070043809,100,5,100,100,6,0.04383680646994037,414.0,270.45080001698807,50600
581,100,5,74.93551389396814,0.7493551389396813,0.7493551389396813,100,5,100,100,5,0.04283680646995336,414.0,0.06120000034570694,0
582,100,5,74.89267708749813,0.7489267708749813,0.7489267708749813,100,5,100,100,5,0.042836806469946254,414.0,0.06059999577701092,0
583,100,5,74.84984028102811,0.7484984028102811,0.7484984028102811,100,5,100,100,5,0.042836806469949806,414.0,0.059500045608729124,0
584,100,5,74.80700347455814,0.7480700347455814,0.7480700347455814,100,5,100,100,5,0.042836806469946254,414.0,0.029999995604157448,0
585,100,5,74.76304640154171,0.7476304640154171,0.7476304640154171,100,5,100,100,6,0.04395707301639007,414.0,257.25860003149137,50600
586,100,5,74.72008932852528,0.7472008932852527,0.7472008932852527,100,5,100,100,5,0.0429570730163924,414.0,0.04229997284710407,0
587,100,5,74.67713225550885,0.7467713225550885,0.7467713225550885,100,5,100,100,5,0.04295707301638885,414.0,0.06589997792616487,0
588,100,5,74.63417518249241,0.7463417518249241,0.7463417518249241,100,5,100,100,5,0.0429570730163924,414.0,0.06210000719875097,0
589,100,5,74.59121810947599,0.7459121810947599,0.7459121810947599,100,5,100,100,5,0.04295707301639595,414.0,0.05570001667365432,0
590,100,5,74.54732619842488,0.7454732619842488,0.7454732619842488,100,5,100,100,6,0.043891911051066046,414.0,274.774499994237,50600
591,100,5,74.50443428737378,0.7450443428737379,0.7450443428737379,100,5,100,100,5,0.04289191105107548,414.0,0.050799979362636805,0
592,100,5,74.46154237632267,0.7446154237632266,0.7446154237632266,100,5,100,100,5,0.04289191105106838,414.0,0.028799986466765404,0
593,100,5,74.41865046527155,0.7441865046527155,0.7441865046527155,100,5,100,100,5,0.04289191105107548,414.0,0.02729997504502535,0
594,100,5,74.37575855422044,0.7437575855422044,0.7437575855422044,100,5,100,100,5,0.04289191105106838,414.0,0.02759997732937336,0
595,100,5,74.33189420148429,0.7433189420148429,0.7433189420148429,100,5,100,100,6,0.043864352736122214,414.0,272.5934999762103,50600
596,100,5,74.28902984874813,0.7428902984874813,0.7428902984874813,100,5,100,100,5,0.04286435273611744,414.0,0.06269995355978608,0
597,100,5,74.24616549601197,0.7424616549601197,0.7424616549601197,100,5,100,100,5,0.04286435273612099,414.0,0.05809997674077749,0
598,100,5,74.20330114327578,0.7420330114327578,0.7420330114327578,100,5,100,100,5,0.042864352736113887,414.0,0.08190004155039787,0
599,100,5,74.16043679053963,0.7416043679053963,0.7416043679053963,100,5,100,100,5,0.042864352736124545,414.0,0.0619000056758523,0
600,100,5,74.11662540376906,0.7411662540376907,0.7411662540376907,100,5,100,100,6,0.04381138677053542,414.0,278.5940000321716,50600
601,100,5,74.07381401699848,0.7407381401699848,0.7407381401699848,100,5,100,100,5,0.04281138677053775,414.0,0.06549997488036752,0
602,100,5,74.03100263022789,0.7403100263022789,0.7403100263022789,100,5,100,100,5,0.04281138677053775,414.0,0.05909998435527086,0
603,100,5,73.98819124345731,0.7398819124345731,0.7398819124345731,100,5,100,100,5,0.04281138677053775,414.0,0.06150000263005495,0
604,100,5,73.94537985668674,0.7394537985668674,0.7394537985668674,100,5,100,100,5,0.04281138677053775,414.0,0.061400001868605614,0
605,100,5,73.90141894978274,0.7390141894978274,0.7390141894978274,100,5,100,100,6,0.04396090690395482,414.0,264.68119997298345,50600
606,100,5,73.85845804287874,0.7385845804287874,0.7385845804287874,100,5,100,100,5,0.042960906903960705,414.0,0.10489998385310173,0
607,100,5,73.81549713597474,0.7381549713597474,0.7381549713597474,100,5,100,100,5,0.042960906903960705,414.0,0.0564999645575881,0
608,100,5,73.77253622907074,0.7377253622907074,0.7377253622907074,100,5,100,100,5,0.042960906903960705,414.0,0.03700004890561104,0
609,100,5,73.72957532216674,0.7372957532216674,0.7372957532216674,100,5,100,100,5,0.042960906903960705,414.0,0.039300008211284876,0
610,100,5,73.68562567753155,0.7368562567753155,0.7368562567753155,100,5,100,100,6,0.04394964463512707,414.0,256.4127999939956,50600
611,100,5,73.64267603289638,0.7364267603289637,0.7364267603289637,100,5,100,100,5,0.0429496446351294,414.0,0.06530003156512976,0
612,100,5,73.5997263882612,0.735997263882612,0.735997263882612,100,5,100,100,5,0.0429496446351294,414.0,0.063000014051795,0
613,100,5,73.55677674362603,0.7355677674362603,0.7355677674362603,100,5,100,100,5,0.04294964463513651,414.0,0.06350001785904169,0
614,100,5,73.51382709899084,0.7351382709899085,0.7351382709899085,100,5,100,100,5,0.0429496446351294,414.0,0.06180000491440296,0
615,100,5,73.46997169222882,0.7346997169222882,0.7346997169222882,100,5,100,100,6,0.04385540676194921,414.0,269.7014000150375,50600
616,100,5,73.42711628546685,0.7342711628546685,0.7342711628546685,100,5,100,100,5,0.0428554067619622,414.0,0.029800052288919687,0
617,100,5,73.38426087870486,0.7338426087870487,0.7338426087870487,100,5,100,100,5,0.042855406761955095,414.0,0.058699981309473515,0
618,100,5,73.34140547194283,0.7334140547194283,0.7334140547194283,100,5,100,100,5,0.04285540676195865,414.0,0.05339999916031957,0
619,100,5,73.29855006518086,0.7329855006518087,0.7329855006518087,100,5,100,100,5,0.04285540676195865,414.0,0.09290000889450312,0
620,100,5,73.25455274412975,0.7325455274412975,0.7325455274412975,100,5,100,100,6,0.04399732105104803,414.0,274.95039999485016,50600
621,100,5,73.21155542307865,0.7321155542307864,0.7321155542307864,100,5,100,100,5,0.04299732105104681,414.0,0.06199994822964072,0
622,100,5,73.16855810202756,0.7316855810202756,0.7316855810202756,100,5,100,100,5,0.04299732105104681,414.0,0.06310001481324434,0
623,100,5,73.12556078097649,0.7312556078097648,0.7312556078097648,100,5,100,100,5,0.042997321051053916,414.0,0.06059999577701092,0
624,100,5,73.0825634599254,0.730825634599254,0.730825634599254,100,5,100,100,5,0.042997321051053916,414.0,0.05929998587816954,0
625,100,5,73.03867128596428,0.7303867128596429,0.7303867128596429,100,5,100,100,6,0.04389217396106915,414.0,285.6233000056818,50600
626,100,5,72.99577911200313,0.7299577911200313,0.7299577911200313,100,5,100,100,5,0.042892173961078583,414.0,0.06249995203688741,0
627,100,5,72.95288693804204,0.7295288693804204,0.7295288693804204,100,5,100,100,5,0.042892173961082136,414.0,0.028399983420968056,0
628,100,5,72.9099947640809,0.7290999476408091,0.7290999476408091,100,5,100,100,5,0.042892173961082136,414.0,0.03390002530068159,0
629,100,5,72.8671025901198,0.728671025901198,0.728671025901198,100,5,100,100,5,0.04289217396107503,414.0,0.0323000131174922,0
630,100,5,72.82325889091942,0.7282325889091942,0.7282325889091942,100,5,100,100,6,0.043843699200316166,414.0,246.01900001289323,50600
631,100,5,72.78041519171904,0.7278041519171904,0.7278041519171904,100,5,100,100,5,0.04284369920032205,414.0,0.06089999806135893,0
632,100,5,72.7375714925187,0.7273757149251869,0.7273757149251869,100,5,100,100,5,0.0428436992003185,414.0,0.05520001286640763,0
633,100,5,72.69472779331832,0.7269472779331833,0.7269472779331833,100,5,100,100,5,0.04284369920032205,414.0,0.063000014051795,0
634,100,5,72.65188409411795,0.7265188409411795,0.7265188409411795,100,5,100,100,5,0.0428436992003185,414.0,0.03759999526664615,0
635,100,5,72.60791752221347,0.7260791752221347,0.7260791752221347,100,5,100,100,6,0.04396657190444486,414.0,256.969099980779,50600
636,100,5,72.56495095030898,0.7256495095030898,0.7256495095030898,100,5,100,100,5,0.04296657190444719,414.0,0.06620003841817379,0
637,100,5,72.52198437840451,0.7252198437840451,0.7252198437840451,100,5,100,100,5,0.04296657190444719,414.0,0.06299995584413409,0
638,100,5,72.47901780650001,0.7247901780650001,0.7247901780650001,100,5,100,100,5,0.04296657190444719,414.0,0.06250001024454832,0
639,100,5,72.43605123459552,0.7243605123459552,0.7243605123459552,100,5,100,100,5,0.04296657190444719,414.0,0.062000006437301636,0
640,100,5,72.39217197172606,0.7239217197172606,0.7239217197172606,100,5,100,100,6,0.04387926286943511,414.0,281.2487999908626,50600
641,100,5,72.3492927088566,0.7234929270885659,0.7234929270885659,100,5,100,100,5,0.042879262869444545,414.0,0.062199949752539396,0
642,100,5,72.3064134459871,0.723064134459871,0.723064134459871,100,5,100,100,5,0.04287926286944099,414.0,0.059699988923966885,0
643,100,5,72.26353418311766,0.7226353418311766,0.7226353418311766,100,5,100,100,5,0.04287926286943744,414.0,0.05119998240843415,0
644,100,5,72.22065492024818,0.7222065492024818,0.7222065492024818,100,5,100,100,5,0.042879262869444545,414.0,0.06280001252889633,0
645,100,5,72.17665098460878,0.7217665098460878,0.7217665098460878,100,5,100,100,6,0.04400393563933136,414.0,264.268999977503,50600
646,100,5,72.1336470489694,0.721336470489694,0.721336470489694,100,5,100,100,5,0.043003935639340796,414.0,0.0654000323265791,0
647,100,5,72.09064311333002,0.7209064311333002,0.7209064311333002,100,5,100,100,5,0.04300393563933724,414.0,0.06360001862049103,0
648,100,5,72.04763917769061,0.7204763917769061,0.7204763917769061,100,5,100,100,5,0.043003935639340796,414.0,0.06220000796020031,0
649,100,5,72.00463524205125,0.7200463524205125,0.7200463524205125,100,5,100,100,5,0.04300393563933369,414.0,0.06260001100599766,0
650,100,5,71.96068502910335,0.7196068502910334,0.7196068502910334,100,5,100,100,6,0.0439502129478484,414.0,271.0491999750957,50600
651,100,5,71.91773481615546,0.7191773481615545,0.7191773481615545,100,5,100,100,5,0.04295021294785428,414.0,0.06640003994107246,0
652,100,5,71.87478460320756,0.7187478460320755,0.7187478460320755,100,5,100,100,5,0.04295021294785073,414.0,0.05920004332438111,0
653,100,5,71.83183439025966,0.7183183439025966,0.7183183439025966,100,5,100,100,5,0.04295021294784718,414.0,0.05690002581104636,0
654,100,5,71.78888417731176,0.7178888417731176,0.7178888417731176,100,5,100,100,5,0.04295021294785073,414.0,0.062700011767447,0
655,100,5,71.7449129589811,0.717449129589811,0.717449129589811,100,5,100,100,6,0.04397121833059714,414.0,262.7636999823153,50600
656,100,5,71.70194174065048,0.7170194174065049,0.7170194174065049,100,5,100,100,5,0.04297121833059947,414.0,0.063000014051795,0
657,100,5,71.65897052231988,0.7165897052231988,0.7165897052231988,100,5,100,100,5,0.04297121833059592,414.0,0.04929996794089675,0
658,100,5,71.61599930398921,0.7161599930398921,0.7161599930398921,100,5,100,100,5,0.04297121833059947,414.0,0.028699985705316067,0
659,100,5,71.57302808565858,0.7157302808565857,0.7157302808565857,100,5,100,100,5,0.042971218330592365,414.0,0.058399979025125504,0
660,100,5,71.52913530004169,0.7152913530004169,0.7152913530004169,100,5,100,100,6,0.04389278561686183,414.0,275.23259998997673,50600
661,100,5,71.48624251442479,0.7148624251442479,0.7148624251442479,100,5,100,100,5,0.04289278561686771,414.0,0.05840003723278642,0
662,100,5,71.44334972880787,0.7144334972880787,0.7144334972880787,100,5,100,100,5,0.04289278561686061,414.0,0.056200020480901,0
663,100,5,71.40045694319096,0.7140045694319096,0.7140045694319096,100,5,100,100,5,0.04289278561686061,414.0,0.055299955420196056,0
664,100,5,71.35756415757406,0.7135756415757406,0.7135756415757406,100,5,100,100,5,0.04289278561686416,414.0,0.046900007873773575,0
665,100,5,71.31360616118629,0.7131360616118628,0.7131360616118628,100,5,100,100,6,0.04395799638774989,414.0,293.61079999944195,50600
666,100,5,71.27064816479847,0.7127064816479848,0.7127064816479848,100,5,100,100,5,0.042957996387748665,414.0,0.06419996498152614,0
667,100,5,71.22769016841069,0.7122769016841068,0.7122769016841068,100,5,100,100,5,0.042957996387748665,414.0,0.06220000796020031,0
668,100,5,71.1847321720229,0.711847321720229,0.711847321720229,100,5,100,100,5,0.04295799638775222,414.0,0.10330002987757325,0
669,100,5,71.14177417563509,0.711417741756351,0.711417741756351,100,5,100,100,5,0.04295799638775222,414.0,0.03590004052966833,0
670,100,5,71.0979365720492,0.710979365720492,0.710979365720492,100,5,100,100,6,0.043837603585856755,414.0,265.36980003584176,50600
671,100,5,71.05509896846328,0.7105509896846328,0.7105509896846328,100,5,100,100,5,0.04283760358586264,414.0,0.06439996650442481,0
672,100,5,71.01226136487739,0.7101226136487739,0.7101226136487739,100,5,100,100,5,0.04283760358586264,414.0,0.06299995584413409,0
673,100,5,70.96942376129148,0.7096942376129148,0.7096942376129148,100,5,100,100,5,0.042837603585859085,414.0,0.06130000110715628,0
674,100,5,70.92658615770556,0.7092658615770556,0.7092658615770556,100,5,100,100,5,0.04283760358586264,414.0,0.061700004152953625,0
675,100,5,70.8826259364466,0.708826259364466,0.708826259364466,100,5,100,100,6,0.04396022125890653,414.0,257.00380001217127,50600
676,100,5,70.83966571518765,0.7083966571518765,0.7083966571518765,100,5,100,100,5,0.04296022125891952,414.0,0.05630002124235034,0
677,100,5,70.7967054939287,0.707967054939287,0.707967054939287,100,5,100,100,5,0.04296022125890886,414.0,0.06260001100599766,0
678,100,5,70.7537452726697,0.707537452726697,0.707537452726697,100,5,100,100,5,0.042960221258915965,414.0,0.0659999786876142,0
679,100,5,70.71078505141077,0.7071078505141076,0.7071078505141076,100,5,100,100,5,0.04296022125891241,414.0,0.0838999985717237,0
680,100,5,70.66680156828126,0.7066680156828126,0.7066680156828126,100,5,100,100,6,0.04398348312946965,414.0,271.7516000266187,50600
681,100,5,70.62381808515175,0.7062381808515176,0.7062381808515176,100,5,100,100,5,0.04298348312947553,414.0,0.06520003080368042,0
682,100,5,70.58083460202222,0.7058083460202222,0.7058083460202222,100,5,100,100,5,0.04298348312947908,414.0,0.06429996574297547,0
683,100,5,70.53785111889272,0.7053785111889271,0.7053785111889271,100,5,100,100,5,0.04298348312947553,414.0,0.06230000872164965,0
684,100,5,70.4948676357632,0.704948676357632,0.704948676357632,100,5,100,100,5,0.04298348312947553,414.0,0.06510003004223108,0
685,100,5,70.45098750484638,0.7045098750484639,0.7045098750484639,100,5,100,100,6,0.04388013091677223,414.0,269.2390000447631,50600
686,100,5,70.40810737392957,0.7040810737392956,0.7040810737392956,100,5,100,100,5,0.042880130916778114,414.0,0.061400001868605614,0
687,100,5,70.36522724301274,0.7036522724301274,0.7036522724301274,100,5,100,100,5,0.042880130916778114,414.0,0.05790003342553973,0
688,100,5,70.3223471120959,0.703223471120959,0.703223471120959,100,5,100,100,5,0.04288013091677101,414.0,0.05690002581104636,0
689,100,5,70.27946698117908,0.7027946698117908,0.7027946698117908,100,5,100,100,5,0.04288013091678167,414.0,0.063000014051795,0
690,100,5,70.2355762806419,0.702355762806419,0.702355762806419,100,5,100,100,6,0.0438907005371334,414.0,274.8177999746986,50600
691,100,5,70.1926855801047,0.701926855801047,0.701926855801047,100,5,100,100,5,0.04289070053714639,414.0,0.06689998554065824,0
692,100,5,70.14979487956751,0.7014979487956751,0.7014979487956751,100,5,100,100,5,0.042890700537142834,414.0,0.061700004152953625,0
693,100,5,70.1069041790303,0.7010690417903029,0.7010690417903029,100,5,100,100,5,0.04289070053714994,414.0,0.06130000110715628,0
694,100,5,70.06401347849315,0.7006401347849315,0.7006401347849315,100,5,100,100,5,0.04289070053713928,414.0,0.062000006437301636,0
695,100,5,70.02005111028843,0.7002005111028844,0.7002005111028844,100,5,100,100,6,0.0439623682046566,414.0,275.73429996846244,50600
696,100,5,69.97708874208377,0.6997708874208377,0.6997708874208377,100,5,100,100,5,0.04296236820466248,414.0,0.06690004374831915,0
697,100,5,69.93412637387905,0.6993412637387906,0.6993412637387906,100,5,100,100,5,0.04296236820466248,414.0,0.0638000201433897,0
698,100,5,69.89116400567437,0.6989116400567437,0.6989116400567437,100,5,100,100,5,0.04296236820466248,414.0,0.08700002217665315,0
699,100,5,69.84820163746964,0.6984820163746964,0.6984820163746964,100,5,100,100,5,0.04296236820465893,414.0,0.06079999729990959,0
700,100,5,69.80438779255182,0.6980438779255183,0.6980438779255183,100,5,100,100,6,0.04381384491780693,414.0,271.49269997607917,50600
701,100,5,69.76157394763396,0.6976157394763396,0.6976157394763396,100,5,100,100,5,0.04281384491780926,414.0,0.06589997792616487,0
702,100,5,69.71876010271612,0.6971876010271612,0.6971876010271612,100,5,100,100,5,0.04281384491780571,414.0,0.06229995051398873,0
703,100,5,69.67594625779829,0.6967594625779828,0.6967594625779828,100,5,100,100,5,0.04281384491780571,414.0,0.06089999806135893,0
704,100,5,69.63313241288043,0.6963313241288043,0.6963313241288043,100,5,100,100,5,0.04281384491780926,414.0,0.06250001024454832,0
705,100,5,69.58924337943719,0.6958924337943719,0.6958924337943719,100,5,100,100,6,0.04388903344320738,414.0,272.4214000045322,50600
706,100,5,69.54635434599392,0.6954635434599392,0.6954635434599392,100,5,100,100,5,0.042889033443213265,414.0,0.06430002395063639,0
707,100,5,69.50346531255065,0.6950346531255065,0.6950346531255065,100,5,100,100,5,0.04288903344321682,414.0,0.060399994254112244,0
708,100,5,69.46057627910743,0.6946057627910743,0.6946057627910743,100,5,100,100,5,0.04288903344320971,414.0,0.052600051276385784,0
709,100,5,69.41768724566417,0.6941768724566417,0.6941768724566417,100,5,100,100,5,0.04288903344320971,414.0,0.05819997750222683,0
710,100,5,69.37372506031299,0.69373725060313,0.69373725060313,100,5,100,100,6,0.043962185351123395,414.0,275.4869999480434,50600
711,100,5,69.33076287496183,0.6933076287496184,0.6933076287496184,100,5,100,100,5,0.04296218535112217,414.0,0.03609998384490609,0
712,100,5,69.28780068961065,0.6928780068961065,0.6928780068961065,100,5,100,100,5,0.042962185351125726,414.0,0.03619998460635543,0
713,100,5,69.24483850425949,0.6924483850425949,0.6924483850425949,100,5,100,100,5,0.04296218535112217,414.0,0.06669998401775956,0
714,100,5,69.20187631890832,0.6920187631890832,0.6920187631890832,100,5,100,100,5,0.042962185351125726,414.0,0.04970002919435501,0
715,100,5,69.15803529044288,0.6915803529044289,0.6915803529044289,100,5,100,100,6,0.04384102846539761,414.0,266.7609000345692,50600
716,100,5,69.11519426197742,0.6911519426197742,0.6911519426197742,100,5,100,100,5,0.0428410284654035,414.0,0.06680004298686981,0
717,100,5,69.07235323351199,0.6907235323351198,0.6907235323351198,100,5,100,100,5,0.042841028465399944,414.0,0.030499999411404133,0
718,100,5,69.02951220504654,0.6902951220504654,0.6902951220504654,100,5,100,100,5,0.04284102846540705,414.0,0.03560003824532032,0
719,100,5,68.98667117658111,0.6898667117658112,0.6898667117658112,100,5,100,100,5,0.0428410284654035,414.0,0.03300001844763756,0
720,100,5,68.94278668872516,0.6894278668872517,0.6894278668872517,100,5,100,100,6,0.04388448785590526,414.0,269.2869000020437,50600
721,100,5,68.89990220086919,0.6889990220086919,0.6889990220086919,100,5,100,100,5,0.042884487855911146,414.0,0.062000006437301636,0
722,100,5,68.85701771301322,0.6885701771301322,0.6885701771301322,100,5,100,100,5,0.0428844878559147,414.0,0.06439996650442481,0
723,100,5,68.81413322515728,0.6881413322515728,0.6881413322515728,100,5,100,100,5,0.042884487855911146,414.0,0.06439996650442481,0
724,100,5,68.77124873730132,0.6877124873730132,0.6877124873730132,100,5,100,100,5,0.042884487855911146,414.0,0.06180000491440296,0
725,100,5,68.72721491409169,0.6872721491409169,0.6872721491409169,100,5,100,100,6,0.04403382320958116,414.0,278.44399999594316,50600
726,100,5,68.68418109088205,0.6868418109088205,0.6868418109088205,100,5,100,100,5,0.043033823209594146,414.0,0.06580003537237644,0
727,100,5,68.64114726767244,0.6864114726767244,0.6864114726767244,100,5,100,100,5,0.043033823209590594,414.0,0.061899947468191385,0
728,100,5,68.5981134444628,0.6859811344446279,0.6859811344446279,100,5,100,100,5,0.04303382320958704,414.0,0.062400009483098984,0
729,100,5,68.55507962125317,0.6855507962125317,0.6855507962125317,100,5,100,100,5,0.043033823209590594,414.0,0.08420000085607171,0
730,100,5,68.51114199886835,0.6851114199886835,0.6851114199886835,100,5,100,100,6,0.04393762238477095,414.0,292.853599996306,50600
731,100,5,68.46820437648353,0.6846820437648353,0.6846820437648353,100,5,100,100,5,0.04293762238477328,414.0,0.050499977078288794,0
732,100,5,68.42526675409871,0.6842526675409871,0.6842526675409871,100,5,100,100,5,0.04293762238477328,414.0,0.062700011767447,0
733,100,5,68.38232913171389,0.6838232913171389,0.6838232913171389,100,5,100,100,5,0.04293762238477328,414.0,0.05339999916031957,0
734,100,5,68.33939150932908,0.6833939150932907,0.6833939150932907,100,5,100,100,5,0.04293762238478038,414.0,0.06310001481324434,0
735,100,5,68.29550092826602,0.6829550092826602,0.6829550092826602,100,5,100,100,6,0.043890581063006806,414.0,261.7772000376135,50600
736,100,5,68.25261034720295,0.6825261034720295,0.6825261034720295,100,5,100,100,5,0.04289058106301624,414.0,0.06619998021051288,0
737,100,5,68.20971976613987,0.6820971976613986,0.6820971976613986,100,5,100,100,5,0.04289058106301624,414.0,0.06379996193572879,0
738,100,5,68.16682918507682,0.6816682918507682,0.6816682918507682,100,5,100,100,5,0.04289058106301624,414.0,0.06520003080368042,0
739,100,5,68.12393860401374,0.6812393860401375,0.6812393860401375,100,5,100,100,5,0.04289058106301624,414.0,0.062700011767447,0
740,100,5,68.08006710440294,0.6808006710440294,0.6808006710440294,100,5,100,100,6,0.04387149961078407,414.0,271.1754000047222,50600
741,100,5,68.0371956047921,0.680371956047921,0.680371956047921,100,5,100,100,5,0.042871499610789954,414.0,0.06490002851933241,0
742,100,5,67.99432410518125,0.6799432410518125,0.6799432410518125,100,5,100,100,5,0.0428714996107864,414.0,0.06310001481324434,0
743,100,5,67.95145260557044,0.6795145260557044,0.6795145260557044,100,5,100,100,5,0.042871499610789954,414.0,0.06309995660558343,0
744,100,5,67.90858110595958,0.6790858110595959,0.6790858110595959,100,5,100,100,5,0.04287149961079706,414.0,0.05989999044686556,0
745,100,5,67.86473263534987,0.6786473263534987,0.6786473263534987,100,5,100,100,6,0.043848470609681556,414.0,270.5006000469439,50600
746,100,5,67.82188416474015,0.6782188416474015,0.6782188416474015,100,5,100,100,5,0.04284847060969099,414.0,0.06620003841817379,0
747,100,5,67.7790356941304,0.677790356941304,0.677790356941304,100,5,100,100,5,0.04284847060969099,414.0,0.06180000491440296,0
748,100,5,67.73618722352067,0.6773618722352067,0.6773618722352067,100,5,100,100,5,0.042848470609683886,414.0,0.05829997826367617,0
749,100,5,67.69333875291095,0.6769333875291095,0.6769333875291095,100,5,100,100,5,0.04284847060969099,414.0,0.05949998740106821,0
750,100,5,67.64932425142953,0.6764932425142953,0.6764932425142953,100,5,100,100,6,0.04401450148137798,414.0,262.733300041873,50600
751,100,5,67.60630974994808,0.6760630974994808,0.6760630974994808,100,5,100,100,5,0.04301450148138741,414.0,0.06609997944906354,0
752,100,5,67.56329524846667,0.6756329524846667,0.6756329524846667,100,5,100,100,5,0.04301450148138741,414.0,0.04830001853406429,0
753,100,5,67.52028074698524,0.6752028074698524,0.6752028074698524,100,5,100,100,5,0.04301450148138741,414.0,0.05420000525191426,0
754,100,5,67.47726624550383,0.6747726624550383,0.6747726624550383,100,5,100,100,5,0.04301450148138031,414.0,0.03520003519952297,0
755,100,5,67.43337566444076,0.6743337566444076,0.6743337566444076,100,5,100,100,6,0.043890581063017464,414.0,255.68669999483973,50600
756,100,5,67.39048508337771,0.6739048508337772,0.6739048508337772,100,5,100,100,5,0.042890581063019795,414.0,0.10110001312568784,0
757,100,5,67.34759450231462,0.6734759450231462,0.6734759450231462,100,5,100,100,5,0.04289058106301269,414.0,0.0923000043258071,0
758,100,5,67.30470392125157,0.6730470392125157,0.6730470392125157,100,5,100,100,5,0.04289058106301269,414.0,0.05740002961829305,0
759,100,5,67.26181334018851,0.6726181334018851,0.6726181334018851,100,5,100,100,5,0.042890581063019795,414.0,0.06250001024454832,0
760,100,5,67.21796698670347,0.6721796698670347,0.6721796698670347,100,5,100,100,6,0.04384635348497312,414.0,267.3062999965623,50600
761,100,5,67.17512063321844,0.6717512063321844,0.6717512063321844,100,5,100,100,5,0.04284635348498256,414.0,0.07010000990703702,0
762,100,5,67.13227427973342,0.6713227427973343,0.6713227427973343,100,5,100,100,5,0.04284635348497545,414.0,0.10030000703409314,0
763,100,5,67.08942792624839,0.6708942792624839,0.6708942792624839,100,5,100,100,5,0.04284635348497545,414.0,0.06120000034570694,0
764,100,5,67.04658157276336,0.6704658157276335,0.6704658157276335,100,5,100,100,5,0.04284635348496835,414.0,0.06059999577701092,0
765,100,5,67.00271613032436,0.6700271613032436,0.6700271613032436,100,5,100,100,6,0.04386544243895685,414.0,258.1584000145085,50600
766,100,5,66.95985068788538,0.6695985068788538,0.6695985068788538,100,5,100,100,5,0.04286544243895918,414.0,0.06350001785904169,0
767,100,5,66.91698524544638,0.6691698524544638,0.6691698524544638,100,5,100,100,5,0.042865442438966284,414.0,0.06250001024454832,0
768,100,5,66.87411980300739,0.6687411980300739,0.6687411980300739,100,5,100,100,5,0.042865442438966284,414.0,0.0591999851167202,0
769,100,5,66.8312543605684,0.6683125436056839,0.6683125436056839,100,5,100,100,5,0.04286544243895918,414.0,0.05930004408583045,0
770,100,5,66.78736196351949,0.6678736196351949,0.6678736196351949,100,5,100,100,6,0.043892397048836074,414.0,267.23300002049655,50600
771,100,5,66.7444695664706,0.667444695664706,0.667444695664706,100,5,100,100,5,0.042892397048838404,414.0,0.06689998554065824,0
772,100,5,66.7015771694217,0.667015771694217,0.667015771694217,100,5,100,100,5,0.04289239704884551,414.0,0.06250001024454832,0
773,100,5,66.6586847723728,0.6665868477237279,0.6665868477237279,100,5,100,100,5,0.042892397048838404,414.0,0.06210000719875097,0
774,100,5,66.61579237532388,0.6661579237532388,0.6661579237532388,100,5,100,100,5,0.04289239704884551,414.0,0.06310001481324434,0
775,100,5,66.57187660828893,0.6657187660828893,0.6657187660828893,100,5,100,100,6,0.04391576703491751,414.0,271.67099999496713,50600
776,100,5,66.52896084125392,0.6652896084125391,0.6652896084125391,100,5,100,100,5,0.04291576703491984,414.0,0.0610999995842576,0
777,100,5,66.48604507421895,0.6648604507421895,0.6648604507421895,100,5,100,100,5,0.04291576703493405,414.0,0.05759997293353081,0
778,100,5,66.44312930718397,0.6644312930718397,0.6644312930718397,100,5,100,100,5,0.042915767034926944,414.0,0.06520003080368042,0
779,100,5,66.40021354014898,0.6640021354014898,0.6640021354014898,100,5,100,100,5,0.04291576703491984,414.0,0.05759997293353081,0
780,100,5,66.35636703312467,0.6635636703312467,0.6635636703312467,100,5,100,100,6,0.043846507024284165,414.0,254.67539997771382,50600
781,100,5,66.31352052610032,0.6631352052610032,0.6631352052610032,100,5,100,100,5,0.0428465070242936,414.0,0.0543000060133636,0
782,100,5,66.27067401907598,0.6627067401907598,0.6627067401907598,100,5,100,100,5,0.042846507024286495,414.0,0.051799986977130175,0
783,100,5,66.22782751205165,0.6622782751205165,0.6622782751205165,100,5,100,100,5,0.042846507024286495,414.0,0.06180000491440296,0
784,100,5,66.18498100502731,0.6618498100502731,0.6618498100502731,100,5,100,100,5,0.042846507024300706,414.0,0.062000006437301636,0
785,100,5,66.14100461228931,0.6614100461228931,0.6614100461228931,100,5,100,100,6,0.04397639273796017,414.0,260.19379997160286,50600
786,100,5,66.0980282195513,0.660980282195513,0.660980282195513,100,5,100,100,5,0.0429763927379625,414.0,0.06839999696239829,0
787,100,5,66.05505182681328,0.6605505182681328,0.6605505182681328,100,5,100,100,5,0.0429763927379625,414.0,0.06530003156512976,0
788,100,5,66.01207543407529,0.6601207543407529,0.6601207543407529,100,5,100,100,5,0.0429763927379625,414.0,0.09399995906278491,0
789,100,5,65.96909904133727,0.6596909904133728,0.6596909904133728,100,5,100,100,5,0.042976392737969604,414.0,0.05860003875568509,0
790,100,5,65.92511371834999,0.6592511371834999,0.6592511371834999,100,5,100,100,6,0.04398532298723268,414.0,273.39610003400594,50600
791,100,5,65.88212839536274,0.6588212839536274,0.6588212839536274,100,5,100,100,5,0.042985322987242114,414.0,0.052799994591623545,0
792,100,5,65.83914307237546,0.6583914307237546,0.6583914307237546,100,5,100,100,5,0.04298532298723501,414.0,0.0632999581284821,0
793,100,5,65.79615774938819,0.6579615774938818,0.6579615774938818,100,5,100,100,5,0.04298532298723501,414.0,0.06250001024454832,0
794,100,5,65.75317242640094,0.6575317242640094,0.6575317242640094,100,5,100,100,5,0.04298532298723501,414.0,0.06180000491440296,0
795,100,5,65.70924838233455,0.6570924838233455,0.6570924838233455,100,5,100,100,6,0.043924044066336876,414.0,272.3974999971688,50600
796,100,5,65.66632433826814,0.6566632433826814,0.6566632433826814,100,5,100,100,5,0.042924044066339206,414.0,0.06089999806135893,0
797,100,5,65.62340029420176,0.6562340029420176,0.6562340029420176,100,5,100,100,5,0.04292404406634631,414.0,0.05740002961829305,0
798,100,5,65.5804762501354,0.655804762501354,0.655804762501354,100,5,100,100,5,0.042924044066339206,414.0,0.06120000034570694,0
799,100,5,65.537552206069,0.6553755220606899,0.6553755220606899,100,5,100,100,5,0.0429240440663321,414.0,0.061700004152953625,0
800,100,5,65.4937243286996,0.654937243286996,0.654937243286996,100,5,100,100,6,0.043827877369352564,414.0,271.4154000277631,50600
801,100,5,65.45089645133018,0.6545089645133018,0.6545089645133018,100,5,100,100,5,0.042827877369354894,414.0,0.06160000339150429,0
802,100,5,65.40806857396078,0.6540806857396078,0.6540806857396078,100,5,100,100,5,0.042827877369354894,414.0,0.028399983420968056,0
803,100,5,65.36524069659136,0.6536524069659135,0.6536524069659135,100,5,100,100,5,0.042827877369354894,414.0,0.03739999374374747,0
804,100,5,65.32241281922197,0.6532241281922196,0.6532241281922196,100,5,100,100,5,0.042827877369354894,414.0,0.06220000796020031,0
805,100,5,65.27856040086571,0.6527856040086571,0.6527856040086571,100,5,100,100,6,0.04385241835620235,414.0,256.4956999849528,50600
806,100,5,65.23570798250947,0.6523570798250947,0.6523570798250947,100,5,100,100,5,0.042852418356197575,414.0,0.061700004152953625,0
807,100,5,65.1928555641532,0.6519285556415321,0.6519285556415321,100,5,100,100,5,0.04285241835619047,414.0,0.05929998587816954,0
808,100,5,65.15000314579694,0.6515000314579694,0.6515000314579694,100,5,100,100,5,0.04285241835620468,414.0,0.057699973694980145,0
809,100,5,65.10715072744071,0.6510715072744071,0.6510715072744071,100,5,100,100,5,0.042852418356197575,414.0,0.055500015150755644,0
810,100,5,65.0631922949724,0.6506319229497239,0.6506319229497239,100,5,100,100,6,0.04395843246823006,414.0,280.7634999626316,50600
811,100,5,65.02023386250411,0.6502023386250412,0.6502023386250412,100,5,100,100,5,0.04295843246823239,414.0,0.06480002775788307,0
812,100,5,64.97727543003582,0.6497727543003582,0.6497727543003582,100,5,100,100,5,0.0429584324682466,414.0,0.05180004518479109,0
813,100,5,64.93431699756752,0.6493431699756752,0.6493431699756752,100,5,100,100,5,0.04295843246823239,414.0,0.030800001695752144,0
814,100,5,64.89135856509922,0.6489135856509922,0.6489135856509922,100,5,100,100,5,0.04295843246823239,414.0,0.034400029107928276,0
815,100,5,64.84744352482042,0.6484744352482043,0.6484744352482043,100,5,100,100,6,0.0439150402787476,414.0,253.46770003670827,50600
816,100,5,64.80452848454162,0.6480452848454162,0.6480452848454162,100,5,100,100,5,0.04291504027875703,414.0,0.05329999839887023,0
817,100,5,64.76161344426284,0.6476161344426283,0.6476161344426283,100,5,100,100,5,0.04291504027874993,414.0,0.06230000872164965,0
818,100,5,64.71869840398405,0.6471869840398405,0.6471869840398405,100,5,100,100,5,0.042915040278771244,414.0,0.06130000110715628,0
819,100,5,64.67578336370524,0.6467578336370523,0.6467578336370523,100,5,100,100,5,0.04291504027875703,414.0,0.06120000034570694,0
820,100,5,64.63187633813382,0.6463187633813382,0.6463187633813382,100,5,100,100,6,0.043907025571357394,414.0,279.03540001716465,50600
821,100,5,64.5889693125624,0.6458896931256239,0.6458896931256239,100,5,100,100,5,0.04290702557136683,414.0,0.0651999725960195,0
822,100,5,64.54606228699099,0.6454606228699099,0.6454606228699099,100,5,100,100,5,0.042907025571359725,414.0,0.06809999467805028,0
823,100,5,64.50315526141956,0.6450315526141956,0.6450315526141956,100,5,100,100,5,0.04290702557136683,414.0,0.06260001100599766,0
824,100,5,64.46024823584814,0.6446024823584814,0.6446024823584814,100,5,100,100,5,0.042907025571359725,414.0,0.06330001633614302,0
825,100,5,64.41628583002553,0.6441628583002553,0.6441628583002553,100,5,100,100,6,0.043962405822576045,414.0,274.3332000100054,50600
826,100,5,64.37332342420292,0.6437332342420292,0.6437332342420292,100,5,100,100,5,0.042962405822564165,414.0,0.06439996650442481,0
827,100,5,64.3303610183803,0.643303610183803,0.643303610183803,100,5,100,100,5,0.042962405822578376,414.0,0.049099966417998075,0
828,100,5,64.28739861255768,0.6428739861255768,0.6428739861255768,100,5,100,100,5,0.042962405822564165,414.0,0.05689996760338545,0
829,100,5,64.24443620673507,0.6424443620673508,0.6424443620673508,100,5,100,100,5,0.042962405822578376,414.0,0.06180000491440296,0
830,100,5,64.20006632735385,0.6420006632735386,0.6420006632735386,100,5,100,100,6,0.04436987938114356,414.0,252.57449998753145,50600
831,100,5,64.15702587635435,0.6415702587635436,0.6415702587635436,100,5,100,100,5,0.04304045099945597,414.0,0.06630003917962313,0
832,100,5,64.11398542535484,0.6411398542535484,0.6411398542535484,100,5,100,100,5,0.043040450999434654,414.0,0.06180000491440296,0
833,100,5,64.07094497435534,0.6407094497435534,0.6407094497435534,100,5,100,100,5,0.04304045099944176,414.0,0.060399994254112244,0
834,100,5,64.02790452335583,0.6402790452335583,0.6402790452335583,100,5,100,100,5,0.04304045099942755,414.0,0.06059999577701092,0
835,100,5,63.98387214363988,0.6398387214363987,0.6398387214363987,100,5,100,100,6,0.044032379715915226,414.0,265.16010001068935,50600
836,100,5,63.940839763923925,0.6394083976392393,0.6394083976392393,100,5,100,100,5,0.04303237971591045,414.0,0.06009999196976423,0
837,100,5,63.89780738420796,0.6389780738420796,0.6389780738420796,100,5,100,100,5,0.04303237971591045,414.0,0.059100042562931776,0
838,100,5,63.854775004492,0.6385477500449199,0.6385477500449199,100,5,100,100,5,0.04303237971592466,414.0,0.06150000263005495,0
839,100,5,63.81174262477605,0.6381174262477605,0.6381174262477605,100,5,100,100,5,0.04303237971591045,414.0,0.06280001252889633,0
840,100,5,63.767886540883254,0.6376788654088326,0.6376788654088326,100,5,100,100,6,0.04385608389275575,414.0,257.9838000237942,50600
841,100,5,63.72503045699044,0.6372503045699044,0.6372503045699044,100,5,100,100,5,0.04285608389275808,414.0,0.06739998934790492,0
842,100,5,63.68217437309763,0.6368217437309763,0.6368217437309763,100,5,100,100,5,0.042856083892750974,414.0,0.06420002318918705,0
843,100,5,63.63931828920484,0.6363931828920484,0.6363931828920484,100,5,100,100,5,0.04285608389275808,414.0,0.06220000796020031,0
844,100,5,63.59646220531203,0.6359646220531203,0.6359646220531203,100,5,100,100,5,0.04285608389275808,414.0,0.06250001024454832,0
845,100,5,63.55250523198929,0.6355250523198929,0.6355250523198929,100,5,100,100,6,0.04395697332271453,414.0,261.0163999488577,50600
846,100,5,63.50954825866653,0.6350954825866653,0.6350954825866653,100,5,100,100,5,0.04295697332270976,414.0,0.06539997411891818,0
847,100,5,63.46659128534377,0.6346659128534377,0.6346659128534377,100,5,100,100,5,0.04295697332270976,414.0,0.06210000719875097,0
848,100,5,63.423634312021015,0.6342363431202102,0.6342363431202102,100,5,100,100,5,0.04295697332270265,414.0,0.06180000491440296,0
849,100,5,63.38067733869827,0.6338067733869827,0.6338067733869827,100,5,100,100,5,0.04295697332270976,414.0,0.030700000934302807,0
850,100,5,63.33670582264775,0.6333670582264775,0.6333670582264775,100,5,100,100,6,0.04397151605048322,414.0,271.89749997342005,50600
851,100,5,63.29373430659722,0.6329373430659723,0.6329373430659723,100,5,100,100,5,0.04297151605048555,414.0,0.03160000778734684,0
852,100,5,63.2507627905467,0.632507627905467,0.632507627905467,100,5,100,100,5,0.04297151605049976,414.0,0.06369996117427945,0
853,100,5,63.20779127449618,0.6320779127449618,0.6320779127449618,100,5,100,100,5,0.04297151605048555,414.0,0.05959998816251755,0
854,100,5,63.16481975844566,0.6316481975844566,0.6316481975844566,100,5,100,100,5,0.04297151605049265,414.0,0.062400009483098984,0
855,100,5,63.12092701420071,0.6312092701420071,0.6312092701420071,100,5,100,100,6,0.04389274424489997,414.0,263.53480003308505,50600
856,100,5,63.078034269955765,0.6307803426995576,0.6307803426995576,100,5,100,100,5,0.04289274424488099,414.0,0.03689998993650079,0
857,100,5,63.035141525710806,0.630351415257108,0.630351415257108,100,5,100,100,5,0.0428927442449023,414.0,0.03370002377778292,0
858,100,5,62.992248781465854,0.6299224878146585,0.6299224878146585,100,5,100,100,5,0.0428927442448952,414.0,0.032800016924738884,0
859,100,5,62.94935603722089,0.6294935603722088,0.6294935603722088,100,5,100,100,5,0.0428927442449023,414.0,0.05140004213899374,0
860,100,5,62.90543949904344,0.6290543949904344,0.6290543949904344,100,5,100,100,6,0.04391653817740604,414.0,263.71309999376535,50600
861,100,5,62.86252296086596,0.6286252296086596,0.6286252296086596,100,5,100,100,5,0.04291653817740837,414.0,0.06400002166628838,0
862,100,5,62.81960642268851,0.6281960642268851,0.6281960642268851,100,5,100,100,5,0.04291653817742258,414.0,0.061400001868605614,0
863,100,5,62.77668988451104,0.6277668988451104,0.6277668988451104,100,5,100,100,5,0.04291653817742258,414.0,0.060399994254112244,0
864,100,5,62.73377334633358,0.6273377334633358,0.6273377334633358,100,5,100,100,5,0.04291653817742258,414.0,0.06049999501556158,0
865,100,5,62.689781981520184,0.6268978198152019,0.6268978198152019,100,5,100,100,6,0.04399136481334409,414.0,263.1929999915883,50600
866,100,5,62.64679061670678,0.6264679061670678,0.6264679061670678,100,5,100,100,5,0.04299136481334642,414.0,0.06569997640326619,0
867,100,5,62.60379925189337,0.6260379925189337,0.6260379925189337,100,5,100,100,5,0.04299136481334642,414.0,0.063000014051795,0
868,100,5,62.560807887079974,0.6256080788707997,0.6256080788707997,100,5,100,100,5,0.04299136481334642,414.0,0.045599997974932194,0
869,100,5,62.51781652226657,0.6251781652226657,0.6251781652226657,100,5,100,100,5,0.04299136481334642,414.0,0.0543000060133636,0
870,100,5,62.47399681456641,0.6247399681456641,0.6247399681456641,100,5,100,100,6,0.043819707700123445,414.0,259.92420001421124,50600
871,100,5,62.43117710686627,0.6243117710686628,0.6243117710686628,100,5,100,100,5,0.04281970770011867,414.0,0.08279999019578099,0
872,100,5,62.388357399166125,0.6238835739916613,0.6238835739916613,100,5,100,100,5,0.04281970770010446,414.0,0.06420002318918705,0
873,100,5,62.34553769146596,0.6234553769146596,0.6234553769146596,100,5,100,100,5,0.042819707700111564,414.0,0.062199949752539396,0
874,100,5,62.30271798376581,0.6230271798376581,0.6230271798376581,100,5,100,100,5,0.042819707700111564,414.0,0.035699980799108744,0
875,100,5,62.25867885185518,0.6225867885185518,0.6225867885185518,100,5,100,100,6,0.04403913191061548,414.0,280.1525000249967,50600
876,100,5,62.215639719944534,0.6221563971994454,0.6221563971994454,100,5,100,100,5,0.0430391319106036,414.0,0.063000014051795,0
877,100,5,62.172600588033916,0.6217260058803391,0.6217260058803391,100,5,100,100,5,0.043039131910596495,414.0,0.06469996878877282,0
878,100,5,62.129561456123284,0.6212956145612328,0.6212956145612328,100,5,100,100,5,0.04303913191062492,414.0,0.060399994254112244,0
879,100,5,62.08652232421266,0.6208652232421266,0.6208652232421266,100,5,100,100,5,0.0430391319106036,414.0,0.06629998097196221,0
880,100,5,62.0426286766395,0.620426286766395,0.620426286766395,100,5,100,100,6,0.04389364757312819,414.0,282.27679996052757,50600
881,100,5,61.999735029066336,0.6199973502906634,0.6199973502906634,100,5,100,100,5,0.04289364757313052,414.0,0.08979998528957367,0
882,100,5,61.956841381493184,0.6195684138149319,0.6195684138149319,100,5,100,100,5,0.04289364757311631,414.0,0.062700011767447,0
883,100,5,61.91394773392003,0.6191394773392003,0.6191394773392003,100,5,100,100,5,0.04289364757313052,414.0,0.06579997716471553,0
884,100,5,61.871054086346874,0.6187105408634688,0.6187105408634688,100,5,100,100,5,0.04289364757313052,414.0,0.06399996345862746,0
885,100,5,61.82707353014189,0.6182707353014189,0.6182707353014189,100,5,100,100,6,0.043980556204964216,414.0,263.15519999479875,50600
886,100,5,61.784092973936886,0.6178409297393689,0.6178409297393689,100,5,100,100,5,0.04298055620496655,414.0,0.06400002166628838,0
887,100,5,61.741112417731905,0.617411124177319,0.617411124177319,100,5,100,100,5,0.04298055620494523,414.0,0.06340001709759235,0
888,100,5,61.69813186152692,0.6169813186152692,0.6169813186152692,100,5,100,100,5,0.04298055620495944,414.0,0.06299995584413409,0
889,100,5,61.65515130532194,0.6165515130532193,0.6165515130532193,100,5,100,100,5,0.04298055620495944,414.0,0.08460000390186906,0
890,100,5,61.61119142399164,0.6161119142399164,0.6161119142399164,100,5,100,100,6,0.04395988133027373,414.0,272.1836999990046,50600
891,100,5,61.56823154266136,0.6156823154266136,0.6156823154266136,100,5,100,100,5,0.042959881330254746,414.0,0.07179996464401484,0
892,100,5,61.52527166133106,0.6152527166133106,0.6152527166133106,100,5,100,100,5,0.04295988133027606,414.0,0.06470002699643373,0
893,100,5,61.48231178000077,0.6148231178000078,0.6148231178000078,100,5,100,100,5,0.042959881330254746,414.0,0.06250001024454832,0
894,100,5,61.43935189867047,0.6143935189867047,0.6143935189867047,100,5,100,100,5,0.042959881330268956,414.0,0.06469996878877282,0
895,100,5,61.395504530838295,0.613955045308383,0.613955045308383,100,5,100,100,6,0.04384736783215715,414.0,260.0776999606751,50600
896,100,5,61.3526571630061,0.613526571630061,0.613526571630061,100,5,100,100,5,0.04284736783216658,414.0,0.06410002242773771,0
897,100,5,61.3098097951739,0.613098097951739,0.613098097951739,100,5,100,100,5,0.04284736783215237,414.0,0.062700011767447,0
898,100,5,61.266962427341696,0.612669624273417,0.612669624273417,100,5,100,100,5,0.04284736783215948,414.0,0.08830003207549453,0
899,100,5,61.2241150595095,0.612241150595095,0.612241150595095,100,5,100,100,5,0.04284736783215948,414.0,0.0638000201433897,0
900,100,5,61.18026851349962,0.6118026851349962,0.6118026851349962,100,5,100,100,6,0.04384654600985982,414.0,256.58090005163103,50600
901,100,5,61.137421967489736,0.6113742196748974,0.6113742196748974,100,5,100,100,5,0.04284654600984794,414.0,0.098800053820014,0
902,100,5,61.094575421479846,0.6109457542147985,0.6109457542147985,100,5,100,100,5,0.04284654600984794,414.0,0.04469999112188816,0
903,100,5,61.05172887546996,0.6105172887546996,0.6105172887546996,100,5,100,100,5,0.042846546009840836,414.0,0.03520003519952297,0
904,100,5,61.00888232946008,0.6100888232946008,0.6100888232946008,100,5,100,100,5,0.04284654600985505,414.0,0.034800032153725624,0
905,100,5,60.96496992277761,0.6096496992277761,0.6096496992277761,100,5,100,100,6,0.04391240668241636,414.0,262.54849997349083,50600
906,100,5,60.92205751609516,0.6092205751609516,0.6092205751609516,100,5,100,100,5,0.0429124066824258,414.0,0.06150000263005495,0
907,100,5,60.8791451094127,0.608791451094127,0.608791451094127,100,5,100,100,5,0.04291240668241869,414.0,0.06569997640326619,0
908,100,5,60.836232702730236,0.6083623270273023,0.6083623270273023,100,5,100,100,5,0.0429124066824258,414.0,0.039700011257082224,0
909,100,5,60.79332029604777,0.6079332029604777,0.6079332029604777,100,5,100,100,5,0.042912406682411586,414.0,0.06749999010935426,0
910,100,5,60.749314740428616,0.6074931474042862,0.6074931474042862,100,5,100,100,6,0.044005555619115455,414.0,273.15470000030473,50600
911,100,5,60.70630918480947,0.6070630918480947,0.6070630918480947,100,5,100,100,5,0.04300555561909647,414.0,0.06809999467805028,0
912,100,5,60.66330362919031,0.6066330362919031,0.6066330362919031,100,5,100,100,5,0.04300555561909647,414.0,0.06350001785904169,0
913,100,5,60.62029807357116,0.6062029807357117,0.6062029807357117,100,5,100,100,5,0.04300555561911068,414.0,0.08259998867288232,0
914,100,5,60.57729251795203,0.6057729251795203,0.6057729251795203,100,5,100,100,5,0.04300555561909647,414.0,0.06210000719875097,0
915,100,5,60.53321642104801,0.6053321642104801,0.6053321642104801,100,5,100,100,6,0.04407609690397862,414.0,270.87579999351874,50600
916,100,5,60.490140324144,0.60490140324144,0.60490140324144,100,5,100,100,5,0.04307609690396674,414.0,0.03190001007169485,0
917,100,5,60.44706422724,0.6044706422724,0.6044706422724,100,5,100,100,5,0.04307609690398806,414.0,0.06290001329034567,0
918,100,5,60.40398813033598,0.6040398813033598,0.6040398813033598,100,5,100,100,5,0.04307609690397385,414.0,0.06529997335746884,0
919,100,5,60.360912033431966,0.6036091203343197,0.6036091203343197,100,5,100,100,5,0.04307609690397385,414.0,0.06410002242773771,0
920,100,5,60.31694201369218,0.6031694201369218,0.6031694201369218,100,5,100,100,6,0.043970019739767,414.0,276.42259997082874,50600
921,100,5,60.2739719939524,0.602739719939524,0.602739719939524,100,5,100,100,5,0.04297001973974801,414.0,0.0315000070258975,0
922,100,5,60.23100197421261,0.6023100197421261,0.6023100197421261,100,5,100,100,5,0.04297001973974801,414.0,0.060399994254112244,0
923,100,5,60.18803195447283,0.6018803195447283,0.6018803195447283,100,5,100,100,5,0.04297001973976222,414.0,0.05800003418698907,0
924,100,5,60.145061934733036,0.6014506193473304,0.6014506193473304,100,5,100,100,5,0.042970019739755116,414.0,0.06059999577701092,0
925,100,5,60.10113823295621,0.6010113823295621,0.6010113823295621,100,5,100,100,6,0.043923701776790836,414.0,267.4039000412449,50600
926,100,5,60.0582145311794,0.600582145311794,0.600582145311794,100,5,100,100,5,0.04292370177678606,414.0,0.03759999526664615,0
927,100,5,60.01529082940258,0.6001529082940258,0.6001529082940258,100,5,100,100,5,0.042923701776793166,414.0,0.06360001862049103,0
928,100,5,59.97236712762575,0.5997236712762575,0.5997236712762575,100,5,100,100,5,0.042923701776778955,414.0,0.05949998740106821,0
929,100,5,59.92944342584893,0.5992944342584893,0.5992944342584893,100,5,100,100,5,0.04292370177678606,414.0,0.03379996633157134,0
930,100,5,59.88544658032204,0.5988544658032204,0.5988544658032204,100,5,100,100,6,0.04399684552687688,414.0,268.1192000163719,50600
931,100,5,59.842449734795146,0.5984244973479514,0.5984244973479514,100,5,100,100,5,0.04299684552687211,414.0,0.03160000778734684,0
932,100,5,59.79945288926824,0.5979945288926823,0.5979945288926823,100,5,100,100,5,0.04299684552687921,414.0,0.05730002885684371,0
933,100,5,59.756456043741345,0.5975645604374135,0.5975645604374135,100,5,100,100,5,0.04299684552687211,414.0,0.03519997699186206,0
934,100,5,59.713459198214444,0.5971345919821445,0.5971345919821445,100,5,100,100,5,0.04299684552687211,414.0,0.06269995355978608,0
935,100,5,59.66946782714893,0.5966946782714893,0.5966946782714893,100,5,100,100,6,0.043991371065501994,414.0,266.91200002096593,50600
936,100,5,59.62647645608339,0.5962647645608339,0.5962647645608339,100,5,100,100,5,0.04299137106549722,414.0,0.06769999163225293,0
937,100,5,59.583485085017855,0.5958348508501785,0.5958348508501785,100,5,100,100,5,0.042991371065504325,414.0,0.06370001938194036,0
938,100,5,59.54049371395234,0.5954049371395234,0.5954049371395234,100,5,100,100,5,0.042991371065490114,414.0,0.061400001868605614,0
939,100,5,59.497502342886804,0.594975023428868,0.594975023428868,100,5,100,100,5,0.04299137106551143,414.0,0.06089999806135893,0
940,100,5,59.45366852070011,0.5945366852070011,0.5945366852070011,100,5,100,100,6,0.043833822186662985,414.0,270.7708000089042,50600
941,100,5,59.410834698513405,0.594108346985134,0.594108346985134,100,5,100,100,5,0.042833822186665316,414.0,0.05670002428814769,0
942,100,5,59.36800087632672,0.5936800087632672,0.5936800087632672,100,5,100,100,5,0.04283382218665821,414.0,0.06230000872164965,0
943,100,5,59.325167054140024,0.5932516705414003,0.5932516705414003,100,5,100,100,5,0.04283382218665821,414.0,0.060999998822808266,0
944,100,5,59.282333231953324,0.5928233323195332,0.5928233323195332,100,5,100,100,5,0.04283382218665821,414.0,0.05830003647133708,0
945,100,5,59.23834399196738,0.5923834399196738,0.5923834399196738,100,5,100,100,6,0.043989239985897655,414.0,263.15020001493394,50600
946,100,5,59.195354751981455,0.5919535475198145,0.5919535475198145,100,5,100,100,5,0.042989239985885774,414.0,0.06430002395063639,0
947,100,5,59.15236551199551,0.5915236551199551,0.5915236551199551,100,5,100,100,5,0.042989239985885774,414.0,0.05829997826367617,0
948,100,5,59.10937627200958,0.5910937627200957,0.5910937627200957,100,5,100,100,5,0.042989239985885774,414.0,0.058699981309473515,0
949,100,5,59.06638703202362,0.5906638703202362,0.5906638703202362,100,5,100,100,5,0.042989239985885774,414.0,0.06370001938194036,0
950,100,5,59.02250656707607,0.5902250656707607,0.5902250656707607,100,5,100,100,6,0.0438804649475415,414.0,273.5730999847874,50600
951,100,5,58.97962610212852,0.5897962610212852,0.5897962610212852,100,5,100,100,5,0.04288046494753672,414.0,0.06580003537237644,0
952,100,5,58.93674563718095,0.5893674563718094,0.5893674563718094,100,5,100,100,5,0.04288046494754383,414.0,0.061700004152953625,0
953,100,5,58.893865172233404,0.5889386517223341,0.5889386517223341,100,5,100,100,5,0.04288046494753672,414.0,0.062400009483098984,0
954,100,5,58.85098470728584,0.5885098470728584,0.5885098470728584,100,5,100,100,5,0.04288046494753672,414.0,0.06480002775788307,0
955,100,5,58.80708795225593,0.5880708795225593,0.5880708795225593,100,5,100,100,6,0.04389675502989121,414.0,263.875900011044,50600
956,100,5,58.764191197226,0.58764191197226,0.58764191197226,100,5,100,100,5,0.04289675502987933,414.0,0.06230000872164965,0
957,100,5,58.7212944421961,0.5872129444219609,0.5872129444219609,100,5,100,100,5,0.04289675502987933,414.0,0.05040003452450037,0
958,100,5,58.67839768716619,0.5867839768716618,0.5867839768716618,100,5,100,100,5,0.042896755029886435,414.0,0.033299962524324656,0
959,100,5,58.635500932136274,0.5863550093213628,0.5863550093213628,100,5,100,100,5,0.042896755029886435,414.0,0.06469996878877282,0
960,100,5,58.59152046431187,0.5859152046431187,0.5859152046431187,100,5,100,100,6,0.043980467824361824,414.0,270.9512999863364,50600
961,100,5,58.54853999648749,0.5854853999648749,0.5854853999648749,100,5,100,100,5,0.04298046782433573,414.0,0.06419996498152614,0
962,100,5,58.505559528663085,0.5850555952866309,0.5850555952866309,100,5,100,100,5,0.042980467824349944,414.0,0.0665000407025218,0
963,100,5,58.46257906083869,0.5846257906083869,0.5846257906083869,100,5,100,100,5,0.042980467824349944,414.0,0.052099989261478186,0
964,100,5,58.4195985930143,0.584195985930143,0.584195985930143,100,5,100,100,5,0.042980467824349944,414.0,0.05289999535307288,0
965,100,5,58.37570469772309,0.5837570469772309,0.5837570469772309,100,5,100,100,6,0.04389389529118404,414.0,267.28089997777715,50600
966,100,5,58.33281080243188,0.5833281080243188,0.5833281080243188,100,5,100,100,5,0.04289389529117216,414.0,0.05039997631683946,0
967,100,5,58.28991690714066,0.5828991690714066,0.5828991690714066,100,5,100,100,5,0.04289389529116505,414.0,0.05959998816251755,0
968,100,5,58.24702301184944,0.5824702301184944,0.5824702301184944,100,5,100,100,5,0.04289389529117926,414.0,0.05219999002292752,0
969,100,5,58.20412911655822,0.5820412911655822,0.5820412911655822,100,5,100,100,5,0.04289389529116505,414.0,0.03609998384490609,0
970,100,5,58.16005090544662,0.5816005090544661,0.5816005090544661,100,5,100,100,6,0.04407821111159649,414.0,275.8293999941088,50600
971,100,5,58.116972694335,0.58116972694335,0.58116972694335,100,5,100,100,5,0.0430782111115775,414.0,0.06459996802732348,0
972,100,5,58.07389448322337,0.5807389448322337,0.5807389448322337,100,5,100,100,5,0.043078211111605924,414.0,0.17740001203492284,0
973,100,5,58.03081627211175,0.5803081627211175,0.5803081627211175,100,5,100,100,5,0.04307821111159171,414.0,0.06280001252889633,0
974,100,5,57.98773806100013,0.5798773806100013,0.5798773806100013,100,5,100,100,5,0.04307821111158461,414.0,0.06130000110715628,0
975,100,5,57.94369390928614,0.5794369390928614,0.5794369390928614,100,5,100,100,6,0.044044151713954705,414.0,279.56940000876784,50600
976,100,5,57.900649757572154,0.5790064975757215,0.5790064975757215,100,5,100,100,5,0.043044151713957035,414.0,0.06600003689527512,0
977,100,5,57.857605605858176,0.5785760560585818,0.5785760560585818,100,5,100,100,5,0.04304415171394993,414.0,0.06390002090483904,0
978,100,5,57.81456145414419,0.5781456145414419,0.5781456145414419,100,5,100,100,5,0.043044151713957035,414.0,0.061700004152953625,0
979,100,5,57.77151730243019,0.5777151730243019,0.5777151730243019,100,5,100,100,5,0.043044151713942824,414.0,0.060999998822808266,0
980,100,5,57.72745123050943,0.5772745123050943,0.5772745123050943,100,5,100,100,6,0.04406607192074574,414.0,281.64549998473376,50600
981,100,5,57.684385158588654,0.5768438515858866,0.5768438515858866,100,5,100,100,5,0.043066071920726756,414.0,0.08800002979114652,0
982,100,5,57.641319086667885,0.5764131908666789,0.5764131908666789,100,5,100,100,5,0.04306607192073386,414.0,0.06469996878877282,0
983,100,5,57.5982530147471,0.575982530147471,0.575982530147471,100,5,100,100,5,0.04306607192071965,414.0,0.052600051276385784,0
984,100,5,57.55518694282633,0.5755518694282633,0.5755518694282633,100,5,100,100,5,0.04306607192073386,414.0,0.060999998822808266,0
985,100,5,57.51123218230365,0.5751123218230365,0.5751123218230365,100,5,100,100,6,0.04395476052264513,414.0,255.47430000733584,50600
986,100,5,57.46827742178097,0.5746827742178097,0.5746827742178097,100,5,100,100,5,0.042954760522640356,414.0,0.12339995009824634,0
987,100,5,57.42532266125829,0.5742532266125829,0.5742532266125829,100,5,100,100,5,0.04295476052263325,414.0,0.02929999027401209,0
988,100,5,57.38236790073561,0.5738236790073561,0.5738236790073561,100,5,100,100,5,0.042954760522626145,414.0,0.05759997293353081,0
989,100,5,57.33941314021294,0.5733941314021294,0.5733941314021294,100,5,100,100,5,0.042954760522640356,414.0,0.09009998757392168,0
990,100,5,57.29543258400795,0.5729543258400794,0.5729543258400794,100,5,100,100,6,0.04398055620497132,414.0,256.0399000067264,50600
991,100,5,57.25245202780296,0.5725245202780296,0.5725245202780296,100,5,100,100,5,0.042980556204952336,414.0,0.06580003537237644,0
992,100,5,57.209471471597965,0.5720947147159796,0.5720947147159796,100,5,100,100,5,0.04298055620496655,414.0,0.06580003537237644,0
993,100,5,57.16649091539298,0.5716649091539298,0.5716649091539298,100,5,100,100,5,0.04298055620495944,414.0,0.06400002166628838,0
994,100,5,57.12351035918798,0.5712351035918798,0.5712351035918798,100,5,100,100,5,0.04298055620495944,414.0,0.061400001868605614,0
995,100,5,57.07949197385993,0.5707949197385993,0.5707949197385993,100,5,100,100,6,0.044018385328044474,414.0,272.0564999617636,50600
996,100,5,57.03647358853188,0.5703647358853188,0.5703647358853188,100,5,100,100,5,0.0430183853280397,414.0,0.06480002775788307,0
997,100,5,56.9934552032038,0.569934552032038,0.569934552032038,100,5,100,100,5,0.04301838532803259,414.0,0.06399996345862746,0
998,100,5,56.95043681787575,0.5695043681787575,0.5695043681787575,100,5,100,100,5,0.04301838532803259,414.0,0.057800032664090395,0
999,100,5,56.9074184325477,0.569074184325477,0.569074184325477,100,5,100,100,5,0.043018385328046804,414.0,0.06430002395063639,0
1000,100,5,56.86343101245303,0.5686343101245303,0.5686343101245303,100,5,100,100,6,0.04398742009465195,414.0,264.8588999873027,50600
1001,100,5,56.82044359235836,0.5682044359235836,0.5682044359235836,100,5,100,100,5,0.04298742009464007,414.0,0.06400002166628838,0
1002,100,5,56.777456172263676,0.5677745617226367,0.5677745617226367,100,5,100,100,5,0.04298742009464718,414.0,0.039300008211284876,0
1003,100,5,56.73446875216901,0.5673446875216901,0.5673446875216901,100,5,100,100,5,0.04298742009464718,414.0,0.028300040867179632,0
1004,100,5,56.69148133207432,0.5669148133207432,0.5669148133207432,100,5,100,100,5,0.04298742009464007,414.0,0.025999965146183968,0
1005,100,5,56.647628035604555,0.5664762803560456,0.5664762803560456,100,5,100,100,6,0.043853296469727354,414.0,275.1297000213526,50600
1006,100,5,56.60477473913476,0.5660477473913477,0.5660477473913477,100,5,100,100,5,0.042853296469715474,414.0,0.08939998224377632,0
1007,100,5,56.56192144266498,0.5656192144266499,0.5656192144266499,100,5,100,100,5,0.04285329646973679,414.0,0.06319995736703277,0
1008,100,5,56.5190681461952,0.5651906814619521,0.5651906814619521,100,5,100,100,5,0.042853296469715474,414.0,0.06390002090483904,0
1009,100,5,56.476214849725416,0.5647621484972541,0.5647621484972541,100,5,100,100,5,0.042853296469715474,414.0,0.06290001329034567,0
1010,100,5,56.43235465483629,0.5643235465483629,0.5643235465483629,100,5,100,100,6,0.0438601948891133,414.0,279.83800001675263,50600
1011,100,5,56.38949445994712,0.5638949445994712,0.5638949445994712,100,5,100,100,5,0.04286019488912274,414.0,0.09119999594986439,0
1012,100,5,56.34663426505798,0.5634663426505798,0.5634663426505798,100,5,100,100,5,0.04286019488910142,414.0,0.02889998722821474,0
1013,100,5,56.303774070168835,0.5630377407016883,0.5630377407016883,100,5,100,100,5,0.04286019488910853,414.0,0.06379996193572879,0
1014,100,5,56.260913875279684,0.5626091387527968,0.5626091387527968,100,5,100,100,5,0.04286019488910853,414.0,0.06130000110715628,0
1015,100,5,56.216936196933524,0.5621693619693352,0.5621693619693352,100,5,100,100,6,0.043977678346152516,414.0,274.56699998583645,50600
1016,100,5,56.17395851858737,0.5617395851858737,0.5617395851858737,100,5,100,100,5,0.042977678346140635,414.0,0.06210000719875097,0
1017,100,5,56.13098084024121,0.5613098084024121,0.5613098084024121,100,5,100,100,5,0.042977678346140635,414.0,0.06070005474612117,0
1018,100,5,56.088003161895045,0.5608800316189505,0.5608800316189505,100,5,100,100,5,0.04297767834613353,414.0,0.05690002581104636,0
1019,100,5,56.04502548354889,0.5604502548354889,0.5604502548354889,100,5,100,100,5,0.042977678346140635,414.0,0.05809997674077749,0
1020,100,5,56.00097848284055,0.5600097848284055,0.5600097848284055,100,5,100,100,6,0.04404700070829648,414.0,267.67510001081973,50600
1021,100,5,55.957931482132196,0.559579314821322,0.559579314821322,100,5,100,100,5,0.043047000708305916,414.0,0.06429996574297547,0
1022,100,5,55.91488448142387,0.5591488448142387,0.5591488448142387,100,5,100,100,5,0.043047000708305916,414.0,0.05979998968541622,0
1023,100,5,55.87183748071551,0.5587183748071551,0.5587183748071551,100,5,100,100,5,0.04304700070829881,414.0,0.0724999699741602,0
1024,100,5,55.82879048000717,0.5582879048000717,0.5582879048000717,100,5,100,100,5,0.043047000708291705,414.0,0.03290001768618822,0
1025,100,5,55.784852523268974,0.5578485252326897,0.5578485252326897,100,5,100,100,6,0.04393795673816925,414.0,275.0715999864042,50600
1026,100,5,55.74191456653076,0.5574191456653076,0.5574191456653076,100,5,100,100,5,0.04293795673813605,414.0,0.0323000131174922,0
1027,100,5,55.69897660979257,0.5569897660979257,0.5569897660979257,100,5,100,100,5,0.04293795673816447,414.0,0.06680004298686981,0
1028,100,5,55.65603865305437,0.5565603865305436,0.5565603865305436,100,5,100,100,5,0.04293795673815026,414.0,0.06350001785904169,0
1029,100,5,55.613100696316145,0.5561310069631614,0.5561310069631614,100,5,100,100,5,0.04293795673815026,414.0,0.06029999349266291,0
1030,100,5,55.56920780164984,0.5556920780164983,0.5556920780164983,100,5,100,100,6,0.04389289466627844,414.0,259.0331000392325,50600
1031,100,5,55.526314906983515,0.5552631490698352,0.5552631490698352,100,5,100,100,5,0.04289289466628077,414.0,0.04850002005696297,0
1032,100,5,55.483422012317206,0.5548342201231721,0.5548342201231721,100,5,100,100,5,0.04289289466626656,414.0,0.029499991796910763,0
1033,100,5,55.44052911765088,0.5544052911765088,0.5544052911765088,100,5,100,100,5,0.04289289466628077,414.0,0.044899992644786835,0
1034,100,5,55.39763622298457,0.5539763622298457,0.5539763622298457,100,5,100,100,5,0.04289289466627366,414.0,0.03619998460635543,0
1035,100,5,55.35353925532634,0.5535353925532633,0.5535353925532633,100,5,100,100,6,0.044096967658227015,414.0,260.5082999798469,50600
1036,100,5,55.310442287668074,0.5531044228766807,0.5531044228766807,100,5,100,100,5,0.043096967658215135,414.0,0.0678999931551516,0
1037,100,5,55.267345320009824,0.5526734532000982,0.5526734532000982,100,5,100,100,5,0.04309696765820803,414.0,0.05879998207092285,0
1038,100,5,55.22424835235157,0.5522424835235157,0.5522424835235157,100,5,100,100,5,0.04309696765820803,414.0,0.06510003004223108,0
1039,100,5,55.181151384693315,0.5518115138469332,0.5518115138469332,100,5,100,100,5,0.043096967658215135,414.0,0.06310001481324434,0
1040,100,5,55.13727622858625,0.5513727622858625,0.5513727622858625,100,5,100,100,6,0.043875156107041846,414.0,274.1750000277534,50600
1041,100,5,55.09440107247918,0.5509440107247918,0.5509440107247918,100,5,100,100,5,0.042875156107029966,414.0,0.037999998312443495,0
1042,100,5,55.05152591637211,0.550515259163721,0.550515259163721,100,5,100,100,5,0.042875156107029966,414.0,0.06469996878877282,0
1043,100,5,55.00865076026503,0.5500865076026503,0.5500865076026503,100,5,100,100,5,0.042875156107029966,414.0,0.06399996345862746,0
1044,100,5,54.965775604157955,0.5496577560415795,0.5496577560415795,100,5,100,100,5,0.04287515610703707,414.0,0.06160000339150429,0
1045,100,5,54.921712710155674,0.5492171271015568,0.5492171271015568,100,5,100,100,6,0.04406289400223784,414.0,273.20769999641925,50600
1046,100,5,54.878649816153406,0.548786498161534,0.548786498161534,100,5,100,100,5,0.04306289400225438,414.0,0.060999998822808266,0
1047,100,5,54.83558692215112,0.5483558692215112,0.5483558692215112,100,5,100,100,5,0.04306289400224017,414.0,0.06180000491440296,0
1048,100,5,54.79252402814883,0.5479252402814884,0.5479252402814884,100,5,100,100,5,0.04306289400225438,414.0,0.059399986639618874,0
1049,100,5,54.74946113414655,0.5474946113414655,0.5474946113414655,100,5,100,100,5,0.043062894002233065,414.0,0.058399979025125504,0
1050,100,5,54.7055253375335,0.547055253375335,0.547055253375335,100,5,100,100,6,0.04393579661302027,414.0,282.5993999722414,50600
1051,100,5,54.662589540920465,0.5466258954092047,0.5466258954092047,100,5,100,100,5,0.04293579661300129,414.0,0.09700004011392593,0
1052,100,5,54.61965374430742,0.5461965374430742,0.5461965374430742,100,5,100,100,5,0.0429357966130226,414.0,0.06420002318918705,0
1053,100,5,54.57671794769437,0.5457671794769436,0.5457671794769436,100,5,100,100,5,0.04293579661300129,414.0,0.06310001481324434,0
1054,100,5,54.533782151081326,0.5453378215108132,0.5453378215108132,100,5,100,100,5,0.0429357966130226,414.0,0.06619998021051288,0
1055,100,5,54.48987810406747,0.5448987810406747,0.5448987810406747,100,5,100,100,6,0.0439040470137968,414.0,253.2954000052996,50600
1056,100,5,54.44697405705364,0.5444697405705363,0.5444697405705363,100,5,100,100,5,0.04290404701379913,414.0,0.03709999145939946,0
1057,100,5,54.40407001003978,0.5440407001003978,0.5440407001003978,100,5,100,100,5,0.042904047013792024,414.0,0.05029997555539012,0
1058,100,5,54.36116596302593,0.5436116596302594,0.5436116596302594,100,5,100,100,5,0.04290404701379913,414.0,0.029799994081258774,0
1059,100,5,54.3182619160121,0.543182619160121,0.543182619160121,100,5,100,100,5,0.04290404701379913,414.0,0.06079999729990959,0
1060,100,5,54.2743659162762,0.542743659162762,0.542743659162762,100,5,100,100,6,0.04389599973585234,414.0,266.2024000310339,50600
1061,100,5,54.231469916540334,0.5423146991654033,0.5423146991654033,100,5,100,100,5,0.04289599973584046,414.0,0.062000006437301636,0
1062,100,5,54.188573916804444,0.5418857391680444,0.5418857391680444,100,5,100,100,5,0.04289599973585467,414.0,0.05859998054802418,0
1063,100,5,54.145677917068554,0.5414567791706856,0.5414567791706856,100,5,100,100,5,0.04289599973584757,414.0,0.06210000719875097,0
1064,100,5,54.10278191733268,0.5410278191733268,0.5410278191733268,100,5,100,100,5,0.04289599973584757,414.0,0.05859998054802418,0
1065,100,5,54.05886211603826,0.5405886211603826,0.5405886211603826,100,5,100,100,6,0.04391980129440043,414.0,273.0983000365086,50600
1066,100,5,54.01594231474387,0.5401594231474387,0.5401594231474387,100,5,100,100,5,0.042919801294395654,414.0,0.06619998021051288,0
1067,100,5,53.973022513449436,0.5397302251344943,0.5397302251344943,100,5,100,100,5,0.04291980129438144,414.0,0.0619000056758523,0
1068,100,5,53.93010271215503,0.5393010271215504,0.5393010271215504,100,5,100,100,5,0.042919801294395654,414.0,0.061700004152953625,0
1069,100,5,53.88718291086063,0.5388718291086063,0.5388718291086063,100,5,100,100,5,0.042919801294395654,414.0,0.05539995618164539,0
1070,100,5,53.84334796809292,0.5384334796809293,0.5384334796809293,100,5,100,100,6,0.043834942767681184,414.0,278.7220000172965,50600
1071,100,5,53.800513025325216,0.5380051302532521,0.5380051302532521,100,5,100,100,5,0.04283494276765509,414.0,0.030099996365606785,0
1072,100,5,53.75767808255751,0.5375767808255751,0.5375767808255751,100,5,100,100,5,0.0428349427676622,414.0,0.029999995604157448,0
1073,100,5,53.7148431397898,0.537148431397898,0.537148431397898,100,5,100,100,5,0.04283494276767641,414.0,0.0323000131174922,0
1074,100,5,53.67200819702211,0.5367200819702211,0.5367200819702211,100,5,100,100,5,0.04283494276765509,414.0,0.05540001438930631,0
1075,100,5,53.62798416301256,0.5362798416301257,0.5362798416301257,100,5,100,100,6,0.04402403400951016,414.0,272.24820002447814,50600
1076,100,5,53.584960129003036,0.5358496012900303,0.5358496012900303,100,5,100,100,5,0.043024034009491174,414.0,0.03649998689070344,0
1077,100,5,53.54193609499351,0.5354193609499351,0.5354193609499351,100,5,100,100,5,0.04302403400949828,414.0,0.035299977753311396,0
1078,100,5,53.498912060983976,0.5349891206098397,0.5349891206098397,100,5,100,100,5,0.04302403400948407,414.0,0.03170000854879618,0
1079,100,5,53.45588802697445,0.5345588802697445,0.5345588802697445,100,5,100,100,5,0.04302403400949828,414.0,0.06499997107312083,0
1080,100,5,53.41189056691098,0.5341189056691098,0.5341189056691098,100,5,100,100,6,0.043997460063444294,414.0,275.6125000305474,50600
1081,100,5,53.368893106847494,0.5336889310684749,0.5336889310684749,100,5,100,100,5,0.04299746006343952,414.0,0.06089999806135893,0
1082,100,5,53.32589564678403,0.5332589564678404,0.5332589564678404,100,5,100,100,5,0.04299746006343952,414.0,0.060399994254112244,0
1083,100,5,53.28289818672054,0.5328289818672054,0.5328289818672054,100,5,100,100,5,0.04299746006343952,414.0,0.05660002352669835,0
1084,100,5,53.23990072665707,0.5323990072665707,0.5323990072665707,100,5,100,100,5,0.04299746006343952,414.0,0.05640002200379968,0
1085,100,5,53.19595497482676,0.5319595497482676,0.5319595497482676,100,5,100,100,6,0.04394575183026461,414.0,272.7549000410363,50600
1086,100,5,53.153009222996445,0.5315300922299645,0.5315300922299645,100,5,100,100,5,0.04294575183025273,414.0,0.06280001252889633,0
1087,100,5,53.11006347116614,0.5311006347116615,0.5311006347116615,100,5,100,100,5,0.04294575183026694,414.0,0.0950000248849392,0
1088,100,5,53.06711771933584,0.5306711771933584,0.5306711771933584,100,5,100,100,5,0.04294575183025984,414.0,0.06340001709759235,0
1089,100,5,53.02417196750553,0.5302417196750553,0.5302417196750553,100,5,100,100,5,0.04294575183026694,414.0,0.061700004152953625,0
1090,100,5,52.98029327214867,0.5298029327214867,0.5298029327214867,100,5,100,100,6,0.04387869535682398,414.0,272.1771000069566,50600
1091,100,5,52.9374145767918,0.529374145767918,0.529374145767918,100,5,100,100,5,0.04287869535684763,414.0,0.06420002318918705,0
1092,100,5,52.89453588143495,0.5289453588143495,0.5289453588143495,100,5,100,100,5,0.04287869535681921,414.0,0.06280001252889633,0
1093,100,5,52.85165718607808,0.5285165718607808,0.5285165718607808,100,5,100,100,5,0.042878695356854735,414.0,0.06089999806135893,0
1094,100,5,52.80877849072121,0.5280877849072121,0.5280877849072121,100,5,100,100,5,0.04287869535681921,414.0,0.052499992307275534,0
1095,100,5,52.76492509276466,0.5276492509276466,0.5276492509276466,100,5,100,100,6,0.04385339795651788,414.0,269.3712000036612,50600
1096,100,5,52.722071694808136,0.5272207169480814,0.5272207169480814,100,5,100,100,5,0.042853397956506,414.0,0.06579997716471553,0
1097,100,5,52.67921829685159,0.5267921829685158,0.5267921829685158,100,5,100,100,5,0.042853397956513106,414.0,0.0654000323265791,0
1098,100,5,52.63636489889505,0.5263636489889505,0.5263636489889505,100,5,100,100,5,0.042853397956513106,414.0,0.06230000872164965,0
1099,100,5,52.593511500938504,0.5259351150093851,0.5259351150093851,100,5,100,100,5,0.042853397956513106,414.0,0.06280001252889633,0
1100,100,5,52.549436556425405,0.5254943655642541,0.5254943655642541,100,5,100,100,6,0.0440749445130848,414.0,271.7013999936171,50600
1101,100,5,52.5063616119123,0.525063616119123,0.525063616119123,100,5,100,100,5,0.04307494451308003,414.0,0.061700004152953625,0
1102,100,5,52.46328666739919,0.5246328666739919,0.5246328666739919,100,5,100,100,5,0.04307494451307292,414.0,0.06040005246177316,0
1103,100,5,52.42021172288607,0.5242021172288607,0.5242021172288607,100,5,100,100,5,0.04307494451307292,414.0,0.06160000339150429,0
1104,100,5,52.37713677837297,0.5237713677837297,0.5237713677837297,100,5,100,100,5,0.04307494451307292,414.0,0.06299995584413409,0
1105,100,5,52.333125592313884,0.5233312559231389,0.5233312559231389,100,5,100,100,6,0.044011186059066176,414.0,265.5860999948345,50600
1106,100,5,52.29011440625482,0.5229011440625482,0.5229011440625482,100,5,100,100,5,0.043011186059040085,414.0,0.03840000135824084,0
1107,100,5,52.24710322019574,0.5224710322019575,0.5224710322019575,100,5,100,100,5,0.04301118605904719,414.0,0.03370002377778292,0
1108,100,5,52.20409203413665,0.5220409203413665,0.5220409203413665,100,5,100,100,5,0.04301118605904719,414.0,0.05259999306872487,0
1109,100,5,52.161080848077575,0.5216108084807758,0.5216108084807758,100,5,100,100,5,0.04301118605904719,414.0,0.06260001100599766,0
1110,100,5,52.117224368820054,0.5211722436882006,0.5211722436882006,100,5,100,100,6,0.04385647925749936,414.0,274.10239999881014,50600
1111,100,5,52.074367889562524,0.5207436788956252,0.5207436788956252,100,5,100,100,5,0.042856479257494584,414.0,0.0675999908708036,0
1112,100,5,52.031511410304994,0.52031511410305,0.52031511410305,100,5,100,100,5,0.04285647925748037,414.0,0.0315000070258975,0
1113,100,5,51.98865493104746,0.5198865493104746,0.5198865493104746,100,5,100,100,5,0.04285647925748037,414.0,0.057500030379742384,0
1114,100,5,51.94579845178993,0.5194579845178994,0.5194579845178994,100,5,100,100,5,0.04285647925748748,414.0,0.062400009483098984,0
1115,100,5,51.901690979472605,0.519016909794726,0.519016909794726,100,5,100,100,6,0.044107472317307383,414.0,271.91599999787286,50600
1116,100,5,51.858583507155274,0.5185858350715528,0.5185858350715528,100,5,100,100,5,0.043107472317309714,414.0,0.06450002547353506,0
1117,100,5,51.81547603483795,0.5181547603483795,0.5181547603483795,100,5,100,100,5,0.0431074723172884,414.0,0.06549997488036752,0
1118,100,5,51.772368562520626,0.5177236856252062,0.5177236856252062,100,5,100,100,5,0.04310747231731682,414.0,0.04970002919435501,0
1119,100,5,51.729261090203295,0.5172926109020329,0.5172926109020329,100,5,100,100,5,0.0431074723172884,414.0,0.06169994594529271,0
1120,100,5,51.685328834599964,0.5168532883459996,0.5168532883459996,100,5,100,100,6,0.043932255603309045,414.0,273.31499999854714,50600
1121,100,5,51.64239657899663,0.5164239657899663,0.5164239657899663,100,5,100,100,5,0.042932255603297165,414.0,0.05540001438930631,0
1122,100,5,51.599464323393306,0.5159946432339331,0.5159946432339331,100,5,100,100,5,0.04293225560330427,414.0,0.060999998822808266,0
1123,100,5,51.55653206778998,0.5155653206778998,0.5155653206778998,100,5,100,100,5,0.042932255603282954,414.0,0.05720002809539437,0
1124,100,5,51.513599812186655,0.5151359981218665,0.5151359981218665,100,5,100,100,5,0.042932255603311376,414.0,0.05339999916031957,0
1125,100,5,51.46964882988596,0.5146964882988596,0.5146964882988596,100,5,100,100,6,0.0439509823006361,414.0,272.3812999902293,50600
1126,100,5,51.42669784758528,0.5142669784758528,0.5142669784758528,100,5,100,100,5,0.04295098230066685,414.0,0.06530003156512976,0
1127,100,5,51.3837468652846,0.513837468652846,0.513837468652846,100,5,100,100,5,0.042950982300631324,414.0,0.030199997127056122,0
1128,100,5,51.340795882983926,0.5134079588298393,0.5134079588298393,100,5,100,100,5,0.042950982300659746,414.0,0.06160000339150429,0
1129,100,5,51.297844900683245,0.5129784490068324,0.5129784490068324,100,5,100,100,5,0.04295098230063843,414.0,0.06120000034570694,0
1130,100,5,51.253996338252186,0.5125399633825218,0.5125399633825218,100,5,100,100,6,0.04384856243104451,414.0,275.5386999924667,50600
1131,100,5,51.21114777582111,0.5121114777582111,0.5121114777582111,100,5,100,100,5,0.04284856243103263,414.0,0.06150000263005495,0
1132,100,5,51.16829921339004,0.5116829921339004,0.5116829921339004,100,5,100,100,5,0.04284856243103974,414.0,0.06420002318918705,0
1133,100,5,51.12545065095898,0.5112545065095898,0.5112545065095898,100,5,100,100,5,0.04284856243102553,414.0,0.05039997631683946,0
1134,100,5,51.08260208852792,0.5108260208852792,0.5108260208852792,100,5,100,100,5,0.04284856243103263,414.0,0.05959998816251755,0
1135,100,5,51.03866589674991,0.5103866589674991,0.5103866589674991,100,5,100,100,6,0.043936191777959266,414.0,272.82229997217655,50600
1136,100,5,50.99572970497189,0.5099572970497189,0.5099572970497189,100,5,100,100,5,0.04293619177795449,414.0,0.036100042052567005,0
1137,100,5,50.95279351319388,0.5095279351319388,0.5095279351319388,100,5,100,100,5,0.04293619177795449,414.0,0.033100019209086895,0
1138,100,5,50.90985732141586,0.5090985732141586,0.5090985732141586,100,5,100,100,5,0.042936191777961596,414.0,0.06739998934790492,0
1139,100,5,50.86692112963786,0.5086692112963785,0.5086692112963785,100,5,100,100,5,0.04293619177795449,414.0,0.06330001633614302,0
1140,100,5,50.82297517992107,0.5082297517992107,0.5082297517992107,100,5,100,100,6,0.04394594971677179,414.0,274.7556999674998,50600
1141,100,5,50.78002923020428,0.5078002923020428,0.5078002923020428,100,5,100,100,5,0.04294594971675991,414.0,0.06559997564181685,0
1142,100,5,50.73708328048749,0.5073708328048749,0.5073708328048749,100,5,100,100,5,0.04294594971676702,414.0,0.06569997640326619,0
1143,100,5,50.694137330770694,0.5069413733077069,0.5069413733077069,100,5,100,100,5,0.04294594971676702,414.0,0.06689998554065824,0
1144,100,5,50.651191381053906,0.5065119138105391,0.5065119138105391,100,5,100,100,5,0.04294594971675991,414.0,0.06480002775788307,0
1145,100,5,50.60726359712687,0.5060726359712686,0.5060726359712686,100,5,100,100,6,0.04392778392700336,414.0,265.945199993439,50600
1146,100,5,50.56433581319984,0.5056433581319983,0.5056433581319983,100,5,100,100,5,0.042927783926998586,414.0,0.06530003156512976,0
1147,100,5,50.521408029272806,0.5052140802927281,0.5052140802927281,100,5,100,100,5,0.042927783926998586,414.0,0.05949998740106821,0
1148,100,5,50.47848024534577,0.5047848024534577,0.5047848024534577,100,5,100,100,5,0.042927783926998586,414.0,0.05929998587816954,0
1149,100,5,50.43555246141874,0.5043555246141874,0.5043555246141874,100,5,100,100,5,0.04292778392700569,414.0,0.05809997674077749,0
1150,100,5,50.391579594361616,0.5039157959436161,0.5039157959436161,100,5,100,100,6,0.04397286705710002,414.0,268.2848999975249,50600
1151,100,5,50.34860672730448,0.5034860672730448,0.5034860672730448,100,5,100,100,5,0.04297286705709524,414.0,0.032100011594593525,0
1152,100,5,50.30563386024735,0.5030563386024735,0.5030563386024735,100,5,100,100,5,0.04297286705710235,414.0,0.03400002606213093,0
1153,100,5,50.26266099319021,0.5026266099319021,0.5026266099319021,100,5,100,100,5,0.04297286705708814,414.0,0.062700011767447,0
1154,100,5,50.219688126133086,0.5021968812613309,0.5021968812613309,100,5,100,100,5,0.04297286705708814,414.0,0.05900004180148244,0
1155,100,5,50.17575709562382,0.5017575709562382,0.5017575709562382,100,5,100,100,6,0.04393103050923486,414.0,268.9090999774635,50600
1156,100,5,50.13282606511457,0.5013282606511457,0.5013282606511457,100,5,100,100,5,0.04293103050922298,414.0,0.06370001938194036,0
1157,100,5,50.08989503460531,0.5008989503460531,0.5008989503460531,100,5,100,100,5,0.04293103050921587,414.0,0.06469996878877282,0
1158,100,5,50.046964004096054,0.5004696400409605,0.5004696400409605,100,5,100,100,5,0.04293103050920877,414.0,0.06339995888993144,0
1159,100,5,50.00403297358679,0.5000403297358679,0.5000403297358679,100,5,100,100,5,0.04293103050922298,414.0,0.05269999383017421,0
1160,99,5,49.96047521144492,0.4996047521144492,0.50465126476207,99,5,99,99,6,0.04355776214183038,410.0,275.4585000220686,50600
1161,99,5,49.91791582664629,0.4991791582664629,0.5042213719863261,99,5,99,99,5,0.042559384798586564,410.0,0.06539997411891818,0
1162,99,5,49.87535644184765,0.4987535644184765,0.5037914792105824,99,5,99,99,5,0.04255938479857946,410.0,0.06370001938194036,0
1163,99,5,49.83279705704901,0.49832797057049005,0.5033615864348384,99,5,99,99,5,0.04255938479859367,410.0,0.062400009483098984,0
1164,99,5,49.79023767225036,0.49790237672250365,0.5029316936590946,99,5,99,99,5,0.04255938479859367,410.0,0.06089999806135893,0
1165,99,5,49.746771077008596,0.49746771077008595,0.502492637141501,99,5,99,99,6,0.04346659524176033,410.0,266.12400001613423,50094
1166,99,5,49.70429448176681,0.4970429448176681,0.5020635806239072,99,5,99,99,5,0.04247659524177294,410.0,0.060999998822808266,0
1167,99,5,49.661817886525036,0.49661817886525034,0.5016345241063135,99,5,99,99,5,0.042476595241751625,410.0,0.060999998822808266,0
1168,99,5,49.61934129128326,0.49619341291283264,0.5012054675887199,99,5,99,99,5,0.04247659524175873,410.0,0.0521000474691391,0
1169,99,5,49.57686469604147,0.49576864696041467,0.5007764110711259,99,5,99,99,5,0.042476595241751625,410.0,0.061400001868605614,0
1170,99,5,49.533320582331726,0.49533320582331725,0.5003365715387043,99,5,99,99,6,0.043544113709735655,410.0,273.8231000257656,50094
1171,99,5,49.49076646862197,0.4949076646862197,0.49990673200628255,99,5,99,99,5,0.04255411370971984,410.0,0.06689998554065824,0
1172,99,5,49.44821235491221,0.4944821235491221,0.4994768924738607,99,5,99,99,5,0.04255411370971984,410.0,0.06400002166628838,0
1173,99,5,49.40565824120245,0.49405658241202455,0.49904705294143886,99,5,99,99,5,0.04255411370970563,410.0,0.04680000711232424,0
1174,99,5,49.363104127492704,0.493631041274927,0.4986172134090172,99,5,99,99,5,0.04255411370972695,410.0,0.028900045435875654,0
1175,99,5,49.31955919654588,0.4931955919654588,0.4981773656216755,99,5,99,99,6,0.04354493094680123,410.0,261.2838000059128,50094
1176,99,5,49.277004265599054,0.49277004265599056,0.49774751783433385,99,5,99,99,5,0.04255493094678542,410.0,0.06449996726587415,0
1177,99,5,49.23444933465223,0.4923444933465223,0.49731767004699223,99,5,99,99,5,0.042554930946792524,410.0,0.048399961087852716,0
1178,99,5,49.19189440370541,0.4919189440370541,0.4968878222596506,99,5,99,99,5,0.042554930946792524,410.0,0.06259995279833674,0
1179,99,5,49.14933947275859,0.4914933947275859,0.496457974472309,99,5,99,99,5,0.04255493094678542,410.0,0.0619000056758523,0
1180,99,5,49.10576589831549,0.4910576589831549,0.4960178373567223,99,5,99,99,6,0.04357357444309429,410.0,264.5378000452183,50094
1181,99,5,49.0631823238724,0.49063182323872395,0.49558770024113524,99,5,99,99,5,0.042583574443078476,410.0,0.05989999044686556,0
1182,99,5,49.02059874942928,0.49020598749429284,0.4951575631255484,99,5,99,99,5,0.042583574443078476,410.0,0.05639996379613876,0
1183,99,5,48.97801517498619,0.4897801517498619,0.49472742600996145,99,5,99,99,5,0.04258357444308558,410.0,0.0570000265724957,0
1184,99,5,48.93543160054309,0.4893543160054309,0.4942972888943746,99,5,99,99,5,0.04258357444308558,410.0,0.05709996912628412,0
1185,99,5,48.89202894173454,0.4889202894173454,0.49385887819933877,99,5,99,99,6,0.04340265880853167,410.0,270.3128000139259,50094
1186,99,5,48.84961628292597,0.48849616282925973,0.4934304675043028,99,5,99,99,5,0.04241265880851586,410.0,0.06819999543949962,0
1187,99,5,48.80720362411742,0.4880720362411742,0.4930020568092669,99,5,99,99,5,0.04241265880853007,410.0,0.06310001481324434,0
1188,99,5,48.76479096530887,0.4876479096530887,0.492573646114231,99,5,99,99,5,0.04241265880852296,410.0,0.062000006437301636,0
1189,99,5,48.72237830650031,0.4872237830650031,0.4921452354191951,99,5,99,99,5,0.04241265880852296,410.0,0.06180000491440296,0
1190,99,5,48.678840670067856,0.4867884067006786,0.49170546131381665,99,5,99,99,6,0.0435376364324398,410.0,258.4412999567576,50094
1191,99,5,48.636293033635376,0.48636293033635375,0.4912756872084381,99,5,99,99,5,0.042547636432438196,410.0,0.0667999847792089,0
1192,99,5,48.59374539720291,0.4859374539720291,0.49084591310305964,99,5,99,99,5,0.042547636432438196,410.0,0.06290001329034567,0
1193,99,5,48.55119776077044,0.4855119776077044,0.4904161389976812,99,5,99,99,5,0.042547636432438196,410.0,0.06230000872164965,0
1194,99,5,48.50865012433798,0.4850865012433798,0.4899863648923028,99,5,99,99,5,0.042547636432438196,410.0,0.06180000491440296,0
1195,99,5,48.46525628109985,0.4846525628109985,0.4895480432434327,99,5,99,99,6,0.04339384323810691,410.0,256.43639999907464,50094
1196,99,5,48.42285243786171,0.4842285243786171,0.48911972159456274,99,5,99,99,5,0.04240384323810531,410.0,0.037999998312443495,0
1197,99,5,48.38044859462358,0.4838044859462358,0.4886913999456928,99,5,99,99,5,0.04240384323810531,410.0,0.051099981646984816,0
1198,99,5,48.33804475138545,0.48338044751385456,0.48826307829682275,99,5,99,99,5,0.04240384323810531,410.0,0.03250001464039087,0
1199,99,5,48.29564090814733,0.48295640908147325,0.4878347566479528,99,5,99,99,5,0.042403843238098204,410.0,0.029099988751113415,0
1200,99,5,48.25225855360082,0.4825225855360082,0.4873965510464729,99,5,99,99,6,0.04338235454647332,410.0,253.72179999249056,50094
1201,99,5,48.20986619905432,0.4820986619905432,0.4869683454449931,99,5,99,99,5,0.04239235454646462,410.0,0.06900000153109431,0
1202,99,5,48.16747384450782,0.4816747384450782,0.4865401398435133,99,5,99,99,5,0.04239235454646462,410.0,0.0659999786876142,0
1203,99,5,48.12508148996131,0.4812508148996131,0.48611193424203336,99,5,99,99,5,0.04239235454646462,410.0,0.06310001481324434,0
1204,99,5,48.0826891354148,0.480826891354148,0.48568372864055365,99,5,99,99,5,0.04239235454646462,410.0,0.06399996345862746,0
1205,99,5,48.03908783152546,0.48039087831525457,0.48524331142955,99,5,99,99,6,0.04360130388932504,410.0,269.45530000375584,50094
1206,99,5,47.99647652763609,0.4799647652763609,0.4848128942185464,99,5,99,99,5,0.04261130388933054,410.0,0.06849999772384763,0
1207,99,5,47.953865223746725,0.4795386522374672,0.4843824770075427,99,5,99,99,5,0.04261130388932344,410.0,0.04999997327104211,0
1208,99,5,47.91125391985737,0.4791125391985737,0.4839520597965392,99,5,99,99,5,0.04261130388933765,410.0,0.062700011767447,0
1209,99,5,47.86864261596802,0.4786864261596802,0.4835216425855355,99,5,99,99,5,0.04261130388931633,410.0,0.06290001329034567,0
1210,99,5,47.825116845184795,0.47825116845184795,0.4830819883352,99,5,99,99,6,0.043525770783190865,410.0,278.0349999666214,50094
1211,99,5,47.78258107440157,0.4778258107440157,0.4826523340848644,99,5,99,99,5,0.042535770783189264,410.0,0.06569997640326619,0
1212,99,5,47.74004530361835,0.4774004530361835,0.4822226798345288,99,5,99,99,5,0.04253577078318216,410.0,0.062700011767447,0
1213,99,5,47.69750953283513,0.47697509532835125,0.4817930255841933,99,5,99,99,5,0.04253577078318216,410.0,0.06210000719875097,0
1214,99,5,47.654973762051924,0.4765497376205192,0.48136337133385776,99,5,99,99,5,0.042535770783189264,410.0,0.06100005703046918,0
1215,99,5,47.61130965808463,0.4761130965808463,0.4809223197786326,99,5,99,99,6,0.043664103967273604,410.0,267.50760001596063,50094
1216,99,5,47.56863555411734,0.47568635554117344,0.4804912682234075,99,5,99,99,5,0.04267410396727911,410.0,0.0523999915458262,0
1217,99,5,47.52596145015007,0.4752596145015007,0.48006021666818244,99,5,99,99,5,0.04267410396727911,410.0,0.054500007536262274,0
1218,99,5,47.48328734618278,0.4748328734618278,0.47962916511295733,99,5,99,99,5,0.04267410396727911,410.0,0.06389996269717813,0
1219,99,5,47.44061324221549,0.4744061324221549,0.4791981135577323,99,5,99,99,5,0.042674103967272004,410.0,0.052099989261478186,0
1220,99,5,47.39704921561994,0.47397049215619935,0.47875807288504973,99,5,99,99,6,0.04356402659553993,410.0,270.45389998238534,50094
1221,99,5,47.35447518902438,0.47354475189024375,0.47832803221236747,99,5,99,99,5,0.04257402659553122,410.0,0.07170002209022641,0
1222,99,5,47.31190116242882,0.47311901162428815,0.47789799153968504,99,5,99,99,5,0.04257402659553833,410.0,0.07949996506795287,0
1223,99,5,47.269327135833265,0.47269327135833267,0.47746795086700267,99,5,99,99,5,0.04257402659553122,410.0,0.06469996878877282,0
1224,99,5,47.226753109237706,0.47226753109237707,0.47703791019432024,99,5,99,99,5,0.04257402659554543,410.0,0.059399986639618874,0
1225,99,5,47.18314793123098,0.4718314793123098,0.47659745385081786,99,5,99,99,6,0.043605178006686174,410.0,264.10289999330416,50094
1226,99,5,47.14053275322424,0.4714053275322424,0.47616699750731567,99,5,99,99,5,0.04261517800667036,410.0,0.05920004332438111,0
1227,99,5,47.09791757521751,0.47097917575217507,0.4757365411638132,99,5,99,99,5,0.04261517800668457,410.0,0.060699996538460255,0
1228,99,5,47.05530239721078,0.4705530239721078,0.4753060848203109,99,5,99,99,5,0.04261517800668457,410.0,0.057999975979328156,0
1229,99,5,47.012687219204025,0.47012687219204025,0.4748756284768083,99,5,99,99,5,0.04261517800667747,410.0,0.057500030379742384,0
1230,99,5,46.96917865112523,0.4696917865112523,0.47443614799116407,99,5,99,99,6,0.0435085680787779,410.0,276.63490001577884,50094
1231,99,5,46.92666008304644,0.46926660083046445,0.4740066675055196,99,5,99,99,5,0.04251856807876919,410.0,0.06739998934790492,0
1232,99,5,46.884141514967645,0.4688414151496765,0.4735771870198751,99,5,99,99,5,0.04251856807876919,410.0,0.05189998773857951,0
1233,99,5,46.84162294688884,0.4684162294688884,0.4731477065342307,99,5,99,99,5,0.04251856807876919,410.0,0.0654000323265791,0
1234,99,5,46.799104378810036,0.46799104378810036,0.47271822604858615,99,5,99,99,5,0.0425185680787763,410.0,0.051499984692782164,0
1235,99,5,46.75561738732338,0.46755617387323384,0.472278963508317,99,5,99,99,6,0.043486991486616944,410.0,256.718999997247,50094
1236,99,5,46.71312039583673,0.4671312039583673,0.47184970096804774,99,5,99,99,5,0.04249699148660113,410.0,0.0667999847792089,0
1237,99,5,46.670623404350074,0.46670623404350076,0.4714204384277786,99,5,99,99,5,0.04249699148659403,410.0,0.06539997411891818,0
1238,99,5,46.62812641286343,0.4662812641286343,0.47099117588750933,99,5,99,99,5,0.04249699148660824,410.0,0.08329999400302768,0
1239,99,5,46.58562942137677,0.46585629421376773,0.4705619133472401,99,5,99,99,5,0.04249699148660824,410.0,0.06370001938194036,0
1240,99,5,46.54212154613684,0.4654212154613684,0.4701224398599681,99,5,99,99,6,0.04350787523991784,410.0,273.759700008668,50094
1241,99,5,46.49960367089691,0.4649960367089691,0.4696929663726961,99,5,99,99,5,0.04251787523992334,410.0,0.040700018871575594,0
1242,99,5,46.457085795656965,0.46457085795656966,0.4692634928854239,99,5,99,99,5,0.042517875239902025,410.0,0.030199997127056122,0
1243,99,5,46.414567920417035,0.4641456792041703,0.4688340193981519,99,5,99,99,5,0.04251787523992334,410.0,0.027699978090822697,0
1244,99,5,46.37205004517709,0.4637205004517709,0.4684045459108797,99,5,99,99,5,0.04251787523992334,410.0,0.05989999044686556,0
1245,99,5,46.328580633363494,0.4632858063336349,0.4679654609430655,99,5,99,99,6,0.04346941181357522,410.0,257.8726999927312,50094
1246,99,5,46.28610122154989,0.4628610122154989,0.4675363759752514,99,5,99,99,5,0.04247941181357362,410.0,0.031800009310245514,0
1247,99,5,46.243621809736275,0.46243621809736274,0.46710729100743714,99,5,99,99,5,0.04247941181357362,410.0,0.05749997217208147,0
1248,99,5,46.20114239792267,0.46201142397922673,0.46667820603962296,99,5,99,99,5,0.042479411813566514,410.0,0.05959998816251755,0
1249,99,5,46.158662986109064,0.46158662986109067,0.4662491210718088,99,5,99,99,5,0.042479411813566514,410.0,0.05809997674077749,0
1250,99,5,46.11507703948816,0.4611507703948816,0.46580885898472885,99,5,99,99,6,0.043585946620900984,410.0,275.11889999732375,50094
1251,99,5,46.07248109286726,0.46072481092867257,0.46537859689764904,99,5,99,99,5,0.04259594662087096,410.0,0.06490002851933241,0
1252,99,5,46.029885146246336,0.46029885146246335,0.4649483348105691,99,5,99,99,5,0.04259594662089228,410.0,0.05959998816251755,0
1253,99,5,45.98728919962543,0.4598728919962543,0.46451807272348916,99,5,99,99,5,0.042595946620863856,410.0,0.05479995161294937,0
1254,99,5,45.944693253004516,0.45944693253004515,0.4640878106364093,99,5,99,99,5,0.04259594662088517,410.0,0.05110003985464573,0
1255,99,5,45.9010369408001,0.459010369408001,0.46364683778585963,99,5,99,99,6,0.04365631220442623,410.0,270.2513999538496,50094
1256,99,5,45.85837062859567,0.45858370628595674,0.4632158649353098,99,5,99,99,5,0.04266631220442463,410.0,0.06320001557469368,0
1257,99,5,45.815704316391255,0.45815704316391254,0.46278489208476015,99,5,99,99,5,0.04266631220441042,410.0,0.06199994822964072,0
1258,99,5,45.77303800418682,0.4577303800418682,0.46235391923421043,99,5,99,99,5,0.04266631220442463,410.0,0.060699996538460255,0
1259,99,5,45.730371691982405,0.4573037169198241,0.46192294638366066,99,5,99,99,5,0.04266631220441042,410.0,0.058699981309473515,0
1260,99,5,45.68687476173323,0.4568687476173323,0.4614835834518507,99,5,99,99,6,0.04349693024916945,410.0,269.02399997925386,50094
1261,99,5,45.64436783148405,0.45644367831484045,0.46105422052004086,99,5,99,99,5,0.04250693024915364,410.0,0.06769999163225293,0
1262,99,5,45.60186090123486,0.4560186090123486,0.4606248575882309,99,5,99,99,5,0.04250693024915364,410.0,0.050799979362636805,0
1263,99,5,45.55935397098568,0.45559353970985683,0.46019549465642096,99,5,99,99,5,0.04250693024915364,410.0,0.07329997606575489,0
1264,99,5,45.51684704073649,0.45516847040736486,0.4597661317246109,99,5,99,99,5,0.04250693024915364,410.0,0.06340001709759235,0
1265,99,5,45.47329786918513,0.4547329786918513,0.4593262411028801,99,5,99,99,6,0.04354917155131943,410.0,259.2712999903597,50094
1266,99,5,45.430738697633785,0.4543073869763379,0.4588963504811494,99,5,99,99,5,0.042559171551310726,410.0,0.06349995965138078,0
1267,99,5,45.38817952608243,0.45388179526082434,0.45846645985941853,99,5,99,99,5,0.042559171551310726,410.0,0.07150002056732774,0
1268,99,5,45.34562035453108,0.4534562035453108,0.45803656923768765,99,5,99,99,5,0.042559171551310726,410.0,0.07159996312111616,0
1269,99,5,45.30306118297973,0.4530306118297973,0.45760667861595694,99,5,99,99,5,0.04255917155131783,410.0,0.06579997716471553,0
1270,99,5,45.25939985952533,0.4525939985952533,0.45716565514672053,99,5,99,99,6,0.04366132345437279,410.0,276.6929999925196,50094
1271,99,5,45.21672853607092,0.45216728536070916,0.456734631677484,99,5,99,99,5,0.0426713234543854,410.0,0.08129997877404094,0
1272,99,5,45.17405721261651,0.4517405721261651,0.45630360820824756,99,5,99,99,5,0.04267132345437119,410.0,0.03530003596097231,0
1273,99,5,45.131385889162104,0.451313858891621,0.4558725847390112,99,5,99,99,5,0.0426713234543854,410.0,0.054100004490464926,0
1274,99,5,45.0887145657077,0.450887145657077,0.4554415612697747,99,5,99,99,5,0.04267132345437119,410.0,0.06229995051398873,0
1275,99,5,45.04512270135614,0.45045122701356144,0.4550012394076378,99,5,99,99,6,0.0435918643515123,410.0,271.96779998485,50094
1276,99,5,45.002520837004596,0.45002520837004595,0.4545709175455009,99,5,99,99,5,0.0426018643515107,410.0,0.06439996650442481,0
1277,99,5,44.959918972653035,0.44959918972653035,0.45414059568336407,99,5,99,99,5,0.0426018643515107,410.0,0.0640999642200768,0
1278,99,5,44.91731710830148,0.4491731710830148,0.45371027382122703,99,5,99,99,5,0.04260186435150359,410.0,0.06230000872164965,0
1279,99,5,44.87471524394992,0.4487471524394992,0.4532799519590901,99,5,99,99,5,0.04260186435150359,410.0,0.0632999581284821,0
1280,99,5,44.8311136553241,0.448311136553241,0.4528395318719607,99,5,99,99,6,0.04360158862579766,410.0,264.34260001406074,50094
1281,99,5,44.78850206669829,0.44788502066698294,0.45240911178483123,99,5,99,99,5,0.04261158862578185,410.0,0.06609997944906354,0
1282,99,5,44.74589047807248,0.4474589047807248,0.4519786916977018,99,5,99,99,5,0.042611588625788954,410.0,0.06350001785904169,0
1283,99,5,44.70327888944666,0.44703278889446657,0.45154827161057237,99,5,99,99,5,0.04261158862578185,410.0,0.028399983420968056,0
1284,99,5,44.66066730082085,0.4466066730082085,0.4511178515234429,99,5,99,99,5,0.04261158862579606,410.0,0.0274000340141356,0
1285,99,5,44.61700739923551,0.4461700739923551,0.45067684241652023,99,5,99,99,6,0.04365990158530764,410.0,275.559899979271,50094
1286,99,5,44.57433749765016,0.4457433749765016,0.4502458333095976,99,5,99,99,5,0.04266990158531314,410.0,0.05460000829771161,0
1287,99,5,44.53166759606482,0.4453166759606482,0.44981482420267505,99,5,99,99,5,0.04266990158532025,410.0,0.051099981646984816,0
1288,99,5,44.48899769447948,0.4448899769447948,0.4493838150957523,99,5,99,99,5,0.04266990158531314,410.0,0.037699996028095484,0
1289,99,5,44.44632779289414,0.44446327792894136,0.4489528059888297,99,5,99,99,5,0.04266990158531314,410.0,0.03439997090026736,0
1290,99,5,44.402747428131164,0.4440274742813116,0.4485126002841532,99,5,99,99,6,0.04358036476293847,410.0,258.5442999843508,50094
1291,99,5,44.36015706336818,0.4436015706336818,0.44808239457947663,99,5,99,99,5,0.04259036476294398,410.0,0.06130000110715628,0
1292,99,5,44.3175666986052,0.443175666986052,0.44765218887479996,99,5,99,99,5,0.04259036476294398,410.0,0.054800009820610285,0
1293,99,5,44.27497633384221,0.4427497633384221,0.44722198317012335,99,5,99,99,5,0.04259036476293687,410.0,0.030300056096166372,0
1294,99,5,44.23238596907924,0.4423238596907924,0.44679177746544685,99,5,99,99,5,0.04259036476293687,410.0,0.0659999786876142,0
1295,99,5,44.18880019729365,0.44188800197293654,0.44635151714438026,99,5,99,99,6,0.043585771785544125,410.0,263.6994000058621,50094
1296,99,5,44.146204425508074,0.44146204425508073,0.4459212568233139,99,5,99,99,5,0.042595771785542524,410.0,0.06500002928078175,0
1297,99,5,44.1036086537225,0.44103608653722504,0.44549099650224744,99,5,99,99,5,0.042595771785528314,410.0,0.03679998917505145,0
1298,99,5,44.06101288193693,0.44061012881936934,0.4450607361811811,99,5,99,99,5,0.04259577178553542,410.0,0.02659996971487999,0
1299,99,5,44.01841711015136,0.4401841711015136,0.44463047586011467,99,5,99,99,5,0.042595771785542524,410.0,0.03170000854879618,0
1300,99,5,43.97476714800258,0.43974767148002575,0.4441895671515411,99,5,99,99,6,0.04364996214877692,410.0,267.0197000261396,50094
1301,99,5,43.932107185853795,0.43932107185853797,0.4437586584429676,99,5,99,99,5,0.042659962148768216,410.0,0.06809999467805028,0
1302,99,5,43.88944722370501,0.43889447223705014,0.4433277497343939,99,5,99,99,5,0.04265996214877532,410.0,0.06549997488036752,0
1303,99,5,43.84678726155624,0.43846787261556236,0.4428968410258205,99,5,99,99,5,0.042659962148768216,410.0,0.06399996345862746,0
1304,99,5,43.80412729940745,0.43804127299407447,0.44246593231724696,99,5,99,99,5,0.04265996214877532,410.0,0.06340001709759235,0
1305,99,5,43.760723758497846,0.43760723758497844,0.44202751271209945,99,5,99,99,6,0.04340354090958698,410.0,257.96550000086427,50094
1306,99,5,43.71831021758824,0.4371831021758824,0.4415990931069519,99,5,99,99,5,0.04241354090956406,410.0,0.06280001252889633,0
1307,99,5,43.67589667667864,0.4367589667667864,0.4411706735018045,99,5,99,99,5,0.04241354090957117,410.0,0.0638000201433897,0
1308,99,5,43.63348313576903,0.43633483135769036,0.4407422538966569,99,5,99,99,5,0.04241354090958538,410.0,0.06449996726587415,0
1309,99,5,43.59106959485943,0.4359106959485943,0.4403138342915094,99,5,99,99,5,0.04241354090957827,410.0,0.0651999725960195,0
1310,99,5,43.54740327998344,0.43547403279983443,0.43987276040387313,99,5,99,99,6,0.043666314875935086,410.0,258.1476000486873,50094
1311,99,5,43.50472696510746,0.4350472696510746,0.43944168651623705,99,5,99,99,5,0.04267631487592638,410.0,0.06509997183457017,0
1312,99,5,43.46205065023147,0.4346205065023147,0.43901061262860075,99,5,99,99,5,0.04267631487594059,410.0,0.063000014051795,0
1313,99,5,43.41937433535549,0.43419374335355493,0.43857953874096456,99,5,99,99,5,0.04267631487594059,410.0,0.035400036722421646,0
1314,99,5,43.37669802047951,0.4337669802047951,0.43814846485332837,99,5,99,99,5,0.04267631487592638,410.0,0.10040000779554248,0
1315,99,5,43.333191649824485,0.4333319164982449,0.4377090065638837,99,5,99,99,6,0.0435063706549883,410.0,268.6115000396967,50094
1316,99,5,43.29067527916947,0.4329067527916947,0.4372795482744391,99,5,99,99,5,0.042516370654979596,410.0,0.06299995584413409,0
1317,99,5,43.24815890851445,0.4324815890851445,0.4368500899849944,99,5,99,99,5,0.042516370654979596,410.0,0.05930004408583045,0
1318,99,5,43.205642537859426,0.43205642537859423,0.43642063169554973,99,5,99,99,5,0.04251637065497249,410.0,0.05829997826367617,0
1319,99,5,43.16312616720442,0.4316312616720442,0.43599117340610516,99,5,99,99,5,0.042516370654979596,410.0,0.05860003875568509,0
1320,99,5,43.11965831788109,0.4311965831788109,0.4355521042210211,99,5,99,99,6,0.043467849323292285,410.0,275.2104999963194,50094
1321,99,5,43.07718046855776,0.43077180468557763,0.4351230350359371,99,5,99,99,5,0.042477849323290684,410.0,0.06490002851933241,0
1322,99,5,43.034702619234466,0.43034702619234466,0.4346939658508531,99,5,99,99,5,0.04247784932327647,410.0,0.06729998858645558,0
1323,99,5,42.99222476991114,0.4299222476991114,0.43426489666576906,99,5,99,99,5,0.04247784932328358,410.0,0.06459996802732348,0
1324,99,5,42.94974692058783,0.4294974692058783,0.43383582748068505,99,5,99,99,5,0.042477849323290684,410.0,0.0667999847792089,0
1325,99,5,42.90610603191617,0.4290610603191617,0.4333950104233957,99,5,99,99,6,0.043640888671646394,410.0,281.04659996461123,50094
1326,99,5,42.863455143244515,0.42863455143244517,0.4329641933661062,99,5,99,99,5,0.04265088867163769,410.0,0.056200020480901,0
1327,99,5,42.82080425457287,0.4282080425457287,0.4325333763088168,99,5,99,99,5,0.04265088867163769,410.0,0.06390002090483904,0
1328,99,5,42.77815336590121,0.4277815336590121,0.4321025592515274,99,5,99,99,5,0.04265088867163058,410.0,0.06449996726587415,0
1329,99,5,42.73550247722955,0.42735502477229553,0.431671742194238,99,5,99,99,5,0.04265088867163769,410.0,0.060699996538460255,0
1330,99,5,42.69205908931129,0.4269205908931129,0.43123292009405345,99,5,99,99,6,0.043443387918252085,410.0,267.27810001466423,50094
1331,99,5,42.64960570139302,0.42649605701393023,0.430804097993869,99,5,99,99,5,0.042453387918236274,410.0,0.06510003004223108,0
1332,99,5,42.60715231347476,0.42607152313474755,0.4303752758936844,99,5,99,99,5,0.04245338791822917,410.0,0.06330001633614302,0
1333,99,5,42.564698925556485,0.4256469892555648,0.42994645379349977,99,5,99,99,5,0.042453387918236274,410.0,0.0323000131174922,0
1334,99,5,42.52224553763821,0.42522245537638215,0.4295176316933153,99,5,99,99,5,0.042453387918236274,410.0,0.026899971999228,0
1335,99,5,42.47868361594265,0.4247868361594265,0.42907761228224905,99,5,99,99,6,0.04356192169554873,410.0,278.7527000182308,50094
1336,99,5,42.43611169424709,0.42436111694247086,0.4286475928711827,99,5,99,99,5,0.04257192169553292,410.0,0.03739999374374747,0
1337,99,5,42.39353977255153,0.42393539772551525,0.42821757346011646,99,5,99,99,5,0.04257192169554713,410.0,0.06559997564181685,0
1338,99,5,42.35096785085597,0.42350967850855975,0.4277875540490502,99,5,99,99,5,0.04257192169554003,410.0,0.06230000872164965,0
1339,99,5,42.30839592916041,0.42308395929160414,0.42735753463798387,99,5,99,99,5,0.04257192169553292,410.0,0.06079999729990959,0
1340,99,5,42.26477908095659,0.42264779080956594,0.42691696041370303,99,5,99,99,6,0.043616848203768654,410.0,257.70110002486035,50094
1341,99,5,42.222152232752805,0.4222215223275281,0.4264863861894222,99,5,99,99,5,0.04262684820375995,410.0,0.061700004152953625,0
1342,99,5,42.179525384549,0.42179525384549005,0.42605581196514136,99,5,99,99,5,0.04262684820375284,410.0,0.06239995127543807,0
1343,99,5,42.13689853634519,0.4213689853634519,0.42562523774086053,99,5,99,99,5,0.04262684820375995,410.0,0.06079999729990959,0
1344,99,5,42.09427168814138,0.4209427168814138,0.4251946635165797,99,5,99,99,5,0.04262684820375284,410.0,0.06260001100599766,0
1345,99,5,42.05074092237774,0.42050740922377744,0.4247549588118964,99,5,99,99,6,0.043530765763627244,410.0,250.18659996567294,50094
1346,99,5,42.00820015661409,0.4200820015661409,0.424325254107213,99,5,99,99,5,0.04254076576360433,410.0,0.06639998173341155,0
1347,99,5,41.96565939085044,0.4196565939085044,0.4238955494025298,99,5,99,99,5,0.04254076576361143,410.0,0.05019997479394078,0
1348,99,5,41.923118625086786,0.41923118625086786,0.42346584469784637,99,5,99,99,5,0.04254076576361854,410.0,0.050099974032491446,0
1349,99,5,41.88057785932314,0.41880577859323137,0.423036139993163,99,5,99,99,5,0.04254076576361143,410.0,0.06260001100599766,0
1350,99,5,41.83688685798489,0.41836886857984884,0.4225948167473221,99,5,99,99,6,0.04369100133822457,410.0,260.85419999435544,50094
1351,99,5,41.79418585664663,0.41794185856646626,0.42216349350148114,99,5,99,99,5,0.042701001338222966,410.0,0.05059997783973813,0
1352,99,5,41.75148485530837,0.4175148485530837,0.42173217025564,99,5,99,99,5,0.042701001338222966,410.0,0.04799995804205537,0
1353,99,5,41.7087838539701,0.417087838539701,0.42130084700979903,99,5,99,99,5,0.042701001338222966,410.0,0.046900007873773575,0
1354,99,5,41.666082852631845,0.41666082852631847,0.4208695237639581,99,5,99,99,5,0.042701001338222966,410.0,0.05560001591220498,0
1355,99,5,41.622556924947084,0.41622556924947085,0.4204298679287584,99,5,99,99,6,0.04352592768471908,410.0,269.1204000147991,50094
1356,99,5,41.58002099726232,0.4158002099726232,0.4200002120935588,99,5,99,99,5,0.04253592768471037,410.0,0.06280001252889633,0
1357,99,5,41.53748506957756,0.4153748506957756,0.4195705562583592,99,5,99,99,5,0.04253592768471748,410.0,0.06220000796020031,0
1358,99,5,41.494949141892796,0.41494949141892795,0.41914090042315966,99,5,99,99,5,0.04253592768471748,410.0,0.06340001709759235,0
1359,99,5,41.45241321420804,0.41452413214208045,0.41871124458796005,99,5,99,99,5,0.04253592768471037,410.0,0.06390002090483904,0
1360,99,5,41.40883888769726,0.4140883888769726,0.4182710998757298,99,5,99,99,6,0.043574326510757544,410.0,260.5082999798469,50094
1361,99,5,41.36625456118645,0.4136625456118645,0.4178409551634995,99,5,99,99,5,0.04258432651075594,410.0,0.04040001658722758,0
1362,99,5,41.32367023467567,0.4132367023467567,0.4174108104512694,99,5,99,99,5,0.04258432651075594,410.0,0.038300000596791506,0
1363,99,5,41.28108590816487,0.41281085908164866,0.41698066573903914,99,5,99,99,5,0.04258432651076305,410.0,0.02940004924312234,0
1364,99,5,41.23850158165407,0.4123850158165407,0.4165505210268088,99,5,99,99,5,0.04258432651075594,410.0,0.06779999239370227,0
1365,99,5,41.19486928154297,0.41194869281542973,0.41610979072265625,99,5,99,99,6,0.04363230011109209,410.0,245.26830000104383,50094
1366,99,5,41.152226981431845,0.41152226981431844,0.4156790604185034,99,5,99,99,5,0.04264230011107628,410.0,0.038300000596791506,0
1367,99,5,41.10958468132074,0.4110958468132074,0.41524833011435086,99,5,99,99,5,0.04264230011108339,410.0,0.04769995575770736,0
1368,99,5,41.066942381209614,0.41066942381209615,0.4148175998101981,99,5,99,99,5,0.04264230011108339,410.0,0.03689998993650079,0
1369,99,5,41.024300081098495,0.41024300081098497,0.4143868695060454,99,5,99,99,5,0.04264230011109049,410.0,0.06389996269717813,0
1370,99,5,40.98090476499377,0.40980904764993764,0.4139485329797351,99,5,99,99,6,0.043395316104700044,410.0,266.74270001240075,50094
1371,99,5,40.93849944888903,0.4093849944888903,0.4135201964534245,99,5,99,99,5,0.04240531610469844,410.0,0.03759999526664615,0
1372,99,5,40.8960941327843,0.408960941327843,0.4130918599271141,99,5,99,99,5,0.042405316104712654,410.0,0.03439997090026736,0
1373,99,5,40.85368881667956,0.40853688816679556,0.4126635234008036,99,5,99,99,5,0.04240531610470555,410.0,0.0315000070258975,0
1374,99,5,40.811283500574824,0.40811283500574824,0.4122351868744932,99,5,99,99,5,0.04240531610469844,410.0,0.03579998156055808,0
1375,99,5,40.76781524044405,0.4076781524044405,0.41179611353983897,99,5,99,99,6,0.043468260130737235,410.0,256.78009999683127,50094
1376,99,5,40.72533698031328,0.4072533698031328,0.41136704020518466,99,5,99,99,5,0.042478260130735634,410.0,0.0659999786876142,0
1377,98,5,40.68505884976307,0.40685058849763067,0.4151536617322762,98,4,98,85,5,0.040278130550191804,439.0,0.061700004152953625,0
1378,98,4,40.642807441905646,0.4064280744190565,0.4147225249174045,98,4,98,98,4,0.04225140785737125,504.0,0.21430000197142363,0
1379,98,4,40.60055603404824,0.4060055603404824,0.41429138810253296,98,4,98,98,4,0.04225140785736414,504.0,0.035999983083456755,0
1380,98,5,40.55745463561037,0.4055745463561037,0.4138515779143916,98,5,98,98,6,0.043101398437862315,406.0,246.00499996449798,49588
1381,98,5,40.51533323717249,0.4051533323717249,0.4134217677262499,98,5,98,98,5,0.04212139843786389,406.0,0.06360001862049103,0
1382,98,5,40.4732118387346,0.404732118387346,0.4129919575381083,98,5,98,98,5,0.04212139843784968,406.0,0.05830003647133708,0
1383,98,5,40.431090440296735,0.40431090440296735,0.4125621473499666,98,5,98,98,5,0.04212139843784968,406.0,0.0570000265724957,0
1384,98,5,40.388969041858864,0.40388969041858863,0.41213233716182507,98,5,98,98,5,0.042121398437870994,406.0,0.03689998993650079,0
1385,98,5,40.34572353049803,0.4034572353049803,0.41169105643365334,98,5,98,98,6,0.043245511360808564,406.0,278.2123999786563,49588
1386,98,5,40.30345801913719,0.4030345801913719,0.4112597757054814,98,5,98,98,5,0.04226551136080303,406.0,0.05959998816251755,0
1387,98,5,40.26119250777635,0.4026119250777635,0.4108284949773097,98,5,98,98,5,0.04226551136081014,406.0,0.06340001709759235,0
1388,97,5,40.21917224395408,0.40219172243954077,0.4146306416902482,98,5,98,97,5,0.042020263822244885,406.0,0.08339999476447701,0
1389,97,5,40.17734702586275,0.40177347025862753,0.41419945387487367,97,5,97,97,5,0.04182521809130435,402.0,0.05570001667365432,0
1390,97,5,40.13466855965766,0.4013466855965766,0.4137594696871923,97,5,97,97,6,0.042678466205039456,402.0,260.3854999761097,49082
1391,97,5,40.09296009345257,0.4009296009345257,0.4133294854995111,97,5,97,97,5,0.0417084662050371,402.0,0.06230000872164965,0
1392,97,5,40.051251627247495,0.40051251627247497,0.4128995013118298,97,5,97,97,5,0.0417084662050371,402.0,0.03759999526664615,0
1393,97,5,40.009543161042416,0.40009543161042416,0.41246951712414853,97,5,97,97,5,0.04170846620502999,402.0,0.0610999995842576,0
1394,97,5,39.96783469483733,0.3996783469483733,0.41203953293646733,97,5,97,97,5,0.04170846620502999,402.0,0.05979998968541622,0
1395,97,5,39.92527838832203,0.3992527838832203,0.4116008081270312,97,5,97,97,6,0.04255630651527298,402.0,247.128100018017,49082
1396,97,5,39.88369208180672,0.3988369208180672,0.4111720833175951,97,5,97,97,5,0.04158630651527062,402.0,0.06510003004223108,0
1397,97,5,39.84210577529142,0.3984210577529142,0.410743358508159,97,5,97,97,5,0.04158630651527062,402.0,0.06340001709759235,0
1398,97,5,39.80051946877612,0.39800519468776124,0.4103146336987229,97,5,97,97,5,0.04158630651527062,402.0,0.06369996117427945,0
1399,97,5,39.75893316226083,0.3975893316226083,0.4098859088892868,97,5,97,97,5,0.041586306515263516,402.0,0.06059999577701092,0
1400,97,5,39.71622150298186,0.3971622150298186,0.40944558250496765,97,5,97,97,6,0.04271165927892184,402.0,260.30820002779365,49082
1401,97,5,39.674479843702905,0.39674479843702903,0.40901525612064843,97,5,97,97,5,0.04174165927889817,402.0,0.06639998173341155,0
1402,97,5,39.63273818442394,0.39632738184423943,0.4085849297363293,97,5,97,97,5,0.041741659278905274,402.0,0.06130000110715628,0
1403,97,5,39.59099652514497,0.3959099652514497,0.4081546033520101,97,5,97,97,5,0.041741659278905274,402.0,0.057299970649182796,0
1404,97,5,39.54925486586601,0.3954925486586601,0.4077242769676909,97,5,97,97,5,0.041741659278905274,402.0,0.06260001100599766,0
1405,97,5,39.50666676259432,0.3950666676259432,0.40728522435664244,97,5,97,97,6,0.04258810327167595,402.0,270.3311999794096,49082
1406,96,5,39.46623275348901,0.3946623275348901,0.4111065911821772,96,4,96,77,5,0.04043400910528305,399.0,0.06450002547353506,0
1407,96,4,39.42459921814134,0.3942459921814134,0.4106729085223056,96,4,96,96,4,0.041633535347621375,494.0,0.2340000355616212,0
1408,96,4,39.38296568279369,0.3938296568279369,0.41023922586243416,96,4,96,96,4,0.04163353534762848,494.0,0.05790003342553973,0
1409,96,4,39.34133214744601,0.3934133214744601,0.4098055432025626,96,4,96,96,4,0.04163353534764269,494.0,0.05929998587816954,0
1410,96,5,39.2990666390132,0.39299066639013197,0.4093652774897208,96,5,96,96,6,0.042265508432784316,398.0,262.6139000058174,48576
1411,96,5,39.257761130580384,0.3925776113058038,0.408935011776879,96,5,96,96,5,0.04130550843277092,398.0,0.07000000914558768,0
1412,96,5,39.21645562214756,0.3921645562214756,0.40850474606403714,96,5,96,96,5,0.04130550843278513,398.0,0.06309995660558343,0
1413,96,5,39.17515011371475,0.3917515011371475,0.4080744803511953,96,5,96,96,5,0.04130550843278513,398.0,0.061700004152953625,0
1414,96,5,39.13384460528193,0.3913384460528193,0.4076442146383535,96,5,96,96,5,0.041305508432778026,398.0,0.06089999806135893,0
1415,96,5,39.091732628563065,0.39091732628563064,0.4072055482141986,96,5,96,96,6,0.04211197671883582,398.0,260.8492999570444,48576
1416,96,5,39.0505806518442,0.390505806518442,0.40677688179004373,96,5,96,96,5,0.04115197671884374,398.0,0.06360001862049103,0
1417,96,5,39.009428675125335,0.39009428675125335,0.4063482153658889,96,5,96,96,5,0.041151976718836636,398.0,0.06230000872164965,0
1418,96,5,38.96827669840646,0.3896827669840646,0.40591954894173404,96,5,96,96,5,0.04115197671884374,398.0,0.06130000110715628,0
1419,96,5,38.9271247216876,0.389271247216876,0.4054908825175791,96,5,96,96,5,0.041151976718836636,398.0,0.10850001126527786,0
1420,96,5,38.88488915079339,0.3888488915079339,0.4050509286540978,96,5,96,96,6,0.042235570894177954,398.0,260.138800018467,48576
1421,96,5,38.84361357989918,0.3884361357989918,0.4046209747906165,96,5,96,96,5,0.041275570894171665,398.0,0.06349995965138078,0
1422,96,5,38.80233800900497,0.3880233800900497,0.40419102092713516,96,5,96,96,5,0.04127557089417877,398.0,0.06009999196976423,0
1423,96,5,38.76106243811076,0.3876106243811076,0.4037610670636538,96,5,96,96,5,0.041275570894171665,398.0,0.059699988923966885,0
1424,96,5,38.71978686721656,0.3871978686721656,0.40333111320017245,96,5,96,96,5,0.041275570894171665,398.0,0.0591999851167202,0
1425,96,5,38.6775770363662,0.386775770363662,0.40289142746214796,96,5,96,96,6,0.04220983085032515,398.0,250.65759994322434,48576
1426,96,5,38.636327205515855,0.3863632720551585,0.40246174172412347,96,5,96,96,5,0.04124983085029754,398.0,0.06539997411891818,0
1427,96,5,38.5950773746655,0.385950773746655,0.40203205598609887,96,5,96,96,5,0.041249830850325964,398.0,0.060999998822808266,0
1428,96,5,38.553827543815146,0.38553827543815145,0.40160237024807444,96,5,96,96,5,0.04124983085031175,398.0,0.06229995051398873,0
1429,96,5,38.512577712964784,0.38512577712964785,0.4011726845100499,96,5,96,96,5,0.04124983085031175,398.0,0.06009999196976423,0
1430,96,5,38.470464667776355,0.38470464667776355,0.4007340069560037,96,5,96,96,6,0.04211304518838688,398.0,255.72259997716174,48576
1431,96,5,38.42931162258792,0.3842931162258792,0.40030532940195745,96,5,96,96,5,0.041153045188401904,398.0,0.06480002775788307,0
1432,96,5,38.38815857739948,0.3838815857739948,0.39987665184791127,96,5,96,96,5,0.04115304518837348,398.0,0.06130000110715628,0
1433,96,5,38.347005532211035,0.38347005532211037,0.399447974293865,96,5,96,96,5,0.041153045188401904,398.0,0.05840003723278642,0
1434,96,5,38.3058524870226,0.38305852487022596,0.3990192967398188,96,5,96,96,5,0.041153045188387694,398.0,0.05989999044686556,0
1435,96,5,38.263762102828885,0.38263762102828885,0.39858085523780096,96,5,96,96,6,0.04209038419369904,398.0,264.457399956882,48576
1436,96,5,38.222631718635185,0.38222631718635186,0.3981524137357832,96,5,96,96,5,0.04113038419367854,398.0,0.059800047893077135,0
1437,96,5,38.181501334441464,0.38181501334441464,0.39772397223376527,96,5,96,96,5,0.04113038419367854,398.0,0.06059999577701092,0
1438,96,5,38.14037095024775,0.3814037095024775,0.39729553073174745,96,5,96,96,5,0.04113038419367854,398.0,0.05490001058205962,0
1439,96,5,38.099240566054036,0.3809924056605404,0.3968670892297295,96,5,96,96,5,0.04113038419368564,398.0,0.05370000144466758,0
1440,96,5,38.05703653719296,0.38057036537192956,0.3964274639290933,96,5,96,96,6,0.042204028861036136,398.0,252.94550001854077,48576
1441,96,5,38.015792508331884,0.38015792508331886,0.3959978386284572,96,5,96,96,5,0.04124402886102274,398.0,0.05110003985464573,0
1442,96,5,37.97454847947081,0.3797454847947081,0.39556821332782094,96,5,96,96,5,0.04124402886102274,398.0,0.058999983593821526,0
1443,96,5,37.93330445060974,0.3793330445060974,0.3951385880271849,96,5,96,96,5,0.04124402886102274,398.0,0.034100026823580265,0
1444,96,5,37.892060421748674,0.37892060421748675,0.3947089627265486,96,5,96,96,5,0.04124402886102985,398.0,0.03800005652010441,0
1445,96,5,37.84990837105926,0.3784990837105926,0.3942698788652006,96,5,96,96,6,0.04215205068938843,398.0,262.57710001664236,48576
1446,96,5,37.80871632036983,0.37808716320369834,0.3938407950038525,96,5,96,96,5,0.04119205068938925,398.0,0.05929998587816954,0
1447,96,5,37.76752426968043,0.3776752426968043,0.39341171114250445,96,5,96,96,5,0.04119205068939635,398.0,0.06310001481324434,0
1448,96,5,37.72633221899102,0.3772633221899102,0.39298262728115646,96,5,96,96,5,0.04119205068937504,398.0,0.030399998649954796,0
1449,96,5,37.6851401683016,0.376851401683016,0.3925535434198084,96,5,96,96,5,0.04119205068938214,398.0,0.05329999839887023,0
1450,96,5,37.642803093870526,0.37642803093870525,0.3921125322278179,96,5,96,96,6,0.04233707443105317,398.0,250.90019998606294,48576
1451,96,5,37.60142601943943,0.3760142601943943,0.3916815210358274,96,5,96,96,5,0.04137707443103977,398.0,0.060999998822808266,0
1452,96,5,37.56004894500835,0.37560048945008345,0.39125050984383697,96,5,96,96,5,0.04137707443102556,398.0,0.056500022765249014,0
1453,96,5,37.51867187057726,0.3751867187057726,0.3908194986518465,96,5,96,96,5,0.04137707443103267,398.0,0.05929998587816954,0
1454,96,5,37.47729479614617,0.37477294796146166,0.39038848745985594,96,5,96,96,5,0.04137707443103977,398.0,0.07949996506795287,0
1455,96,5,37.43525400632634,0.3743525400632634,0.38995056256589944,96,5,96,96,6,0.04204078981981496,398.0,230.12639995431527,48576
1456,96,5,37.39417321650651,0.3739417321650651,0.3895226376719429,96,5,96,96,5,0.041080789819801566,398.0,0.058399979025125504,0
1457,96,5,37.35309242668668,0.3735309242668668,0.3890947127779863,96,5,96,96,5,0.04108078981979446,398.0,0.05119998240843415,0
1458,96,5,37.312011636866856,0.37312011636866854,0.38866678788402975,96,5,96,96,5,0.041080789819801566,398.0,0.04830001853406429,0
1459,96,5,37.270930847047026,0.37270930847047024,0.3882388629900732,96,5,96,96,5,0.041080789819801566,398.0,0.05829997826367617,0
1460,96,5,37.228667840042476,0.3722866784004248,0.38779862333377574,96,5,96,96,6,0.04226300700452157,398.0,262.1668999781832,48576
1461,96,5,37.18736483303791,0.3718736483303791,0.38736838367747817,96,5,96,96,5,0.041303007004508174,398.0,0.0640999642200768,0
1462,96,5,37.14606182603335,0.37146061826033355,0.38693814402118076,96,5,96,96,5,0.04130300700451528,398.0,0.06390002090483904,0
1463,96,5,37.10475881902879,0.3710475881902879,0.3865079043648833,96,5,96,96,5,0.041303007004508174,398.0,0.060999998822808266,0
1464,96,5,37.06345581202424,0.3706345581202424,0.3860776647085858,96,5,96,96,5,0.04130300700451528,398.0,0.05929998587816954,0
1465,96,5,37.02121058335756,0.37021210583357556,0.3856376102433079,96,5,96,96,6,0.04224522866664415,398.0,263.7974999961443,48576
1466,96,5,36.979925354690884,0.36979925354690885,0.38520755577802995,96,5,96,96,5,0.04128522866663786,398.0,0.06360001862049103,0
1467,96,5,36.9386401260242,0.36938640126024197,0.38477750131275207,96,5,96,96,5,0.04128522866663786,398.0,0.06009999196976423,0
1468,96,5,36.897354897357516,0.36897354897357515,0.38434744684747413,96,5,96,96,5,0.04128522866663786,398.0,0.08290004916489124,0
1469,96,5,36.85606966869083,0.3685606966869083,0.3839173923821962,96,5,96,96,5,0.04128522866664497,398.0,0.0610999995842576,0
1470,96,5,36.814008844759634,0.3681400884475963,0.3834792587995796,96,5,96,96,6,0.042060823931159064,398.0,260.2595000062138,48576
1471,96,5,36.77290802082844,0.3677290802082844,0.3830511252169629,96,5,96,96,5,0.04110082393117409,398.0,0.06439996650442481,0
1472,96,5,36.73180719689724,0.3673180719689724,0.3826229916343464,96,5,96,96,5,0.04110082393117409,398.0,0.04740001168102026,0
1473,96,5,36.690706372966055,0.36690706372966053,0.38219485805172965,96,5,96,96,5,0.04110082393115988,398.0,0.04630000330507755,0
1474,96,5,36.64960554903485,0.3664960554903485,0.38176672446911303,96,5,96,96,5,0.041100823931166985,398.0,0.058399979025125504,0
1475,96,5,36.60730668423979,0.3660730668423979,0.38132611129416444,96,5,96,96,6,0.042298864795036195,398.0,243.68660000618547,48576
1476,96,5,36.56596781944471,0.36565967819444706,0.3808954981192157,96,5,96,96,5,0.04133886479503701,398.0,0.09119999594986439,0
1477,96,5,36.52462895464964,0.3652462895464964,0.3804648849442671,96,5,96,96,5,0.04133886479504412,398.0,0.05949998740106821,0
1478,96,5,36.48329008985457,0.3648329008985457,0.3800342717693184,96,5,96,96,5,0.041338864795029906,398.0,0.055699958465993404,0
1479,96,5,36.44195122505951,0.3644195122505951,0.3796036585943698,96,5,96,96,5,0.0413388647950228,398.0,0.056500022765249014,0
1480,96,5,36.39975560493685,0.3639975560493685,0.37916412088475876,96,5,96,96,6,0.04219562012263367,398.0,251.65280001237988,48576
1481,96,5,36.358519984814194,0.3635851998481419,0.37873458317514785,96,5,96,96,5,0.04123562012262738,398.0,0.0363999861292541,0
1482,96,5,36.31728436469154,0.3631728436469154,0.37830504546553684,96,5,96,96,5,0.04123562012262738,398.0,0.06259995279833674,0
1483,96,5,36.27604874456888,0.36276048744568884,0.3778755077559259,96,5,96,96,5,0.04123562012261317,398.0,0.03260001540184021,0
1484,96,5,36.23481312444623,0.36234813124446225,0.37744597004631486,96,5,96,96,5,0.04123562012262738,398.0,0.030499999411404133,0
1485,96,5,36.19259240076592,0.36192592400765916,0.37700617084131166,96,5,96,96,6,0.04222072368030183,398.0,264.93619999382645,48576
1486,96,5,36.151331677085594,0.36151331677085596,0.37657637163630825,96,5,96,96,5,0.04126072368028133,398.0,0.06399996345862746,0
1487,96,5,36.11007095340527,0.3611007095340527,0.37614657243130495,96,5,96,96,5,0.04126072368030265,398.0,0.03360002301633358,0
1488,96,5,36.06881022972495,0.3606881022972495,0.3757167732263016,96,5,96,96,5,0.041260723680288436,398.0,0.035699980799108744,0
1489,96,5,36.02754950604464,0.3602754950604464,0.37528697402129835,96,5,96,96,5,0.041260723680288436,398.0,0.05229999078437686,0
1490,96,5,35.98532160563308,0.3598532160563308,0.374847100058678,96,5,96,96,6,0.04222790041151114,398.0,257.8771999687888,48576
1491,96,5,35.94405370522153,0.3594405370522153,0.37441722609605765,96,5,96,96,5,0.04126790041151196,398.0,0.05900004180148244,0
1492,96,5,35.902785804809966,0.35902785804809967,0.3739873521334373,96,5,96,96,5,0.04126790041151196,398.0,0.03350002225488424,0
1493,96,5,35.861517904398426,0.35861517904398427,0.3735574781708169,96,5,96,96,5,0.04126790041149775,398.0,0.02929999027401209,0
1494,96,5,35.82025000398687,0.3582025000398687,0.3731276042081966,96,5,96,96,5,0.04126790041151196,398.0,0.04499999340623617,0
1495,96,5,35.778125742346155,0.35778125742346156,0.3726888098161057,96,5,96,96,6,0.04212426164070848,398.0,249.65250003151596,48576
1496,96,5,35.73696148070541,0.3573696148070541,0.3722600154240148,96,5,96,96,5,0.04116426164070219,398.0,0.060999998822808266,0
1497,96,5,35.695797219064694,0.35695797219064695,0.37183122103192395,96,5,96,96,5,0.04116426164070219,398.0,0.03460003063082695,0
1498,96,5,35.65463295742398,0.35654632957423976,0.371402426639833,96,5,96,96,5,0.041164261640716404,398.0,0.059399986639618874,0
1499,96,5,35.61346869578325,0.35613468695783246,0.3709736322477422,96,5,96,96,5,0.04116426164070219,398.0,0.06220000796020031,0
1500,96,5,35.57125283575814,0.3557125283575814,0.370533883705814,96,5,96,96,6,0.04221586002508104,398.0,255.12960000196472,48576
1501,96,5,35.52999697573303,0.35529996975733025,0.37010413516388585,96,5,96,96,5,0.04125586002506054,398.0,0.06260001100599766,0
1502,96,5,35.48874111570792,0.35488741115707917,0.3696743866219576,96,5,96,96,5,0.041255860025088964,398.0,0.0632999581284821,0
1503,96,5,35.447485255682814,0.35447485255682815,0.3692446380800294,96,5,96,96,5,0.04125586002507475,398.0,0.05070003680884838,0
1504,96,5,35.40622939565772,0.3540622939565772,0.3688148895381012,96,5,96,96,5,0.04125586002507475,398.0,0.03320001997053623,0
1505,96,5,35.36398780289683,0.3536398780289683,0.36837487294684196,96,5,96,96,6,0.04224159276084549,398.0,266.5262999944389,48576
1506,96,5,35.32270621013594,0.3532270621013594,0.3679448563555828,96,5,96,96,5,0.0412815927608392,398.0,0.063000014051795,0
1507,96,5,35.28142461737506,0.35281424617375057,0.36751483976432353,96,5,96,96,5,0.041281592760853414,398.0,0.06310001481324434,0
1508,96,5,35.24014302461418,0.3524014302461418,0.3670848231730643,96,5,96,96,5,0.041281592760853414,398.0,0.049400026910007,0
1509,96,5,35.19886143185329,0.3519886143185329,0.366654806581805,96,5,96,96,5,0.0412815927608392,398.0,0.05800003418698907,0
1510,96,5,35.156480411416524,0.35156480411416524,0.3662133376189221,96,5,96,96,6,0.04238102043673564,398.0,272.5681000156328,48576
1511,95,5,35.115290230107455,0.35115290230107454,0.3696346340011311,96,5,96,95,5,0.04119018130906227,398.0,0.06589997792616487,0
1512,95,5,35.07429962681278,0.3507429962681278,0.3692031539664503,95,5,95,95,5,0.04099060329465942,394.0,0.0591999851167202,0
1513,95,5,35.03330902351811,0.35033309023518105,0.36877167393176963,95,5,95,95,5,0.04099060329465942,394.0,0.06019999273121357,0
1514,95,5,34.99231842022344,0.3499231842022344,0.36834019389708883,95,5,95,95,5,0.04099060329467363,394.0,0.044199987314641476,0
1515,95,5,34.950646789744866,0.34950646789744866,0.36790154515520906,95,5,95,95,6,0.041671630478532506,394.0,260.6843000394292,48070
1516,94,5,34.91023747223094,0.34910237472230937,0.3713855050237333,95,5,95,94,5,0.040409317513891096,394.0,0.06230000872164965,0
1517,94,5,34.86994687278013,0.34869946872780133,0.3709568816253206,94,5,94,94,5,0.040290599450784725,390.0,0.06019999273121357,0
1518,94,5,34.82965627332932,0.3482965627332932,0.37052825822690766,94,5,94,94,5,0.040290599450756304,390.0,0.05949998740106821,0
1519,94,5,34.78936567387852,0.3478936567387852,0.370099634828495,94,5,94,94,5,0.040290599450770515,390.0,0.058399979025125504,0
1520,94,5,34.74792524627347,0.3474792524627347,0.3696587792156752,94,5,94,94,6,0.041440427605024865,390.0,253.48999997368082,47564
1521,94,5,34.70742481866842,0.3470742481866842,0.3692279236028554,94,5,94,94,5,0.040500427605010714,390.0,0.030199997127056122,0
1522,94,5,34.66692439106336,0.3466692439106336,0.3687970679900358,94,5,94,94,5,0.040500427605010714,390.0,0.052499992307275534,0
1523,94,5,34.62642396345832,0.3462642396345832,0.3683662123772162,94,5,94,94,5,0.0405004276049965,390.0,0.06079999729990959,0
1524,94,5,34.58592353585325,0.34585923535853247,0.36793535676439626,94,5,94,94,5,0.040500427605010714,390.0,0.057999975979328156,0
1525,94,5,34.54454662357994,0.3454454662357994,0.36749517684659516,94,5,94,94,6,0.041376912273278776,390.0,251.05840002652258,47564
1526,94,5,34.504109711306626,0.34504109711306624,0.3670649969287939,94,5,94,94,5,0.040436912273278836,390.0,0.05789997521787882,0
1527,94,5,34.46367279903331,0.3446367279903331,0.3666348170109926,94,5,94,94,5,0.040436912273278836,390.0,0.05770003190264106,0
1528,94,5,34.42323588676,0.34423235886759995,0.3662046370931915,94,5,94,94,5,0.040436912273264625,390.0,0.056100019719451666,0
1529,94,5,34.38279897448668,0.34382798974486684,0.3657744571753903,94,5,94,94,5,0.040436912273264625,390.0,0.05490001058205962,0
1530,94,5,34.341476749049896,0.343414767490499,0.3653348590324458,94,5,94,94,6,0.04132222543677244,390.0,243.49919997621328,47564
1531,94,5,34.301094523613095,0.34301094523613096,0.36490526088950104,94,5,94,94,5,0.0403822254367725,390.0,0.4138000076636672,0
1532,94,5,34.26071229817631,0.3426071229817631,0.3644756627465566,94,5,94,94,5,0.0403822254367725,390.0,0.02989999484270811,0
1533,94,5,34.22033007273952,0.34220330072739524,0.36404606460361194,94,5,94,94,5,0.0403822254367725,390.0,0.032400013878941536,0
1534,94,5,34.17994784730272,0.3417994784730272,0.36361646646066725,94,5,94,94,5,0.04038222543678671,390.0,0.031200004741549492,0
1535,94,5,34.13869866103301,0.3413869866103301,0.36317764533013835,94,5,94,94,6,0.041249186269681104,390.0,254.63620002847165,47564
1536,94,5,34.0983894747633,0.340983894747633,0.3627488241996096,94,5,94,94,5,0.04030918626968116,390.0,0.06239995127543807,0
1537,94,5,34.058080288493585,0.34058080288493586,0.3623200030690807,94,5,94,94,5,0.04030918626968116,390.0,0.06160000339150429,0
1538,94,5,34.01777110222388,0.3401777110222388,0.36189118193855185,94,5,94,94,5,0.040309186269695374,390.0,0.07720000576227903,0
1539,94,5,33.977461915954166,0.33977461915954166,0.36146236080802296,94,5,94,94,5,0.04030918626968116,390.0,0.0523999915458262,0
1540,94,5,33.93599159299064,0.3393599159299064,0.3610211871594749,94,5,94,94,6,0.04147032296351938,390.0,245.4085000208579,47564
1541,94,5,33.89546127002711,0.3389546127002711,0.3605900135109268,94,5,94,94,5,0.04053032296350523,390.0,0.035299977753311396,0
1542,94,5,33.85493094706358,0.3385493094706358,0.3601588398623785,94,5,94,94,5,0.04053032296351944,390.0,0.05790003342553973,0
1543,94,5,33.81440062410006,0.3381440062410006,0.35972766621383034,94,5,94,94,5,0.04053032296350523,390.0,0.05490001058205962,0
1544,94,5,33.773870301136526,0.33773870301136527,0.3592964925652822,94,5,94,94,5,0.04053032296350523,390.0,0.057800032664090395,0
1545,94,5,33.73236666769682,0.3373236666769682,0.3588549645499662,94,5,94,94,6,0.04150363343964614,390.0,258.7528000003658,47564
1546,94,5,33.691803034257106,0.33691803034257106,0.3584234365346501,94,5,94,94,5,0.040563633439646196,390.0,0.0638000201433897,0
1547,94,5,33.65123940081738,0.3365123940081738,0.35799190851933393,94,5,94,94,5,0.040563633439631985,390.0,0.059399986639618874,0
1548,94,5,33.61067576737768,0.3361067576737768,0.35756038050401784,94,5,94,94,5,0.040563633439631985,390.0,0.05870003951713443,0
1549,94,5,33.57011213393796,0.3357011213393796,0.3571288524887017,94,5,94,94,5,0.040563633439646196,390.0,0.0610999995842576,0
1550,94,5,33.5288253476277,0.335288253476277,0.35668963135774157,94,5,94,94,6,0.0412867863101809,390.0,240.01820001285523,47564
1551,94,5,33.48847856131746,0.3348847856131746,0.3562604102267815,94,5,94,94,5,0.04034678631018096,390.0,0.059399986639618874,0
1552,94,5,33.4481317750072,0.334481317750072,0.35583118909582123,94,5,94,94,5,0.04034678631018096,390.0,0.05929998587816954,0
1553,94,5,33.40778498869694,0.33407784988696937,0.35540196796486107,94,5,94,94,5,0.04034678631018096,390.0,0.058500037994235754,0
1554,94,5,33.36743820238667,0.33367438202386673,0.3549727468339008,94,5,94,94,5,0.04034678631018096,390.0,0.059399986639618874,0
1555,94,5,33.32620729439127,0.3332620729439127,0.3545341201530986,94,5,94,94,6,0.041230907995384314,390.0,254.59319999208674,47564
1556,94,5,33.285916386395876,0.33285916386395875,0.3541054934722965,94,5,94,94,5,0.04029090799538437,390.0,0.029499991796910763,0
1557,94,5,33.24562547840046,0.33245625478400465,0.3536768667914942,94,5,94,94,5,0.04029090799538437,390.0,0.06029999349266291,0
1558,94,5,33.20533457040506,0.3320533457040506,0.3532482401106921,94,5,94,94,5,0.04029090799537016,390.0,0.06049999501556158,0
1559,94,5,33.16504366240964,0.3316504366240964,0.3528196134298898,94,5,94,94,5,0.04029090799538437,390.0,0.09750004392117262,0
1560,94,5,33.123760640735554,0.33123760640735556,0.35238043234825056,94,5,94,94,6,0.04128302167409004,390.0,251.2496000272222,47564
1561,94,5,33.08341761906147,0.3308341761906147,0.3519512512666114,94,5,94,94,5,0.040343021674090096,390.0,0.06210000719875097,0
1562,94,5,33.04307459738738,0.3304307459738738,0.35152207018497206,94,5,94,94,5,0.04034302167410431,390.0,0.05689996760338545,0
1563,93,5,33.00640552446956,0.33006405524469556,0.3549075862846189,93,4,93,72,5,0.03666907291783161,374.0,0.05420000525191426,0
1564,93,4,32.96620744647331,0.3296620744647331,0.35447534888680987,93,4,93,93,4,0.04019807799619457,479.0,0.249299977440387,0
1565,93,5,32.92534206315822,0.3292534206315822,0.3540359361629916,93,5,93,93,6,0.040865383315065174,386.0,262.9960000049323,47058
1566,93,5,32.88540667984313,0.32885406679843127,0.35360652343917337,93,5,93,93,5,0.03993538331508262,386.0,0.06280001252889633,0
1567,93,5,32.84547129652802,0.32845471296528017,0.35317711071535496,93,5,93,93,5,0.03993538331506841,386.0,0.05180004518479109,0
1568,93,5,32.805535913212914,0.32805535913212913,0.3527476979915367,93,5,93,93,5,0.03993538331508262,386.0,0.0646000262349844,0
1569,93,5,32.76560052989781,0.3276560052989781,0.3523182852677184,93,5,93,93,5,0.039935383315054196,386.0,0.052799994591623545,0
1570,93,5,32.72484117352452,0.32724841173524516,0.3518800126185432,93,5,93,93,6,0.04075935637328598,386.0,253.53410001844168,47058
1571,93,5,32.68501181715122,0.3268501181715122,0.35145173996936796,93,5,93,93,5,0.039829356373260794,386.0,0.03400002606213093,0
1572,93,5,32.64518246077793,0.32645182460777933,0.3510234673201928,93,5,93,93,5,0.039829356373260794,386.0,0.052200048230588436,0
1573,93,5,32.605353104404635,0.32605353104404633,0.3505951946710176,93,5,93,93,5,0.039829356373260794,386.0,0.055800017435103655,0
1574,93,5,32.56552374803134,0.3256552374803134,0.3501669220218424,93,5,93,93,5,0.039829356373275004,386.0,0.05929998587816954,0
1575,93,5,32.52466067930279,0.3252466067930279,0.34972753418605157,93,5,93,93,6,0.04086306872851253,386.0,247.09610000718385,47058
1576,93,5,32.48472761057425,0.3248472761057425,0.34929814635026074,93,5,93,93,5,0.039933068728544185,386.0,0.05690002581104636,0
1577,93,5,32.44479454184571,0.3244479454184571,0.34886875851446997,93,5,93,93,5,0.039933068728515764,386.0,0.05570001667365432,0
1578,93,5,32.40486147311716,0.3240486147311716,0.3484393706786792,93,5,93,93,5,0.039933068728544185,386.0,0.053800002206116915,0
1579,93,5,32.36492840438862,0.3236492840438862,0.3480099828428884,93,5,93,93,5,0.03993306872850155,386.0,0.05299999611452222,0
1580,93,5,32.3241227836315,0.32324122783631504,0.34757121272722047,93,5,93,93,6,0.04080562075711214,386.0,243.681900028605,47058
1581,93,5,32.28424716287438,0.3228424716287438,0.34714244261155247,93,5,93,93,5,0.03987562075711537,386.0,0.035999983083456755,0
1582,93,5,32.24437154211726,0.32244371542117256,0.3467136724958844,93,5,93,93,5,0.03987562075708695,386.0,0.05740002961829305,0
1583,93,5,32.204495921360135,0.3220449592136013,0.3462849023802165,93,5,93,93,5,0.03987562075711537,386.0,0.07400003960356116,0
1584,93,5,32.16462030060301,0.32164620300603014,0.34585613226454853,93,5,93,93,5,0.03987562075711537,386.0,0.05340005736798048,0
1585,93,5,32.12383485494107,0.32123834854941075,0.3454175790853879,93,5,93,93,6,0.040785445661882136,386.0,258.8716999744065,47058
1586,93,5,32.08397940927914,0.3208397940927914,0.34498902590622726,93,5,93,93,5,0.03985544566189958,386.0,0.06480002775788307,0
1587,93,5,32.04412396361719,0.3204412396361719,0.3445604727270665,93,5,93,93,5,0.03985544566188537,386.0,0.06620003841817379,0
1588,93,5,32.00426851795525,0.32004268517955253,0.344131919547906,93,5,93,93,5,0.03985544566187116,386.0,0.03439997090026736,0
1589,93,5,31.96441307229331,0.31964413072293313,0.34370336636874527,93,5,93,93,5,0.03985544566189958,386.0,0.03200001083314419,0
1590,93,5,31.923381982214007,0.31923381982214005,0.3432621718517635,93,5,93,93,6,0.0410310900792723,386.0,246.12069997237995,47058
1591,93,5,31.883280892134703,0.318832808921347,0.34283097733478174,93,5,93,93,5,0.040101090079275536,386.0,0.05849997978657484,0
1592,93,5,31.843179802055403,0.31843179802055405,0.3423997828178001,93,5,93,93,5,0.040101090079261326,386.0,0.05500001134350896,0
1593,93,5,31.80307871197609,0.3180307871197609,0.3419685883008182,93,5,93,93,5,0.040101090079275536,386.0,0.054999953135848045,0
1594,93,5,31.7629776218968,0.317629776218968,0.3415373937838365,93,5,93,93,5,0.040101090079275536,386.0,0.056100019719451666,0
1595,93,5,31.72203986514803,0.31722039865148033,0.34109720285105405,93,5,93,93,6,0.04093775674873257,386.0,247.15190002461895,47058
1596,93,5,31.682032108399262,0.3168203210839926,0.3406670119182717,93,5,93,93,5,0.04000775674872159,386.0,0.05770003190264106,0
1597,93,5,31.6420243516505,0.316420243516505,0.34023682098548924,93,5,93,93,5,0.04000775674875001,386.0,0.054999953135848045,0
1598,93,5,31.602016594901734,0.31602016594901733,0.33980663005270684,93,5,93,93,5,0.04000775674872159,386.0,0.0591999851167202,0
1599,93,5,31.562008838152963,0.3156200883815296,0.33937643911992443,93,5,93,93,5,0.04000775674875001,386.0,0.05959998816251755,0
1600,93,5,31.521148787546377,0.31521148787546377,0.33893708373705783,93,5,93,93,6,0.040860050606568166,386.0,250.76560000889003,47058
1601,93,5,31.481218736939777,0.31481218736939776,0.33850772835419113,93,5,93,93,5,0.03993005060655719,386.0,0.05829997826367617,0
1602,93,5,31.44128868633318,0.3144128868633318,0.3380783729713245,93,5,93,93,5,0.03993005060658561,386.0,0.054800009820610285,0
1603,93,5,31.401358635726588,0.3140135863572659,0.3376490175884579,93,5,93,93,5,0.0399300506065714,386.0,0.055500015150755644,0
1604,93,5,31.361428585119988,0.3136142858511999,0.3372196622055913,93,5,93,93,5,0.03993005060655719,386.0,0.0543000060133636,0
1605,93,5,31.320395298524947,0.31320395298524945,0.3367784440701607,93,5,93,93,6,0.04103328659499539,386.0,238.99310000706464,47058
1606,93,5,31.2802920119299,0.312802920119299,0.3363472259347301,93,5,93,93,5,0.04010328659501283,386.0,0.06160000339150429,0
1607,93,5,31.240188725334857,0.31240188725334855,0.3359160077992996,93,5,93,93,5,0.04010328659498441,386.0,0.09779998799785972,0
1608,93,5,31.20008543873982,0.3120008543873982,0.335484789663869,93,5,93,93,5,0.04010328659499862,386.0,0.06180000491440296,0
1609,93,5,31.159652723763056,0.31159652723763054,0.33505002928777483,93,5,93,93,5,0.040432714976702755,386.0,0.060500053223222494,0
1610,93,5,31.1187520939636,0.311187520939636,0.33461023756950103,93,5,93,93,6,0.04090062979942388,386.0,248.06030001491308,47058
1611,93,5,31.07878146416414,0.3107878146416414,0.3341804458512273,93,5,93,93,5,0.039970629799398694,386.0,0.062000006437301636,0
1612,93,5,31.038810834364675,0.3103881083436468,0.33375065413295346,93,5,93,93,5,0.039970629799398694,386.0,0.06019999273121357,0
1613,93,5,30.99884020456521,0.3099884020456521,0.3333208624146797,93,5,93,93,5,0.039970629799412905,386.0,0.03390002530068159,0
1614,93,5,30.95886957476575,0.3095886957476575,0.3328910706964059,93,5,93,93,5,0.039970629799398694,386.0,0.04929996794089675,0
1615,93,5,30.91791628586009,0.3091791628586009,0.3324507127511838,93,5,93,93,6,0.04095328890564076,386.0,263.84430000325665,47058
1616,93,5,30.87789299695444,0.3087789299695444,0.3320203548059617,93,5,93,93,5,0.040023288905629784,386.0,0.06320001557469368,0
1617,93,5,30.837869708048782,0.3083786970804878,0.3315899968607396,93,5,93,93,5,0.040023288905629784,386.0,0.06049999501556158,0
1618,92,5,30.798113044685095,0.30798113044685094,0.33476209831179454,93,5,93,92,5,0.03975666336364725,386.0,0.05959998816251755,0
1619,92,5,30.758522952470344,0.30758522952470346,0.3343317712225037,92,5,92,92,5,0.03959009221472343,382.0,0.05779997445642948,0
1620,92,5,30.717870075111747,0.3071787007511175,0.33388989212077985,92,5,92,92,6,0.04065287735859613,382.0,257.05850002123043,46552
1621,92,5,30.678137197753163,0.30678137197753164,0.33345801301905614,92,5,92,92,5,0.039732877358574115,382.0,0.05929998587816954,0
1622,92,5,30.63840432039457,0.3063840432039457,0.33302613391733227,92,5,92,92,5,0.039732877358588325,382.0,0.05800003418698907,0
1623,92,5,30.598671443035975,0.30598671443035974,0.3325942548156085,92,5,92,92,5,0.039732877358574115,382.0,0.05909998435527086,0
1624,92,5,30.558938565677384,0.30558938565677385,0.33216237571388463,92,5,92,92,5,0.039732877358602536,382.0,0.059999991208314896,0
1625,92,5,30.51837614189228,0.3051837614189228,0.33172147980317696,92,5,92,92,6,0.040562423785061696,382.0,246.83509999886155,46552
1626,92,5,30.47873371810716,0.3047873371810716,0.3312905838924691,92,5,92,92,5,0.039642423785068104,382.0,0.03239995567128062,0
1627,92,5,30.439091294322047,0.30439091294322046,0.3308596879817614,92,5,92,92,5,0.03964242378505389,382.0,0.05289999535307288,0
1628,92,5,30.399448870536936,0.3039944887053694,0.33042879207105363,92,5,92,92,5,0.039642423785068104,382.0,0.059699988923966885,0
1629,92,5,30.35980644675183,0.3035980644675183,0.3299978961603459,92,5,92,92,5,0.03964242378505389,382.0,0.05849997978657484,0
1630,92,5,30.319219269362076,0.30319219269362074,0.3295567311887182,92,5,92,92,6,0.04058717738968198,382.0,251.8059000140056,46552
1631,92,5,30.27955209197232,0.3027955209197232,0.3291255662170904,92,5,92,92,5,0.03966717738968839,382.0,0.061700004152953625,0
1632,92,5,30.239884914582564,0.30239884914582565,0.3286944012454626,92,5,92,92,5,0.03966717738967418,382.0,0.06029999349266291,0
1633,92,5,30.200217737192805,0.302002177371928,0.32826323627383486,92,5,92,92,5,0.03966717738968839,382.0,0.059500045608729124,0
1634,92,5,30.16055055980305,0.3016055055980305,0.32783207130220704,92,5,92,92,5,0.03966717738967418,382.0,0.056500022765249014,0
1635,92,5,30.120149308275003,0.30120149308275,0.3273929272638587,92,5,92,92,6,0.04040125152801011,382.0,258.61819996498525,46552
1636,92,5,30.080668056746948,0.30080668056746945,0.3269637832255103,92,5,92,92,5,0.039481251528030725,382.0,0.061400001868605614,0
1637,92,5,30.041186805218885,0.30041186805218884,0.32653463918716175,92,5,92,92,5,0.039481251528016514,382.0,0.09099999442696571,0
1638,92,5,30.001705553690837,0.3000170555369084,0.32610549514881343,92,5,92,92,5,0.039481251528016514,382.0,0.05819997750222683,0
1639,92,5,29.962224302162777,0.29962224302162777,0.32567635111046495,92,5,92,92,5,0.039481251528030725,382.0,0.0589000410400331,0
1640,92,5,29.921855765936236,0.29921855765936234,0.32523756267322,92,5,92,92,6,0.04036853622652359,382.0,240.28020002879202,46552
1641,92,5,29.882407229709706,0.29882407229709707,0.32480877423597504,92,5,92,92,5,0.039448536226501574,382.0,0.036299985367804766,0
1642,92,5,29.842958693483162,0.2984295869348316,0.32437998579873,92,5,92,92,5,0.039448536226515785,382.0,0.03270001616328955,0
1643,92,5,29.803510157256625,0.29803510157256624,0.32395119736148503,92,5,92,92,5,0.039448536226515785,382.0,0.030399998649954796,0
1644,92,5,29.764061621030084,0.29764061621030086,0.32352240892424006,92,5,92,92,5,0.039448536226501574,382.0,0.030099996365606785,0
1645,92,5,29.72357791264246,0.2972357791264246,0.32308236861567896,92,5,92,92,6,0.040483708387583306,382.0,240.64829997951165,46552
1646,92,5,29.68401420425485,0.2968401420425485,0.32265232830711793,92,5,92,92,5,0.0395637083875755,382.0,0.057299970649182796,0
1647,92,5,29.644450495867233,0.2964445049586723,0.3222222879985569,92,5,92,92,5,0.03956370838758971,382.0,0.06379996193572879,0
1648,92,5,29.604886787479618,0.2960488678747962,0.32179224768999587,92,5,92,92,5,0.0395637083875755,382.0,0.05809997674077749,0
1649,92,5,29.565323079092,0.29565323079092,0.3213622073814348,92,5,92,92,5,0.0395637083875755,382.0,0.05820003570988774,0
1650,92,5,29.524971458971518,0.29524971458971516,0.3209236028149078,92,5,92,92,6,0.04035162012048943,382.0,247.02290003187954,46552
1651,91,5,29.486639089753393,0.2948663908975339,0.324029000986301,91,4,91,74,5,0.038332369218110784,384.0,0.057800032664090395,0
1652,90,4,29.447749595273056,0.29447749595273054,0.3271972177252562,91,4,91,90,4,0.038889494480315534,469.0,0.22139999782666564,0
1653,90,4,29.408894289788194,0.29408894289788196,0.3267654921087577,90,4,90,90,4,0.038855305484858604,464.0,0.05500001134350896,0
1654,90,4,29.370038984303328,0.29370038984303326,0.3263337664922592,90,4,90,90,4,0.038855305484858604,464.0,0.05460000829771161,0
1655,90,4,29.33028425081694,0.2933028425081694,0.32589204723129933,90,4,90,90,5,0.039754733486347504,464.0,248.4616999863647,36450
1656,90,4,29.291429517330542,0.2929142951733054,0.3254603279703394,90,4,90,90,4,0.03885473348637447,464.0,0.06359996041283011,0
1657,90,4,29.252574783844157,0.29252574783844154,0.3250286087093795,90,4,90,90,4,0.03885473348636026,464.0,0.052499992307275534,0
1658,90,4,29.213720050357765,0.29213720050357767,0.3245968894484196,90,4,90,90,4,0.03885473348636026,464.0,0.052200048230588436,0
1659,90,4,29.17486531687137,0.2917486531687137,0.3241651701874597,90,4,90,90,4,0.03885473348637447,464.0,0.08109997725114226,0
1660,90,4,29.135254547217002,0.29135254547217004,0.32372505052463335,90,4,90,90,5,0.03961076965431687,464.0,241.28419999033213,36450
1661,90,4,29.096543777562626,0.2909654377756263,0.32329493086180694,90,4,90,90,4,0.038710769654329624,464.0,0.059999991208314896,0
1662,90,4,29.057833007908254,0.2905783300790825,0.3228648111989806,90,4,90,90,4,0.03871076965428699,464.0,0.06510003004223108,0
1663,90,4,29.01912223825388,0.2901912223825388,0.3224346915361542,90,4,90,90,4,0.038710769654329624,464.0,0.0591999851167202,0
1664,90,4,28.980411468599513,0.28980411468599515,0.3220045718733279,90,4,90,90,4,0.0387107696543012,464.0,0.05860003875568509,0
1665,90,4,28.940565565804846,0.28940565565804843,0.3215618396200538,90,4,90,90,5,0.039845902794681365,464.0,226.50260000955313,36450
1666,90,4,28.901619663010187,0.28901619663010186,0.3211291073667798,90,4,90,90,4,0.03894590279463728,464.0,0.04880002234131098,0
1667,90,4,28.86267376021552,0.28862673760215524,0.32069637511350585,90,4,90,90,4,0.0389459027946657,464.0,0.059699988923966885,0
1668,90,4,28.82372785742086,0.2882372785742086,0.3202636428602318,90,4,90,90,4,0.03894590279465149,464.0,0.05360000068321824,0
1669,90,4,28.784781954626194,0.28784781954626193,0.31983091060695773,90,4,90,90,4,0.03894590279465149,464.0,0.05800003418698907,0
1670,90,4,28.745156463769753,0.28745156463769755,0.3193906273752195,90,4,90,90,5,0.039625490856408874,464.0,243.08869999367744,36450
1671,90,4,28.706430972913317,0.28706430972913316,0.31896034414348134,90,4,90,90,4,0.03872549085639321,464.0,0.059500045608729124,0
1672,90,4,28.667705482056885,0.2866770548205688,0.31853006091174313,90,4,90,90,4,0.03872549085640742,464.0,0.05420000525191426,0
1673,90,4,28.628979991200442,0.28628979991200443,0.3180997776800049,90,4,90,90,4,0.03872549085640742,464.0,0.05600001895800233,0
1674,90,4,28.590254500344003,0.28590254500344003,0.31766949444826664,90,4,90,90,4,0.03872549085639321,464.0,0.056800025049597025,0
1675,90,4,28.550653573472687,0.28550653573472684,0.3172294841496965,90,4,90,90,5,0.039600926871287356,464.0,238.14959998708218,36450
1676,90,4,28.51195264660136,0.28511952646601363,0.3167994738511263,90,4,90,90,4,0.03870092687127169,464.0,0.05139998393133283,0
1677,89,4,28.476654658582056,0.28476654658582057,0.31996241189418034,89,3,89,67,4,0.035297988019308946,460.6666666666667,0.035299977753311396,0
1678,89,3,28.43803198191929,0.28438031981919293,0.31952844923504825,89,3,89,89,3,0.03862267666272601,607.3333333333334,0.2877999795600772,0
1679,89,3,28.399409305256537,0.28399409305256534,0.3190944865759161,89,3,89,89,3,0.03862267666275443,607.3333333333334,0.07750000804662704,0
1680,89,4,28.360160169225182,0.2836016016922518,0.31865348504747393,89,4,89,89,5,0.03924913603131586,459.0,240.73740001767874,36045
1681,89,4,28.321801033193836,0.2832180103319384,0.3182224835190318,89,4,89,89,4,0.038359136031331786,459.0,0.05440000677481294,0
1682,89,4,28.283441897162486,0.28283441897162487,0.31779148199058976,89,4,89,89,4,0.038359136031303365,459.0,0.08289999095723033,0
1683,89,4,28.24508276113114,0.2824508276113114,0.3173604804621477,89,4,89,89,4,0.038359136031317576,459.0,0.05570001667365432,0
1684,89,4,28.20672362509979,0.2820672362509979,0.3169294789337055,89,4,89,89,4,0.038359136031317576,459.0,0.05470000905916095,0
1685,89,4,28.167326125498672,0.2816732612549867,0.3164868103988615,89,4,89,89,5,0.039397499601108166,459.0,233.69119997369125,36045
1686,89,4,28.128818625897555,0.28128818625897556,0.3160541418640175,89,4,89,89,4,0.038507499601109885,459.0,0.05949998740106821,0
1687,89,4,28.09031112629643,0.2809031112629643,0.3156214733291734,89,4,89,89,4,0.03850749960108146,459.0,0.05339999916031957,0
1688,89,4,28.05180362669531,0.2805180362669531,0.3151888047943293,89,4,89,89,4,0.038507499601109885,459.0,0.05730002885684371,0
1689,89,4,28.013296127094193,0.28013296127094195,0.31475613625948534,89,4,89,89,4,0.038507499601095674,459.0,0.054800009820610285,0
1690,89,4,27.973928448459066,0.2797392844845907,0.31431380279167487,89,4,89,89,5,0.039367678635102266,459.0,246.55779998283833,36045
1691,89,4,27.93545076982393,0.27935450769823933,0.3138814693238644,89,4,89,89,4,0.038477678635089774,459.0,0.058699981309473515,0
1692,89,4,27.8969730911888,0.27896973091188804,0.31344913585605394,89,4,89,89,4,0.03847767863507556,459.0,0.052499992307275534,0
1693,89,4,27.85849541255367,0.2785849541255367,0.3130168023882435,89,4,89,89,4,0.03847767863507556,459.0,0.05219999002292752,0
1694,89,4,27.820017733918544,0.27820017733918545,0.312584468920433,89,4,89,89,4,0.038477678635089774,459.0,0.05000003147870302,0
1695,88,4,27.780979786862066,0.27780979786862064,0.31569295212343257,89,4,89,88,5,0.03903794705647101,459.0,237.31940001016483,36045
1696,88,4,27.743031301159395,0.27743031301159393,0.31526171933135677,88,4,88,88,4,0.03794848570265685,454.0,0.05889998283237219,0
1697,88,4,27.705082815456723,0.2770508281545672,0.314830486539281,88,4,88,88,4,0.037948485702685275,454.0,0.05520001286640763,0
1698,88,4,27.66713432975405,0.2766713432975405,0.3143992537472051,88,4,88,88,4,0.03794848570265685,454.0,0.052900053560733795,0
1699,88,4,27.62918584405138,0.2762918584405138,0.3139680209551293,88,4,88,88,4,0.03794848570265685,454.0,0.0543000060133636,0
1700,88,4,27.59045980785378,0.2759045980785378,0.3135279523619748,88,4,88,88,5,0.03872603619760184,454.0,256.510800041724,35640
1701,87,4,27.55474027300876,0.2755474027300876,0.31672115256331906,87,3,87,71,4,0.03571953484500057,487.3333333333333,0.03270001616328955,0
1702,87,3,27.51693481416798,0.27516934814167976,0.31628660705940215,87,3,87,87,3,0.03780545884076503,594.0,0.1278999843634665,0
1703,87,3,27.479129355327206,0.2747912935532721,0.3158520615554851,87,3,87,87,3,0.03780545884076503,594.0,0.032400013878941536,0
1704,87,3,27.441323896486434,0.27441323896486436,0.3154175160515682,87,3,87,87,3,0.037805458840750816,594.0,0.023999949917197227,0
1705,87,4,27.402901669007903,0.274029016690079,0.3149758812529644,87,4,87,87,5,0.03842222747850599,449.0,234.09909999463707,35235
1706,87,4,27.365349441529386,0.27365349441529385,0.3145442464543607,87,4,87,87,4,0.037552227478514055,449.0,0.05339999916031957,0
1707,87,4,27.327797214050857,0.2732779721405086,0.31411261165575693,87,4,87,87,4,0.037552227478499844,449.0,0.04850002005696297,0
1708,87,4,27.290244986572336,0.2729024498657234,0.3136809768571533,87,4,87,87,4,0.037552227478499844,449.0,0.04950002767145634,0
1709,87,4,27.25269275909381,0.2725269275909381,0.31324934205854954,87,4,87,87,4,0.037552227478499844,449.0,0.04780001472681761,0
1710,87,4,27.214332201407338,0.2721433220140734,0.3128084161081303,87,4,87,87,5,0.03836055768644542,449.0,229.0750000393018,35235
1711,87,4,27.17684164372086,0.2717684164372086,0.31237749015771105,87,4,87,87,4,0.037490557686439274,449.0,0.05490001058205962,0
1712,87,4,27.139351086034385,0.27139351086034386,0.31194656420729183,87,4,87,87,4,0.037490557686439274,449.0,0.06210000719875097,0
1713,86,4,27.102214877781364,0.27102214877781367,0.31514203346257397,87,4,87,86,4,0.03713620825298847,449.0,0.054800009820610285,0
1714,86,4,27.06515766259257,0.2706515766259257,0.3147111356115415,86,4,86,86,4,0.037057215188752934,444.0,0.050200033001601696,0
1715,86,4,27.027229953919157,0.2702722995391916,0.31427011574324604,86,4,86,86,5,0.037927708673350935,444.0,234.14739995496348,34830
1716,86,4,26.99016224524574,0.2699016224524574,0.3138390958749505,86,4,86,86,4,0.037067708673347965,444.0,0.04309997893869877,0
1717,86,4,26.953094536572333,0.2695309453657233,0.31340807600665505,86,4,86,86,4,0.037067708673347965,444.0,0.033999967854470015,0
1718,86,4,26.916026827898918,0.2691602682789892,0.3129770561383596,86,4,86,86,4,0.037067708673362176,444.0,0.033400021493434906,0
1719,86,4,26.878959119225506,0.26878959119225504,0.312546036270064,86,4,86,86,4,0.037067708673347965,444.0,0.052099989261478186,0
1720,86,4,26.84100866518379,0.2684100866518379,0.3121047519207417,86,4,86,86,5,0.03795045404172015,444.0,246.72779999673367,34830
1721,86,4,26.80391821114207,0.2680391821114207,0.3116734675714194,86,4,86,86,4,0.03709045404168876,444.0,0.056500022765249014,0
1722,86,4,26.766827757100355,0.26766827757100353,0.3112421832220971,86,4,86,86,4,0.03709045404166034,444.0,0.05339999916031957,0
1723,86,4,26.729737303058638,0.26729737303058637,0.31081089887277485,86,4,86,86,4,0.03709045404168876,444.0,0.055100012104958296,0
1724,86,4,26.692646849016928,0.26692646849016927,0.31037961452345264,86,4,86,86,4,0.03709045404168876,444.0,0.05219999002292752,0
1725,86,4,26.654617584703843,0.26654617584703844,0.30993741377562606,86,4,86,86,5,0.03802926431303888,444.0,222.97810000600293,34830
1726,86,4,26.617448320390764,0.26617448320390763,0.3095052130277996,86,4,86,86,4,0.03716926431306433,444.0,0.03300001844763756,0
1727,86,4,26.58027905607768,0.26580279056077677,0.309073012279973,86,4,86,86,4,0.03716926431303591,444.0,0.07650000043213367,0
1728,86,4,26.5431097917646,0.265431097917646,0.30864081153214656,86,4,86,86,4,0.03716926431305012,444.0,0.03549997927621007,0
1729,86,4,26.505940527451525,0.26505940527451527,0.30820861078432,86,4,86,86,4,0.03716926431305012,444.0,0.02989999484270811,0
1730,86,4,26.467968170442248,0.26467968170442246,0.3077670717493285,86,4,86,86,5,0.037972357009223856,444.0,210.8691999455914,34830
1731,86,4,26.430855813432974,0.26430855813432974,0.30733553271433695,86,4,86,86,4,0.037112357009192465,444.0,0.05889998283237219,0
1732,86,4,26.393743456423703,0.263937434564237,0.3069039936793454,86,4,86,86,4,0.037112357009178254,444.0,0.041300023440271616,0
1733,86,4,26.356631099414436,0.26356631099414435,0.30647245464435385,86,4,86,86,4,0.037112357009192465,444.0,0.049900030717253685,0
1734,86,4,26.319518742405158,0.26319518742405157,0.30604091560936236,86,4,86,86,4,0.037112357009206676,444.0,0.05339999916031957,0
1735,86,4,26.281591275560004,0.2628159127556,0.3055998985530233,86,4,86,86,5,0.03792746684513304,444.0,224.46840000338852,34830
1736,86,4,26.244523808714845,0.2624452380871485,0.3051688814966843,86,4,86,86,4,0.03706746684514428,444.0,0.04539999645203352,0
1737,86,4,26.207456341869683,0.26207456341869684,0.3047378644403452,86,4,86,86,4,0.03706746684515849,444.0,0.04449998959898949,0
1738,86,4,26.170388875024525,0.26170388875024525,0.30430684738400604,86,4,86,86,4,0.03706746684514428,444.0,0.026799971237778664,0
1739,86,4,26.133321408179363,0.2613332140817936,0.3038758303276671,86,4,86,86,4,0.03706746684513007,444.0,0.023800006601959467,0
1740,86,4,26.09530425338452,0.2609530425338452,0.30343377038819214,86,4,86,86,5,0.038017154794829366,444.0,225.8041999884881,34830
1741,86,4,26.05814709858967,0.26058147098589673,0.3030017104487171,86,4,86,86,4,0.037157154794783764,444.0,0.05630002124235034,0
1742,86,4,26.02098994379483,0.2602098994379483,0.3025696505092421,86,4,86,86,4,0.037157154794797975,444.0,0.051799986977130175,0
1743,86,4,25.983832788999983,0.25983832788999983,0.30213759056976724,86,4,86,86,4,0.037157154794812186,444.0,0.0591999851167202,0
1744,86,4,25.946675634205135,0.25946675634205135,0.3017055306302923,86,4,86,86,4,0.037157154794797975,444.0,0.05549995694309473,0
1745,86,4,25.908714054302582,0.25908714054302584,0.30126411691049515,86,4,86,86,5,0.03796157990254301,444.0,220.76820000074804,34830
1746,86,4,25.871612474400035,0.25871612474400035,0.3008327031906981,86,4,86,86,4,0.03710157990252583,444.0,0.054800009820610285,0
1747,86,4,25.83451089449748,0.2583451089449748,0.30040128947090095,86,4,86,86,4,0.03710157990255425,444.0,0.051799986977130175,0
1748,86,4,25.79740931459493,0.2579740931459493,0.29996987575110384,86,4,86,86,4,0.03710157990255425,444.0,0.05470000905916095,0
1749,86,4,25.760307734692372,0.2576030773469237,0.2995384620313067,86,4,86,86,4,0.03710157990252583,444.0,0.04449998959898949,0
1750,86,4,25.722379878457136,0.25722379878457136,0.299097440447176,86,4,86,86,5,0.03792785623524253,444.0,233.68900001514703,34830
1751,85,4,25.685560371116182,0.25685560371116184,0.30218306318960214,86,4,86,85,4,0.03681950734095096,444.0,0.06130000110715628,0
1752,85,4,25.648924814621108,0.2564892481462111,0.3017520566426013,85,4,85,85,4,0.03663555649507089,439.0,0.043199979700148106,0
1753,85,4,25.612289258126044,0.2561228925812604,0.3013210500956005,85,4,85,85,4,0.036635556495056676,439.0,0.04910002462565899,0
1754,85,4,25.57565370163098,0.2557565370163098,0.3008900435485998,85,4,85,85,4,0.036635556495056676,439.0,0.04900002386420965,0
1755,85,4,25.538137072891047,0.2553813707289105,0.30044867144577697,85,4,85,85,5,0.03751662873992245,439.0,230.82350002368912,34425
1756,85,4,25.501470444151117,0.2550147044415112,0.3000172993429543,85,4,85,85,4,0.036666628739894236,439.0,0.05630002124235034,0
1757,85,4,25.46480381541119,0.2546480381541119,0.29958592724013167,85,4,85,85,4,0.03666662873990845,439.0,0.05530001362785697,0
1758,85,4,25.428137186671258,0.25428137186671257,0.29915455513730893,85,4,85,85,4,0.03666662873990845,439.0,0.053800002206116915,0
1759,85,4,25.391470557931328,0.2539147055793133,0.29872318303448625,85,4,85,85,4,0.03666662873990845,439.0,0.053099996875971556,0
1760,85,4,25.35409592091634,0.2535409592091634,0.29828348142254524,85,4,85,85,5,0.03737463701497745,439.0,240.13659998308867,34425
1761,85,4,25.317571283901344,0.25317571283901347,0.29785377981060407,85,4,85,85,4,0.03652463701497766,439.0,0.05329999839887023,0
1762,85,4,25.281046646886356,0.25281046646886357,0.297424078198663,85,4,85,85,4,0.036524637014963446,439.0,0.04899996565654874,0
1763,85,4,25.244522009871368,0.2524452200987137,0.29699437658672195,85,4,85,85,4,0.03652463701500608,439.0,0.048600020818412304,0
1764,85,4,25.20799737285637,0.25207997372856367,0.2965646749747808,85,4,85,85,4,0.036524637014963446,439.0,0.04429998807609081,0
1765,85,4,25.17056176042014,0.2517056176042014,0.2961242560049428,85,4,85,85,5,0.03743561243624072,439.0,230.77860003104433,34425
1766,85,4,25.133976147983905,0.25133976147983905,0.29569383703510477,85,4,85,85,4,0.03658561243619829,439.0,0.05199998850002885,0
1767,85,4,25.097390535547664,0.25097390535547665,0.2952634180652667,85,4,85,85,4,0.03658561243624092,439.0,0.05069997860118747,0
1768,85,4,25.06080492311143,0.2506080492311143,0.2948329990954286,85,4,85,85,4,0.0365856124362125,439.0,0.053800002206116915,0
1769,85,4,25.024219310675196,0.25024219310675194,0.29440258012559056,85,4,85,85,4,0.03658561243624092,439.0,0.053800002206116915,0
1770,85,4,24.986788341616982,0.24986788341616983,0.2939622157837293,85,4,85,85,5,0.03743096905817822,439.0,220.71500000311062,34425
1771,85,4,24.95020737255877,0.2495020737255877,0.2935318514418679,85,4,85,85,4,0.036580969058164214,439.0,0.056699966080486774,0
1772,85,4,24.91362640350055,0.24913626403500552,0.2931014871000065,85,4,85,85,4,0.036580969058164214,439.0,0.025900022592395544,0
1773,85,4,24.87704543444234,0.2487704543444234,0.29267112275814516,85,4,85,85,4,0.036580969058192636,439.0,0.03270001616328955,0
1774,85,4,24.840464465384123,0.24840464465384124,0.2922407584162838,85,4,85,85,4,0.036580969058178425,439.0,0.053099996875971556,0
1775,85,4,24.802992219444672,0.24802992219444672,0.2917999084640549,85,4,85,85,5,0.03747224593941212,439.0,237.31559998122975,34425
1776,85,4,24.766369973505217,0.24766369973505217,0.29136905851182615,85,4,85,85,4,0.036622245939426534,439.0,0.05589995998889208,0
1777,85,4,24.729747727565766,0.24729747727565765,0.29093820855959723,85,4,85,85,4,0.0366222459393839,439.0,0.05360000068321824,0
1778,85,4,24.693125481626314,0.24693125481626313,0.2905073586073684,85,4,85,85,4,0.03662224593941232,439.0,0.05400000372901559,0
1779,85,4,24.65650323568686,0.24656503235686858,0.29007650865513956,85,4,85,85,4,0.03662224593941232,439.0,0.053499999921768904,0
1780,85,4,24.61901767919179,0.24619017679191788,0.28963550210813865,85,4,85,85,5,0.03748555649508489,439.0,231.75029997946694,34425
1781,85,4,24.582382122696725,0.24582382122696725,0.2892044955611379,85,4,85,85,4,0.036635556495056676,439.0,0.03519997699186206,0
1782,85,4,24.54574656620165,0.2454574656620165,0.288773489014137,85,4,85,85,4,0.03663555649507089,439.0,0.06709998706355691,0
1783,85,4,24.50911100970658,0.2450911100970658,0.28834248246713623,85,4,85,85,4,0.036635556495056676,439.0,0.050799979362636805,0
1784,85,4,24.472475453211512,0.24472475453211512,0.28791147592013544,85,4,85,85,4,0.03663555649507089,439.0,0.05200004670768976,0
1785,85,4,24.43489531377662,0.24434895313776622,0.28746935663266615,85,4,85,85,5,0.03758013943487981,439.0,221.47920000134036,34425
1786,85,4,24.39816517434172,0.2439816517434172,0.2870372373451967,85,4,85,85,4,0.036730139434880016,439.0,0.052499992307275534,0
1787,85,4,24.36143503490683,0.2436143503490683,0.28660511805772737,85,4,85,85,4,0.03673013943489423,439.0,0.05470000905916095,0
1788,85,4,24.324704895471932,0.24324704895471932,0.28617299877025804,85,4,85,85,4,0.036730139434880016,439.0,0.02759997732937336,0
1789,85,4,24.28797475603704,0.24287974756037042,0.2857408794827887,85,4,85,85,4,0.036730139434880016,439.0,0.05490001058205962,0
1790,85,4,24.250364926720476,0.24250364926720475,0.28529841090259384,85,4,85,85,5,0.03760982931652279,439.0,217.50900003826246,34425
1791,85,4,24.213605097403917,0.24213605097403917,0.28486594232239904,85,4,85,85,4,0.036759829316508785,439.0,0.0610999995842576,0
1792,85,4,24.176845268087355,0.24176845268087355,0.2844334737422042,85,4,85,85,4,0.036759829316522996,439.0,0.04449998959898949,0
1793,85,4,24.140085438770793,0.24140085438770792,0.28400100516200927,85,4,85,85,4,0.036759829316508785,439.0,0.02570002106949687,0
1794,85,4,24.103325609454227,0.24103325609454226,0.28356853658181447,85,4,85,85,4,0.036759829316522996,439.0,0.025799963623285294,0
1795,85,4,24.065871658646234,0.24065871658646235,0.2831279018664264,85,4,85,85,5,0.0374539508079863,439.0,230.89649999747053,34425
1796,85,4,24.02926770783824,0.2402926770783824,0.2826972671510381,85,4,85,85,4,0.036603950807943875,439.0,0.05709996912628412,0
1797,85,4,23.992663757030247,0.23992663757030247,0.2822666324356499,85,4,85,85,4,0.036603950807958086,439.0,0.0847000046633184,0
1798,85,4,23.956059806222253,0.23956059806222252,0.2818359977202618,85,4,85,85,4,0.036603950807972296,439.0,0.03439997090026736,0
1799,85,4,23.91945585541426,0.2391945585541426,0.2814053630048736,85,4,85,85,4,0.036603950807972296,439.0,0.043199979700148106,0
1800,85,4,23.88196730087709,0.2388196730087709,0.2809643211867892,85,4,85,85,5,0.03748855453714839,439.0,226.76539997337386,34425
1801,85,4,23.845328746339906,0.23845328746339906,0.28053327936870476,85,4,85,85,4,0.036638554537162804,439.0,0.05500001134350896,0
1802,85,4,23.80869019180274,0.2380869019180274,0.2801022375506204,85,4,85,85,4,0.036638554537162804,439.0,0.0543000060133636,0
1803,85,4,23.772051637265566,0.23772051637265565,0.27967119573253607,85,4,85,85,4,0.036638554537162804,439.0,0.02589996438473463,0
1804,85,4,23.73541308272839,0.23735413082728388,0.27924015391445167,85,4,85,85,4,0.03663855453714859,439.0,0.0543000060133636,0
1805,85,4,23.697905701172175,0.23697905701172176,0.27879889060202556,85,4,85,85,5,0.03750738155619615,439.0,217.58029999909922,34425
1806,85,4,23.66124831961597,0.2366124831961597,0.2783676272895997,85,4,85,85,4,0.03665738155622478,439.0,0.054100004490464926,0
1807,85,4,23.624590938059757,0.23624590938059759,0.27793636397717364,85,4,85,85,4,0.036657381556196356,439.0,0.05370000144466758,0
1808,85,4,23.587933556503547,0.23587933556503546,0.2775051006647476,85,4,85,85,4,0.036657381556182145,439.0,0.052499992307275534,0
1809,85,4,23.551276174947333,0.23551276174947333,0.27707383735232155,85,4,85,85,4,0.036657381556196356,439.0,0.05259999306872487,0
1810,85,4,23.513775123610795,0.23513775123610794,0.2766326485130682,85,4,85,85,5,0.03750105133653392,439.0,223.85489998850971,34425
1811,85,4,23.477124072274254,0.23477124072274255,0.27620145967381476,85,4,85,85,4,0.03665105133651991,439.0,0.054500007536262274,0
1812,85,4,23.440473020937713,0.23440473020937713,0.27577027083456135,85,4,85,85,4,0.036651051336534124,439.0,0.05129998316988349,0
1813,84,4,23.404098816777378,0.23404098816777377,0.2786202240092545,85,4,85,84,4,0.03637420416031034,439.0,0.050499977078288794,0
1814,84,4,23.367881396636445,0.23367881396636445,0.2781890642456719,84,4,84,84,4,0.03621742014088625,434.0,0.05019997479394078,0
1815,84,4,23.330802327225708,0.23330802327225708,0.277747646752687,84,4,84,84,5,0.03707906941073702,434.0,235.10450002504513,34020
1816,84,4,23.294563257814975,0.23294563257814974,0.27731622925970206,84,4,84,84,4,0.0362390694107404,434.0,0.05889998283237219,0
1817,84,4,23.258324188404252,0.23258324188404253,0.2768848117667173,84,4,84,84,4,0.03623906941072619,434.0,0.054100004490464926,0
1818,84,4,23.222085118993512,0.23222085118993513,0.2764533942737323,84,4,84,84,4,0.03623906941072619,434.0,0.0564999645575881,0
1819,84,4,23.185846049582782,0.2318584604958278,0.2760219767807474,84,4,84,84,4,0.0362390694107404,434.0,0.056200020480901,0
1820,84,4,23.148819590278666,0.23148819590278666,0.27558118559855554,84,4,84,84,5,0.03702645930410142,434.0,222.33339998638257,34020
1821,84,4,23.112633130974555,0.23112633130974555,0.27515039441636374,84,4,84,84,4,0.03618645930407638,434.0,0.11069996980950236,0
1822,82,4,23.077157113401892,0.23077157113401892,0.28142874528538897,84,4,84,82,4,0.03547601757264829,434.0,0.04439998883754015,0
1823,82,4,23.041845172602194,0.23041845172602193,0.2809981118610024,82,4,82,82,4,0.035311940799672925,424.0,0.030499999411404133,0
1824,82,4,23.006533231802504,0.23006533231802503,0.2805674784366159,82,4,82,82,4,0.035311940799672925,424.0,0.03029999788850546,0
1825,82,4,22.970434208626905,0.22970434208626905,0.2801272464466696,82,4,82,82,5,0.03609902317556646,424.0,235.05140002816916,33210
1826,82,4,22.935155185451304,0.22935155185451303,0.27969701445672324,82,4,82,82,4,0.035279023175590396,424.0,0.050900038331747055,0
1827,82,4,22.899876162275703,0.22899876162275704,0.2792667824667769,82,4,82,82,4,0.035279023175561974,424.0,0.04800001624971628,0
1828,82,4,22.864597139100105,0.22864597139100107,0.27883655047683054,82,4,82,82,4,0.035279023175576185,424.0,0.05019997479394078,0
1829,82,4,22.8293181159245,0.22829318115924502,0.2784063184868842,82,4,82,82,4,0.035279023175576185,424.0,0.047600013203918934,0
1830,82,4,22.793223944357102,0.22793223944357102,0.27796614566289146,82,4,82,82,5,0.03609417156737038,424.0,230.26550002396107,33210
1831,82,4,22.7579497727897,0.227579497727897,0.27753597283889875,82,4,82,82,4,0.0352741715673659,424.0,0.05099998088553548,0
1832,82,4,22.722675601222292,0.22722675601222292,0.27710580001490603,82,4,82,82,4,0.03527417156738011,424.0,0.028699985705316067,0
1833,82,4,22.687401429654894,0.22687401429654894,0.2766756271909133,82,4,82,82,4,0.0352741715673659,424.0,0.03950000973418355,0
1834,82,4,22.652127258087493,0.22652127258087493,0.2762454543669206,82,4,82,82,4,0.0352741715673659,424.0,0.0323000131174922,0
1835,82,4,22.615969269448204,0.22615969269448205,0.2758045032859537,82,4,82,82,5,0.03615798863924624,424.0,210.95360000617802,33210
1836,82,4,22.58063128080892,0.2258063128080892,0.27537355220498677,82,4,82,82,4,0.03533798863925597,424.0,0.04999997327104211,0
1837,82,4,22.54529329216963,0.22545293292169633,0.2749426011240199,82,4,82,82,4,0.03533798863924176,424.0,0.049600028432905674,0
1838,82,4,22.509955303530344,0.22509955303530343,0.27451165004305295,82,4,82,82,4,0.03533798863922755,424.0,0.04870002157986164,0
1839,82,4,22.474617314891056,0.22474617314891054,0.27408069896208603,82,4,82,82,4,0.03533798863927018,424.0,0.04800001624971628,0
1840,82,4,22.438489968976292,0.2243848996897629,0.2736401215728816,82,4,82,82,5,0.03612734591473554,424.0,194.565599958878,33210
1841,82,4,22.40318262306152,0.2240318262306152,0.27320954418367704,82,4,82,82,4,0.03530734591473106,424.0,0.054800009820610285,0
1842,82,4,22.367875277146755,0.22367875277146754,0.27277896679447267,82,4,82,82,4,0.03530734591474527,424.0,0.0513000413775444,0
1843,82,4,22.33256793123199,0.2233256793123199,0.2723483894052682,82,4,82,82,4,0.03530734591473106,424.0,0.02619996666908264,0
1844,82,4,22.297260585317225,0.22297260585317225,0.2719178120160637,82,4,82,82,4,0.03530734591471685,424.0,0.03520003519952297,0
1845,82,4,22.261119657468107,0.22261119657468106,0.27147706899351354,82,4,82,82,5,0.03614092784910383,424.0,210.25800000643358,33210
1846,82,4,22.225798729618997,0.22225798729618998,0.2710463259709634,82,4,82,82,4,0.03532092784908514,424.0,0.02629996743053198,0
1847,82,4,22.190477801769887,0.22190477801769887,0.2706155829484132,82,4,82,82,4,0.03532092784909935,424.0,0.040300015825778246,0
1848,82,4,22.155156873920774,0.22155156873920773,0.2701848399258631,82,4,82,82,4,0.03532092784909935,424.0,0.051099981646984816,0
1849,82,4,22.11983594607166,0.22119835946071661,0.2697540969033129,82,4,82,82,4,0.03532092784908514,424.0,0.04970002919435501,0
1850,81,4,22.088776826545434,0.22088776826545434,0.27270094847586956,81,3,81,55,5,0.031059119526219092,380.6666666666667,221.69599996414036,33210
1851,81,3,22.053209338437863,0.22053209338437862,0.27226184368441797,81,3,81,81,3,0.03556748810757426,554.0,0.27440005214884877,0
1852,81,3,22.017641850330286,0.22017641850330286,0.27182273889296643,81,3,81,81,3,0.03556748810753163,554.0,0.053499999921768904,0
1853,81,3,21.98207436222271,0.21982074362222712,0.271383634101515,81,3,81,81,3,0.03556748810757426,554.0,0.05199998850002885,0
1854,81,3,21.946506874115137,0.21946506874115138,0.2709445293100634,81,3,81,81,3,0.03556748810754584,554.0,0.05029997555539012,0
1855,81,4,21.910716169476796,0.21910716169476796,0.2705026687589727,81,4,81,81,5,0.03579070463830192,419.0,217.43739995872602,32805
1856,81,4,21.875735464838446,0.21875735464838444,0.27007080820788204,81,4,81,81,4,0.03498070463830061,419.0,0.03149994881823659,0
1857,81,4,21.840754760200095,0.21840754760200096,0.2696389476567913,81,4,81,81,4,0.03498070463830061,419.0,0.028800044674426317,0
1858,81,4,21.805774055561756,0.21805774055561755,0.2692070871057006,81,4,81,81,4,0.0349807046382864,419.0,0.029699993319809437,0
1859,80,4,21.771069322059642,0.2177106932205964,0.27213836652574547,80,3,80,57,4,0.034704733502053386,394.0,0.026899971999228,0
1860,80,4,21.735823081456374,0.21735823081456374,0.2716977885182047,80,4,80,80,5,0.035246240603257206,414.0,214.6622000145726,32400
1861,80,4,21.70137684085311,0.21701376840853112,0.2712672105106638,80,4,80,80,4,0.03444624060324486,414.0,0.052200048230588436,0
1862,80,4,21.666930600249838,0.21666930600249837,0.270836632503123,80,4,80,80,4,0.03444624060325907,414.0,0.04840001929551363,0
1863,80,4,21.632484359646572,0.21632484359646573,0.2704060544955822,80,4,80,80,4,0.03444624060325907,414.0,0.04850002005696297,0
1864,80,4,21.59803811904331,0.21598038119043309,0.2699754764880414,80,4,80,80,4,0.03444624060323065,414.0,0.04959997022524476,0
1865,80,4,21.562482010046164,0.21562482010046163,0.26953102512557703,80,4,80,80,5,0.03555610899715589,414.0,213.31070002634078,32400
1866,80,4,21.527725901049006,0.21527725901049005,0.26909657376311263,80,4,80,80,4,0.03475610899714354,414.0,0.040000013541430235,0
1867,80,4,21.492969792051856,0.21492969792051855,0.2686621224006482,80,4,80,80,4,0.03475610899712933,414.0,0.041199964471161366,0
1868,80,4,21.45821368305471,0.21458213683054708,0.2682276710381838,80,4,80,80,4,0.03475610899712933,414.0,0.027600035537034273,0
1869,80,4,21.42345757405755,0.2142345757405755,0.26779321967571945,80,4,80,80,4,0.03475610899715775,414.0,0.027200032491236925,0
1870,80,4,21.388201915789228,0.2138820191578923,0.2673525239473653,80,4,80,80,5,0.035255658268283696,414.0,205.29010001337156,32400
1871,80,4,21.353746257520896,0.21353746257520898,0.2669218282190112,80,4,80,80,4,0.03445565826831398,414.0,0.053800002206116915,0
1872,80,4,21.319290599252568,0.2131929059925257,0.2664911324906571,80,4,80,80,4,0.03445565826827135,414.0,0.05319999763742089,0
1873,79,4,21.28527202409172,0.21285272024091723,0.26943382308976854,79,4,79,79,4,0.034018575160814635,409.0,0.05110003985464573,0
1874,79,4,21.25125371461234,0.2125125371461234,0.2690032115773714,79,4,79,79,4,0.03401830947933604,409.0,0.051200040616095066,0
1875,79,4,21.216398936107748,0.21216398936107747,0.26856201184946515,79,4,79,79,5,0.03485477850453833,409.0,210.15020000049844,31995
1876,79,4,21.18233415760315,0.2118233415760315,0.26813081212155887,79,4,79,79,4,0.03406477850454337,409.0,0.05339999916031957,0
1877,78,4,21.153180255734505,0.21153180255734505,0.2711946186632629,78,3,78,57,4,0.029153901868568255,394.0,0.04329998046159744,0
1878,78,3,21.119093229617558,0.21119093229617558,0.2707576055079174,78,3,78,78,3,0.03408702611689307,534.0,0.2738999901339412,0
1879,78,3,21.085006203500612,0.21085006203500611,0.27032059235257194,78,3,78,78,3,0.03408702611689307,534.0,0.051099981646984816,0
1880,78,4,21.050626931992802,0.21050626931992802,0.26987983246144615,78,4,78,78,5,0.0343792715078024,404.0,223.209899966605,31590
1881,78,4,21.017027660484988,0.21017027660484988,0.2694490725703203,78,4,78,78,4,0.0335992715077964,404.0,0.05069997860118747,0
1882,78,4,20.983428388977174,0.20983428388977174,0.26901831267919457,78,4,78,78,4,0.0335992715077964,404.0,0.04539999645203352,0
1883,78,4,20.94982911746936,0.2094982911746936,0.26858755278806873,78,4,78,78,4,0.033599271507824824,404.0,0.04569999873638153,0
1884,78,4,20.916229845961546,0.20916229845961545,0.2681567928969429,78,4,78,78,4,0.0335992715077964,404.0,0.043199979700148106,0
1885,77,4,20.882332386861307,0.20882332386861308,0.27119912190728973,77,3,77,60,5,0.03389745910021702,414.0,191.18919997708872,31590
1886,77,3,20.8481560516248,0.20848156051624803,0.2707552733977247,77,3,77,77,3,0.03417633523648078,527.3333333333334,0.23750000400468707,0
1887,77,3,20.813979716388285,0.20813979716388287,0.2703114248881596,77,3,77,77,3,0.03417633523649499,527.3333333333334,0.05040003452450037,0
1888,77,3,20.77980338115178,0.2077980338115178,0.26986757637859454,77,3,77,77,3,0.03417633523649499,527.3333333333334,0.05139998393133283,0
1889,77,3,20.745627045915267,0.20745627045915266,0.26942372786902946,77,3,77,77,3,0.03417633523648078,527.3333333333334,0.043000036384910345,0
1890,77,4,20.71175296699911,0.2071175296699911,0.2689838047662222,77,4,77,77,5,0.033874078916142025,399.0,189.71270002657548,31185
1891,77,4,20.67864888808296,0.20678648888082962,0.26855388166341504,77,4,77,77,4,0.03310407891615341,399.0,0.043700041715055704,0
1892,76,4,20.649342193995647,0.20649342193995646,0.2717018709736269,76,3,76,56,4,0.029306694087310348,387.3333333333333,0.05360000068321824,0
1893,76,3,20.61625916583961,0.20616259165839612,0.2712665679715739,76,3,76,76,3,0.03308302815599973,520.6666666666666,0.2730999840423465,0
1894,76,3,20.58317613768358,0.2058317613768358,0.27083126496952087,76,3,76,76,3,0.03308302815604236,520.6666666666666,0.035999983083456755,0
1895,76,4,20.5497047692241,0.205497047692241,0.2703908522266329,76,4,76,76,5,0.03347136845945897,394.0,195.49409998580813,30780
1896,76,4,20.51699340076461,0.20516993400764608,0.2699604394837449,76,4,76,76,4,0.0327113684594309,394.0,0.05319999763742089,0
1897,76,4,20.484282032305128,0.2048428203230513,0.26953002674085696,76,4,76,76,4,0.03271136845944511,394.0,0.050499977078288794,0
1898,76,4,20.451570663845644,0.20451570663845645,0.269099613997969,76,4,76,76,4,0.03271136845944511,394.0,0.04579999949783087,0
1899,76,4,20.418859295386156,0.20418859295386155,0.268669201255081,76,4,76,76,4,0.03271136845945932,394.0,0.04680000711232424,0
1900,76,4,20.385333810763367,0.20385333810763367,0.2682280764574127,76,4,76,76,5,0.03352548462277127,394.0,201.61330001428723,30780
1901,76,4,20.35256832614057,0.20352568326140572,0.2677969516597443,76,4,76,76,4,0.0327654846227432,394.0,0.05420000525191426,0
1902,76,4,20.31980284151778,0.2031980284151778,0.26736582686207605,76,4,76,76,4,0.03276548462275741,394.0,0.053499999921768904,0
1903,76,4,20.287037356894988,0.20287037356894988,0.2669347020644077,76,4,76,76,4,0.03276548462275741,394.0,0.05050003528594971,0
1904,76,4,20.25427187227219,0.20254271872272192,0.26650357726673934,76,4,76,76,4,0.03276548462275741,394.0,0.04040001658722758,0
1905,76,4,20.220744020465663,0.20220744020465664,0.26606242132191654,76,4,76,76,5,0.0335278518065536,394.0,189.69389999983832,30780
1906,75,4,20.18833037313439,0.20188330373134392,0.2691777383084585,76,4,76,75,4,0.032413647331267725,394.0,0.04819995956495404,0
1907,74,4,20.156363039124262,0.20156363039124262,0.2723832843124901,75,4,75,74,4,0.0319673340101474,389.0,0.04600000102072954,0
1908,73,4,20.12479630624382,0.2012479630624382,0.27568214118142226,74,4,74,73,4,0.03156673288043521,384.0,0.04579999949783087,0
1909,73,4,20.093332907074657,0.20093332907074657,0.2752511357133514,73,4,73,73,4,0.03146339916916929,379.0,0.04409998655319214,0
1910,73,4,20.061065164555092,0.20061065164555092,0.27480911184322043,73,4,73,73,5,0.03226774251955078,379.0,193.26919998275116,29565
1911,73,4,20.029527422035528,0.20029527422035528,0.2743770879730894,73,4,73,73,4,0.03153774251951802,379.0,0.04799995804205537,0
1912,73,4,19.997989679515964,0.19997989679515965,0.2739450641029584,73,4,73,73,4,0.03153774251951802,379.0,0.07860001642256975,0
1913,73,4,19.966451936996403,0.19966451936996404,0.2735130402328274,73,4,73,73,4,0.03153774251951802,379.0,0.07309997454285622,0
1914,73,4,19.934914194476836,0.19934914194476835,0.2730810163626963,73,4,73,73,4,0.03153774251953223,379.0,0.0295999925583601,0
1915,73,4,19.90272824544157,0.1990272824544157,0.27264011295125434,73,4,73,73,5,0.03218594903520966,379.0,202.59580004494637,29565
1916,73,4,19.871272296406303,0.19871272296406303,0.2722092095398125,73,4,73,73,4,0.031455949035262165,379.0,0.048900023102760315,0
1917,73,4,19.83981634737104,0.19839816347371042,0.27177830612837045,73,4,73,73,4,0.03145594903519111,379.0,0.04929996794089675,0
1918,73,4,19.80836039833578,0.19808360398335778,0.2713474027169285,73,4,73,73,4,0.031455949035247954,379.0,0.049499969463795424,0
1919,73,4,19.776904449300517,0.19776904449300517,0.27091649930548656,73,4,73,73,4,0.03145594903520532,379.0,0.046900007873773575,0
1920,73,4,19.744538750221302,0.19744538750221302,0.27047313356467545,73,4,73,73,5,0.03236569907920739,379.0,201.2453000061214,29565
1921,73,4,19.712903051142096,0.19712903051142094,0.27003976782386435,73,4,73,73,4,0.03163569907918884,379.0,0.029799994081258774,0
1922,73,4,19.68126735206289,0.1968126735206289,0.26960640208305325,73,4,73,73,4,0.03163569907920305,379.0,0.026800029445439577,0
1923,73,4,19.64963165298368,0.1964963165298368,0.26917303634224216,73,4,73,73,4,0.03163569907916042,379.0,0.025100016500800848,0
1924,73,4,19.61799595390447,0.19617995953904468,0.26873967060143106,73,4,73,73,4,0.03163569907920305,379.0,0.04869996337220073,0
1925,73,4,19.58588179448772,0.1958588179448772,0.26829975060942074,73,4,73,73,5,0.032114159416707366,379.0,211.67119999881834,29565
1926,73,4,19.554497635070966,0.19554497635070966,0.2678698306174106,73,4,73,73,4,0.03138415941670303,379.0,0.02989999484270811,0
1927,73,4,19.523113475654217,0.19523113475654216,0.26743991062540023,73,4,73,73,4,0.03138415941668882,379.0,0.04900002386420965,0
1928,73,4,19.491729316237468,0.1949172931623747,0.2670099906333899,73,4,73,73,4,0.03138415941668882,379.0,0.047399953473359346,0
1929,73,4,19.460345156820722,0.19460345156820721,0.26658007064137973,73,4,73,73,4,0.03138415941671724,379.0,0.1632000203244388,0
1930,73,4,19.428075468145583,0.19428075468145584,0.26613802011158344,73,4,73,73,5,0.032269688675114594,379.0,193.57830000808463,29565
1931,73,4,19.39653577947046,0.1939653577947046,0.26570596958178716,73,4,73,73,4,0.031539688675096045,379.0,0.04770001396536827,0
1932,72,4,19.36533287040266,0.1936533287040266,0.26896295653337027,73,4,73,72,4,0.031202909067800988,379.0,0.04469999112188816,0
1933,72,4,19.33423655988513,0.19334236559885132,0.2685310633317379,72,4,72,72,4,0.031096310517511938,374.0,0.04449998959898949,0
1934,72,4,19.303140249367594,0.19303140249367595,0.2680991701301055,72,4,72,72,4,0.031096310517511938,374.0,0.044899992644786835,0
1935,72,4,19.271364525296736,0.19271364525296736,0.26765784062912135,72,4,72,72,5,0.03177572407082607,374.0,191.3790000253357,29160
1936,72,4,19.24030880122588,0.1924030880122588,0.2672265111281372,72,4,72,72,4,0.03105572407083912,374.0,0.05039997631683946,0
1937,72,4,19.209253077155026,0.19209253077155025,0.26679518162715316,72,4,72,72,4,0.03105572407083912,374.0,0.04460004856809974,0
1938,72,4,19.17819735308417,0.1917819735308417,0.26636385212616903,72,4,72,72,4,0.031055724070810697,374.0,0.03890000516548753,0
1939,72,4,19.147141629013312,0.19147141629013312,0.2659325226251849,72,4,72,72,4,0.03105572407082491,374.0,0.044899992644786835,0
1940,72,4,19.115414391796243,0.19115414391796243,0.26549186655272566,72,4,72,72,5,0.03172723721705495,374.0,215.98430001176894,29160
1941,72,4,19.08440715457917,0.19084407154579172,0.2650612104802663,72,4,72,72,4,0.031007237217011152,374.0,0.08420000085607171,0
1942,72,4,19.053399917362107,0.19053399917362107,0.264630554407807,72,4,72,72,4,0.031007237217039574,374.0,0.05470000905916095,0
1943,72,4,19.022392680145032,0.1902239268014503,0.26419989833534774,72,4,72,72,4,0.031007237217025363,374.0,0.13280002167448401,0
1944,72,4,18.991385442927964,0.18991385442927963,0.26376924226288845,72,4,72,72,4,0.031007237217039574,374.0,0.04090002039447427,0
1945,72,4,18.959647188808997,0.18959647188808998,0.2633284331779027,72,4,72,72,5,0.03173825411896303,374.0,197.43770000059158,29160
1946,72,4,18.928628934690032,0.1892862893469003,0.262897624092917,72,4,72,72,4,0.03101825411891923,374.0,0.047600013203918934,0
1947,72,4,18.897610680571052,0.18897610680571053,0.26246681500793134,72,4,72,72,4,0.031018254118947652,374.0,0.04600000102072954,0
1948,72,4,18.866592426452083,0.18866592426452083,0.2620360059229456,72,4,72,72,4,0.03101825411893344,374.0,0.04499999340623617,0
1949,72,4,18.835574172333114,0.18835574172333114,0.26160519683795996,72,4,72,72,4,0.03101825411893344,374.0,0.040199956856667995,0
1950,72,4,18.80376881239948,0.1880376881239948,0.2611634557277706,72,4,72,72,5,0.03180535993364231,374.0,195.67399995867163,29160
1951,72,4,18.772683452465845,0.18772683452465844,0.26073171461758116,72,4,72,72,4,0.031085359933641143,374.0,0.05029997555539012,0
1952,72,4,18.741598092532215,0.18741598092532213,0.26029997350739176,72,4,72,72,4,0.031085359933626933,374.0,0.05040003452450037,0
1953,72,4,18.710512732598573,0.18710512732598572,0.2598682323972024,72,4,72,72,4,0.031085359933626933,374.0,0.0488999648950994,0
1954,72,4,18.679427372664936,0.18679427372664936,0.25943649128701307,72,4,72,72,4,0.031085359933641143,374.0,0.038300000596791506,0
1955,72,4,18.64767000517894,0.1864767000517894,0.2589954167385964,72,4,72,72,5,0.03175736748592328,374.0,188.92980000237003,29160
1956,72,4,18.616632637692938,0.18616632637692937,0.2585643421901797,72,4,72,72,4,0.03103736748595054,374.0,0.030800001695752144,0
1957,72,4,18.585595270206927,0.18585595270206925,0.2581332676417629,72,4,72,72,4,0.03103736748596475,374.0,0.04930002614855766,0
1958,72,4,18.55455790272093,0.1855455790272093,0.25770219309334624,72,4,72,72,4,0.03103736748596475,374.0,0.04700000863522291,0
1959,72,4,18.523520535234926,0.18523520535234927,0.2572711185449295,72,4,72,72,4,0.03103736748593633,374.0,0.04730001091957092,0
1960,72,4,18.491859456692712,0.1849185945669271,0.2568313813429543,72,4,72,72,5,0.031661078542171595,374.0,212.62389997718856,29160
1961,72,4,18.46091837815049,0.18460918378150493,0.25640164414097905,72,4,72,72,4,0.03094107854217043,374.0,0.048600020818412304,0
1962,72,4,18.429977299608275,0.18429977299608274,0.25597190693900385,72,4,72,72,4,0.03094107854218464,374.0,0.04800001624971628,0
1963,72,4,18.39903622106606,0.1839903622106606,0.2555421697370286,72,4,72,72,4,0.03094107854218464,374.0,0.04780001472681761,0
1964,72,4,18.368095142523842,0.1836809514252384,0.25511243253505334,72,4,72,72,4,0.03094107854218464,374.0,0.047399953473359346,0
1965,72,4,18.336388144924687,0.18336388144924687,0.2546720575683985,72,4,72,72,5,0.031706997599115994,374.0,210.72249999269843,29160
1966,72,4,18.305401147325536,0.18305401147325537,0.25424168260174357,72,4,72,72,4,0.030986997599157462,374.0,0.051499984692782164,0
1967,72,4,18.274414149726386,0.18274414149726387,0.25381130763508863,72,4,72,72,4,0.03098699759912904,374.0,0.04880002234131098,0
1968,72,4,18.243427152127232,0.1824342715212723,0.25338093266843376,72,4,72,72,4,0.03098699759914325,374.0,0.05000003147870302,0
1969,72,4,18.21244015452808,0.18212440154528078,0.25295055770177893,72,4,72,72,4,0.03098699759914325,374.0,0.0488999648950994,0
1970,72,4,18.180680161524407,0.18180680161524407,0.252509446687839,72,4,72,72,5,0.031759993003646514,374.0,209.49539996217936,29160
1971,72,4,18.149640168520733,0.18149640168520734,0.2520783356738991,72,4,72,72,4,0.031039993003616928,374.0,0.04719995195046067,0
1972,72,4,18.118600175517063,0.18118600175517063,0.2516472246599592,72,4,72,72,4,0.031039993003616928,374.0,0.04309997893869877,0
1973,72,4,18.08756018251339,0.1808756018251339,0.2512161136460193,72,4,72,72,4,0.031039993003616928,374.0,0.040000013541430235,0
1974,72,4,18.056520189509715,0.18056520189509714,0.25078500263207937,72,4,72,72,4,0.03103999300363114,374.0,0.021599989850074053,0
1975,72,4,18.02475146465661,0.1802475146465661,0.2503437703424529,72,4,72,72,5,0.03176872485306603,374.0,192.4587999819778,29160
1976,72,4,17.993702739803506,0.17993702739803508,0.24991253805282648,72,4,72,72,4,0.03104872485306487,374.0,0.02929999027401209,0
1977,72,4,17.9626540149504,0.179626540149504,0.24948130576320005,72,4,72,72,4,0.03104872485306487,374.0,0.025499961338937283,0
1978,71,4,17.931838202365707,0.17931838202365707,0.25256110144177046,72,4,72,71,4,0.03081581258464894,374.0,0.024900014977902174,0
1979,71,4,17.90122184676277,0.1790122184676277,0.25212988516567275,71,4,71,71,4,0.03061635560287357,369.0,0.024500011932104826,0
1980,71,4,17.87001101724082,0.1787001101724082,0.2516902960174764,71,4,71,71,5,0.031210829521938876,369.0,189.98389999615029,28755
1981,71,4,17.839510187718872,0.1783951018771887,0.2512607068692798,71,4,71,71,4,0.030500829521940886,369.0,0.03850000211969018,0
1982,71,4,17.809009358196917,0.17809009358196917,0.25083111772108346,71,4,71,71,4,0.030500829521912465,369.0,0.0219999928958714,0
1983,71,4,17.778508528674973,0.17778508528674972,0.25040152857288694,71,4,71,71,4,0.030500829521912465,369.0,0.049400026910007,0
1984,71,4,17.748007699153025,0.17748007699153023,0.24997193942469048,71,4,71,71,4,0.030500829521926676,369.0,0.04830001853406429,0
1985,71,4,17.716748513083935,0.17716748513083935,0.2495316691983652,71,4,71,71,5,0.03125918606909295,369.0,192.3767999978736,28755
1986,71,4,17.686199327014837,0.17686199327014837,0.2491013989720399,71,4,71,71,4,0.030549186069066536,369.0,0.04810001701116562,0
1987,71,4,17.65565014094575,0.1765565014094575,0.2486711287457148,71,4,71,71,4,0.030549186069066536,369.0,0.045900000259280205,0
1988,71,4,17.625100954876658,0.17625100954876657,0.24824085851938954,71,4,71,71,4,0.030549186069080747,369.0,0.06479996955022216,0
1989,71,4,17.594551768807566,0.17594551768807565,0.24781058829306432,71,4,71,71,4,0.030549186069066536,369.0,0.040899962186813354,0
1990,71,4,17.563264507754422,0.17563264507754422,0.24736992264442847,71,4,71,71,5,0.03128726105312296,369.0,190.23430004017428,28755
1991,71,4,17.53268724670128,0.17532687246701278,0.24693925699579267,71,4,71,71,4,0.03057726105311076,369.0,0.05219999002292752,0
1992,71,4,17.50210998564814,0.1750210998564814,0.24650859134715694,71,4,71,71,4,0.03057726105312497,369.0,0.04829996032640338,0
1993,71,4,17.47153272459499,0.1747153272459499,0.246077925698521,71,4,71,71,4,0.03057726105311076,369.0,0.04929996794089675,0
1994,71,4,17.440955463541854,0.17440955463541855,0.2456472600498852,71,4,71,71,4,0.03057726105309655,369.0,0.04640000406652689,0
1995,71,4,17.409635622669345,0.17409635622669345,0.24520613553055412,71,4,71,71,5,0.031319840872470195,369.0,190.4645999893546,28755
1996,71,4,17.379025781796837,0.17379025781796836,0.24477501101122306,71,4,71,71,4,0.030609840872443783,369.0,0.043000036384910345,0
1997,71,4,17.348415940924333,0.17348415940924333,0.244343886491892,71,4,71,71,4,0.030609840872443783,369.0,0.03879994619637728,0
1998,71,4,17.317806100051826,0.17317806100051825,0.24391276197256098,71,4,71,71,4,0.030609840872429572,369.0,0.040199956856667995,0
1999,71,4,17.28719625917932,0.17287196259179322,0.24348163745322987,71,4,71,71,4,0.030609840872472205,369.0,0.05600001895800233,0
2000,71,4,17.255812582824728,0.17255812582824728,0.24303961384260184,71,4,71,71,5,0.03138367635453676,369.0,194.29279997712,28755
2001,71,4,17.22513890647014,0.1722513890647014,0.24260759023197384,71,4,71,71,4,0.03067367635455298,369.0,0.04959997022524476,0
2002,71,4,17.194465230115547,0.17194465230115547,0.2421755666213458,71,4,71,71,4,0.030673676354567192,369.0,0.04650000482797623,0
2003,71,4,17.16379155376096,0.1716379155376096,0.24174354301071774,71,4,71,71,4,0.03067367635452456,369.0,0.04740001168102026,0
2004,71,4,17.13311787740637,0.1713311787740637,0.2413115194000897,71,4,71,71,4,0.03067367635453877,369.0,0.04040001658722758,0
2005,71,4,17.101808713449064,0.17101808713449063,0.24087054525984597,71,4,71,71,5,0.03130916395728889,369.0,181.50569999124855,28755
2006,71,4,17.07120954949176,0.1707120954949176,0.24043957111960224,71,4,71,71,4,0.030599163957276687,369.0,0.049400026910007,0
2007,71,4,17.040610385534457,0.17040610385534458,0.24000859697935856,71,4,71,71,4,0.030599163957262476,369.0,0.0447999918833375,0
2008,71,4,17.01001122157716,0.1701001122157716,0.2395776228391149,71,4,71,71,4,0.030599163957248265,369.0,0.051799986977130175,0
2009,71,4,16.979412057619854,0.16979412057619853,0.23914664869887117,71,4,71,71,4,0.030599163957290898,369.0,0.04539999645203352,0
2010,71,4,16.948125867527185,0.16948125867527186,0.23870599813418572,71,4,71,71,5,0.03128619009264355,369.0,192.75909999851137,28755
2011,71,4,16.91754967743451,0.16917549677434512,0.23827534756950022,71,4,71,71,4,0.03057619009264556,369.0,0.06970000686123967,0
2012,71,4,16.88697348734184,0.16886973487341841,0.2378446970048147,71,4,71,71,4,0.03057619009264556,369.0,0.04830001853406429,0
2013,71,4,16.856397297249174,0.16856397297249173,0.2374140464401292,71,4,71,71,4,0.03057619009263135,369.0,0.04710000939667225,0
2014,71,4,16.82582110715651,0.1682582110715651,0.23698339587544381,71,4,71,71,4,0.030576190092673983,369.0,0.046900007873773575,0
2015,71,4,16.794555249735698,0.167945552497357,0.23654303168641824,71,4,71,71,5,0.03126585742080579,369.0,185.23959995945916,28755
2016,71,4,16.76399939231488,0.1676399939231488,0.23611266749739265,71,4,71,71,4,0.030555857420765165,369.0,0.04780001472681761,0
2017,71,4,16.733443534894068,0.16733443534894069,0.23568230330836715,71,4,71,71,4,0.030555857420779375,369.0,0.07650000043213367,0
2018,71,4,16.702887677473253,0.16702887677473252,0.23525193911934159,71,4,71,71,4,0.030555857420807797,369.0,0.04249997437000275,0
2019,71,4,16.672331820052438,0.16672331820052438,0.23482157493031602,71,4,71,71,4,0.030555857420779375,369.0,0.04379998426884413,0
2020,71,4,16.641109708509514,0.16641109708509513,0.2343818268804157,71,4,71,71,5,0.031222111542902553,369.0,192.96229997416958,28755
2021,71,4,16.61059759696659,0.1661059759696659,0.23395207883051528,71,4,71,71,4,0.030512111542904563,369.0,0.04710000939667225,0
2022,71,4,16.58008548542366,0.1658008548542366,0.23352233078061496,71,4,71,71,4,0.030512111542890352,369.0,0.043700041715055704,0
2023,71,4,16.549573373880733,0.16549573373880733,0.23309258273071456,71,4,71,71,4,0.030512111542918774,369.0,0.04309997893869877,0
2024,71,4,16.51906126233781,0.1651906126233781,0.23266283468081422,71,4,71,71,4,0.03051211154287614,369.0,0.03880000440403819,0
2025,71,4,16.48782822607616,0.16487828226076162,0.23222293276163608,71,4,71,71,5,0.031233036261625102,369.0,201.84280001558363,28755
2026,71,4,16.457305189814512,0.1645730518981451,0.23179303084245792,71,4,71,71,4,0.030523036261627112,369.0,0.04610000178217888,0
2027,71,4,16.426782153552864,0.16426782153552863,0.2313631289232798,71,4,71,71,4,0.0305230362616129,369.0,0.046600005589425564,0
2028,71,4,16.396259117291212,0.16396259117291212,0.23093322700410157,71,4,71,71,4,0.0305230362616129,369.0,0.04469999112188816,0
2029,70,4,16.36605045668842,0.1636605045668842,0.23380072080983458,71,4,71,70,4,0.030208660602738746,369.0,0.041899969801306725,0
2030,70,4,16.33521497797613,0.16335214977976129,0.2333602139710876,70,4,70,70,5,0.030835478712305076,364.0,182.24779999582097,28350
2031,70,4,16.30507949926384,0.16305079499263841,0.23292970713234057,70,4,70,70,4,0.030135478712253416,364.0,0.029200047720223665,0
2032,70,4,16.27494402055155,0.16274944020551552,0.23249920029359364,70,4,70,70,4,0.030135478712281838,364.0,0.0399000127799809,0
2033,70,4,16.244808541839262,0.16244808541839262,0.2320686934548466,70,4,70,70,4,0.030135478712253416,364.0,0.050799979362636805,0
2034,70,4,16.214673063126973,0.16214673063126972,0.2316381866160996,70,4,70,70,4,0.030135478712281838,364.0,0.046600005589425564,0
2035,70,4,16.183512087022013,0.16183512087022012,0.2311930298146002,70,4,70,70,5,0.031160976104928295,364.0,195.9311999962665,28350
2036,70,4,16.153051110917055,0.16153051110917055,0.23075787301310077,70,4,70,70,4,0.0304609761049619,364.0,0.04199997056275606,0
2037,70,4,16.122590134812093,0.16122590134812093,0.23032271621160139,70,4,70,70,4,0.03046097610493348,364.0,0.04499999340623617,0
2038,70,4,16.092129158707134,0.16092129158707136,0.22988755941010192,70,4,70,70,4,0.03046097610494769,364.0,0.04210002953186631,0
2039,70,4,16.061668182602176,0.16061668182602176,0.22945240260860253,70,4,70,70,4,0.03046097610491927,364.0,0.042600033339113,0
2040,70,4,16.030822717919044,0.16030822717919044,0.22901175311312919,70,4,70,70,5,0.030845464683139312,364.0,188.7663999805227,28350
2041,70,4,16.00067725323591,0.1600067725323591,0.22858110361765585,70,4,70,70,4,0.030145464683101864,364.0,0.050900038331747055,0
2042,70,4,15.970531788552774,0.15970531788552775,0.2281504541221825,70,4,70,70,4,0.030145464683101864,364.0,0.06880000000819564,0
2043,70,4,15.940386323869639,0.15940386323869637,0.22771980462670913,70,4,70,70,4,0.030145464683087653,364.0,0.04810001701116562,0
2044,70,4,15.91024085918651,0.1591024085918651,0.22728915513123582,70,4,70,70,4,0.030145464683130285,364.0,0.04630000330507755,0
2045,70,4,15.87930299109126,0.1587930299109126,0.226847185587018,70,4,70,70,5,0.030937868095207932,364.0,190.6950999982655,28350
2046,70,4,15.849065122996015,0.15849065122996014,0.2264152160428002,70,4,70,70,4,0.030237868095213116,364.0,0.05010003224015236,0
2047,70,4,15.818827254900771,0.15818827254900772,0.22598324649858242,70,4,70,70,4,0.030237868095184695,364.0,0.04730001091957092,0
2048,70,4,15.788589386805524,0.15788589386805524,0.22555127695436467,70,4,70,70,4,0.030237868095227327,364.0,0.045900000259280205,0
2049,70,4,15.758351518710276,0.15758351518710276,0.2251193074101468,70,4,70,70,4,0.030237868095213116,364.0,0.04409998655319214,0
2050,70,4,15.727497727531135,0.15727497727531137,0.22467853896473045,70,4,70,70,5,0.030853791179126233,364.0,199.7432999778539,28350
2051,70,4,15.697343936351993,0.15697343936351993,0.22424777051931416,70,4,70,70,4,0.030153791179102996,364.0,0.04509999416768551,0
2052,70,4,15.667190145172848,0.1566719014517285,0.22381700207389782,70,4,70,70,4,0.030153791179117206,364.0,0.029499991796910763,0
2053,70,4,15.637036353993706,0.15637036353993705,0.2233862336284815,70,4,70,70,4,0.030153791179131417,364.0,0.026399968191981316,0
2054,70,4,15.606882562814565,0.15606882562814564,0.22295546518306522,70,4,70,70,4,0.030153791179102996,364.0,0.04610000178217888,0
2055,70,4,15.576066231022782,0.1557606623102278,0.222515231871754,70,4,70,70,5,0.030816331791768903,364.0,187.6291999942623,28350
2056,70,4,15.545949899230996,0.15545949899230996,0.22208499856044278,70,4,70,70,4,0.030116331791745665,364.0,0.048900023102760315,0
2057,70,4,15.515833567439211,0.1551583356743921,0.2216547652491316,70,4,70,70,4,0.030116331791759876,364.0,0.04700000863522291,0
2058,70,4,15.485717235647426,0.15485717235647425,0.22122453193782038,70,4,70,70,4,0.030116331791759876,364.0,0.025500019546598196,0
2059,69,4,15.457821367010926,0.15457821367010927,0.22402639662334672,69,3,69,51,4,0.027895868636463206,354.0,0.03789999755099416,0
2060,69,3,15.427108695178093,0.15427108695178093,0.2235812854373637,69,3,69,69,4,0.03071267183280213,474.0,190.8275000168942,20976
2061,69,3,15.397086023345265,0.15397086023345266,0.22314617425138064,69,3,69,69,3,0.030022671832782066,474.0,0.038300000596791506,0
2062,69,3,15.367063351512433,0.15367063351512433,0.2227110630653976,69,3,69,69,3,0.030022671832796277,474.0,0.04329998046159744,0
2063,69,3,15.337040679679601,0.153370406796796,0.22227595187941449,69,3,69,69,3,0.030022671832810488,474.0,0.04579999949783087,0
2064,69,3,15.307018007846768,0.15307018007846768,0.22184084069343143,69,3,69,69,3,0.030022671832767855,474.0,0.04220003029331565,0
2065,69,3,15.276278575737052,0.1527627857573705,0.2213953416773486,69,3,69,69,4,0.030739432109697873,474.0,193.1602000258863,20976
2066,69,3,15.246229143627335,0.15246229143627335,0.22095984266126567,69,3,69,69,3,0.0300494321096636,474.0,0.04840001929551363,0
2067,69,3,15.216179711517619,0.1521617971151762,0.22052434364518286,69,3,69,69,3,0.03004943210970623,474.0,0.04759995499625802,0
2068,69,3,15.186130279407903,0.15186130279407903,0.22008884462910008,69,3,69,69,3,0.030049432109649388,474.0,0.04600000102072954,0
2069,69,3,15.156080847298188,0.1515608084729819,0.21965334561301722,69,3,69,69,3,0.03004943210967781,474.0,0.04579999949783087,0
2070,69,3,15.125433639473933,0.1512543363947393,0.2192091831807817,69,3,69,69,4,0.030647207824216594,474.0,187.31670000124723,20976
2071,69,3,15.095476431649685,0.15095476431649685,0.21877502074854616,69,3,69,69,3,0.029957207824239163,474.0,0.0513000413775444,0
2072,69,3,15.065519223825431,0.1506551922382543,0.21834085831631062,69,3,69,69,3,0.02995720782419653,474.0,0.04729995271191001,0
2073,69,3,15.03556201600118,0.1503556201600118,0.21790669588407507,69,3,69,69,3,0.02995720782421074,474.0,0.02859998494386673,0
2074,69,3,15.005604808176928,0.15005604808176928,0.21747253345183953,69,3,69,69,3,0.029957207824224952,474.0,0.028399983420968056,0
2075,69,3,14.974905688083846,0.14974905688083845,0.21702761866788178,69,3,69,69,4,0.030699120093046872,474.0,185.06889999844134,20976
2076,69,3,14.944896567990757,0.14944896567990756,0.21659270388392404,69,3,69,69,3,0.03000912009305523,474.0,0.047600013203918934,0
2077,69,3,14.914887447897673,0.14914887447897673,0.21615778909996625,69,3,69,69,3,0.03000912009304102,474.0,0.04780001472681761,0
2078,69,3,14.884878327804582,0.14884878327804582,0.21572287431600845,69,3,69,69,3,0.03000912009304102,474.0,0.04630000330507755,0
2079,69,3,14.854869207711499,0.148548692077115,0.2152879595320507,69,3,69,69,3,0.03000912009305523,474.0,0.04780001472681761,0
2080,69,3,14.82419523961036,0.1482419523961036,0.21484340926971535,69,3,69,69,4,0.030673968101098126,474.0,193.82669997867197,20976
2081,69,3,14.794211271509225,0.14794211271509225,0.21440885900738008,69,3,69,69,3,0.029983968101106484,474.0,0.048099958803504705,0
2082,69,3,14.76422730340809,0.1476422730340809,0.21397430874504475,69,3,69,69,3,0.029983968101106484,474.0,0.0467000063508749,0
2083,69,3,14.734243335306951,0.1473424333530695,0.21353975848270945,69,3,69,69,3,0.029983968101092273,474.0,0.04840001929551363,0
2084,69,3,14.704259367205816,0.14704259367205816,0.21310520822037413,69,3,69,69,3,0.029983968101106484,474.0,0.07230002665892243,0
2085,69,3,14.673546695372984,0.14673546695372985,0.21266009703439104,69,3,69,69,4,0.03071267183278792,474.0,174.99989998759702,20976
2086,69,3,14.643524023540154,0.14643524023540155,0.21222498584840804,69,3,69,69,3,0.030022671832796277,474.0,0.04520005313679576,0
2087,69,3,14.61350135170732,0.1461350135170732,0.21178987466242497,69,3,69,69,3,0.030022671832810488,474.0,0.04279997665435076,0
2088,69,3,14.583478679874487,0.14583478679874487,0.21135476347644186,69,3,69,69,3,0.030022671832767855,474.0,0.042899977415800095,0
2089,69,3,14.553456008041653,0.14553456008041654,0.21091965229045873,69,3,69,69,3,0.030022671832810488,474.0,0.041899969801306725,0
2090,69,3,14.52277717623782,0.1452277717623782,0.21047503153967853,69,3,69,69,4,0.030678831803768958,474.0,178.5892000189051,20976
2091,69,3,14.492788344433983,0.14492788344433982,0.2100404107888983,69,3,69,69,3,0.02998883180381995,474.0,0.04929996794089675,0
2092,69,3,14.462799512630149,0.14462799512630148,0.2096057900381181,69,3,69,69,3,0.029988831803791527,474.0,0.04910002462565899,0
2093,69,3,14.432810680826313,0.14432810680826313,0.20917116928733787,69,3,69,69,3,0.029988831803805738,474.0,0.04409998655319214,0
2094,69,3,14.40282184902248,0.1440282184902248,0.20873654853655765,69,3,69,69,3,0.029988831803763105,474.0,0.04640000406652689,0
2095,69,3,14.372103607549573,0.14372103607549572,0.20829135663115322,69,3,69,69,4,0.030718241472882823,474.0,182.14109999826178,20976
2096,69,3,14.342075366076669,0.14342075366076668,0.20785616472574883,69,3,69,69,3,0.03002824147284855,474.0,0.04549999721348286,0
2097,69,3,14.312047124603767,0.14312047124603766,0.2074209728203444,69,3,69,69,3,0.03002824147287697,474.0,0.04169996827840805,0
2098,69,3,14.282018883130862,0.14282018883130862,0.20698578091494002,69,3,69,69,3,0.03002824147286276,474.0,0.04859996261075139,0
2099,69,3,14.251990641657958,0.14251990641657958,0.20655058900953563,69,3,69,69,3,0.03002824147286276,474.0,0.0420999713242054,0
2100,69,3,14.221282593236282,0.1422128259323628,0.20610554482951132,69,3,69,69,4,0.03070804842167263,474.0,179.79470000136644,20976
2101,69,3,14.191264544814606,0.14191264544814605,0.20567050064948708,69,3,69,69,3,0.030018048421666776,474.0,0.03709999145939946,0
2102,69,3,14.161246496392934,0.14161246496392935,0.20523545646946284,69,3,69,69,3,0.030018048421638355,474.0,0.04179996903985739,0
2103,69,3,14.13122844797126,0.1413122844797126,0.20480041228943854,69,3,69,69,3,0.030018048421652566,474.0,0.048399961087852716,0
2104,69,3,14.101210399549583,0.14101210399549582,0.20436536810941425,69,3,69,69,3,0.030018048421666776,474.0,0.04579999949783087,0
2105,69,3,14.070460229915493,0.14070460229915493,0.2039197134770361,69,3,69,69,4,0.03075016963403243,474.0,174.8356999596581,20976
2106,69,3,14.040400060281407,0.14040400060281408,0.2034840588446581,69,3,69,69,3,0.03006016963404079,474.0,0.025100016500800848,0
2107,69,3,14.010339890647316,0.14010339890647316,0.20304840421227993,69,3,69,69,3,0.03006016963402658,474.0,0.03659998765215278,0
2108,69,3,13.980279721013227,0.13980279721013228,0.20261274957990186,69,3,69,69,3,0.03006016963402658,474.0,0.04600000102072954,0
2109,69,3,13.950219551379138,0.1395021955137914,0.20217709494752378,69,3,69,69,3,0.030060169634055,474.0,0.047900015488266945,0
2110,69,3,13.919521206771169,0.13919521206771168,0.2017321914024807,69,3,69,69,4,0.030698344607927197,474.0,195.49519999418408,20976
2111,69,3,13.889512862163194,0.13889512862163195,0.20129728785743758,69,3,69,69,3,0.030008344607963977,474.0,0.048900023102760315,0
2112,69,3,13.859504517555226,0.13859504517555227,0.20086238431239462,69,3,69,69,3,0.030008344607921345,474.0,0.044300046283751726,0
2113,68,3,13.829857405358084,0.13829857405358084,0.2033802559611483,69,3,69,68,3,0.029647112197125125,474.0,0.045599997974932194,0
2114,68,3,13.800287656258046,0.13800287656258045,0.20294540670967715,68,3,68,68,3,0.029569749100005538,467.3333333333333,0.02819998189806938,0
2115,68,3,13.770048965244493,0.13770048965244494,0.2025007200771249,68,3,68,68,4,0.03023869101352261,467.3333333333333,165.82719999132678,20672
2116,68,3,13.74049027423094,0.1374049027423094,0.20206603344457263,68,3,68,68,3,0.029558691013505722,467.3333333333333,0.04469999112188816,0
2117,68,3,13.710931583217388,0.13710931583217387,0.20163134681202038,68,3,68,68,3,0.029558691013519933,467.3333333333333,0.04210002953186631,0
2118,68,3,13.681372892203832,0.13681372892203833,0.20119666017946813,68,3,68,68,3,0.029558691013534144,467.3333333333333,0.03439997090026736,0
2119,68,3,13.651814201190284,0.13651814201190285,0.20076197354691594,68,3,68,68,3,0.029558691013505722,467.3333333333333,0.04339998122304678,0
2120,68,3,13.621583430682481,0.13621583430682482,0.2003174033923895,68,3,68,68,4,0.030230770507742477,467.3333333333333,155.62650002539158,20672
2121,68,3,13.59203266017468,0.1359203266017468,0.199882833237863,68,3,68,68,3,0.02955077050776822,467.3333333333333,0.030099996365606785,0
2122,68,3,13.56248188966688,0.1356248188966688,0.1994482630833365,68,3,68,68,3,0.02955077050778243,467.3333333333333,0.025300018023699522,0
2123,68,3,13.532931119159084,0.13532931119159083,0.19901369292881,68,3,68,68,3,0.02955077050775401,467.3333333333333,0.04539999645203352,0
2124,67,3,13.503741912519853,0.13503741912519854,0.20154838675402767,68,3,68,67,3,0.029189206639188114,467.3333333333333,0.026900030206888914,0
2125,67,3,13.473931359615356,0.13473931359615357,0.2011034531285874,67,3,67,67,4,0.029810552904507404,460.6666666666667,179.75240002851933,20368
2126,67,3,13.44479080671086,0.1344479080671086,0.20066851950314715,67,3,67,67,3,0.029140552904479478,460.6666666666667,0.04870002157986164,0
2127,66,3,13.416036995389387,0.13416036995389388,0.20327328780893017,67,3,67,66,3,0.02875381132146515,460.6666666666667,0.02889998722821474,0
2128,66,3,13.387338035726476,0.13387338035726476,0.20283845508676476,66,3,66,66,3,0.028698959662904144,454.0,0.02050003968179226,0
2129,66,3,13.35863907606356,0.13358639076063558,0.2024036223645994,66,3,66,66,3,0.028698959662904144,454.0,0.03549997927621007,0
2130,65,3,13.329536167875107,0.13329536167875106,0.20506978719807858,66,2,66,48,4,0.02910290818846306,494.0,175.12560001341626,20064
2131,65,2,13.301014815791758,0.1330101481579176,0.204630997166027,65,2,65,65,2,0.028521352083316742,664.0,0.2319000195711851,0
2132,65,2,13.272493463708404,0.13272493463708404,0.20419220713397546,65,2,65,65,2,0.028521352083345164,664.0,0.04469999112188816,0
2133,65,2,13.243972111625052,0.13243972111625052,0.20375341710192388,65,2,65,65,2,0.028521352083316742,664.0,0.043899985030293465,0
2134,65,2,13.215450759541701,0.13215450759541703,0.2033146270698723,65,2,65,65,2,0.028521352083330953,664.0,0.04439998883754015,0
2135,65,3,13.18659629300444,0.1318659629300444,0.2028707122000683,65,3,65,65,4,0.028854466537225676,447.3333333333333,170.3927000053227,19760
2136,65,3,13.158391826467179,0.13158391826467178,0.20243679733026432,65,3,65,65,3,0.02820446653724673,447.3333333333333,0.04759995499625802,0
2137,65,3,13.130187359929922,0.1313018735992992,0.20200288246046033,65,3,65,65,3,0.02820446653723252,447.3333333333333,0.04509999416768551,0
2138,65,3,13.10198289339266,0.1310198289339266,0.20156896759065634,65,3,65,65,3,0.02820446653721831,447.3333333333333,0.050099974032491446,0
2139,65,3,13.073778426855402,0.130737784268554,0.20113505272085233,65,3,65,65,3,0.02820446653723252,447.3333333333333,0.0447999918833375,0
2140,65,3,13.044847864239902,0.13044847864239903,0.20068996714215234,65,3,65,65,4,0.028930562615485655,447.3333333333333,168.39720000280067,19760
2141,65,3,13.016567301624402,0.13016567301624402,0.20025488156345236,65,3,65,65,3,0.02828056261547829,447.3333333333333,0.04929996794089675,0
2142,65,3,12.988286739008903,0.12988286739008903,0.19981979598475236,65,3,65,65,3,0.0282805626154925,447.3333333333333,0.04499999340623617,0
2143,65,3,12.9600061763934,0.129600061763934,0.19938471040605232,65,3,65,65,3,0.02828056261547829,447.3333333333333,0.04409998655319214,0
2144,65,3,12.931725613777902,0.129317256137779,0.19894962482735234,65,3,65,65,3,0.02828056261547829,447.3333333333333,0.04429998807609081,0
2145,65,3,12.902879786291535,0.12902879786291535,0.1985058428660236,65,3,65,65,4,0.028845827486335907,447.3333333333333,166.30400001304224,19760
2146,65,3,12.874683958805166,0.12874683958805166,0.1980720609046949,65,3,65,65,3,0.02819582748634275,447.3333333333333,0.04229997284710407,0
2147,65,3,12.8464881313188,0.128464881313188,0.19763827894336616,65,3,65,65,3,0.02819582748632854,447.3333333333333,0.045900000259280205,0
2148,65,3,12.81829230383243,0.12818292303832432,0.19720449698203743,65,3,65,65,3,0.02819582748634275,447.3333333333333,0.043700041715055704,0
2149,65,3,12.790096476346065,0.12790096476346066,0.1967707150207087,65,3,65,65,3,0.02819582748632854,447.3333333333333,0.04309997893869877,0
2150,65,3,12.7612227395806,0.127612227395806,0.19632650368585533,65,3,65,65,4,0.02887373676544769,447.3333333333333,179.52629999490455,19760
2151,65,3,12.73299900281513,0.12732999002815132,0.195892292351002,65,3,65,65,3,0.028223736765454532,447.3333333333333,0.049400026910007,0
2152,65,3,12.704775266049662,0.12704775266049662,0.19545808101614864,65,3,65,65,3,0.02822373676544032,447.3333333333333,0.04870002157986164,0
2153,65,3,12.676551529284197,0.12676551529284197,0.19502386968129534,65,3,65,65,3,0.02822373676544032,447.3333333333333,0.04379998426884413,0
2154,65,3,12.64832779251873,0.1264832779251873,0.19458965834644196,65,3,65,65,3,0.028223736765468743,447.3333333333333,0.04429998807609081,0
2155,65,3,12.619381280826154,0.12619381280826153,0.19414432739732543,65,3,65,65,4,0.028946511692524268,447.3333333333333,162.13419998530298,19760
2156,65,3,12.591084769133573,0.12591084769133573,0.19370899644820883,65,3,65,65,3,0.028296511692531112,447.3333333333333,0.07200002437457442,0
2157,65,3,12.562788257440998,0.12562788257441,0.19327366549909225,65,3,65,65,3,0.0282965116925169,447.3333333333333,0.022299995180219412,0
2158,65,3,12.534491745748422,0.12534491745748422,0.19283833454997568,65,3,65,65,3,0.028296511692545323,447.3333333333333,0.01969997538253665,0
2159,65,3,12.506195234055843,0.12506195234055842,0.19240300360085913,65,3,65,65,3,0.0282965116925169,447.3333333333333,0.0391000066883862,0
2160,65,3,12.477267756847157,0.12477267756847157,0.19195796548995625,65,3,65,65,4,0.028927477208640084,447.3333333333333,165.1119000161998,19760
2161,65,3,12.448990279638473,0.12448990279638472,0.19152292737905344,65,3,65,65,3,0.02827747720866114,447.3333333333333,0.04409998655319214,0
2162,65,3,12.420712802429787,0.12420712802429787,0.1910878892681506,65,3,65,65,3,0.028277477208618507,447.3333333333333,0.023399945348501205,0
2163,65,3,12.392435325221102,0.12392435325221102,0.19065285115724773,65,3,65,65,3,0.02827747720864693,447.3333333333333,0.03880000440403819,0
2164,65,3,12.364157848012416,0.12364157848012416,0.19021781304634486,65,3,65,65,3,0.02827747720866114,447.3333333333333,0.037299992982298136,0
2165,65,3,12.335243868125595,0.12335243868125595,0.1897729825865476,65,3,65,65,4,0.028913979886809216,447.3333333333333,172.48120001750067,19760
2166,65,3,12.306979888238768,0.12306979888238768,0.1893381521267503,65,3,65,65,3,0.028263979886787638,447.3333333333333,0.07449998520314693,0
2167,65,3,12.278715908351947,0.12278715908351946,0.18890332166695303,65,3,65,65,3,0.02826397988681606,447.3333333333333,0.04140002420172095,0
2168,65,3,12.250451928465123,0.12250451928465124,0.18846849120715575,65,3,65,65,3,0.02826397988683027,447.3333333333333,0.04050001734867692,0
2169,65,3,12.222187948578298,0.12222187948578299,0.18803366074735844,65,3,65,65,3,0.02826397988680185,447.3333333333333,0.03819999983534217,0
2170,65,3,12.193296800635727,0.12193296800635726,0.18758918154824195,65,3,65,65,4,0.028891147942530893,447.3333333333333,162.5874000019394,19760
2171,65,3,12.165055652693152,0.12165055652693152,0.18715470234912543,65,3,65,65,3,0.028241147942523526,447.3333333333333,0.049200025387108326,0
2172,65,3,12.13681450475058,0.1213681450475058,0.1867202231500089,65,3,65,65,3,0.028241147942523526,447.3333333333333,0.043700041715055704,0
2173,65,3,12.108573356808009,0.12108573356808008,0.18628574395089245,65,3,65,65,3,0.028241147942523526,447.3333333333333,0.041899969801306725,0
2174,65,3,12.080332208865437,0.12080332208865437,0.1858512647517759,65,3,65,65,3,0.028241147942551947,447.3333333333333,0.04039995837956667,0
2175,65,3,12.05117206908509,0.12051172069085091,0.18540264721669364,65,3,65,65,4,0.029160139780287864,447.3333333333333,175.0412000110373,19760
2176,65,3,12.022661929304745,0.12022661929304744,0.18496402968161146,65,3,65,65,3,0.028510139780280497,447.3333333333333,0.06990000838413835,0
2177,65,3,11.994151789524398,0.11994151789524399,0.1845254121465292,65,3,65,65,3,0.02851013978030892,447.3333333333333,0.045900000259280205,0
2178,65,3,11.965641649744052,0.11965641649744052,0.18408679461144695,65,3,65,65,3,0.028510139780294708,447.3333333333333,0.045199994929134846,0
2179,65,3,11.937131509963706,0.11937131509963705,0.18364817707636472,65,3,65,65,3,0.028510139780294708,447.3333333333333,0.06829999620094895,0
2180,64,3,11.908418919192144,0.11908418919192144,0.18606904561237725,65,3,65,64,4,0.028712590771561963,447.3333333333333,162.35210001468658,19760
2181,64,3,11.880566044247205,0.11880566044247205,0.18563384444136258,64,3,64,64,3,0.027852874944926498,440.6666666666667,0.0467000063508749,0
2182,64,3,11.852713169302266,0.11852713169302266,0.1851986432703479,64,3,64,64,3,0.027852874944912287,440.6666666666667,0.04379998426884413,0
2183,64,3,11.824860294357327,0.11824860294357327,0.18476344209933326,64,3,64,64,3,0.027852874944926498,440.6666666666667,0.04009995609521866,0
2184,64,3,11.79700741941239,0.1179700741941239,0.18432824092831857,64,3,64,64,3,0.02785287494495492,440.6666666666667,0.039700011257082224,0
2185,64,3,11.768526734544873,0.11768526734544872,0.18388323022726363,64,3,64,64,4,0.02848068486746058,440.6666666666667,159.70760001800954,19456
2186,63,3,11.740913747656334,0.11740913747656334,0.1863637102802593,64,3,64,63,3,0.027612986888499336,440.6666666666667,0.04869996337220073,0
2187,63,3,11.71350668952698,0.1171350668952698,0.18592867761153933,63,3,63,63,3,0.0274070581293131,434.0,0.022599997464567423,0
2188,63,3,11.686099631397623,0.11686099631397623,0.1854936449428194,63,3,63,63,3,0.0274070581293131,434.0,0.03709999145939946,0
2189,63,3,11.658692573268263,0.11658692573268263,0.18505861227409945,63,3,63,63,3,0.02740705812932731,434.0,0.03630004357546568,0
2190,63,3,11.630656118803664,0.11630656118803664,0.18461358918735973,63,3,63,63,4,0.02803645446455505,434.0,161.57549998024479,19152
2191,63,3,11.60324966433906,0.1160324966433906,0.18417856610061997,63,3,63,63,3,0.02740645446452561,434.0,0.04630000330507755,0
2192,63,3,11.57584320987446,0.1157584320987446,0.1837435430138803,63,3,63,63,3,0.02740645446455403,434.0,0.041000021155923605,0
2193,63,3,11.548436755409858,0.11548436755409858,0.1833085199271406,63,3,63,63,3,0.02740645446453982,434.0,0.040700018871575594,0
2194,63,3,11.52103030094525,0.11521030300945251,0.18287349684040083,63,3,63,63,3,0.027406454464568242,434.0,0.04140002420172095,0
2195,63,3,11.493037345935713,0.11493037345935714,0.18242916422120176,63,3,63,63,4,0.027992955009509046,434.0,179.57969999406487,19152
2196,63,3,11.465674390926171,0.11465674390926171,0.18199483160200272,63,3,63,63,3,0.027362955009493817,434.0,0.0467000063508749,0
2197,63,3,11.438311435916628,0.11438311435916627,0.1815604989828036,63,3,63,63,3,0.027362955009508028,434.0,0.04229997284710407,0
2198,63,3,11.410948480907088,0.11410948480907088,0.18112616636360457,63,3,63,63,3,0.02736295500952224,434.0,0.034800032153725624,0
2199,63,3,11.383585525897548,0.11383585525897548,0.1806918337444055,63,3,63,63,3,0.027362955009493817,434.0,0.04539999645203352,0
2200,63,3,11.355314970239425,0.11355314970239425,0.1802430947657052,63,3,63,63,4,0.02827055565808223,434.0,165.9238000283949,19152
2201,63,3,11.3276744145813,0.11327674414581301,0.17980435578700477,63,3,63,63,3,0.02764055565808121,434.0,0.04539999645203352,0
2202,63,3,11.300033858923177,0.11300033858923177,0.1793656168083044,63,3,63,63,3,0.02764055565808121,434.0,0.043899985030293465,0
2203,63,3,11.272393303265055,0.11272393303265055,0.178926877829604,63,3,63,63,3,0.02764055565805279,434.0,0.04060001811012626,0
2204,63,3,11.244752747606931,0.11244752747606931,0.1784881388509037,63,3,63,63,3,0.027640555658067,434.0,0.03950000973418355,0
2205,62,3,11.217080079382564,0.11217080079382563,0.18092064644165423,63,3,63,62,4,0.02767266822435488,434.0,146.20089996606112,19152
2206,62,3,11.190189551038525,0.11190189551038525,0.18048692824255685,62,3,62,62,3,0.026890528344011955,427.3333333333333,0.04650000482797623,0
2207,62,3,11.163299022694492,0.11163299022694492,0.18005321004345956,62,3,62,62,3,0.026890528343997744,427.3333333333333,0.04320003790780902,0
2208,62,3,11.136408494350455,0.11136408494350455,0.17961949184436218,62,3,62,62,3,0.026890528344011955,427.3333333333333,0.04339998122304678,0
2209,62,3,11.10951796600642,0.1110951796600642,0.17918577364526486,62,3,62,62,3,0.026890528344011955,427.3333333333333,0.043899985030293465,0
2210,62,3,11.081994526392247,0.11081994526392247,0.178741847199875,62,3,62,62,4,0.02752343961414283,427.3333333333333,162.71329997107387,18848
2211,62,3,11.055091086778074,0.11055091086778074,0.1783079207544851,62,3,62,62,3,0.026903439614159197,427.3333333333333,0.04529999569058418,0
2212,61,3,11.028545824488624,0.11028545824488624,0.18079583318833814,62,2,62,41,3,0.026545262289403126,424.0,0.03980001201853156,0
2213,61,2,11.001749148688207,0.11001749148688207,0.18035654342111815,61,2,61,61,2,0.026796675800412117,624.0,0.22419996093958616,0
2214,61,2,10.974952472887786,0.10974952472887786,0.17991725365389813,61,2,61,61,2,0.026796675800397907,624.0,0.03890000516548753,0
2215,61,3,10.94761084818372,0.1094761084818372,0.17946903029809377,61,3,61,61,4,0.027341624704035894,420.6666666666667,146.34219999425113,18544
2216,61,3,10.92087922347965,0.1092087922347965,0.17903080694228934,61,3,61,61,3,0.026731624704027013,420.6666666666667,0.04179996903985739,0
2217,61,3,10.894147598775586,0.10894147598775586,0.17859258358648497,61,3,61,61,3,0.026731624704027013,420.6666666666667,0.04379998426884413,0
2218,61,3,10.867415974071518,0.10867415974071518,0.17815436023068065,61,3,61,61,3,0.026731624704041224,420.6666666666667,0.02269999822601676,0
2219,61,3,10.840684349367454,0.10840684349367453,0.17771613687487625,61,3,61,61,3,0.026731624704012802,420.6666666666667,0.031400006264448166,0
2220,61,3,10.813530340502858,0.10813530340502858,0.17727098918857145,61,3,61,61,4,0.027154008864542334,420.6666666666667,161.82460001436993,18544
2221,61,3,10.786986331638266,0.10786986331638265,0.17683584150226667,61,3,61,61,3,0.026544008864547664,420.6666666666667,0.032800016924738884,0
2222,61,3,10.760442322773672,0.10760442322773672,0.17640069381596185,61,3,61,61,3,0.026544008864519242,420.6666666666667,0.039000005926936865,0
2223,61,3,10.733898313909076,0.10733898313909077,0.17596554612965698,61,3,61,61,3,0.026544008864576085,420.6666666666667,0.04339998122304678,0
2224,60,3,10.710774884053688,0.10710774884053688,0.17851291473422812,60,2,60,37,3,0.02312342985533178,384.0,0.042599975131452084,0
2225,60,3,10.684042017511137,0.10684042017511138,0.17806736695851896,60,3,60,60,4,0.02673286654250262,414.0,155.4793000104837,18240
2226,60,3,10.657909150968587,0.10657909150968586,0.17763181918280982,60,3,60,60,3,0.026132866542511124,414.0,0.04600000102072954,0
2227,59,3,10.632009851653615,0.10632009851653615,0.1802035568076884,60,2,60,43,3,0.02589929931491497,444.0,0.04700000863522291,0
2228,59,2,10.605977238952397,0.10605977238952397,0.17976232608393897,59,2,59,59,2,0.026032612701172297,604.0,0.1748999929986894,0
2229,59,2,10.579944626251178,0.10579944626251178,0.17932109536018948,59,2,59,59,2,0.026032612701172297,604.0,0.042599975131452084,0
2230,59,3,10.553472065696184,0.10553472065696184,0.17887240789315564,59,3,59,59,4,0.026472560554935853,407.3333333333333,155.77710000798106,17936
2231,59,3,10.527589505141194,0.10527589505141194,0.17843372042612193,59,3,59,59,3,0.02588256055494753,407.3333333333333,0.04509999416768551,0
2232,59,3,10.501706944586202,0.10501706944586202,0.17799503295908814,59,3,59,59,3,0.02588256055494753,407.3333333333333,0.04299997817724943,0
2233,59,3,10.475824384031212,0.10475824384031211,0.17755634549205443,59,3,59,59,3,0.02588256055494753,407.3333333333333,0.043000036384910345,0
2234,59,3,10.449941823476218,0.10449941823476218,0.17711765802502066,59,3,59,59,3,0.02588256055493332,407.3333333333333,0.04060001811012626,0
2235,59,3,10.42373844937907,0.10423738449379069,0.17667353304032324,59,3,59,59,4,0.026203374097121923,407.3333333333333,169.00400002487004,17936
2236,58,3,10.401847669071026,0.10401847669071027,0.17934220119087976,58,2,58,36,3,0.021890780308041258,374.0,0.04120002267882228,0
2237,58,2,10.37624644503543,0.10376246445035431,0.17890080077647294,58,2,58,58,2,0.025601224035568748,594.0,0.24500000290572643,0
2238,58,2,10.350645220999835,0.10350645220999835,0.17845940036206612,58,2,58,58,2,0.02560122403558296,594.0,0.039300008211284876,0
2239,58,2,10.325043996964238,0.10325043996964238,0.17801799994765932,58,2,58,58,2,0.025601224035540326,594.0,0.05749997217208147,0
2240,58,3,10.299279271174548,0.10299279271174548,0.1775737805374922,58,3,58,58,4,0.025764725789656495,400.6666666666667,157.79640001710504,17632
2241,58,3,10.274094545384859,0.10274094545384858,0.17713956112732515,58,3,58,58,3,0.025184725789642926,400.6666666666667,0.04630000330507755,0
2242,58,3,10.248909819595166,0.10248909819595166,0.17670534171715804,58,3,58,58,3,0.025184725789642926,400.6666666666667,0.02080004196614027,0
2243,58,3,10.223725093805472,0.10223725093805472,0.17627112230699093,58,3,58,58,3,0.025184725789628715,400.6666666666667,0.0344999716617167,0
2244,57,3,10.198923370682529,0.10198923370682529,0.17892848018741278,58,3,58,57,3,0.024801723122905628,400.6666666666667,0.03789999755099416,0
2245,57,3,10.173525569713496,0.10173525569713496,0.17848290473181572,57,3,57,57,4,0.025397800969031437,394.0,148.48620002157986,17328
2246,57,3,10.148697768744462,0.10148697768744462,0.17804732927621864,57,3,57,57,3,0.02482780096900683,394.0,0.04279997665435076,0
2247,57,3,10.12386996777543,0.1012386996777543,0.17761175382062158,57,3,57,57,3,0.02482780096900683,394.0,0.04249997437000275,0
2248,57,3,10.099042166806399,0.10099042166806399,0.17717617836502453,57,3,57,57,3,0.02482780096900683,394.0,0.041000021155923605,0
2249,57,3,10.074214365837365,0.10074214365837365,0.17674060290942742,57,3,57,57,3,0.02482780096902104,394.0,0.03190001007169485,0
2250,57,3,10.048831025256382,0.10048831025256381,0.1762952811448488,57,3,57,57,4,0.025383340580958702,394.0,158.2936000195332,17328
2251,56,3,10.024304557097505,0.10024304557097505,0.17900543851959835,57,3,57,56,3,0.02452646815882531,394.0,0.04480005009099841,0
2252,56,3,9.999950464468686,0.09999950464468686,0.1785705440083694,56,3,56,56,3,0.02435409262879773,387.3333333333333,0.044199987314641476,0
2253,56,3,9.975596371839861,0.09975596371839862,0.17813564949714042,56,3,56,56,3,0.02435409262879773,387.3333333333333,0.040899962186813354,0
2254,56,3,9.95124227921104,0.09951242279211041,0.1777007549859114,56,3,56,56,3,0.024354092628769308,387.3333333333333,0.03880000440403819,0
2255,56,3,9.926124764398335,0.09926124764398335,0.17725222793568454,56,3,56,56,4,0.025117514812663444,387.3333333333333,164.8327000439167,17024
2256,56,3,9.90156724958563,0.0990156724958563,0.17681370088545773,56,3,56,56,3,0.024557514812670433,387.3333333333333,0.034100026823580265,0
2257,56,3,9.877009734772926,0.09877009734772926,0.17637517383523083,56,3,56,56,3,0.024557514812656223,387.3333333333333,0.04050001734867692,0
2258,56,3,9.852452219960222,0.09852452219960223,0.175936646785004,56,3,56,56,3,0.024557514812656223,387.3333333333333,0.040700018871575594,0
2259,55,3,9.828186413637296,0.09828186413637295,0.178694298429769,56,3,56,55,3,0.02426580632288733,387.3333333333333,0.03960001049563289,0
2260,55,3,9.803716529057127,0.09803716529057127,0.17824939143740232,55,3,55,55,4,0.02446988458014232,380.6666666666667,141.0152000025846,16720
2261,55,3,9.779796644476956,0.09779796644476957,0.17781448444503553,55,3,55,55,3,0.023919884580152484,380.6666666666667,0.03980001201853156,0
2262,55,3,9.755876759896786,0.09755876759896787,0.17737957745266889,55,3,55,55,3,0.023919884580138273,380.6666666666667,0.039700011257082224,0
2263,54,3,9.732275836567954,0.09732275836567954,0.18022733030681395,55,3,55,54,3,0.02360092332880015,380.6666666666667,0.03890000516548753,0
2264,54,3,9.70879518392822,0.0970879518392822,0.17979250340607808,54,3,54,54,3,0.023480652639705113,374.0,0.03850000211969018,0
2265,54,3,9.684766431522114,0.09684766431522114,0.1793475265096687,54,3,54,54,4,0.0240287524060534,374.0,143.48289999179542,16416
2266,54,3,9.661277679116006,0.09661277679116007,0.17891254961325936,54,3,54,54,3,0.023488752406052527,374.0,0.021900050342082977,0
2267,54,3,9.6377889267099,0.096377889267099,0.17847757271684997,54,3,54,54,3,0.02348875240608095,374.0,0.017900019884109497,0
2268,54,3,9.61430017430379,0.09614300174303789,0.17804259582044055,54,3,54,54,3,0.023488752406066737,374.0,0.017600017599761486,0
2269,54,3,9.590811421897685,0.09590811421897685,0.17760761892403118,54,3,54,54,3,0.023488752406038316,374.0,0.016900012269616127,0
2270,54,3,9.566613414043479,0.09566613414043479,0.17715950766747182,54,3,54,54,4,0.02419800785416726,374.0,143.89150001807138,16416
2271,54,3,9.542955406189273,0.09542955406189274,0.17672139641091245,54,3,54,54,3,0.023658007854152174,374.0,0.03880000440403819,0
2272,54,3,9.519297398335068,0.09519297398335068,0.1762832851543531,54,3,54,54,3,0.023658007854166385,374.0,0.04040001658722758,0
2273,54,3,9.495639390480862,0.09495639390480863,0.17584517389779372,54,3,54,54,3,0.023658007854152174,374.0,0.03960001049563289,0
2274,54,3,9.471981382626657,0.09471981382626657,0.1754070626412344,54,3,54,54,3,0.023658007854166385,374.0,0.037699996028095484,0
2275,54,3,9.44801128800481,0.09448011288004811,0.17496317200008904,54,3,54,54,4,0.023970094621788007,374.0,146.88750001369044,16416
2276,54,3,9.424581193382965,0.09424581193382965,0.1745292813589438,54,3,54,54,3,0.023430094621801345,374.0,0.040300015825778246,0
2277,54,3,9.40115109876112,0.09401151098761121,0.17409539071779856,54,3,54,54,3,0.023430094621787134,374.0,0.03060000017285347,0
2278,54,3,9.377721004139275,0.09377721004139275,0.17366150007665326,54,3,54,54,3,0.023430094621801345,374.0,0.01910002902150154,0
2279,54,3,9.35429090951743,0.09354290909517429,0.17322760943550797,54,3,54,54,3,0.023430094621772923,374.0,0.016799953300505877,0
2280,54,3,9.330262546863107,0.09330262546863106,0.17278263975672428,54,3,54,54,4,0.024028362654291868,374.0,153.84039998752996,16416
2281,53,3,9.308230991860366,0.09308230991860367,0.175626999846422,53,2,53,38,3,0.022031555002726577,394.0,0.04449998959898949,0
2282,53,2,9.284985662987554,0.09284985662987554,0.17518840873561423,53,2,53,53,2,0.023245328872775417,544.0,0.20569999469444156,0
2283,53,2,9.261740334114739,0.09261740334114739,0.1747498176248064,53,2,53,53,2,0.02324532887280384,544.0,0.03890000516548753,0
2284,53,2,9.238495005241925,0.09238495005241924,0.1743112265139986,53,2,53,53,2,0.023245328872775417,544.0,0.03789999755099416,0
2285,53,3,9.214962207785325,0.09214962207785325,0.1738672114676476,53,3,53,53,4,0.023532797456567778,367.3333333333333,137.02979998197407,16112
2286,52,3,9.195291336679812,0.09195291336679812,0.176832525705381,52,2,52,35,3,0.019670871105489596,364.0,0.04140002420172095,0
2287,52,2,9.172392722144442,0.09172392722144443,0.17639216773354696,52,2,52,52,2,0.022898614535350248,534.0,0.2582999877631664,0
2288,52,2,9.14949410760907,0.09149494107609071,0.1759518097617129,52,2,52,52,2,0.022898614535336037,534.0,0.03860000288113952,0
2289,52,2,9.126595493073703,0.09126595493073703,0.1755114517898789,52,2,52,52,2,0.022898614535350248,534.0,0.036999990697950125,0
2290,52,3,9.103528372377024,0.09103528372377025,0.17506785331494276,52,3,52,52,4,0.023067120696666166,360.6666666666667,117.73749999701977,15808
2291,52,3,9.08098125168035,0.0908098125168035,0.17463425484000675,52,3,52,52,3,0.02254712069668585,360.6666666666667,0.03549997927621007,0
2292,52,3,9.058434130983674,0.09058434130983674,0.17420065636507065,52,3,52,52,3,0.02254712069665743,360.6666666666667,0.03609998384490609,0
2293,52,3,9.035887010286999,0.09035887010286998,0.17376705789013458,52,3,52,52,3,0.02254712069668585,360.6666666666667,0.037999998312443495,0
2294,51,3,9.01365813451966,0.0901365813451966,0.17673839479450315,52,3,52,51,3,0.022228875767339673,360.6666666666667,0.04090002039447427,0
2295,51,3,8.991008675988143,0.08991008675988142,0.17629428776447334,51,3,51,51,4,0.022649458531489586,354.0,122.1137999673374,15504
2296,51,3,8.968869217456623,0.08968869217456624,0.17586018073444362,51,3,51,51,3,0.022139458531469813,354.0,0.04650000482797623,0
2297,51,3,8.946729758925107,0.08946729758925107,0.17542607370441388,51,3,51,51,3,0.022139458531484024,354.0,0.03850000211969018,0
2298,51,3,8.92459030039359,0.0892459030039359,0.1749919666743841,51,3,51,51,3,0.022139458531469813,354.0,0.03819999983534217,0
2299,51,3,8.902450841862072,0.08902450841862071,0.17455785964435436,51,3,51,51,3,0.022139458531498235,354.0,0.03760005347430706,0
2300,51,3,8.879855221008622,0.08879855221008622,0.17411480825507103,51,3,51,51,4,0.022595620853422815,354.0,131.75939995562658,15504
2301,51,3,8.857769600155175,0.08857769600155174,0.17368175686578777,51,3,51,51,3,0.022085620853445675,354.0,0.025999965146183968,0
2302,51,3,8.83568397930173,0.08835683979301731,0.17324870547650448,51,3,51,51,3,0.022085620853459886,354.0,0.03880000440403819,0
2303,50,3,8.813885144250232,0.08813885144250232,0.17627770288500463,51,3,51,50,3,0.0217988350514986,354.0,0.03779999678954482,0
2304,50,3,8.792238479579428,0.08792238479579428,0.1758447695915885,50,3,50,50,3,0.02164666467078291,347.3333333333333,0.0638000201433897,0
2305,50,2,8.769862757786226,0.08769862757786226,0.17539725515572457,50,2,50,50,3,0.022375721793210346,514.0,138.59749998664483,10150
2306,50,2,8.747987035993024,0.08747987035993024,0.17495974071986048,50,2,50,50,2,0.02187572179322217,514.0,0.030099996365606785,0
2307,50,2,8.726111314199821,0.0872611131419982,0.1745222262839964,50,2,50,50,2,0.021875721793179537,514.0,0.029999995604157448,0
2308,50,2,8.704235592406619,0.08704235592406619,0.17408471184813237,50,2,50,50,2,0.02187572179322217,514.0,0.03550003748387098,0
2309,50,2,8.682359870613416,0.08682359870613415,0.1736471974122683,50,2,50,50,2,0.021875721793179537,514.0,0.034800032153725624,0
2310,50,2,8.659984148820215,0.08659984148820214,0.17319968297640428,50,2,50,50,3,0.022375721793224557,514.0,139.11550003103912,10150
2311,50,2,8.638108427027008,0.08638108427027008,0.1727621685405402,50,2,50,50,2,0.021875721793193748,514.0,0.038300000596791506,0
2312,50,2,8.616232705233807,0.08616232705233808,0.17232465410467615,50,2,50,50,2,0.02187572179320796,514.0,0.03819999983534217,0
2313,50,2,8.594356983440607,0.08594356983440607,0.17188713966881208,50,2,50,50,2,0.02187572179320796,514.0,0.018300022929906845,0
2314,50,2,8.5724812616474,0.08572481261647401,0.17144962523294802,50,2,50,50,2,0.021875721793193748,514.0,0.03160000778734684,0
2315,50,2,8.550103160271222,0.08550103160271222,0.17100206320542444,50,2,50,50,3,0.022378101376190784,514.0,146.89390000421554,10150
2316,50,2,8.528225058895044,0.08528225058895045,0.1705645011779009,50,2,50,50,2,0.021878101376174186,514.0,0.042600033339113,0
2317,50,2,8.506346957518865,0.08506346957518865,0.1701269391503773,50,2,50,50,2,0.021878101376202608,514.0,0.039700011257082224,0
2318,50,2,8.484468856142687,0.08484468856142686,0.1696893771228537,50,2,50,50,2,0.021878101376188397,514.0,0.03689998993650079,0
2319,50,2,8.462590754766508,0.08462590754766508,0.1692518150953302,50,2,50,50,2,0.021878101376188397,514.0,0.03609998384490609,0
2320,50,2,8.440231997185805,0.08440231997185804,0.16880463994371603,50,2,50,50,3,0.02235875758069028,514.0,120.0492000207305,10150
2321,50,2,8.4183732396051,0.084183732396051,0.168367464792102,50,2,50,50,2,0.021858757580673682,514.0,0.042300031054764986,0
2322,50,2,8.396514482024394,0.08396514482024393,0.16793028964048787,50,2,50,50,2,0.021858757580702104,514.0,0.037699996028095484,0
2323,50,2,8.37465572444369,0.0837465572444369,0.1674931144888738,50,2,50,50,2,0.021858757580673682,514.0,0.03809999907389283,0
2324,50,2,8.352796966862986,0.08352796966862985,0.16705593933725976,50,2,50,50,2,0.021858757580687893,514.0,0.03749999450519681,0
2325,50,2,8.330382594897452,0.08330382594897452,0.16660765189794904,50,2,50,50,3,0.022414371965510327,514.0,137.26089999545366,10150
2326,50,2,8.30846822293192,0.0830846822293192,0.1661693644586384,50,2,50,50,2,0.021914371965550572,514.0,0.04110002191737294,0
2327,50,2,8.286553850966385,0.08286553850966386,0.16573107701932766,50,2,50,50,2,0.02191437196550794,514.0,0.0391000066883862,0
2328,50,2,8.26463947900085,0.0826463947900085,0.16529278958001703,50,2,50,50,2,0.02191437196553636,514.0,0.04069996066391468,0
2329,50,2,8.242725107035316,0.08242725107035316,0.16485450214070632,50,2,50,50,2,0.02191437196552215,514.0,0.037999998312443495,0
2330,50,2,8.220340320518764,0.08220340320518764,0.16440680641037528,50,2,50,50,3,0.022384786516525423,514.0,110.87340000085533,10150
2331,50,2,8.19845553400221,0.08198455534002211,0.16396911068004424,50,2,50,50,2,0.021884786516523036,514.0,0.024800014216452837,0
2332,50,2,8.17657074748566,0.0817657074748566,0.1635314149497132,50,2,50,50,2,0.021884786516537247,514.0,0.028399983420968056,0
2333,50,2,8.154685960969108,0.08154685960969107,0.16309371921938215,50,2,50,50,2,0.021884786516508825,514.0,0.02150004729628563,0
2334,49,2,8.136088001579528,0.08136088001579528,0.16604261227713324,49,1,49,29,2,0.018597959389566654,594.0,0.04160002572461963,0
2335,49,2,8.114101742093306,0.08114101742093306,0.16559391310394506,49,2,49,49,3,0.021986259486183712,504.0,134.93999995989725,9947
2336,49,2,8.092605482607084,0.08092605482607083,0.16515521393075683,49,2,49,49,2,0.021496259486170288,504.0,0.03890000516548753,0
2337,49,2,8.071109223120862,0.08071109223120862,0.16471651475756863,49,2,49,49,2,0.021496259486156077,504.0,0.04840001929551363,0
2338,49,2,8.04961296363464,0.0804961296363464,0.16427781558438043,49,2,49,49,2,0.0214962594861845,504.0,0.03579998156055808,0
2339,49,2,8.028116704148418,0.08028116704148419,0.16383911641119223,49,2,49,49,2,0.0214962594861845,504.0,0.029799994081258774,0
2340,48,2,8.010102502348738,0.08010102502348738,0.16687713546559876,48,1,48,26,3,0.018014201799630314,534.0,131.35069998679683,9947
2341,48,1,7.988515661553171,0.07988515661553171,0.16642740961569105,48,1,48,48,1,0.0215868407955071,974.0,0.2660999889485538,0
2342,48,1,7.966928820757602,0.07966928820757602,0.1659776837657834,48,1,48,48,1,0.0215868407955071,974.0,0.03649998689070344,0
2343,48,1,7.945341979962034,0.07945341979962034,0.1655279579158757,48,1,48,48,1,0.021586840795535522,974.0,0.03809999907389283,0
2344,48,1,7.923755139166465,0.07923755139166465,0.16507823206596806,48,1,48,48,1,0.02158684079549289,974.0,0.03560003824532032,0
2345,48,2,7.90222216808511,0.0790222216808511,0.1646296285017731,48,2,48,48,3,0.02153297108131369,494.0,127.03650002367795,9744
2346,48,2,7.881169197003754,0.07881169197003754,0.16419102493757817,48,2,48,48,2,0.02105297108130344,494.0,0.036299985367804766,0
2347,48,2,7.860116225922397,0.07860116225922396,0.16375242137338328,48,2,48,48,2,0.02105297108130344,494.0,0.03479997394606471,0
2348,48,2,7.839063254841041,0.07839063254841042,0.16331381780918833,48,2,48,48,2,0.02105297108131765,494.0,0.033100019209086895,0
2349,48,2,7.818010283759685,0.07818010283759685,0.1628752142449934,48,2,48,48,2,0.02105297108130344,494.0,0.037699996028095484,0
2350,48,2,7.796529918079103,0.07796529918079104,0.16242770662664796,48,2,48,48,3,0.021480365680616842,494.0,127.01590004144236,9744
2351,48,2,7.7755295523985195,0.07775529552398519,0.1619901990083025,48,2,48,48,2,0.02100036568056396,494.0,0.04069996066391468,0
2352,48,2,7.754529186717938,0.07754529186717937,0.16155269138995706,48,2,48,48,2,0.021000365680620803,494.0,0.15189999248832464,0
2353,48,2,7.733528821037356,0.07733528821037355,0.16111518377161163,48,2,48,48,2,0.02100036568056396,494.0,0.03689998993650079,0
2354,48,2,7.7125284553567734,0.07712528455356774,0.16067767615326614,48,2,48,48,2,0.021000365680620803,494.0,0.03739999374374747,0
2355,48,2,7.690905423516037,0.07690905423516037,0.16022719632325078,48,2,48,48,3,0.021623031840690032,494.0,132.24210002226755,9744
2356,48,2,7.6697623916753015,0.07669762391675301,0.15978671649323542,48,2,48,48,2,0.021143031840708204,494.0,0.038700003642588854,0
2357,48,2,7.648619359834562,0.07648619359834562,0.1593462366632201,48,2,48,48,2,0.021143031840722415,494.0,0.03550003748387098,0
2358,48,2,7.627476327993827,0.07627476327993828,0.15890575683320474,48,2,48,48,2,0.021143031840708204,494.0,0.035999983083456755,0
2359,48,2,7.60633329615309,0.0760633329615309,0.15846527700318938,48,2,48,48,2,0.021143031840708204,494.0,0.03390002530068159,0
2360,48,2,7.584719125891675,0.07584719125891674,0.15801498178940987,48,2,48,48,3,0.021614170261401,494.0,126.66229996830225,9744
2361,48,2,7.563584955630256,0.07563584955630256,0.15757468657563034,48,2,48,48,2,0.02113417026140496,494.0,0.040300015825778246,0
2362,48,2,7.542450785368839,0.07542450785368839,0.1571343913618508,48,2,48,48,2,0.02113417026137654,494.0,0.03579998156055808,0
2363,48,2,7.5213166151074216,0.07521316615107422,0.1566940961480713,48,2,48,48,2,0.02113417026139075,494.0,0.03659998765215278,0
2364,47,2,7.502478221544464,0.07502478221544463,0.1596271962030737,47,1,47,22,2,0.01883839356294459,454.0,0.031999952625483274,0
2365,47,2,7.481423057114908,0.07481423057114908,0.15917921398116822,47,2,47,47,3,0.021055164429554907,484.0,126.18159997509792,9541
2366,47,2,7.460837892685352,0.07460837892685351,0.1587412317592628,47,2,47,47,2,0.02058516442953362,484.0,0.03290001768618822,0
2367,47,2,7.440252728255797,0.07440252728255797,0.15830324953735742,47,2,47,47,2,0.02058516442954783,484.0,0.027200032491236925,0
2368,47,2,7.419667563826241,0.07419667563826242,0.15786526731545197,47,2,47,47,2,0.02058516442956204,484.0,0.023500004317611456,0
2369,47,2,7.399082399396687,0.07399082399396688,0.15742728509354653,47,2,47,47,2,0.02058516442954783,484.0,0.02080004196614027,0
2370,47,2,7.378072783331116,0.07378072783331116,0.15698027198576847,47,2,47,47,3,0.02100961606554108,484.0,116.40349996741861,9541
2371,47,2,7.357533167265546,0.07357533167265547,0.15654325887799034,47,2,47,47,2,0.020539616065548216,484.0,0.030099996365606785,0
2372,47,2,7.336993551199976,0.07336993551199976,0.15610624577021232,47,2,47,47,2,0.020539616065562427,484.0,0.02500001573935151,0
2373,47,2,7.316453935134407,0.07316453935134408,0.1556692326624342,47,2,47,47,2,0.020539616065548216,484.0,0.027699978090822697,0
2374,47,2,7.295914319068838,0.07295914319068837,0.15523221955465613,47,2,47,47,2,0.020539616065548216,484.0,0.03560003824532032,0
2375,47,2,7.2748928353481075,0.07274892835348107,0.15478495394357675,47,2,47,47,3,0.021021483720744527,484.0,126.2416000245139,9541
2376,47,2,7.254341351627378,0.07254341351627377,0.1543476883324974,47,2,47,47,2,0.02055148372072324,484.0,0.032100011594593525,0
2377,47,2,7.233789867906648,0.07233789867906648,0.15391042272141806,47,2,47,47,2,0.02055148372073745,484.0,0.01910002902150154,0
2378,47,2,7.2132383841859165,0.07213238384185916,0.15347315711033865,47,2,47,47,2,0.02055148372072324,484.0,0.01780001912266016,0
2379,47,2,7.192686900465188,0.07192686900465188,0.1530358914992593,47,2,47,47,2,0.02055148372073745,484.0,0.016000005416572094,0
2380,47,2,7.171631736035633,0.07171631736035633,0.15258790927735388,47,2,47,47,3,0.021055164429554907,484.0,120.0918999966234,9541
2381,47,2,7.151046571606078,0.07151046571606078,0.15214992705544847,47,2,47,47,2,0.02058516442954783,484.0,0.04229997284710407,0
2382,47,2,7.130461407176521,0.07130461407176521,0.151711944833543,47,2,47,47,2,0.02058516442953362,484.0,0.03460003063082695,0
2383,47,2,7.109876242746969,0.0710987624274697,0.1512739626116376,47,2,47,47,2,0.02058516442954783,484.0,0.03409996861591935,0
2384,47,2,7.089291078317412,0.07089291078317413,0.15083598038973217,47,2,47,47,2,0.02058516442956204,484.0,0.03270001616328955,0
2385,47,2,7.068238437760735,0.07068238437760735,0.15038805186724968,47,2,47,47,3,0.021052640556646907,484.0,119.78569999337196,9541
2386,47,2,7.047655797204059,0.0704765579720406,0.1499501233447672,47,2,47,47,2,0.020582640556668252,484.0,0.037100049667060375,0
2387,47,2,7.027073156647384,0.07027073156647384,0.14951219482228478,47,2,47,47,2,0.02058264055665404,484.0,0.03489997470751405,0
2388,47,2,7.006490516090707,0.07006490516090708,0.14907426629980233,47,2,47,47,2,0.020582640556682463,484.0,0.03320001997053623,0
2389,47,2,6.985907875534032,0.06985907875534032,0.14863633777731983,47,2,47,47,2,0.02058264055665404,484.0,0.0371999922208488,0
2390,47,2,6.964862128691799,0.06964862128691798,0.14818855592961275,47,2,47,47,3,0.02104574684221916,484.0,133.84490000316873,9541
2391,47,2,6.944286381849565,0.06944286381849565,0.14775077408190562,47,2,47,47,2,0.020575746842226295,484.0,0.039300008211284876,0
2392,47,2,6.923710635007334,0.06923710635007334,0.14731299223419858,47,2,47,47,2,0.020575746842226295,484.0,0.03709999145939946,0
2393,47,2,6.9031348881651,0.06903134888165101,0.14687521038649148,47,2,47,47,2,0.020575746842212084,484.0,0.03559998003765941,0
2394,47,2,6.882559141322868,0.06882559141322868,0.14643742853878441,47,2,47,47,2,0.020575746842226295,484.0,0.03649998689070344,0
2395,47,2,6.8615376576021365,0.06861537657602136,0.14599016292770503,47,2,47,47,3,0.021021483720730316,484.0,130.6392999831587,9541
2396,47,2,6.840986173881409,0.06840986173881408,0.1455528973166257,47,2,47,47,2,0.02055148372073745,484.0,0.03679998917505145,0
2397,46,2,6.824353849469887,0.06824353849469887,0.14835551846673664,46,1,46,29,2,0.01663232441153184,594.0,0.03709999145939946,0
2398,45,1,6.803804364464827,0.06803804364464827,0.15119565254366282,46,1,46,45,1,0.020549485005062706,934.0,0.20509999012574553,0
2399,45,1,6.783399233044968,0.06783399233044968,0.15074220517877707,45,1,45,45,1,0.020405131419835243,914.0,0.03470003139227629,0
2400,44,2,6.763912907084377,0.06763912907084377,0.15372529334282672,44,1,44,23,3,0.019486325960571094,474.0,124.51700004749,9135
2401,44,1,6.7442448953381735,0.06744244895338174,0.15327829307586757,44,1,44,44,1,0.019668011746148295,894.0,0.3328000311739743,0
2402,44,1,6.724576883591971,0.0672457688359197,0.15283129280890845,44,1,44,44,1,0.019668011746190928,894.0,0.02929999027401209,0
2403,44,1,6.704908871845771,0.06704908871845772,0.15238429254194932,44,1,44,44,1,0.019668011746176717,894.0,0.03309996100142598,0
2404,44,1,6.68524086009957,0.0668524086009957,0.1519372922749902,44,1,44,44,1,0.019668011746162506,894.0,0.03430002834647894,0
2405,44,2,6.665514823925789,0.06665514823925789,0.15148897327104066,44,2,44,44,3,0.019726036173764783,454.0,116.7907000053674,8932
2406,44,2,6.64622878775201,0.06646228787752011,0.1510506542670911,44,2,44,44,2,0.01928603617378144,454.0,0.03670004662126303,0
2407,44,2,6.6269427515782295,0.0662694275157823,0.15061233526314158,44,2,44,44,2,0.01928603617376723,454.0,0.032999960239976645,0
2408,43,2,6.608068995424108,0.06608068995424107,0.15367602314939785,44,2,44,43,2,0.01887375615412168,454.0,0.03379996633157134,0
2409,43,2,6.589236378504114,0.06589236378504114,0.15323805531404913,43,2,43,43,2,0.01883261692000815,444.0,0.03539997851476073,0
2410,42,2,6.572281829728265,0.06572281829728265,0.15648290070781584,42,1,42,16,3,0.01695454877581426,334.0,111.07089999131858,8729
2411,42,1,6.552410238276347,0.06552410238276347,0.15600976757800825,42,1,42,42,1,0.01987159145191697,854.0,0.1601999974809587,0
2412,42,1,6.53253864682443,0.0653253864682443,0.1555366344482007,42,1,42,42,1,0.01987159145191697,854.0,0.0192999723367393,0
2413,42,1,6.5126670553725114,0.06512667055372512,0.15506350131839314,42,1,42,42,1,0.01987159145188855,854.0,0.015600002370774746,0
2414,42,1,6.492795463920594,0.06492795463920593,0.15459036818858554,42,1,42,42,1,0.01987159145190276,854.0,0.014599994756281376,0
2415,42,2,6.4739984722569925,0.06473998472256992,0.15414282076802363,42,2,42,42,3,0.018796991663549534,434.0,111.21080000884831,8526
2416,42,2,6.455621480593392,0.06455621480593392,0.15370527334746173,42,2,42,42,2,0.018376991663544118,434.0,0.03559998003765941,0
2417,42,2,6.437244488929791,0.0643724448892979,0.15326772592689977,42,2,42,42,2,0.018376991663544118,434.0,0.03460003063082695,0
2418,42,2,6.4188674972661905,0.06418867497266191,0.15283017850633787,42,2,42,42,2,0.018376991663544118,434.0,0.032800016924738884,0
2419,42,2,6.400490505602591,0.06400490505602591,0.15239263108577597,42,2,42,42,2,0.01837699166355833,434.0,0.03539997851476073,0
2420,42,2,6.381719978352271,0.06381719978352271,0.15194571377029215,42,2,42,42,3,0.01877052725033934,434.0,91.88889997312799,8526
2421,42,2,6.363369451101952,0.06363369451101952,0.15150879645480836,42,2,42,42,2,0.018350527250319715,434.0,0.03479997394606471,0
2422,42,2,6.345018923851632,0.06345018923851632,0.15107187913932457,42,2,42,42,2,0.018350527250319715,434.0,0.033100019209086895,0
2423,42,2,6.326668396601313,0.06326668396601313,0.15063496182384079,42,2,42,42,2,0.018350527250305504,434.0,0.0317999511025846,0
2424,42,2,6.308317869350993,0.06308317869350993,0.15019804450835697,42,2,42,42,2,0.018350527250348136,434.0,0.029999995604157448,0
2425,42,2,6.289520877687392,0.06289520877687392,0.14975049708779506,42,2,42,42,3,0.018796991663549534,434.0,104.21200003474951,8526
2426,42,2,6.2711438860237925,0.06271143886023793,0.1493129496672331,42,2,42,42,2,0.018376991663529907,434.0,0.036400044336915016,0
2427,42,2,6.2527668943601915,0.06252766894360191,0.1488754022466712,42,2,42,42,2,0.01837699166355833,434.0,0.03419996937736869,0
2428,42,2,6.234389902696591,0.06234389902696592,0.14843785482610933,42,2,42,42,2,0.018376991663544118,434.0,0.03350002225488424,0
2429,42,2,6.21601291103299,0.06216012911032989,0.14800030740554737,42,2,42,42,2,0.01837699166355833,434.0,0.03359996480867267,0
2430,42,2,6.197209025326697,0.06197209025326697,0.14755259584111183,42,2,42,42,3,0.018803885706290657,434.0,108.97339996881783,8526
2431,42,2,6.178825139620402,0.06178825139620402,0.14711488427667624,42,2,42,42,2,0.01838388570627103,434.0,0.03459997242316604,0
2432,42,2,6.16044125391411,0.0616044125391411,0.14667717271224068,42,2,42,42,2,0.01838388570627103,434.0,0.03239995567128062,0
2433,42,2,6.142057368207817,0.061420573682078164,0.14623946114780514,42,2,42,42,2,0.01838388570628524,434.0,0.029600050766021013,0
2434,42,2,6.1236734825015215,0.06123673482501522,0.14580174958336956,42,2,42,42,2,0.01838388570628524,434.0,0.029399991035461426,0
2435,42,2,6.104556127437497,0.061045561274374965,0.14534657446279756,42,2,42,42,3,0.019117355064039998,434.0,118.9732999773696,8526
2436,41,2,6.087640198217132,0.06087640198217132,0.1484790292248081,41,1,41,16,2,0.016915929220360226,334.0,0.0219999928958714,0
2437,41,1,6.0682579228738565,0.06068257922873856,0.1480062908018014,41,1,41,41,1,0.019382275343275523,834.0,0.3429999924264848,0
2438,41,1,6.048875647530583,0.06048875647530583,0.1475335523787947,41,1,41,41,1,0.019382275343247102,834.0,0.028999987989664078,0
2439,40,1,6.029718460650033,0.060297184606500326,0.15074296151625083,41,1,41,40,1,0.019157186880548238,834.0,0.015199999324977398,0
2440,40,2,6.011788449178866,0.060117884491788655,0.15029471122947163,40,2,40,40,3,0.01793001147116513,414.0,94.75450002355501,8120
2441,39,2,5.994577011414149,0.05994577011414149,0.15370710285677305,40,2,40,39,2,0.017211437764686366,414.0,0.03439997090026736,0
2442,39,2,5.977507132469188,0.05977507132469188,0.15326941365305607,39,2,39,39,2,0.0170698789449375,404.0,0.02589996438473463,0
2443,38,2,5.960839528191849,0.0596083952819185,0.15686419811031183,39,2,39,38,2,0.016667604277316173,404.0,0.031000003218650818,0
2444,38,2,5.9442140085869415,0.05944214008586941,0.15642668443649846,38,2,38,38,2,0.016625519604900774,394.0,0.031200004741549492,0
2445,38,2,5.92722324466343,0.05927223244663429,0.15597955907009028,38,2,38,38,3,0.016990763923502072,394.0,110.15159997623414,7714
2446,38,2,5.9106124807399185,0.059106124807399185,0.15554243370368204,38,2,38,38,2,0.01661076392348093,394.0,0.03439997090026736,0
2447,38,2,5.894001716816408,0.058940017168164084,0.15510530833727393,38,2,38,38,2,0.016610763923509353,394.0,0.01850002445280552,0
2448,38,2,5.877390952892895,0.058773909528928955,0.15466818297086568,38,2,38,38,2,0.016610763923495142,394.0,0.014899997040629387,0
2449,37,2,5.86304289798915,0.0586304289798915,0.1584606188645716,37,1,37,14,2,0.01434805490374913,294.0,0.013899989426136017,0
2450,37,2,5.846436099936694,0.05846436099936694,0.1580117864847755,37,2,37,37,3,0.016606798052450245,384.0,91.41850000014529,7511
2451,37,2,5.830199301884241,0.0583019930188424,0.15757295410497948,37,2,37,37,2,0.01623679805244649,384.0,0.0350000336766243,0
2452,37,2,5.813962503831784,0.05813962503831784,0.15713412172518337,37,2,37,37,2,0.0162367980524607,384.0,0.019499973859637976,0
2453,36,2,5.798159438798667,0.05798159438798667,0.16105998441107408,37,2,37,36,2,0.015803065033111352,384.0,0.02080004196614027,0
2454,36,2,5.782372506685546,0.05782372506685546,0.16062145851904294,36,2,36,36,2,0.01578693211310167,374.0,0.017700018361210823,0
2455,36,2,5.766114238574122,0.05766114238574122,0.16016983996039227,36,2,36,36,3,0.016258268111400298,374.0,98.89140003360808,7308
2456,36,2,5.7502159704626985,0.057502159704626986,0.1597282214017416,36,2,36,36,2,0.015898268111413927,374.0,0.033299962524324656,0
2457,36,2,5.734317702351273,0.05734317702351273,0.15928660284309093,36,2,36,36,2,0.015898268111399716,374.0,0.03029999788850546,0
2458,36,2,5.718419434239849,0.05718419434239849,0.15884498428444027,36,2,36,36,2,0.015898268111399716,374.0,0.029800052288919687,0
2459,36,2,5.702521166128426,0.057025211661284256,0.1584033657257896,36,2,36,36,2,0.015898268111385505,374.0,0.0295999925583601,0
2460,36,2,5.686427459459046,0.05686427459459046,0.1579563183183069,36,2,36,36,3,0.01609370666935206,374.0,89.75009998539463,7308
2461,36,2,5.67069375278967,0.0567069375278967,0.15751927091082416,36,2,36,36,2,0.015733706669365688,374.0,0.017000013031065464,0
2462,35,2,5.657250486365498,0.056572504863654983,0.16163572818187136,35,1,35,19,2,0.013443266424133071,394.0,0.02099998528137803,0
2463,35,1,5.641129111181248,0.05641129111181248,0.16117511746232133,35,1,35,35,1,0.01612137518424106,714.0,0.17690000822767615,0
2464,35,1,5.625007735996996,0.05625007735996996,0.16071450674277132,35,1,35,35,1,0.01612137518421264,714.0,0.04900002386420965,0
2465,35,2,5.609343403337001,0.05609343403337001,0.16026695438105718,35,2,35,35,3,0.015664332659994784,364.0,105.88479996658862,7105
2466,35,2,5.5940290706770055,0.055940290706770056,0.159829402019343,35,2,35,35,2,0.015314332659983165,364.0,0.03200001083314419,0
2467,35,2,5.578714738017009,0.05578714738017009,0.15939184965762884,35,2,35,35,2,0.015314332659997376,364.0,0.030399998649954796,0
2468,35,2,5.5634004053570125,0.05563400405357013,0.15895429729591465,35,2,35,35,2,0.015314332659997376,364.0,0.028999987989664078,0
2469,35,2,5.548086072697018,0.05548086072697018,0.1585167449342005,35,2,35,35,2,0.015314332659983165,364.0,0.029800052288919687,0
2470,35,2,5.532274223188963,0.05532274223188963,0.15806497780539894,35,2,35,35,3,0.015811849508040154,364.0,76.23260002583265,7105
2471,35,2,5.516812373680908,0.055168123736809085,0.1576232106765974,35,2,35,35,2,0.015461849508014325,364.0,0.02099998528137803,0
2472,35,2,5.501350524172854,0.05501350524172854,0.15718144354779584,35,2,35,35,2,0.015461849508042746,364.0,0.017600017599761486,0
2473,35,2,5.485888674664801,0.054858886746648,0.15673967641899428,35,2,35,35,2,0.015461849508028536,364.0,0.016300007700920105,0
2474,35,2,5.470426825156746,0.05470426825156746,0.15629790929019277,35,2,35,35,2,0.015461849508042746,364.0,0.016300007700920105,0
2475,35,2,5.454639329372168,0.05454639329372168,0.15584683798206192,35,2,35,35,3,0.015787495784550742,364.0,101.59620002377778,7105
2476,35,2,5.43920183358759,0.0543920183358759,0.15540576667393108,35,2,35,35,2,0.015437495784567545,364.0,0.03209995338693261,0
2477,35,2,5.423764337803011,0.05423764337803011,0.15496469536580032,35,2,35,35,2,0.015437495784581756,364.0,0.029799994081258774,0
2478,35,2,5.4083268420184325,0.05408326842018432,0.1545236240576695,35,2,35,35,2,0.015437495784553334,364.0,0.03029999788850546,0
2479,35,2,5.3928893462338525,0.05392889346233853,0.15408255274953866,35,2,35,35,2,0.015437495784553334,364.0,0.029099988751113415,0
2480,35,2,5.377225013573858,0.05377225013573858,0.15363500038782454,35,2,35,35,3,0.015664332660008995,364.0,94.288999971468,7105
2481,35,2,5.361910680913862,0.053619106809138624,0.15319744802611038,35,2,35,35,2,0.015314332659983165,364.0,0.03300001844763756,0
2482,35,2,5.346596348253866,0.05346596348253865,0.15275989566439616,35,2,35,35,2,0.015314332659983165,364.0,0.028999987989664078,0
2483,35,2,5.331282015593871,0.05331282015593871,0.15232234330268202,35,2,35,35,2,0.015314332659997376,364.0,0.029399991035461426,0
2484,35,2,5.3159676829338744,0.053159676829338746,0.15188479094096788,35,2,35,35,2,0.015314332659997376,364.0,0.0295999925583601,0
2485,35,2,5.300292863784678,0.05300292863784678,0.1514369389652765,35,2,35,35,3,0.015674819149182895,364.0,101.14220000104979,7105
2486,35,2,5.28496804463548,0.0528496804463548,0.15099908698958514,35,2,35,35,2,0.015324819149157065,364.0,0.03260001540184021,0
2487,35,2,5.269643225486283,0.052696432254862834,0.15056123501389382,35,2,35,35,2,0.015324819149199698,364.0,0.028499984182417393,0
2488,35,2,5.254318406337086,0.052543184063370864,0.15012338303820247,35,2,35,35,2,0.015324819149199698,364.0,0.030499999411404133,0
2489,35,2,5.238993587187889,0.052389935871878894,0.14968553106251112,35,2,35,35,2,0.015324819149171276,364.0,0.03090000245720148,0
2490,34,2,5.223690532975296,0.05223690532975296,0.1536379568522146,35,2,35,34,3,0.015303054212594702,364.0,90.12890001758933,7105
2491,34,2,5.208773237634874,0.05208773237634874,0.15319921287161395,34,2,34,34,2,0.01491729534041042,354.0,0.03350002225488424,0
2492,34,2,5.1938559422944515,0.051938559422944515,0.15276046889101327,34,2,34,34,2,0.01491729534042463,354.0,0.02940004924312234,0
2493,34,2,5.178938646954029,0.05178938646954029,0.15232172491041263,34,2,34,34,2,0.01491729534042463,354.0,0.05199998850002885,0
2494,34,2,5.164021351613608,0.05164021351613608,0.151882980929812,34,2,34,34,2,0.01491729534042463,354.0,0.02889998722821474,0
2495,34,2,5.148658926393471,0.05148658926393471,0.15143114489392562,34,2,34,34,3,0.015362425220104114,354.0,93.67450000718236,6902
2496,34,2,5.133636501173333,0.05133636501173333,0.1509893088580392,34,2,34,34,2,0.01502242522010988,354.0,0.03029999788850546,0
2497,34,2,5.118614075953195,0.05118614075953195,0.15054747282215278,34,2,34,34,2,0.01502242522010988,354.0,0.027099973522126675,0
2498,34,2,5.103591650733057,0.051035916507330574,0.15010563678626643,34,2,34,34,2,0.015022425220124092,354.0,0.025800021830946207,0
2499,34,2,5.088569225512921,0.050885692255129206,0.14966380075038002,34,2,34,34,2,0.01502242522010988,354.0,0.02770003629848361,0
2500,34,2,5.073347628710142,0.05073347628710142,0.14921610672676888,34,2,34,34,3,0.015221596802774684,354.0,88.44620001036674,6902
2501,34,2,5.058136603525646,0.05058136603525645,0.14876872363310725,34,2,34,34,2,0.015211025184498794,354.0,0.019600032828748226,0
2502,34,2,5.043255006722868,0.05043255006722868,0.14833102960949612,34,2,34,34,2,0.01488159680278045,354.0,0.016200006939470768,0
2503,34,2,5.02837340992009,0.0502837340992009,0.14789333558588497,34,2,34,34,2,0.01488159680276624,354.0,0.01680001150816679,0
2504,34,2,5.013491813117311,0.050134918131173115,0.1474556415622739,34,2,34,34,2,0.01488159680278045,354.0,0.020000035874545574,0
2505,34,2,4.998205641213951,0.04998205641213951,0.14700604827099856,34,2,34,34,3,0.01528617190336945,354.0,95.35049996338785,6902
2506,34,2,4.983259469310591,0.04983259469310591,0.14656645497972326,34,2,34,34,2,0.014946171903332583,354.0,0.029799994081258774,0
2507,34,2,4.9683132974072315,0.049683132974072314,0.146126861688448,34,2,34,34,2,0.014946171903332583,354.0,0.026699970476329327,0
2508,34,2,4.9533671255038705,0.04953367125503871,0.14568726839717266,34,2,34,34,2,0.014946171903346794,354.0,0.026600027922540903,0
2509,34,2,4.93842095360051,0.04938420953600511,0.14524767510589737,34,2,34,34,2,0.014946171903361005,354.0,0.026300025638192892,0
2510,34,2,4.923188523773692,0.049231885237736916,0.1447996624639321,34,2,34,34,3,0.015232429826795624,354.0,95.03059997223318,6902
2511,34,2,4.908296093946872,0.04908296093946871,0.1443616498219668,34,2,34,34,2,0.014892429826787179,354.0,0.032299954909831285,0
2512,34,2,4.893403664120054,0.048934036641200544,0.14392363718000156,34,2,34,34,2,0.0148924298268156,354.0,0.019000028260052204,0
2513,34,2,4.878511234293234,0.04878511234293234,0.1434856245380363,34,2,34,34,2,0.0148924298268156,354.0,0.01750001683831215,0
2514,34,2,4.863618804466415,0.04863618804466415,0.14304761189607104,34,2,34,34,2,0.014892429826787179,354.0,0.018400023691356182,0
2515,34,2,4.8483619165656835,0.048483619165656834,0.1425988798989907,34,2,34,34,3,0.015256887900733318,354.0,87.59099995950237,6902
2516,34,2,4.833445028664951,0.048334450286649504,0.1421601479019103,34,2,34,34,2,0.014916887900710663,354.0,0.03419996937736869,0
2517,34,2,4.8185281407642195,0.048185281407642194,0.14172141590482995,34,2,34,34,2,0.014916887900696452,354.0,0.029600050766021013,0
2518,34,2,4.803611252863488,0.04803611252863488,0.14128268390774965,34,2,34,34,2,0.014916887900724873,354.0,0.028999987989664078,0
2519,34,2,4.788694364962755,0.04788694364962755,0.14084395191066926,34,2,34,34,2,0.014916887900724873,354.0,0.02870004391297698,0
2520,34,2,4.773459383617485,0.04773459383617485,0.14039586422404368,34,2,34,34,3,0.015234981345273013,354.0,81.12160000018775,6902
2521,33,2,4.758857454286186,0.04758857454286186,0.1442078016450359,34,2,34,33,2,0.014601929331320207,354.0,0.034299970138818026,0
2522,31,2,4.747294923741114,0.04747294923741114,0.15313854592713272,32,1,32,20,2,0.01156253054507772,434.0,0.024100008886307478,0
2523,31,1,4.733420064745296,0.04733420064745296,0.15269096983049338,31,1,31,31,1,0.01387485899581975,634.0,0.11900003300979733,0
2524,31,1,4.719545205749475,0.04719545205749475,0.15224339373385404,31,1,31,31,1,0.013874858995805539,634.0,0.02859998494386673,0
2525,31,2,4.705635937722034,0.047056359377220344,0.1517947076684527,31,2,31,31,3,0.013909268027447297,324.0,61.99820002075285,6293
2526,31,2,4.692036669694591,0.04692036669694591,0.1513560216030513,31,2,31,31,2,0.013599268027419953,324.0,0.030399998649954796,0
2527,31,2,4.678437401667149,0.04678437401667149,0.15091733553764994,31,2,31,31,2,0.013599268027448375,324.0,0.028200040105730295,0
2528,30,2,4.665227258063008,0.04665227258063008,0.155507575268767,31,2,31,30,2,0.013210143604112545,324.0,0.027699978090822697,0
2529,30,2,4.652094537673079,0.04652094537673079,0.15506981792243596,30,2,30,30,2,0.013132720389933183,314.0,0.028399983420968056,0
2530,30,2,4.638620307079512,0.046386203070795114,0.15462067690265036,30,2,30,30,3,0.013474230593530478,314.0,85.78339999075979,6090
2531,30,2,4.625446076485944,0.04625446076485944,0.1541815358828648,30,2,30,30,2,0.01317423059352052,314.0,0.02889998722821474,0
2532,30,2,4.612271845892377,0.046122718458923774,0.15374239486307928,30,2,30,30,2,0.013174230593548941,314.0,0.029699993319809437,0
2533,30,2,4.599097615298811,0.045990976152988104,0.15330325384329366,30,2,30,30,2,0.01317423059353473,314.0,0.028399983420968056,0
2534,30,2,4.585923384705242,0.04585923384705242,0.15286411282350804,30,2,30,30,2,0.013174230593548941,314.0,0.025900022592395544,0
2535,30,2,4.572513111363897,0.04572513111363897,0.15241710371212988,30,2,30,30,3,0.013410273341307288,314.0,70.22759999381378,6090
2536,30,2,4.559402838022553,0.04559402838022553,0.15198009460075174,30,2,30,30,2,0.013110273341325751,314.0,0.028500042390078306,0
2537,30,2,4.546292564681208,0.04546292564681208,0.15154308548937362,30,2,30,30,2,0.013110273341325751,314.0,0.02529995981603861,0
2538,30,2,4.533182291339863,0.045331822913398635,0.15110607637799542,30,2,30,30,2,0.013110273341325751,314.0,0.024200009647756815,0
2539,30,2,4.520072017998518,0.04520072017998518,0.15066906726661727,30,2,30,30,2,0.013110273341325751,314.0,0.014699995517730713,0
2540,30,2,4.506597787404949,0.04506597787404949,0.15021992624683167,30,2,30,30,3,0.013474230593516268,314.0,82.67969998996705,6090
2541,30,2,4.493423556811383,0.04493423556811383,0.1497807852270461,30,2,30,30,2,0.013174230593548941,314.0,0.029799994081258774,0
2542,30,2,4.480249326217815,0.04480249326217815,0.1493416442072605,30,2,30,30,2,0.01317423059353473,314.0,0.02800003858283162,0
2543,30,2,4.467075095624248,0.04467075095624248,0.14890250318747494,30,2,30,30,2,0.013174230593548941,314.0,0.028399983420968056,0
2544,30,2,4.45390086503068,0.0445390086503068,0.1484633621676893,30,2,30,30,2,0.013174230593506309,314.0,0.029100046958774328,0
2545,30,2,4.440459632723325,0.04440459632723325,0.14801532109077747,30,2,30,30,3,0.013441232307357609,314.0,78.28459999291226,6090
2546,30,2,4.42731840041597,0.0442731840041597,0.14757728001386564,30,2,30,30,2,0.01314123230733344,314.0,0.019200029782950878,0
2547,30,2,4.414177168108615,0.04414177168108615,0.14713923893695385,30,2,30,30,2,0.01314123230733344,314.0,0.017200014553964138,0
2548,29,2,4.40146718620551,0.0440146718620551,0.15177473055881072,29,2,29,29,2,0.012709981903086032,304.0,0.01580000389367342,0
2549,29,2,4.388764133237077,0.04388764133237077,0.1513366942495544,29,2,29,29,2,0.012703052968404904,304.0,0.016099947970360518,0
2550,29,1,4.375493962187863,0.04375493962187863,0.15087910214440908,29,1,29,29,2,0.013270171049228452,594.0,75.48040000256151,2958
2551,29,1,4.36251379113865,0.043625137911386495,0.15043151003926375,29,1,29,29,1,0.012980171049207456,594.0,0.02800003858283162,0
2552,29,1,4.349533620089435,0.04349533620089435,0.14998391793411844,29,1,29,29,1,0.012980171049193245,594.0,0.024600012693554163,0
2553,29,1,4.336553449040221,0.043365534490402216,0.14953632582897314,29,1,29,29,1,0.012980171049207456,594.0,0.024699955247342587,0
2554,29,1,4.323573277991007,0.043235732779910066,0.14908873372382783,29,1,29,29,1,0.012980171049235878,594.0,0.02500001573935151,0
2555,29,1,4.31031464322922,0.043103146432292204,0.1486315394216972,29,1,29,29,2,0.013258634761754706,594.0,72.74670002516359,2958
2556,29,1,4.297346008467432,0.04297346008467432,0.14818434511956666,29,1,29,29,1,0.012968634761790554,594.0,0.019099970813840628,0
2557,28,1,4.289796441297533,0.042897964412975324,0.15320701576062615,28,0,28,0,1,0.007549567169874649,0.0,0.015300000086426735,0
2558,28,0,4.280741884874067,0.042807418848740675,0.15288363874550243,28,28,28,28,0,0.009054556423450322,17.0,0.004599976819008589,0
2559,27,0,4.271753930558449,0.042717539305584494,0.15821310853920187,28,27,28,27,0,0.008987954315628599,17.0,0.0037999707274138927,0
2560,27,1,4.259349093439096,0.04259349093439096,0.15775367012737393,27,1,27,27,2,0.012404837119348144,554.0,66.17569999070838,2754
2561,27,1,4.247214256319743,0.04247214256319743,0.15730423171554603,27,1,27,27,1,0.012134837119333497,554.0,0.026800029445439577,0
2562,27,1,4.23507941920039,0.042350794192003896,0.15685479330371813,27,1,27,27,1,0.012134837119333497,554.0,0.014999997802078724,0
2563,27,1,4.222944582081036,0.04222944582081036,0.15640535489189025,27,1,27,27,1,0.012134837119347708,554.0,0.012199976481497288,0
2564,27,1,4.210809744961683,0.04210809744961683,0.15595591648006232,27,1,27,27,1,0.012134837119333497,554.0,0.02340000355616212,0
2565,27,1,4.198429266613519,0.04198429266613519,0.15549738024494514,27,1,27,27,2,0.012380478348163138,554.0,69.45209996774793,2754
2566,27,1,4.186318788265355,0.04186318788265355,0.15504884400982796,27,1,27,27,1,0.012110478348162701,554.0,0.02829998265951872,0
2567,27,1,4.174208309917192,0.04174208309917191,0.1546003077747108,27,1,27,27,1,0.012110478348162701,554.0,0.02670002868399024,0
2568,27,1,4.162097831569028,0.04162097831569028,0.15415177153959367,27,1,27,27,1,0.012110478348162701,554.0,0.025600020308047533,0
2569,27,1,4.149987353220864,0.041499873532208645,0.15370323530447647,27,1,27,27,1,0.012110478348162701,554.0,0.024300010409206152,0
2570,27,1,4.137606751920738,0.04137606751920738,0.15324469451558287,27,1,27,27,2,0.012380601300122862,554.0,66.91679998766631,2754
2571,27,1,4.12549615062061,0.041254961506206105,0.15279615372668928,27,1,27,27,1,0.012110601300108215,554.0,0.031400006264448166,0
2572,27,1,4.113385549320483,0.041133855493204835,0.15234761293779567,27,1,27,27,1,0.012110601300136636,554.0,0.026600027922540903,0
2573,27,1,4.1012749480203565,0.041012749480203566,0.15189907214890208,27,1,27,27,1,0.012110601300122426,554.0,0.025800021830946207,0
2574,27,1,4.08916434672023,0.040891643467202296,0.15145053136000855,27,1,27,27,1,0.012110601300108215,554.0,0.02540001878514886,0
2575,27,1,4.076759509600877,0.040767595096008774,0.1509910929481806,27,1,27,27,2,0.012404837119348144,554.0,72.34209997113794,2754
2576,27,1,4.064624672481523,0.04064624672481523,0.15054165453635268,27,1,27,27,1,0.012134837119333497,554.0,0.030199997127056122,0
2577,27,1,4.052489835362169,0.04052489835362169,0.1500922161245248,27,1,27,27,1,0.012134837119333497,554.0,0.027100031729787588,0
2578,27,1,4.040354998242816,0.040403549982428164,0.14964277771269693,27,1,27,27,1,0.012134837119347708,554.0,0.025300018023699522,0
2579,27,1,4.028220161123463,0.04028220161123463,0.149193339300869,27,1,27,27,1,0.012134837119333497,554.0,0.025799963623285294,0
2580,27,1,4.0158396827753,0.040158396827753,0.14873480306575182,27,1,27,27,2,0.012380478348163138,554.0,67.70359998336062,2754
2581,26,1,4.005024862106072,0.04005024862106071,0.1540394177733104,26,0,26,0,1,0.010814820669239111,0.0,0.017900019884109497,0
2582,26,0,3.9965923678634887,0.039965923678634885,0.15371509107167264,26,26,26,26,0,0.008432494242583743,17.0,0.007199996616691351,0
2583,26,0,3.988159873620907,0.03988159873620907,0.15339076437003485,26,26,26,26,0,0.008432494242583743,17.0,0.003700028173625469,0
2584,26,0,3.9797273793783248,0.03979727379378325,0.15306643766839712,26,26,26,26,0,0.008432494242583743,17.0,0.003800028935074806,0
2585,26,1,3.967789896638187,0.03967789896638187,0.15260730371685335,26,1,26,26,2,0.011937482740137284,534.0,63.99360002251342,2652
2586,26,1,3.9561124138980497,0.0395611241389805,0.15215816976530963,26,1,26,26,1,0.011677482740140022,534.0,0.029199989512562752,0
2587,26,1,3.9444349311579123,0.03944434931157912,0.15170903581376588,26,1,26,26,1,0.011677482740154232,534.0,0.02529995981603861,0
2588,26,1,3.9327574484177754,0.03932757448417776,0.15125990186222213,26,1,26,26,1,0.011677482740140022,534.0,0.025200017262250185,0
2589,25,1,3.923094261338189,0.03923094261338189,0.15692377045352754,25,0,25,0,1,0.009663187079610225,0.0,0.02529995981603861,0
2590,25,1,3.9115949647965045,0.03911594964796505,0.1564637985918602,25,1,25,25,2,0.01149929654167181,514.0,57.46829998679459,2550
2591,25,1,3.9003456682548205,0.039003456682548204,0.15601382673019284,25,1,25,25,1,0.011249296541663512,514.0,0.014399993233382702,0
2592,25,1,3.8890963717131366,0.03889096371713137,0.15556385486852548,25,1,25,25,1,0.011249296541663512,514.0,0.011299969628453255,0
2593,25,1,3.877847075171453,0.03877847075171453,0.15511388300685813,25,1,25,25,1,0.011249296541691933,514.0,0.010600022505968809,0
2594,25,1,3.866597778629769,0.03866597778629769,0.15466391114519076,25,1,25,25,1,0.011249296541677722,514.0,0.013399985618889332,0
2595,25,1,3.8550750654592063,0.03855075065459206,0.15420300261836825,25,1,25,25,2,0.011522713170521115,514.0,68.73039994388819,2550
2596,25,1,3.8438023522886438,0.03843802352288644,0.15375209409154575,25,1,25,25,1,0.01127271317058387,514.0,0.024500011932104826,0
2597,25,1,3.8325296391180816,0.03832529639118082,0.15330118556472327,25,1,25,25,1,0.011272713170541238,514.0,0.020899984519928694,0
2598,25,1,3.821256925947519,0.03821256925947519,0.15285027703790074,25,1,25,25,1,0.011272713170555448,514.0,0.019600032828748226,0
2599,25,1,3.809984212776957,0.03809984212776957,0.15239936851107827,25,1,25,25,1,0.011272713170527027,514.0,0.02789997961372137,0
2600,24,1,3.8027797903757614,0.03802779790375761,0.1584491579323234,24,0,24,0,2,0.007204422401201782,0.0,57.45899997418746,2550
2601,24,0,3.7949424541522268,0.03794942454152227,0.15812260225634278,24,24,24,24,0,0.007837336223545321,17.0,0.007599999662488699,0
2602,24,0,3.787105117928692,0.03787105117928692,0.15779604658036217,24,24,24,24,0,0.007837336223545321,17.0,0.006099988240748644,0
2603,24,0,3.7792677817051574,0.037792677817051576,0.15746949090438156,24,24,24,24,0,0.00783733622353111,17.0,0.005599984433501959,0
2604,24,0,3.7714304454816223,0.03771430445481622,0.15714293522840095,24,24,24,24,0,0.00783733622353111,17.0,0.005299982149153948,0
2605,24,1,3.7603483636358686,0.03760348363635869,0.1566811818181612,24,1,24,24,2,0.011082081845742664,494.0,64.47430001571774,2448
2606,24,1,3.7495062817901146,0.037495062817901145,0.15622942840792145,24,1,24,24,1,0.010842081845737539,494.0,0.016900012269616127,0
2607,24,1,3.738664199944361,0.03738664199944361,0.1557776749976817,24,1,24,24,1,0.01084208184575175,494.0,0.01390004763379693,0
2608,22,1,3.7295671861287643,0.03729567186128764,0.16952578118767112,22,0,22,0,1,0.009097013815605237,0.0,0.014000048395246267,0
2609,22,0,3.722373659593575,0.03722373659593575,0.1691988027087989,22,22,22,22,0,0.007193526535203887,17.0,0.004699977580457926,0
2610,22,1,3.7122057452249413,0.03712205745224941,0.1687366247829519,22,1,22,22,2,0.010167914368608422,454.0,64.23169997287914,2244
2611,22,1,3.7022578308563077,0.03702257830856308,0.1682844468571049,22,1,22,22,1,0.009947914368595434,454.0,0.026899971999228,0
2612,21,1,3.6962101475773594,0.03696210147577359,0.1760100070274933,21,0,21,0,1,0.0060476832789220225,0.0,0.023800006601959467,0
2613,21,0,3.689301474190481,0.03689301474190481,0.17568102258049909,21,21,21,21,0,0.0069086733868886085,17.0,0.005900044925510883,0
2614,21,0,3.682392800803602,0.03682392800803602,0.17535203813350486,21,21,21,21,0,0.0069086733868886085,17.0,0.00400003045797348,0
2615,21,1,3.6723473935348934,0.03672347393534894,0.1748736854064235,21,1,21,21,2,0.01004540726870573,434.0,61.60839996300638,2142
2616,21,1,3.6625119862661846,0.03662511986266184,0.17440533267934213,21,1,21,21,1,0.009835407268724339,434.0,0.025999965146183968,0
2617,21,1,3.6526765789974758,0.036526765789974755,0.17393697995226076,21,1,21,21,1,0.009835407268710128,434.0,0.02180004958063364,0
2618,21,1,3.6428411717287674,0.036428411717287675,0.1734686272251794,21,1,21,21,1,0.009835407268695917,434.0,0.022599997464567423,0
2619,21,1,3.6330057644600595,0.036330057644600594,0.17300027449809807,21,1,21,21,1,0.009835407268710128,434.0,0.021099986042827368,0
2620,21,1,3.622855453470973,0.03622855453470973,0.1725169263557606,21,1,21,21,2,0.010150310989061495,434.0,57.05559998750687,2142
2621,20,1,3.613153335006039,0.03613153335006039,0.18065766675030195,21,1,21,20,1,0.009702118464929299,434.0,0.023800006601959467,0
2622,20,1,3.603731264278432,0.03603731264278432,0.1801865632139216,20,1,20,20,1,0.009422070727566734,414.0,0.02039998071268201,0
2623,20,1,3.5943091935508256,0.03594309193550826,0.1797154596775413,20,1,20,20,1,0.009422070727595155,414.0,0.01910002902150154,0
2624,20,1,3.5848871228232184,0.03584887122823219,0.1792443561411609,20,1,20,20,1,0.009422070727580945,414.0,0.01869996776804328,0
2625,20,1,3.5752650520956117,0.035752650520956115,0.17876325260478057,20,1,20,20,2,0.009622070727601795,414.0,47.295199998188764,2040
2626,20,1,3.5658429813680046,0.035658429813680045,0.17829214906840024,20,1,20,20,1,0.009422070727580945,414.0,0.015900004655122757,0
2627,20,1,3.556420910640398,0.03556420910640398,0.1778210455320199,20,1,20,20,1,0.009422070727595155,414.0,0.01209997572004795,0
2628,20,1,3.546998839912791,0.03546998839912791,0.17734994199563958,20,1,20,20,1,0.009422070727580945,414.0,0.023300002794712782,0
2629,20,1,3.5375767691851845,0.03537576769185184,0.17687883845925928,20,1,20,20,1,0.009422070727595155,414.0,0.021899992134422064,0
2630,20,1,3.5280476628952497,0.0352804766289525,0.17640238314476248,20,1,20,20,2,0.009529106289903666,414.0,52.48309997841716,2040
2631,20,1,3.5187185566053145,0.035187185566053145,0.1759359278302657,20,1,20,20,1,0.00932910628995387,414.0,0.02559996210038662,0
2632,20,1,3.5093894503153793,0.03509389450315379,0.17546947251576897,20,1,20,20,1,0.009329106289911238,414.0,0.02300000051036477,0
2633,20,1,3.5000603440254445,0.03500060344025444,0.1750030172012722,20,1,20,20,1,0.00932910628995387,414.0,0.022099993657320738,0
2634,20,1,3.4907312377355098,0.034907312377355094,0.17453656188677544,20,1,20,20,1,0.009329106289925448,414.0,0.0219999928958714,0
2635,20,1,3.481255649913305,0.03481255649913305,0.17406278249566526,20,1,20,20,2,0.009475587822194598,414.0,47.530399984680116,2040
2636,19,1,3.4723963073767234,0.03472396307376723,0.1827577003882486,20,1,20,19,1,0.008859342536567283,414.0,0.02440001117065549,0
2637,19,1,3.46362434911944,0.0346362434911944,0.1822960183747074,19,1,19,19,1,0.008771958257270285,394.0,0.02640002639964223,0
2638,19,1,3.4548523908621576,0.03454852390862158,0.1818343363611662,19,1,19,19,1,0.008771958257270285,394.0,0.02239999594166875,0
2639,19,1,3.4460804326048744,0.03446080432604874,0.18137265434762498,19,1,19,19,1,0.008771958257270285,394.0,0.02099998528137803,0
2640,19,1,3.4369890185751664,0.034369890185751664,0.18089415887237714,19,1,19,19,2,0.009091414029668954,394.0,53.803600021637976,1938
2641,19,1,3.428087604545458,0.03428087604545458,0.18042566339712934,19,1,19,19,1,0.00890141402969391,394.0,0.025100016500800848,0
2642,19,1,3.4191861905157497,0.034191861905157495,0.17995716792188154,19,1,19,19,1,0.00890141402969391,394.0,0.021199986804276705,0
2643,19,1,3.410284776486041,0.03410284776486041,0.17948867244663375,19,1,19,19,1,0.0089014140296797,394.0,0.0219999928958714,0
2644,19,1,3.4013833624563334,0.03401383362456333,0.17902017697138595,19,1,19,19,1,0.0089014140296797,394.0,0.03609998384490609,0
2645,18,1,3.3926806096373463,0.03392680609637346,0.1884822560909637,19,1,19,18,2,0.0087027528190049,394.0,48.951600037980825,1938
2646,18,1,3.384294084211817,0.03384294084211817,0.18801633801176765,18,1,18,18,1,0.008386525425535751,374.0,0.023699947632849216,0
2647,18,1,3.375907558786288,0.03375907558786288,0.1875504199325716,18,1,18,18,1,0.00838652542552154,374.0,0.01910002902150154,0
2648,18,1,3.3675210333607586,0.03367521033360758,0.18708450185337552,18,1,18,18,1,0.00838652542552154,374.0,0.01910002902150154,0
2649,18,1,3.35913450793523,0.0335913450793523,0.18661858377417945,18,1,18,18,1,0.00838652542550733,374.0,0.017799960914999247,0
2650,18,1,3.3506133134151206,0.033506133134151204,0.1861451840786178,18,1,18,18,2,0.008521194520099584,374.0,48.51949994917959,1836
2651,18,1,3.342272118895012,0.03342272118895012,0.18568178438305621,18,1,18,18,1,0.008341194520099293,374.0,0.023600005079060793,0
2652,18,1,3.3339309243749025,0.033339309243749025,0.18521838468749457,18,1,18,18,1,0.008341194520085082,374.0,0.02139998832717538,0
2653,17,1,3.327888236483835,0.03327888236483835,0.19575813155787264,17,0,17,0,1,0.006042687891081755,0.0,0.01999997766688466,0
2654,17,0,3.3222091001635845,0.033222091001635846,0.19542406471550494,17,17,17,17,0,0.0056791363202535194,17.0,0.006799993570894003,0
2655,17,1,3.3140828836840432,0.033140828836840434,0.19494605198141432,17,1,17,17,2,0.008126216479539039,354.0,48.08569996384904,1734
2656,17,1,3.306126667204502,0.03306126667204502,0.19447803924732365,17,1,17,17,1,0.007956216479541922,354.0,0.021899992134422064,0
2657,17,1,3.298170450724961,0.03298170450724961,0.19401002651323304,17,1,17,17,1,0.007956216479541922,354.0,0.05949998740106821,0
2658,17,1,3.290214234245421,0.03290214234245421,0.1935420137791424,17,1,17,17,1,0.007956216479556133,354.0,0.02069998299703002,0
2659,17,1,3.2822580177658804,0.0328225801776588,0.19307400104505176,17,1,17,17,1,0.007956216479541922,354.0,0.01999997766688466,0
2660,17,1,3.2740499528251727,0.032740499528251726,0.19259117369559836,17,1,17,17,2,0.00820806494067483,354.0,48.05410001426935,1734
2661,17,1,3.2660118878844653,0.03266011887884465,0.19211834634614502,17,1,17,17,1,0.008038064940691925,354.0,0.02269999822601676,0
2662,17,1,3.2579738229437574,0.03257973822943758,0.1916455189966916,17,1,17,17,1,0.008038064940691925,354.0,0.021199986804276705,0
2663,17,1,3.2499357580030503,0.0324993575800305,0.19117269164723827,17,1,17,17,1,0.008038064940706136,354.0,0.019599974621087313,0
2664,17,1,3.241897693062343,0.03241897693062343,0.19069986429778488,17,1,17,17,1,0.008038064940677714,354.0,0.018799968529492617,0
2665,17,1,3.2337714765828016,0.032337714765828016,0.1902218515636942,17,1,17,17,2,0.008126216479539039,354.0,45.730600017122924,1734
2666,17,1,3.2258152601032615,0.03225815260103262,0.18975383882960362,17,1,17,17,1,0.007956216479570344,354.0,0.02139998832717538,0
2667,17,1,3.2178590436237204,0.032178590436237206,0.18928582609551298,17,1,17,17,1,0.007956216479541922,354.0,0.01839996548369527,0
2668,17,1,3.20990282714418,0.0320990282714418,0.18881781336142234,17,1,17,17,1,0.007956216479527711,354.0,0.01839996548369527,0
2669,16,1,3.2023210071570944,0.03202321007157095,0.20014506294731838,16,0,16,0,1,0.007581819987080962,0.0,0.021599989850074053,0
2670,16,1,3.194662374158579,0.031946623741585786,0.19966639838491118,16,1,16,16,2,0.007658632998499115,334.0,46.14039999432862,1632
2671,16,1,3.187163741160064,0.03187163741160064,0.19919773382250397,16,1,16,16,1,0.007498632998547805,334.0,0.021799991372972727,0
2672,16,1,3.1796651081615486,0.03179665108161549,0.19872906926009679,16,1,16,16,1,0.007498632998519383,334.0,0.05269999383017421,0
2673,16,1,3.1721664751630336,0.03172166475163034,0.1982604046976896,16,1,16,16,1,0.007498632998490962,334.0,0.019799976143985987,0
2674,16,1,3.1646678421645182,0.03164667842164518,0.1977917401352824,16,1,16,16,1,0.007498632998519383,334.0,0.018799968529492617,0
2675,16,1,3.156900231152412,0.031569002311524125,0.19730626444702576,16,1,16,16,2,0.007767611012098996,334.0,46.826799982227385,1632
2676,16,1,3.149292620140306,0.031492926201403065,0.19683078875876914,16,1,16,16,1,0.007607611012076632,334.0,0.013599987141788006,0
2677,16,1,3.1416850091282003,0.031416850091282006,0.19635531307051252,16,1,16,16,1,0.007607611012119264,334.0,0.011899974197149277,0
2678,16,1,3.1340773981160943,0.031340773981160946,0.1958798373822559,16,1,16,16,1,0.007607611012076632,334.0,0.016600009985268116,0
2679,16,1,3.1264697871039884,0.03126469787103989,0.19540436169399927,16,1,16,16,1,0.0076076110120908425,334.0,0.015900004655122757,0
2680,16,1,3.1188111541054733,0.031188111541054733,0.19492569713159208,16,1,16,16,2,0.007658632998513326,334.0,37.81979996711016,1632
2681,16,1,3.1113125211069574,0.031113125211069573,0.19445703256918487,16,1,16,16,1,0.007498632998519383,334.0,0.015199999324977398,0
2682,16,1,3.103813888108443,0.03103813888108443,0.19398836800677766,16,1,16,16,1,0.007498632998519383,334.0,0.012499978765845299,0
2683,16,1,3.0963152551099276,0.030963152551099275,0.19351970344437047,16,1,16,16,1,0.007498632998519383,334.0,0.017599959392100573,0
2684,16,1,3.088816622111412,0.03088816622111412,0.1930510388819633,16,1,16,16,1,0.0074986329985051725,334.0,0.01309998333454132,0
2685,16,1,3.0810490110993065,0.030810490110993065,0.19256556319370666,16,1,16,16,2,0.007767611012098996,334.0,32.73749997606501,1632
2686,16,1,3.0734414000872006,0.030734414000872005,0.19209008750545004,16,1,16,16,1,0.007607611012076632,334.0,0.023100001271814108,0
2687,16,1,3.0658337890750946,0.030658337890750946,0.19161461181719341,16,1,16,16,1,0.007607611012105053,334.0,0.019400031305849552,0
2688,16,1,3.0582261780629887,0.030582261780629887,0.1911391361289368,16,1,16,16,1,0.007607611012105053,334.0,0.018899969290941954,0
2689,16,1,3.0506185670508827,0.030506185670508827,0.19066366044068017,16,1,16,16,1,0.007607611012076632,334.0,0.019400031305849552,0
2690,16,1,3.042643167169409,0.03042643167169409,0.19016519794808803,16,1,16,16,2,0.007975399881473777,334.0,46.12199997063726,1632
2691,16,1,3.0348277672879345,0.030348277672879346,0.1896767354554959,16,1,16,16,1,0.007815399881465623,334.0,0.024399952962994576,0
2692,16,1,3.0270123674064604,0.030270123674064606,0.18918827296290378,16,1,16,16,1,0.007815399881479834,334.0,0.02050003968179226,0
2693,16,1,3.019196967524987,0.03019196967524987,0.18869981047031167,16,1,16,16,1,0.007815399881479834,334.0,0.019499973859637976,0
2694,16,1,3.0113815676435127,0.03011381567643513,0.18821134797771955,16,1,16,16,1,0.007815399881465623,334.0,0.019499973859637976,0
2695,16,1,3.003722934644997,0.03003722934644997,0.18773268341531235,16,1,16,16,2,0.007658632998513326,334.0,46.1488000000827,1632
2696,16,1,2.9962243016464822,0.029962243016464822,0.18726401885290514,16,1,16,16,1,0.0074986329985051725,334.0,0.02719997428357601,0
2697,16,1,2.9887256686479673,0.029887256686479673,0.18679535429049793,16,1,16,16,1,0.007498632998519383,334.0,0.015400000847876072,0
2698,15,1,2.983423227604925,0.029834232276049248,0.19889488184032833,15,0,15,0,1,0.0053024410430424496,0.0,0.012000033166259527,0
2699,15,0,2.978375363070998,0.02978375363070998,0.1985583575380665,15,15,15,15,0,0.005047864533935353,17.0,0.004799978341907263,0
2700,15,1,2.9706769915833164,0.029706769915833164,0.19804513277222108,15,1,15,15,2,0.007698371487691702,314.0,39.5221000071615,1530
2701,15,1,2.9631286200956355,0.029631286200956355,0.1975419080063757,15,1,15,15,1,0.007548371487658301,314.0,0.01479999627918005,0
2702,15,1,2.955580248607954,0.02955580248607954,0.19703868324053028,15,1,15,15,1,0.007548371487700933,314.0,0.011200027074664831,0
2703,15,1,2.948031877120273,0.029480318771202732,0.1965354584746849,15,1,15,15,1,0.007548371487672512,314.0,0.011100026313215494,0
2704,15,1,2.940483505632592,0.02940483505632592,0.1960322337088395,15,1,15,15,1,0.0075483714876867225,314.0,0.010200019460171461,0
2705,15,1,2.93297201293842,0.0293297201293842,0.195531467529228,15,1,15,15,2,0.007511492694163735,314.0,38.54399995179847,1530
2706,15,1,2.9256105202442484,0.029256105202442484,0.19504070134961657,15,1,15,15,1,0.007361492694172966,314.0,0.021200045011937618,0
2707,15,1,2.9182490275500763,0.029182490275500763,0.1945499351700051,15,1,15,15,1,0.007361492694172966,314.0,0.021099986042827368,0
2708,15,1,2.9108875348559047,0.029108875348559046,0.19405916899039363,15,1,15,15,1,0.007361492694172966,314.0,0.019000028260052204,0
2709,15,1,2.903526042161733,0.02903526042161733,0.1935684028107822,15,1,15,15,1,0.0073614926941587555,314.0,0.01939997309818864,0
2710,15,1,2.8958276706740516,0.028958276706740515,0.19305517804493677,15,1,15,15,2,0.00769837148766328,314.0,46.47639999166131,1530
2711,15,1,2.8882792991863706,0.028882792991863707,0.19255195327909141,15,1,15,15,1,0.0075483714876867225,314.0,0.0219999928958714,0
2712,15,1,2.8807309276986897,0.028807309276986895,0.19204872851324598,15,1,15,15,1,0.007548371487672512,314.0,0.019200029782950878,0
2713,15,1,2.8731825562110087,0.028731825562110087,0.19154550374740062,15,1,15,15,1,0.0075483714876867225,314.0,0.01880002673715353,0
2714,15,1,2.8656341847233278,0.02865634184723328,0.19104227898155515,15,1,15,15,1,0.007548371487672512,314.0,0.018900027498602867,0
2715,15,1,2.8583134792023395,0.028583134792023394,0.19055423194682264,15,1,15,15,2,0.007320705520982074,314.0,42.7369000390172,1530
2716,15,1,2.8511427736813517,0.02851142773681352,0.19007618491209008,15,1,15,15,1,0.007170705520977094,314.0,0.014499993994832039,0
2717,15,1,2.8439720681603635,0.028439720681603636,0.18959813787735758,15,1,15,15,1,0.007170705520962883,314.0,0.01160003012046218,0
2718,15,1,2.8368013626393753,0.028368013626393754,0.18912009084262502,15,1,15,15,1,0.007170705520977094,314.0,0.010700023267418146,0
2719,15,1,2.8296306571183876,0.028296306571183875,0.18864204380789254,15,1,15,15,1,0.007170705520977094,314.0,0.010400020983070135,0
2720,15,1,2.8221191644242154,0.028221191644242152,0.18814127762828103,15,1,15,15,2,0.007511492694163735,314.0,37.773000018205494,1530
2721,15,1,2.8147576717300438,0.02814757671730044,0.18765051144866962,15,1,15,15,1,0.0073614926941587555,314.0,0.023800006601959467,0
2722,15,1,2.8073961790358717,0.028073961790358717,0.18715974526905815,15,1,15,15,1,0.007361492694172966,314.0,0.01950003206729889,0
2723,15,1,2.8000346863416996,0.028000346863416996,0.1866689790894467,15,1,15,15,1,0.0073614926941587555,314.0,0.018499966245144606,0
2724,15,1,2.7926731936475284,0.027926731936475283,0.1861782129098352,15,1,15,15,1,0.007361492694172966,314.0,0.02039998071268201,0
2725,15,1,2.7849024241135973,0.027849024241135972,0.18566016160757315,15,1,15,15,2,0.007770769533934185,314.0,41.7796999681741,1530
2726,15,1,2.7772816545796672,0.027772816545796674,0.18515211030531115,15,1,15,15,1,0.007620769533914995,314.0,0.024200009647756815,0
2727,15,1,2.7696608850457363,0.027696608850457362,0.18464405900304906,15,1,15,15,1,0.007620769533929206,314.0,0.02629996743053198,0
2728,15,1,2.7620401155118053,0.027620401155118053,0.18413600770078703,15,1,15,15,1,0.007620769533900784,314.0,0.014899997040629387,0
2729,15,1,2.754419345977875,0.02754419345977875,0.18362795639852497,15,1,15,15,1,0.007620769533943417,314.0,0.01309998333454132,0
2730,15,1,2.746720974490194,0.02746720974490194,0.18311473163267958,15,1,15,15,2,0.007698371487677491,314.0,38.550700002815574,1530
2731,15,1,2.7391726030025128,0.027391726030025126,0.1826115068668342,15,1,15,15,1,0.007548371487700933,314.0,0.021099986042827368,0
2732,15,1,2.731624231514832,0.027316242315148318,0.18210828210098876,15,1,15,15,1,0.007548371487672512,314.0,0.019300030544400215,0
2733,15,1,2.724075860027151,0.02724075860027151,0.1816050573351434,15,1,15,15,1,0.0075483714876867225,314.0,0.019099970813840628,0
2734,15,1,2.7165274885394695,0.027165274885394695,0.181101832569298,15,1,15,15,1,0.007548371487672512,314.0,0.018700025975704193,0
2735,15,1,2.7092067830184816,0.027092067830184818,0.18061378553456545,15,1,15,15,2,0.007320705520967863,314.0,43.03030000301078,1530
2736,15,1,2.7020360774974934,0.027020360774974935,0.1801357384998329,15,1,15,15,1,0.007170705520962883,314.0,0.014999997802078724,0
2737,15,1,2.6948653719765057,0.026948653719765056,0.17965769146510038,15,1,15,15,1,0.007170705520977094,314.0,0.022799998987466097,0
2738,15,1,2.6876946664555175,0.026876946664555174,0.17917964443036782,15,1,15,15,1,0.007170705520977094,314.0,0.01780001912266016,0
2739,15,1,2.6805239609345297,0.026805239609345298,0.17870159739563535,15,1,15,15,1,0.007170705520977094,314.0,0.015900004655122757,0
2740,15,1,2.6730124682403575,0.026730124682403576,0.17820083121602387,15,1,15,15,2,0.007511492694177946,314.0,45.543599990196526,1530
2741,15,1,2.665650975546186,0.026656509755461858,0.1777100650364124,15,1,15,15,1,0.0073614926941587555,314.0,0.0219999928958714,0
2742,15,1,2.6582894828520143,0.026582894828520144,0.17721929885680096,15,1,15,15,1,0.0073614926941587555,314.0,0.01999997766688466,0
2743,15,1,2.650927990157842,0.026509279901578423,0.1767285326771895,15,1,15,15,1,0.007361492694172966,314.0,0.018899969290941954,0
2744,15,1,2.6435664974636706,0.026435664974636706,0.17623776649757808,15,1,15,15,1,0.007361492694172966,314.0,0.018600025214254856,0
2745,15,1,2.6357957279297395,0.026357957279297396,0.17571971519531596,15,1,15,15,2,0.0077707695339199745,314.0,38.772899948526174,1530
2746,15,1,2.6281749583958094,0.026281749583958094,0.17521166389305395,15,1,15,15,1,0.007620769533914995,314.0,0.014999997802078724,0
2747,15,1,2.6205541888618784,0.026205541888618785,0.1747036125907919,15,1,15,15,1,0.007620769533943417,314.0,0.011400028597563505,0
2748,15,1,2.612933419327948,0.02612933419327948,0.17419556128852987,15,1,15,15,1,0.007620769533900784,314.0,0.01260003773495555,0
2749,15,1,2.605312649794017,0.026053126497940168,0.17368750998626784,15,1,15,15,1,0.007620769533943417,314.0,0.011700030881911516,0
2750,15,1,2.597614278306336,0.025976142783063358,0.1731742852204224,15,1,15,15,2,0.007698371487677491,314.0,38.8327999971807,1530
2751,15,1,2.5900659068186545,0.025900659068186546,0.17267106045457697,15,1,15,15,1,0.007548371487700933,314.0,0.022199994418770075,0
2752,15,1,2.582517535330974,0.025825175353309738,0.1721678356887316,15,1,15,15,1,0.00754837148764409,314.0,0.019300030544400215,0
2753,15,1,2.5749691638432926,0.025749691638432926,0.17166461092288618,15,1,15,15,1,0.007548371487700933,314.0,0.0192999723367393,0
2754,15,1,2.567420792355612,0.02567420792355612,0.17116138615704077,15,1,15,15,1,0.007548371487658301,314.0,0.018600025214254856,0
2755,15,1,2.560100086834624,0.02560100086834624,0.17067333912230823,15,1,15,15,2,0.007320705520982074,314.0,42.859199980739504,1530
2756,15,1,2.552929381313636,0.02552929381313636,0.1701952920875757,15,1,15,15,1,0.007170705520977094,314.0,0.017000013031065464,0
2757,15,1,2.545758675792648,0.02545758675792648,0.1697172450528432,15,1,15,15,1,0.007170705520977094,314.0,0.013999990187585354,0
2758,15,1,2.5385879702716596,0.025385879702716597,0.16923919801811063,15,1,15,15,1,0.007170705520977094,314.0,0.010500021744519472,0
2759,15,1,2.5314172647506714,0.025314172647506714,0.16876115098337816,15,1,15,15,1,0.007170705520977094,314.0,0.009000010322779417,0
2760,15,1,2.523861971509985,0.02523861971509985,0.16825746476733236,15,1,15,15,2,0.007555293240656624,314.0,43.32190001150593,1530
2761,15,1,2.5164566782692988,0.025164566782692986,0.16776377855128657,15,1,15,15,1,0.007405293240665856,314.0,0.022799998987466097,0
2762,15,1,2.5090513850286125,0.025090513850286125,0.16727009233524084,15,1,15,15,1,0.007405293240665856,314.0,0.019799976143985987,0
2763,15,1,2.501646091787926,0.025016460917879263,0.16677640611919511,15,1,15,15,1,0.007405293240665856,314.0,0.01969997538253665,0
2764,15,1,2.49424079854724,0.024942407985472398,0.16628271990314936,15,1,15,15,1,0.007405293240665856,314.0,0.01880002673715353,0
2765,15,1,2.486664162408477,0.024866641624084772,0.1657776108272318,15,1,15,15,2,0.007576636138750814,314.0,47.31980001088232,1530
2766,15,1,2.479237526269715,0.024792375262697147,0.1652825017513143,15,1,15,15,1,0.007426636138745835,314.0,0.020599982235580683,0
2767,15,1,2.4718108901309517,0.024718108901309516,0.16478739267539683,15,1,15,15,1,0.0074266361387600455,314.0,0.01680001150816679,0
2768,15,1,2.4643842539921894,0.024643842539921895,0.16429228359947928,15,1,15,15,1,0.007426636138745835,314.0,0.015400000847876072,0
2769,14,1,2.457391582260911,0.024573915822609108,0.17552797016149363,15,1,15,14,1,0.006992671731254063,314.0,0.01780001912266016,0
2770,14,1,2.450250170176505,0.02450250170176505,0.17501786929832178,14,1,14,14,2,0.007141412084394005,294.0,44.202800025232136,1428
2771,14,1,2.443248758092099,0.02443248758092099,0.17451776843514993,14,1,14,14,1,0.007001412084406411,294.0,0.02139998832717538,0
2772,14,1,2.4362473460076925,0.024362473460076927,0.17401766757197804,14,1,14,14,1,0.007001412084406411,294.0,0.018900027498602867,0
2773,14,1,2.4292459339232866,0.024292459339232866,0.17351756670880616,14,1,14,14,1,0.0070014120843922,294.0,0.01869996776804328,0
2774,14,1,2.42224452183888,0.024222445218388802,0.1730174658456343,14,1,14,14,1,0.007001412084406411,294.0,0.01799996243789792,0
2775,14,1,2.4151256880047693,0.024151256880047694,0.17250897771462642,14,1,14,14,2,0.007118833834098837,294.0,38.59999997075647,1428
2776,14,1,2.408146854170659,0.02408146854170659,0.1720104895836185,14,1,14,14,1,0.006978833834111242,294.0,0.052499992307275534,0
2777,14,1,2.4011680203365486,0.024011680203365485,0.1715120014526106,14,1,14,14,1,0.00697883383408282,294.0,0.0171000137925148,0
2778,14,1,2.394189186502438,0.02394189186502438,0.17101351332160272,14,1,14,14,1,0.00697883383408282,294.0,0.016000005416572094,0
2779,14,1,2.387210352668327,0.023872103526683272,0.17051502519059478,14,1,14,14,1,0.006978833834111242,294.0,0.015500001609325409,0
2780,13,1,2.380496537718407,0.02380496537718407,0.18311511828603128,14,1,14,13,2,0.0067138149499044175,294.0,39.88609998486936,1428
2781,13,1,2.3739555967088957,0.023739555967088957,0.18261196897760737,13,1,13,13,1,0.006540941009490098,274.0,0.01669995253905654,0
2782,13,1,2.3674146556993843,0.023674146556993843,0.18210881966918338,13,1,13,13,1,0.006540941009504309,274.0,0.016300007700920105,0
2783,13,1,2.3608737146898733,0.023608737146898734,0.18160567036075942,13,1,13,13,1,0.006540941009490098,274.0,0.011999974958598614,0
2784,13,1,2.3543327736803614,0.023543327736803614,0.18110252105233549,13,1,13,13,1,0.006540941009518519,274.0,0.011400028597563505,0
2785,13,1,2.347821781941412,0.02347821781941412,0.18060167553395476,13,1,13,13,2,0.006510991738920779,274.0,31.288199999835342,1326
2786,13,1,2.3414407902024625,0.023414407902024627,0.18011083001557404,13,1,13,13,1,0.006380991738936359,274.0,0.021300045773386955,0
2787,13,1,2.3350597984635133,0.023350597984635135,0.17961998449719332,13,1,13,13,1,0.006380991738936359,274.0,0.018400023691356182,0
2788,13,1,2.3286788067245645,0.023286788067245646,0.17912913897881266,13,1,13,13,1,0.006380991738922148,274.0,0.018000020645558834,0
2789,13,1,2.3222978149856157,0.023222978149856157,0.17863829346043192,13,1,13,13,1,0.00638099173895057,274.0,0.017700018361210823,0
2790,13,1,2.3156888977295846,0.023156888977295845,0.17812991520996804,13,1,13,13,2,0.0066089172560026554,274.0,30.567499983590096,1326
2791,13,1,2.3092099804735544,0.023092099804735543,0.17763153695950418,13,1,13,13,1,0.006478917256032446,274.0,0.014499993994832039,0
2792,13,1,2.3027310632175233,0.023027310632175235,0.17713315870904028,13,1,13,13,1,0.006478917256032446,274.0,0.011399970389902592,0
2793,13,1,2.296252145961493,0.02296252145961493,0.17663478045857642,13,1,13,13,1,0.006478917256018235,274.0,0.010800024028867483,0
2794,13,1,2.289773228705463,0.022897732287054627,0.17613640220811252,13,1,13,13,1,0.006478917256032446,274.0,0.00990001717582345,0
2795,13,1,2.283174848510982,0.022831748485109823,0.1756288345008448,13,1,13,13,2,0.006598380194461129,274.0,33.50510000018403,1326
2796,13,1,2.276706468316502,0.022767064683165018,0.17513126679357705,13,1,13,13,1,0.0064683801944624975,274.0,0.020799983758479357,0
2797,13,1,2.270238088122021,0.022702380881220213,0.17463369908630932,13,1,13,13,1,0.0064683801944624975,274.0,0.018700025975704193,0
2798,13,1,2.2637697079275405,0.022637697079275404,0.17413613137904158,13,1,13,13,1,0.006468380194448287,274.0,0.018599967006593943,0
2799,13,1,2.2573013277330607,0.022573013277330606,0.1736385636717739,13,1,13,13,1,0.006468380194476708,274.0,0.017900019884109497,0
2800,13,1,2.250790335994111,0.02250790335994111,0.17313771815339313,13,1,13,13,2,0.00651099173893499,274.0,40.13269999995828,1326
2801,13,1,2.244409344255162,0.02244409344255162,0.1726468726350125,13,1,13,13,1,0.006380991738936359,274.0,0.021899992134422064,0
2802,13,1,2.2380283525162126,0.022380283525162126,0.17215602711663175,13,1,13,13,1,0.006380991738922148,274.0,0.018400023691356182,0
2803,13,1,2.2316473607772633,0.022316473607772634,0.17166518159825106,13,1,13,13,1,0.006380991738936359,274.0,0.018099963199347258,0
2804,13,1,2.225266369038314,0.022252663690383142,0.17117433607987032,13,1,13,13,1,0.00638099173895057,274.0,0.019000028260052204,0
2805,13,1,2.2186574517822835,0.022186574517822834,0.1706659578294064,13,1,13,13,2,0.0066089172560026554,274.0,31.932599958963692,1326
2806,13,1,2.2121785345262523,0.022121785345262525,0.1701675795789425,13,1,13,13,1,0.006478917256018235,274.0,0.014199991710484028,0
2807,13,1,2.2056996172702217,0.022056996172702216,0.1696692013284786,13,1,13,13,1,0.006478917256032446,274.0,0.011100026313215494,0
2808,13,1,2.1992207000141906,0.021992207000141907,0.16917082307801465,13,1,13,13,1,0.006478917256032446,274.0,0.010400020983070135,0
2809,13,1,2.19274178275816,0.021927417827581598,0.16867244482755078,13,1,13,13,1,0.006478917256018235,274.0,0.01850002445280552,0
2810,13,1,2.1861434025636792,0.021861434025636794,0.16816487712028305,13,1,13,13,2,0.006598380194461129,274.0,32.58759999880567,1326
2811,13,1,2.179675022369199,0.02179675022369199,0.16766730941301533,13,1,13,13,1,0.006468380194476708,274.0,0.013899989426136017,0
2812,13,1,2.1732066421747183,0.021732066421747184,0.16716974170574758,13,1,13,13,1,0.006468380194448287,274.0,0.01109996810555458,0
2813,13,1,2.166738261980238,0.02166738261980238,0.16667217399847983,13,1,13,13,1,0.0064683801944624975,274.0,0.010500021744519472,0
2814,13,1,2.1602698817857577,0.021602698817857577,0.16617460629121214,13,1,13,13,1,0.0064683801944624975,274.0,0.01079996582120657,0
2815,13,1,2.153758890046808,0.021537588900468082,0.16567376077283139,13,1,13,13,2,0.006510991738949201,274.0,34.16480001760647,1326
2816,13,1,2.147377898307859,0.02147377898307859,0.16518291525445067,13,1,13,13,1,0.006380991738936359,274.0,0.020299979951232672,0
2817,13,1,2.14099690656891,0.0214099690656891,0.16469206973606998,13,1,13,13,1,0.006380991738907937,274.0,0.018599967006593943,0
2818,13,1,2.1346159148299604,0.021346159148299605,0.1642012242176893,13,1,13,13,1,0.006380991738936359,274.0,0.018799968529492617,0
2819,12,1,2.1284631864655825,0.021284631864655824,0.1773719322054652,13,1,13,12,1,0.006152728364369864,274.0,0.017599959392100573,0
2820,12,1,2.122270247314055,0.02122270247314055,0.1768558539428379,12,1,12,12,2,0.006192939151532073,254.0,33.64699997473508,1224
2821,12,1,2.116197308162528,0.02116197308162528,0.17634977568021068,12,1,12,12,1,0.006072939151522405,254.0,0.019300030544400215,0
2822,12,1,2.1101243690110008,0.021101243690110006,0.1758436974175834,12,1,12,12,1,0.006072939151522405,254.0,0.01829996472224593,0
2823,12,1,2.1040514298594735,0.021040514298594735,0.17533761915495613,12,1,12,12,1,0.006072939151522405,254.0,0.01810002140700817,0
2824,12,1,2.0979784907079466,0.020979784907079465,0.17483154089232888,12,1,12,12,1,0.006072939151522405,254.0,0.01669995253905654,0
2825,12,1,2.091908421805479,0.02091908421805479,0.17432570181712326,12,1,12,12,2,0.00607006890245998,254.0,35.78689997084439,1224
2826,12,1,2.085958352903012,0.02085958352903012,0.17382986274191767,12,1,12,12,1,0.005950068902450312,254.0,0.01969997538253665,0
2827,12,1,2.0800082840005447,0.020800082840005448,0.17333402366671205,12,1,12,12,1,0.005950068902436101,254.0,0.016000005416572094,0
2828,12,1,2.0740582150980775,0.020740582150980777,0.17283818459150646,12,1,12,12,1,0.0059500689024787334,254.0,0.01580000389367342,0
2829,12,1,2.0681081461956103,0.020681081461956102,0.17234234551630087,12,1,12,12,1,0.005950068902450312,254.0,0.016000005416572094,0
2830,12,1,2.0620177569660525,0.020620177569660524,0.17183481308050438,12,1,12,12,2,0.006090389229555626,254.0,34.93339999113232,1224
2831,12,1,2.0560473677364945,0.020560473677364945,0.17133728064470788,12,1,12,12,1,0.005970389229560169,254.0,0.019199971575289965,0
2832,12,1,2.0500769785069366,0.020500769785069366,0.17083974820891137,12,1,12,12,1,0.005970389229560169,254.0,0.015900004655122757,0
2833,12,1,2.0441065892773786,0.020441065892773787,0.1703422157731149,12,1,12,12,1,0.005970389229545958,254.0,0.015300000086426735,0
2834,12,1,2.038136200047821,0.02038136200047821,0.1698446833373184,12,1,12,12,1,0.005970389229560169,254.0,0.014699995517730713,0
2835,12,1,2.0320333092365352,0.02032033309236535,0.1693361091030446,12,1,12,12,2,0.006102890811263251,254.0,34.54070002771914,1224
2836,12,1,2.0260504184252497,0.020260504184252497,0.16883753486877082,12,1,12,12,1,0.005982890811267794,254.0,0.021300045773386955,0
2837,12,1,2.0200675276139637,0.020200675276139637,0.16833896063449702,12,1,12,12,1,0.005982890811267794,254.0,0.01829996472224593,0
2838,12,1,2.014084636802678,0.02014084636802678,0.16784038640022317,12,1,12,12,1,0.0059828908112820045,254.0,0.017300015315413475,0
2839,12,1,2.0081017459913926,0.020081017459913926,0.16734181216594937,12,1,12,12,1,0.005982890811253583,254.0,0.01880002673715353,0
2840,12,1,2.0019088068398654,0.020019088068398652,0.16682573390332212,12,1,12,12,2,0.006192939151517862,254.0,32.10780001245439,1224
2841,12,1,1.995835867688338,0.01995835867688338,0.16631965564069484,12,1,12,12,1,0.006072939151536616,254.0,0.01479999627918005,0
2842,12,1,1.989762928536811,0.01989762928536811,0.16581357737806757,12,1,12,12,1,0.006072939151522405,254.0,0.010800024028867483,0
2843,12,1,1.983689989385284,0.01983689989385284,0.1653074991154403,12,1,12,12,1,0.006072939151550827,254.0,0.014299992471933365,0
2844,12,1,1.9776170502337567,0.019776170502337567,0.16480142085281307,12,1,12,12,1,0.006072939151522405,254.0,0.016000005416572094,0
2845,12,1,1.9716203745118686,0.019716203745118687,0.16430169787598906,12,1,12,12,2,0.005996675721846145,254.0,34.86779995728284,1224
2846,12,1,1.9657436987899808,0.019657436987899807,0.16381197489916507,12,1,12,12,1,0.00587667572187911,254.0,0.02110004425048828,0
2847,12,1,1.959867023068093,0.01959867023068093,0.16332225192234107,12,1,12,12,1,0.00587667572187911,254.0,0.01780001912266016,0
2848,12,1,1.9539903473462052,0.01953990347346205,0.16283252894551706,12,1,12,12,1,0.005876675721864899,254.0,0.01750001683831215,0
2849,12,1,1.9481136716243175,0.019481136716243175,0.16234280596869313,12,1,12,12,1,0.005876675721864899,254.0,0.015300000086426735,0
2850,12,1,1.9420436027218502,0.0194204360272185,0.16183696689348753,12,1,12,12,2,0.00607006890245998,254.0,23.809899983461946,1224
2851,12,1,1.936093533819383,0.01936093533819383,0.16134112781828192,12,1,12,12,1,0.005950068902450312,254.0,0.014199991710484028,0
2852,12,1,1.9301434649169158,0.01930143464916916,0.16084528874307633,12,1,12,12,1,0.005950068902450312,254.0,0.010500021744519472,0
2853,12,1,1.9241933960144486,0.019241933960144487,0.16034944966787074,12,1,12,12,1,0.005950068902450312,254.0,0.010200019460171461,0
2854,12,1,1.9182433271119814,0.019182433271119813,0.15985361059266512,12,1,12,12,1,0.005950068902464523,254.0,0.010200019460171461,0
2855,12,1,1.9121529378824236,0.019121529378824234,0.15934607815686863,12,1,12,12,2,0.006090389229541415,254.0,32.97280002152547,1224
2856,12,1,1.9061825486528656,0.019061825486528655,0.15884854572107213,12,1,12,12,1,0.005970389229560169,254.0,0.015599944163113832,0
2857,12,1,1.9002121594233077,0.019002121594233076,0.15835101328527565,12,1,12,12,1,0.005970389229545958,254.0,0.014399993233382702,0
2858,12,1,1.8942417701937497,0.018942417701937497,0.15785348084947914,12,1,12,12,1,0.005970389229560169,254.0,0.015600002370774746,0
2859,12,1,1.8882713809641922,0.018882713809641922,0.15735594841368264,12,1,12,12,1,0.00597038922957438,254.0,0.01769996015354991,0
2860,12,1,1.8821684901529063,0.018821684901529065,0.15684737417940886,12,1,12,12,2,0.006102890811263251,254.0,34.15869997115806,1224
2861,12,1,1.8761855993416208,0.018761855993416208,0.15634879994513504,12,1,12,12,1,0.005982890811267794,254.0,0.02139998832717538,0
2862,12,1,1.8702027085303352,0.01870202708530335,0.15585022571086127,12,1,12,12,1,0.0059828908112820045,254.0,0.01810002140700817,0
2863,12,1,1.8642198177190494,0.018642198177190494,0.15535165147658747,12,1,12,12,1,0.005982890811253583,254.0,0.0192999723367393,0
2864,12,1,1.8582369269077639,0.01858236926907764,0.15485307724231365,12,1,12,12,1,0.0059828908112820045,254.0,0.018000020645558834,0
2865,12,1,1.8522402339898574,0.018522402339898575,0.15435335283248816,12,1,12,12,2,0.005996692917889845,254.0,32.22200000891462,1224
2866,12,1,1.8463635410719514,0.018463635410719513,0.15386362842266263,12,1,12,12,1,0.005876692917894388,254.0,0.01880002673715353,0
2867,12,1,1.8404868481540453,0.01840486848154045,0.15337390401283713,12,1,12,12,1,0.005876692917908599,254.0,0.017599959392100573,0
2868,12,1,1.8346101552361391,0.018346101552361393,0.15288417960301162,12,1,12,12,1,0.005876692917908599,254.0,0.016600009985268116,0
2869,12,1,1.8287334623182332,0.01828733462318233,0.1523944551931861,12,1,12,12,1,0.005876692917894388,254.0,0.01580000389367342,0
2870,12,1,1.8225405231667056,0.018225405231667057,0.15187837693055883,12,1,12,12,2,0.006192939151517862,254.0,36.1329999868758,1224
2871,12,1,1.8164675840151787,0.018164675840151787,0.15137229866793156,12,1,12,12,1,0.006072939151536616,254.0,0.020299979951232672,0
2872,12,1,1.8103946448636516,0.018103946448636516,0.1508662204053043,12,1,12,12,1,0.006072939151522405,254.0,0.018000020645558834,0
2873,12,1,1.8043217057121244,0.018043217057121242,0.15036014214267704,12,1,12,12,1,0.006072939151522405,254.0,0.017600017599761486,0
2874,12,1,1.7982487665605973,0.01798248766560597,0.14985406388004976,12,1,12,12,1,0.006072939151522405,254.0,0.018599967006593943,0
2875,12,1,1.7922520908387094,0.017922520908387096,0.14935434090322577,12,1,12,12,2,0.005996675721888778,254.0,34.56770000047982,1224
2876,12,1,1.7863754151168216,0.017863754151168216,0.1488646179264018,12,1,12,12,1,0.005876675721864899,254.0,0.02400000812485814,0
2877,12,1,1.7804987393949334,0.017804987393949333,0.1483748949495778,12,1,12,12,1,0.00587667572187911,254.0,0.015700003132224083,0
2878,12,1,1.7746220636730459,0.01774622063673046,0.14788517197275383,12,1,12,12,1,0.005876675721850688,254.0,0.014399993233382702,0
2879,12,1,1.768745387951158,0.01768745387951158,0.14739544899592985,12,1,12,12,1,0.00587667572187911,254.0,0.014200049918144941,0
2880,12,1,1.7626753190486908,0.01762675319048691,0.14688960992072422,12,1,12,12,2,0.00607006890245998,254.0,35.50980001455173,1224
2881,12,1,1.7567252501462238,0.01756725250146224,0.14639377084551866,12,1,12,12,1,0.005950068902450312,254.0,0.017200014553964138,0
2882,12,1,1.7507751812437566,0.017507751812437567,0.14589793177031304,12,1,12,12,1,0.005950068902450312,254.0,0.014699995517730713,0
2883,12,1,1.7448251123412895,0.017448251123412896,0.14540209269510743,12,1,12,12,1,0.005950068902464523,254.0,0.018200022168457508,0
2884,12,1,1.7388750434388223,0.01738875043438822,0.14490625361990186,12,1,12,12,1,0.005950068902450312,254.0,0.015600002370774746,0
2885,12,1,1.7327846542092642,0.017327846542092643,0.14439872118410535,12,1,12,12,2,0.006090389229555626,254.0,37.55750000709668,1224
2886,12,1,1.7268142649797065,0.017268142649797064,0.14390118874830887,12,1,12,12,1,0.005970389229560169,254.0,0.022299995180219412,0
2887,12,1,1.7208438757501487,0.017208438757501488,0.1434036563125124,12,1,12,12,1,0.005970389229531747,254.0,0.017200014553964138,0
2888,12,1,1.7148734865205908,0.01714873486520591,0.1429061238767159,12,1,12,12,1,0.005970389229560169,254.0,0.015300000086426735,0
2889,12,1,1.7089030972910328,0.017089030972910327,0.1424085914409194,12,1,12,12,1,0.005970389229560169,254.0,0.015500001609325409,0
2890,12,1,1.7028002064797472,0.017028002064797473,0.1419000172066456,12,1,12,12,2,0.006102890811277462,254.0,34.42370000993833,1224
2891,12,1,1.6968173156684616,0.016968173156684616,0.1414014429723718,12,1,12,12,1,0.005982890811253583,254.0,0.02010003663599491,0
2892,12,1,1.690834424857176,0.01690834424857176,0.140902868738098,12,1,12,12,1,0.005982890811296215,254.0,0.016700010746717453,0
2893,12,1,1.6848515340458903,0.016848515340458902,0.1404042945038242,12,1,12,12,1,0.005982890811253583,254.0,0.01610000617802143,0
2894,12,1,1.678868643234605,0.01678868643234605,0.13990572026955042,12,1,12,12,1,0.0059828908112820045,254.0,0.01610000617802143,0
2895,12,1,1.6728719503166987,0.016728719503166987,0.13940599585972488,12,1,12,12,2,0.005996692917889845,254.0,28.39479997055605,1224
2896,12,1,1.6669952573987925,0.016669952573987925,0.13891627144989938,12,1,12,12,1,0.00587669291792281,254.0,0.02039998071268201,0
2897,12,1,1.6611185644808866,0.016611185644808867,0.13842654704007387,12,1,12,12,1,0.005876692917865967,254.0,0.017599959392100573,0
2898,12,1,1.6552418715629804,0.016552418715629805,0.13793682263024837,12,1,12,12,1,0.00587669291792281,254.0,0.017200014553964138,0
2899,12,1,1.6493651786450743,0.016493651786450743,0.13744709822042286,12,1,12,12,1,0.0058766929178801774,254.0,0.01680001150816679,0
2900,12,1,1.6431722394935468,0.01643172239493547,0.13693101995779555,12,1,12,12,2,0.006192939151532073,254.0,32.55689999787137,1224
2901,12,1,1.6370993003420198,0.0163709930034202,0.1364249416951683,12,1,12,12,1,0.006072939151536616,254.0,0.02039998071268201,0
2902,12,1,1.6310263611904925,0.016310263611904924,0.13591886343254103,12,1,12,12,1,0.006072939151508194,254.0,0.018200022168457508,0
2903,12,1,1.624953422038965,0.01624953422038965,0.13541278516991376,12,1,12,12,1,0.006072939151522405,254.0,0.017599959392100573,0
2904,12,1,1.6188804828874375,0.016188804828874373,0.13490670690728648,12,1,12,12,1,0.006072939151536616,254.0,0.018099963199347258,0
2905,12,1,1.6128838071655498,0.016128838071655497,0.1344069839304625,12,1,12,12,2,0.005996675721888778,254.0,37.740100000519305,1224
2906,12,1,1.607007131443662,0.01607007131443662,0.1339172609536385,12,1,12,12,1,0.005876675721850688,254.0,0.01869996776804328,0
2907,12,1,1.601130455721774,0.01601130455721774,0.1334275379768145,12,1,12,12,1,0.00587667572187911,254.0,0.01650000922381878,0
2908,12,1,1.5952537799998865,0.015952537799998865,0.13293781499999055,12,1,12,12,1,0.005876675721864899,254.0,0.015400000847876072,0
2909,12,1,1.5893771042779987,0.01589377104277999,0.13244809202316654,12,1,12,12,1,0.005876675721893321,254.0,0.016000005416572094,0
2910,12,1,1.5833070353755314,0.015833070353755314,0.13194225294796094,12,1,12,12,2,0.006070068902445769,254.0,35.57609999552369,1224
2911,12,1,1.5773569664730644,0.015773569664730643,0.13144641387275535,12,1,12,12,1,0.005950068902450312,254.0,0.02099998528137803,0
2912,12,1,1.571406897570597,0.015714068975705972,0.13095057479754976,12,1,12,12,1,0.005950068902450312,254.0,0.0171000137925148,0
2913,12,1,1.56545682866813,0.0156545682866813,0.13045473572234417,12,1,12,12,1,0.005950068902464523,254.0,0.01669995253905654,0
2914,12,1,1.5595067597656629,0.01559506759765663,0.12995889664713858,12,1,12,12,1,0.005950068902436101,254.0,0.018200022168457508,0
2915,12,1,1.553416370536105,0.015534163705361051,0.1294513642113421,12,1,12,12,2,0.006090389229555626,254.0,30.804499983787537,1224
2916,12,1,1.5474459813065473,0.015474459813065474,0.12895383177554562,12,1,12,12,1,0.005970389229560169,254.0,0.018700025975704193,0
2917,12,1,1.5414755920769894,0.015414755920769893,0.1284562993397491,12,1,12,12,1,0.005970389229545958,254.0,0.02220005262643099,0
2918,12,1,1.5355052028474316,0.015355052028474316,0.12795876690395266,12,1,12,12,1,0.005970389229560169,254.0,0.02099998528137803,0
2919,12,1,1.5295348136178737,0.015295348136178737,0.12746123446815613,12,1,12,12,1,0.005970389229545958,254.0,0.020000035874545574,0
2920,12,1,1.5234319228065885,0.015234319228065885,0.12695266023388233,12,1,12,12,2,0.006102890811277462,254.0,33.19390001706779,1224
2921,12,1,1.517449031995303,0.015174490319953028,0.12645408599960856,12,1,12,12,1,0.005982890811267794,254.0,0.016599951777607203,0
2922,12,1,1.5114661411840171,0.015114661411840171,0.12595551176533476,12,1,12,12,1,0.005982890811267794,254.0,0.05139998393133283,0
2923,12,1,1.5054832503727316,0.015054832503727316,0.12545693753106096,12,1,12,12,1,0.005982890811267794,254.0,0.018300022929906845,0
2924,12,1,1.4995003595614458,0.014995003595614459,0.12495836329678718,12,1,12,12,1,0.0059828908112820045,254.0,0.01610000617802143,0
2925,12,1,1.49350366664354,0.014935036666435399,0.12445863888696167,12,1,12,12,2,0.005996692917904056,254.0,24.18579999357462,1224
2926,12,1,1.4876269737256338,0.014876269737256339,0.12396891447713615,12,1,12,12,1,0.005876692917908599,254.0,0.013999990187585354,0
2927,12,1,1.4817502808077276,0.014817502808077277,0.12347919006731063,12,1,12,12,1,0.005876692917894388,254.0,0.02010003663599491,0
2928,12,1,1.4758735878898217,0.014758735878898217,0.12298946565748513,12,1,12,12,1,0.005876692917908599,254.0,0.020499981474131346,0
2929,12,1,1.4699968949719155,0.014699968949719155,0.12249974124765962,12,1,12,12,1,0.0058766929178801774,254.0,0.01810002140700817,0
2930,12,1,1.4640450157437697,0.014640450157437696,0.12200375131198077,12,1,12,12,2,0.005951879228149437,254.0,29.91369995288551,1224
2931,12,1,1.4582131365156235,0.014582131365156235,0.12151776137630195,12,1,12,12,1,0.00583187922815398,254.0,0.019200029782950878,0
2932,12,1,1.4523812572874777,0.014523812572874778,0.12103177144062316,12,1,12,12,1,0.00583187922815398,254.0,0.01179997343569994,0
2933,12,1,1.4465493780593317,0.014465493780593317,0.12054578150494433,12,1,12,12,1,0.005831879228125558,254.0,0.018900027498602867,0
2934,12,1,1.440717498831186,0.01440717498831186,0.12005979156926548,12,1,12,12,1,0.00583187922815398,254.0,0.015099998563528061,0
2935,12,1,1.434524559679658,0.01434524559679658,0.1195437133066382,12,1,12,12,2,0.006192939151517862,254.0,31.75950003787875,1224
2936,11,1,1.4287179744445664,0.014287179744445664,0.1298834522222333,12,1,12,11,1,0.005806585235092143,254.0,0.011400028597563505,0
2937,11,1,1.4230780756562633,0.014230780756562634,0.1293707341505694,11,1,11,11,1,0.005639898788302844,234.0,0.008400005754083395,0
2938,11,1,1.4174381768679605,0.014174381768679604,0.12885801607890549,11,1,11,11,1,0.005639898788302844,234.0,0.01479999627918005,0
2939,11,1,1.4117982780796572,0.014117982780796573,0.12834529800724157,11,1,11,11,1,0.005639898788302844,234.0,0.012999982573091984,0
2940,11,1,1.4062920105373404,0.014062920105373404,0.1278447282306673,11,1,11,11,2,0.005506267542287446,234.0,33.05929998168722,1122
2941,11,1,1.400895742995024,0.01400895742995024,0.12735415845409312,11,1,11,11,1,0.005396267542323585,234.0,0.019599974621087313,0
2942,11,1,1.3954994754527075,0.013954994754527075,0.12686358867751887,11,1,11,11,1,0.005396267542295163,234.0,0.0173999578692019,0
2943,11,1,1.390103207910391,0.01390103207910391,0.12637301890094463,11,1,11,11,1,0.005396267542309374,234.0,0.04179996903985739,0
2944,11,1,1.384706940368074,0.01384706940368074,0.12588244912437038,11,1,11,11,1,0.005396267542295163,234.0,0.017300015315413475,0
2945,11,1,1.3791183070176305,0.013791183070176304,0.12537439154705732,11,1,11,11,2,0.005588633350441796,234.0,34.208100056275725,1122
2946,11,1,1.3736396736671868,0.013736396736671867,0.12487633396974425,11,1,11,11,1,0.005478633350435302,234.0,0.019000028260052204,0
2947,11,1,1.368161040316743,0.01368161040316743,0.12437827639243118,11,1,11,11,1,0.005478633350435302,234.0,0.016600009985268116,0
2948,11,1,1.362682406966299,0.01362682406966299,0.12388021881511811,11,1,11,11,1,0.005478633350449513,234.0,0.01610000617802143,0
2949,11,1,1.3572037736158555,0.013572037736158555,0.12338216123780504,11,1,11,11,1,0.005478633350435302,234.0,0.01569994492456317,0
2950,11,1,1.351621521522866,0.01351621521522866,0.12287468377480598,11,1,11,11,2,0.005582252092992235,234.0,30.86210001492873,1122
2951,11,1,1.3461492694298762,0.013461492694298763,0.12237720631180694,11,1,11,11,1,0.005472252092957319,234.0,0.017600017599761486,0
2952,11,1,1.3406770173368865,0.013406770173368865,0.12187972884880788,11,1,11,11,1,0.005472252092999952,234.0,0.01650000922381878,0
2953,11,1,1.3352047652438972,0.013352047652438971,0.12138225138580884,11,1,11,11,1,0.005472252092957319,234.0,0.014999997802078724,0
2954,11,1,1.3297325131509077,0.013297325131509077,0.12088477392280979,11,1,11,11,1,0.005472252092999952,234.0,0.015500001609325409,0
2955,11,1,1.3242262456085911,0.013242262456085912,0.12038420414623556,11,1,11,11,2,0.005506267542301657,234.0,32.10339997895062,1122
2956,11,1,1.3188299780662744,0.013188299780662745,0.11989363436966129,11,1,11,11,1,0.005396267542309374,234.0,0.019300030544400215,0
2957,11,1,1.3134337105239577,0.013134337105239577,0.11940306459308708,11,1,11,11,1,0.005396267542309374,234.0,0.018499966245144606,0
2958,11,1,1.3080374429816413,0.013080374429816412,0.11891249481651282,11,1,11,11,1,0.005396267542295163,234.0,0.018000020645558834,0
2959,11,1,1.3026411754393248,0.013026411754393247,0.11842192503993859,11,1,11,11,1,0.005396267542309374,234.0,0.01750001683831215,0
2960,11,1,1.2970525420888808,0.012970525420888808,0.11791386746262553,11,1,11,11,2,0.005588633350441796,234.0,33.179700025357306,1122
2961,11,1,1.291573908738437,0.01291573908738437,0.11741580988531246,11,1,11,11,1,0.005478633350435302,234.0,0.01880002673715353,0
2962,11,1,1.2860952753879933,0.012860952753879933,0.11691775230799938,11,1,11,11,1,0.0054786333504210916,234.0,0.016600009985268116,0
2963,11,1,1.2806166420375495,0.012806166420375496,0.11641969473068632,11,1,11,11,1,0.005478633350449513,234.0,0.04710000939667225,0
2964,11,1,1.2751380086871058,0.012751380086871059,0.11592163715337324,11,1,11,11,1,0.005478633350449513,234.0,0.06369996117427945,0
2965,11,1,1.2695557565941162,0.012695557565941162,0.1154141596903742,11,1,11,11,2,0.005582252092949602,234.0,27.48059999430552,1122
2966,11,1,1.264083504501127,0.012640835045011269,0.11491668222737515,11,1,11,11,1,0.005472252092999952,234.0,0.01799996243789792,0
2967,11,1,1.2586112524081374,0.012586112524081374,0.11441920476437611,11,1,11,11,1,0.005472252092957319,234.0,0.015400000847876072,0
2968,11,1,1.2531390003151477,0.012531390003151477,0.11392172730137706,11,1,11,11,1,0.005472252092999952,234.0,0.01409999094903469,0
2969,11,1,1.2476667482221582,0.012476667482221582,0.11342424983837801,11,1,11,11,1,0.005472252092957319,234.0,0.016000005416572094,0
2970,11,1,1.2421604806798416,0.012421604806798416,0.11292368006180378,11,1,11,11,2,0.005506267542315868,234.0,35.02670000307262,1122
2971,11,1,1.236764213137525,0.012367642131375249,0.11243311028522954,11,1,11,11,1,0.005396267542309374,234.0,0.015900004655122757,0
2972,11,1,1.2313679455952085,0.012313679455952084,0.11194254050865529,11,1,11,11,1,0.005396267542295163,234.0,0.01379998866468668,0
2973,11,1,1.225971678052892,0.01225971678052892,0.11145197073208107,11,1,11,11,1,0.005396267542323585,234.0,0.013599987141788006,0
2974,11,1,1.2205754105105753,0.012205754105105753,0.11096140095550684,11,1,11,11,1,0.0053962675422809525,234.0,0.01599994720891118,0
2975,11,1,1.2149867771601315,0.012149867771601314,0.11045334337819378,11,1,11,11,2,0.005588633350456007,234.0,35.176999983377755,1122
2976,11,1,1.2095081438096877,0.012095081438096877,0.10995528580088071,11,1,11,11,1,0.005478633350435302,234.0,0.01750001683831215,0
2977,11,1,1.204029510459244,0.01204029510459244,0.10945722822356764,11,1,11,11,1,0.0054786333504210916,234.0,0.01769996015354991,0
2978,11,1,1.1985508771088003,0.011985508771088003,0.10895917064625457,11,1,11,11,1,0.005478633350435302,234.0,0.016700010746717453,0
2979,11,1,1.1930722437583565,0.011930722437583564,0.1084611130689415,11,1,11,11,1,0.005478633350449513,234.0,0.015399942640215158,0
2980,11,1,1.1874899916653672,0.011874899916653671,0.10795363560594246,11,1,11,11,2,0.005582252092992235,234.0,35.25479999370873,1122
2981,11,1,1.1820177395723777,0.011820177395723776,0.10745615814294342,11,1,11,11,1,0.005472252092957319,234.0,0.016300007700920105,0
2982,11,1,1.1765454874793881,0.011765454874793881,0.10695868067994438,11,1,11,11,1,0.005472252092999952,234.0,0.012899981811642647,0
2983,11,1,1.1710732353863986,0.011710732353863986,0.10646120321694533,11,1,11,11,1,0.00547225209297153,234.0,0.015099998563528061,0
2984,11,1,1.165600983293409,0.011656009832934092,0.10596372575394629,11,1,11,11,1,0.005472252092999952,234.0,0.01479999627918005,0
2985,11,1,1.1600947157510928,0.011600947157510928,0.10546315597737205,11,1,11,11,2,0.005506267542287446,234.0,32.7703999937512,1122
2986,11,1,1.154698448208776,0.011546984482087762,0.10497258620079783,11,1,11,11,1,0.005396267542309374,234.0,0.03809999907389283,0
2987,11,1,1.1493021806664594,0.011493021806664594,0.10448201642422358,11,1,11,11,1,0.005396267542295163,234.0,0.013499986380338669,0
2988,11,1,1.143905913124143,0.011439059131241429,0.10399144664764935,11,1,11,11,1,0.005396267542309374,234.0,0.014399993233382702,0
2989,11,1,1.1385096455818264,0.011385096455818264,0.1035008768710751,11,1,11,11,1,0.005396267542309374,234.0,0.014299992471933365,0
2990,11,1,1.1329210122313826,0.011329210122313827,0.10299281929376206,11,1,11,11,2,0.005588633350441796,234.0,28.031099995132536,1122
2991,11,1,1.1274423788809387,0.011274423788809386,0.10249476171644897,11,1,11,11,1,0.005478633350435302,234.0,0.017400016076862812,0
2992,11,1,1.121963745530495,0.01121963745530495,0.1019967041391359,11,1,11,11,1,0.005478633350435302,234.0,0.014299992471933365,0
2993,11,1,1.1164851121800512,0.011164851121800512,0.10149864656182285,11,1,11,11,1,0.005478633350435302,234.0,0.014399993233382702,0
2994,11,1,1.1110064788296075,0.011110064788296075,0.1010005889845098,11,1,11,11,1,0.005478633350435302,234.0,0.01360004534944892,0
2995,11,1,1.105424226736618,0.011054242267366182,0.10049311152151073,11,1,11,11,2,0.005582252092963813,234.0,32.164799980819225,1122
2996,11,1,1.0999519746436286,0.010999519746436285,0.0999956340585117,11,1,11,11,1,0.005472252093014163,234.0,0.016900012269616127,0
2997,11,1,1.094479722550639,0.01094479722550639,0.09949815659551264,11,1,11,11,1,0.005472252092957319,234.0,0.008400005754083395,0
2998,11,1,1.08900747045765,0.010890074704576501,0.09900067913251362,11,1,11,11,1,0.005472252092999952,234.0,0.011100026313215494,0
2999,11,1,1.0835352183646603,0.010835352183646603,0.09850320166951457,11,1,11,11,1,0.005472252092957319,234.0,0.008400005754083395,0
3000,10,1,1.0804003285650285,0.010804003285650286,0.10804003285650285,10,0,10,0,2,0.0031348897996252845,0.0,34.38199998345226,1122
3001,10,0,1.0769872339973272,0.010769872339973272,0.10769872339973272,10,10,10,10,0,0.0034130945677048885,17.0,0.008500006515532732,0
3002,10,0,1.073574139429626,0.01073574139429626,0.10735741394296261,10,10,10,10,0,0.0034130945677190994,17.0,0.005799985956400633,0
3003,10,0,1.070161044861925,0.01070161044861925,0.1070161044861925,10,10,10,10,0,0.0034130945677190994,17.0,0.006099988240748644,0
3004,10,0,1.0667479502942236,0.010667479502942237,0.10667479502942237,10,10,10,10,0,0.0034130945677048885,17.0,0.005699985194951296,0
3005,10,1,1.0617137825322134,0.010617137825322134,0.10617137825322134,10,1,10,10,2,0.0050341677620053815,214.0,31.29920002538711,1020
3006,10,1,1.0567796147702029,0.010567796147702029,0.10567796147702029,10,1,10,10,1,0.004934167761987851,214.0,0.0173999578692019,0
3007,10,1,1.0518454470081928,0.010518454470081928,0.10518454470081925,10,1,10,10,1,0.004934167761987851,214.0,0.014899997040629387,0
3008,10,1,1.0469112792461823,0.010469112792461823,0.10469112792461824,10,1,10,10,1,0.004934167761987851,214.0,0.015199999324977398,0
3009,10,1,1.041977111484172,0.01041977111484172,0.10419771114841721,10,1,10,10,1,0.004934167762002062,214.0,0.013699987903237343,0
3010,10,1,1.0369309149816326,0.010369309149816326,0.10369309149816326,10,1,10,10,2,0.005046196502533462,214.0,29.79230001801625,1020
3011,10,1,1.0319847184790931,0.010319847184790931,0.10319847184790931,10,1,10,10,1,0.004946196502530142,214.0,0.01850002445280552,0
3012,10,1,1.0270385219765537,0.010270385219765537,0.10270385219765536,10,1,10,10,1,0.004946196502544353,214.0,0.016000005416572094,0
3013,10,1,1.0220923254740142,0.010220923254740142,0.10220923254740141,10,1,10,10,1,0.004946196502544353,214.0,0.015900004655122757,0
3014,10,1,1.0171461289714747,0.010171461289714747,0.10171461289714748,10,1,10,10,1,0.004946196502515932,214.0,0.015400000847876072,0
3015,10,1,1.012171876505235,0.01012171876505235,0.1012171876505235,10,1,10,10,2,0.004974252466240614,214.0,27.59770001284778,1020
3016,10,1,1.0072976240389955,0.010072976240389955,0.10072976240389953,10,1,10,10,1,0.0048742524662230835,214.0,0.018199963960796595,0
3017,10,1,1.0024233715727555,0.010024233715727556,0.10024233715727555,10,1,10,10,1,0.004874252466237294,214.0,0.01610000617802143,0
3018,10,1,0.9975491191065159,0.00997549119106516,0.09975491191065158,10,1,10,10,1,0.0048742524662230835,214.0,0.05299999611452222,0
3019,10,1,0.9926748666402763,0.009926748666402762,0.09926748666402763,10,1,10,10,1,0.004874252466237294,214.0,0.015199999324977398,0
3020,10,1,0.987640698878266,0.00987640698878266,0.0987640698878266,10,1,10,10,2,0.00503416776197696,214.0,29.21129995957017,1020
3021,10,1,0.9827065311162557,0.009827065311162557,0.09827065311162557,10,1,10,10,1,0.004934167762002062,214.0,0.014899997040629387,0
3022,10,1,0.9777723633542454,0.009777723633542455,0.09777723633542454,10,1,10,10,1,0.004934167762002062,214.0,0.016300007700920105,0
3023,10,1,0.9728381955922353,0.009728381955922353,0.09728381955922352,10,1,10,10,1,0.004934167761987851,214.0,0.015500001609325409,0
3024,10,1,0.9679040278302249,0.00967904027830225,0.09679040278302248,10,1,10,10,1,0.004934167761987851,214.0,0.015600002370774746,0
3025,10,1,0.9628578313276854,0.009628578313276855,0.09628578313276855,10,1,10,10,2,0.005046196502547673,214.0,31.42610000213608,1020
3026,10,1,0.9579116348251461,0.009579116348251461,0.09579116348251461,10,1,10,10,1,0.004946196502530142,214.0,0.01109996810555458,0
3027,10,1,0.9529654383226065,0.009529654383226066,0.09529654383226067,10,1,10,10,1,0.004946196502530142,214.0,0.008100003469735384,0
3028,10,1,0.9480192418200671,0.009480192418200672,0.09480192418200672,10,1,10,10,1,0.004946196502530142,214.0,0.007399998139590025,0
3029,10,1,0.9430730453175279,0.009430730453175279,0.09430730453175279,10,1,10,10,1,0.004946196502544353,214.0,0.007399998139590025,0
3030,10,1,0.938098792851288,0.00938098792851288,0.09380987928512881,10,1,10,10,2,0.004974252466226403,214.0,30.85290000308305,1020
3031,10,1,0.9332245403850484,0.009332245403850484,0.09332245403850484,10,1,10,10,1,0.004874252466237294,214.0,0.013599987141788006,0
3032,10,1,0.9283502879188089,0.00928350287918809,0.0928350287918809,10,1,10,10,1,0.0048742524662230835,214.0,0.01179997343569994,0
3033,10,1,0.9234760354525693,0.009234760354525693,0.09234760354525691,10,1,10,10,1,0.004874252466237294,214.0,0.010200019460171461,0
3034,10,1,0.9186017829863296,0.009186017829863296,0.09186017829863295,10,1,10,10,1,0.0048742524662230835,214.0,0.009300012607127428,0
3035,10,1,0.9135676152243193,0.009135676152243193,0.09135676152243194,10,1,10,10,2,0.0050341677620053815,214.0,21.288199990522116,1020
3036,10,1,0.908633447462309,0.00908633447462309,0.0908633447462309,10,1,10,10,1,0.004934167761987851,214.0,0.01810002140700817,0
3037,10,1,0.9036992797002987,0.009036992797002987,0.09036992797002988,10,1,10,10,1,0.004934167761987851,214.0,0.014899997040629387,0
3038,10,1,0.8987651119382886,0.008987651119382885,0.08987651119382886,10,1,10,10,1,0.004934167761987851,214.0,0.014699995517730713,0
3039,10,1,0.8938309441762783,0.008938309441762783,0.08938309441762783,10,1,10,10,1,0.004934167762002062,214.0,0.013599987141788006,0
3040,10,1,0.8888741599820711,0.00888874159982071,0.0888874159982071,10,1,10,10,2,0.004956784194206421,214.0,29.12819996709004,1020
3041,10,1,0.8840173757878637,0.008840173757878636,0.08840173757878637,10,1,10,10,1,0.004856784194203101,214.0,0.016900012269616127,0
3042,10,1,0.8791605915936564,0.008791605915936564,0.08791605915936565,10,1,10,10,1,0.004856784194203101,214.0,0.014699995517730713,0
3043,10,1,0.8743038073994492,0.008743038073994493,0.08743038073994491,10,1,10,10,1,0.004856784194203101,214.0,0.015100056771188974,0
3044,10,1,0.8694470232052419,0.00869447023205242,0.08694470232052419,10,1,10,10,1,0.004856784194217312,214.0,0.014399993233382702,0
3045,10,1,0.8642885750082762,0.008642885750082761,0.08642885750082761,10,1,10,10,2,0.005158448196937115,214.0,33.117299957666546,1020
3046,10,1,0.8592301268113104,0.008592301268113105,0.08592301268113103,10,1,10,10,1,0.005058448196976428,214.0,0.019199971575289965,0
3047,10,1,0.8541716786143446,0.008541716786143447,0.08541716786143447,10,1,10,10,1,0.005058448196933796,214.0,0.016000005416572094,0
3048,10,1,0.8491132304173787,0.008491132304173787,0.08491132304173787,10,1,10,10,1,0.005058448196976428,214.0,0.014999997802078724,0
3049,10,1,0.8440547822204131,0.00844054782220413,0.0844054782220413,10,1,10,10,1,0.005058448196933796,214.0,0.012999982573091984,0
3050,10,1,0.8390085857178735,0.008390085857178734,0.08390085857178736,10,1,10,10,2,0.005046196502547673,214.0,30.343900027219206,1020
3051,10,1,0.8340623892153342,0.008340623892153341,0.08340623892153341,10,1,10,10,1,0.004946196502544353,214.0,0.01839996548369527,0
3052,10,1,0.8291161927127947,0.008291161927127947,0.08291161927127946,10,1,10,10,1,0.004946196502530142,214.0,0.016300007700920105,0
3053,10,1,0.8241699962102553,0.008241699962102554,0.08241699962102553,10,1,10,10,1,0.004946196502530142,214.0,0.01599994720891118,0
3054,10,1,0.8192237997077159,0.008192237997077158,0.08192237997077159,10,1,10,10,1,0.004946196502530142,214.0,0.018200022168457508,0
3055,10,1,0.8142495472414761,0.008142495472414761,0.08142495472414762,10,1,10,10,2,0.004974252466240614,214.0,30.641900026239455,1020
3056,10,1,0.8093752947752366,0.008093752947752365,0.08093752947752365,10,1,10,10,1,0.0048742524662230835,214.0,0.0198000343516469,0
3057,9,1,0.8047959603749658,0.008047959603749658,0.0894217733749962,10,1,10,9,1,0.004579334400276025,214.0,0.017400016076862812,0
3058,9,1,0.8004310305365516,0.008004310305365516,0.08893678117072795,9,1,9,9,1,0.004364929838388321,194.0,0.015900004655122757,0
3059,9,1,0.7960661006981374,0.007960661006981375,0.08845178896645972,9,1,9,9,1,0.004364929838416742,194.0,0.01580000389367342,0
3060,9,1,0.7914248043184061,0.007914248043184061,0.08793608936871179,9,1,9,9,2,0.004641296379716664,194.0,28.92389998305589,918
3061,9,1,0.7868735079386747,0.007868735079386747,0.08743038977096386,9,1,9,9,1,0.004551296379730729,194.0,0.017900019884109497,0
3062,9,1,0.7823222115589433,0.007823222115589433,0.08692469017321593,9,1,9,9,1,0.004551296379730729,194.0,0.015600002370774746,0
3063,8,1,0.7781502286322983,0.007781502286322984,0.0972687785790373,9,1,9,8,1,0.0041719829266497754,194.0,0.015500001609325409,0
3064,8,1,0.7740308203939527,0.007740308203939526,0.09675385254924408,8,1,8,8,1,0.004119408238352662,174.0,0.016200006939470768,0
3065,8,1,0.7700268979079486,0.0077002689790794865,0.09625336223849357,8,1,8,8,2,0.004003922485978251,174.0,25.11909999884665,816
3066,8,1,0.7661029754219444,0.007661029754219444,0.09576287192774305,8,1,8,8,1,0.003923922485981279,174.0,0.01780001912266016,0
3067,8,1,0.7621790529359402,0.0076217905293594025,0.09527238161699253,8,1,8,8,1,0.003923922485981279,174.0,0.014899997040629387,0
3068,8,1,0.758255130449936,0.00758255130449936,0.09478189130624201,8,1,8,8,1,0.003923922486009701,174.0,0.015099998563528061,0
3069,8,1,0.7543312079639319,0.007543312079639319,0.09429140099549149,8,1,8,8,1,0.003923922485981279,174.0,0.015500001609325409,0
3070,8,1,0.7501922288805267,0.007501922288805267,0.09377402861006584,8,1,8,8,2,0.004138979083407435,174.0,24.045600031968206,816
3071,8,1,0.7461332497971216,0.007461332497971216,0.09326665622464018,8,1,8,8,1,0.004058979083382042,174.0,0.015400000847876072,0
3072,8,1,0.7420742707137163,0.007420742707137163,0.09275928383921454,8,1,8,8,1,0.004058979083410463,174.0,0.012800039257854223,0
3073,8,1,0.7380152916303112,0.0073801529163031124,0.09225191145378889,8,1,8,8,1,0.004058979083382042,174.0,0.012100033927708864,0
3074,8,1,0.733956312546906,0.00733956312546906,0.09174453906836325,8,1,8,8,1,0.0040589790833962525,174.0,0.011699972674250603,0
3075,8,1,0.7297569043085603,0.007297569043085603,0.09121961303857004,8,1,8,8,2,0.004199408238349633,174.0,21.019199979491532,816
3076,8,1,0.7256374960702145,0.007256374960702146,0.09070468700877683,8,1,8,8,1,0.004119408238338451,174.0,0.012699980288743973,0
3077,8,1,0.7215180878318689,0.0072151808783186885,0.09018976097898362,8,1,8,8,1,0.004119408238338451,174.0,0.016700010746717453,0
3078,8,1,0.7173986795935232,0.007173986795935232,0.0896748349491904,8,1,8,8,1,0.004119408238352662,174.0,0.01090002479031682,0
3079,8,1,0.7132792713551775,0.007132792713551776,0.0891599089193972,8,1,8,8,1,0.004119408238338451,174.0,0.009000010322779417,0
3080,8,1,0.7093214335193787,0.007093214335193787,0.08866517918992234,8,1,8,8,2,0.0039578378358129385,174.0,16.272099979687482,816
3081,8,1,0.7054435956835798,0.0070544359568357985,0.08818044946044748,8,1,8,8,1,0.0038778378357733345,174.0,0.014499993994832039,0
3082,8,1,0.701565757847781,0.00701565757847781,0.08769571973097262,8,1,8,8,1,0.0038778378357875454,174.0,0.019799976143985987,0
3083,8,1,0.6976879200119822,0.006976879200119822,0.08721099000149778,8,1,8,8,1,0.0038778378358017562,174.0,0.013899989426136017,0
3084,8,1,0.6938100821761835,0.006938100821761835,0.08672626027202292,8,1,8,8,1,0.0038778378357875454,174.0,0.01309998333454132,0
3085,8,1,0.6898061596901792,0.006898061596901792,0.0862257699612724,8,1,8,8,2,0.004003922485992462,174.0,27.012099977582693,816
3086,8,1,0.6858822372041751,0.00685882237204175,0.08573527965052188,8,1,8,8,1,0.003923922485981279,174.0,0.017599959392100573,0
3087,8,1,0.6819583147181709,0.006819583147181709,0.08524478933977137,8,1,8,8,1,0.003923922486009701,174.0,0.015300000086426735,0
3088,8,1,0.6780343922321667,0.006780343922321666,0.08475429902902085,8,1,8,8,1,0.00392392248599549,174.0,0.013399985618889332,0
3089,8,1,0.6741104697461626,0.006741104697461626,0.08426380871827033,8,1,8,8,1,0.00392392248599549,174.0,0.013599987141788006,0
3090,8,1,0.6699714906627574,0.006699714906627574,0.08374643633284468,8,1,8,8,2,0.004138979083364802,174.0,26.88389999093488,816
3091,8,1,0.6659125115793522,0.006659125115793522,0.08323906394741902,8,1,8,8,1,0.004058979083410463,174.0,0.017400016076862812,0
3092,8,1,0.6618535324959469,0.006618535324959469,0.08273169156199338,8,1,8,8,1,0.004058979083382042,174.0,0.015700003132224083,0
3093,8,1,0.6577945534125418,0.0065779455341254175,0.08222431917656772,8,1,8,8,1,0.004058979083410463,174.0,0.014899997040629387,0
3094,8,1,0.6537355743291366,0.006537355743291367,0.08171694679114208,8,1,8,8,1,0.0040589790833962525,174.0,0.014699995517730713,0
3095,8,1,0.649789331351919,0.00649789331351919,0.08122366641898987,8,1,8,8,2,0.003946242977221459,174.0,16.647999989800155,816
3096,8,1,0.6459230883747012,0.006459230883747013,0.08074038604683767,8,1,8,8,1,0.003866242977196066,174.0,0.012199976481497288,0
3097,8,1,0.6420568453974836,0.006420568453974837,0.08025710567468544,8,1,8,8,1,0.003866242977196066,174.0,0.009800016414374113,0
3098,8,1,0.6381906024202659,0.0063819060242026595,0.07977382530253324,8,1,8,8,1,0.003866242977210277,174.0,0.009100011084228754,0
3099,8,1,0.6343243594430483,0.006343243594430483,0.07929054493038104,8,1,8,8,1,0.0038662429772244877,174.0,0.01580000389367342,0
3100,8,1,0.6301249512047027,0.006301249512047027,0.07876561890058782,8,1,8,8,2,0.0041994082383354225,174.0,22.765200003050268,816
3101,8,1,0.6260055429663569,0.006260055429663569,0.07825069287079461,8,1,8,8,1,0.004119408238352662,174.0,0.01729995710775256,0
3102,8,1,0.6218861347280111,0.006218861347280111,0.07773576684100139,8,1,8,8,1,0.004119408238338451,174.0,0.013199984095990658,0
3103,8,1,0.6177667264896656,0.006177667264896655,0.0772208408112082,8,1,8,8,1,0.004119408238352662,174.0,0.013100041542202234,0
3104,8,1,0.6136473182513199,0.006136473182513199,0.07670591478141497,8,1,8,8,1,0.004119408238338451,174.0,0.012000033166259527,0
3105,8,1,0.609689480415521,0.00609689480415521,0.07621118505194013,8,1,8,8,2,0.003957837835770306,174.0,25.149799999780953,816
3106,8,1,0.6058116425797221,0.006058116425797221,0.07572645532246527,8,1,8,8,1,0.0038778378358017562,174.0,0.016200006939470768,0
3107,8,1,0.6019338047439233,0.006019338047439233,0.07524172559299042,8,1,8,8,1,0.0038778378357875454,174.0,0.015199999324977398,0
3108,8,1,0.5980559669081245,0.005980559669081244,0.07475699586351556,8,1,8,8,1,0.0038778378358017562,174.0,0.014399993233382702,0
3109,8,1,0.5941781290723256,0.0059417812907232555,0.0742722661340407,8,1,8,8,1,0.0038778378357875454,174.0,0.013899989426136017,0
3110,8,1,0.5901742065863215,0.005901742065863215,0.07377177582329018,8,1,8,8,2,0.0040039224860066724,174.0,22.174699988681823,816
3111,8,1,0.5862502841003172,0.005862502841003172,0.07328128551253967,8,1,8,8,1,0.003923922485981279,174.0,0.0171000137925148,0
3112,8,1,0.5823263616143133,0.005823263616143133,0.07279079520178913,8,1,8,8,1,0.00392392248599549,174.0,0.014800054486840963,0
3113,8,1,0.578402439128309,0.005784024391283091,0.07230030489103863,8,1,8,8,1,0.0039239224859670685,174.0,0.014899997040629387,0
3114,8,1,0.5744785166423049,0.005744785166423049,0.07180981458028811,8,1,8,8,1,0.003923922486009701,174.0,0.016200006939470768,0
3115,8,1,0.5703395375588997,0.0057033953755889965,0.07129244219486244,8,1,8,8,2,0.004138979083393224,174.0,24.474999983794987,816
3116,8,1,0.5662805584754945,0.005662805584754945,0.0707850698094368,8,1,8,8,1,0.004058979083410463,174.0,0.016000005416572094,0
3117,8,1,0.5622215793920893,0.005622215793920892,0.07027769742401116,8,1,8,8,1,0.004058979083382042,174.0,0.011000025551766157,0
3118,8,1,0.558162600308684,0.00558162600308684,0.06977032503858552,8,1,8,8,1,0.004058979083410463,174.0,0.011100026313215494,0
3119,8,1,0.5541036212252789,0.005541036212252789,0.06926295265315988,8,1,8,8,1,0.004058979083382042,174.0,0.010399962775409222,0
3120,8,1,0.5501573782480613,0.005501573782480613,0.06876967228100767,8,1,8,8,2,0.003946242977207248,174.0,18.234499963000417,816
3121,8,1,0.5462911352708436,0.005462911352708436,0.06828639190885545,8,1,8,8,1,0.003866242977196066,174.0,0.01750001683831215,0
3122,8,1,0.542424892293626,0.00542424892293626,0.06780311153670324,8,1,8,8,1,0.003866242977210277,174.0,0.014899997040629387,0
3123,8,1,0.5385586493164084,0.005385586493164084,0.06731983116455105,8,1,8,8,1,0.003866242977210277,174.0,0.014599994756281376,0
3124,8,1,0.5346924063391908,0.005346924063391908,0.06683655079239885,8,1,8,8,1,0.003866242977210277,174.0,0.014499993994832039,0
3125,8,1,0.530734568503392,0.00530734568503392,0.066341821062924,8,1,8,8,2,0.003957837835784517,174.0,26.195099984761328,816
3126,8,1,0.5268567306675931,0.005268567306675931,0.06585709133344914,8,1,8,8,1,0.0038778378358017562,174.0,0.018599967006593943,0
3127,8,1,0.5229788928317942,0.0052297889283179425,0.06537236160397428,8,1,8,8,1,0.0038778378358017562,174.0,0.013599987141788006,0
3128,8,1,0.5191010549959955,0.0051910105499599546,0.06488763187449942,8,1,8,8,1,0.0038778378357875454,174.0,0.014199991710484028,0
3129,8,1,0.5152232171601966,0.005152232171601966,0.06440290214502457,8,1,8,8,1,0.0038778378357733345,174.0,0.014699995517730713,0
3130,8,1,0.5112192946741924,0.005112192946741923,0.06390241183427404,8,1,8,8,2,0.004003922485992462,174.0,20.864700025413185,816
3131,8,1,0.5072953721881881,0.005072953721881881,0.06341192152352353,8,1,8,8,1,0.003923922486009701,174.0,0.010600022505968809,0
3132,8,1,0.503371449702184,0.005033714497021839,0.062921431212773,8,1,8,8,1,0.003923922485981279,174.0,0.010300020221620798,0
3133,8,1,0.4994475272161798,0.004994475272161798,0.06243094090202248,8,1,8,8,1,0.003923922485981279,174.0,0.008199946023523808,0
3134,8,1,0.49552360473017565,0.004955236047301756,0.06194045059127194,8,1,8,8,1,0.003923922486009701,174.0,0.007299997378140688,0
3135,8,1,0.49132419649182985,0.0049132419649182985,0.06141552456147874,8,1,8,8,2,0.004199408238349633,174.0,17.046799999661744,816
3136,8,1,0.48720478825348423,0.004872047882534842,0.06090059853168552,8,1,8,8,1,0.004119408238338451,174.0,0.016000005416572094,0
3137,8,1,0.48308538001513845,0.004830853800151385,0.060385672501892314,8,1,8,8,1,0.004119408238338451,174.0,0.014899997040629387,0
3138,8,1,0.4789659717767928,0.0047896597177679275,0.0598707464720991,8,1,8,8,1,0.004119408238338451,174.0,0.012300035450607538,0
3139,8,1,0.47484656353844706,0.004748465635384471,0.05935582044230588,8,1,8,8,1,0.004119408238338451,174.0,0.012399978004395962,0
3140,8,1,0.47070758445504185,0.004707075844550418,0.05883844805688024,8,1,8,8,2,0.004138979083407435,174.0,16.591400024481118,816
3141,7,1,0.467131039250968,0.00467131039250968,0.06673300560728113,8,1,8,7,1,0.003576545204055037,174.0,0.010300020221620798,0
3142,7,1,0.46364056304534734,0.004636405630453474,0.06623436614933534,7,1,7,7,1,0.0034904762056271466,154.0,0.009800016414374113,0
3143,7,1,0.46015008683972664,0.004601500868397266,0.06573572669138952,7,1,7,7,1,0.0034904762056129357,154.0,0.008700008038431406,0
3144,7,1,0.45665961063410593,0.004566596106341059,0.06523708723344371,7,1,7,7,1,0.0034904762056129357,154.0,0.008699949830770493,0
3145,7,1,0.4530530339839003,0.004530530339839003,0.06472186199770005,7,1,7,7,2,0.0036065766502133556,154.0,18.688499985728413,714
3146,7,1,0.4495164573336947,0.004495164573336947,0.06421663676195638,7,1,7,7,1,0.0035365766502053475,154.0,0.01680001150816679,0
3147,7,1,0.44597988068348915,0.0044597988068348915,0.06371141152621274,7,1,7,7,1,0.0035365766501911367,154.0,0.014399993233382702,0
3148,7,1,0.4424433040332835,0.004424433040332835,0.06320618629046908,7,1,7,7,1,0.0035365766502195584,154.0,0.01409999094903469,0
3149,7,1,0.438906727383078,0.00438906727383078,0.06270096105472543,7,1,7,7,1,0.0035365766502053475,154.0,0.013999990187585354,0
3150,7,1,0.4353001507328723,0.004353001507328723,0.06218573581898177,7,1,7,7,2,0.0036065766501991448,154.0,21.92500000819564,714
3151,7,1,0.43176357408266686,0.0043176357408266685,0.06168051058323811,7,1,7,7,1,0.0035365766502195584,154.0,0.016600009985268116,0
3152,7,1,0.42822699743246123,0.004282269974324612,0.06117528534749446,7,1,7,7,1,0.0035365766501911367,154.0,0.01379998866468668,0
3153,7,1,0.4246904207822557,0.004246904207822557,0.06067006011175081,7,1,7,7,1,0.0035365766502053475,154.0,0.013899989426136017,0
3154,7,1,0.42115384413205004,0.0042115384413205,0.060164834876007156,7,1,7,7,1,0.0035365766502053475,154.0,0.01209997572004795,0
3155,7,1,0.4175933679264293,0.004175933679264293,0.05965619541806134,7,1,7,7,2,0.003560476205620944,154.0,23.977400036528707,714
3156,7,1,0.4141028917208087,0.004141028917208087,0.05915755596011553,7,1,7,7,1,0.003490476205598725,154.0,0.017000013031065464,0
3157,7,1,0.41061241551518807,0.004106124155151881,0.05865891650216972,7,1,7,7,1,0.0034904762056271466,154.0,0.015300000086426735,0
3158,7,1,0.4071219393095674,0.004071219393095674,0.058160277044223906,7,1,7,7,1,0.0034904762056271466,154.0,0.014599994756281376,0
3159,7,1,0.4036314631039467,0.004036314631039467,0.057661637586278104,7,1,7,7,1,0.003490476205584514,154.0,0.013699987903237343,0
3160,7,1,0.4000248864537411,0.004000248864537411,0.05714641235053445,7,1,7,7,2,0.0036065766502275665,154.0,24.12190003087744,714
3161,7,1,0.39648830980353555,0.003964883098035356,0.056641187114790784,7,1,7,7,1,0.0035365766501911367,154.0,0.017900019884109497,0
3162,7,1,0.39295173315333,0.0039295173315332995,0.05613596187904714,7,1,7,7,1,0.0035365766502195584,154.0,0.014299992471933365,0
3163,7,1,0.3894151565031244,0.0038941515650312442,0.05563073664330348,7,1,7,7,1,0.0035365766501911367,154.0,0.013999990187585354,0
3164,7,1,0.38587857985291885,0.0038587857985291885,0.055125511407559835,7,1,7,7,1,0.0035365766502195584,154.0,0.012999982573091984,0
3165,7,1,0.3823181036472982,0.003823181036472982,0.054616871949614024,7,1,7,7,2,0.003560476205620944,154.0,25.188100000377744,714
3166,7,1,0.3788276274416775,0.0037882762744167746,0.054118232491668215,7,1,7,7,1,0.003490476205598725,154.0,0.01290004001930356,0
3167,7,1,0.3753371512360568,0.003753371512360568,0.0536195930337224,7,1,7,7,1,0.0034904762056271466,154.0,0.011599971912801266,0
3168,7,1,0.3718466750304361,0.0037184667503043613,0.053120953575776585,7,1,7,7,1,0.0034904762056271466,154.0,0.010899966582655907,0
3169,7,1,0.3683561988248155,0.0036835619882481553,0.05262231411783079,7,1,7,7,1,0.003490476205584514,154.0,0.009300012607127428,0
3170,7,1,0.3647496221746099,0.003647496221746099,0.05210708888208713,7,1,7,7,2,0.0036065766501991448,154.0,14.50930000282824,714
3171,7,1,0.3612130455244043,0.0036121304552440433,0.05160186364634347,7,1,7,7,1,0.0035365766502195584,154.0,0.016700010746717453,0
3172,7,1,0.35767646887419874,0.0035767646887419876,0.05109663841059981,7,1,7,7,1,0.0035365766502053475,154.0,0.010200019460171461,0
3173,7,1,0.35413989222399317,0.003541398922239932,0.050591413174856166,7,1,7,7,1,0.0035365766502053475,154.0,0.008800008799880743,0
3174,7,1,0.35060331557378765,0.0035060331557378766,0.050086187939112514,7,1,7,7,1,0.0035365766502053475,154.0,0.008100003469735384,0
3175,7,1,0.34704283936816693,0.0034704283936816695,0.04957754848116671,7,1,7,7,2,0.003560476205620944,154.0,20.885500009171665,714
3176,6,1,0.3438287121544202,0.0034382871215442017,0.05730478535907002,7,1,7,6,1,0.003214127213752249,154.0,0.017300015315413475,0
3177,6,1,0.3408276585877001,0.003408276585877001,0.05680460976461668,6,1,6,6,1,0.003001053566720202,134.0,0.014599994756281376,0
3178,6,1,0.33782660502098005,0.0033782660502098007,0.05630443417016332,6,1,6,6,1,0.003001053566705991,134.0,0.014199991710484028,0
3179,6,1,0.33482555145425996,0.0033482555145425996,0.05580425857570998,6,1,6,6,1,0.003001053566705991,134.0,0.019400031305849552,0
3180,6,1,0.331974392752027,0.0033197439275202702,0.05532906545867116,6,1,6,6,2,0.0028511587022421736,134.0,20.961100002750754,612
3181,6,1,0.3291832340497941,0.0032918323404979412,0.05486387234163235,6,1,6,6,1,0.0027911587022373396,134.0,0.01750001683831215,0
3182,6,1,0.32639207534756115,0.0032639207534756113,0.05439867922459354,6,1,6,6,1,0.002791158702223129,134.0,0.014599994756281376,0
3183,6,1,0.32360091664532825,0.0032360091664532823,0.05393348610755471,6,1,6,6,1,0.002791158702223129,134.0,0.011700030881911516,0
3184,6,1,0.3208097579430954,0.003208097579430954,0.05346829299051589,6,1,6,6,1,0.0027911587022515505,134.0,0.010300020221620798,0
3185,6,1,0.31795859924086245,0.0031795859924086244,0.05299309987347708,6,1,6,6,2,0.0028511587022421736,134.0,20.953700004611164,612
3186,6,1,0.3151674405386296,0.003151674405386296,0.05252790675643826,6,1,6,6,1,0.002791158702194707,134.0,0.014999997802078724,0
3187,6,1,0.31237628183639665,0.0031237628183639664,0.05206271363939944,6,1,6,6,1,0.0027911587022373396,134.0,0.012399978004395962,0
3188,6,1,0.30958512313416375,0.0030958512313416374,0.05159752052236063,6,1,6,6,1,0.0027911587022373396,134.0,0.011999974958598614,0
3189,6,1,0.30679396443193085,0.0030679396443193084,0.05113232740532181,6,1,6,6,1,0.0027911587022515505,134.0,0.01190003240481019,0
3190,6,1,0.30391001970161363,0.0030391001970161364,0.05065166995026893,6,1,6,6,2,0.002883944730299959,134.0,21.190800005570054,612
3191,6,1,0.3010860749712963,0.003010860749712963,0.05018101249521605,6,1,6,6,1,0.002823944730295125,134.0,0.015199999324977398,0
3192,6,1,0.29826213024097903,0.0029826213024097903,0.04971035504016317,6,1,6,6,1,0.0028239447303235465,134.0,0.009400013368576765,0
3193,6,1,0.2954381855106618,0.002954381855106618,0.049239697585110286,6,1,6,6,1,0.0028239447303093357,134.0,0.008200004231184721,0
3194,6,1,0.29261424078034454,0.002926142407803445,0.04876904013005742,6,1,6,6,1,0.002823944730295125,134.0,0.008000002708286047,0
3195,6,1,0.2897630820781116,0.002897630820781116,0.04829384701301861,6,1,6,6,2,0.0028511587022421736,134.0,19.451600033789873,612
3196,6,1,0.2869719233758787,0.002869719233758787,0.04782865389597979,6,1,6,6,1,0.0027911587022373396,134.0,0.016000005416572094,0
3197,6,1,0.2841807646736458,0.002841807646736458,0.047363460778940956,6,1,6,6,1,0.002791158702223129,134.0,0.013899989426136017,0
3198,6,1,0.28138960597141294,0.0028138960597141292,0.046898267661902145,6,1,6,6,1,0.0027911587022373396,134.0,0.014199991710484028,0
3199,6,1,0.27859844726918,0.0027859844726918,0.04643307454486334,6,1,6,6,1,0.0027911587022373396,134.0,0.014100049156695604,0
3200,6,1,0.27571450253886276,0.0027571450253886277,0.04595241708981046,6,1,6,6,2,0.002883944730299959,134.0,21.503399999346584,612
3201,6,1,0.2728905578085455,0.0027289055780854547,0.04548175963475758,6,1,6,6,1,0.0028239447303093357,134.0,0.017199956346303225,0
3202,6,1,0.2700666130782282,0.002700666130782282,0.0450111021797047,6,1,6,6,1,0.0028239447303093357,134.0,0.013899989426136017,0
3203,6,1,0.26724266834791094,0.0026724266834791096,0.04454044472465182,6,1,6,6,1,0.0028239447303235465,134.0,0.013400043826550245,0
3204,6,1,0.26441872361759367,0.0026441872361759365,0.04406978726959895,6,1,6,6,1,0.002823944730295125,134.0,0.013999990187585354,0
3205,6,1,0.26156756491536076,0.0026156756491536076,0.043594594152560125,6,1,6,6,2,0.0028511587022421736,134.0,21.27409999957308,612
3206,6,1,0.2587764062131279,0.002587764062131279,0.04312940103552132,6,1,6,6,1,0.002791158702208918,134.0,0.011599971912801266,0
3207,6,1,0.255985247510895,0.00255985247510895,0.042664207918482494,6,1,6,6,1,0.0027911587022373396,134.0,0.009000010322779417,0
3208,6,1,0.25319408880866207,0.0025319408880866206,0.042199014801443675,6,1,6,6,1,0.0027911587022373396,134.0,0.007700000423938036,0
3209,6,1,0.25040293010642917,0.0025040293010642916,0.04173382168440486,6,1,6,6,1,0.0027911587022515505,134.0,0.008899951353669167,0
3210,6,1,0.24751898537611194,0.0024751898537611196,0.041253164229351984,6,1,6,6,2,0.002883944730299959,134.0,20.012499997392297,612
3211,6,1,0.24469504064579464,0.0024469504064579465,0.040782506774299114,6,1,6,6,1,0.002823944730295125,134.0,0.016300007700920105,0
3212,6,1,0.2418710959154774,0.002418710959154774,0.04031184931924623,6,1,6,6,1,0.0028239447303093357,134.0,0.013199984095990658,0
3213,6,1,0.2390471511851601,0.002390471511851601,0.039841191864193354,6,1,6,6,1,0.0028239447303235465,134.0,0.01309998333454132,0
3214,6,1,0.2362232064548429,0.0023622320645484292,0.039370534409140484,6,1,6,6,1,0.002823944730295125,134.0,0.012599979527294636,0
3215,6,1,0.23337204775260995,0.0023337204775260995,0.03889534129210166,6,1,6,6,2,0.0028511587022421736,134.0,19.629099988378584,612
3216,6,1,0.23058088905037705,0.0023058088905037705,0.038430148175062843,6,1,6,6,1,0.0027911587022373396,134.0,0.015600002370774746,0
3217,6,1,0.22778973034814415,0.0022778973034814414,0.037964955058024025,6,1,6,6,1,0.002791158702223129,134.0,0.014499993994832039,0
3218,6,1,0.22499857164591125,0.0022499857164591124,0.037499761940985206,6,1,6,6,1,0.0027911587022373396,134.0,0.01309998333454132,0
3219,6,1,0.22220741294367832,0.0022220741294367834,0.03703456882394639,6,1,6,6,1,0.002791158702223129,134.0,0.015900004655122757,0
3220,6,1,0.21932346821336107,0.0021932346821336105,0.036553911368893514,6,1,6,6,2,0.0028839447303141696,134.0,20.04040003521368,612
3221,6,1,0.21649952348304383,0.0021649952348304384,0.03608325391384064,6,1,6,6,1,0.0028239447303093357,134.0,0.01479999627918005,0
3222,6,1,0.21367557875272652,0.0021367557875272654,0.03561259645878776,6,1,6,6,1,0.0028239447303093357,134.0,0.012300035450607538,0
3223,6,1,0.21085163402240933,0.002108516340224093,0.035141939003734884,6,1,6,6,1,0.0028239447303235465,134.0,0.012100033927708864,0
3224,6,1,0.208027689292092,0.00208027689292092,0.03467128154868201,6,1,6,6,1,0.002823944730295125,134.0,0.011399970389902592,0
3225,6,1,0.20517653058985913,0.0020517653058985913,0.034196088431643186,6,1,6,6,2,0.0028511587022421736,134.0,19.515399995725602,612
3226,5,1,0.20323728618876394,0.0020323728618876396,0.04064745723775279,5,0,5,0,1,0.001939244401086171,0.0,0.015400000847876072,0
3227,5,0,0.2014520598241167,0.0020145205982411672,0.040290411964823344,5,5,5,5,0,0.001785226364660275,17.0,0.005999987479299307,0
3228,4,0,0.19982203241270213,0.0019982203241270214,0.049955508103175526,5,4,5,4,0,0.0016300274114087188,17.0,0.004699977580457926,0
3229,4,0,0.19847276019291743,0.0019847276019291744,0.04961819004822936,4,4,4,4,0,0.001349272219798081,17.0,0.004699977580457926,0
3230,4,1,0.19658682427939106,0.001965868242793911,0.049146706069847765,4,1,4,4,2,0.0018859359135205978,94.0,12.727799999993294,408
3231,4,1,0.19474088836586467,0.0019474088836586468,0.04868522209146617,4,1,4,4,1,0.001845935913522112,94.0,0.009100011084228754,0
3232,4,1,0.1928949524523383,0.001928949524523383,0.048223738113084565,4,1,4,4,1,0.001845935913522112,94.0,0.00689999433234334,0
3233,4,1,0.1910490165388119,0.001910490165388119,0.047762254134702975,4,1,4,4,1,0.001845935913522112,94.0,0.006299989763647318,0
3234,4,1,0.1892030806252855,0.0018920308062528551,0.04730077015632138,4,1,4,4,1,0.001845935913522112,94.0,0.006199989002197981,0
3235,4,1,0.18729639228599662,0.0018729639228599662,0.046824098071499155,4,1,4,4,2,0.0019066883393037415,94.0,10.197700001299381,408
3236,4,1,0.1854297039467077,0.0018542970394670772,0.04635742598667693,4,1,4,4,1,0.001866688339276834,94.0,0.014999997802078724,0
3237,4,1,0.18356301560741878,0.0018356301560741878,0.0458907539018547,4,1,4,4,1,0.001866688339291045,94.0,0.012699980288743973,0
3238,4,1,0.1816963272681299,0.001816963272681299,0.045424081817032474,4,1,4,4,1,0.0018666883393052558,94.0,0.012500036973506212,0
3239,4,1,0.179829638928841,0.00179829638928841,0.04495740973221025,4,1,4,4,1,0.001866688339276834,94.0,0.012000033166259527,0
3240,4,1,0.1779437030153146,0.0017794370301531459,0.044485925753828655,4,1,4,4,2,0.0018859359135205978,94.0,15.227500000037253,408
3241,4,1,0.17609776710178823,0.0017609776710178823,0.04402444177544705,4,1,4,4,1,0.001845935913536323,94.0,0.01479999627918005,0
3242,4,1,0.17425183118826182,0.0017425183118826182,0.043562957797065455,4,1,4,4,1,0.001845935913522112,94.0,0.01260003773495555,0
3243,4,1,0.1724058952747354,0.001724058952747354,0.04310147381868386,4,1,4,4,1,0.0018459359135079012,94.0,0.012300035450607538,0
3244,4,1,0.17055995936120905,0.0017055995936120904,0.042639989840302255,4,1,4,4,1,0.001845935913536323,94.0,0.008700008038431406,0
3245,4,1,0.16865327102192013,0.0016865327102192013,0.04216331775548003,4,1,4,4,2,0.0019066883392895306,94.0,8.123299980070442,408
3246,4,1,0.16678658268263122,0.0016678658268263122,0.04169664567065781,4,1,4,4,1,0.001866688339291045,94.0,0.009800016414374113,0
3247,4,1,0.16491989434334234,0.0016491989434334233,0.041229973585835585,4,1,4,4,1,0.001866688339276834,94.0,0.012699980288743973,0
3248,4,1,0.1630532060040534,0.001630532060040534,0.04076330150101335,4,1,4,4,1,0.001866688339291045,94.0,0.007599999662488699,0
3249,4,1,0.1611865176647645,0.001611865176647645,0.040296629416191124,4,1,4,4,1,0.001866688339291045,94.0,0.007299997378140688,0
3250,4,1,0.15930058175123812,0.0015930058175123813,0.03982514543780953,4,1,4,4,2,0.0018859359135205978,94.0,14.203500002622604,408
3251,4,1,0.1574546458377117,0.001574546458377117,0.03936366145942793,4,1,4,4,1,0.001845935913522112,94.0,0.014899997040629387,0
3252,4,1,0.15560870992418535,0.0015560870992418535,0.03890217748104633,4,1,4,4,1,0.001845935913522112,94.0,0.011400028597563505,0
3253,4,1,0.15376277401065896,0.0015376277401065897,0.03844069350266474,4,1,4,4,1,0.001845935913522112,94.0,0.011000025551766157,0
3254,4,1,0.15191683809713255,0.0015191683809713254,0.03797920952428314,4,1,4,4,1,0.001845935913522112,94.0,0.010400020983070135,0
3255,4,1,0.15001014975784366,0.0015001014975784366,0.037502537439460915,4,1,4,4,2,0.0019066883392895306,94.0,14.406100031919777,408
3256,4,1,0.14814346141855475,0.0014814346141855475,0.03703586535463869,4,1,4,4,1,0.001866688339291045,94.0,0.013699987903237343,0
3257,4,1,0.14627677307926584,0.0014627677307926584,0.03656919326981646,4,1,4,4,1,0.0018666883393052558,94.0,0.011700030881911516,0
3258,4,1,0.14441008473997693,0.0014441008473997693,0.036102521184994234,4,1,4,4,1,0.001866688339276834,94.0,0.012000033166259527,0
3259,4,1,0.14254339640068805,0.0014254339640068807,0.035635849100172014,4,1,4,4,1,0.001866688339276834,94.0,0.012100033927708864,0
3260,4,1,0.14065746048716166,0.0014065746048716166,0.03516436512179041,4,1,4,4,2,0.0018859359135490195,94.0,16.0899999900721,408
3261,4,1,0.13881152457363527,0.0013881152457363528,0.03470288114340882,4,1,4,4,1,0.001845935913522112,94.0,0.016000005416572094,0
3262,3,1,0.1373200378548116,0.0013732003785481158,0.045773345951603865,4,1,4,3,1,0.0014914867188053904,94.0,0.012499978765845299,0
3263,3,1,0.13597948174683705,0.0013597948174683704,0.04532649391561235,3,1,3,3,1,0.0013405561079906647,74.0,0.012499978765845299,0
3264,3,1,0.13463892563886254,0.0013463892563886253,0.044879641879620846,3,1,3,3,1,0.001340556107962243,74.0,0.012199976481497288,0
3265,3,1,0.13333565056816277,0.0013333565056816276,0.044445216856054265,3,1,3,3,2,0.00130327507068273,74.0,13.358400028664619,306
3266,2,1,0.1323358398671302,0.001323358398671302,0.0661679199335651,3,1,3,2,1,0.0009998107010460444,74.0,0.01379998866468668,0
3267,2,1,0.13155316895431074,0.0013155316895431075,0.06577658447715537,2,1,2,2,1,0.0007826709128266884,54.0,0.010499963536858559,0
3268,2,1,0.1307704980414913,0.001307704980414913,0.06538524902074565,2,1,2,2,1,0.0007826709128266884,54.0,0.01009996049106121,0
3269,2,1,0.12998782712867182,0.0012998782712867183,0.06499391356433591,2,1,2,2,1,0.0007826709127982667,54.0,0.008500006515532732,0
3270,2,1,0.12918515621585236,0.0012918515621585236,0.06459257810792618,2,1,2,2,2,0.0008026709128330367,54.0,10.184799961280078,204
3271,2,1,0.12840248530303291,0.0012840248530303292,0.06420124265151646,2,1,2,2,1,0.0007826709128124776,54.0,0.01279998105019331,0
3272,2,1,0.12761981439021347,0.0012761981439021347,0.06380990719510674,2,1,2,2,1,0.0007826709128266884,54.0,0.011899974197149277,0
3273,2,1,0.126837143477394,0.00126837143477394,0.063418571738697,2,1,2,2,1,0.0007826709128266884,54.0,0.01009996049106121,0
3274,2,1,0.12605447256457453,0.0012605447256457453,0.06302723628228726,2,1,2,2,1,0.0007826709128124776,54.0,0.011299969628453255,0
3275,2,1,0.1252518016517551,0.001252518016517551,0.06262590082587755,2,1,2,2,2,0.0008026709128188259,54.0,9.976400004234165,204
3276,2,1,0.12446913073893562,0.0012446913073893562,0.06223456536946781,2,1,2,2,1,0.0007826709128266884,54.0,0.011699972674250603,0
3277,2,1,0.12368645982611617,0.0012368645982611618,0.06184322991305809,2,1,2,2,1,0.0007826709128266884,54.0,0.0097999582067132,0
3278,2,1,0.1229037889132967,0.001229037889132967,0.06145189445664835,2,1,2,2,1,0.0007826709128124776,54.0,0.009400013368576765,0
3279,2,1,0.12212111800047726,0.0012212111800047726,0.06106055900023863,2,1,2,2,1,0.0007826709128124776,54.0,0.010000017937272787,0
3280,2,1,0.1213184470876578,0.001213184470876578,0.0606592235438289,2,1,2,2,2,0.0008026709128330367,54.0,10.474999959114939,204
3281,2,1,0.12053577617483834,0.0012053577617483833,0.06026788808741917,2,1,2,2,1,0.0007826709128124776,54.0,0.013400043826550245,0
3282,2,1,0.11975310526201888,0.0011975310526201887,0.05987655263100944,2,1,2,2,1,0.0007826709128124776,54.0,0.011200027074664831,0
3283,2,1,0.11897043434919943,0.0011897043434919944,0.05948521717459972,2,1,2,2,1,0.0007826709128266884,54.0,0.010600022505968809,0
3284,2,1,0.11818776343637999,0.0011818776343637998,0.059093881718189994,2,1,2,2,1,0.0007826709128408993,54.0,0.010999967344105244,0
3285,2,1,0.11738509252356055,0.0011738509252356055,0.058692546261780276,2,1,2,2,2,0.0008026709127904041,54.0,9.359599964227527,204
3286,2,1,0.11660242161074111,0.0011660242161074111,0.058301210805370554,2,1,2,2,1,0.0007826709128266884,54.0,0.013499986380338669,0
3287,2,1,0.11581975069792166,0.0011581975069792166,0.05790987534896083,2,1,2,2,1,0.0007826709128266884,54.0,0.009999959729611874,0
3288,2,1,0.11503707978510223,0.0011503707978510224,0.05751853989255112,2,1,2,2,1,0.0007826709128266884,54.0,0.010199961252510548,0
3289,2,1,0.1142544088722828,0.001142544088722828,0.0571272044361414,2,1,2,2,1,0.0007826709128124776,54.0,0.009600014891475439,0
3290,2,1,0.11345173795946335,0.0011345173795946335,0.056725868979731676,2,1,2,2,2,0.0008026709128188259,54.0,8.51179996971041,204
3291,2,1,0.11266906704664392,0.0011266906704664392,0.05633453352332196,2,1,2,2,1,0.0007826709128266884,54.0,0.013100041542202234,0
3292,2,1,0.11188639613382448,0.0011188639613382448,0.05594319806691224,2,1,2,2,1,0.0007826709128124776,54.0,0.011200027074664831,0
3293,2,1,0.11110372522100503,0.0011110372522100504,0.05555186261050252,2,1,2,2,1,0.0007826709128266884,54.0,0.010699965059757233,0
3294,2,1,0.1103210543081856,0.001103210543081856,0.0551605271540928,2,1,2,2,1,0.0007826709128124776,54.0,0.009600014891475439,0
3295,2,1,0.10951838339536615,0.0010951838339536616,0.05475919169768308,2,1,2,2,2,0.0008026709128330367,54.0,9.334900008980185,204
3296,2,1,0.10873571248254672,0.0010873571248254672,0.05436785624127336,2,1,2,2,1,0.0007826709128266884,54.0,0.014699995517730713,0
3297,2,1,0.10795304156972729,0.001079530415697273,0.053976520784863646,2,1,2,2,1,0.0007826709128124776,54.0,0.01090002479031682,0
3298,2,1,0.10717037065690785,0.0010717037065690784,0.053585185328453924,2,1,2,2,1,0.0007826709128124776,54.0,0.009700015652924776,0
3299,2,1,0.1063876997440884,0.001063876997440884,0.0531938498720442,2,1,2,2,1,0.0007826709128124776,54.0,0.01079996582120657,0
3300,2,1,0.10558502883126897,0.0010558502883126896,0.052792514415634484,2,1,2,2,2,0.0008026709128472476,54.0,9.212000004481524,204
3301,2,1,0.10480235791844952,0.0010480235791844952,0.05240117895922476,2,1,2,2,1,0.0007826709127982667,54.0,0.013899989426136017,0
3302,2,1,0.1040196870056301,0.0010401968700563008,0.05200984350281505,2,1,2,2,1,0.0007826709128124776,54.0,0.012499978765845299,0
3303,2,1,0.10323701609281066,0.0010323701609281067,0.05161850804640533,2,1,2,2,1,0.0007826709128266884,54.0,0.011599971912801266,0
3304,2,1,0.10245434517999122,0.001024543451799912,0.05122717258999561,2,1,2,2,1,0.0007826709128408993,54.0,0.011399970389902592,0
3305,2,1,0.10165167426717178,0.0010165167426717178,0.05082583713358589,2,1,2,2,2,0.0008026709128188259,54.0,9.816800011321902,204
3306,2,1,0.10086900335435234,0.0010086900335435234,0.05043450167717617,2,1,2,2,1,0.0007826709127982667,54.0,0.008000002708286047,0
3307,2,1,0.1000863324415329,0.0010008633244153289,0.05004316622076645,2,1,2,2,1,0.0007826709128408993,54.0,0.006099988240748644,0
3308,2,1,0.09930366152871346,0.0009930366152871347,0.04965183076435673,2,1,2,2,1,0.0007826709128124776,54.0,0.005599984433501959,0
3309,2,1,0.09852099061589403,0.0009852099061589403,0.049260495307947016,2,1,2,2,1,0.0007826709128124776,54.0,0.005099980626255274,0
3310,2,1,0.09771831970307458,0.0009771831970307458,0.04885915985153729,2,1,2,2,2,0.000802670912804615,54.0,5.906000034883618,204
3311,2,1,0.09693564879025515,0.0009693564879025515,0.048467824395127576,2,1,2,2,1,0.0007826709128408993,54.0,0.01179997343569994,0
3312,2,1,0.09615297787743571,0.0009615297787743571,0.048076488938717854,2,1,2,2,1,0.0007826709128124776,54.0,0.010600022505968809,0
3313,2,1,0.09537030696461626,0.0009537030696461626,0.04768515348230813,2,1,2,2,1,0.0007826709128266884,54.0,0.010800024028867483,0
3314,2,1,0.09458763605179683,0.0009458763605179684,0.04729381802589842,2,1,2,2,1,0.0007826709128266884,54.0,0.010299962013959885,0
3315,2,1,0.09378496513897738,0.0009378496513897739,0.04689248256948869,2,1,2,2,2,0.0008026709128188259,54.0,9.466500021517277,204
3316,2,1,0.09300229422615795,0.0009300229422615795,0.046501147113078976,2,1,2,2,1,0.0007826709128266884,54.0,0.014499993994832039,0
3317,2,1,0.09221962331333852,0.0009221962331333852,0.04610981165666926,2,1,2,2,1,0.0007826709128124776,54.0,0.011000025551766157,0
3318,2,1,0.09143695240051908,0.0009143695240051907,0.04571847620025954,2,1,2,2,1,0.0007826709128124776,54.0,0.010699965059757233,0
3319,2,1,0.09065428148769963,0.0009065428148769964,0.04532714074384982,2,1,2,2,1,0.0007826709128124776,54.0,0.011199968867003918,0
3320,2,1,0.08965172393489618,0.0008965172393489618,0.04482586196744809,2,1,2,2,2,0.0010025575528089803,54.0,10.438200028147548,204
3321,2,1,0.08866916638209271,0.0008866916638209272,0.044334583191046356,2,1,2,2,1,0.0009825575528168429,54.0,0.011499971151351929,0
3322,2,1,0.08768660882928925,0.0008768660882928924,0.043843304414644624,2,1,2,2,1,0.000982557552802632,54.0,0.009200011845678091,0
3323,2,1,0.08670405127648578,0.0008670405127648578,0.04335202563824289,2,1,2,2,1,0.000982557552802632,54.0,0.009100011084228754,0
3324,2,1,0.08572149372368232,0.0008572149372368232,0.04286074686184116,2,1,2,2,1,0.000982557552802632,54.0,0.01729995710775256,0
3325,2,1,0.08491882281086287,0.0008491882281086286,0.042459411405431434,2,1,2,2,2,0.0008026709128330367,54.0,8.617199957370758,204
3326,2,1,0.08413615189804344,0.0008413615189804344,0.04206807594902172,2,1,2,2,1,0.0007826709127982667,54.0,0.012299977242946625,0
3327,2,1,0.083353480985224,0.0008335348098522399,0.041676740492612,2,1,2,2,1,0.0007826709128124776,54.0,0.009800016414374113,0
3328,2,1,0.08257081007240455,0.0008257081007240455,0.041285405036202275,2,1,2,2,1,0.0007826709128408993,54.0,0.010000017937272787,0
3329,2,1,0.08178813915958512,0.0008178813915958511,0.04089406957979256,2,1,2,2,1,0.0007826709128124776,54.0,0.009100011084228754,0
3330,2,1,0.08098546824676567,0.0008098546824676566,0.040492734123382834,2,1,2,2,2,0.0008026709128188259,54.0,7.944100012537092,204
3331,2,1,0.08020279733394624,0.0008020279733394624,0.04010139866697312,2,1,2,2,1,0.0007826709128124776,54.0,0.008100003469735384,0
3332,2,1,0.07942012642112681,0.0007942012642112681,0.039710063210563404,2,1,2,2,1,0.0007826709128408993,54.0,0.005799985956400633,0
3333,2,1,0.07863745550830736,0.0007863745550830736,0.03931872775415368,2,1,2,2,1,0.0007826709128124776,54.0,0.005200039595365524,0
3334,2,1,0.07785478459548792,0.0007785478459548792,0.03892739229774396,2,1,2,2,1,0.0007826709128124776,54.0,0.005300040356814861,0
3335,2,1,0.07685222704268446,0.0007685222704268447,0.03842611352134223,2,1,2,2,2,0.0010025575528089803,54.0,5.309700034558773,204
3336,2,1,0.075869669489881,0.0007586966948988099,0.0379348347449405,2,1,2,2,1,0.000982557552802632,54.0,0.012399978004395962,0
3337,2,1,0.07488711193707753,0.0007488711193707753,0.037443555968538766,2,1,2,2,1,0.000982557552802632,54.0,0.007599999662488699,0
3338,2,1,0.07390455438427407,0.0007390455438427407,0.036952277192137034,2,1,2,2,1,0.000982557552802632,54.0,0.006699992809444666,0
3339,2,1,0.0729219968314706,0.000729219968314706,0.0364609984157353,2,1,2,2,1,0.0009825575528168429,54.0,0.006299989763647318,0
3340,2,1,0.07211932591865115,0.0007211932591865115,0.03605966295932558,2,1,2,2,2,0.0008026709127904041,54.0,5.107500008307397,204
3341,2,1,0.07133665500583172,0.0007133665500583173,0.03566832750291586,2,1,2,2,1,0.0007826709128408993,54.0,0.00890000956133008,0
3342,2,1,0.07055398409301228,0.0007055398409301228,0.03527699204650614,2,1,2,2,1,0.0007826709128266884,54.0,0.007599999662488699,0
3343,2,1,0.06977131318019283,0.0006977131318019283,0.03488565659009642,2,1,2,2,1,0.0007826709128124776,54.0,0.007299997378140688,0
3344,2,1,0.0689886422673734,0.000689886422673734,0.0344943211336867,2,1,2,2,1,0.0007826709128124776,54.0,0.006799993570894003,0
3345,2,1,0.06818597135455395,0.0006818597135455395,0.03409298567727698,2,1,2,2,2,0.0008026709128330367,54.0,8.833600033540279,204
3346,2,1,0.06740330044173452,0.0006740330044173453,0.03370165022086726,2,1,2,2,1,0.0007826709128266884,54.0,0.013699987903237343,0
3347,2,1,0.06662062952891509,0.0006662062952891509,0.033310314764457546,2,1,2,2,1,0.0007826709127982667,54.0,0.011699972674250603,0
3348,2,1,0.06583795861609565,0.0006583795861609565,0.032918979308047824,2,1,2,2,1,0.0007826709128266884,54.0,0.01109996810555458,0
3349,2,1,0.0650552877032762,0.000650552877032762,0.0325276438516381,2,1,2,2,1,0.0007826709128266884,54.0,0.010399962775409222,0
3350,2,1,0.06405273015047275,0.0006405273015047274,0.032026365075236374,2,1,2,2,2,0.0010025575527947694,54.0,9.890700050164014,204
3351,2,1,0.06307017259766928,0.0006307017259766928,0.03153508629883464,2,1,2,2,1,0.000982557552802632,54.0,0.012400036212056875,0
3352,2,1,0.06208761504486582,0.0006208761504486582,0.03104380752243291,2,1,2,2,1,0.0009825575528168429,54.0,0.009800016414374113,0
3353,2,1,0.06110505749206237,0.0006110505749206237,0.030552528746031184,2,1,2,2,1,0.000982557552802632,54.0,0.009000010322779417,0
3354,2,1,0.0601224999392589,0.000601224999392589,0.03006124996962945,2,1,2,2,1,0.0009825575527884212,54.0,0.009500014130026102,0
3355,2,1,0.05931982902643947,0.0005931982902643947,0.029659914513219737,2,1,2,2,2,0.0008026709128472476,54.0,8.013100014068186,204
3356,2,1,0.058537158113620036,0.0005853715811362004,0.029268579056810018,2,1,2,2,1,0.0007826709127982667,54.0,0.009400013368576765,0
3357,2,1,0.057754487200800605,0.0005775448720080061,0.028877243600400303,2,1,2,2,1,0.0007826709128124776,54.0,0.007399998139590025,0
3358,2,1,0.056971816287981175,0.0005697181628798117,0.028485908143990588,2,1,2,2,1,0.0007826709128266884,54.0,0.006699992809444666,0
3359,2,1,0.05618914537516174,0.0005618914537516174,0.02809457268758087,2,1,2,2,1,0.0007826709128408993,54.0,0.006799993570894003,0
3360,2,1,0.05538647446234231,0.0005538647446234231,0.027693237231171154,2,1,2,2,2,0.0008026709127904041,54.0,6.920800020452589,204
3361,2,1,0.05460380354952287,0.0005460380354952287,0.027301901774761436,2,1,2,2,1,0.0007826709128266884,54.0,0.010700023267418146,0
3362,2,1,0.053821132636703434,0.0005382113263670343,0.026910566318351717,2,1,2,2,1,0.0007826709128408993,54.0,0.006399990525096655,0
3363,2,1,0.053038461723884,0.0005303846172388401,0.026519230861942,2,1,2,2,1,0.0007826709128124776,54.0,0.008300004992634058,0
3364,2,1,0.05225579081106457,0.0005225579081106457,0.026127895405532287,2,1,2,2,1,0.0007826709128124776,54.0,0.006299989763647318,0
3365,2,1,0.05145311989824514,0.0005145311989824513,0.02572655994912257,2,1,2,2,2,0.0008026709128188259,54.0,4.493399988859892,204
3366,2,1,0.050670448985425706,0.0005067044898542571,0.025335224492712853,2,1,2,2,1,0.0007826709128266884,54.0,0.008500006515532732,0
3367,2,1,0.04988777807260627,0.0004988777807260627,0.024943889036303134,2,1,2,2,1,0.0007826709128124776,54.0,0.006999995093792677,0
3368,2,1,0.04910510715978683,0.0004910510715978683,0.024552553579893416,2,1,2,2,1,0.0007826709128266884,54.0,0.006999995093792677,0
3369,2,1,0.0483224362469674,0.000483224362469674,0.0241612181234837,2,1,2,2,1,0.0007826709128266884,54.0,0.006699992809444666,0
3370,2,1,0.047319878694163944,0.00047319878694163943,0.023659939347081972,2,1,2,2,2,0.0010025575527805586,54.0,5.53819997003302,204
3371,2,1,0.046337321141360494,0.00046337321141360494,0.023168660570680247,2,1,2,2,1,0.0009825575528168429,54.0,0.009100011084228754,0
3372,2,1,0.04535476358855704,0.00045354763588557044,0.02267738179427852,2,1,2,2,1,0.000982557552802632,54.0,0.006999995093792677,0
3373,2,1,0.044372206035753585,0.00044372206035753583,0.022186103017876792,2,1,2,2,1,0.0009825575527884212,54.0,0.006499991286545992,0
3374,2,1,0.04338964848295013,0.0004338964848295013,0.021694824241475064,2,1,2,2,1,0.000982557552802632,54.0,0.01209997572004795,0
3375,2,1,0.0425869775701307,0.00042586977570130695,0.02129348878506535,2,1,2,2,2,0.0008026709128472476,54.0,7.536299992352724,204
3376,2,1,0.04180430665731126,0.0004180430665731126,0.02090215332865563,2,1,2,2,1,0.0007826709128124776,54.0,0.009200011845678091,0
3377,2,1,0.04102163574449183,0.0004102163574449183,0.020510817872245915,2,1,2,2,1,0.0007826709128124776,54.0,0.006999995093792677,0
3378,2,1,0.0402389648316724,0.000402389648316724,0.0201194824158362,2,1,2,2,1,0.0007826709128266884,54.0,0.006399990525096655,0
3379,2,1,0.03945629391885296,0.0003945629391885296,0.01972814695942648,2,1,2,2,1,0.0007826709128266884,54.0,0.006799993570894003,0
3380,2,1,0.03865362300603353,0.00038653623006033535,0.019326811503016766,2,1,2,2,2,0.0008026709128188259,54.0,5.022900004405528,204
3381,2,1,0.037870952093214096,0.000378709520932141,0.018935476046607048,2,1,2,2,1,0.0007826709128124776,54.0,0.008600007276982069,0
3382,2,1,0.03708828118039466,0.0003708828118039466,0.01854414059019733,2,1,2,2,1,0.0007826709128266884,54.0,0.007099995855242014,0
3383,2,1,0.03630561026757523,0.0003630561026757523,0.018152805133787614,2,1,2,2,1,0.0007826709128124776,54.0,0.006499991286545992,0
3384,2,1,0.0355229393547558,0.00035522939354755797,0.0177614696773779,2,1,2,2,1,0.0007826709128266884,54.0,0.006199989002197981,0
3385,2,1,0.03452038180195234,0.0003452038180195234,0.01726019090097617,2,1,2,2,2,0.0010025575528089803,54.0,9.04370000353083,204
3386,2,1,0.03353782424914889,0.0003353782424914889,0.016768912124574445,2,1,2,2,1,0.000982557552802632,54.0,0.012199976481497288,0
3387,2,1,0.03255526669634543,0.0003255526669634543,0.016277633348172716,2,1,2,2,1,0.000982557552802632,54.0,0.010999967344105244,0
3388,2,1,0.031572709143541974,0.00031572709143541975,0.015786354571770987,2,1,2,2,1,0.000982557552802632,54.0,0.010400020983070135,0
3389,2,1,0.03059015159073852,0.0003059015159073852,0.01529507579536926,2,1,2,2,1,0.0009825575528168429,54.0,0.010500021744519472,0
3390,2,1,0.029787480677919087,0.00029787480677919087,0.014893740338959544,2,1,2,2,2,0.0008026709127904041,54.0,9.772099961992353,204
3391,2,1,0.029004809765099653,0.00029004809765099655,0.014502404882549827,2,1,2,2,1,0.0007826709128266884,54.0,0.012300035450607538,0
3392,2,1,0.02822213885228022,0.0002822213885228022,0.01411106942614011,2,1,2,2,1,0.0007826709128408993,54.0,0.009599956683814526,0
3393,2,1,0.027439467939460782,0.0002743946793946078,0.013719733969730391,2,1,2,2,1,0.0007826709128124776,54.0,0.009299954399466515,0
3394,2,1,0.026656797026641345,0.00026656797026641344,0.013328398513320672,2,1,2,2,1,0.0007826709128124776,54.0,0.009600014891475439,0
3395,2,1,0.025854126113821912,0.0002585412611382191,0.012927063056910956,2,1,2,2,2,0.000802670912804615,54.0,8.364900015294552,204
3396,2,1,0.025071455201002478,0.0002507145520100248,0.012535727600501239,2,1,2,2,1,0.0007826709128408993,54.0,0.01160003012046218,0
3397,2,1,0.02428878428818304,0.00024288784288183042,0.01214439214409152,2,1,2,2,1,0.0007826709128124776,54.0,0.00990001717582345,0
3398,2,1,0.023506113375363603,0.00023506113375363605,0.011753056687681802,2,1,2,2,1,0.0007826709128266884,54.0,0.009499955922365189,0
3399,2,1,0.02272344246254417,0.0002272344246254417,0.011361721231272085,2,1,2,2,1,0.0007826709128124776,54.0,0.009600014891475439,0
3400,2,1,0.021720884909740713,0.00021720884909740712,0.010860442454870356,2,1,2,2,2,0.0010025575528089803,54.0,8.146399981342256,204
3401,2,1,0.020738327356937255,0.00020738327356937256,0.010369163678468627,2,1,2,2,1,0.000982557552802632,54.0,0.013499986380338669,0
3402,2,1,0.019755769804133797,0.00019755769804133798,0.009877884902066899,2,1,2,2,1,0.0009825575527884212,54.0,0.01090002479031682,0
3403,2,1,0.01877321225133034,0.0001877321225133034,0.00938660612566517,2,1,2,2,1,0.0009825575528168429,54.0,0.010899966582655907,0
3404,2,1,0.01779065469852688,0.00017790654698526882,0.00889532734926344,2,1,2,2,1,0.0009825575527884212,54.0,0.010699965059757233,0
3405,2,1,0.01698798378570745,0.0001698798378570745,0.008493991892853724,2,1,2,2,2,0.0008026709128330367,54.0,6.70269998954609,204
3406,2,1,0.01620531287288801,0.00016205312872888012,0.008102656436444006,2,1,2,2,1,0.0007826709128266884,54.0,0.008600007276982069,0
3407,2,1,0.015422641960068578,0.00015422641960068578,0.007711320980034289,2,1,2,2,1,0.0007826709128124776,54.0,0.009300012607127428,0
3408,2,1,0.014639971047249142,0.00014639971047249143,0.007319985523624571,2,1,2,2,1,0.0007826709128266884,54.0,0.008000002708286047,0
3409,2,1,0.013857300134429706,0.00013857300134429706,0.006928650067214853,2,1,2,2,1,0.0007826709128266884,54.0,0.006199989002197981,0
3410,2,1,0.013054629221610272,0.0001305462922161027,0.006527314610805136,2,1,2,2,2,0.0008026709128330367,54.0,8.494300011079758,204
3411,2,1,0.012271958308790836,0.00012271958308790836,0.006135979154395418,2,1,2,2,1,0.0007826709127982667,54.0,0.012399978004395962,0
3412,2,1,0.0114892873959714,0.000114892873959714,0.0057446436979857,2,1,2,2,1,0.0007826709128124776,54.0,0.010000017937272787,0
3413,2,1,0.010706616483151965,0.00010706616483151964,0.0053533082415759825,2,1,2,2,1,0.0007826709128266884,54.0,0.009599956683814526,0
3414,2,1,0.00992394557033253,9.92394557033253e-05,0.004961972785166265,2,1,2,2,1,0.0007826709128266884,54.0,0.010300020221620798,0
3415,2,1,0.008921388017529073,8.921388017529073e-05,0.004460694008764536,2,1,2,2,2,0.0010025575527947694,54.0,8.424600004218519,204
3416,2,1,0.007938830464725615,7.938830464725615e-05,0.003969415232362807,2,1,2,2,1,0.0009825575528168429,54.0,0.011000025551766157,0
3417,2,1,0.006956272911922157,6.956272911922156e-05,0.0034781364559610785,2,1,2,2,1,0.0009825575528168429,54.0,0.016900012269616127,0
3418,2,1,0.0059737153591186976,5.973715359118698e-05,0.0029868576795593488,2,1,2,2,1,0.0009825575527884212,54.0,0.010699965059757233,0
3419,2,1,0.00499115780631524,4.9911578063152396e-05,0.00249557890315762,2,1,2,2,1,0.000982557552802632,54.0,0.007599999662488699,0
3420,2,1,0.004188486893495803,4.188486893495803e-05,0.0020942434467479017,2,1,2,2,2,0.0008026709128188259,54.0,10.345300019253045,204
3421,2,1,0.0034058159806763673,3.405815980676367e-05,0.0017029079903381837,2,1,2,2,1,0.0007826709128124776,54.0,0.01260003773495555,0
3422,2,1,0.0026231450678569313,2.6231450678569313e-05,0.0013115725339284657,2,1,2,2,1,0.0007826709128124776,54.0,0.014399993233382702,0
3423,2,1,0.0018404741550374951,1.840474155037495e-05,0.0009202370775187476,2,1,2,2,1,0.0007826709128408993,54.0,0.01190003240481019,0
3424,2,1,0.0010578032422180592,1.0578032422180591e-05,0.0005289016211090296,2,1,2,2,1,0.0007826709127982667,54.0,0.009500014130026102,0
3425,1,1,0.0005989064956860683,5.989064956860683e-06,0.0005989064956860683,2,1,2,1,2,0.0004588967465508631,54.0,8.895899984054267,204
3426,1,1,0.0003569844412321538,3.5698444123215382e-06,0.0003569844412321538,1,1,1,1,0,0.00024192205444251158,34.0,0.01179997343569994,0
3427,1,1,0.0001150623867782393,1.150623867782393e-06,0.0001150623867782393,1,1,1,1,0,0.0002419220544709333,34.0,0.009300012607127428,0
3428,0,1,0.0,0.0,0.0,1,0,1,0,0,0.00011506238678293812,0.0,0.009000010322779417,0
