round,alive_nodes,num_ch,total_residual_energy,mean_residual_energy_all,mean_residual_energy_alive,packets_sent,packets_received_bs,readings_attempted,readings_delivered,control_packets,energy_consumed_round,mean_latency_ms,setup_time_ms,ops_count
0,100,5,99.94422645518574,0.9994422645518575,0.9994422645518575,100,5,100,99,4,0.055773544814271825,414.0,141.9476000010036,13175
1,100,5,99.88945291037146,0.9988945291037146,0.9988945291037146,100,5,100,99,3,0.0547735448142717,414.0,0.1303000026382506,0
2,100,5,99.83467936555721,0.9983467936555721,0.9983467936555721,100,5,100,99,3,0.05477354481427173,414.0,0.10699999984353781,0
3,100,5,99.77990582074295,0.9977990582074295,0.9977990582074295,100,5,100,99,3,0.054773544814272074,414.0,0.10480001219548285,0
4,100,5,99.72513227592869,0.9972513227592869,0.9972513227592869,100,5,100,99,3,0.05477354481427241,414.0,0.10320000001229346,0
5,100,5,99.66946952620263,0.9966946952620264,0.9966946952620264,100,5,100,98,5,0.055662749726046845,414.0,150.09320000535809,13175
6,100,5,99.61419879747997,0.9961419879747997,0.9961419879747997,100,5,100,98,4,0.05527072872268285,414.0,0.12519999290816486,0
7,100,5,99.55834008976066,0.9955834008976067,0.9955834008976067,100,5,100,97,4,0.05585870771931856,414.0,0.1066999975591898,0
8,100,5,99.50248138204135,0.9950248138204135,0.9950248138204135,100,5,100,97,4,0.055858707719318446,414.0,0.09950000094249845,0
9,100,5,99.44662267432201,0.9944662267432202,0.9944662267432202,100,5,100,97,4,0.05585870771931856,414.0,0.10289999772794545,0
10,100,5,99.38934731118688,0.9938934731118688,0.9938934731118688,100,5,100,99,4,0.05727536313515502,414.0,159.53639999497682,13175
11,100,5,99.33457376637261,0.9933457376637261,0.9933457376637261,100,5,100,99,3,0.0547735448142721,414.0,0.10259999544359744,0
12,100,5,99.27980022155838,0.9927980022155838,0.9927980022155838,100,5,100,99,3,0.0547735448142721,414.0,0.10110001312568784,0
13,100,5,99.22422388937488,0.9922422388937489,0.9922422388937489,100,5,100,99,3,0.05557633218348945,414.0,0.10219999239780009,0
14,100,5,99.16945034456059,0.9916945034456058,0.9916945034456058,100,5,100,99,3,0.05477354481426944,414.0,0.1078000059351325,0
15,100,5,99.11353051458943,0.9911353051458943,0.9911353051458943,100,5,100,98,5,0.055919829971173174,414.0,155.5940000107512,13175
16,100,5,99.05861068461829,0.9905861068461829,0.9905861068461829,100,5,100,98,4,0.054919829971173284,414.0,0.08480000542476773,0
17,100,5,99.00369085464708,0.9900369085464708,0.9900369085464708,100,5,100,98,4,0.05491982997117262,414.0,0.10379997547715902,0
18,100,5,98.94877102467592,0.9894877102467592,0.9894877102467592,100,5,100,98,4,0.05491982997117262,414.0,0.10159998782910407,0
19,100,5,98.89385119470478,0.9889385119470478,0.9889385119470478,100,5,100,98,4,0.05491982997117262,414.0,0.10229999315924942,0
20,100,5,98.83709925292153,0.9883709925292153,0.9883709925292153,100,5,100,98,5,0.05675194178324494,414.0,153.93719999701716,13175
21,100,5,98.7813673111383,0.987813673111383,0.987813673111383,100,5,100,97,4,0.055731941783244476,414.0,0.10579999070614576,0
22,100,5,98.72563536935506,0.9872563536935506,0.9872563536935506,100,5,100,97,4,0.05573194178324492,414.0,0.15589999384246767,0
23,100,5,98.66990342757181,0.9866990342757181,0.9866990342757181,100,5,100,97,4,0.0557319417832447,414.0,0.08629998774267733,0
24,100,5,98.61417148578857,0.9861417148578857,0.9861417148578857,100,5,100,97,4,0.0557319417832447,414.0,0.1044000091496855,0
25,100,5,98.5586131581556,0.985586131581556,0.985586131581556,100,5,100,99,6,0.055558327632999394,414.0,156.56820000731386,13175
26,100,5,98.50405483052259,0.9850405483052259,0.9850405483052259,100,5,100,99,5,0.054558327632999726,414.0,0.10390000534243882,0
27,100,5,98.44949650288959,0.9844949650288959,0.9844949650288959,100,5,100,99,5,0.05455832763299995,414.0,0.10439998004585505,0
28,100,5,98.39627876882244,0.9839627876882244,0.9839627876882244,100,5,100,100,5,0.053217734067141365,414.0,0.10039997869171202,0
29,100,5,98.34172044118944,0.9834172044118944,0.9834172044118944,100,5,100,99,5,0.05455832763300017,414.0,0.10270002530887723,0
30,100,5,98.28421404089534,0.9828421404089533,0.9828421404089533,100,5,100,98,6,0.05750640029413501,414.0,153.21920000133105,13175
31,100,5,98.22770764060122,0.9822770764060123,0.9822770764060123,100,5,100,98,5,0.05650640029413512,414.0,0.1044000091496855,0
32,100,5,98.17120124030708,0.9817120124030708,0.9817120124030708,100,5,100,98,5,0.056506400294134895,414.0,0.1078000059351325,0
33,100,5,98.11469484001294,0.9811469484001294,0.9811469484001294,100,5,100,98,5,0.05650640029413578,414.0,0.10350000229664147,0
34,100,5,98.05818843971882,0.9805818843971882,0.9805818843971882,100,5,100,98,5,0.05650640029413534,414.0,0.10930001735687256,0
35,100,5,98.00418156216533,0.9800418156216533,0.9800418156216533,100,5,100,99,5,0.054006877553500754,414.0,155.9107000066433,13175
36,100,5,97.95117468461181,0.9795117468461182,0.9795117468461182,100,5,100,99,4,0.053006877553499976,414.0,0.10810000821948051,0
37,100,5,97.89816780705833,0.9789816780705833,0.9789816780705833,100,5,100,99,4,0.05300687755350042,414.0,0.10350000229664147,0
38,100,5,97.84516092950483,0.9784516092950483,0.9784516092950483,100,5,100,99,4,0.05300687755350042,414.0,0.10380000458098948,0
39,100,5,97.79215405195134,0.9779215405195134,0.9779215405195134,100,5,100,99,4,0.05300687755350042,414.0,0.10419997852295637,0
40,100,5,97.7386066699388,0.977386066699388,0.977386066699388,100,5,100,100,6,0.05354738201252962,414.0,155.67410000949167,13175
41,100,5,97.68605928792627,0.9768605928792627,0.9768605928792627,100,5,100,100,5,0.05254738201252929,414.0,0.14289998216554523,0
42,100,5,97.63290091242041,0.9763290091242041,0.9763290091242041,100,5,100,100,5,0.05315837550586977,414.0,0.12020001304335892,0
43,100,5,97.57955074303868,0.9757955074303868,0.9757955074303868,100,5,100,100,5,0.053350169381748636,414.0,0.12769998284056783,0
44,100,5,97.52700336102615,0.9752700336102614,0.9752700336102614,100,5,100,100,5,0.05254738201252929,414.0,0.10490001295693219,0
45,100,5,97.47348533746845,0.9747348533746845,0.9747348533746845,100,5,100,99,5,0.053518023557712624,414.0,155.85439998540096,13175
46,100,5,97.42096731391074,0.9742096731391073,0.9742096731391073,100,5,100,99,4,0.05251802355771096,414.0,0.10090001160278916,0
47,100,5,97.36844929035304,0.9736844929035304,0.9736844929035304,100,5,100,99,4,0.052518023557711846,414.0,0.11870000162161887,0
48,100,5,97.31593126679532,0.9731593126679532,0.9731593126679532,100,5,100,99,4,0.0525180235577114,414.0,0.10230002226307988,0
49,100,5,97.26341324323761,0.9726341324323761,0.9726341324323761,100,5,100,99,4,0.05251802355771229,414.0,0.10379997547715902,0
50,100,5,97.2117963737369,0.972117963737369,0.972117963737369,100,5,100,100,5,0.05161686950072042,414.0,156.5550999948755,13175
51,100,5,97.16117950423619,0.9716117950423618,0.9716117950423618,100,5,100,100,4,0.050616869500720085,414.0,0.10679999832063913,0
52,100,5,97.11056263473547,0.9711056263473548,0.9711056263473548,100,5,100,100,4,0.050616869500720085,414.0,0.10430000838823617,0
53,100,5,97.05994576523476,0.9705994576523476,0.9705994576523476,100,5,100,100,4,0.050616869500720085,414.0,0.10449998080730438,0
54,100,5,97.00932889573404,0.9700932889573405,0.9700932889573405,100,5,100,100,4,0.05061686950071875,414.0,0.10659999679774046,0
55,100,5,96.95182249543993,0.9695182249543993,0.9695182249543993,100,5,100,98,6,0.057506400294134785,414.0,154.9890000023879,13175
56,100,5,96.89531609514579,0.9689531609514579,0.9689531609514579,100,5,100,98,5,0.056506400294134895,414.0,0.10560001828707755,0
57,100,5,96.83880969485168,0.9683880969485168,0.9683880969485168,100,5,100,98,5,0.05650640029413445,414.0,0.10159998782910407,0
58,100,5,96.78230329455752,0.9678230329455753,0.9678230329455753,100,5,100,98,5,0.056506400294134895,414.0,0.10569998994469643,0
59,100,5,96.7257968942634,0.9672579689426339,0.9672579689426339,100,5,100,98,5,0.056506400294134895,414.0,0.10389997623860836,0
60,100,5,96.66935897626699,0.96669358976267,0.96669358976267,100,5,100,98,5,0.05643791799640763,414.0,161.44850000273436,13175
61,100,5,96.61452903726725,0.9661452903726725,0.9661452903726725,100,5,100,98,4,0.0548299389997724,414.0,0.10189999011345208,0
62,100,5,96.5584831402742,0.9655848314027421,0.9655848314027421,100,5,100,98,4,0.056045896993043964,414.0,0.10350000229664147,0
63,100,5,96.50304522227778,0.9650304522227777,0.9650304522227777,100,5,100,98,4,0.055437917996408625,414.0,0.1753999968059361,0
64,100,5,96.44955587684386,0.9644955587684386,0.9644955587684386,100,5,100,99,4,0.05348934543391337,414.0,0.09929999941959977,0
65,100,5,96.39211896097908,0.9639211896097908,0.9639211896097908,100,5,100,98,5,0.05743691586480626,414.0,170.4615000053309,13175
66,100,5,96.33568204511428,0.9633568204511428,0.9633568204511428,100,5,100,98,4,0.056436915864810366,414.0,0.10510001447983086,0
67,100,5,96.27924512924949,0.9627924512924949,0.9627924512924949,100,5,100,98,4,0.05643691586480948,414.0,0.1058999914675951,0
68,100,5,96.22280821338468,0.9622280821338468,0.9622280821338468,100,5,100,98,4,0.056436915864810366,414.0,0.1010000123642385,0
69,100,5,96.16567226656821,0.961656722665682,0.961656722665682,100,5,100,98,4,0.05713594681647294,414.0,0.10269999620504677,0
70,100,5,96.11230180413258,0.9611230180413258,0.9611230180413258,100,5,100,100,6,0.053370462435648136,414.0,153.17239999421872,13175
71,100,5,96.05993134169695,0.9605993134169695,0.9605993134169695,100,5,100,100,5,0.0523704624356478,414.0,0.10390000534243882,0
72,100,5,96.00756087926128,0.9600756087926128,0.9600756087926128,100,5,100,100,5,0.05237046243564869,414.0,0.08359999628737569,0
73,100,5,95.95519041682563,0.9595519041682563,0.9595519041682563,100,5,100,100,5,0.05237046243564736,414.0,0.10450000991113484,0
74,100,5,95.90281995438998,0.9590281995438998,0.9590281995438998,100,5,100,100,5,0.05237046243564869,414.0,0.10140001541003585,0
75,100,5,95.85098523268856,0.9585098523268856,0.9585098523268856,100,5,100,100,6,0.05183472170145187,414.0,154.3435999774374,13175
76,100,5,95.8001505109871,0.9580015051098709,0.9580015051098709,100,5,100,100,5,0.050834721701451535,414.0,0.10040000779554248,0
77,100,5,95.74931578928565,0.9574931578928565,0.9574931578928565,100,5,100,100,5,0.050834721701451535,414.0,0.10760000441223383,0
78,100,5,95.6984810675842,0.956984810675842,0.956984810675842,100,5,100,100,5,0.050834721701451535,414.0,0.10730000212788582,0
79,100,5,95.64764634588275,0.9564764634588275,0.9564764634588275,100,5,100,100,5,0.050834721701451535,414.0,0.10120001388713717,0
80,100,5,95.59011994558863,0.9559011994558863,0.9559011994558863,100,5,100,99,6,0.05752640029413314,414.0,155.3315999917686,13175
81,100,5,95.5336135452945,0.955336135452945,0.955336135452945,100,5,100,98,5,0.05650640029413179,414.0,0.10639999527484179,0
82,100,5,95.47710714500036,0.9547710714500036,0.9547710714500036,100,5,100,98,5,0.05650640029413179,414.0,0.10219999239780009,0
83,100,5,95.42060074470622,0.9542060074470622,0.9542060074470622,100,5,100,98,5,0.05650640029413445,414.0,0.10320000001229346,0
84,100,5,95.3640943444121,0.953640943444121,0.953640943444121,100,5,100,98,5,0.056506400294132675,414.0,0.10229999315924942,0
85,100,5,95.31155261719479,0.953115526171948,0.953115526171948,100,5,100,100,5,0.052541727217316314,414.0,157.3093000042718,13175
86,100,5,95.26001088997748,0.9526001088997748,0.9526001088997748,100,5,100,100,4,0.051541727217318645,414.0,0.146100006531924,0
87,100,5,95.20846916276015,0.9520846916276016,0.9520846916276016,100,5,100,100,4,0.051541727217317757,414.0,0.10030000703409314,0
88,100,5,95.15692743554283,0.9515692743554283,0.9515692743554283,100,5,100,100,4,0.051541727217317757,414.0,0.09659997886046767,0
89,100,5,95.10538570832553,0.9510538570832553,0.9510538570832553,100,5,100,100,4,0.051541727217317757,414.0,0.10359997395426035,0
90,100,5,95.0512045350118,0.950512045350118,0.950512045350118,100,5,100,99,5,0.054181173313724074,414.0,152.53890000167303,13175
91,100,5,94.9980233616981,0.949980233616981,0.949980233616981,100,5,100,99,4,0.053181173313725516,414.0,0.10289999772794545,0
92,100,5,94.94484218838436,0.9494484218838436,0.9494484218838436,100,5,100,99,4,0.053181173313725516,414.0,0.09900002623908222,0
93,100,5,94.89166101507067,0.9489166101507067,0.9489166101507067,100,5,100,99,4,0.05318117331372463,414.0,0.09779998799785972,0
94,100,5,94.837306117384,0.94837306117384,0.94837306117384,100,5,100,99,4,0.054354897686658354,414.0,0.10050000855699182,0
95,100,5,94.78468464847819,0.9478468464847819,0.9478468464847819,100,5,100,99,5,0.052621468905808655,414.0,152.437499986263,13175
96,100,5,94.7330631795724,0.947330631795724,0.947330631795724,100,5,100,99,4,0.05162146890580921,414.0,0.09750001481734216,0
97,100,5,94.68144171066659,0.9468144171066659,0.9468144171066659,100,5,100,99,4,0.05162146890580921,414.0,0.10219999239780009,0
98,100,5,94.62982024176077,0.9462982024176076,0.9462982024176076,100,5,100,99,4,0.05162146890580921,414.0,0.10259999544359744,0
99,100,5,94.57819877285496,0.9457819877285496,0.9457819877285496,100,5,100,99,4,0.05162146890580921,414.0,0.12089998926967382,0
100,100,5,94.52537905958415,0.9452537905958416,0.9452537905958416,100,5,100,100,6,0.052819713270837454,414.0,158.76310001476668,13175
101,100,5,94.47355934631328,0.9447355934631329,0.9447355934631329,100,5,100,100,5,0.05181971327083623,414.0,0.1044000091496855,0
102,100,5,94.42173963304249,0.9442173963304249,0.9442173963304249,100,5,100,100,5,0.05181971327083712,414.0,0.09940000018104911,0
103,100,5,94.36991991977163,0.9436991991977163,0.9436991991977163,100,5,100,100,5,0.05181971327083623,414.0,0.09009998757392168,0
104,100,5,94.31810020650082,0.9431810020650082,0.9431810020650082,100,5,100,100,5,0.05181971327083712,414.0,0.0847000046633184,0
105,100,5,94.26336872716577,0.9426336872716576,0.9426336872716576,100,5,100,99,6,0.05473147933502087,414.0,160.53339999052696,13175
106,100,5,94.20963724783077,0.9420963724783077,0.9420963724783077,100,5,100,99,5,0.053731479335022314,414.0,0.10370000381954014,0
107,100,5,94.15590576849574,0.9415590576849574,0.9415590576849574,100,5,100,99,5,0.05373147933502409,414.0,0.10579999070614576,0
108,100,5,94.10217428916073,0.9410217428916073,0.9410217428916073,100,5,100,99,5,0.0537314793350232,414.0,0.09859999408945441,0
109,100,5,94.04844280982572,0.9404844280982572,0.9404844280982572,100,5,100,99,5,0.0537314793350232,414.0,0.10289999772794545,0
110,100,5,93.99834899829142,0.9399834899829141,0.9399834899829141,100,5,100,100,6,0.050093811534323684,414.0,160.11470000375994,13175
111,100,5,93.9492551867571,0.939492551867571,0.939492551867571,100,5,100,100,5,0.04909381153432246,414.0,0.09940000018104911,0
112,100,5,93.90016137522278,0.9390016137522278,0.9390016137522278,100,5,100,100,5,0.049093811534320686,414.0,0.2518999972380698,0
113,100,5,93.85106756368843,0.9385106756368843,0.9385106756368843,100,5,100,100,5,0.04909381153432335,414.0,0.10510001447983086,0
114,100,5,93.80197375215411,0.9380197375215411,0.9380197375215411,100,5,100,100,5,0.04909381153432246,414.0,0.09970000246539712,0
115,100,5,93.74633477481498,0.9374633477481499,0.9374633477481499,100,5,100,98,6,0.05563897733916434,414.0,158.12440001172945,13175
116,100,5,93.69169579747582,0.9369169579747582,0.9369169579747582,100,5,100,98,5,0.05463897733916134,414.0,0.1033000007737428,0
117,100,5,93.63705682013665,0.9363705682013665,0.9363705682013665,100,5,100,98,5,0.05463897733916401,414.0,0.8815999899525195,0
118,100,5,93.58241784279748,0.9358241784279748,0.9358241784279748,100,5,100,98,5,0.05463897733916134,414.0,0.09739998495206237,0
119,100,5,93.52777886545833,0.9352777886545833,0.9352777886545833,100,5,100,98,5,0.05463897733916312,414.0,0.09999997564591467,0
120,100,5,93.47357856720885,0.9347357856720885,0.9347357856720885,100,5,100,99,6,0.05420029824950223,414.0,163.82309998152778,13175
121,100,5,93.42037826895934,0.9342037826895934,0.9342037826895934,100,5,100,99,5,0.053200298249502787,414.0,0.1036000030580908,0
122,100,5,93.36717797070985,0.9336717797070985,0.9336717797070985,100,5,100,99,5,0.05320029824950101,414.0,0.10289999772794545,0
123,100,5,93.31397767246035,0.9331397767246036,0.9331397767246036,100,5,100,99,5,0.05320029824950101,414.0,0.10539998766034842,0
124,100,5,93.26077737421086,0.9326077737421086,0.9326077737421086,100,5,100,99,5,0.053200298249502787,414.0,0.10120001388713717,0
125,100,5,93.21098403733644,0.9321098403733644,0.9321098403733644,100,5,100,100,6,0.049793336874413896,414.0,160.95730001688935,13175
126,100,5,93.1628158009449,0.931628158009449,0.931628158009449,100,5,100,100,5,0.04816823639156631,414.0,0.09980000322684646,0
127,100,5,93.11464756455334,0.9311464756455333,0.9311464756455333,100,5,100,100,5,0.04816823639156809,414.0,0.10199999087490141,0
128,100,5,93.06647932816178,0.9306647932816178,0.9306647932816178,100,5,100,100,5,0.04816823639156809,414.0,0.10090001160278916,0
129,100,5,93.0183110917702,0.930183110917702,0.930183110917702,100,5,100,100,5,0.04816823639156631,414.0,0.10609999299049377,0
130,100,5,92.96156013233589,0.9296156013233589,0.9296156013233589,100,5,100,97,5,0.056750959434339165,414.0,156.85769999981858,13175
131,100,5,92.90580917290154,0.9290580917290154,0.9290580917290154,100,5,100,97,4,0.05575095943433972,414.0,0.10549998842179775,0
132,100,5,92.85005821346722,0.9285005821346722,0.9285005821346722,100,5,100,97,4,0.05575095943433794,414.0,0.828799995360896,0
133,100,5,92.79430725403289,0.9279430725403288,0.9279430725403288,100,5,100,97,4,0.05575095943433794,414.0,0.1066999975591898,0
134,100,5,92.73855629459855,0.9273855629459855,0.9273855629459855,100,5,100,97,4,0.05575095943433972,414.0,0.10269999620504677,0
135,100,5,92.686113948936,0.92686113948936,0.92686113948936,100,5,100,100,6,0.05244234566256267,414.0,159.86799998790957,13175
136,100,5,92.63467160327346,0.9263467160327346,0.9263467160327346,100,5,100,100,5,0.05144234566256234,414.0,0.10770000517368317,0
137,100,5,92.58322925761091,0.9258322925761091,0.9258322925761091,100,5,100,100,5,0.05144234566256234,414.0,0.09960000170394778,0
138,100,5,92.53178691194836,0.9253178691194835,0.9253178691194835,100,5,100,100,5,0.05144234566256323,414.0,0.11550000635907054,0
139,100,5,92.48034456628581,0.9248034456628581,0.9248034456628581,100,5,100,100,5,0.05144234566256145,414.0,0.10710000060498714,0
140,100,5,92.43161852553861,0.9243161852553861,0.9243161852553861,100,5,100,100,6,0.04872604074722986,414.0,160.9920999908354,13175
141,100,5,92.38389248479137,0.9238389248479137,0.9238389248479137,100,5,100,100,5,0.04772604074722686,414.0,0.10909998673014343,0
142,100,5,92.33616644404414,0.9233616644404414,0.9233616644404414,100,5,100,100,5,0.04772604074722775,414.0,0.10659999679774046,0
143,100,5,92.2884404032969,0.922884404032969,0.922884404032969,100,5,100,100,5,0.04772604074722686,414.0,0.10340000153519213,0
144,100,5,92.2407143625497,0.9224071436254969,0.9224071436254969,100,5,100,100,5,0.04772604074722864,414.0,0.10239999392069876,0
145,100,5,92.18877529399485,0.9218877529399485,0.9218877529399485,100,5,100,100,6,0.05193906855486485,414.0,159.6719000081066,13175
146,100,5,92.13783622543998,0.9213783622543998,0.9213783622543998,100,5,100,100,5,0.05093906855486541,414.0,0.09079999290406704,0
147,100,5,92.08689715688513,0.9208689715688513,0.9208689715688513,100,5,100,100,5,0.05093906855486452,414.0,0.08460000390186906,0
148,100,5,92.03595808833025,0.9203595808833025,0.9203595808833025,100,5,100,100,5,0.050939068554866296,414.0,0.10259999544359744,0
149,100,5,91.9850190197754,0.9198501901977539,0.9198501901977539,100,5,100,100,5,0.05093906855486363,414.0,0.10879998444579542,0
150,100,5,91.93672035170815,0.9193672035170815,0.9193672035170815,100,5,100,100,6,0.04829866806723615,414.0,161.2913999997545,13175
151,100,5,91.88942168364093,0.9188942168364094,0.9188942168364094,100,5,100,100,5,0.04729866806723493,414.0,0.10050000855699182,0
152,100,5,91.84212301557369,0.918421230155737,0.918421230155737,100,5,100,100,5,0.04729866806723493,414.0,0.10400000610388815,0
153,100,5,91.79482434750646,0.9179482434750647,0.9179482434750647,100,5,100,100,5,0.04729866806723493,414.0,0.08569998317398131,0
154,100,5,91.74752567943922,0.9174752567943922,0.9174752567943922,100,5,100,100,5,0.04729866806723493,414.0,0.0999000039882958,0
155,100,5,91.69391648581538,0.9169391648581537,0.9169391648581537,100,5,100,100,6,0.05360919362385097,414.0,159.22040000441484,13175
156,100,5,91.64130729219156,0.9164130729219155,0.9164130729219155,100,5,100,100,5,0.05260919362384975,414.0,0.14220000593923032,0
157,100,5,91.58806074028266,0.9158806074028266,0.9158806074028266,100,5,100,100,5,0.05324655190890759,414.0,0.08709999383427203,0
158,100,5,91.5354515466588,0.9153545154665881,0.9153545154665881,100,5,100,100,5,0.052609193623851525,414.0,0.1052000152412802,0
159,100,5,91.4822049947499,0.914822049947499,0.914822049947499,100,5,100,100,5,0.053246551908905815,414.0,0.10659999679774046,0
160,100,5,91.43126100798982,0.9143126100798982,0.9143126100798982,100,5,100,100,5,0.05094398676009426,414.0,165.83189999801107,13175
161,100,5,91.3813170212297,0.913813170212297,0.913813170212297,100,5,100,100,4,0.049943986760091263,414.0,0.10320000001229346,0
162,100,5,91.33137303446966,0.9133137303446967,0.9133137303446967,100,5,100,100,4,0.049943986760091263,414.0,0.1036000030580908,0
163,100,5,91.28142904770954,0.9128142904770954,0.9128142904770954,100,5,100,100,4,0.04994398676009304,414.0,0.10070001007989049,0
164,100,5,91.23148506094947,0.9123148506094947,0.9123148506094947,100,5,100,100,4,0.04994398676009304,414.0,0.10129998554475605,0
165,100,5,91.18352218582511,0.9118352218582512,0.9118352218582512,100,5,100,100,6,0.047962875124374804,414.0,162.0722000079695,13175
166,100,5,91.13655931070076,0.9113655931070076,0.9113655931070076,100,5,100,100,5,0.04696287512437358,414.0,0.1078000059351325,0
167,100,5,91.08959643557637,0.9108959643557637,0.9108959643557637,100,5,100,100,5,0.046962875124377135,414.0,0.1438999897800386,0
168,100,5,91.04263356045202,0.9104263356045201,0.9104263356045201,100,5,100,100,5,0.04696287512437358,414.0,0.09929999941959977,0
169,100,5,90.99567068532765,0.9099567068532766,0.9099567068532766,100,5,100,100,5,0.04696287512437358,414.0,0.10480001219548285,0
170,100,5,90.94310903811014,0.9094310903811014,0.9094310903811014,100,5,100,100,6,0.05256164721750345,414.0,160.94490000978112,13175
171,100,5,90.89154739089263,0.9089154739089262,0.9089154739089262,100,5,100,100,5,0.05156164721750578,414.0,0.1008999824989587,0
172,100,5,90.83918295630593,0.9083918295630593,0.9083918295630593,100,5,100,100,5,0.05236443458672113,414.0,0.10239999392069876,0
173,100,5,90.7868185217192,0.9078681852171919,0.9078681852171919,100,5,100,100,5,0.052364434586724684,414.0,0.10179998935200274,0
174,100,5,90.7352568745017,0.907352568745017,0.907352568745017,100,5,100,100,5,0.05156164721750223,414.0,0.10540001676417887,0
175,100,5,90.6874516104682,0.9068745161046821,0.9068745161046821,100,5,100,100,6,0.04780526403351715,414.0,160.22560000419617,13175
176,100,5,90.64064634643469,0.906406463464347,0.906406463464347,100,5,100,100,5,0.046805264033521254,414.0,0.09869999485090375,0
177,100,5,90.59384108240117,0.9059384108240117,0.9059384108240117,100,5,100,100,5,0.04680526403351415,414.0,0.10069998097606003,0
178,100,5,90.54703581836766,0.9054703581836766,0.9054703581836766,100,5,100,100,5,0.0468052640335177,414.0,0.10229999315924942,0
179,100,5,90.50023055433415,0.9050023055433415,0.9050023055433415,100,5,100,100,5,0.04680526403351948,414.0,0.1066999975591898,0
180,100,5,90.45213656844449,0.9045213656844449,0.9045213656844449,100,5,100,100,6,0.04809398588967184,414.0,162.5787999946624,13175
181,100,5,90.40504258255481,0.9040504258255482,0.9040504258255482,100,5,100,100,5,0.04709398588967062,414.0,0.1145999995060265,0
182,100,5,90.35794859666515,0.9035794859666515,0.9035794859666515,100,5,100,100,5,0.04709398588967062,414.0,0.08420000085607171,0
183,100,5,90.3108546107755,0.9031085461077549,0.9031085461077549,100,5,100,100,5,0.04709398588967062,414.0,0.08000002708286047,0
184,100,5,90.26376062488583,0.9026376062488584,0.9026376062488584,100,5,100,100,5,0.04709398588967062,414.0,0.1058999914675951,0
185,100,5,90.21588381055636,0.9021588381055636,0.9021588381055636,100,5,100,100,6,0.04787681432945767,414.0,158.57830000459217,13175
186,100,5,90.16900699622694,0.9016900699622694,0.9016900699622694,100,5,100,100,5,0.04687681432945823,414.0,0.1044000091496855,0
187,100,5,90.12213018189746,0.9012213018189746,0.9012213018189746,100,5,100,100,5,0.04687681432945823,414.0,0.1066999975591898,0
188,100,5,90.07525336756801,0.9007525336756801,0.9007525336756801,100,5,100,100,5,0.04687681432945823,414.0,0.10550001752562821,0
189,100,5,90.02837655323854,0.9002837655323854,0.9002837655323854,100,5,100,100,5,0.04687681432945823,414.0,0.23510001483373344,0
190,100,5,89.9802112638142,0.899802112638142,0.899802112638142,100,5,100,100,6,0.04816528942437692,414.0,159.94969999883324,13175
191,100,5,89.93304597438983,0.8993304597438982,0.8993304597438982,100,5,100,100,5,0.04716528942437925,414.0,0.10079998173750937,0
192,100,5,89.88588068496546,0.8988588068496546,0.8988588068496546,100,5,100,100,5,0.04716528942437748,414.0,0.08349999552592635,0
193,100,5,89.83871539554109,0.8983871539554109,0.8983871539554109,100,5,100,100,5,0.0471652894243757,414.0,0.08220001473091543,0
194,100,5,89.7915501061167,0.897915501061167,0.897915501061167,100,5,100,100,5,0.04716528942437748,414.0,0.1700000138953328,0
195,100,5,89.74338965747475,0.8974338965747475,0.8974338965747475,100,5,100,100,6,0.04816044864197444,414.0,161.7547000059858,13175
196,100,5,89.69622920883278,0.8969622920883278,0.8969622920883278,100,5,100,100,5,0.04716044864197322,414.0,0.09879999561235309,0
197,100,5,89.64839971486415,0.8964839971486416,0.8964839971486416,100,5,100,100,5,0.04782949396863678,414.0,0.09899999713525176,0
198,100,5,89.6012392662222,0.896012392662222,0.896012392662222,100,5,100,100,5,0.047160448641969666,414.0,0.10019997716881335,0
199,100,5,89.55340977225356,0.8955340977225356,0.8955340977225356,100,5,100,100,5,0.047829493968640335,414.0,0.10629999451339245,0
200,100,5,89.50543537312025,0.8950543537312025,0.8950543537312025,100,5,100,100,6,0.047974399133329015,414.0,159.38589998404495,13175
201,100,5,89.45846097398692,0.8945846097398692,0.8945846097398692,100,5,100,100,5,0.04697439913332424,414.0,0.1005999802146107,0
202,100,5,89.41148657485361,0.8941148657485362,0.8941148657485362,100,5,100,100,5,0.04697439913332602,414.0,0.10390000534243882,0
203,100,5,89.3645121757203,0.8936451217572029,0.8936451217572029,100,5,100,100,5,0.04697439913332779,414.0,0.10309999925084412,0
204,100,5,89.31753777658696,0.8931753777658696,0.8931753777658696,100,5,100,100,5,0.04697439913332602,414.0,0.10109998402185738,0
205,100,5,89.26917288394365,0.8926917288394365,0.8926917288394365,100,5,100,100,6,0.0483648926433311,414.0,156.91329998662695,13175
206,100,5,89.22180799130031,0.8922180799130031,0.8922180799130031,100,5,100,100,5,0.04736489264332988,414.0,0.10279999696649611,0
207,100,5,89.17444309865697,0.8917444309865696,0.8917444309865696,100,5,100,100,5,0.047364892643333434,414.0,0.10090001160278916,0
208,100,5,89.12707820601365,0.8912707820601365,0.8912707820601365,100,5,100,100,5,0.04736489264333166,414.0,0.11899997480213642,0
209,100,5,89.07971331337035,0.8907971331337035,0.8907971331337035,100,5,100,100,5,0.04736489264333166,414.0,0.10110001312568784,0
210,100,5,89.03226807012481,0.8903226807012481,0.8903226807012481,100,5,100,100,6,0.04744524324553545,414.0,161.27640000195242,13175
211,100,5,88.98582282687931,0.8898582282687931,0.8898582282687931,100,5,100,100,5,0.0464452432455591,414.0,0.12159999459981918,0
212,100,5,88.93937758363381,0.8893937758363382,0.8893937758363382,100,5,100,100,5,0.04644524324555732,414.0,0.10070001007989049,0
213,100,5,88.89293234038833,0.8889293234038833,0.8889293234038833,100,5,100,100,5,0.0464452432455591,414.0,0.1018000184558332,0
214,100,5,88.84648709714278,0.8884648709714278,0.8884648709714278,100,5,100,100,5,0.046445243245555545,414.0,0.10000000474974513,0
215,100,5,88.79735970978308,0.8879735970978309,0.8879735970978309,100,5,100,100,6,0.04912738735977129,414.0,160.70490001584403,13175
216,100,5,88.74923232242335,0.8874923232242335,0.8874923232242335,100,5,100,100,5,0.04812738735976829,414.0,0.10209999163635075,0
217,100,5,88.70110493506363,0.8870110493506362,0.8870110493506362,100,5,100,100,5,0.04812738735976829,414.0,0.1033000007737428,0
218,100,5,88.65297754770391,0.8865297754770392,0.8865297754770392,100,5,100,100,5,0.048127387359766516,414.0,0.10679999832063913,0
219,100,5,88.6048501603442,0.886048501603442,0.886048501603442,100,5,100,100,5,0.04812738735977007,414.0,0.10269999620504677,0
220,100,5,88.55754174693837,0.8855754174693837,0.8855754174693837,100,5,100,100,6,0.047308413405879435,414.0,164.8189999978058,13175
221,100,5,88.51123333353254,0.8851123333353255,0.8851123333353255,100,5,100,100,5,0.046308413405881765,414.0,0.10000000474974513,0
222,100,5,88.4649249201267,0.8846492492012671,0.8846492492012671,100,5,100,100,5,0.04630841340587999,414.0,0.10109998402185738,0
223,100,5,88.41861650672085,0.8841861650672085,0.8841861650672085,100,5,100,100,5,0.04630841340587999,414.0,0.10679999832063913,0
224,100,5,88.37230809331503,0.8837230809331502,0.8837230809331502,100,5,100,100,5,0.04630841340587821,414.0,0.1018000184558332,0
225,100,5,88.32237038414415,0.8832237038414416,0.8832237038414416,100,4,100,71,6,0.04993770917095475,369.0,163.1716999982018,13175
226,100,5,88.27475978589439,0.8827475978589439,0.8827475978589439,100,5,100,100,5,0.04761059824980407,414.0,0.10480001219548285,0
227,100,5,88.22648563218407,0.8822648563218407,0.8822648563218407,100,5,100,100,5,0.048274153710380574,414.0,0.6519999878946692,0
228,100,5,88.17754792301318,0.8817754792301318,0.8817754792301318,100,4,100,71,5,0.04893770917094997,369.0,0.10309999925084412,0
229,100,5,88.12993732476342,0.8812993732476342,0.8812993732476342,100,5,100,100,5,0.0476105982498094,414.0,0.10459998156875372,0
230,100,5,88.08222458188945,0.8808222458188945,0.8808222458188945,100,5,100,100,6,0.04771274287398697,414.0,161.92049998790026,13175
231,100,5,88.03551183901554,0.8803551183901555,0.8803551183901555,100,5,100,100,5,0.046712742873985746,414.0,0.12079998850822449,0
232,100,5,87.98879909614159,0.8798879909614159,0.8798879909614159,100,5,100,100,5,0.04671274287398752,414.0,0.14780001947656274,0
233,100,5,87.94208635326765,0.8794208635326766,0.8794208635326766,100,5,100,100,5,0.046712742873985746,414.0,0.10480001219548285,0
234,100,5,87.8953736103937,0.878953736103937,0.878953736103937,100,5,100,100,5,0.046712742873985746,414.0,0.08630001684650779,0
235,100,5,87.84796602221559,0.8784796602221558,0.8784796602221558,100,5,100,100,6,0.047407588178179694,414.0,166.61549999844283,13175
236,100,5,87.80155843403746,0.8780155843403746,0.8780155843403746,100,5,100,100,5,0.04640758817817847,414.0,0.11490000179037452,0
237,100,5,87.75515084585932,0.8775515084585932,0.8775515084585932,100,5,100,100,5,0.04640758817817847,414.0,0.10420000762678683,0
238,100,5,87.70874325768119,0.8770874325768119,0.8770874325768119,100,5,100,100,5,0.046407588178176695,414.0,0.10639999527484179,0
239,100,5,87.66233566950307,0.8766233566950307,0.8766233566950307,100,5,100,100,5,0.04640758817817847,414.0,0.089899986051023,0
240,100,5,87.61510047741373,0.8761510047741373,0.8761510047741373,100,5,100,100,6,0.047235192089402744,414.0,163.60339999664575,13175
241,100,5,87.56886528532435,0.8756886528532435,0.8756886528532435,100,5,100,100,5,0.04623519208940152,414.0,0.1060000213328749,0
242,100,5,87.52263009323501,0.8752263009323501,0.8752263009323501,100,5,100,100,5,0.046235192089399746,414.0,0.10309999925084412,0
243,100,5,87.47639490114564,0.8747639490114564,0.8747639490114564,100,5,100,100,5,0.0462351920894033,414.0,0.08510000770911574,0
244,100,5,87.43015970905628,0.8743015970905629,0.8743015970905629,100,5,100,100,5,0.04623519208940152,414.0,0.10689999908208847,0
245,100,5,87.38068531453875,0.8738068531453875,0.8738068531453875,100,5,100,100,6,0.04947439451759905,414.0,163.92089999862947,13175
246,100,5,87.33221092002118,0.8733221092002118,0.8733221092002118,100,5,100,100,5,0.04847439451759428,414.0,0.10179998935200274,0
247,100,5,87.28373652550366,0.8728373652550365,0.8728373652550365,100,5,100,100,5,0.04847439451759605,414.0,0.10790000669658184,0
248,100,5,87.23526213098607,0.8723526213098607,0.8723526213098607,100,5,100,100,5,0.04847439451759783,414.0,0.10720000136643648,0
249,100,5,87.18678773646853,0.8718678773646853,0.8718678773646853,100,5,100,100,5,0.04847439451759783,414.0,0.10559998918324709,0
250,100,5,87.13742644873479,0.8713742644873479,0.8713742644873479,100,4,100,73,6,0.049361287733793446,379.0,162.6739999919664,13175
251,100,5,87.08906516100103,0.8708906516100103,0.8708906516100103,100,4,100,73,5,0.048361287733792224,379.0,0.11020002420991659,0
252,100,5,87.04070387326729,0.8704070387326729,0.8704070387326729,100,4,100,73,5,0.04836128773379045,379.0,0.152299995534122,0
253,100,5,86.99234258553355,0.8699234258553354,0.8699234258553354,100,4,100,73,5,0.048361287733794,379.0,0.08950001210905612,0
254,100,5,86.94398129779981,0.8694398129779981,0.8694398129779981,100,4,100,73,5,0.04836128773379045,379.0,0.1024999946821481,0
255,100,5,86.8941371599285,0.8689413715992851,0.8689413715992851,100,5,100,100,6,0.04984413787134834,414.0,163.5078999970574,13175
256,100,5,86.84529302205719,0.8684529302205719,0.8684529302205719,100,5,100,100,5,0.048844137871347115,414.0,0.10530001600272954,0
257,100,5,86.7964488841859,0.8679644888418591,0.8679644888418591,100,5,100,100,5,0.04884413787134889,414.0,0.10879998444579542,0
258,100,5,86.74760474631462,0.8674760474631462,0.8674760474631462,100,5,100,100,5,0.04884413787134889,414.0,0.10219999239780009,0
259,100,5,86.69876060844331,0.866987606084433,0.866987606084433,100,5,100,100,5,0.048844137871347115,414.0,0.10200001997873187,0
260,100,5,86.65109944891996,0.8665109944891997,0.8665109944891997,100,5,100,100,6,0.04766115952340044,414.0,159.5188000064809,13175
261,100,5,86.6044382893966,0.866044382893966,0.866044382893966,100,5,100,100,5,0.046661159523401,414.0,0.10539998766034842,0
262,100,5,86.55777712987326,0.8655777712987326,0.8655777712987326,100,5,100,100,5,0.04666115952339922,414.0,0.12319997767917812,0
263,100,5,86.5111159703499,0.865111159703499,0.865111159703499,100,5,100,100,5,0.046661159523397444,414.0,0.10419997852295637,0
264,100,5,86.46445481082655,0.8646445481082655,0.8646445481082655,100,5,100,100,5,0.04666115952339922,414.0,0.10109998402185738,0
265,100,5,86.41188243591931,0.8641188243591931,0.8641188243591931,100,5,100,99,4,0.05257237490730127,414.0,169.86009999527596,13175
266,100,5,86.36031006101203,0.8636031006101202,0.8636031006101202,100,5,100,99,3,0.051572374907300045,414.0,0.10390000534243882,0
267,100,5,86.30873768610479,0.8630873768610479,0.8630873768610479,100,5,100,99,3,0.051572374907300045,414.0,0.1092999882530421,0
268,100,5,86.25716531119754,0.8625716531119754,0.8625716531119754,100,5,100,99,3,0.051572374907300045,414.0,0.10619999375194311,0
269,100,5,86.20559293629027,0.8620559293629028,0.8620559293629028,100,5,100,99,3,0.051572374907300045,414.0,0.10580001980997622,0
270,100,5,86.15734852498836,0.8615734852498836,0.8615734852498836,100,5,100,100,6,0.04824441130194401,414.0,163.44740000204183,13175
271,100,5,86.11010411368648,0.8611010411368647,0.8611010411368647,100,5,100,100,5,0.047244411301941014,414.0,0.09029998909682035,0
272,100,5,86.0628597023846,0.860628597023846,0.860628597023846,100,5,100,100,5,0.04724441130194279,414.0,0.10179998935200274,0
273,100,5,86.01561529108271,0.8601561529108271,0.8601561529108271,100,5,100,100,5,0.047244411301941014,414.0,0.10649999603629112,0
274,100,5,85.9683708797808,0.8596837087978081,0.8596837087978081,100,5,100,100,5,0.047244411301941014,414.0,0.10229999315924942,0
275,100,5,85.91929856576301,0.8591929856576301,0.8591929856576301,100,5,100,100,6,0.04907231401782042,414.0,164.02219998417422,13175
276,100,5,85.87122625174526,0.8587122625174526,0.8587122625174526,100,5,100,100,5,0.04807231401782097,414.0,0.10470001143403351,0
277,100,5,85.82315393772748,0.8582315393772748,0.8582315393772748,100,5,100,100,5,0.048072314017819195,414.0,0.10470001143403351,0
278,100,5,85.77508162370971,0.8577508162370971,0.8577508162370971,100,5,100,100,5,0.048072314017819195,414.0,0.11039999662898481,0
279,100,5,85.72700930969191,0.857270093096919,0.857270093096919,100,5,100,100,5,0.04807231401782097,414.0,0.10720000136643648,0
280,100,5,85.67714844493509,0.8567714844493508,0.8567714844493508,100,5,100,100,6,0.04986086475690321,414.0,165.18519999226555,13175
281,100,5,85.63053996286635,0.8563053996286635,0.8563053996286635,100,5,100,100,5,0.046608482068778656,414.0,0.10400000610388815,0
282,100,5,85.58393148079762,0.8558393148079761,0.8558393148079761,100,5,100,100,5,0.046608482068778656,414.0,0.10400000610388815,0
283,100,5,85.53732299872887,0.8553732299872887,0.8553732299872887,100,5,100,100,5,0.0466084820687751,414.0,0.11650001397356391,0
284,100,5,85.49071451666015,0.8549071451666015,0.8549071451666015,100,5,100,100,5,0.04660848206878043,414.0,0.08739999611862004,0
285,100,5,85.4389584164281,0.8543895841642809,0.8543895841642809,100,4,100,58,6,0.051756100232086766,304.0,168.36130002047867,13175
286,100,5,85.39015060929084,0.8539015060929084,0.8539015060929084,100,4,100,58,5,0.048807807137308146,304.0,0.0866000191308558,0
287,100,5,85.33939450905882,0.8533939450905882,0.8533939450905882,100,4,100,58,5,0.05075610023208732,304.0,0.10499998461455107,0
288,100,5,85.29058670192155,0.8529058670192156,0.8529058670192156,100,4,100,58,5,0.04880780713730637,304.0,0.08929998148232698,0
289,100,5,85.2417788947843,0.852417788947843,0.852417788947843,100,4,100,58,5,0.04880780713730282,304.0,0.10320000001229346,0
290,100,5,85.1895967126261,0.851895967126261,0.851895967126261,100,4,100,67,6,0.05218218215827086,354.0,163.87530000065453,13175
291,100,5,85.13841453046787,0.8513841453046787,0.8513841453046787,100,4,100,67,5,0.05118218215826431,354.0,0.20110001787543297,0
292,100,5,85.08723234830967,0.8508723234830967,0.8508723234830967,100,4,100,67,5,0.05118218215826964,354.0,0.08620001608505845,0
293,100,5,85.03605016615144,0.8503605016615144,0.8503605016615144,100,4,100,67,5,0.051182182158267864,354.0,0.10289999772794545,0
294,100,5,84.98486798399324,0.8498486798399324,0.8498486798399324,100,4,100,67,5,0.051182182158267864,354.0,0.10279999696649611,0
295,100,5,84.93727690871198,0.8493727690871198,0.8493727690871198,100,5,100,100,6,0.047591075281303574,414.0,164.17230002116412,13175
296,100,5,84.89068583343072,0.8489068583343072,0.8489068583343072,100,5,100,100,5,0.046591075281300576,414.0,0.08699999307282269,0
297,100,5,84.84409475814945,0.8484409475814946,0.8484409475814946,100,5,100,100,5,0.04659107528130413,414.0,0.10619999375194311,0
298,100,5,84.7975036828682,0.8479750368286819,0.8479750368286819,100,5,100,100,5,0.046591075281300576,414.0,0.11219998123124242,0
299,100,5,84.75091260758693,0.8475091260758693,0.8475091260758693,100,5,100,100,5,0.04659107528130235,414.0,0.10429997928440571,0
300,100,5,84.70192142922704,0.8470192142922705,0.8470192142922705,100,5,100,100,6,0.048991178359951704,414.0,177.09500002092682,13175
301,100,5,84.65393025086715,0.8465393025086715,0.8465393025086715,100,5,100,100,5,0.04799117835995048,414.0,0.10449998080730438,0
302,100,5,84.60593907250725,0.8460593907250725,0.8460593907250725,100,5,100,100,5,0.04799117835995226,414.0,0.10550001752562821,0
303,100,5,84.55794789414733,0.8455794789414733,0.8455794789414733,100,5,100,100,5,0.04799117835995048,414.0,0.10289999772794545,0
304,100,5,84.50995671578742,0.8450995671578743,0.8450995671578743,100,5,100,100,5,0.04799117835995048,414.0,0.10790000669658184,0
305,100,5,84.45612997478736,0.8445612997478736,0.8445612997478736,100,5,100,98,5,0.05382674100011364,414.0,166.09849999076687,13175
306,100,5,84.40330323378728,0.8440330323378729,0.8440330323378729,100,5,100,98,4,0.0528267410001142,414.0,0.10320000001229346,0
307,100,5,84.35047649278721,0.8435047649278721,0.8435047649278721,100,5,100,98,4,0.05282674100011242,414.0,0.1058999914675951,0
308,100,5,84.29764975178712,0.8429764975178712,0.8429764975178712,100,5,100,98,4,0.05282674100010887,414.0,0.10760000441223383,0
309,100,5,84.24482301078706,0.8424482301078706,0.8424482301078706,100,5,100,98,4,0.0528267410001142,414.0,0.10359997395426035,0
310,100,5,84.1941154020644,0.841941154020644,0.841941154020644,100,5,100,100,5,0.050707608722682096,414.0,171.32159997709095,13175
311,100,5,84.14440779334178,0.8414440779334178,0.8414440779334178,100,5,100,100,4,0.04970760872268443,414.0,0.11049999739043415,0
312,100,5,84.09470018461914,0.8409470018461914,0.8409470018461914,100,5,100,100,4,0.049707608722680874,414.0,0.11770002311095595,0
313,100,5,84.04499257589652,0.8404499257589652,0.8404499257589652,100,5,100,100,4,0.049707608722680874,414.0,0.10029997793026268,0
314,100,5,83.99528496717387,0.8399528496717388,0.8399528496717388,100,5,100,100,4,0.04970760872268443,414.0,0.10400000610388815,0
315,100,5,83.94642427986501,0.8394642427986502,0.8394642427986502,100,5,100,100,6,0.04886068730892745,414.0,164.6654999931343,13175
316,100,5,83.89856359255612,0.8389856359255612,0.8389856359255612,100,5,100,100,5,0.04786068730892623,414.0,0.083099992480129,0
317,100,5,83.85070290524725,0.8385070290524724,0.8385070290524724,100,5,100,100,5,0.04786068730892623,414.0,0.10720000136643648,0
318,100,5,83.80284221793838,0.8380284221793838,0.8380284221793838,100,5,100,100,5,0.04786068730892623,414.0,0.09849999332800508,0
319,100,5,83.7549815306295,0.8375498153062949,0.8375498153062949,100,5,100,100,5,0.04786068730892623,414.0,0.10259999544359744,0
320,100,5,83.70473874018927,0.8370473874018927,0.8370473874018927,100,5,100,100,6,0.05024279044026159,414.0,162.66430000541732,13175
321,100,5,83.6567356133802,0.8365673561338021,0.8365673561338021,100,5,100,100,5,0.04800312680911745,414.0,0.15449998318217695,0
322,100,5,83.60997215020231,0.836099721502023,0.836099721502023,100,5,100,100,5,0.04676346317796387,414.0,0.08369999704882503,0
323,100,5,83.56072935976209,0.8356072935976209,0.8356072935976209,100,4,100,68,5,0.049242790440260364,354.0,0.10289999772794545,0
324,100,5,83.51396589658418,0.8351396589658419,0.8351396589658419,100,5,100,100,5,0.04676346317796387,414.0,0.09960000170394778,0
325,100,5,83.46419738608749,0.8346419738608749,0.8346419738608749,100,4,100,72,6,0.04976851049675446,374.0,165.8510999986902,13175
326,100,5,83.41542887559079,0.8341542887559079,0.8341542887559079,100,4,100,72,5,0.048768510496749684,374.0,0.1900999923236668,0
327,100,5,83.36666036509408,0.8336666036509408,0.8336666036509408,100,4,100,72,5,0.04876851049675324,374.0,0.08530000923201442,0
328,100,5,83.3178918545974,0.833178918545974,0.833178918545974,100,4,100,72,5,0.048768510496749684,374.0,0.10139998630620539,0
329,100,5,83.26912334410068,0.8326912334410068,0.8326912334410068,100,4,100,72,5,0.04876851049675679,374.0,0.10160001693293452,0
330,100,5,83.2211826795325,0.832211826795325,0.832211826795325,100,5,100,100,6,0.047940664568240976,414.0,167.30550001375377,13175
331,100,5,83.1742420149643,0.8317424201496431,0.8317424201496431,100,5,100,100,5,0.04694066456824331,414.0,0.1036000030580908,0
332,100,5,83.12730135039611,0.8312730135039611,0.8312730135039611,100,5,100,100,5,0.046940664568239754,414.0,0.10740000288933516,0
333,100,5,83.08036068582791,0.8308036068582791,0.8308036068582791,100,5,100,100,5,0.04694066456824331,414.0,0.10219999239780009,0
334,100,5,83.03342002125972,0.8303342002125972,0.8303342002125972,100,5,100,100,5,0.046940664568239754,414.0,0.10430000838823617,0
335,100,5,82.98633748570175,0.8298633748570176,0.8298633748570176,100,5,100,100,6,0.04708253555804376,414.0,170.270199974766,13175
336,100,5,82.94025495014375,0.8294025495014375,0.8294025495014375,100,5,100,100,5,0.04608253555804254,414.0,0.11259998427703977,0
337,100,5,82.89417241458574,0.8289417241458574,0.8289417241458574,100,5,100,100,5,0.046082535558038984,414.0,0.1016999885905534,0
338,100,5,82.84808987902775,0.8284808987902775,0.8284808987902775,100,5,100,100,5,0.046082535558038984,414.0,0.1002000062726438,0
339,100,5,82.80200734346974,0.8280200734346974,0.8280200734346974,100,5,100,100,5,0.04608253555804254,414.0,0.10010000551119447,0
340,100,5,82.75445273820812,0.8275445273820812,0.8275445273820812,100,5,100,100,6,0.04755460526168065,414.0,165.82200000993907,13175
341,100,5,82.7078981329465,0.827078981329465,0.827078981329465,100,5,100,100,5,0.04655460526167943,414.0,0.10120001388713717,0
342,100,5,82.66134352768489,0.8266134352768489,0.8266134352768489,100,5,100,100,5,0.04655460526167943,414.0,0.10530001600272954,0
343,100,5,82.61478892242324,0.8261478892242324,0.8261478892242324,100,5,100,100,5,0.04655460526167943,414.0,0.10539998766034842,0
344,100,5,82.5682343171616,0.8256823431716159,0.8256823431716159,100,5,100,100,5,0.04655460526168298,414.0,0.10410000686533749,0
345,100,5,82.52041450734934,0.8252041450734935,0.8252041450734935,100,5,100,100,6,0.04781980981232792,414.0,215.1552000141237,13175
346,100,5,82.47359469753704,0.8247359469753703,0.8247359469753703,100,5,100,100,5,0.046819809812326696,414.0,0.0926000066101551,0
347,100,5,82.42677488772479,0.8242677488772479,0.8242677488772479,100,5,100,100,5,0.0468198098123338,414.0,0.1092999882530421,0
348,100,5,82.37995507791253,0.8237995507791253,0.8237995507791253,100,5,100,100,5,0.046819809812326696,414.0,0.09180000051856041,0
349,100,5,82.33313526810022,0.8233313526810022,0.8233313526810022,100,5,100,100,5,0.04681980981233025,414.0,0.10699999984353781,0
350,100,5,82.28322996058888,0.8228322996058889,0.8228322996058889,100,5,100,100,6,0.04990530751140554,414.0,169.05630001565441,13175
351,100,5,82.2343246530775,0.822343246530775,0.822343246530775,100,5,100,100,5,0.04890530751140432,414.0,0.1052000152412802,0
352,100,5,82.18541934556616,0.8218541934556616,0.8218541934556616,100,5,100,100,5,0.04890530751140432,414.0,0.10170001769438386,0
353,100,5,82.13651403805481,0.8213651403805481,0.8213651403805481,100,5,100,100,5,0.04890530751140432,414.0,0.08410000009462237,0
354,100,5,82.08760873054347,0.8208760873054346,0.8208760873054346,100,5,100,100,5,0.04890530751140787,414.0,0.10710000060498714,0
355,100,5,82.03785240799942,0.8203785240799942,0.8203785240799942,100,5,100,100,6,0.0497563225440949,414.0,170.1494000153616,13175
356,100,5,81.98909608545537,0.8198909608545537,0.8198909608545537,100,5,100,100,5,0.04875632254409368,414.0,0.0999000039882958,0
357,100,5,81.94033976291132,0.8194033976291132,0.8194033976291132,100,5,100,100,5,0.04875632254410078,414.0,0.10490001295693219,0
358,100,5,81.89158344036727,0.8189158344036727,0.8189158344036727,100,5,100,100,5,0.04875632254409368,414.0,0.10340000153519213,0
359,100,5,81.84282711782322,0.8184282711782322,0.8184282711782322,100,5,100,100,5,0.04875632254409723,414.0,0.10380000458098948,0
360,100,5,81.79538122889717,0.8179538122889717,0.8179538122889717,100,5,100,100,6,0.04744588892612356,414.0,168.57619999791496,13175
361,100,5,81.7489353399711,0.817489353399711,0.817489353399711,100,5,100,100,5,0.046445888926118784,414.0,0.11230001109652221,0
362,100,5,81.70248945104503,0.8170248945104502,0.8170248945104502,100,5,100,100,5,0.046445888926122336,414.0,0.10140001541003585,0
363,100,5,81.65604356211895,0.8165604356211895,0.8165604356211895,100,5,100,100,5,0.046445888926122336,414.0,0.10560001828707755,0
364,100,5,81.60959767319288,0.8160959767319288,0.8160959767319288,100,5,100,100,5,0.04644588892611523,414.0,0.09960000170394778,0
365,100,5,81.56121566374887,0.8156121566374887,0.8156121566374887,100,5,100,100,6,0.04838200944406523,414.0,176.14510000566952,13175
366,100,5,81.51383365430488,0.8151383365430488,0.8151383365430488,100,5,100,100,5,0.047382009444056905,414.0,0.10689999908208847,0
367,100,5,81.46645164486085,0.8146645164486085,0.8146645164486085,100,5,100,100,5,0.04738200944406756,414.0,0.10299999848939478,0
368,100,5,81.41906963541683,0.8141906963541683,0.8141906963541683,100,5,100,100,5,0.047382009444056905,414.0,0.10110001312568784,0
369,100,5,81.3716876259728,0.813716876259728,0.813716876259728,100,5,100,100,5,0.047382009444056905,414.0,0.10080001084133983,0
370,100,5,81.32366387919619,0.8132366387919618,0.8132366387919618,100,5,100,100,6,0.04802374677667487,414.0,175.5747999995947,13175
371,100,5,81.27531302149845,0.8127531302149845,0.8127531302149845,100,4,100,77,5,0.048350857697815997,399.0,0.20719997701235116,0
372,100,5,81.2282892747218,0.812282892747218,0.812282892747218,100,5,100,100,5,0.04702374677666299,414.0,0.10599999222904444,0
373,100,5,81.17993841702406,0.8117993841702407,0.8117993841702407,100,4,100,77,5,0.04835085769781955,399.0,0.09890002547763288,0
374,100,5,81.13158755932629,0.8113158755932629,0.8113158755932629,100,5,100,100,5,0.048350857697812444,414.0,0.08540000999346375,0
375,100,5,81.0842193995504,0.8108421939955041,0.8108421939955041,100,5,100,100,6,0.04736815977594233,414.0,175.6355999968946,13175
376,100,5,81.03785123977454,0.8103785123977454,0.8103785123977454,100,5,100,100,5,0.046368159775937556,414.0,0.10539998766034842,0
377,100,5,80.99148307999864,0.8099148307999865,0.8099148307999865,100,5,100,100,5,0.04636815977593045,414.0,0.10369997471570969,0
378,100,5,80.94511492022276,0.8094511492022276,0.8094511492022276,100,5,100,100,5,0.04636815977594111,414.0,0.08170001092366874,0
379,100,5,80.89874676044688,0.8089874676044688,0.8089874676044688,100,5,100,100,5,0.046368159775934004,414.0,0.09940000018104911,0
380,100,5,80.8495291335141,0.808495291335141,0.808495291335141,100,5,100,100,6,0.04921762693283682,414.0,174.62889998569153,13175
381,100,5,80.80131150658136,0.8080131150658135,0.8080131150658135,100,5,100,100,5,0.048217626932828495,414.0,0.1052000152412802,0
382,100,5,80.75309387964855,0.8075309387964854,0.8075309387964854,100,5,100,100,5,0.048217626932828495,414.0,0.10760000441223383,0
383,100,5,80.70487625271575,0.8070487625271575,0.8070487625271575,100,5,100,100,5,0.04821762693283205,414.0,0.10040000779554248,0
384,100,5,80.65665862578297,0.8065665862578296,0.8065665862578296,100,5,100,100,5,0.048217626932828495,414.0,0.10999999358318746,0
385,100,5,80.60918892803268,0.8060918892803268,0.8060918892803268,100,5,100,100,6,0.0474696977503406,414.0,177.8831999981776,13175
386,100,5,80.56271923028238,0.8056271923028239,0.8056271923028239,100,5,100,100,5,0.046469697750346484,414.0,0.10800000745803118,0
387,100,5,80.5162495325321,0.805162495325321,0.805162495325321,100,5,100,100,5,0.04646969775033938,414.0,0.1016999885905534,0
388,100,5,80.46977983478178,0.8046977983478177,0.8046977983478177,100,5,100,100,5,0.04646969775033938,414.0,0.10259999544359744,0
389,100,5,80.42331013703148,0.8042331013703148,0.8042331013703148,100,5,100,100,5,0.046469697750346484,414.0,0.10340000153519213,0
390,100,5,80.3746913029666,0.8037469130296659,0.8037469130296659,100,5,100,100,6,0.04861883406494272,414.0,171.0116000031121,13175
391,100,5,80.32707246890173,0.8032707246890173,0.8032707246890173,100,5,100,100,5,0.0476188340649486,414.0,0.10420000762678683,0
392,100,5,80.27945363483681,0.8027945363483682,0.8027945363483682,100,5,100,100,5,0.04761883406493794,414.0,0.08299999171867967,0
393,100,5,80.23280894731933,0.8023280894731932,0.8023280894731932,100,5,100,100,5,0.046644687517552796,414.0,0.11300001642666757,0
394,100,5,80.18421596670703,0.8018421596670703,0.8018421596670703,100,4,100,71,5,0.0485929806123373,369.0,0.10189999011345208,0
395,100,5,80.13597906704253,0.8013597906704253,0.8013597906704253,100,5,100,100,6,0.048236899664580335,414.0,171.03080000379123,13175
396,100,5,80.08874216737796,0.8008874216737796,0.8008874216737796,100,5,100,100,5,0.04723689966457911,414.0,0.10649999603629112,0
397,100,5,80.04150526771343,0.8004150526771343,0.8004150526771343,100,5,100,100,5,0.047236899664582666,414.0,0.10810000821948051,0
398,100,5,79.99426836804889,0.7999426836804889,0.7999426836804889,100,5,100,100,5,0.04723689966457911,414.0,0.10140001541003585,0
399,100,5,79.94703146838438,0.7994703146838438,0.7994703146838438,100,5,100,100,5,0.047236899664582666,414.0,0.08650001836940646,0
400,100,5,79.89739731335142,0.7989739731335141,0.7989739731335141,100,4,100,63,6,0.04963415503301505,329.0,180.38419997901656,13175
401,100,5,79.84876315831842,0.7984876315831841,0.7984876315831841,100,4,100,63,5,0.04863415503301027,329.0,0.10930001735687256,0
402,100,5,79.80012900328546,0.7980012900328546,0.7980012900328546,100,4,100,63,5,0.048634155033013826,329.0,0.10439998004585505,0
403,100,5,79.75149484825252,0.7975149484825252,0.7975149484825252,100,4,100,63,5,0.048634155033013826,329.0,0.10750000365078449,0
404,100,5,79.70286069321953,0.7970286069321953,0.7970286069321953,100,4,100,63,5,0.04863415503300672,329.0,0.08969998452812433,0
405,100,5,79.65446527087813,0.7965446527087814,0.7965446527087814,100,5,100,100,6,0.04839542234146066,414.0,191.7807999998331,13175
406,100,5,79.6077388938634,0.796077388938634,0.796077388938634,100,5,100,100,5,0.046726377014785214,414.0,0.10070001007989049,0
407,100,5,79.56101251684866,0.7956101251684866,0.7956101251684866,100,5,100,100,5,0.04672637701478877,414.0,0.0914999982342124,0
408,100,5,79.51428613983394,0.7951428613983395,0.7951428613983395,100,5,100,100,5,0.046726377014785214,414.0,0.09970000246539712,0
409,100,5,79.46755976281919,0.794675597628192,0.794675597628192,100,5,100,100,5,0.04672637701478166,414.0,0.1047999830916524,0
410,100,5,79.4189719945331,0.7941897199453309,0.7941897199453309,100,5,100,100,6,0.048587768286150634,414.0,177.59590002242476,13175
411,100,5,79.371384226247,0.79371384226247,0.79371384226247,100,5,100,100,5,0.04758776828614231,414.0,0.10549998842179775,0
412,100,5,79.32379645796091,0.793237964579609,0.793237964579609,100,5,100,100,5,0.04758776828614231,414.0,0.10900001507252455,0
413,100,5,79.27620868967479,0.7927620868967479,0.7927620868967479,100,5,100,100,5,0.04758776828614586,414.0,0.10870001278817654,0
414,100,5,79.2286209213887,0.7922862092138869,0.7922862092138869,100,5,100,100,5,0.04758776828614231,414.0,0.08249998791143298,0
415,100,5,79.18074199013613,0.7918074199013613,0.7918074199013613,100,5,100,100,6,0.04787893125264375,414.0,172.73760001990013,13175
416,100,5,79.1338630588835,0.791338630588835,0.791338630588835,100,5,100,100,5,0.046878931252635425,414.0,0.10320000001229346,0
417,100,5,79.08698412763091,0.7908698412763091,0.7908698412763091,100,5,100,100,5,0.04687893125263898,414.0,0.09969997336156666,0
418,100,5,79.0401051963783,0.7904010519637831,0.7904010519637831,100,5,100,100,5,0.04687893125264253,414.0,0.1033000007737428,0
419,100,5,78.99322626512573,0.7899322626512573,0.7899322626512573,100,5,100,100,5,0.046878931252635425,414.0,0.1244999875780195,0
420,100,5,78.94371965459062,0.7894371965459063,0.7894371965459063,100,5,100,100,6,0.04950661053515759,414.0,177.13190001086332,13175
421,100,5,78.89454948859495,0.7889454948859494,0.7889454948859494,100,4,100,94,5,0.04917016599565471,484.0,0.10270002530887723,0
422,100,5,78.84670643352041,0.7884670643352041,0.7884670643352041,100,5,100,100,5,0.047843055074501706,414.0,0.10379997547715902,0
423,100,5,78.79886337844586,0.7879886337844586,0.7879886337844586,100,5,100,100,5,0.04784305507449815,414.0,0.08540000999346375,0
424,100,5,78.75102032337132,0.7875102032337132,0.7875102032337132,100,5,100,100,5,0.047843055074501706,414.0,0.11300001642666757,0
425,100,5,78.70289243896859,0.7870289243896859,0.7870289243896859,100,5,100,100,6,0.0481278844027031,414.0,172.78819999773987,13175
426,100,5,78.65576455456585,0.7865576455456584,0.7865576455456584,100,5,100,100,5,0.04712788440271254,414.0,0.10750000365078449,0
427,100,5,78.60863667016312,0.7860863667016312,0.7860863667016312,100,5,100,100,5,0.04712788440270543,414.0,0.09849999332800508,0
428,100,5,78.56150878576035,0.7856150878576035,0.7856150878576035,100,5,100,100,5,0.047127884402708986,414.0,0.09889999637380242,0
429,100,5,78.51438090135764,0.7851438090135764,0.7851438090135764,100,5,100,100,5,0.04712788440270543,414.0,0.10609999299049377,0
430,100,5,78.46622261919606,0.7846622261919606,0.7846622261919606,100,5,100,100,6,0.04815828216153406,414.0,176.31189999519847,13175
431,100,5,78.4190643370345,0.7841906433703449,0.7841906433703449,100,5,100,100,5,0.04715828216153284,414.0,0.10480001219548285,0
432,100,5,78.37190605487294,0.7837190605487294,0.7837190605487294,100,5,100,100,5,0.047158282161529286,414.0,0.10439998004585505,0
433,100,5,78.32474777271136,0.7832474777271137,0.7832474777271137,100,5,100,100,5,0.04715828216153284,414.0,0.11150000500492752,0
434,100,5,78.27758949054981,0.7827758949054981,0.7827758949054981,100,5,100,100,5,0.047158282161529286,414.0,0.08900000830180943,0
435,100,5,78.22864312782747,0.7822864312782747,0.7822864312782747,100,5,100,100,6,0.04894636272231523,414.0,184.3704000057187,13175
436,100,5,78.18202387602626,0.7818202387602626,0.7818202387602626,100,5,100,100,5,0.046619251801168105,414.0,0.10410000686533749,0
437,100,5,78.13540462422503,0.7813540462422504,0.7813540462422504,100,5,100,100,5,0.046619251801168105,414.0,0.1036000030580908,0
438,100,5,78.08878537242384,0.7808878537242384,0.7808878537242384,100,5,100,100,5,0.04661925180117166,414.0,0.10760000441223383,0
439,100,5,78.04150256516203,0.7804150256516204,0.7804150256516204,100,5,100,100,5,0.04728280726174816,414.0,0.08549998165108263,0
440,100,5,77.99414218280181,0.7799414218280181,0.7799414218280181,100,5,100,100,6,0.04736038236019979,414.0,175.37030001403764,13175
441,100,5,77.94778180044153,0.7794778180044153,0.7794778180044153,100,5,100,100,5,0.04636038236020923,414.0,0.10410000686533749,0
442,100,5,77.9014214180813,0.779014214180813,0.779014214180813,100,5,100,100,5,0.04636038236019857,414.0,0.11640001321211457,0
443,100,5,77.85506103572105,0.7785506103572105,0.7785506103572105,100,5,100,100,5,0.04636038236021278,414.0,0.08299999171867967,0
444,100,5,77.80870065336079,0.7780870065336079,0.7780870065336079,100,5,100,100,5,0.046360382360202124,414.0,0.10320000001229346,0
445,100,5,77.76106184455159,0.7776106184455159,0.7776106184455159,100,5,100,100,6,0.047638808809157496,414.0,178.19380000582896,13175
446,100,5,77.71442303574239,0.7771442303574239,0.7771442303574239,100,5,100,100,5,0.046638808809156274,414.0,0.1419999753125012,0
447,100,5,77.6677842269332,0.7766778422693319,0.7766778422693319,100,5,100,100,5,0.046638808809159826,414.0,0.10070001007989049,0
448,100,5,77.62114541812399,0.7762114541812398,0.7762114541812398,100,5,100,100,5,0.04663880880916338,414.0,0.10210002074018121,0
449,100,5,77.57450660931478,0.7757450660931479,0.7757450660931479,100,5,100,100,5,0.046638808809159826,414.0,0.09960000170394778,0
450,100,5,77.5237599804643,0.775237599804643,0.775237599804643,100,4,100,57,6,0.050746628850454556,299.0,178.4341000020504,13175
451,100,5,77.4740133516138,0.774740133516138,0.774740133516138,100,4,100,57,5,0.04974662885046044,299.0,0.08620001608505845,0
452,100,5,77.42426672276329,0.7742426672276329,0.7742426672276329,100,4,100,57,5,0.04974662885046399,299.0,0.08759999764151871,0
453,100,5,77.37452009391284,0.7737452009391284,0.7737452009391284,100,4,100,57,5,0.049746628850453334,299.0,0.08319999324157834,0
454,100,5,77.32477346506232,0.7732477346506232,0.7732477346506232,100,4,100,57,5,0.04974662885046399,299.0,0.10510001447983086,0
455,100,5,77.27758225459286,0.7727758225459286,0.7727758225459286,100,5,100,100,6,0.04719121046943897,414.0,175.05960000562482,13175
456,100,5,77.23139104412333,0.7723139104412333,0.7723139104412333,100,5,100,100,5,0.04619121046944841,414.0,0.08009999874047935,0
457,100,5,77.18519983365385,0.7718519983365385,0.7718519983365385,100,5,100,100,5,0.04619121046944841,414.0,0.10199999087490141,0
458,100,5,77.13900862318434,0.7713900862318434,0.7713900862318434,100,5,100,100,5,0.04619121046944841,414.0,0.10570001904852688,0
459,100,5,77.09281741271488,0.7709281741271488,0.7709281741271488,100,5,100,100,5,0.046191210469444854,414.0,0.1170000177808106,0
460,100,5,77.04493389714773,0.7704493389714773,0.7704493389714773,100,5,100,100,6,0.047883515567086476,414.0,178.862200002186,13175
461,100,5,76.99805038158061,0.7699805038158061,0.7699805038158061,100,5,100,100,5,0.04688351556708881,414.0,0.08800000068731606,0
462,100,5,76.95116686601348,0.7695116686601348,0.7695116686601348,100,5,100,100,5,0.04688351556708881,414.0,0.10519998613744974,0
463,100,5,76.90428335044632,0.7690428335044632,0.7690428335044632,100,5,100,100,5,0.046883515567085254,414.0,0.10519998613744974,0
464,100,5,76.85739983487919,0.7685739983487919,0.7685739983487919,100,5,100,100,5,0.04688351556708881,414.0,0.10060000931844115,0
465,100,5,76.80898087748204,0.7680898087748205,0.7680898087748205,100,5,100,100,6,0.04841895739709656,414.0,176.39500001678243,13175
466,100,5,76.76156192008492,0.7676156192008492,0.7676156192008492,100,5,100,100,5,0.04741895739709889,414.0,0.10400000610388815,0
467,100,5,76.71347391736111,0.7671347391736112,0.7671347391736112,100,5,100,100,5,0.04808800272376246,414.0,0.1044000091496855,0
468,100,5,76.66538591463728,0.7666538591463729,0.7666538591463729,100,5,100,100,5,0.04808800272376246,414.0,0.10400000610388815,0
469,100,5,76.61796695724013,0.7661796695724012,0.7661796695724012,100,5,100,100,5,0.047418957397102446,414.0,0.10619999375194311,0
470,100,5,76.56939724537558,0.7656939724537558,0.7656939724537558,100,5,100,100,6,0.04856971186451986,414.0,177.75520001305267,13175
471,100,5,76.52182753351103,0.7652182753351103,0.7652182753351103,100,5,100,100,5,0.047569711864529296,414.0,0.09720001253299415,0
472,100,5,76.47425782164645,0.7647425782164645,0.7647425782164645,100,5,100,100,5,0.04756971186453285,414.0,0.10069998097606003,0
473,100,5,76.42668810978189,0.7642668810978189,0.7642668810978189,100,5,100,100,5,0.04756971186452574,414.0,0.10619999375194311,0
474,100,5,76.37911839791732,0.7637911839791732,0.7637911839791732,100,5,100,100,5,0.04756971186452574,414.0,0.09869999485090375,0
475,100,5,76.32889355267018,0.7632889355267019,0.7632889355267019,100,4,100,59,6,0.0502248452470937,309.0,172.59180001565255,13175
476,100,5,76.27966870742303,0.7627966870742303,0.7627966870742303,100,4,100,59,5,0.04922484524709603,309.0,0.8548000187147409,0
477,100,5,76.2304438621759,0.762304438621759,0.762304438621759,100,4,100,59,5,0.04922484524709603,309.0,0.10500001371838152,0
478,100,5,76.18121901692875,0.7618121901692875,0.7618121901692875,100,4,100,59,5,0.049224845247092475,309.0,0.10460001067258418,0
479,100,5,76.13199417168161,0.7613199417168162,0.7613199417168162,100,4,100,59,5,0.04922484524710313,309.0,0.10389997623860836,0
480,100,5,76.08456574250995,0.7608456574250995,0.7608456574250995,100,5,100,100,6,0.04742842917161738,414.0,176.42490001162514,13175
481,100,5,76.0381373133383,0.7603813731333829,0.7603813731333829,100,5,100,100,5,0.04642842917162682,414.0,0.10529998689889908,0
482,100,5,75.99170888416663,0.7599170888416663,0.7599170888416663,100,5,100,100,5,0.04642842917162682,414.0,0.10350000229664147,0
483,100,5,75.94528045499497,0.7594528045499497,0.7594528045499497,100,5,100,100,5,0.04642842917162682,414.0,0.2130000211764127,0
484,100,5,75.8988520258233,0.758988520258233,0.758988520258233,100,5,100,100,5,0.046428429171623264,414.0,0.11019999510608613,0
485,100,5,75.85018503320215,0.7585018503320216,0.7585018503320216,100,5,100,100,6,0.0486669926211043,414.0,172.9248999909032,13175
486,100,5,75.80139184923694,0.7580139184923693,0.7580139184923693,100,5,100,100,5,0.04879318396517007,414.0,0.10279999696649611,0
487,100,5,75.75372485661582,0.7575372485661582,0.7575372485661582,100,5,100,100,5,0.04766699262110663,414.0,0.1306000049225986,0
488,100,5,75.7049316726506,0.757049316726506,0.757049316726506,100,5,100,100,5,0.04879318396516297,414.0,0.08659999002702534,0
489,100,5,75.65726468002946,0.7565726468002946,0.7565726468002946,100,5,100,100,5,0.04766699262110308,414.0,0.10179998935200274,0
490,100,5,75.60878577975329,0.756087857797533,0.756087857797533,100,5,100,100,6,0.04847890027613744,414.0,178.40450000949204,13175
491,100,5,75.5613068794771,0.755613068794771,0.755613068794771,100,5,100,100,5,0.04747890027613977,414.0,0.10259999544359744,0
492,100,5,75.51382797920094,0.7551382797920094,0.7551382797920094,100,5,100,100,5,0.04747890027613977,414.0,0.10010000551119447,0
493,100,5,75.46634907892474,0.7546634907892473,0.7546634907892473,100,5,100,100,5,0.04747890027613266,414.0,0.10609999299049377,0
494,100,5,75.41887017864858,0.7541887017864858,0.7541887017864858,100,5,100,100,5,0.04747890027613977,414.0,0.10850001126527786,0
495,100,5,75.36907486183928,0.7536907486183928,0.7536907486183928,100,5,100,100,6,0.04979531680926641,414.0,176.2899000023026,13175
496,100,5,75.31646212711435,0.7531646212711435,0.7531646212711435,100,5,100,100,5,0.052612734724895915,414.0,0.10659999679774046,0
497,100,5,75.26642714667392,0.7526642714667392,0.7526642714667392,100,5,100,100,5,0.05003498044040455,414.0,0.10710000060498714,0
498,100,5,75.21448345727565,0.7521448345727565,0.7521448345727565,100,4,100,71,5,0.0519436893982288,369.0,0.10279999696649611,0
499,100,5,75.16435004981301,0.7516435004981301,0.7516435004981301,100,4,100,77,5,0.050133407462602975,399.0,0.10909998673014343,0
500,100,5,75.11475604613861,0.7511475604613861,0.7511475604613861,100,4,100,56,6,0.04959400367436473,294.0,178.73459999100305,13175
501,100,5,75.0661620424642,0.750661620424642,0.750661620424642,100,4,100,56,5,0.048594003674363506,294.0,0.16029999824240804,0
502,100,5,75.01756803878978,0.7501756803878977,0.7501756803878977,100,4,100,56,5,0.04859400367436706,294.0,0.08899997919797897,0
503,100,5,74.96897403511538,0.7496897403511538,0.7496897403511538,100,4,100,56,5,0.04859400367437061,294.0,0.10720000136643648,0
504,100,5,74.92038003144097,0.7492038003144097,0.7492038003144097,100,4,100,56,5,0.048594003674363506,294.0,0.10400000610388815,0
505,100,5,74.87018373280661,0.748701837328066,0.748701837328066,100,4,100,71,6,0.05019629863432229,369.0,176.29699999815784,13175
506,100,5,74.82098743417224,0.7482098743417224,0.7482098743417224,100,4,100,71,5,0.04919629863432462,369.0,0.0838999985717237,0
507,100,5,74.77179113553787,0.7477179113553787,0.7477179113553787,100,4,100,71,5,0.04919629863432462,369.0,0.10579999070614576,0
508,100,5,74.7225948369035,0.747225948369035,0.747225948369035,100,4,100,71,5,0.04919629863432817,369.0,0.10269999620504677,0
509,100,5,74.67339853826914,0.7467339853826914,0.7467339853826914,100,4,100,71,5,0.04919629863432462,369.0,0.10519998613744974,0
510,100,5,74.62582463469595,0.7462582463469595,0.7462582463469595,100,5,100,100,5,0.047573903573162823,414.0,179.81099997996353,13175
511,100,5,74.57925073112274,0.7457925073112274,0.7457925073112274,100,5,100,100,4,0.046573903573165154,414.0,0.10210002074018121,0
512,100,5,74.53267682754954,0.7453267682754954,0.7453267682754954,100,5,100,100,4,0.04657390357317226,414.0,0.10149998706765473,0
513,100,5,74.48610292397633,0.7448610292397633,0.7448610292397633,100,5,100,100,4,0.04657390357316871,414.0,0.10810000821948051,0
514,100,5,74.4395290204031,0.744395290204031,0.744395290204031,100,5,100,100,4,0.046573903573165154,414.0,0.1039999770000577,0
515,100,5,74.39185288209671,0.7439185288209671,0.7439185288209671,100,5,100,100,6,0.04767613830635753,414.0,181.94300000322983,13175
516,100,5,74.3451767437903,0.7434517674379031,0.7434517674379031,100,5,100,100,5,0.04667613830636341,414.0,0.10720000136643648,0
517,100,5,74.29850060548391,0.7429850060548391,0.7429850060548391,100,5,100,100,5,0.04667613830636341,414.0,0.10109998402185738,0
518,100,5,74.25182446717747,0.7425182446717747,0.7425182446717747,100,5,100,100,5,0.04667613830636341,414.0,0.10689999908208847,0
519,100,5,74.20514832887108,0.7420514832887107,0.7420514832887107,100,5,100,100,5,0.04667613830635986,414.0,0.10420000762678683,0
520,100,5,74.15758843215463,0.7415758843215463,0.7415758843215463,100,5,100,100,6,0.04755989671641814,414.0,176.55730000115,13175
521,100,5,74.11102853543814,0.7411102853543814,0.7411102853543814,100,5,100,100,5,0.046559896716416915,414.0,0.079699995694682,0
522,100,5,74.0644686387217,0.740644686387217,0.740644686387217,100,5,100,100,5,0.046559896716416915,414.0,0.13899998157285154,0
523,100,5,74.01790874200523,0.7401790874200523,0.7401790874200523,100,5,100,100,5,0.04655989671642047,414.0,0.1092999882530421,0
524,100,5,73.97134884528876,0.7397134884528875,0.7397134884528875,100,5,100,100,5,0.04655989671642757,414.0,0.10269999620504677,0
525,100,5,73.92202390574144,0.7392202390574144,0.7392202390574144,100,4,100,78,6,0.0493249395472688,404.0,174.5418999926187,13175
526,100,5,73.87401442753345,0.7387401442753345,0.7387401442753345,100,5,100,100,5,0.04800947820795187,414.0,0.10609999299049377,0
527,100,5,73.82701659890728,0.7382701659890728,0.7382701659890728,100,5,100,100,5,0.04699782862612878,414.0,0.1244999875780195,0
528,100,5,73.78001877028109,0.7378001877028109,0.7378001877028109,100,5,100,100,5,0.046997828626135885,414.0,0.10800000745803118,0
529,100,5,73.73302094165493,0.7373302094165493,0.7373302094165493,100,5,100,100,5,0.04699782862612878,414.0,0.10189999011345208,0
530,100,5,73.6819444303071,0.736819444303071,0.736819444303071,100,4,100,82,6,0.05107651134777669,424.0,176.99030000949278,13175
531,100,5,73.63186791895929,0.7363186791895928,0.7363186791895928,100,4,100,82,5,0.05007651134779323,424.0,0.08950001210905612,0
532,100,5,73.58179140761145,0.7358179140761145,0.7358179140761145,100,4,100,82,5,0.050076511347789676,424.0,0.10569998994469643,0
533,100,5,73.53171489626364,0.7353171489626363,0.7353171489626363,100,4,100,82,5,0.050076511347789676,424.0,0.09010001667775214,0
534,100,5,73.4816383849158,0.7348163838491579,0.7348163838491579,100,4,100,82,5,0.05007651134778257,424.0,0.10069998097606003,0
535,100,5,73.4338784075814,0.734338784075814,0.734338784075814,100,5,100,100,6,0.04775997733438331,414.0,186.0467999940738,13175
536,100,5,73.38711843024697,0.7338711843024697,0.7338711843024697,100,5,100,100,5,0.04675997733438919,414.0,0.11439999798312783,0
537,100,5,73.34035845291255,0.7334035845291256,0.7334035845291256,100,5,100,100,5,0.04675997733438564,414.0,0.09430001955479383,0
538,100,5,73.29359847557814,0.7329359847557814,0.7329359847557814,100,5,100,100,5,0.04675997733438564,414.0,0.11170000652782619,0
539,100,5,73.24683849824372,0.7324683849824372,0.7324683849824372,100,5,100,100,5,0.04675997733438919,414.0,0.10450000991113484,0
540,100,5,73.1981488146441,0.731981488146441,0.731981488146441,100,5,100,100,6,0.048689683599551614,414.0,177.04340000636876,13175
541,100,5,73.15127863930502,0.7315127863930502,0.7315127863930502,100,5,100,100,5,0.0468701753390377,414.0,0.1044000091496855,0
542,100,5,73.10440846396595,0.7310440846396595,0.7310440846396595,100,5,100,100,5,0.04687017533903415,414.0,0.10190001921728253,0
543,100,5,73.05753828862686,0.7305753828862686,0.7305753828862686,100,5,100,100,5,0.04687017533903415,414.0,0.10489998385310173,0
544,100,5,73.01066811328778,0.7301066811328778,0.7301066811328778,100,5,100,100,5,0.04687017533904125,414.0,0.10189999011345208,0
545,100,5,72.9617078627008,0.7296170786270081,0.7296170786270081,100,5,100,100,6,0.04896025058693709,414.0,170.1580999942962,13175
546,100,5,72.91374761211381,0.7291374761211381,0.7291374761211381,100,5,100,100,5,0.04796025058694653,414.0,0.10730000212788582,0
547,100,5,72.86578736152683,0.7286578736152682,0.7286578736152682,100,5,100,100,5,0.04796025058693232,414.0,0.10390000534243882,0
548,100,5,72.81782711093986,0.7281782711093986,0.7281782711093986,100,5,100,100,5,0.04796025058694653,414.0,0.10720000136643648,0
549,100,5,72.76986686035285,0.7276986686035285,0.7276986686035285,100,5,100,100,5,0.047960250586942976,414.0,0.1066999975591898,0
550,100,5,72.72083496772784,0.7272083496772784,0.7272083496772784,100,5,100,100,6,0.049031892624988416,414.0,179.07310000737198,13175
551,100,5,72.67377722165018,0.7267377722165018,0.7267377722165018,100,5,100,100,5,0.047057746077598495,414.0,0.0990999978967011,0
552,100,5,72.62671947557253,0.7262671947557253,0.7262671947557253,100,5,100,100,5,0.04705774607759494,414.0,0.10919998749159276,0
553,100,5,72.57734949229415,0.7257734949229415,0.7257734949229415,100,5,100,100,5,0.04936998327832143,414.0,0.23480001254938543,0
554,100,5,72.52864855434245,0.7252864855434246,0.7252864855434246,100,5,100,100,5,0.048700937951661416,414.0,0.10859998292289674,0
555,100,5,72.48107257647892,0.7248107257647892,0.7248107257647892,100,5,100,100,6,0.04757597786352008,414.0,173.44760001287796,13175
556,100,5,72.43449659861535,0.7243449659861535,0.7243449659861535,100,5,100,100,5,0.046575977863515305,414.0,0.08610001532360911,0
557,100,5,72.3879206207518,0.723879206207518,0.723879206207518,100,5,100,100,5,0.046575977863525964,414.0,0.10420000762678683,0
558,100,5,72.34134464288823,0.7234134464288823,0.7234134464288823,100,5,100,100,5,0.04657597786352241,414.0,0.963500002399087,0
559,100,5,72.29476866502468,0.7229476866502468,0.7229476866502468,100,5,100,100,5,0.04657597786352241,414.0,0.0999000039882958,0
560,100,5,72.24644730867716,0.7224644730867716,0.7224644730867716,100,5,100,100,6,0.04832135634747203,414.0,183.47039999207482,13175
561,100,5,72.19912595232967,0.7219912595232967,0.7219912595232967,100,5,100,100,5,0.047321356347474364,414.0,0.11979998089373112,0
562,100,5,72.15180459598214,0.7215180459598214,0.7215180459598214,100,5,100,100,5,0.047321356347477916,414.0,0.10420000762678683,0
563,100,5,72.10448323963463,0.7210448323963463,0.7210448323963463,100,5,100,100,5,0.047321356347474364,414.0,0.10450000991113484,0
564,100,5,72.05716188328711,0.7205716188328711,0.7205716188328711,100,5,100,100,5,0.047321356347477916,414.0,0.10079998173750937,0
565,100,5,72.00888281694645,0.7200888281694645,0.7200888281694645,100,5,100,100,6,0.04827906634061563,414.0,174.69439998967573,13175
566,100,5,71.96160375060579,0.7196160375060578,0.7196160375060578,100,5,100,100,5,0.04727906634062151,414.0,0.10789997759275138,0
567,100,5,71.91432468426513,0.7191432468426513,0.7191432468426513,100,5,100,100,5,0.04727906634061796,414.0,0.10410000686533749,0
568,100,5,71.86704561792446,0.7186704561792446,0.7186704561792446,100,5,100,100,5,0.047279066340625064,414.0,0.10340000153519213,0
569,100,5,71.81976655158377,0.7181976655158376,0.7181976655158376,100,5,100,100,5,0.04727906634062151,414.0,0.10680002742446959,0
570,100,5,71.77023311813862,0.7177023311813862,0.7177023311813862,100,5,100,100,6,0.04953343344512362,414.0,171.49140001856722,13175
571,100,5,71.72041396437656,0.7172041396437656,0.7172041396437656,100,5,100,100,5,0.04981915376200163,414.0,0.11039999662898481,0
572,100,5,71.67188053093138,0.7167188053093138,0.7167188053093138,100,5,100,100,5,0.048533433445133056,414.0,0.2631999959703535,0
573,100,5,71.62206137716935,0.7162206137716934,0.7162206137716934,100,5,100,100,5,0.04981915376200874,414.0,0.10409997776150703,0
574,100,5,71.57352794372416,0.7157352794372416,0.7157352794372416,100,5,100,100,5,0.048533433445129504,414.0,0.11239998275414109,0
575,100,5,71.5227354490714,0.7152273544907141,0.7152273544907141,100,4,100,82,6,0.05079249465270408,424.0,171.23579999315552,13175
576,100,5,71.47294295441866,0.7147294295441866,0.7147294295441866,100,4,100,82,5,0.04979249465271707,424.0,0.10699999984353781,0
577,100,5,71.42315045976589,0.7142315045976589,0.7142315045976589,100,4,100,82,5,0.04979249465271707,424.0,0.10820000898092985,0
578,100,5,71.37335796511313,0.7137335796511313,0.7137335796511313,100,4,100,82,5,0.04979249465272062,424.0,0.10770000517368317,0
579,100,5,71.3224392791163,0.713224392791163,0.713224392791163,100,4,100,82,5,0.050918685996773405,424.0,0.10840001050382853,0
580,100,5,71.27514293291084,0.7127514293291084,0.7127514293291084,100,5,100,100,6,0.047296346205421,414.0,196.88339999993332,13175
581,100,5,71.22884658670537,0.7122884658670537,0.7122884658670537,100,5,100,100,5,0.046296346205426886,414.0,0.11170000652782619,0
582,100,5,71.18255024049989,0.711825502404999,0.711825502404999,100,5,100,100,5,0.046296346205426886,414.0,0.10599999222904444,0
583,100,5,71.13625389429444,0.7113625389429444,0.7113625389429444,100,5,100,100,5,0.04629634620542333,414.0,0.10590002057142556,0
584,100,5,71.08995754808898,0.7108995754808898,0.7108995754808898,100,5,100,100,5,0.046296346205426886,414.0,0.10510001447983086,0
585,100,5,71.04192057978666,0.7104192057978667,0.7104192057978667,100,5,100,100,6,0.04803696830229143,414.0,162.17309999046847,13175
586,100,5,70.99488361148431,0.7099488361148432,0.7099488361148432,100,5,100,100,5,0.04703696830229376,414.0,0.08919998072087765,0
587,100,5,70.94784664318195,0.7094784664318194,0.7094784664318194,100,5,100,100,5,0.04703696830229376,414.0,0.1033000007737428,0
588,100,5,70.90080967487964,0.7090080967487964,0.7090080967487964,100,5,100,100,5,0.04703696830230086,414.0,0.08659999002702534,0
589,100,5,70.85377270657729,0.7085377270657729,0.7085377270657729,100,5,100,100,5,0.04703696830229376,414.0,0.10710000060498714,0
590,100,5,70.80599397226858,0.7080599397226858,0.7080599397226858,100,5,100,100,6,0.047778734308661086,414.0,161.691699991934,13175
591,100,5,70.75921523795986,0.7075921523795986,0.7075921523795986,100,5,100,100,5,0.046778734308674075,414.0,0.08410000009462237,0
592,100,5,70.71243650365118,0.7071243650365118,0.7071243650365118,100,5,100,100,5,0.04677873430866697,414.0,0.10640002437867224,0
593,100,5,70.66565776934245,0.7066565776934245,0.7066565776934245,100,5,100,100,5,0.04677873430867052,414.0,0.11970000923611224,0
594,100,5,70.61887903503371,0.7061887903503371,0.7061887903503371,100,5,100,100,5,0.04677873430866342,414.0,0.10150001617148519,0
595,100,5,70.5707649727879,0.705707649727879,0.705707649727879,100,5,100,100,6,0.04811406224579429,414.0,159.32490001432598,13175
596,100,5,70.52298735508148,0.7052298735508148,0.7052298735508148,100,5,100,100,5,0.047777617706366016,414.0,0.10730000212788582,0
597,100,5,70.47587329283564,0.7047587329283564,0.7047587329283564,100,5,100,100,5,0.04711406224578951,414.0,0.12229999992996454,0
598,100,5,70.42875923058982,0.7042875923058982,0.7042875923058982,100,5,100,100,5,0.04711406224578951,414.0,0.11589998030103743,0
599,100,5,70.38164516834401,0.7038164516834401,0.7038164516834401,100,5,100,100,5,0.047114062245793065,414.0,0.10679999832063913,0
600,100,5,70.33380543560529,0.7033380543560529,0.7033380543560529,100,5,100,100,6,0.04783973273867659,414.0,160.5052999802865,13175
601,100,5,70.28696570286658,0.7028696570286658,0.7028696570286658,100,5,100,100,5,0.04683973273867181,414.0,0.11619998258538544,0
602,100,5,70.24012597012786,0.7024012597012786,0.7024012597012786,100,5,100,100,5,0.04683973273866826,414.0,0.12549999519251287,0
603,100,5,70.19328623738919,0.7019328623738919,0.7019328623738919,100,5,100,100,5,0.04683973273866471,414.0,0.11329998960718513,0
604,100,5,70.14644650465048,0.7014644650465048,0.7014644650465048,100,5,100,100,5,0.046839732738646944,414.0,0.10810000821948051,0
605,100,5,70.09633913347525,0.7009633913347525,0.7009633913347525,100,4,100,91,6,0.050107371175176496,469.0,166.06160000083037,13175
606,100,5,70.04466032166629,0.7004466032166629,0.7004466032166629,100,4,100,91,5,0.05167881180892664,469.0,0.11220001033507288,0
607,100,5,69.99555295049106,0.6999555295049106,0.6999555295049106,100,4,100,91,5,0.04910737117517883,469.0,0.10919998749159276,0
608,100,5,69.94387413868208,0.6994387413868207,0.6994387413868207,100,3,100,80,5,0.051678811808933744,547.3333333333334,0.11160000576637685,0
609,100,5,69.89476676750685,0.6989476676750686,0.6989476676750686,100,4,100,91,5,0.049107371175175274,469.0,0.12250000145286322,0
610,100,5,69.84555100319498,0.6984555100319498,0.6984555100319498,100,5,100,100,6,0.049215764311835386,414.0,164.74470001412556,13175
611,100,5,69.79733523888312,0.6979733523888312,0.6979733523888312,100,5,100,100,5,0.04821576431184482,414.0,0.1109000004362315,0
612,100,5,69.74911947457123,0.6974911947457123,0.6974911947457123,100,5,100,100,5,0.04821576431184482,414.0,0.13679999392479658,0
613,100,5,69.70090371025934,0.6970090371025934,0.6970090371025934,100,5,100,100,5,0.04821576431184127,414.0,0.1084999821614474,0
614,100,5,69.65268794594745,0.6965268794594744,0.6965268794594744,100,5,100,100,5,0.04821576431184127,414.0,0.1078000059351325,0
615,100,5,69.6017057608901,0.696017057608901,0.696017057608901,100,4,100,84,6,0.05098218505732177,434.0,165.96489999210462,13175
616,100,5,69.55172357583272,0.6955172357583272,0.6955172357583272,100,4,100,84,5,0.04998218505733121,434.0,0.09859999408945441,0
617,100,5,69.50298105440652,0.6950298105440652,0.6950298105440652,100,5,100,100,5,0.048742521426181185,414.0,0.10629999451339245,0
618,100,5,69.45547819661142,0.6945547819661142,0.6945547819661142,100,5,100,100,5,0.04750285779502761,414.0,0.09319998207502067,0
619,100,5,69.4067356751852,0.694067356751852,0.694067356751852,100,5,100,100,5,0.048742521426181185,414.0,0.08749999688006938,0
620,100,5,69.35651329935754,0.6935651329935755,0.6935651329935755,100,5,100,100,6,0.05022237582763367,414.0,173.19979998865165,13175
621,100,5,69.30826507007723,0.6930826507007722,0.6930826507007722,100,5,100,100,5,0.04824822928024375,414.0,0.11490000179037452,0
622,100,5,69.2609909873443,0.692609909873443,0.692609909873443,100,5,100,100,5,0.04727408273285505,414.0,0.10430000838823617,0
623,100,5,69.21176861151663,0.6921176861151663,0.6921176861151663,100,5,100,100,5,0.049222375827636,414.0,0.10650002514012158,0
624,100,5,69.1644945287837,0.691644945287837,0.691644945287837,100,5,100,100,5,0.0472740827328586,414.0,0.1066999975591898,0
625,100,5,69.11279796193841,0.6911279796193841,0.6911279796193841,100,4,100,90,6,0.051696566845247816,464.0,172.33470000792295,13175
626,100,5,69.06342850601428,0.6906342850601428,0.6906342850601428,100,4,100,90,5,0.049369455924104244,464.0,0.10120001388713717,0
627,100,5,69.01405905009015,0.6901405905009015,0.6901405905009015,100,4,100,90,5,0.0493694559241078,464.0,0.10280002607032657,0
628,100,5,68.96468959416603,0.6896468959416603,0.6896468959416603,100,4,100,90,5,0.04936945592411135,464.0,0.1033000007737428,0
629,100,5,68.91532013824192,0.6891532013824192,0.6891532013824192,100,4,100,90,5,0.04936945592411135,464.0,0.10309999925084412,0
630,100,5,68.85991068878165,0.6885991068878166,0.6885991068878166,100,3,100,49,6,0.05540944946017845,340.6666666666667,170.2878999931272,13175
631,100,5,68.80550123932142,0.6880550123932142,0.6880550123932142,100,3,100,49,5,0.05440944946019144,340.6666666666667,0.10790000669658184,0
632,100,5,68.75109178986119,0.687510917898612,0.687510917898612,100,3,100,49,5,0.054409449460187886,340.6666666666667,0.1092999882530421,0
633,100,5,68.69668234040097,0.6869668234040097,0.6869668234040097,100,3,100,49,5,0.054409449460187886,340.6666666666667,0.10480001219548285,0
634,100,5,68.64386565696515,0.6864386565696514,0.6864386565696514,100,4,100,68,5,0.05281668343575774,354.0,0.10649999603629112,0
635,100,5,68.59162188286675,0.6859162188286675,0.6859162188286675,100,4,100,90,6,0.05224377409834702,464.0,189.6100000012666,13175
636,100,5,68.54037810876834,0.6854037810876834,0.6854037810876834,100,4,100,90,5,0.0512437740983529,464.0,0.10370000381954014,0
637,100,5,68.4884652893433,0.6848846528934329,0.6848846528934329,100,4,100,90,5,0.051912819425016465,464.0,0.09889999637380242,0
638,100,5,68.43722151524489,0.6843722151524488,0.6843722151524488,100,4,100,90,5,0.051243774098356454,464.0,0.10279999696649611,0
639,100,5,68.38530869581982,0.6838530869581981,0.6838530869581981,100,4,100,90,5,0.05191281942502002,464.0,0.10079998173750937,0
640,100,5,68.33100183842103,0.6833100183842103,0.6833100183842103,100,4,100,59,6,0.054306857398728425,309.0,166.48050001822412,13175
641,100,5,68.27769498102224,0.6827769498102224,0.6827769498102224,100,4,100,59,5,0.05330685739873431,309.0,0.10590002057142556,0
642,100,5,68.22438812362346,0.6822438812362346,0.6822438812362346,100,4,100,59,5,0.053306857398730756,309.0,0.10559998918324709,0
643,100,5,68.17108126622469,0.6817108126622469,0.6817108126622469,100,4,100,59,5,0.05330685739873431,309.0,0.10299999848939478,0
644,100,5,68.1177744088259,0.6811777440882589,0.6811777440882589,100,4,100,59,5,0.05330685739873431,309.0,0.1052000152412802,0
645,100,5,68.06902142453335,0.6806902142453335,0.6806902142453335,100,5,100,100,6,0.04875298429250563,414.0,182.93950002407655,13175
646,100,5,68.02126844024079,0.6802126844024079,0.6802126844024079,100,5,100,100,5,0.047752984292515066,414.0,0.08589998469687998,0
647,100,5,67.97351545594823,0.6797351545594823,0.6797351545594823,100,5,100,100,5,0.04775298429251151,414.0,0.10010000551119447,0
648,100,5,67.92576247165564,0.6792576247165565,0.6792576247165565,100,5,100,100,5,0.047752984292515066,414.0,0.09989997488446534,0
649,100,5,67.87800948736312,0.6787800948736311,0.6787800948736311,100,5,100,100,5,0.04775298429250796,414.0,0.0999000039882958,0
650,100,5,67.8276197544348,0.6782761975443481,0.6782761975443481,100,5,100,100,6,0.05038973292825233,414.0,168.73039997881278,13175
651,100,5,67.77823002150652,0.6777823002150651,0.6777823002150651,100,5,100,100,5,0.04938973292825466,414.0,0.1010000123642385,0
652,100,5,67.72884028857821,0.6772884028857821,0.6772884028857821,100,5,100,100,5,0.04938973292825466,414.0,0.08540000999346375,0
653,100,5,67.67687911501616,0.6767687911501616,0.6767687911501616,100,4,100,90,5,0.051961173562006024,464.0,0.10350000229664147,0
654,100,5,67.6249179414541,0.676249179414541,0.676249179414541,100,4,100,90,5,0.051961173562006024,464.0,0.10840001050382853,0
655,100,5,67.57390198210982,0.6757390198210982,0.6757390198210982,100,4,100,67,6,0.051015959344248074,349.0,166.86749999644235,13175
656,100,5,67.5238860227655,0.675238860227655,0.675238860227655,100,4,100,67,5,0.050015959344250405,349.0,0.1005999802146107,0
657,100,5,67.47387006342122,0.6747387006342122,0.6747387006342122,100,4,100,67,5,0.050015959344250405,349.0,0.09929999941959977,0
658,100,5,67.42385410407688,0.6742385410407689,0.6742385410407689,100,4,100,67,5,0.050015959344250405,349.0,0.10640002437867224,0
659,100,5,67.3738381447326,0.673738381447326,0.673738381447326,100,4,100,67,5,0.05001595934425751,349.0,0.10380000458098948,0
660,100,5,67.32192429051905,0.6732192429051905,0.6732192429051905,100,4,100,83,6,0.05191385421349537,429.0,180.23090000497177,13175
661,100,5,67.27213662764956,0.6727213662764956,0.6727213662764956,100,4,100,83,5,0.04978766286942715,429.0,0.10390000534243882,0
662,100,5,67.22234896478007,0.6722234896478007,0.6722234896478007,100,4,100,83,5,0.04978766286944847,429.0,0.10539998766034842,0
663,100,5,67.17256130191058,0.6717256130191057,0.6717256130191057,100,4,100,83,5,0.04978766286943426,429.0,0.10210002074018121,0
664,100,5,67.12277363904109,0.6712277363904109,0.6712277363904109,100,4,100,83,5,0.04978766286944136,429.0,0.08550001075491309,0
665,100,5,67.06701799345976,0.6706701799345975,0.6706701799345975,100,4,100,86,6,0.05575564558130708,444.0,167.16330000781454,13175
666,100,5,67.01226234787842,0.6701226234787842,0.6701226234787842,100,4,100,86,5,0.05475564558130941,444.0,0.20670000230893493,0
667,100,5,66.95750670229705,0.6695750670229705,0.6695750670229705,100,4,100,86,5,0.05475564558130941,444.0,0.10340000153519213,0
668,100,5,66.90275105671572,0.6690275105671571,0.6690275105671571,100,4,100,86,5,0.05475564558130941,444.0,0.11550000635907054,0
669,100,5,66.84799541113439,0.6684799541113439,0.6684799541113439,100,4,100,86,5,0.05475564558130941,444.0,0.10439998004585505,0
670,100,5,66.79909089524101,0.6679909089524101,0.6679909089524101,100,5,100,100,6,0.048904515893319456,414.0,173.18579999846406,13175
671,100,5,66.75118637934764,0.6675118637934765,0.6675118637934765,100,5,100,100,5,0.04790451589332889,414.0,0.10189999011345208,0
672,100,5,66.70328186345428,0.6670328186345428,0.6670328186345428,100,5,100,100,5,0.047904515893321786,414.0,0.10210002074018121,0
673,100,5,66.65537734756091,0.6665537734756092,0.6665537734756092,100,5,100,100,5,0.047904515893321786,414.0,0.11210000957362354,0
674,100,5,66.60615133747017,0.6660615133747017,0.6660615133747017,100,5,100,100,5,0.049226010090713146,414.0,0.1033000007737428,0
675,100,5,66.55630058506352,0.6655630058506352,0.6655630058506352,100,5,100,100,6,0.049850752406591425,414.0,168.49730000831187,13175
676,100,5,66.50744983265687,0.6650744983265687,0.6650744983265687,100,5,100,100,5,0.04885075240660086,414.0,0.11519997497089207,0
677,100,5,66.45859908025022,0.6645859908025022,0.6645859908025022,100,5,100,100,5,0.04885075240660086,414.0,0.10909998673014343,0
678,100,5,66.40974832784356,0.6640974832784355,0.6640974832784355,100,5,100,100,5,0.048850752406593756,414.0,0.08789999992586672,0
679,100,5,66.36089757543692,0.6636089757543693,0.6636089757543693,100,5,100,100,5,0.048850752406593756,414.0,0.11580000864341855,0
680,100,5,66.30622308362346,0.6630622308362346,0.6630622308362346,100,4,100,85,6,0.054674491813415216,439.0,173.46670001279563,13175
681,100,5,66.24878354423085,0.6624878354423085,0.6624878354423085,100,3,100,35,5,0.05743953939258972,247.33333333333334,0.1044000091496855,0
682,100,5,66.19386938878623,0.6619386938878623,0.6619386938878623,100,4,100,85,5,0.05491415544456402,439.0,0.10650002514012158,0
683,100,5,66.137623456339,0.66137623456339,0.66137623456339,100,3,100,74,5,0.05624593244716891,507.3333333333333,0.08789999992586672,0
684,100,5,66.08394896452556,0.6608394896452556,0.6608394896452556,100,4,100,85,5,0.053674491813403336,439.0,0.1120000088121742,0
685,100,5,66.03363097481112,0.6603363097481112,0.6603363097481112,100,5,100,100,6,0.050317989714400824,414.0,162.72930000559427,13175
686,100,5,65.98431298509668,0.6598431298509668,0.6598431298509668,100,5,100,100,5,0.04931798971439605,414.0,0.10320000001229346,0
687,100,5,65.93499499538227,0.6593499499538227,0.6593499499538227,100,5,100,100,5,0.04931798971439605,414.0,0.11019999510608613,0
688,100,5,65.88567700566783,0.6588567700566783,0.6588567700566783,100,5,100,100,5,0.04931798971441026,414.0,0.10659999679774046,0
689,100,5,65.83635901595339,0.6583635901595339,0.6583635901595339,100,5,100,100,5,0.049317989714403154,414.0,0.10949998977594078,0
690,100,5,65.78452849622528,0.6578452849622528,0.6578452849622528,100,5,100,100,6,0.05183051972808528,414.0,166.5095999778714,13175
691,100,5,65.73369797649715,0.6573369797649715,0.6573369797649715,100,5,100,100,5,0.050830519728094714,414.0,0.10539998766034842,0
692,100,5,65.68286745676905,0.6568286745676905,0.6568286745676905,100,5,100,100,5,0.05083051972810182,414.0,0.1066999975591898,0
693,100,5,65.63203693704091,0.656320369370409,0.656320369370409,100,5,100,100,5,0.050830519728094714,414.0,0.10710000060498714,0
694,100,5,65.58120641731279,0.6558120641731279,0.6558120641731279,100,5,100,100,5,0.050830519728094714,414.0,0.11040002573281527,0
695,100,5,65.52674695584012,0.6552674695584012,0.6552674695584012,100,5,100,100,6,0.054459461472610826,414.0,165.8717000100296,13175
696,100,5,65.47328749436745,0.6547328749436745,0.6547328749436745,100,5,100,100,5,0.05345946147262737,414.0,0.10999999358318746,0
697,100,5,65.4198280328948,0.654198280328948,0.654198280328948,100,5,100,100,5,0.05345946147262026,414.0,0.11719999019987881,0
698,100,5,65.36636857142213,0.6536636857142213,0.6536636857142213,100,5,100,100,5,0.05345946147261316,414.0,0.09940000018104911,0
699,100,5,65.31290910994947,0.6531290910994947,0.6531290910994947,100,5,100,100,5,0.05345946147262026,414.0,0.08880000677891076,0
700,100,5,65.25733487398881,0.6525733487398881,0.6525733487398881,100,3,100,62,6,0.055574235960619944,427.3333333333333,167.01120001380332,13175
701,100,5,65.20160345824918,0.6520160345824918,0.6520160345824918,100,4,100,81,5,0.05573141573960072,419.0,0.0889000075403601,0
702,100,5,65.1489775153833,0.6514897751538329,0.6514897751538329,100,4,100,81,5,0.05262594286584488,419.0,0.10679999832063913,0
703,100,5,65.0963515725174,0.6509635157251741,0.6509635157251741,100,4,100,81,5,0.05262594286583777,419.0,0.10699999984353781,0
704,100,5,65.04372562965153,0.6504372562965153,0.6504372562965153,100,4,100,81,5,0.05262594286585198,419.0,0.08789999992586672,0
705,100,5,64.99373325422148,0.6499373325422149,0.6499373325422149,100,5,100,100,6,0.049992375429972924,414.0,145.87639999808744,13175
706,100,5,64.94474087879145,0.6494474087879145,0.6494474087879145,100,5,100,100,5,0.04899237542998236,414.0,0.10340000153519213,0
707,100,5,64.89446278304453,0.6489446278304453,0.6489446278304453,100,5,100,100,5,0.0502780957468687,414.0,0.10400000610388815,0
708,100,5,64.84289896698073,0.6484289896698072,0.6484289896698072,100,4,100,89,5,0.051563816063733725,459.0,0.10199999087490141,0
709,100,5,64.7939065915507,0.647939065915507,0.647939065915507,100,5,100,100,5,0.04899237542998236,414.0,0.13010000111535192,0
710,100,5,64.74195660379866,0.6474195660379866,0.6474195660379866,100,4,100,90,6,0.05194998775198201,464.0,158.172099996591,13175
711,100,5,64.69100661604662,0.6469100661604662,0.6469100661604662,100,4,100,90,5,0.05094998775197013,464.0,0.10499998461455107,0
712,100,5,64.64005662829459,0.6464005662829458,0.6464005662829458,100,4,100,90,5,0.05094998775198434,464.0,0.10179998935200274,0
713,100,5,64.58910664054254,0.6458910664054254,0.6458910664054254,100,4,100,90,5,0.05094998775197723,464.0,0.10580001980997622,0
714,100,5,64.53815665279052,0.6453815665279052,0.6453815665279052,100,4,100,90,5,0.05094998775197013,464.0,0.10260002454742789,0
715,100,5,64.48866745282919,0.644886674528292,0.644886674528292,100,5,100,100,6,0.049489199961264774,414.0,157.38560000318103,13175
716,100,5,64.44017825286787,0.6444017825286786,0.6444017825286786,100,5,100,100,5,0.04848919996127421,414.0,0.10269999620504677,0
717,100,5,64.39168905290656,0.6439168905290655,0.6439168905290655,100,5,100,100,5,0.04848919996127421,414.0,0.1052000152412802,0
718,100,5,64.34319985294523,0.6434319985294523,0.6434319985294523,100,5,100,100,5,0.04848919996127421,414.0,0.06549997488036752,0
719,100,5,64.29471065298391,0.6429471065298391,0.6429471065298391,100,5,100,100,5,0.04848919996127421,414.0,0.10879998444579542,0
720,100,5,64.24084129524473,0.6424084129524473,0.6424084129524473,100,4,100,86,6,0.05386935773915269,444.0,164.91649998351932,13175
721,100,5,64.18797193750555,0.6418797193750555,0.6418797193750555,100,4,100,86,5,0.052869357739162126,444.0,0.10529998689889908,0
722,100,5,64.13510257976638,0.6413510257976638,0.6413510257976638,100,4,100,86,5,0.052869357739147915,444.0,0.10050000855699182,0
723,100,5,64.08223322202721,0.6408223322202722,0.6408223322202722,100,4,100,86,5,0.05286935773915502,444.0,0.10609999299049377,0
724,100,5,64.02936386428803,0.6402936386428802,0.6402936386428802,100,4,100,86,5,0.052869357739147915,444.0,0.10770000517368317,0
725,100,5,63.97657571532266,0.6397657571532266,0.6397657571532266,100,5,100,100,6,0.052788148965298376,414.0,168.06699999142438,13175
726,100,5,63.92478756635731,0.6392478756635731,0.6392478756635731,100,5,100,100,5,0.05178814896530781,414.0,0.10189999011345208,0
727,100,5,63.87299941739196,0.6387299941739196,0.6387299941739196,100,5,100,100,5,0.05178814896531492,414.0,0.10409997776150703,0
728,100,5,63.82121126842659,0.6382121126842659,0.6382121126842659,100,5,100,100,5,0.05178814896530781,414.0,0.10240002302452922,0
729,100,5,63.76942311946124,0.6376942311946123,0.6376942311946123,100,5,100,100,5,0.05178814896531492,414.0,0.10350000229664147,0
730,100,5,63.71903817644928,0.6371903817644928,0.6371903817644928,100,4,100,65,6,0.05038494301192031,339.0,164.30160001618788,13175
731,100,5,63.66965323343733,0.6366965323343733,0.6366965323343733,100,4,100,65,5,0.049384943011922644,339.0,0.14700001338496804,0
732,100,5,63.62026829042538,0.6362026829042537,0.6362026829042537,100,4,100,65,5,0.04938494301192975,339.0,0.09700001101009548,0
733,100,5,63.57088334741343,0.6357088334741343,0.6357088334741343,100,4,100,65,5,0.04938494301190133,339.0,0.10390000534243882,0
734,100,5,63.521498404401484,0.6352149840440149,0.6352149840440149,100,4,100,65,5,0.049384943011922644,339.0,0.10689999908208847,0
735,100,5,63.457820937206236,0.6345782093720623,0.6345782093720623,100,2,100,67,6,0.06367746719519829,684.0,187.81299999682233,13175
736,100,5,63.39903640484213,0.6339903640484212,0.6339903640484212,100,3,100,74,5,0.05878453236405079,507.3333333333333,0.10340000153519213,0
737,100,5,63.34211591032948,0.6334211591032948,0.6334211591032948,100,4,100,91,5,0.056920494512581854,469.0,0.10980002116411924,0
738,100,5,63.28333137796538,0.6328333137796538,0.6328333137796538,100,3,100,74,5,0.058784532364043685,507.3333333333333,0.10730000212788582,0
739,100,5,63.224546845601274,0.6322454684560127,0.6322454684560127,100,3,100,74,5,0.05878453236405079,507.3333333333333,0.11290001566521823,0
740,100,5,63.16751548959097,0.6316751548959096,0.6316751548959096,100,4,100,97,6,0.05703135601024911,504.0,158.99830000125803,13175
741,100,5,63.11148413358067,0.6311148413358066,0.6311148413358066,100,4,100,97,5,0.05603135601025144,504.0,0.17099999240599573,0
742,100,5,63.05545277757035,0.6305545277757035,0.6305545277757035,100,4,100,97,5,0.05603135601025144,504.0,0.0872999953571707,0
743,100,5,62.99942142156004,0.6299942142156003,0.6299942142156003,100,4,100,97,5,0.05603135601025144,504.0,0.1066999975591898,0
744,100,5,62.94339006554972,0.6294339006554972,0.6294339006554972,100,4,100,97,5,0.05603135601025144,504.0,0.10580001980997622,0
745,100,5,62.89505897046516,0.6289505897046516,0.6289505897046516,100,5,100,100,6,0.048331095084520825,414.0,157.11739999824204,13175
746,100,5,62.84772787538058,0.6284772787538058,0.6284772787538058,100,5,100,100,5,0.047331095084523156,414.0,0.09329998283647001,0
747,100,5,62.800396780296005,0.6280039678029601,0.6280039678029601,100,5,100,100,5,0.04733109508451605,414.0,0.10529998689889908,0
748,100,5,62.753065685211446,0.6275306568521145,0.6275306568521145,100,5,100,100,5,0.047331095084523156,414.0,0.10270002530887723,0
749,100,5,62.70573459012686,0.6270573459012686,0.6270573459012686,100,5,100,100,5,0.047331095084523156,414.0,0.06980000762268901,0
750,100,5,62.65332135872204,0.6265332135872204,0.6265332135872204,100,5,100,100,6,0.052413231404777605,414.0,163.6737999797333,13175
751,100,5,62.6019081273172,0.6260190812731721,0.6260190812731721,100,5,100,100,5,0.05141323140478704,414.0,0.1047999830916524,0
752,100,5,62.55049489591237,0.6255049489591237,0.6255049489591237,100,5,100,100,5,0.05141323140478704,414.0,0.08850000449456275,0
753,100,5,62.499081664507536,0.6249908166450754,0.6249908166450754,100,5,100,100,5,0.051413231404779935,414.0,0.6786000158172101,0
754,100,5,62.447668433102706,0.6244766843310271,0.6244766843310271,100,5,100,100,5,0.05141323140478704,414.0,0.10710000060498714,0
755,100,5,62.39588970112277,0.6239588970112276,0.6239588970112276,100,5,100,100,6,0.051778731979858605,414.0,169.2922000074759,13175
756,100,5,62.347682409776596,0.623476824097766,0.623476824097766,100,5,100,100,5,0.048207291346116676,414.0,0.11029999586753547,0
757,100,5,62.299475118430415,0.6229947511843041,0.6229947511843041,100,5,100,100,5,0.048207291346116676,414.0,0.10269999620504677,0
758,100,5,62.251267827084234,0.6225126782708423,0.6225126782708423,100,5,100,100,5,0.04820729134610957,414.0,0.11209998046979308,0
759,100,5,62.203060535738054,0.6220306053573805,0.6220306053573805,100,5,100,100,5,0.04820729134612378,414.0,0.10470001143403351,0
760,100,5,62.15053845028928,0.6215053845028928,0.6215053845028928,100,5,100,100,6,0.05252208544872161,414.0,169.13009999552742,13175
761,100,5,62.09842894176883,0.6209842894176884,0.6209842894176884,100,5,100,100,5,0.052109508520388204,414.0,0.1066999975591898,0
762,100,5,62.04624330085947,0.6204624330085947,0.6204624330085947,100,5,100,100,5,0.05218564090929334,414.0,0.08640001760795712,0
763,100,5,61.99339410448956,0.6199339410448956,0.6199339410448956,100,4,100,76,5,0.05284919636987695,394.0,0.10880001354962587,0
764,100,5,61.94187201904077,0.6194187201904078,0.6194187201904078,100,5,100,100,5,0.05152208544873105,414.0,0.10599999222904444,0
765,100,5,61.890762579945616,0.6189076257994561,0.6189076257994561,100,5,100,100,6,0.05110943909511434,414.0,165.79810000257567,13175
766,100,5,61.84065314085045,0.6184065314085045,0.6184065314085045,100,5,100,100,5,0.050109439095123776,414.0,0.10639999527484179,0
767,100,5,61.79054370175528,0.6179054370175528,0.6179054370175528,100,5,100,100,5,0.050109439095123776,414.0,0.10789997759275138,0
768,100,5,61.74043426266011,0.617404342626601,0.617404342626601,100,5,100,100,5,0.050109439095123776,414.0,0.09109999518841505,0
769,100,5,61.69032482356495,0.6169032482356495,0.6169032482356495,100,5,100,100,5,0.05010943909511667,414.0,0.10999999358318746,0
770,100,5,61.64015772936071,0.6164015772936071,0.6164015772936071,100,5,100,100,6,0.05016709420421961,414.0,174.24510000273585,13175
771,100,5,61.59099063515646,0.6159099063515646,0.6159099063515646,100,5,100,100,5,0.049167094204229045,414.0,0.10069998097606003,0
772,100,5,61.54115449562553,0.6154115449562553,0.6154115449562553,100,5,100,100,5,0.04983613953089616,414.0,0.06829999620094895,0
773,100,5,61.49131835609461,0.614913183560946,0.614913183560946,100,5,100,100,5,0.049836139530889056,414.0,0.10229999315924942,0
774,100,5,61.44215126189035,0.6144215126189035,0.6144215126189035,100,5,100,100,5,0.04916709420423615,414.0,0.10450000991113484,0
775,100,5,61.392055381125125,0.6139205538112512,0.6139205538112512,100,5,100,100,6,0.05009588076519833,414.0,162.69649998866953,13175
776,100,5,61.342959500359896,0.613429595003599,0.613429595003599,100,5,100,100,5,0.04909588076518645,414.0,0.11350002023391426,0
777,100,5,61.29386361959468,0.6129386361959468,0.6129386361959468,100,5,100,100,5,0.04909588076518645,414.0,0.10949998977594078,0
778,100,5,61.24476773882946,0.6124476773882946,0.6124476773882946,100,5,100,100,5,0.049095880765193556,414.0,0.1078000059351325,0
779,100,5,61.19567185806423,0.6119567185806423,0.6119567185806423,100,5,100,100,5,0.049095880765193556,414.0,0.10559998918324709,0
780,100,5,61.138395591898885,0.6113839559189889,0.6113839559189889,100,3,100,63,6,0.0572762661652888,434.0,165.02929999842308,13175
781,100,5,61.08211932573353,0.6108211932573353,0.6108211932573353,100,3,100,63,5,0.05627626616531245,434.0,0.10030000703409314,0
782,100,5,61.02584305956817,0.6102584305956816,0.6102584305956816,100,3,100,63,5,0.05627626616531245,434.0,0.09940000018104911,0
783,100,5,60.96956679340282,0.6096956679340282,0.6096956679340282,100,3,100,63,5,0.05627626616531245,434.0,0.10279999696649611,0
784,100,5,60.913290527237464,0.6091329052723746,0.6091329052723746,100,3,100,63,5,0.05627626616529824,434.0,0.06620000931434333,0
785,100,5,60.86563476481664,0.6086563476481665,0.6086563476481665,100,5,100,100,6,0.047655762420788506,414.0,159.18370001600124,13175
786,100,5,60.81897900239583,0.6081897900239582,0.6081897900239582,100,5,100,100,5,0.046655762420790836,414.0,0.09819999104365706,0
787,100,5,60.772323239975,0.60772323239975,0.60772323239975,100,5,100,100,5,0.04665576242078373,414.0,0.10400000610388815,0
788,100,5,60.72566747755418,0.6072566747755418,0.6072566747755418,100,5,100,100,5,0.04665576242076952,414.0,0.10050000855699182,0
789,100,5,60.679011715133356,0.6067901171513336,0.6067901171513336,100,5,100,100,5,0.046655762420790836,414.0,0.10200001997873187,0
790,100,5,60.624320538188464,0.6062432053818846,0.6062432053818846,100,4,100,83,6,0.05469117694484993,429.0,171.59809998702258,13175
791,100,5,60.57062936124358,0.6057062936124358,0.6057062936124358,100,4,100,83,5,0.053691176944859365,429.0,0.11030002497136593,0
792,100,5,60.51693818429869,0.6051693818429869,0.6051693818429869,100,4,100,83,5,0.05369117694485226,429.0,0.7013000140432268,0
793,100,5,60.467698245795134,0.6046769824579513,0.6046769824579513,100,5,100,100,5,0.04923993850352559,414.0,0.0709999876562506,0
794,100,5,60.41400706885026,0.6041400706885026,0.6041400706885026,100,4,100,83,5,0.05369117694485226,429.0,0.11260001338087022,0
795,100,5,60.36250655017211,0.603625065501721,0.603625065501721,100,5,100,100,6,0.05150051867811811,414.0,165.30979998060502,13175
796,100,5,60.31200603149396,0.6031200603149396,0.6031200603149396,100,5,100,100,5,0.05050051867810623,414.0,0.10750000365078449,0
797,100,5,60.2615055128158,0.602615055128158,0.602615055128158,100,5,100,100,5,0.05050051867812044,414.0,0.10770000517368317,0
798,100,5,60.211004994137646,0.6021100499413765,0.6021100499413765,100,5,100,100,5,0.05050051867812044,414.0,0.06620000931434333,0
799,100,5,60.1605044754595,0.601605044754595,0.601605044754595,100,5,100,100,5,0.05050051867811334,414.0,0.10790000669658184,0
800,100,5,60.10691669943005,0.6010691669943005,0.6010691669943005,100,5,100,100,6,0.053587776029409895,414.0,162.21119998954237,13175
801,100,5,60.055381875040865,0.6005538187504087,0.6005538187504087,100,5,100,100,5,0.0515348243891367,414.0,0.10410000686533749,0
802,100,5,60.00513277096856,0.6000513277096856,0.6000513277096856,100,5,100,100,5,0.05024910407226457,414.0,0.12500002048909664,0
803,100,5,59.95488366689625,0.5995488366689625,0.5995488366689625,100,5,100,100,5,0.05024910407226457,414.0,0.1066999975591898,0
804,100,5,59.903348842507064,0.5990334884250706,0.5990334884250706,100,5,100,100,5,0.05153482438914381,414.0,0.10609999299049377,0
805,100,5,59.8510734627094,0.598510734627094,0.598510734627094,100,4,100,77,6,0.05227537979761365,399.0,160.52879998460412,13175
806,100,5,59.79979808291174,0.5979979808291174,0.5979979808291174,100,4,100,77,5,0.05127537979761598,399.0,0.1024999946821481,0
807,100,5,59.74852270311408,0.5974852270311408,0.5974852270311408,100,4,100,77,5,0.0512753797976373,399.0,0.10549998842179775,0
808,100,5,59.69724732331642,0.5969724732331642,0.5969724732331642,100,4,100,77,5,0.05127537979762309,399.0,0.10659999679774046,0
809,100,5,59.64597194351875,0.5964597194351875,0.5964597194351875,100,4,100,77,5,0.05127537979761598,399.0,0.10199999087490141,0
810,100,5,59.59049635613225,0.5959049635613225,0.5959049635613225,100,4,100,73,6,0.05547558738648206,379.0,155.64690000610426,13175
811,100,5,59.53602076874572,0.5953602076874572,0.5953602076874572,100,4,100,73,5,0.05447558738648439,379.0,0.1036000030580908,0
812,100,5,59.4815451813592,0.594815451813592,0.594815451813592,100,4,100,73,5,0.05447558738648439,379.0,0.0872999953571707,0
813,100,5,59.42706959397268,0.5942706959397268,0.5942706959397268,100,4,100,73,5,0.05447558738648439,379.0,0.10619999375194311,0
814,100,5,59.37259400658616,0.5937259400658617,0.5937259400658617,100,4,100,73,5,0.05447558738648439,379.0,0.10629999451339245,0
815,100,5,59.31926951628012,0.5931926951628013,0.5931926951628013,100,4,100,68,6,0.053324490305989514,354.0,159.25090000382625,13175
816,100,5,59.270214813266264,0.5927021481326626,0.5927021481326626,100,5,100,100,5,0.04905470301381598,414.0,0.14710001414641738,0
817,100,5,59.22018596370502,0.5922018596370502,0.5922018596370502,100,5,100,100,5,0.05002884956120113,414.0,0.0678999931551516,0
818,100,5,59.17015711414378,0.5917015711414377,0.5917015711414377,100,5,100,100,5,0.05002884956120823,414.0,0.06629998097196221,0
819,100,5,59.12110241112991,0.5912110241112991,0.5912110241112991,100,5,100,100,5,0.04905470301382309,414.0,0.06839999696239829,0
820,100,5,59.06884270368439,0.5906884270368439,0.5906884270368439,100,4,100,84,6,0.05225970744546515,434.0,149.8031999799423,13175
821,100,5,59.01758299623888,0.5901758299623888,0.5901758299623888,100,4,100,84,5,0.051259707445467484,434.0,0.10829998063854873,0
822,100,5,58.966323288793355,0.5896632328879335,0.5896632328879335,100,4,100,84,5,0.0512597074454888,434.0,0.10400000610388815,0
823,100,5,58.915063581347844,0.5891506358134785,0.5891506358134785,100,4,100,84,5,0.05125970744547459,434.0,0.10069998097606003,0
824,100,5,58.86380387390233,0.5886380387390233,0.5886380387390233,100,4,100,84,5,0.051259707445467484,434.0,0.08360002539120615,0
825,100,5,58.81316321068552,0.5881316321068553,0.5881316321068553,100,5,100,100,6,0.050640663216761084,414.0,147.22670000628568,13175
826,100,5,58.76352254746872,0.5876352254746872,0.5876352254746872,100,5,100,100,5,0.04964066321677052,414.0,0.10340000153519213,0
827,100,5,58.71388188425192,0.5871388188425192,0.5871388188425192,100,5,100,100,5,0.049640663216777625,414.0,0.10679999832063913,0
828,100,5,58.664241221035105,0.5866424122103511,0.5866424122103511,100,5,100,100,5,0.04964066321677052,414.0,0.10480001219548285,0
829,100,5,58.61460055781829,0.586146005578183,0.586146005578183,100,5,100,100,5,0.049640663216763414,414.0,0.10309999925084412,0
830,100,5,58.56110788044116,0.5856110788044117,0.5856110788044117,100,5,100,100,6,0.05349267737710761,414.0,147.69039998645894,13175
831,100,5,58.50861520306405,0.5850861520306405,0.5850861520306405,100,5,100,100,5,0.05249267737710284,414.0,0.09950000094249845,0
832,100,5,58.45612252568691,0.584561225256869,0.584561225256869,100,5,100,100,5,0.05249267737709573,414.0,0.12680000509135425,0
833,100,5,58.403629848309784,0.5840362984830978,0.5840362984830978,100,5,100,100,5,0.05249267737709573,414.0,0.10659999679774046,0
834,100,5,58.35113717093265,0.5835113717093265,0.5835113717093265,100,5,100,100,5,0.05249267737709573,414.0,0.1066999975591898,0
835,100,5,58.30058249478484,0.5830058249478484,0.5830058249478484,100,5,100,100,6,0.05055467614776177,414.0,152.44559998973273,13175
836,100,5,58.251027818637,0.58251027818637,0.58251027818637,100,5,100,100,5,0.049554676147771204,414.0,0.10850001126527786,0
837,100,5,58.20147314248917,0.5820147314248917,0.5820147314248917,100,5,100,100,5,0.0495546761477641,414.0,0.1024999946821481,0
838,100,5,58.15191846634135,0.5815191846634135,0.5815191846634135,100,5,100,100,5,0.04955467614777831,414.0,0.10320000001229346,0
839,100,5,58.102363790193536,0.5810236379019353,0.5810236379019353,100,5,100,100,5,0.049554676147771204,414.0,0.11189997894689441,0
840,100,5,58.048281530332794,0.5804828153033279,0.5804828153033279,100,5,100,100,6,0.054082259860670945,414.0,157.11419997387566,13175
841,100,5,57.99385804494231,0.579938580449423,0.579938580449423,100,5,100,99,5,0.054423485390437065,414.0,0.10569998994469643,0
842,100,5,57.940775785081584,0.5794077578508159,0.5794077578508159,100,5,100,100,5,0.053082259860673275,414.0,0.06319998647086322,0
843,100,5,57.88522610834705,0.5788522610834704,0.5788522610834704,100,5,100,99,5,0.0555496767344863,414.0,0.1036000030580908,0
844,100,5,57.830802622956575,0.5783080262295658,0.5783080262295658,100,5,100,99,5,0.05442348539041575,414.0,0.06510000093840063,0
845,100,5,57.77936018539791,0.5777936018539791,0.5777936018539791,100,5,100,100,6,0.05144243755862732,414.0,144.9105000065174,13175
846,100,5,57.728248702512595,0.577282487025126,0.577282487025126,100,5,100,100,5,0.05111148288527545,414.0,0.10510001447983086,0
847,100,5,57.67780626495392,0.5767780626495392,0.5767780626495392,100,5,100,100,5,0.050442437558622544,414.0,0.10720000136643648,0
848,100,5,57.627363827395264,0.5762736382739526,0.5762736382739526,100,5,100,100,5,0.05044243755861544,414.0,0.10390000534243882,0
849,100,5,57.5769213898366,0.575769213898366,0.575769213898366,100,5,100,100,5,0.05044243755862965,414.0,0.10539998766034842,0
850,100,5,57.5217920907575,0.575217920907575,0.575217920907575,100,4,100,77,6,0.05512929907905573,399.0,149.43220000714064,13175
851,100,5,57.46766279167838,0.5746766279167838,0.5746766279167838,100,4,100,77,5,0.05412929907906516,399.0,0.10579999070614576,0
852,100,5,57.413533492599264,0.5741353349259927,0.5741353349259927,100,4,100,77,5,0.05412929907906516,399.0,0.07089998689480126,0
853,100,5,57.36385543196147,0.5736385543196146,0.5736385543196146,100,5,100,100,5,0.0496780606377385,414.0,0.1044000091496855,0
854,100,5,57.30972613288235,0.5730972613288235,0.5730972613288235,100,4,100,77,5,0.05412929907906516,399.0,0.1047999830916524,0
855,100,5,57.2536562475467,0.572536562475467,0.572536562475467,100,4,100,61,6,0.05606988533561008,319.0,157.26350000477396,13175
856,100,5,57.19858636221104,0.5719858636221103,0.5719858636221103,100,4,100,61,5,0.05506988533562662,319.0,0.1044000091496855,0
857,100,5,57.14351647687539,0.5714351647687539,0.5714351647687539,100,4,100,61,5,0.05506988533561241,319.0,0.14630000805482268,0
858,100,5,57.08844659153972,0.5708844659153972,0.5708844659153972,100,4,100,61,5,0.05506988533561952,319.0,0.12390001211315393,0
859,100,5,57.033376706204066,0.5703337670620406,0.5703337670620406,100,4,100,61,5,0.055069885335605306,319.0,0.10159998782910407,0
860,100,5,56.98188289697731,0.5698188289697731,0.5698188289697731,100,4,100,88,6,0.05149380922671298,454.0,143.081100017298,13175
861,100,5,56.93138908775055,0.5693138908775055,0.5693138908775055,100,4,100,88,5,0.050493809226715314,454.0,0.10010000551119447,0
862,100,5,56.880895278523795,0.5688089527852379,0.5688089527852379,100,4,100,88,5,0.05049380922672242,454.0,0.10380000458098948,0
863,100,5,56.83040146929703,0.5683040146929703,0.5683040146929703,100,4,100,88,5,0.05049380922670821,454.0,0.06910000229254365,0
864,100,5,56.779907660070265,0.5677990766007026,0.5677990766007026,100,4,100,88,5,0.05049380922672242,454.0,0.1078000059351325,0
865,100,5,56.72916385906835,0.5672916385906835,0.5672916385906835,100,4,100,61,6,0.05074380100187881,319.0,153.47130000009201,13175
866,100,5,56.679420058066434,0.5667942005806643,0.5667942005806643,100,4,100,61,5,0.04974380100188114,319.0,0.12740000966005027,0
867,100,5,56.6296762570645,0.566296762570645,0.566296762570645,100,4,100,61,5,0.04974380100189535,319.0,0.11019999510608613,0
868,100,5,56.57993245606259,0.565799324560626,0.565799324560626,100,4,100,61,5,0.04974380100187403,319.0,0.10979999206028879,0
869,100,5,56.53018865506067,0.5653018865506066,0.5653018865506066,100,4,100,61,5,0.04974380100188114,319.0,0.11600001016631722,0
870,100,5,56.476567845086244,0.5647656784508625,0.5647656784508625,100,4,100,84,6,0.05362080997440444,434.0,149.74409999558702,13175
871,100,5,56.42394703511182,0.5642394703511182,0.5642394703511182,100,4,100,84,5,0.05262080997439256,434.0,0.10490001295693219,0
872,100,5,56.371326225137395,0.563713262251374,0.563713262251374,100,4,100,84,5,0.052620809974378346,434.0,0.0678999931551516,0
873,100,5,56.318705415162974,0.5631870541516297,0.5631870541516297,100,4,100,84,5,0.05262080997438545,434.0,0.06570000550709665,0
874,100,5,56.26608460518855,0.5626608460518855,0.5626608460518855,100,4,100,84,5,0.05262080997439256,434.0,0.4455000162124634,0
875,100,5,56.21634159683351,0.5621634159683351,0.5621634159683351,100,5,100,100,6,0.04974300835502987,414.0,137.34879999537952,13175
876,100,5,56.16759858847846,0.5616759858847846,0.5616759858847846,100,5,100,100,5,0.04874300835500378,414.0,0.10149998706765473,0
877,100,5,56.118855580123395,0.561188555801234,0.561188555801234,100,5,100,100,5,0.048743008355010886,414.0,0.10000000474974513,0
878,100,5,56.070112571768334,0.5607011257176834,0.5607011257176834,100,5,100,100,5,0.0487430083550251,414.0,0.10879998444579542,0
879,100,5,56.0213695634133,0.560213695634133,0.560213695634133,100,5,100,100,5,0.04874300835501799,414.0,0.1052000152412802,0
880,100,5,55.97269991277939,0.5597269991277939,0.5597269991277939,100,5,100,100,6,0.04866965063387596,414.0,136.30579999880865,13175
881,100,5,55.925030262145484,0.5592503026214548,0.5592503026214548,100,5,100,100,5,0.04766965063386408,414.0,0.09330001194030046,0
882,100,5,55.87736061151158,0.5587736061151157,0.5587736061151157,100,5,100,100,5,0.047669650633871186,414.0,0.10689999908208847,0
883,100,5,55.829690960877656,0.5582969096087765,0.5582969096087765,100,5,100,100,5,0.047669650633856975,414.0,0.11060002725571394,0
884,100,5,55.78202131024375,0.5578202131024375,0.5578202131024375,100,5,100,100,5,0.047669650633871186,414.0,0.10239999392069876,0
885,100,5,55.73029540183768,0.5573029540183768,0.5573029540183768,100,5,100,100,6,0.051725908406062615,414.0,155.9541999886278,13175
886,100,5,55.67956949343159,0.5567956949343159,0.5567956949343159,100,5,100,100,5,0.05072590840607205,414.0,0.08289999095723033,0
887,100,5,55.62884358502552,0.5562884358502552,0.5562884358502552,100,5,100,100,5,0.05072590840605784,414.0,0.1016999885905534,0
888,100,5,55.578117676619435,0.5557811767661943,0.5557811767661943,100,5,100,100,5,0.050725908406064946,414.0,0.10309999925084412,0
889,100,5,55.52739176821335,0.5552739176821335,0.5552739176821335,100,5,100,100,5,0.05072590840605784,414.0,0.10060000931844115,0
890,100,5,55.46785972962331,0.554678597296233,0.554678597296233,100,4,100,71,6,0.059532038590006664,369.0,147.8019000205677,13175
891,100,5,55.40932769103326,0.5540932769103326,0.5540932769103326,100,4,100,71,5,0.058532038590008995,369.0,0.10920001659542322,0
892,100,5,55.35079565244321,0.5535079565244321,0.5535079565244321,100,4,100,71,5,0.058532038590008995,369.0,0.10639999527484179,0
893,100,5,55.29226361385316,0.5529226361385315,0.5529226361385315,100,4,100,71,5,0.05853203859000189,369.0,0.10619999375194311,0
894,100,5,55.233731575263114,0.5523373157526311,0.5523373157526311,100,4,100,71,5,0.058532038590008995,369.0,0.10519998613744974,0
895,100,5,55.172039076077155,0.5517203907607715,0.5517203907607715,100,4,100,97,6,0.06169249918591646,499.0,148.5734999878332,13175
896,100,5,55.11134657689121,0.5511134657689121,0.5511134657689121,100,4,100,97,5,0.06069249918591879,499.0,0.11310001718811691,0
897,100,5,55.051975571902645,0.5505197557190264,0.5505197557190264,100,4,100,97,5,0.059371004988520326,499.0,0.10790000669658184,0
898,100,5,54.99260456691409,0.5499260456691409,0.5499260456691409,100,4,100,97,5,0.05937100498852743,499.0,0.1044000091496855,0
899,100,5,54.93323356192555,0.5493323356192554,0.5493323356192554,100,4,100,97,5,0.05937100498852743,499.0,0.10199999087490141,0
900,100,5,54.880269121246045,0.5488026912124604,0.5488026912124604,100,5,100,100,6,0.05296444067945316,414.0,143.6272999853827,13175
901,100,5,54.82830468056656,0.5482830468056656,0.5482830468056656,100,5,100,100,5,0.05196444067944128,414.0,0.11160000576637685,0
902,100,5,54.77634023988706,0.5477634023988707,0.5477634023988707,100,5,100,100,5,0.05196444067945549,414.0,0.05780000356025994,0
903,100,5,54.724375799207564,0.5472437579920757,0.5472437579920757,100,5,100,100,5,0.05196444067944128,414.0,0.060600024880841374,0
904,100,5,54.67241135852808,0.5467241135852808,0.5467241135852808,100,5,100,100,5,0.05196444067944128,414.0,0.08359999628737569,0
905,100,5,54.62489908029552,0.5462489908029552,0.5462489908029552,100,5,100,100,6,0.047512278232552774,414.0,143.67379999021068,13175
906,100,5,54.578386802062965,0.5457838680206296,0.5457838680206296,100,5,100,100,5,0.04651227823254089,414.0,0.10149998706765473,0
907,100,5,54.531874523830396,0.5453187452383039,0.5453187452383039,100,5,100,100,5,0.04651227823254089,414.0,0.06019999273121357,0
908,100,5,54.48536224559784,0.5448536224559785,0.5448536224559785,100,5,100,100,5,0.04651227823254089,414.0,0.11150000500492752,0
909,100,5,54.43884996736527,0.5443884996736528,0.5443884996736528,100,5,100,100,5,0.046512278232548,414.0,0.1052000152412802,0
910,100,5,54.38872413573857,0.5438872413573858,0.5438872413573858,100,5,100,100,6,0.05012583162666573,414.0,153.1494999944698,13175
911,100,5,54.33959830411187,0.5433959830411187,0.5433959830411187,100,5,100,100,5,0.049125831626660954,414.0,0.10689999908208847,0
912,100,5,54.290472472485156,0.5429047247248515,0.5429047247248515,100,5,100,100,5,0.04912583162664674,414.0,0.10209999163635075,0
913,100,5,54.24134664085845,0.5424134664085846,0.5424134664085846,100,5,100,100,5,0.04912583162666806,414.0,0.06839999696239829,0
914,100,5,54.192220809231756,0.5419222080923176,0.5419222080923176,100,5,100,100,5,0.04912583162664674,414.0,0.09779998799785972,0
915,100,5,54.131884497213875,0.5413188449721388,0.5413188449721388,100,3,100,52,6,0.06033631201785994,360.6666666666667,145.6309999921359,13175
916,100,5,54.07254818519599,0.5407254818519599,0.5407254818519599,100,4,100,74,5,0.059336312017869375,384.0,0.10569998994469643,0
917,100,5,54.0132118731781,0.540132118731781,0.540132118731781,100,3,100,52,5,0.05933631201784806,360.6666666666667,0.1036000030580908,0
918,100,5,53.954492038570635,0.5395449203857063,0.5395449203857063,100,4,100,74,5,0.058719834607430244,384.0,0.10189999011345208,0
919,100,5,53.89515572655275,0.5389515572655275,0.5389515572655275,100,3,100,52,5,0.059336312017855164,360.6666666666667,0.06690001464448869,0
920,100,5,53.84742677714208,0.5384742677714208,0.5384742677714208,100,5,100,100,6,0.04772894941063299,414.0,141.62370000849478,13175
921,100,5,53.80069782773141,0.5380069782773141,0.5380069782773141,100,5,100,100,5,0.04672894941063532,414.0,0.10599999222904444,0
922,100,5,53.753968878320734,0.5375396887832073,0.5375396887832073,100,5,100,100,5,0.04672894941062822,414.0,0.10320000001229346,0
923,100,5,53.70723992891006,0.5370723992891007,0.5370723992891007,100,5,100,100,5,0.04672894941063532,414.0,0.089599983766675,0
924,100,5,53.66051097949938,0.5366051097949938,0.5366051097949938,100,5,100,100,5,0.04672894941063532,414.0,0.10740000288933516,0
925,100,5,53.608016903889784,0.5360801690388979,0.5360801690388979,100,5,100,100,6,0.05249407560960151,414.0,151.21470001759008,13175
926,100,5,53.556522828280166,0.5355652282828016,0.5355652282828016,100,5,100,100,5,0.05149407560956831,414.0,0.10239999392069876,0
927,100,5,53.505028752670555,0.5350502875267056,0.5350502875267056,100,5,100,100,5,0.05149407560958963,414.0,0.10559998918324709,0
928,100,5,53.45271516880044,0.5345271516880044,0.5345271516880044,100,5,100,100,5,0.052313583870095215,414.0,0.10490001295693219,0
929,100,5,53.40122109319083,0.5340122109319083,0.5340122109319083,100,5,100,100,5,0.05149407560958963,414.0,0.06670001312159002,0
930,100,5,53.34933386138573,0.5334933386138573,0.5334933386138573,100,4,100,82,5,0.05188723180506116,424.0,132.3737000057008,13175
931,100,5,53.29844662958063,0.5329844662958063,0.5329844662958063,100,4,100,82,4,0.0508872318050706,424.0,0.1050999853760004,0
932,100,5,53.247559397775525,0.5324755939777552,0.5324755939777552,100,4,100,82,4,0.05088723180506349,424.0,0.10070001007989049,0
933,100,5,53.19667216597042,0.5319667216597042,0.5319667216597042,100,4,100,82,4,0.0508872318050706,424.0,0.1010000123642385,0
934,100,5,53.14578493416533,0.5314578493416533,0.5314578493416533,100,4,100,82,4,0.05088723180505639,424.0,0.22849999368190765,0
935,100,5,53.096845050560404,0.530968450505604,0.530968450505604,100,5,100,100,6,0.04893988360488777,414.0,140.83519999985583,13175
936,100,5,53.048905166955514,0.5304890516695552,0.5304890516695552,100,5,100,100,5,0.047939883604882993,414.0,0.1033000007737428,0
937,100,5,53.000965283350595,0.530009652833506,0.530009652833506,100,5,100,100,5,0.047939883604882993,414.0,0.11709998943842947,0
938,100,5,52.95302539974567,0.5295302539974567,0.5295302539974567,100,5,100,100,5,0.04793988360487589,414.0,0.09779998799785972,0
939,100,5,52.90508551614077,0.5290508551614077,0.5290508551614077,100,5,100,100,5,0.0479398836048901,414.0,0.09859999408945441,0
940,100,5,52.85427112332328,0.5285427112332328,0.5285427112332328,100,4,100,49,6,0.05081439281745759,259.0,150.0487000157591,13175
941,100,5,52.804456730505805,0.528044567305058,0.528044567305058,100,4,100,49,5,0.04981439281744571,259.0,0.10580001980997622,0
942,100,5,52.75464233768831,0.5275464233768831,0.5275464233768831,100,4,100,49,5,0.04981439281744571,259.0,0.10410000686533749,0
943,100,5,52.704827944870814,0.5270482794487081,0.5270482794487081,100,4,100,49,5,0.04981439281744571,259.0,0.09919999865815043,0
944,100,5,52.655013552053326,0.5265501355205333,0.5265501355205333,100,4,100,49,5,0.04981439281744571,259.0,0.10740000288933516,0
945,100,5,52.606517364168326,0.5260651736416833,0.5260651736416833,100,5,100,100,6,0.04849618788497878,414.0,147.2842000075616,13175
946,100,5,52.55902117628331,0.525590211762833,0.525590211762833,100,5,100,100,5,0.047496187884974006,414.0,0.13249999028630555,0
947,100,5,52.5115249883983,0.525115249883983,0.525115249883983,100,5,100,100,5,0.04749618788498111,414.0,0.10599999222904444,0
948,100,5,52.46402880051328,0.5246402880051328,0.5246402880051328,100,5,100,100,5,0.047496187884974006,414.0,0.10220002150163054,0
949,100,5,52.41653261262828,0.5241653261262829,0.5241653261262829,100,5,100,100,5,0.04749618788498111,414.0,0.10710000060498714,0
950,100,5,52.36870721706156,0.5236870721706156,0.5236870721706156,100,5,100,100,6,0.04782539556666876,414.0,153.22720000403933,13175
951,100,5,52.32188182149488,0.5232188182149488,0.5232188182149488,100,5,100,100,5,0.046825395566663985,414.0,0.10510001447983086,0
952,100,5,52.27505642592816,0.5227505642592817,0.5227505642592817,100,5,100,100,5,0.04682539556665688,414.0,0.1066999975591898,0
953,100,5,52.228231030361464,0.5222823103036146,0.5222823103036146,100,5,100,100,5,0.04682539556665688,414.0,0.10129998554475605,0
954,100,5,52.18140563479476,0.5218140563479475,0.5218140563479475,100,5,100,100,5,0.04682539556667109,414.0,0.10840001050382853,0
955,100,5,52.123571908948094,0.521235719089481,0.521235719089481,100,3,100,87,6,0.057833725846641926,594.0,145.48430001013912,13175
956,100,5,52.06673818310144,0.5206673818310145,0.5206673818310145,100,3,100,87,5,0.056833725846630045,594.0,0.0999000039882958,0
957,100,5,52.00990445725477,0.5200990445725477,0.5200990445725477,100,4,100,92,5,0.056833725846630045,474.0,0.09780001710169017,0
958,100,5,51.953070731408104,0.519530707314081,0.519530707314081,100,3,100,87,5,0.056833725846644256,594.0,0.10400000610388815,0
959,100,5,51.896237005561446,0.5189623700556144,0.5189623700556144,100,3,100,87,5,0.05683372584663715,594.0,0.10209999163635075,0
960,100,5,51.84589266376693,0.5184589266376693,0.5184589266376693,100,5,100,100,6,0.05034434179449221,414.0,145.38989998982288,13175
961,100,5,51.79654832197241,0.5179654832197241,0.5179654832197241,100,5,100,100,5,0.049344341794487434,414.0,0.0625999819021672,0
962,100,5,51.7472039801779,0.517472039801779,0.517472039801779,100,5,100,100,5,0.049344341794487434,414.0,0.09780001710169017,0
963,100,5,51.697859638383385,0.5169785963838338,0.5169785963838338,100,5,100,100,5,0.04934434179448033,414.0,0.09929999941959977,0
964,100,5,51.64851529658886,0.5164851529658886,0.5164851529658886,100,5,100,100,5,0.049344341794487434,414.0,0.10189999011345208,0
965,100,5,51.58329428483068,0.5158329428483068,0.5158329428483068,100,2,100,37,6,0.06522101175817596,384.0,148.37069998611696,13175
966,100,5,51.520047419619864,0.5152004741961986,0.5152004741961986,100,4,100,94,5,0.06324686521078604,484.0,0.10740000288933516,0
967,100,5,51.45851356743365,0.5145851356743365,0.5145851356743365,100,3,100,56,5,0.06153385218620144,387.3333333333333,0.10810000821948051,0
968,100,5,51.39429255567544,0.5139429255567545,0.5139429255567545,100,4,100,94,5,0.06422101175817829,484.0,0.10469998233020306,0
969,100,5,51.330071543917235,0.5133007154391723,0.5133007154391723,100,2,100,37,5,0.06422101175816408,384.0,0.12020001304335892,0
970,100,5,51.278238603248866,0.5127823860324887,0.5127823860324887,100,4,100,77,6,0.051832940668340655,399.0,155.3235999890603,13175
971,100,5,51.22740566258048,0.5122740566258048,0.5122740566258048,100,4,100,77,5,0.05083294066833588,399.0,0.10480001219548285,0
972,100,5,51.1765727219121,0.5117657272191211,0.5117657272191211,100,4,100,77,5,0.05083294066833588,399.0,0.10470001143403351,0
973,100,5,51.12573978124372,0.5112573978124373,0.5112573978124373,100,4,100,77,5,0.05083294066833588,399.0,0.1328999933321029,0
974,100,5,51.074906840575345,0.5107490684057534,0.5107490684057534,100,4,100,77,5,0.050832940668342985,399.0,0.10460001067258418,0
975,100,5,51.02699725812907,0.5102699725812907,0.5102699725812907,100,5,100,100,6,0.04790958244623056,414.0,140.00889999442734,13175
976,100,5,50.980087675682796,0.509800876756828,0.509800876756828,100,5,100,100,5,0.04690958244623289,414.0,0.10410000686533749,0
977,100,5,50.93317809323652,0.5093317809323652,0.5093317809323652,100,5,100,100,5,0.04690958244621868,414.0,0.10899998596869409,0
978,100,5,50.886268510790245,0.5088626851079024,0.5088626851079024,100,5,100,100,5,0.04690958244623289,414.0,0.10400000610388815,0
979,100,5,50.83935892834397,0.5083935892834397,0.5083935892834397,100,5,100,100,5,0.046909582446225784,414.0,0.10380000458098948,0
980,100,5,50.79111201618608,0.5079111201618608,0.5079111201618608,100,5,100,100,6,0.048246912157864585,414.0,144.21109997783788,13175
981,100,5,50.74386510402819,0.5074386510402819,0.5074386510402819,100,5,100,100,5,0.04724691215787402,414.0,0.10279999696649611,0
982,100,5,50.696618191870286,0.5069661819187029,0.5069661819187029,100,5,100,100,5,0.04724691215787402,414.0,0.10120001388713717,0
983,100,5,50.64937127971239,0.5064937127971239,0.5064937127971239,100,5,100,100,5,0.047246912157852705,414.0,0.05779997445642948,0
984,100,5,50.60212436755449,0.5060212436755449,0.5060212436755449,100,5,100,100,5,0.04724691215785981,414.0,0.10050000855699182,0
985,100,5,50.55303313870791,0.5055303313870791,0.5055303313870791,100,5,100,100,6,0.04909122884655659,414.0,152.80589999747463,13175
986,100,5,50.50494190986132,0.5050494190986132,0.5050494190986132,100,5,100,100,5,0.048091228846551815,414.0,0.10340000153519213,0
987,100,5,50.456850681014735,0.5045685068101473,0.5045685068101473,100,5,100,100,5,0.04809122884654471,414.0,0.10959999053739011,0
988,100,5,50.408759452168155,0.5040875945216815,0.5040875945216815,100,5,100,100,5,0.04809122884654471,414.0,0.12919999426230788,0
989,100,5,50.360668223321575,0.5036066822332157,0.5036066822332157,100,5,100,100,5,0.04809122884654471,414.0,0.09980000322684646,0
990,100,5,50.2982831200729,0.5029828312007291,0.5029828312007291,100,3,100,60,6,0.062385103248658424,414.0,143.8608999887947,13175
991,100,5,50.23689801682425,0.5023689801682425,0.5023689801682425,100,3,100,60,5,0.06138510324863233,414.0,0.10619999375194311,0
992,100,5,50.17710567960003,0.5017710567960003,0.5017710567960003,100,4,100,94,5,0.05979233722420929,484.0,0.10350000229664147,0
993,100,5,50.117313342375795,0.5011731334237579,0.5011731334237579,100,4,100,94,5,0.059792337224202186,484.0,0.10420000762678683,0
994,100,5,50.05911377117602,0.5005911377117602,0.5005911377117602,100,4,100,94,5,0.05819957119977204,484.0,0.11079999967478216,0
995,100,5,50.00775133412897,0.5000775133412897,0.5000775133412897,100,5,100,100,6,0.05136243704703247,414.0,142.2632000176236,13175
996,100,5,49.957388897081934,0.49957388897081934,0.49957388897081934,100,5,100,100,5,0.0503624370470277,414.0,0.09929999941959977,0
997,100,5,49.90702646003487,0.4990702646003487,0.4990702646003487,100,5,100,100,5,0.050362437047013486,414.0,0.0984000216703862,0
998,100,5,49.85666402298782,0.49856664022987823,0.49856664022987823,100,5,100,100,5,0.05036243704702059,414.0,0.10809997911565006,0
999,100,5,49.80630158594077,0.4980630158594077,0.4980630158594077,100,5,100,100,5,0.0503624370470348,414.0,0.10979999206028879,0
1000,100,5,49.75624766101336,0.49756247661013364,0.49756247661013364,100,5,100,100,6,0.05005392492738281,414.0,149.69340001698583,13175
1001,100,5,49.70719373608592,0.4970719373608592,0.4970719373608592,100,5,100,100,5,0.049053924927378034,414.0,0.10749997454695404,0
1002,100,5,49.65813981115849,0.4965813981115849,0.4965813981115849,100,5,100,100,5,0.049053924927378034,414.0,0.07130001904442906,0
1003,100,5,49.60974944169163,0.4960974944169163,0.4960974944169163,100,5,100,100,5,0.04839036946681574,414.0,0.10070001007989049,0
1004,100,5,49.561359072224775,0.49561359072224775,0.49561359072224775,100,5,100,100,5,0.04839036946680153,414.0,0.09980000322684646,0
1005,100,5,49.510289935156436,0.4951028993515644,0.4951028993515644,100,4,100,76,6,0.051069137068317616,394.0,155.08050000062212,13175
1006,100,5,49.460220798088095,0.49460220798088095,0.49460220798088095,100,4,100,76,5,0.05006913706831284,394.0,0.10459998156875372,0
1007,100,5,49.41015166101975,0.4941015166101975,0.4941015166101975,100,4,100,76,5,0.05006913706831284,394.0,0.10719997226260602,0
1008,100,5,49.360082523951405,0.49360082523951404,0.49360082523951404,100,4,100,76,5,0.05006913706829863,394.0,0.1036000030580908,0
1009,100,5,49.31001338688307,0.4931001338688307,0.4931001338688307,100,4,100,76,5,0.050069137068305736,394.0,0.10720000136643648,0
1010,100,5,49.26219647681516,0.4926219647681516,0.4926219647681516,100,5,100,100,6,0.0478169100678727,414.0,152.29259998886846,13175
1011,100,5,49.21537956674725,0.4921537956674725,0.4921537956674725,100,5,100,100,5,0.04681691006787503,414.0,0.1221999991685152,0
1012,100,5,49.16856265667935,0.4916856265667935,0.4916856265667935,100,5,100,100,5,0.04681691006786082,414.0,0.10079998173750937,0
1013,100,5,49.12174574661144,0.4912174574661144,0.4912174574661144,100,5,100,100,5,0.04681691006786792,414.0,0.10380000458098948,0
1014,100,5,49.074928836543535,0.49074928836543535,0.49074928836543535,100,5,100,100,5,0.04681691006786792,414.0,0.1052000152412802,0
1015,100,5,49.02386337956596,0.4902386337956596,0.4902386337956596,100,5,100,100,6,0.05106545697756104,414.0,144.17719998164102,13175
1016,100,5,48.97297841432785,0.4897297841432785,0.4897297841432785,100,5,100,100,5,0.05088496523808317,414.0,0.10800000745803118,0
1017,100,5,48.92291295735026,0.4892291295735026,0.4892291295735026,100,5,100,100,5,0.05006545697757048,414.0,0.10219999239780009,0
1018,100,5,48.87284750037268,0.4887284750037268,0.4887284750037268,100,5,100,100,5,0.05006545697754916,414.0,0.10959999053739011,0
1019,100,5,48.822782043395094,0.48822782043395097,0.48822782043395097,100,5,100,100,5,0.050065456977556266,414.0,0.11160000576637685,0
1020,100,5,48.77526511169935,0.48775265111699345,0.48775265111699345,100,5,100,100,6,0.04751693169572491,414.0,146.70169999590144,13175
1021,100,5,48.727462459686734,0.4872746245968673,0.4872746245968673,100,5,100,100,5,0.04780265201259226,414.0,0.11130000348202884,0
1022,100,5,48.68094552799097,0.4868094552799097,0.4868094552799097,100,5,100,100,5,0.04651693169570592,414.0,0.11560000712051988,0
1023,100,5,48.63442859629523,0.4863442859629523,0.4863442859629523,100,5,100,100,5,0.04651693169570592,414.0,0.10810000821948051,0
1024,100,5,48.5866259442826,0.485866259442826,0.485866259442826,100,5,100,100,5,0.047802652012585156,414.0,0.1039999770000577,0
1025,100,5,48.53668699886408,0.48536686998864076,0.48536686998864076,100,5,100,100,6,0.04993894541848931,414.0,158.41199998976663,13175
1026,100,5,48.490000436133656,0.48490000436133657,0.48490000436133657,100,5,100,100,5,0.046686562730350545,414.0,0.11350002023391426,0
1027,100,5,48.442644828076574,0.48442644828076575,0.48442644828076575,100,5,100,100,5,0.04735560805703187,414.0,0.10560001828707755,0
1028,100,5,48.39370588265804,0.4839370588265804,0.4839370588265804,100,5,100,100,5,0.048938945418470325,414.0,0.10629999451339245,0
1029,100,5,48.3452240832569,0.483452240832569,0.483452240832569,100,5,100,100,5,0.048481799401081105,414.0,0.10679999832063913,0
1030,100,5,48.289568910235225,0.48289568910235225,0.48289568910235225,100,4,100,91,6,0.055655173021627036,469.0,152.68049997393973,13175
1031,100,5,48.23491373721355,0.48234913737213553,0.48234913737213553,100,4,100,91,5,0.05465517302163647,469.0,0.1058999914675951,0
1032,100,5,48.180258564191874,0.48180258564191875,0.48180258564191875,100,4,100,91,5,0.054655173021615155,469.0,0.1033000007737428,0
1033,100,5,48.125603391170195,0.48125603391170196,0.48125603391170196,100,4,100,91,5,0.054655173021615155,469.0,0.10839998139999807,0
1034,100,5,48.07094821814853,0.4807094821814853,0.4807094821814853,100,4,100,91,5,0.05465517302162226,469.0,0.1281999866478145,0
1035,100,5,48.02341610177981,0.4802341610177981,0.4802341610177981,100,5,100,100,6,0.04753211636869992,414.0,151.05439999024384,13175
1036,100,5,47.97688398541107,0.47976883985411073,0.47976883985411073,100,5,100,100,5,0.04653211636868804,414.0,0.10720000136643648,0
1037,100,5,47.930351869042354,0.47930351869042354,0.47930351869042354,100,5,100,100,5,0.04653211636870225,414.0,0.10800000745803118,0
1038,100,5,47.88381975267363,0.4788381975267363,0.4788381975267363,100,5,100,100,5,0.04653211636869514,414.0,0.11139997513964772,0
1039,100,5,47.83728763630489,0.4783728763630489,0.4783728763630489,100,5,100,100,5,0.04653211636868093,414.0,0.10750000365078449,0
1040,100,5,47.786957157455,0.47786957157455,0.47786957157455,100,4,100,71,6,0.05033047884990083,369.0,144.0269000013359,13175
1041,100,5,47.737626678605075,0.4773762667860508,0.4773762667860508,100,4,100,71,5,0.04933047884987474,369.0,0.10410000686533749,0
1042,100,5,47.688296199755165,0.47688296199755165,0.47688296199755165,100,4,100,71,5,0.04933047884988184,369.0,0.10350000229664147,0
1043,100,5,47.63896572090527,0.4763896572090527,0.4763896572090527,100,4,100,71,5,0.04933047884987474,369.0,0.10740000288933516,0
1044,100,5,47.58963524205536,0.47589635242055356,0.47589635242055356,100,4,100,71,5,0.04933047884988895,369.0,0.1066999975591898,0
1045,100,5,47.54085745954588,0.4754085745954588,0.4754085745954588,100,5,100,100,6,0.048777782509446865,414.0,154.66770000057295,13175
1046,100,5,47.49307967703643,0.47493079677036426,0.47493079677036426,100,5,100,100,5,0.04777778250944209,414.0,0.1078000059351325,0
1047,100,5,47.44530189452696,0.47445301894526964,0.47445301894526964,100,5,100,100,5,0.04777778250944209,414.0,0.10770000517368317,0
1048,100,5,47.39752411201749,0.4739752411201749,0.4739752411201749,100,5,100,100,5,0.047777782509449196,414.0,0.09339998359791934,0
1049,100,5,47.349746329508015,0.47349746329508013,0.47349746329508013,100,5,100,100,5,0.047777782509434985,414.0,0.05830000736750662,0
1050,100,5,47.29171480379281,0.47291714803792806,0.47291714803792806,100,4,100,85,6,0.058031525715193766,439.0,154.18450001743622,13175
1051,100,5,47.2346832780776,0.472346832780776,0.472346832780776,100,4,100,85,5,0.05703152571517478,439.0,0.11190000805072486,0
1052,100,5,47.177423738313045,0.47177423738313046,0.47177423738313046,100,4,100,85,5,0.05725953976451592,439.0,0.14979997649788857,0
1053,100,5,47.122643525810794,0.4712264352581079,0.4712264352581079,100,4,100,85,5,0.05478021250220877,439.0,0.11780002387240529,0
1054,100,5,47.06786331330857,0.4706786331330857,0.4706786331330857,100,4,100,85,5,0.054780212502215875,439.0,0.11530000483617187,0
1055,100,5,47.016238048889115,0.47016238048889114,0.47016238048889114,100,5,100,100,6,0.051625264419442374,414.0,152.05190001870506,13175
1056,100,5,46.96561278446964,0.4696561278446964,0.4696561278446964,100,5,100,100,5,0.050625264419444704,414.0,0.10610002209432423,0
1057,100,5,46.91498752005017,0.46914987520050166,0.46914987520050166,100,5,100,100,5,0.0506252644194376,414.0,0.14609997742809355,0
1058,100,5,46.8643622556307,0.46864362255630704,0.46864362255630704,100,5,100,100,5,0.050625264419444704,414.0,0.10760000441223383,0
1059,100,5,46.81373699121122,0.46813736991211224,0.46813736991211224,100,5,100,100,5,0.050625264419430493,414.0,0.10770000517368317,0
1060,100,5,46.75574286818391,0.4675574286818391,0.4675574286818391,100,3,100,58,6,0.05799412302729934,400.6666666666667,154.26780001143925,13175
1061,100,5,46.69874874515658,0.46698748745156576,0.46698748745156576,100,3,100,58,5,0.05699412302730167,400.6666666666667,0.10139998630620539,0
1062,100,5,46.641754622129255,0.46641754622129256,0.46641754622129256,100,3,100,58,5,0.05699412302730167,400.6666666666667,0.11290001566521823,0
1063,100,5,46.584760499101925,0.46584760499101924,0.46584760499101924,100,3,100,58,5,0.05699412302728746,400.6666666666667,0.11029999586753547,0
1064,100,5,46.52776637607461,0.4652776637607461,0.4652776637607461,100,3,100,58,5,0.05699412302728746,400.6666666666667,0.11189997894689441,0
1065,100,5,46.4785287757911,0.464785287757911,0.464785287757911,100,5,100,100,6,0.049237600283504435,414.0,148.0796999821905,13175
1066,100,5,46.43029117550758,0.46430291175507576,0.46430291175507576,100,5,100,100,5,0.048237600283506765,414.0,0.06960000609979033,0
1067,100,5,46.38205357522404,0.4638205357522404,0.4638205357522404,100,5,100,100,5,0.04823760028348545,414.0,0.1058999914675951,0
1068,100,5,46.33381597494054,0.4633381597494054,0.4633381597494054,100,5,100,100,5,0.048237600283492554,414.0,0.10069998097606003,0
1069,100,5,46.28557837465701,0.46285578374657005,0.46285578374657005,100,5,100,100,5,0.04823760028349966,414.0,0.10050000855699182,0
1070,100,5,46.235094687370506,0.46235094687370504,0.46235094687370504,100,4,100,56,6,0.05048368728649422,294.0,159.3138999887742,13175
1071,100,5,46.18561100008399,0.46185611000083987,0.46185611000083987,100,4,100,56,5,0.04948368728648944,294.0,0.11140000424347818,0
1072,100,5,46.13612731279747,0.4613612731279747,0.4613612731279747,100,4,100,56,5,0.04948368728648944,294.0,0.10689999908208847,0
1073,100,5,46.08664362551096,0.4608664362551096,0.4608664362551096,100,4,100,56,5,0.049483687286482336,294.0,0.10689999908208847,0
1074,100,5,46.03715993822445,0.4603715993822445,0.4603715993822445,100,4,100,56,5,0.049483687286482336,294.0,0.10760000441223383,0
1075,100,5,45.98937139209703,0.4598937139209703,0.4598937139209703,100,5,100,100,6,0.0477885461273857,414.0,141.20859999093227,13175
1076,100,5,45.942582845969596,0.459425828459696,0.459425828459696,100,5,100,100,5,0.046788546127380926,414.0,0.11300001642666757,0
1077,100,5,45.89579429984217,0.45895794299842174,0.45895794299842174,100,5,100,100,5,0.046788546127366715,414.0,0.10870001278817654,0
1078,100,5,45.84900575371474,0.45849005753714744,0.45849005753714744,100,5,100,100,5,0.04678854612737382,414.0,0.10699999984353781,0
1079,100,5,45.80221720758732,0.4580221720758732,0.4580221720758732,100,5,100,100,5,0.046788546127380926,414.0,0.11240001185797155,0
1080,100,5,45.7537000752147,0.45753700075214704,0.45753700075214704,100,5,100,100,6,0.04851713237258792,414.0,147.62689999770373,13175
1081,100,5,45.70618294284208,0.4570618294284208,0.4570618294284208,100,5,100,100,5,0.047517132372604465,414.0,0.09970000246539712,0
1082,100,5,45.65866581046945,0.4565866581046945,0.4565866581046945,100,5,100,100,5,0.047517132372590254,414.0,0.10720000136643648,0
1083,100,5,45.611148678096825,0.45611148678096824,0.45611148678096824,100,5,100,100,5,0.04751713237259736,414.0,0.10679999832063913,0
1084,100,5,45.563631545724185,0.45563631545724187,0.45563631545724187,100,5,100,100,5,0.04751713237258315,414.0,0.10219999239780009,0
1085,100,5,45.51542712204539,0.4551542712204539,0.4551542712204539,100,5,100,100,6,0.048204423678775754,414.0,151.6096999985166,13175
1086,100,5,45.46822269836659,0.4546822269836659,0.4546822269836659,100,5,100,100,5,0.047204423678763874,414.0,0.11039999662898481,0
1087,100,5,45.4210182746878,0.454210182746878,0.454210182746878,100,5,100,100,5,0.047204423678763874,414.0,0.10969999129883945,0
1088,100,5,45.37318875052615,0.45373188750526144,0.45373188750526144,100,5,100,100,5,0.047829524161606685,414.0,0.10949998977594078,0
1089,100,5,45.3253592263645,0.453253592263645,0.453253592263645,100,5,100,100,5,0.047829524161620895,414.0,0.1066999975591898,0
1090,100,5,45.27678592725511,0.45276785927255114,0.45276785927255114,100,5,100,100,6,0.04857329910936414,414.0,163.74230000656098,13175
1091,100,5,45.22921262814569,0.4522921262814569,0.4522921262814569,100,5,100,100,5,0.047573299109366474,414.0,0.09650000720284879,0
1092,100,5,45.181639329036294,0.45181639329036294,0.45181639329036294,100,5,100,100,5,0.04757329910935937,414.0,0.09169999975711107,0
1093,100,5,45.134066029926885,0.45134066029926884,0.45134066029926884,100,5,100,100,5,0.047573299109366474,414.0,0.13600001693703234,0
1094,100,5,45.08649273081748,0.45086492730817485,0.45086492730817485,100,5,100,100,5,0.047573299109366474,414.0,0.07919999188743532,0
1095,100,5,45.03884289440532,0.4503884289440532,0.4503884289440532,100,5,100,100,6,0.04764983641213405,414.0,154.22039999975823,13175
1096,100,5,44.99219305799318,0.4499219305799318,0.4499219305799318,100,5,100,100,5,0.046649836412115064,414.0,0.11140000424347818,0
1097,100,5,44.94554322158101,0.44945543221581014,0.44945543221581014,100,5,100,100,5,0.04664983641212217,414.0,0.1066999975591898,0
1098,100,5,44.89889338516885,0.4489889338516885,0.4489889338516885,100,5,100,100,5,0.04664983641212217,414.0,0.11370002175681293,0
1099,100,5,44.85224354875668,0.4485224354875668,0.4485224354875668,100,5,100,100,5,0.04664983641213638,414.0,0.10870001278817654,0
1100,100,5,44.80260202071269,0.4480260202071269,0.4480260202071269,100,5,100,100,6,0.04964152804396349,414.0,158.64770000916906,13175
1101,100,5,44.753960492668675,0.44753960492668676,0.44753960492668676,100,5,100,100,5,0.048641528043958715,414.0,0.10730000212788582,0
1102,100,5,44.7053189646247,0.447053189646247,0.447053189646247,100,5,100,100,5,0.04864152804396582,414.0,0.12129999231547117,0
1103,100,5,44.6566774365807,0.446566774365807,0.446566774365807,100,5,100,100,5,0.048641528043972926,414.0,0.10909998673014343,0
1104,100,5,44.60803590853669,0.4460803590853669,0.4460803590853669,100,5,100,100,5,0.048641528043958715,414.0,0.11290001566521823,0
1105,100,5,44.557477013449926,0.44557477013449925,0.44557477013449925,100,4,100,48,6,0.05055889508673772,254.0,154.25389999290928,13175
1106,100,5,44.50791811836317,0.4450791811836317,0.4450791811836317,100,4,100,48,5,0.049558895086732946,254.0,0.11000002268701792,0
1107,100,5,44.45835922327639,0.4445835922327639,0.4445835922327639,100,4,100,48,5,0.04955889508674005,254.0,0.10500001371838152,0
1108,100,5,44.408800328189635,0.44408800328189635,0.44408800328189635,100,4,100,48,5,0.049558895086732946,254.0,0.10939998901449144,0
1109,100,5,44.35924143310287,0.44359241433102875,0.44359241433102875,100,4,100,48,5,0.04955889508672584,254.0,0.10760000441223383,0
1110,100,5,44.308118335628116,0.44308118335628116,0.44308118335628116,100,5,100,100,6,0.05112309747473631,414.0,162.48579998500645,13175
1111,100,5,44.25799523815336,0.44257995238153364,0.44257995238153364,100,5,100,100,5,0.05012309747473864,414.0,0.13410000246949494,0
1112,100,5,44.20787214067861,0.4420787214067861,0.4420787214067861,100,5,100,100,5,0.050123097474717326,414.0,0.11069999891333282,0
1113,100,5,44.15774904320386,0.4415774904320386,0.4415774904320386,100,5,100,100,5,0.05012309747472443,414.0,0.1084999821614474,0
1114,100,5,44.10762594572911,0.4410762594572911,0.4410762594572911,100,5,100,100,5,0.05012309747473864,414.0,0.08880000677891076,0
1115,100,5,44.05456503622481,0.4405456503622481,0.4405456503622481,100,5,100,99,5,0.053060909504296205,414.0,157.52749997773208,13175
1116,100,5,44.001896147723855,0.44001896147723857,0.44001896147723857,100,5,100,99,4,0.05266888850091078,414.0,0.10489998385310173,0
1117,100,5,43.94861928022628,0.4394861928022628,0.4394861928022628,100,5,100,99,4,0.05327686749755145,414.0,0.10620002285577357,0
1118,100,5,43.89536241272871,0.4389536241272871,0.4389536241272871,100,5,100,98,4,0.05325686749756642,414.0,0.1092999882530421,0
1119,100,5,43.843301503224396,0.43843301503224397,0.43843301503224397,100,5,100,99,4,0.052060909504284325,414.0,0.10620002285577357,0
1120,100,5,43.79355278044707,0.4379355278044707,0.4379355278044707,100,5,100,100,6,0.04974872277729503,414.0,160.03400000045076,13175
1121,100,5,43.74480405766976,0.4374480405766976,0.4374480405766976,100,5,100,100,5,0.048748722777290254,414.0,0.11190000805072486,0
1122,100,5,43.69605533489243,0.43696055334892425,0.43696055334892425,100,5,100,100,5,0.048748722777304465,414.0,0.10559998918324709,0
1123,100,5,43.647306612115095,0.43647306612115094,0.43647306612115094,100,5,100,100,5,0.048748722777290254,414.0,0.07020001066848636,0
1124,100,5,43.59855788933778,0.43598557889337786,0.43598557889337786,100,5,100,100,5,0.048748722777304465,414.0,0.060399994254112244,0
1125,100,5,43.551072768575054,0.43551072768575055,0.43551072768575055,100,5,100,100,6,0.04748512076268696,414.0,156.71070001553744,13175
1126,100,5,43.504587647812336,0.4350458764781234,0.4350458764781234,100,5,100,100,5,0.0464851207626964,414.0,0.11019999510608613,0
1127,100,5,43.457433481722944,0.43457433481722946,0.43457433481722946,100,5,100,100,5,0.04715416608935641,414.0,0.10900001507252455,0
1128,100,5,43.41094836096023,0.4341094836096023,0.4341094836096023,100,5,100,100,5,0.04648512076268929,414.0,0.0686999992467463,0
1129,100,5,43.364463240197495,0.4336446324019749,0.4336446324019749,100,5,100,100,5,0.046485120762682186,414.0,0.1677999971434474,0
1130,100,5,43.31719022291963,0.43317190222919627,0.43317190222919627,100,5,100,100,6,0.04727301727786681,414.0,165.5109999992419,13175
1131,100,5,43.27091720564176,0.43270917205641757,0.43270917205641757,100,5,100,100,5,0.04627301727784072,414.0,0.10559998918324709,0
1132,100,5,43.22464418836387,0.4322464418836387,0.4322464418836387,100,5,100,100,5,0.04627301727784783,414.0,0.12169999536126852,0
1133,100,5,43.178371171086006,0.43178371171086005,0.43178371171086005,100,5,100,100,5,0.04627301727783362,414.0,0.10040000779554248,0
1134,100,5,43.132098153808116,0.4313209815380812,0.4313209815380812,100,5,100,100,5,0.04627301727784783,414.0,0.1050999853760004,0
1135,100,5,43.08432978185015,0.4308432978185015,0.4308432978185015,100,5,100,100,6,0.04776837195795025,414.0,159.5411000016611,13175
1136,100,5,43.037561409892156,0.43037561409892156,0.43037561409892156,100,5,100,100,5,0.046768371957945476,414.0,0.11100000119768083,0
1137,100,5,42.99079303793419,0.4299079303793419,0.4299079303793419,100,5,100,100,5,0.04676837195793837,414.0,0.10730000212788582,0
1138,100,5,42.94402466597621,0.4294402466597621,0.4294402466597621,100,5,100,100,5,0.046768371957945476,414.0,0.10269999620504677,0
1139,100,5,42.897256294018234,0.4289725629401823,0.4289725629401823,100,5,100,100,5,0.04676837195793837,414.0,0.06699998630210757,0
1140,100,5,42.84618687915414,0.4284618687915414,0.4284618687915414,100,5,100,100,6,0.05106941486406669,414.0,162.53290002350695,13175
1141,100,5,42.79611746429006,0.4279611746429006,0.4279611746429006,100,5,100,100,5,0.0500694148640477,414.0,0.12870001955889165,0
1142,100,5,42.746711604886535,0.42746711604886534,0.42746711604886534,100,5,100,100,5,0.04940585940348541,414.0,0.11230001109652221,0
1143,100,5,42.69796930094359,0.4269796930094359,0.4269796930094359,100,5,100,100,5,0.048742303942923115,414.0,0.1100999943446368,0
1144,100,5,42.649226997000646,0.42649226997000644,0.42649226997000644,100,5,100,100,5,0.048742303942908904,414.0,0.12710000737570226,0
1145,100,5,42.59118088601422,0.42591180886014224,0.42591180886014224,100,4,100,77,6,0.05804611098638901,399.0,162.96419998980127,13175
1146,100,5,42.53413477502778,0.4253413477502778,0.4253413477502778,100,4,100,77,5,0.05704611098639134,399.0,0.10830000974237919,0
1147,100,5,42.47708866404136,0.4247708866404136,0.4247708866404136,100,4,100,77,5,0.05704611098637713,399.0,0.10570001904852688,0
1148,100,5,42.42004255305494,0.42420042553054943,0.42420042553054943,100,4,100,77,5,0.05704611098639134,399.0,0.10740000288933516,0
1149,100,5,42.36299644206851,0.42362996442068507,0.42362996442068507,100,4,100,77,5,0.05704611098637713,399.0,0.10460001067258418,0
1150,100,5,42.314040181747224,0.42314040181747226,0.42314040181747226,100,5,100,100,6,0.04895626032124767,414.0,159.43110000807792,13175
1151,100,5,42.26553573523009,0.42265535735230086,0.42265535735230086,100,5,100,100,5,0.04850444651705743,414.0,0.10730000212788582,0
1152,100,5,42.217579474908796,0.42217579474908795,0.42217579474908795,100,5,100,100,5,0.04795626032125,414.0,0.10309999925084412,0
1153,100,5,42.16962321458751,0.4216962321458751,0.4216962321458751,100,5,100,100,5,0.04795626032121447,414.0,0.10539998766034842,0
1154,100,5,42.121666954266225,0.42121666954266224,0.42121666954266224,100,5,100,100,5,0.04795626032123579,414.0,0.10740000288933516,0
1155,100,5,42.070681211075886,0.4207068121107589,0.4207068121107589,100,5,100,100,6,0.0509857431902887,414.0,145.04920001490973,13175
1156,100,5,42.02069546788557,0.42020695467885566,0.42020695467885566,100,5,100,100,5,0.04998574319029103,414.0,0.10240002302452922,0
1157,100,5,41.970709724695226,0.41970709724695227,0.41970709724695227,100,5,100,100,5,0.04998574319028393,414.0,0.10609999299049377,0
1158,100,5,41.92072398150489,0.4192072398150489,0.4192072398150489,100,5,100,100,5,0.04998574319029103,414.0,0.10389997623860836,0
1159,100,5,41.870738238314566,0.41870738238314564,0.41870738238314564,100,5,100,100,5,0.04998574319029103,414.0,0.10809997911565006,0
1160,100,5,41.82307456698956,0.4182307456698956,0.4182307456698956,100,5,100,100,6,0.04766367132495475,414.0,160.80910002347082,13175
1161,100,5,41.776410895664576,0.41776410895664573,0.41776410895664573,100,5,100,100,5,0.046663671324949973,414.0,0.0672000169288367,0
1162,100,5,41.729747224339576,0.41729747224339575,0.41729747224339575,100,5,100,100,5,0.04666367132494287,414.0,0.10370000381954014,0
1163,100,5,41.68308355301459,0.4168308355301459,0.4168308355301459,100,5,100,100,5,0.046663671324949973,414.0,0.053499999921768904,0
1164,100,5,41.63641988168959,0.4163641988168959,0.4163641988168959,100,5,100,100,5,0.04666367132494287,414.0,0.10159998782910407,0
1165,100,5,41.58653247977363,0.4158653247977363,0.4158653247977363,100,5,100,100,6,0.04988740191594587,414.0,168.83419998339377,13175
1166,100,5,41.537645077857675,0.41537645077857677,0.41537645077857677,100,5,100,100,5,0.04888740191593399,414.0,0.1039999770000577,0
1167,100,5,41.48875767594173,0.4148875767594173,0.4148875767594173,100,5,100,100,5,0.0488874019159482,414.0,0.10130001464858651,0
1168,100,5,41.43987027402576,0.4143987027402576,0.4143987027402576,100,5,100,100,5,0.04888740191593399,414.0,0.11339999036863446,0
1169,100,5,41.3909828721098,0.41390982872109805,0.41390982872109805,100,5,100,100,5,0.04888740191593399,414.0,0.10799997835420072,0
1170,100,5,41.33821977849028,0.41338219778490276,0.41338219778490276,100,5,100,99,5,0.05276309361950382,414.0,158.28629999305122,13175
1171,100,5,41.28645668487075,0.4128645668487075,0.4128645668487075,100,5,100,99,4,0.05176309361949194,414.0,0.10140001541003585,0
1172,100,5,41.23469359125124,0.41234693591251237,0.41234693591251237,100,5,100,99,4,0.05176309361949194,414.0,0.10880001354962587,0
1173,100,5,41.18293049763171,0.4118293049763171,0.4118293049763171,100,5,100,99,4,0.05176309361949194,414.0,0.10639999527484179,0
1174,100,5,41.13116740401218,0.4113116740401218,0.4113116740401218,100,5,100,99,4,0.05176309361949194,414.0,0.10629999451339245,0
1175,100,5,41.08227010794259,0.4108227010794259,0.4108227010794259,100,5,100,100,6,0.04889729606958326,414.0,154.112799995346,13175
1176,100,5,41.03437281187298,0.41034372811872977,0.41034372811872977,100,5,100,100,5,0.04789729606958559,414.0,0.12809998588636518,0
1177,100,5,40.98647551580338,0.4098647551580338,0.4098647551580338,100,5,100,100,5,0.04789729606957849,414.0,0.10420000762678683,0
1178,100,5,40.93857821973377,0.4093857821973377,0.4093857821973377,100,5,100,100,5,0.0478972960695927,414.0,0.10909998673014343,0
1179,100,5,40.89068092366417,0.4089068092366417,0.4089068092366417,100,5,100,100,5,0.04789729606957849,414.0,0.08569998317398131,0
1180,100,5,40.841832337042604,0.40841832337042605,0.40841832337042605,100,5,100,100,6,0.04884858662153846,414.0,168.59360001399182,13175
1181,100,5,40.79398375042102,0.4079398375042102,0.4079398375042102,100,5,100,100,5,0.047848586621533684,414.0,0.059699988923966885,0
1182,100,5,40.74613516379945,0.4074613516379945,0.4074613516379945,100,5,100,100,5,0.04784858662152658,414.0,0.10009997640736401,0
1183,100,5,40.69828657717787,0.40698286577177867,0.40698286577177867,100,5,100,100,5,0.047848586621533684,414.0,0.10030000703409314,0
1184,100,5,40.650437990556306,0.40650437990556304,0.40650437990556304,100,5,100,100,5,0.04784858662152658,414.0,0.11000002268701792,0
1185,100,5,40.60229464035893,0.40602294640358927,0.40602294640358927,100,5,100,100,6,0.04814335019734983,414.0,156.29869999247603,13175
1186,100,5,40.55515129016153,0.40555151290161534,0.40555151290161534,100,5,100,100,5,0.04714335019733795,414.0,0.11110000195913017,0
1187,100,5,40.50800793996416,0.4050800793996416,0.4050800793996416,100,5,100,100,5,0.04714335019735216,414.0,0.07389998063445091,0
1188,100,5,40.460864589766786,0.4046086458976679,0.4046086458976679,100,5,100,100,5,0.04714335019733795,414.0,0.10740000288933516,0
1189,100,5,40.413721239569405,0.40413721239569406,0.40413721239569406,100,5,100,100,5,0.04714335019733795,414.0,0.10239999392069876,0
1190,100,5,40.36406006599828,0.4036406006599828,0.4036406006599828,100,5,100,100,6,0.049661173571095674,414.0,163.1749999942258,13175
1191,100,5,40.315398892427154,0.40315398892427157,0.40315398892427157,100,5,100,100,5,0.04866117357108379,414.0,0.10870001278817654,0
1192,100,5,40.266737718856035,0.4026673771885603,0.4026673771885603,100,5,100,100,5,0.04866117357108379,414.0,0.10579999070614576,0
1193,100,5,40.217023593644655,0.4021702359364465,0.4021702359364465,100,5,100,100,5,0.049714125211338,414.0,0.10619999375194311,0
1194,100,5,40.16836242007352,0.4016836242007352,0.4016836242007352,100,5,100,100,5,0.0486611735710909,414.0,0.06999998004175723,0
1195,100,5,40.11924398368758,0.4011924398368758,0.4011924398368758,100,5,100,100,6,0.049118436385924724,414.0,164.46230001747608,13175
1196,100,5,40.071125547301634,0.40071125547301634,0.40071125547301634,100,5,100,100,5,0.048118436385912844,414.0,0.10710000060498714,0
1197,100,5,40.02300711091568,0.40023007110915676,0.40023007110915676,100,5,100,100,5,0.04811843638593416,414.0,0.10730000212788582,0
1198,100,5,39.97488867452974,0.39974888674529735,0.39974888674529735,100,5,100,100,5,0.048118436385912844,414.0,0.08270001853816211,0
1199,100,5,39.92677023814379,0.3992677023814379,0.3992677023814379,100,5,100,100,5,0.048118436385927055,414.0,0.11509997420944273,0
1200,100,5,39.8784779315275,0.398784779315275,0.398784779315275,100,5,100,100,6,0.04829230661628969,414.0,151.5572000062093,13175
1201,100,5,39.8311856249112,0.398311856249112,0.398311856249112,100,5,100,100,5,0.047292306616292024,414.0,0.10699999984353781,0
1202,100,5,39.78389331829491,0.39783893318294905,0.39783893318294905,100,5,100,100,5,0.04729230661628492,414.0,0.10969999129883945,0
1203,100,5,39.736601011678616,0.3973660101167862,0.3973660101167862,100,5,100,100,5,0.047292306616292024,414.0,0.10939998901449144,0
1204,100,5,39.68930870506231,0.3968930870506231,0.3968930870506231,100,5,100,100,5,0.04729230661628492,414.0,0.10949998977594078,0
1205,100,5,39.64097614551578,0.39640976145515777,0.39640976145515777,100,5,100,100,6,0.04833255954651605,414.0,169.41920001409017,13175
1206,100,5,39.59240392233811,0.3959240392233811,0.3959240392233811,100,5,100,100,5,0.04857222317767196,414.0,0.10490001295693219,0
1207,100,5,39.543831699160414,0.39543831699160414,0.39543831699160414,100,5,100,100,5,0.048572223177679064,414.0,0.10989999282173812,0
1208,100,5,39.49525947598273,0.3949525947598273,0.3949525947598273,100,5,100,100,5,0.04857222317766485,414.0,0.09180000051856041,0
1209,100,5,39.44668725280504,0.3944668725280504,0.3944668725280504,100,5,100,100,5,0.04857222317766485,414.0,0.10840001050382853,0
1210,100,5,39.39894700470523,0.39398947004705226,0.39398947004705226,100,5,100,100,6,0.04774024809979238,414.0,170.3624000074342,13175
1211,100,5,39.35220675660544,0.3935220675660544,0.3935220675660544,100,5,100,100,5,0.046740248099773396,414.0,0.10720000136643648,0
1212,100,5,39.30546650850564,0.3930546650850564,0.3930546650850564,100,5,100,100,5,0.04674024809978761,414.0,0.10689999908208847,0
1213,100,5,39.258726260405844,0.39258726260405846,0.39258726260405846,100,5,100,100,5,0.0467402480997805,414.0,0.10720000136643648,0
1214,100,5,39.21198601230604,0.39211986012306044,0.39211986012306044,100,5,100,100,5,0.0467402480997805,414.0,0.10569998994469643,0
1215,100,5,39.16192111323557,0.3916192111323557,0.3916192111323557,100,5,100,100,6,0.050064899070420665,414.0,169.66250000405125,13175
1216,100,5,39.1128562141651,0.391128562141651,0.391128562141651,100,4,100,92,5,0.049064899070422996,474.0,0.1149999734479934,0
1217,100,5,39.06414427946838,0.3906414427946838,0.3906414427946838,100,5,100,100,5,0.048711934696655135,414.0,0.11699998867698014,0
1218,100,5,39.01410523385053,0.39014105233850527,0.39014105233850527,100,5,100,100,5,0.05003904561780814,414.0,0.10500001371838152,0
1219,100,5,38.96539329915382,0.38965393299153817,0.38965393299153817,100,5,100,100,5,0.04871193469666224,414.0,0.10250002378597856,0
1220,100,5,38.91572109145382,0.3891572109145382,0.3891572109145382,100,5,100,100,5,0.04967220769997738,414.0,163.45690001617186,13175
1221,100,5,38.867048883753824,0.38867048883753824,0.38867048883753824,100,5,100,100,4,0.04867220769995839,414.0,0.10989999282173812,0
1222,100,5,38.81775157557099,0.38817751575570986,0.38817751575570986,100,5,100,100,4,0.04929730818280831,414.0,0.10720000136643648,0
1223,100,5,38.769079367871,0.38769079367871,0.38769079367871,100,5,100,100,4,0.0486722076999655,414.0,0.10920001659542322,0
1224,100,5,38.720407160171,0.38720407160171,0.38720407160171,100,5,100,100,4,0.048672207699951286,414.0,0.1120000088121742,0
1225,100,5,38.665418407817754,0.38665418407817753,0.38665418407817753,100,5,100,98,6,0.05498875235328882,414.0,166.94999998435378,13175
1226,100,5,38.61142965546449,0.3861142965546449,0.3861142965546449,100,5,100,98,5,0.05398875235325562,414.0,0.10220002150163054,0
1227,100,5,38.557440903111235,0.38557440903111234,0.38557440903111234,100,5,100,98,5,0.05398875235326983,414.0,0.10730000212788582,0
1228,100,5,38.50345215075798,0.3850345215075798,0.3850345215075798,100,5,100,98,5,0.053988752353262726,414.0,0.10610002209432423,0
1229,100,5,38.449463398404724,0.38449463398404726,0.38449463398404726,100,5,100,98,5,0.053988752353276936,414.0,0.10609999299049377,0
1230,100,5,38.39587104447777,0.3839587104447777,0.3839587104447777,100,5,100,99,5,0.053592353926944725,414.0,163.52949998690747,13175
1231,100,5,38.343278690550804,0.383432786905508,0.383432786905508,100,5,100,99,4,0.05259235392692574,414.0,0.11130000348202884,0
1232,100,5,38.29068633662384,0.3829068633662384,0.3829068633662384,100,5,100,99,4,0.052592353926932844,414.0,0.10070001007989049,0
1233,100,5,38.238093982696874,0.38238093982696875,0.38238093982696875,100,5,100,99,4,0.052592353926932844,414.0,0.10430000838823617,0
1234,100,5,38.1841035668666,0.38184103566866595,0.38184103566866595,100,5,100,99,4,0.05399041583025621,414.0,0.10839998139999807,0
1235,100,5,38.13338531120359,0.3813338531120359,0.3813338531120359,100,5,100,100,6,0.05071825566294308,414.0,163.98929999559186,13175
1236,100,5,38.08366705554059,0.3808366705554059,0.3808366705554059,100,5,100,100,5,0.04971825566294541,414.0,0.11019999510608613,0
1237,100,5,38.03394879987757,0.3803394879987757,0.3803394879987757,100,5,100,100,5,0.0497182556629312,414.0,0.10269999620504677,0
1238,100,5,37.984230544214576,0.37984230544214576,0.37984230544214576,100,5,100,100,5,0.049718255662938304,414.0,0.10859998292289674,0
1239,100,5,37.934512288551566,0.37934512288551564,0.37934512288551564,100,5,100,100,5,0.04971825566294541,414.0,0.1078000059351325,0
1240,100,5,37.88526007145993,0.3788526007145993,0.3788526007145993,100,5,100,100,6,0.049252217091627415,414.0,168.1115000101272,13175
1241,100,5,37.83700785436828,0.3783700785436828,0.3783700785436828,100,5,100,100,5,0.048252217091601324,414.0,0.10480001219548285,0
1242,100,5,37.788755637276644,0.37788755637276644,0.37788755637276644,100,5,100,100,5,0.048252217091615535,414.0,0.1050999853760004,0
1243,100,5,37.74050342018499,0.37740503420184995,0.37740503420184995,100,5,100,100,5,0.04825221709160843,414.0,0.10279999696649611,0
1244,100,5,37.69225120309337,0.3769225120309337,0.3769225120309337,100,5,100,100,5,0.048252217091615535,414.0,0.06769999163225293,0
1245,100,5,37.64212275822872,0.37642122758228724,0.37642122758228724,100,4,100,37,6,0.050128444864597554,199.0,155.76240001246333,13175
1246,100,5,37.59299431336408,0.3759299431336408,0.3759299431336408,100,4,100,37,5,0.04912844486459278,199.0,0.13699999544769526,0
1247,100,5,37.54386586849944,0.3754386586849944,0.3754386586849944,100,4,100,37,5,0.049128444864585674,199.0,0.11059999815188348,0
1248,100,5,37.49473742363479,0.3749473742363479,0.3749473742363479,100,4,100,37,5,0.04912844486459278,199.0,0.10690002818591893,0
1249,100,5,37.445608978770146,0.37445608978770145,0.37445608978770145,100,4,100,37,5,0.04912844486459278,199.0,0.11079999967478216,0
1250,100,5,37.39724009841515,0.3739724009841515,0.3739724009841515,100,5,100,100,6,0.048368880354935584,414.0,166.9961000152398,13175
1251,100,5,37.349871218060166,0.37349871218060166,0.37349871218060166,100,5,100,100,5,0.047368880354937914,414.0,0.1078000059351325,0
1252,100,5,37.30250233770517,0.37302502337705173,0.37302502337705173,100,5,100,100,5,0.047368880354923704,414.0,0.11439999798312783,0
1253,100,5,37.255133457350176,0.37255133457350176,0.37255133457350176,100,5,100,100,5,0.047368880354937914,414.0,0.11140000424347818,0
1254,100,5,37.207764576995174,0.3720776457699517,0.3720776457699517,100,5,100,100,5,0.04736888035493081,414.0,0.09960000170394778,0
1255,100,5,37.159802565981344,0.3715980256598134,0.3715980256598134,100,5,100,100,6,0.04796201101379438,414.0,165.92660002061166,13175
1256,100,5,37.11284055496751,0.37112840554967513,0.37112840554967513,100,5,100,100,5,0.0469620110137825,414.0,0.10550001752562821,0
1257,100,5,37.06587854395368,0.3706587854395368,0.3706587854395368,100,5,100,100,5,0.046962011013789606,414.0,0.10239999392069876,0
1258,100,5,37.01891653293986,0.3701891653293986,0.3701891653293986,100,5,100,100,5,0.0469620110137825,414.0,0.06600000779144466,0
1259,100,5,36.971954521926016,0.36971954521926015,0.36971954521926015,100,5,100,100,5,0.046962011013789606,414.0,0.10320000001229346,0
1260,100,5,36.924062708508174,0.36924062708508176,0.36924062708508176,100,5,100,100,6,0.04789181341782722,414.0,156.61870001349598,13175
1261,100,5,36.877170895090316,0.36877170895090317,0.36877170895090317,100,5,100,100,5,0.04689181341783666,414.0,0.09980000322684646,0
1262,100,5,36.830279081672465,0.3683027908167247,0.3683027908167247,100,5,100,100,5,0.04689181341781534,414.0,0.10939998901449144,0
1263,100,5,36.78338726825462,0.3678338726825462,0.3678338726825462,100,5,100,100,5,0.04689181341785087,414.0,0.072900002123788,0
1264,100,5,36.73649545483677,0.3673649545483677,0.3673649545483677,100,5,100,100,5,0.04689181341781534,414.0,0.0858000130392611,0
1265,100,5,36.68808717209226,0.3668808717209226,0.3668808717209226,100,5,100,100,6,0.04840828274445386,414.0,166.34359999443404,13175
1266,100,5,36.640678889347754,0.36640678889347755,0.36640678889347755,100,5,100,100,5,0.04740828274443487,414.0,0.10619999375194311,0
1267,100,5,36.593270606603255,0.36593270606603256,0.36593270606603256,100,5,100,100,5,0.04740828274444908,414.0,0.10810000821948051,0
1268,100,5,36.54586232385875,0.36545862323858747,0.36545862323858747,100,5,100,100,5,0.04740828274443487,414.0,0.10619999375194311,0
1269,100,5,36.49845404111426,0.3649845404111426,0.3649845404111426,100,5,100,100,5,0.04740828274443487,414.0,0.10350000229664147,0
1270,100,5,36.447357153951046,0.36447357153951043,0.36447357153951043,100,5,100,100,6,0.05109688716318317,414.0,162.82019999925978,13175
1271,100,5,36.39726026678784,0.3639726026678784,0.3639726026678784,100,5,100,100,5,0.05009688716315708,414.0,0.13760000001639128,0
1272,100,5,36.347163379624625,0.36347163379624625,0.36347163379624625,100,5,100,100,5,0.050096887163178394,414.0,0.10979999206028879,0
1273,100,5,36.29706649246142,0.36297066492461416,0.36297066492461416,100,5,100,100,5,0.05009688716314997,414.0,0.10480001219548285,0
1274,100,5,36.246969605298226,0.36246969605298224,0.36246969605298224,100,5,100,100,5,0.05009688716317129,414.0,0.10299999848939478,0
1275,100,5,36.19157233730757,0.3619157233730757,0.3619157233730757,100,5,100,100,5,0.055397267990592525,414.0,166.00510000716895,13175
1276,100,5,36.13839102731022,0.3613839102731022,0.3613839102731022,100,5,100,100,4,0.053181309997320625,414.0,0.10629999451339245,0
1277,100,5,36.083993759319576,0.36083993759319577,0.36083993759319577,100,5,100,100,4,0.054397267990566434,414.0,0.10519998613744974,0
1278,100,5,36.030204470325565,0.36030204470325566,0.36030204470325566,100,5,100,100,4,0.0537892889939684,414.0,0.10339997243136168,0
1279,100,5,35.97582720233493,0.3597582720233493,0.3597582720233493,100,5,100,99,4,0.05437726799056719,414.0,0.1052000152412802,0
1280,100,5,35.926077505193206,0.35926077505193205,0.35926077505193205,100,5,100,100,6,0.04974969714172062,414.0,163.34640001878142,13175
1281,100,5,35.87732780805149,0.3587732780805149,0.3587732780805149,100,5,100,100,5,0.04874969714170163,414.0,0.10010000551119447,0
1282,100,5,35.82857811090978,0.3582857811090978,0.3582857811090978,100,5,100,100,5,0.04874969714170163,414.0,0.09250000584870577,0
1283,100,5,35.77982841376807,0.3577982841376807,0.3577982841376807,100,5,100,100,5,0.04874969714170163,414.0,0.09780001710169017,0
1284,100,5,35.73107871662636,0.3573107871662636,0.3573107871662636,100,5,100,100,5,0.04874969714170163,414.0,0.12740000966005027,0
1285,100,5,35.68300436158613,0.3568300436158613,0.3568300436158613,100,5,100,100,6,0.04807435504014279,414.0,158.17040001275018,13175
1286,100,5,35.63593000654593,0.35635930006545924,0.35635930006545924,100,5,100,100,5,0.047074355040138016,414.0,0.10960001964122057,0
1287,100,5,35.58885565150571,0.35588855651505713,0.35588855651505713,100,5,100,100,5,0.047074355040138016,414.0,0.10750000365078449,0
1288,100,5,35.541781296465494,0.35541781296465497,0.35541781296465497,100,5,100,100,5,0.04707435504015223,414.0,0.07330000516958535,0
1289,100,5,35.494706941425285,0.35494706941425286,0.35494706941425286,100,5,100,100,5,0.047074355040138016,414.0,0.16589998267591,0
1290,100,5,35.443130298291166,0.35443130298291164,0.35443130298291164,100,5,100,99,6,0.05157664313405519,414.0,165.3455999912694,13175
1291,100,5,35.39255365515706,0.3539255365515706,0.3539255365515706,100,5,100,99,5,0.0505766431340362,414.0,0.10659999679774046,0
1292,100,5,35.34197701202295,0.3534197701202295,0.3534197701202295,100,5,100,99,5,0.050576643134064625,414.0,0.10740000288933516,0
1293,100,5,35.29140036888884,0.35291400368888837,0.35291400368888837,100,5,100,99,5,0.050576643134050414,414.0,0.0727999722585082,0
1294,100,5,35.24082372575474,0.3524082372575474,0.3524082372575474,100,5,100,99,5,0.050576643134050414,414.0,0.10510001447983086,0
1295,100,5,35.18897229310792,0.35188972293107923,0.35188972293107923,100,5,100,99,6,0.051851432646785156,414.0,147.25119998911396,13175
1296,100,5,35.138120860461086,0.35138120860461086,0.35138120860461086,100,5,100,99,5,0.05085143264676617,414.0,0.1018000184558332,0
1297,100,5,35.087269427814256,0.35087269427814255,0.35087269427814255,100,5,100,99,5,0.05085143264678038,414.0,0.12430001515895128,0
1298,100,5,35.03641799516744,0.3503641799516744,0.3503641799516744,100,5,100,99,5,0.05085143264678038,414.0,0.10400000610388815,0
1299,100,5,34.98556656252061,0.3498556656252061,0.3498556656252061,100,5,100,99,5,0.05085143264678038,414.0,0.11010002344846725,0
1300,100,5,34.936583953009276,0.34936583953009276,0.34936583953009276,100,5,100,100,5,0.048982609511284636,414.0,161.76160000031814,13175
1301,100,5,34.88860134349793,0.3488860134349793,0.3488860134349793,100,5,100,100,4,0.04798260951127986,414.0,0.1047999830916524,0
1302,100,5,34.84061873398659,0.3484061873398659,0.3484061873398659,100,5,100,100,4,0.04798260951127986,414.0,0.06809999467805028,0
1303,100,5,34.79263612447523,0.3479263612447523,0.3479263612447523,100,5,100,100,4,0.04798260951127986,414.0,0.10120001388713717,0
1304,100,5,34.74465351496389,0.3474465351496389,0.3474465351496389,100,5,100,100,4,0.04798260951127986,414.0,0.10410000686533749,0
1305,100,5,34.69589286726597,0.3469589286726597,0.3469589286726597,100,5,100,100,6,0.04876064769784705,414.0,164.60590000497177,13175
1306,100,5,34.64813221956804,0.3464813221956804,0.3464813221956804,100,5,100,100,5,0.047760647697870695,414.0,0.10070001007989049,0
1307,100,5,34.60037157187011,0.34600371571870114,0.34600371571870114,100,5,100,100,5,0.047760647697856484,414.0,0.10949998977594078,0
1308,100,5,34.55261092417219,0.34552610924172195,0.34552610924172195,100,5,100,100,5,0.047760647697856484,414.0,0.08789999992586672,0
1309,100,5,34.50485027647427,0.34504850276474275,0.34504850276474275,100,5,100,100,5,0.047760647697856484,414.0,0.10470001143403351,0
1310,100,5,34.45760693413586,0.3445760693413586,0.3445760693413586,100,5,100,100,5,0.047243342338333605,414.0,159.87329999916255,13175
1311,100,5,34.41136359179746,0.3441136359179746,0.3441136359179746,100,5,100,100,4,0.04624334233832883,414.0,0.10629999451339245,0
1312,100,5,34.36512024945907,0.3436512024945907,0.3436512024945907,100,5,100,100,4,0.04624334233831462,414.0,0.1033000007737428,0
1313,100,5,34.31887690712066,0.3431887690712066,0.3431887690712066,100,5,100,100,4,0.04624334233834304,414.0,0.0906999921426177,0
1314,100,5,34.27263356478226,0.3427263356478226,0.3427263356478226,100,5,100,100,4,0.04624334233832883,414.0,0.07119998917914927,0
1315,100,5,34.22268852950365,0.3422268852950365,0.3422268852950365,100,5,100,100,6,0.04994503527861127,414.0,159.840800013626,13175
1316,100,5,34.17374349422503,0.3417374349422503,0.3417374349422503,100,5,100,100,5,0.048945035278592286,414.0,0.10480001219548285,0
1317,100,5,34.12479845894643,0.3412479845894643,0.3412479845894643,100,5,100,100,5,0.0489450352786065,414.0,0.1370999962091446,0
1318,100,5,34.075853423667816,0.3407585342366782,0.3407585342366782,100,5,100,100,5,0.048945035278592286,414.0,0.11970000923611224,0
1319,100,5,34.0269083883892,0.34026908388389204,0.34026908388389204,100,5,100,100,5,0.0489450352786065,414.0,0.0999000039882958,0
1320,100,5,33.97802855604163,0.3397802855604163,0.3397802855604163,100,5,100,100,6,0.0488798323475379,414.0,162.67670001252554,13175
1321,100,5,33.930148723694074,0.33930148723694076,0.33930148723694076,100,5,100,100,5,0.047879832347533124,414.0,0.10390000534243882,0
1322,100,5,33.8822688913465,0.338822688913465,0.338822688913465,100,5,100,100,5,0.047879832347518914,414.0,0.10069998097606003,0
1323,100,5,33.83438905899893,0.3383438905899893,0.3383438905899893,100,5,100,100,5,0.047879832347533124,414.0,0.10489998385310173,0
1324,100,5,33.786509226651354,0.33786509226651357,0.33786509226651357,100,5,100,100,5,0.047879832347518914,414.0,0.10540001676417887,0
1325,100,5,33.73471758297904,0.33734717582979035,0.33734717582979035,100,5,100,99,6,0.0517916436722885,414.0,155.5596000107471,13175
1326,100,5,33.68392593930671,0.33683925939306714,0.33683925939306714,100,5,100,99,5,0.050791643672255304,414.0,0.1086000120267272,0
1327,100,5,33.633134295634385,0.33633134295634387,0.33633134295634387,100,5,100,99,5,0.050791643672283726,414.0,0.10000000474974513,0
1328,100,5,33.58167909650149,0.3358167909650149,0.3358167909650149,100,5,100,99,5,0.05145519913283181,414.0,0.10949998977594078,0
1329,100,5,33.530223897368586,0.3353022389736859,0.3353022389736859,100,5,100,99,5,0.05145519913284602,414.0,0.10790000669658184,0
1330,100,5,33.482176785851635,0.33482176785851636,0.33482176785851636,100,5,100,100,6,0.04804711151689389,414.0,156.40500001609325,13175
1331,100,5,33.43512967433469,0.3343512967433469,0.3343512967433469,100,5,100,100,5,0.04704711151690333,414.0,0.1084999821614474,0
1332,100,5,33.38808256281772,0.3338808256281772,0.3338808256281772,100,5,100,100,5,0.04704711151688912,414.0,0.10619999375194311,0
1333,100,5,33.341035451300776,0.33341035451300777,0.33341035451300777,100,5,100,100,5,0.04704711151690333,414.0,0.10390000534243882,0
1334,100,5,33.29398833978382,0.33293988339783825,0.33293988339783825,100,5,100,100,5,0.04704711151688912,414.0,0.10599999222904444,0
1335,100,5,33.240937985597,0.33240937985597,0.33240937985597,100,5,100,99,6,0.05305035418678017,414.0,144.76739999372512,13175
1336,100,5,33.18888763141019,0.3318888763141019,0.3318888763141019,100,5,100,99,5,0.05205035418676118,414.0,0.10219999239780009,0
1337,100,5,33.13683727722338,0.3313683727722338,0.3313683727722338,100,5,100,99,5,0.052050354186775394,414.0,0.11069999891333282,0
1338,100,5,33.08478692303657,0.3308478692303657,0.3308478692303657,100,5,100,99,5,0.052050354186775394,414.0,0.10540001676417887,0
1339,100,5,33.032736568849764,0.33032736568849763,0.33032736568849763,100,5,100,99,5,0.052050354186775394,414.0,0.05829997826367617,0
1340,100,5,32.98290233204235,0.3298290233204235,0.3298290233204235,100,4,100,63,6,0.04983423680735655,329.0,154.63309999904595,13175
1341,100,5,32.934068095234935,0.32934068095234936,0.32934068095234936,100,4,100,63,5,0.04883423680736598,329.0,0.10030000703409314,0
1342,100,5,32.88523385842752,0.3288523385842752,0.3288523385842752,100,4,100,63,5,0.04883423680735177,329.0,0.10080001084133983,0
1343,100,5,32.83639962162011,0.3283639962162011,0.3283639962162011,100,4,100,63,5,0.04883423680736598,329.0,0.10109998402185738,0
1344,100,5,32.78756538481269,0.3278756538481269,0.3278756538481269,100,4,100,63,5,0.04883423680736598,329.0,0.10289999772794545,0
1345,100,5,32.736020657013434,0.3273602065701343,0.3273602065701343,100,5,100,100,6,0.05154472779921093,414.0,161.08200000599027,13175
1346,100,5,32.68547592921417,0.3268547592921417,0.3268547592921417,100,5,100,100,5,0.05054472779920616,414.0,0.1249000197276473,0
1347,100,5,32.63493120141492,0.32634931201414924,0.32634931201414924,100,5,100,100,5,0.05054472779920616,414.0,0.10619999375194311,0
1348,100,5,32.58379853209466,0.3258379853209466,0.3258379853209466,100,5,100,100,5,0.051132669320210766,414.0,0.05930001498199999,0
1349,100,5,32.5332538042954,0.325332538042954,0.325332538042954,100,5,100,100,5,0.05054472779920616,414.0,0.10179998935200274,0
1350,100,5,32.48397123542037,0.3248397123542037,0.3248397123542037,100,5,100,100,6,0.049282568875014476,414.0,168.8541999901645,13175
1351,100,5,32.43568866654534,0.32435688666545337,0.32435688666545337,100,5,100,100,5,0.0482825688750097,414.0,0.10139998630620539,0
1352,100,5,32.38740609767031,0.32387406097670307,0.32387406097670307,100,5,100,100,5,0.04828256887499549,414.0,0.10279999696649611,0
1353,100,5,32.339123528795284,0.3233912352879528,0.3233912352879528,100,5,100,100,5,0.04828256887499549,414.0,0.09980000322684646,0
1354,100,5,32.29084095992025,0.32290840959920253,0.32290840959920253,100,5,100,100,5,0.0482825688750097,414.0,0.1281999866478145,0
1355,100,5,32.23997845104255,0.32239978451042556,0.32239978451042556,100,5,100,100,5,0.050862508877671075,414.0,165.05810001399368,13175
1356,100,5,32.19011594216486,0.3219011594216486,0.3219011594216486,100,5,100,100,4,0.04986250887765209,414.0,0.1066999975591898,0
1357,100,5,32.140253433287164,0.32140253433287164,0.32140253433287164,100,5,100,100,4,0.0498625088776663,414.0,0.06739998934790492,0
1358,100,5,32.09039092440947,0.3209039092440947,0.3209039092440947,100,5,100,100,4,0.0498625088776663,414.0,0.07979999645613134,0
1359,100,5,32.040528415531774,0.32040528415531777,0.32040528415531777,100,5,100,100,4,0.04986250887765209,414.0,0.06649998249486089,0
1360,100,5,31.988423316059283,0.31988423316059283,0.31988423316059283,100,5,100,100,6,0.05210509947245612,414.0,162.02630000771023,13175
1361,100,5,31.93731821658679,0.3193731821658679,0.3193731821658679,100,5,100,100,5,0.05110509947245134,414.0,0.10109998402185738,0
1362,100,5,31.88541032974508,0.3188541032974508,0.3188541032974508,100,5,100,100,5,0.051907886841647155,414.0,0.10149998706765473,0
1363,100,5,31.834305230272587,0.31834305230272586,0.31834305230272586,100,5,100,100,5,0.05110509947245134,414.0,0.06540000322274864,0
1364,100,5,31.783200130800093,0.31783200130800093,0.31783200130800093,100,5,100,100,5,0.05110509947243713,414.0,0.1050999853760004,0
1365,100,5,31.724637290863008,0.31724637290863006,0.31724637290863006,100,5,100,97,5,0.05856283993706768,414.0,162.89609999512322,13175
1366,100,5,31.66768242992257,0.3166768242992257,0.3166768242992257,100,5,100,97,4,0.056954860940422236,414.0,0.06500000017695129,0
1367,100,5,31.609511610988854,0.31609511610988855,0.31609511610988855,100,5,100,97,4,0.05817081893370357,414.0,0.10640002437867224,0
1368,100,5,31.55134079205514,0.3155134079205514,0.3155134079205514,100,5,100,97,4,0.05817081893367515,414.0,0.10790000669658184,0
1369,100,5,31.493189973121424,0.31493189973121427,0.31493189973121427,100,5,100,96,4,0.05815081893368301,414.0,0.10519998613744974,0
1370,100,5,31.444115764009574,0.3144411576400957,0.3144411576400957,100,5,100,100,6,0.04907420911179372,414.0,151.77630001562648,13175
1371,100,5,31.397379645551066,0.31397379645551066,0.31397379645551066,100,5,100,100,5,0.046736118458483134,414.0,0.10159998782910407,0
1372,100,5,31.350643527092544,0.3135064352709254,0.3135064352709254,100,5,100,100,5,0.04673611845846892,414.0,0.12650000280700624,0
1373,100,5,31.303907408634036,0.31303907408634035,0.31303907408634035,100,5,100,100,5,0.04673611845846892,414.0,0.10099998326040804,0
1374,100,5,31.257171290175517,0.31257171290175517,0.31257171290175517,100,5,100,100,5,0.04673611845846892,414.0,0.10199999087490141,0
1375,100,5,31.209741568134245,0.31209741568134247,0.31209741568134247,100,5,100,100,6,0.04742972204127227,414.0,151.99630000279285,13175
1376,100,5,31.162185654748924,0.31162185654748925,0.31162185654748925,100,5,100,100,5,0.047555913385323834,414.0,0.10070001007989049,0
1377,100,5,31.11575593270765,0.3111575593270765,0.3111575593270765,100,5,100,100,5,0.046429722041253285,414.0,0.09989997488446534,0
1378,100,5,31.069326210666386,0.31069326210666387,0.31069326210666387,100,5,100,100,5,0.046429722041253285,414.0,0.09899999713525176,0
1379,100,5,31.02289648862512,0.3102289648862512,0.3102289648862512,100,5,100,100,5,0.04642972204128171,414.0,0.10239999392069876,0
1380,100,5,30.973890817817022,0.30973890817817024,0.30973890817817024,100,5,100,100,6,0.0490056708080715,414.0,157.99940002034418,13175
1381,100,5,30.925885147008923,0.30925885147008925,0.30925885147008925,100,5,100,100,5,0.048005670808080936,414.0,0.10480001219548285,0
1382,100,5,30.877879476200825,0.30877879476200826,0.30877879476200826,100,5,100,100,5,0.048005670808066725,414.0,0.10320000001229346,0
1383,100,5,30.829873805392726,0.30829873805392727,0.30829873805392727,100,5,100,100,5,0.048005670808080936,414.0,0.09769998723641038,0
1384,100,5,30.78186813458462,0.3078186813458462,0.3078186813458462,100,5,100,100,5,0.048005670808066725,414.0,0.09960000170394778,0
1385,100,5,30.73252877630983,0.3073252877630983,0.3073252877630983,100,5,100,100,6,0.04933935827476432,414.0,166.61440001917072,13175
1386,100,5,30.68418941803504,0.3068418941803504,0.3068418941803504,100,5,100,100,5,0.04833935827477376,414.0,0.06650001159869134,0
1387,100,5,30.635850059760248,0.3063585005976025,0.3063585005976025,100,5,100,100,5,0.04833935827475955,414.0,0.09919999865815043,0
1388,100,5,30.58751070148545,0.3058751070148545,0.3058751070148545,100,5,100,100,5,0.04833935827475955,414.0,0.10150001617148519,0
1389,100,5,30.53917134321066,0.30539171343210664,0.30539171343210664,100,5,100,100,5,0.04833935827475955,414.0,0.10390000534243882,0
1390,100,5,30.486609666137163,0.30486609666137165,0.30486609666137165,100,5,100,99,6,0.05256167707349846,414.0,165.92299999319948,13175
1391,100,5,30.435047989063662,0.3043504798906366,0.3043504798906366,100,5,100,99,5,0.05156167707346526,414.0,0.10730000212788582,0
1392,100,5,30.383486311990172,0.3038348631199017,0.3038348631199017,100,5,100,99,5,0.05156167707347947,414.0,0.05390000296756625,0
1393,100,5,30.331924634916675,0.30331924634916674,0.30331924634916674,100,5,100,99,5,0.05156167707346526,414.0,0.12539999443106353,0
1394,100,5,30.280362957843177,0.30280362957843177,0.30280362957843177,100,5,100,99,5,0.051561677073493684,414.0,0.06580000626854599,0
1395,100,5,30.226924406262242,0.3022692440626224,0.3022692440626224,100,4,100,65,6,0.0534385515809106,339.0,170.59680001693778,13175
1396,100,5,30.174485854681308,0.3017448585468131,0.3017448585468131,100,4,100,65,5,0.05243855158089161,339.0,0.06969997775740921,0
1397,100,5,30.1214604409139,0.301214604409139,0.301214604409139,100,4,100,65,5,0.05302541376737224,339.0,0.11029999586753547,0
1398,100,5,30.069021889332966,0.30069021889332964,0.30069021889332964,100,4,100,65,5,0.05243855158089161,339.0,0.10979999206028879,0
1399,100,5,30.01658333775203,0.30016583337752034,0.30016583337752034,100,4,100,65,5,0.05243855158089161,339.0,0.08640001760795712,0
1400,100,5,29.968381688254187,0.29968381688254186,0.29968381688254186,100,5,100,100,6,0.048201649497855215,414.0,171.48859999724664,13175
1401,100,5,29.921180038756358,0.29921180038756356,0.29921180038756356,100,5,100,100,5,0.04720164949780781,414.0,0.10659999679774046,0
1402,100,5,29.8739783892585,0.298739783892585,0.298739783892585,100,5,100,100,5,0.04720164949783623,414.0,0.11029999586753547,0
1403,100,5,29.82677673976066,0.29826776739760663,0.29826776739760663,100,5,100,100,5,0.04720164949780781,414.0,0.135900016175583,0
1404,100,5,29.779575090262817,0.29779575090262816,0.29779575090262816,100,5,100,100,5,0.04720164949785044,414.0,0.10859998292289674,0
1405,100,5,29.731851206360094,0.29731851206360094,0.29731851206360094,100,5,100,100,6,0.04772388390264837,414.0,173.9464999991469,13175
1406,100,5,29.685127322457372,0.2968512732245737,0.2968512732245737,100,5,100,100,5,0.046723883902672014,414.0,0.10840001050382853,0
1407,100,5,29.638403438554658,0.29638403438554656,0.29638403438554656,100,5,100,100,5,0.0467238839026578,414.0,0.1367000222671777,0
1408,100,5,29.59167955465193,0.2959167955465193,0.2959167955465193,100,5,100,100,5,0.046723883902686225,414.0,0.1050999853760004,0
1409,100,5,29.54495567074921,0.2954495567074921,0.2954495567074921,100,5,100,100,5,0.0467238839026578,414.0,0.10730000212788582,0
1410,100,5,29.497622099858997,0.29497622099859,0.29497622099859,100,5,100,100,6,0.047333570890174315,414.0,156.62589998100884,13175
1411,100,5,29.45128852896878,0.29451288528968783,0.29451288528968783,100,5,100,100,5,0.04633357089018375,414.0,0.10499998461455107,0
1412,100,5,29.404954958078573,0.2940495495807857,0.2940495495807857,100,5,100,100,5,0.04633357089018375,414.0,0.10710000060498714,0
1413,100,5,29.35862138718836,0.2935862138718836,0.2935862138718836,100,5,100,100,5,0.04633357089018375,414.0,0.11580000864341855,0
1414,100,5,29.31228781629815,0.2931228781629815,0.2931228781629815,100,5,100,100,5,0.04633357089018375,414.0,0.10820000898092985,0
1415,100,5,29.256556863171827,0.2925655686317183,0.2925655686317183,100,5,100,99,5,0.05573095312627174,414.0,156.0923999932129,13175
1416,100,5,29.201825910045514,0.29201825910045515,0.29201825910045515,100,5,100,99,4,0.05473095312626697,414.0,0.10569998994469643,0
1417,100,5,29.147094956919197,0.29147094956919195,0.29147094956919195,100,5,100,99,4,0.05473095312626697,414.0,0.1066999975591898,0
1418,100,5,29.092344003792885,0.29092344003792886,0.29092344003792886,100,5,100,100,4,0.054750953126244895,414.0,0.11029999586753547,0
1419,100,5,29.037613050666568,0.29037613050666566,0.29037613050666566,100,5,100,99,4,0.05473095312626697,414.0,0.10570001904852688,0
1420,100,5,28.989803046838055,0.28989803046838053,0.28989803046838053,100,5,100,100,5,0.04781000382847367,414.0,149.01550000649877,13175
1421,100,5,28.94299304300954,0.2894299304300954,0.2894299304300954,100,5,100,100,4,0.04681000382845468,414.0,0.10250002378597856,0
1422,100,5,28.89618303918103,0.2889618303918103,0.2889618303918103,100,5,100,100,4,0.04681000382845468,414.0,0.10519998613744974,0
1423,100,5,28.849373035352514,0.28849373035352516,0.28849373035352516,100,5,100,100,4,0.04681000382845468,414.0,0.10209999163635075,0
1424,100,5,28.802563031524002,0.28802563031524003,0.28802563031524003,100,5,100,100,4,0.046810003828468894,414.0,0.10730000212788582,0
1425,100,5,28.7513588480213,0.287513588480213,0.287513588480213,100,5,100,100,4,0.051204183502662204,414.0,162.6430999895092,13175
1426,100,5,28.701154664518604,0.287011546645186,0.287011546645186,100,5,100,100,3,0.05020418350265743,414.0,0.1084999821614474,0
1427,100,5,28.650950481015904,0.286509504810159,0.286509504810159,100,5,100,100,3,0.05020418350267164,414.0,0.12969999806955457,0
1428,100,5,28.6007462975132,0.286007462975132,0.286007462975132,100,5,100,100,3,0.05020418350267164,414.0,0.07800001185387373,0
1429,100,5,28.5505421140105,0.285505421140105,0.285505421140105,100,5,100,100,3,0.05020418350265743,414.0,0.05669999518431723,0
1430,100,5,28.501045517991454,0.2850104551799145,0.2850104551799145,100,5,100,100,6,0.049496596019025674,414.0,158.59460001229309,13175
1431,100,5,28.452548921972408,0.2845254892197241,0.2845254892197241,100,5,100,100,5,0.04849659601900669,414.0,0.069500005338341,0
1432,100,5,28.40405232595336,0.2840405232595336,0.2840405232595336,100,5,100,100,5,0.04849659601903511,414.0,0.06459999713115394,0
1433,100,5,28.35555572993432,0.2835555572993432,0.2835555572993432,100,5,100,100,5,0.04849659601900669,414.0,0.11019999510608613,0
1434,100,5,28.307059133915267,0.2830705913391527,0.2830705913391527,100,5,100,100,5,0.0484965960190209,414.0,0.10569998994469643,0
1435,100,5,28.257779990901472,0.2825777999090147,0.2825777999090147,100,4,100,52,6,0.049279143013762905,274.0,148.19499998702668,13175
1436,100,5,28.20950084788768,0.2820950084788768,0.2820950084788768,100,4,100,52,5,0.04827914301378655,274.0,0.11470000026747584,0
1437,100,5,28.161221704873878,0.2816122170487388,0.2816122170487388,100,4,100,52,5,0.04827914301377234,274.0,0.10449998080730438,0
1438,100,5,28.112942561860088,0.2811294256186009,0.2811294256186009,100,4,100,52,5,0.04827914301378655,274.0,0.06700001540593803,0
1439,100,5,28.06466341884629,0.2806466341884629,0.2806466341884629,100,4,100,52,5,0.04827914301378655,274.0,0.10460001067258418,0
1440,100,5,28.017003629557184,0.28017003629557186,0.28017003629557186,100,5,100,100,6,0.047659789289056675,414.0,152.16590001364239,13175
1441,100,5,27.97034384026808,0.2797034384026808,0.2797034384026808,100,5,100,100,5,0.04665978928908032,414.0,0.10750000365078449,0
1442,100,5,27.923684050978974,0.27923684050978975,0.27923684050978975,100,5,100,100,5,0.04665978928906611,414.0,0.10950001887977123,0
1443,100,5,27.877024261689865,0.27877024261689864,0.27877024261689864,100,5,100,100,5,0.04665978928906611,414.0,0.07870001718401909,0
1444,100,5,27.830364472400756,0.27830364472400754,0.27830364472400754,100,5,100,100,5,0.0466597892890519,414.0,0.10510001447983086,0
1445,100,5,27.781747766814448,0.27781747766814446,0.27781747766814446,100,5,100,100,6,0.048616705586297826,414.0,160.77849999419414,13175
1446,100,5,27.732891397596987,0.27732891397596987,0.27732891397596987,100,5,100,100,5,0.04885636921744663,414.0,0.10659999679774046,0
1447,100,5,27.68403502837952,0.27684035028379517,0.27684035028379517,100,5,100,100,5,0.048856369217418205,414.0,0.10230002226307988,0
1448,100,5,27.636418322793205,0.27636418322793205,0.27636418322793205,100,5,100,100,5,0.04761670558627884,414.0,0.10060000931844115,0
1449,100,5,27.590041280838044,0.27590041280838046,0.27590041280838046,100,5,100,100,5,0.046377041955139475,414.0,0.10699999984353781,0
1450,100,5,27.540619032086173,0.2754061903208617,0.2754061903208617,100,5,100,100,6,0.04942224875182433,414.0,161.4797000074759,13175
1451,100,5,27.49219678333431,0.2749219678333431,0.2749219678333431,100,5,100,100,5,0.04842224875181955,414.0,0.10659999679774046,0
1452,100,5,27.443774534582438,0.2744377453458244,0.2744377453458244,100,5,100,100,5,0.04842224875180534,414.0,0.10189999011345208,0
1453,100,5,27.39535228583057,0.2739535228583057,0.2739535228583057,100,5,100,100,5,0.048422248751847974,414.0,0.06809999467805028,0
1454,100,5,27.345661288531645,0.2734566128853164,0.2734566128853164,100,5,100,100,5,0.0496909972988675,414.0,0.10720000136643648,0
1455,100,5,27.29686833656845,0.27296868336568453,0.27296868336568453,100,5,100,100,6,0.0487929519631507,414.0,164.73230000701733,13175
1456,100,5,27.249075384605266,0.27249075384605265,0.27249075384605265,100,5,100,100,5,0.04779295196313171,414.0,0.10489998385310173,0
1457,100,5,27.201282432642085,0.2720128243264208,0.2720128243264208,100,5,100,100,5,0.047792951963174346,414.0,0.10820000898092985,0
1458,100,5,27.15348948067889,0.2715348948067889,0.2715348948067889,100,5,100,100,5,0.0477929519631175,414.0,0.1008999824989587,0
1459,100,5,27.10569652871571,0.2710569652871571,0.2710569652871571,100,5,100,100,5,0.047792951963160135,414.0,0.09809999028220773,0
1460,100,5,27.056792143912237,0.27056792143912234,0.27056792143912234,100,5,100,100,6,0.04890438480343562,414.0,160.13229999225587,13175
1461,100,5,27.008887759108777,0.2700888775910878,0.2700888775910878,100,5,100,100,5,0.047904384803473476,414.0,0.10370000381954014,0
1462,100,5,26.96098337430531,0.2696098337430531,0.2696098337430531,100,5,100,100,5,0.047904384803430844,414.0,0.12829998740926385,0
1463,100,5,26.913078989501845,0.26913078989501843,0.26913078989501843,100,5,100,100,5,0.047904384803459266,414.0,0.10300002759322524,0
1464,100,5,26.865174604698375,0.2686517460469837,0.2686517460469837,100,5,100,100,5,0.047904384803445055,414.0,0.10390000534243882,0
1465,100,5,26.816576684529,0.26816576684529,0.26816576684529,100,5,100,100,6,0.04859792016931408,414.0,155.77099999063648,13175
1466,100,5,26.768978764359627,0.26768978764359624,0.26768978764359624,100,5,100,100,5,0.047597920169309305,414.0,0.10289999772794545,0
1467,100,5,26.721380844190247,0.26721380844190246,0.26721380844190246,100,5,100,100,5,0.047597920169295094,414.0,0.10469998233020306,0
1468,100,5,26.673782924020873,0.2667378292402087,0.2667378292402087,100,5,100,100,5,0.047597920169295094,414.0,0.10410000686533749,0
1469,100,5,26.626185003851493,0.26626185003851494,0.26626185003851494,100,5,100,100,5,0.047597920169295094,414.0,0.10689999908208847,0
1470,100,5,26.57809832882871,0.2657809832882871,0.2657809832882871,100,5,100,100,6,0.04808667502278752,414.0,164.47300001163967,13175
1471,100,5,26.530342608479252,0.2653034260847925,0.2653034260847925,100,5,100,100,5,0.04775572034940012,414.0,0.10650002514012158,0
1472,100,5,26.48191784280314,0.2648191784280314,0.2648191784280314,100,5,100,100,5,0.048424765676088555,414.0,0.09889999637380242,0
1473,100,5,26.43483116778035,0.2643483116778035,0.2643483116778035,100,5,100,100,5,0.04708667502276853,414.0,0.10380000458098948,0
1474,100,5,26.38774449275756,0.2638774449275756,0.2638774449275756,100,5,100,100,5,0.04708667502275432,414.0,0.10420000762678683,0
1475,100,5,26.340178088203025,0.26340178088203026,0.26340178088203026,100,5,100,100,6,0.047566404554530095,414.0,161.0660000005737,13175
1476,100,5,26.292948128187913,0.26292948128187915,0.26292948128187915,100,5,100,100,5,0.04722996001508761,414.0,0.10609999299049377,0
1477,100,5,26.245718168172804,0.26245718168172805,0.26245718168172805,100,5,100,100,5,0.047229960015101824,414.0,0.10599999222904444,0
1478,100,5,26.199151763618264,0.26199151763618267,0.26199151763618267,100,5,100,100,5,0.04656640455452532,414.0,0.0653000024612993,0
1479,100,5,26.15125824814259,0.2615125824814259,0.2615125824814259,100,5,100,100,5,0.04789351547567833,414.0,0.053599971579387784,0
1480,100,5,26.103718271794374,0.26103718271794374,0.26103718271794374,100,5,100,100,6,0.04753997634816187,414.0,150.2045000088401,13175
1481,100,5,26.05717829544617,0.2605717829544617,0.2605717829544617,100,5,100,100,5,0.04653997634817131,414.0,0.10579999070614576,0
1482,100,5,26.010638319097968,0.2601063831909797,0.2601063831909797,100,5,100,100,5,0.04653997634817131,414.0,0.12860001879744232,0
1483,100,5,25.96409834274976,0.2596409834274976,0.2596409834274976,100,5,100,100,5,0.0465399763481571,414.0,0.10160001693293452,0
1484,100,5,25.917558366401554,0.25917558366401555,0.25917558366401555,100,5,100,100,5,0.04653997634817131,414.0,0.06459999713115394,0
1485,100,5,25.869395198117914,0.2586939519811791,0.2586939519811791,100,5,100,100,6,0.048163168283608115,414.0,143.78579999902286,13175
1486,100,5,25.822232029834268,0.2582223202983427,0.2582223202983427,100,5,100,100,5,0.04716316828363176,414.0,0.10350000229664147,0
1487,100,5,25.77506886155062,0.2577506886155062,0.2577506886155062,100,5,100,100,5,0.04716316828363176,414.0,0.10579999070614576,0
1488,100,5,25.727905693266976,0.2572790569326698,0.2572790569326698,100,5,100,100,5,0.04716316828360334,414.0,0.1002000062726438,0
1489,100,5,25.680742524983327,0.25680742524983324,0.25680742524983324,100,5,100,100,5,0.04716316828363176,414.0,0.09929999941959977,0
1490,100,5,25.631028791464157,0.25631028791464155,0.25631028791464155,100,5,100,100,6,0.04971373351916952,414.0,163.32920000422746,13175
1491,100,5,25.582315057944975,0.25582315057944977,0.25582315057944977,100,5,100,100,5,0.04871373351915054,414.0,0.10370000381954014,0
1492,100,5,25.533601324425806,0.2553360132442581,0.2553360132442581,100,5,100,100,5,0.04871373351915054,414.0,0.10130001464858651,0
1493,100,5,25.484887590906638,0.25484887590906635,0.25484887590906635,100,5,100,100,5,0.04871373351915054,414.0,0.10530001600272954,0
1494,100,5,25.43617385738746,0.25436173857387456,0.25436173857387456,100,5,100,100,5,0.04871373351917896,414.0,0.10439998004585505,0
1495,100,5,25.387512768002843,0.2538751276800284,0.2538751276800284,100,5,100,100,6,0.04866108938453806,414.0,150.6822000083048,13175
1496,100,5,25.34043962013923,0.25340439620139227,0.25340439620139227,100,5,100,100,5,0.0470731478635571,414.0,0.10390000534243882,0
1497,100,5,25.293366472275615,0.25293366472275614,0.25293366472275614,100,5,100,100,5,0.047073147863514464,414.0,0.0866000191308558,0
1498,100,5,25.246293324412008,0.25246293324412006,0.25246293324412006,100,5,100,100,5,0.04707314786357131,414.0,0.10130001464858651,0
1499,100,5,25.19922017654839,0.2519922017654839,0.2519922017654839,100,5,100,100,5,0.047073147863528675,414.0,0.09039998985826969,0
1500,100,5,25.150780497348656,0.25150780497348657,0.25150780497348657,100,5,100,100,4,0.04843967919968861,414.0,160.03709999495186,13175
1501,100,5,25.103340818148933,0.25103340818148934,0.25103340818148934,100,5,100,100,3,0.04743967919966963,414.0,0.10649999603629112,0
1502,100,5,25.055901138949203,0.25055901138949205,0.25055901138949205,100,5,100,100,3,0.04743967919968384,414.0,0.10149998706765473,0
1503,100,5,25.008461459749473,0.2500846145974947,0.2500846145974947,100,5,100,100,3,0.04743967919966963,414.0,0.06459999713115394,0
1504,100,5,24.96102178054975,0.2496102178054975,0.2496102178054975,100,5,100,100,3,0.04743967919966963,414.0,0.10219999239780009,0
1505,100,5,24.909607888420535,0.24909607888420535,0.24909607888420535,100,5,100,99,6,0.0514138921291476,414.0,162.09779999917373,13175
1506,100,5,24.859193996291335,0.24859193996291334,0.24859193996291334,100,5,100,99,5,0.050413892129157034,414.0,0.10210002074018121,0
1507,100,5,24.808780104162132,0.24808780104162131,0.24808780104162131,100,5,100,99,5,0.050413892129157034,414.0,0.09960000170394778,0
1508,100,5,24.758366212032918,0.24758366212032917,0.24758366212032917,100,5,100,99,5,0.05041389212914282,414.0,0.1008999824989587,0
1509,100,5,24.707952319903715,0.24707952319903714,0.24707952319903714,100,5,100,99,5,0.050413892129157034,414.0,0.09940000018104911,0
1510,100,5,24.659184404532525,0.24659184404532525,0.24659184404532525,100,5,100,100,5,0.04876791537117242,414.0,152.69390001776628,13175
1511,100,5,24.611416489161332,0.2461141648916133,0.2461141648916133,100,5,100,100,4,0.047767915371139225,414.0,0.09899999713525176,0
1512,100,5,24.56364857379014,0.2456364857379014,0.2456364857379014,100,5,100,100,4,0.047767915371167646,414.0,0.10389997623860836,0
1513,100,5,24.515880658418947,0.24515880658418948,0.24515880658418948,100,5,100,100,4,0.047767915371153435,414.0,0.10429997928440571,0
1514,100,5,24.468112743047755,0.24468112743047754,0.24468112743047754,100,5,100,100,4,0.047767915371153435,414.0,0.09940000018104911,0
1515,100,5,24.420565570786934,0.24420565570786934,0.24420565570786934,100,5,100,100,5,0.0475471722608205,414.0,151.26290000625886,13175
1516,100,5,24.37401839852611,0.24374018398526112,0.24374018398526112,100,5,100,100,4,0.04654717226080152,414.0,0.10309999925084412,0
1517,100,5,24.327471226265285,0.24327471226265285,0.24327471226265285,100,5,100,100,4,0.04654717226081573,414.0,0.10390000534243882,0
1518,100,5,24.280924054004466,0.24280924054004466,0.24280924054004466,100,5,100,100,4,0.046547172260787306,414.0,0.10649999603629112,0
1519,100,5,24.234376881743643,0.24234376881743644,0.24234376881743644,100,5,100,100,4,0.04654717226082994,414.0,0.10689999908208847,0
1520,100,5,24.186066326367328,0.24186066326367328,0.24186066326367328,100,5,100,100,6,0.04831055537626128,414.0,162.96119999606162,13175
1521,100,5,24.138755770991015,0.24138755770991016,0.24138755770991016,100,5,100,100,5,0.04731055537624229,414.0,0.1314000110141933,0
1522,100,5,24.09144521561471,0.2409144521561471,0.2409144521561471,100,5,100,100,5,0.0473105553762565,414.0,0.1024999946821481,0
1523,100,5,24.044134660238395,0.24044134660238395,0.24044134660238395,100,5,100,100,5,0.04731055537627071,414.0,0.10140001541003585,0
1524,100,5,23.996824104862085,0.23996824104862086,0.23996824104862086,100,5,100,100,5,0.04731055537624229,414.0,0.09899999713525176,0
1525,100,5,23.94871471124788,0.23948714711247882,0.23948714711247882,100,5,100,100,6,0.04810939361415478,414.0,153.69139998801984,13175
1526,100,5,23.90160531763368,0.2390160531763368,0.2390160531763368,100,5,100,100,5,0.04710939361416422,414.0,0.10179998935200274,0
1527,100,5,23.854495924019478,0.23854495924019478,0.23854495924019478,100,5,100,100,5,0.04710939361416422,414.0,0.10099998326040804,0
1528,100,5,23.807386530405278,0.23807386530405278,0.23807386530405278,100,5,100,100,5,0.04710939361415001,414.0,0.1029000268317759,0
1529,100,5,23.760277136791082,0.23760277136791083,0.23760277136791083,100,5,100,100,5,0.04710939361415001,414.0,0.10730000212788582,0
1530,100,5,23.71223638054711,0.2371223638054711,0.2371223638054711,100,5,100,100,6,0.048040756243935334,414.0,143.87450000504032,13175
1531,100,5,23.665195624303138,0.23665195624303137,0.23665195624303137,100,5,100,100,5,0.04704075624394477,414.0,0.10820000898092985,0
1532,100,5,23.616869147742285,0.23616869147742287,0.23616869147742287,100,5,100,100,5,0.04832647656080269,414.0,0.1115999766625464,0
1533,100,5,23.567256950864557,0.23567256950864557,0.23567256950864557,100,5,100,100,5,0.04961219687767482,414.0,0.05910001345910132,0
1534,100,5,23.518930474303712,0.23518930474303712,0.23518930474303712,100,5,100,100,5,0.04832647656078848,414.0,0.10699999984353781,0
1535,100,5,23.469254966318296,0.23469254966318295,0.23469254966318295,100,5,100,100,6,0.04967550798542675,414.0,151.23920000041835,13175
1536,100,5,23.420579458332877,0.23420579458332877,0.23420579458332877,100,5,100,100,5,0.04867550798539355,414.0,0.10730000212788582,0
1537,100,5,23.371903950347463,0.2337190395034746,0.2337190395034746,100,5,100,100,5,0.04867550798540776,414.0,0.10390000534243882,0
1538,100,5,23.323228442362044,0.23323228442362043,0.23323228442362043,100,5,100,100,5,0.04867550798540776,414.0,0.09899999713525176,0
1539,100,5,23.27455293437663,0.2327455293437663,0.2327455293437663,100,5,100,100,5,0.04867550798540776,414.0,0.10170001769438386,0
1540,100,5,23.224705171476558,0.23224705171476556,0.23224705171476556,100,5,100,100,6,0.04984776290010018,414.0,140.70570000330918,13175
1541,100,5,23.175857408576483,0.23175857408576483,0.23175857408576483,100,5,100,100,5,0.04884776290005277,414.0,0.10529998689889908,0
1542,99,5,23.12740280571706,0.23127402805717062,0.23361012935067735,100,5,100,99,5,0.04845460285943659,414.0,0.08820000221021473,0
1543,99,5,23.07899276971833,0.2307899276971833,0.2331211390880639,99,5,99,99,5,0.048410035998742273,410.0,0.10410000686533749,0
1544,99,5,23.030582733719584,0.23030582733719585,0.23263214882545033,99,5,99,99,5,0.048410035998742273,410.0,0.10380000458098948,0
1545,99,5,22.982719967987425,0.22982719967987425,0.23214868654532755,99,5,99,99,5,0.04786276573209136,410.0,153.35130001767538,12944
1546,99,5,22.935847202255264,0.22935847202255263,0.23167522426520468,99,5,99,99,4,0.04687276573210397,410.0,0.10140001541003585,0
1547,99,5,22.8889744365231,0.228889744365231,0.23120176198508183,99,5,99,99,4,0.04687276573210397,410.0,0.05699999746866524,0
1548,99,5,22.84210167079093,0.22842101670790932,0.2307282997049589,99,5,99,99,4,0.04687276573210397,410.0,0.10740000288933516,0
1549,99,5,22.79522890505877,0.2279522890505877,0.23025483742483607,99,5,99,99,4,0.04687276573210397,410.0,0.07670000195503235,0
1550,99,5,22.743952274583428,0.2274395227458343,0.22973689166245884,99,4,99,55,6,0.051276630475285856,289.0,156.9510999834165,12944
1551,99,5,22.69366564410809,0.2269366564410809,0.22922894590008175,99,4,99,55,5,0.050286630475298466,289.0,0.10139998630620539,0
1552,99,5,22.643379013632753,0.22643379013632753,0.22872100013770458,99,4,99,55,5,0.050286630475298466,289.0,0.06829999620094895,0
1553,99,5,22.593092383157412,0.22593092383157412,0.2282130543753274,99,4,99,55,5,0.050286630475284255,289.0,0.06859999848529696,0
1554,99,5,22.542805752682078,0.22542805752682077,0.2277051086129503,99,4,99,55,5,0.050286630475298466,289.0,0.06360001862049103,0
1555,99,5,22.49436272772325,0.2249436272772325,0.22721578512851767,99,5,99,99,5,0.04844302495882857,410.0,142.08879999932833,12944
1556,99,5,22.446909702764426,0.22446909702764425,0.22673646164408515,99,5,99,99,4,0.04745302495879855,410.0,0.10350000229664147,0
1557,99,5,22.399456677805603,0.22399456677805601,0.2262571381596525,99,5,99,99,4,0.04745302495882697,410.0,0.09849999332800508,0
1558,99,5,22.352003652846776,0.22352003652846775,0.22577781467521993,99,5,99,99,4,0.04745302495881276,410.0,0.1008999824989587,0
1559,99,5,22.304550627887952,0.22304550627887954,0.2252984911907874,99,5,99,99,4,0.04745302495884118,410.0,0.08420000085607171,0
1560,99,5,22.256987905038848,0.22256987905038847,0.22481805964685705,99,5,99,99,6,0.047562722849107786,410.0,148.11880001798272,12944
1561,99,5,22.21041518218975,0.2221041518218975,0.22434762810292674,99,5,99,99,5,0.046572722849106185,410.0,0.10299999848939478,0
1562,99,5,22.163842459340643,0.22163842459340644,0.22387719655899643,99,5,99,99,5,0.046572722849091974,410.0,0.10499998461455107,0
1563,99,5,22.11726973649155,0.22117269736491552,0.22340676501506618,99,5,99,99,5,0.046572722849120396,410.0,0.10450000991113484,0
1564,99,5,22.070697013642448,0.22070697013642449,0.22293633347113584,99,5,99,99,5,0.046572722849091974,410.0,0.1086000120267272,0
1565,99,5,22.023379698999708,0.2202337969899971,0.22245838079797686,99,5,99,99,6,0.047317314642697283,410.0,150.43819998390973,12944
1566,99,5,21.975725273435827,0.21975725273435828,0.22197702296399827,99,5,99,99,5,0.04765442556383448,410.0,0.10379997547715902,0
1567,99,5,21.92873440333252,0.2192873440333252,0.22150236771042953,99,5,99,99,5,0.046990870103243765,410.0,0.1100999943446368,0
1568,99,5,21.881743533229212,0.21881743533229212,0.2210277124568607,99,5,99,99,5,0.046990870103272186,410.0,0.10619999375194311,0
1569,99,5,21.8347526631259,0.218347526631259,0.22055305720329194,99,5,99,99,5,0.046990870103272186,410.0,0.10899998596869409,0
1570,99,5,21.78689135347308,0.2178689135347308,0.22006960963104125,99,5,99,99,6,0.0478613096527738,410.0,140.01709999865852,12944
1571,99,5,21.74002004382026,0.2174002004382026,0.21959616205879046,99,5,99,99,5,0.0468713096527722,410.0,0.06930000381544232,0
1572,99,5,21.69314873416744,0.21693148734167442,0.2191227144865398,99,5,99,99,5,0.04687130965280062,410.0,0.0968000094871968,0
1573,99,5,21.646277424514626,0.21646277424514626,0.21864926691428907,99,5,99,99,5,0.0468713096527722,410.0,0.1314000110141933,0
1574,99,5,21.599406114861797,0.21599406114861797,0.2181758193420384,99,5,99,99,5,0.04687130965280062,410.0,0.0999000039882958,0
1575,99,5,21.546610991542757,0.21546610991542756,0.21764253526810862,99,5,99,98,6,0.052795123318986725,410.0,148.43739999923855,12944
1576,99,5,21.494805868223708,0.21494805868223707,0.21711925119417883,99,5,99,98,5,0.051805123318985125,410.0,0.12699997751042247,0
1577,99,5,21.443000744904662,0.2144300074490466,0.2165959671202491,99,5,99,98,5,0.051805123318970914,410.0,0.13100000796839595,0
1578,99,5,21.39119562158561,0.2139119562158561,0.2160726830463193,99,5,99,98,5,0.051805123318985125,410.0,0.10699999984353781,0
1579,99,5,21.33939049826657,0.21339390498266572,0.21554939897238962,99,5,99,98,5,0.051805123318985125,410.0,0.10039997869171202,0
1580,99,5,21.29207474314095,0.2129207474314095,0.21507146205192884,99,5,99,99,6,0.04731575512556674,410.0,152.43290000944398,12944
1581,99,5,21.245748988015333,0.21245748988015334,0.214603525131468,99,5,99,99,5,0.04632575512556514,410.0,0.06819999543949962,0
1582,99,5,21.199423232889714,0.21199423232889714,0.21413558821100717,99,5,99,99,5,0.04632575512556514,410.0,0.1033000007737428,0
1583,99,5,21.1530974777641,0.211530974777641,0.21366765129054643,99,5,99,99,5,0.04632575512555093,410.0,0.10209999163635075,0
1584,99,5,21.106771722638477,0.21106771722638476,0.21319971437008567,99,5,99,99,5,0.04632575512556514,410.0,0.10979999206028879,0
1585,99,5,21.05794605451774,0.2105794605451774,0.21270652580320948,99,5,99,99,6,0.048825668120684895,410.0,151.47430001525208,12944
1586,99,5,21.010110386397,0.21010110386397,0.2122233372363333,99,5,99,99,5,0.047835668120669084,410.0,0.10519998613744974,0
1587,99,5,20.96227471827625,0.20962274718276253,0.21174014866945706,99,5,99,99,5,0.047835668120683295,410.0,0.10410000686533749,0
1588,99,5,20.914439050155515,0.20914439050155514,0.21125696010258094,99,5,99,99,5,0.047835668120669084,410.0,0.08599998545832932,0
1589,99,5,20.866603382034768,0.20866603382034768,0.21077377153570473,99,5,99,99,5,0.047835668120669084,410.0,0.11010002344846725,0
1590,99,5,20.818377106177593,0.20818377106177594,0.2102866374361373,99,5,99,99,6,0.04822627585713235,410.0,141.30829999339767,12944
1591,99,5,20.771140830320416,0.20771140830320417,0.20980950333656986,99,5,99,99,5,0.04723627585711654,410.0,0.10979999206028879,0
1592,99,5,20.723904554463235,0.20723904554463235,0.20933236923700238,99,5,99,99,5,0.04723627585713075,410.0,0.11100000119768083,0
1593,99,5,20.676668278606062,0.2067666827860606,0.20885523513743498,99,5,99,99,5,0.04723627585711654,410.0,0.10460001067258418,0
1594,99,5,20.62943200274888,0.20629432002748882,0.20837810103786752,99,5,99,99,5,0.04723627585711654,410.0,0.10879998444579542,0
1595,99,5,20.58118903931921,0.2058118903931921,0.2078907983769617,99,5,99,99,6,0.04824296342965795,410.0,154.05939999618568,12944
1596,98,5,20.534186662768168,0.20534186662768167,0.20953251696702213,99,5,99,98,5,0.047002376551020575,410.0,0.10519998613744974,0
1597,98,5,20.487369165786998,0.20487369165786998,0.20905478740598973,98,5,98,98,5,0.046817496981134354,406.0,0.10430000838823617,0
1598,98,5,20.440551668805824,0.20440551668805823,0.2085770578449574,98,5,98,98,5,0.046817496981162776,406.0,0.10449998080730438,0
1599,98,5,20.39373417182465,0.2039373417182465,0.20809932828392508,98,5,98,98,5,0.046817496981148565,406.0,0.07029998232610524,0
1600,98,5,20.344996390680592,0.20344996390680592,0.20760200398653667,98,5,98,98,6,0.04873778114405525,406.0,151.59540000604466,12715
1601,98,5,20.297238609536524,0.20297238609536525,0.2071146796891482,98,5,98,98,5,0.04775778114404261,406.0,0.11330001871101558,0
1602,98,5,20.24948082839246,0.2024948082839246,0.2066273553917598,98,5,98,98,5,0.04775778114404261,406.0,0.10219999239780009,0
1603,98,5,20.201723047248397,0.20201723047248396,0.20614003109437143,98,5,98,98,5,0.04775778114404261,406.0,0.1016999885905534,0
1604,98,5,20.153965266104333,0.20153965266104332,0.205652706796983,98,5,98,98,5,0.04775778114405682,406.0,0.10030000703409314,0
1605,98,5,20.10536484479827,0.2010536484479827,0.2051567841305946,98,5,98,98,5,0.048600421306034036,406.0,140.55280000320636,12715
1606,98,5,20.05774442349221,0.2005774442349221,0.20467086146420618,98,5,98,98,4,0.04762042130604982,406.0,0.10219999239780009,0
1607,98,5,20.010124002186146,0.20010124002186147,0.20418493879781782,98,5,98,98,4,0.04762042130603561,406.0,0.0990999978967011,0
1608,98,5,19.962503580880078,0.19962503580880078,0.2036990161314294,98,5,98,98,4,0.04762042130606403,406.0,0.1018000184558332,0
1609,97,5,19.923433751258116,0.19923433751258116,0.20539622423977438,97,4,97,59,4,0.03906982962193695,309.0,0.1005999802146107,0
1610,97,5,19.874762945840075,0.19874762945840074,0.20489446335917602,97,5,97,97,6,0.0486708054179843,402.0,139.51770000858232,12488
1611,97,5,19.82639858496146,0.1982639858496146,0.20439586170063367,97,5,97,97,5,0.04836436087853713,402.0,0.10810000821948051,0
1612,97,5,19.778051931092293,0.19778051931092291,0.20389744258858034,97,5,97,97,5,0.04834665386910331,402.0,0.12409998453222215,0
1613,97,5,19.730351125674254,0.19730351125674253,0.203405681707982,97,5,97,97,5,0.04770080541796062,402.0,0.10910001583397388,0
1614,97,5,19.682004471805087,0.19682004471805087,0.2029072625959287,97,5,97,97,5,0.04834665386910331,402.0,0.1016999885905534,0
1615,97,5,19.635089875034208,0.19635089875034206,0.20242360695911554,97,5,97,97,6,0.046914596770861294,402.0,137.17880001058802,12488
1616,97,5,19.58786603049522,0.1958786603049522,0.20193676320098167,97,5,97,97,5,0.047223844538990534,402.0,0.11170000652782619,0
1617,97,5,19.5393040953029,0.195393040953029,0.2014361246938443,97,4,97,84,5,0.04856193519233898,434.0,0.11069999891333282,0
1618,97,5,19.49141120543724,0.19491411205437242,0.20094238356120872,97,4,97,71,5,0.047892889865664756,369.0,0.10659999679774046,0
1619,97,5,19.44414985786382,0.1944414985786382,0.20045515317385385,97,5,97,97,5,0.04726134757342493,402.0,0.11069999891333282,0
1620,97,5,19.3931713573547,0.193931713573547,0.1999296016222134,97,3,97,68,6,0.05097850050907482,467.3333333333333,151.03640002780594,12488
1621,97,5,19.34316285684558,0.1934316285684558,0.19941405007057297,97,4,97,83,5,0.05000850050909378,429.0,0.1036000030580908,0
1622,97,5,19.297666999306465,0.19297666999306465,0.1989450206114069,97,5,97,97,5,0.045495857539094686,402.0,0.10470001143403351,0
1623,97,5,19.247658498797342,0.19247658498797343,0.1984294690597665,97,4,97,83,5,0.05000850050907957,429.0,0.0990999978967011,0
1624,97,5,19.198313553748797,0.19198313553748797,0.19792075828607006,97,4,97,83,5,0.049344945048517275,429.0,0.10389997623860836,0
1625,97,5,19.1517039950226,0.191517039950226,0.197440247371367,97,5,97,97,6,0.04660955872617478,402.0,146.63070000824519,12488
1626,97,5,19.1060644362964,0.191060644362964,0.19696973645666396,97,5,97,97,5,0.04563955872619374,402.0,0.1218999968841672,0
1627,97,5,19.060424877570206,0.19060424877570206,0.1964992255419609,97,5,97,97,5,0.04563955872615111,402.0,0.10559998918324709,0
1628,97,5,19.014785318844012,0.19014785318844013,0.19602871462725782,97,5,97,97,5,0.04563955872616532,402.0,0.06239998037926853,0
1629,97,5,18.969145760117808,0.1896914576011781,0.19555820371255475,97,5,97,97,5,0.04563955872617953,402.0,0.10250002378597856,0
1630,97,5,18.922292133896622,0.18922292133896623,0.19507517663810947,97,5,97,97,6,0.04685362622120692,402.0,136.2506999867037,12488
1631,97,5,18.876408507675432,0.18876408507675432,0.19460214956366426,97,5,97,97,5,0.04588362622116904,402.0,0.09980000322684646,0
1632,97,5,18.830524881454245,0.18830524881454244,0.194129122489219,97,5,97,97,5,0.04588362622115483,402.0,0.1018000184558332,0
1633,96,5,18.784863727896273,0.18784863727896273,0.19567566383225285,97,5,97,96,5,0.0456611535579583,402.0,0.10070001007989049,0
1634,96,5,18.739431611856475,0.18739431611856475,0.1952024126235049,96,5,96,96,5,0.04543211603980524,398.0,0.10010000551119447,0
1635,96,5,18.693836338185417,0.18693836338185416,0.19472746185609804,96,5,96,96,6,0.04559527367101168,398.0,145.70029999595135,12263
1636,96,5,18.649201064514354,0.18649201064514354,0.19426251108869116,96,5,96,96,5,0.04463527367100539,398.0,0.10560001828707755,0
1637,96,5,18.60456579084329,0.1860456579084329,0.19379756032128428,96,5,96,96,5,0.044635273671033815,398.0,0.1036000030580908,0
1638,96,5,18.559930517172234,0.18559930517172232,0.1933326095538774,96,5,96,96,5,0.04463527367097697,398.0,0.10009997640736401,0
1639,96,5,18.515295243501168,0.18515295243501168,0.19286765878647052,96,5,96,96,5,0.044635273671019604,398.0,0.10530001600272954,0
1640,96,5,18.466594635258502,0.18466594635258501,0.1923603607839427,96,4,96,72,6,0.04870060824261202,374.0,146.91579999634996,12263
1641,96,5,18.41885402701583,0.1841885402701583,0.19186306278141493,96,4,96,72,5,0.04774060824257731,374.0,0.10490001295693219,0
1642,96,5,18.37111341877316,0.1837111341877316,0.1913657647788871,96,4,96,72,5,0.04774060824260573,374.0,0.06580000626854599,0
1643,96,5,18.323372810530497,0.18323372810530497,0.1908684667763593,96,4,96,72,5,0.04774060824263415,374.0,0.1100999943446368,0
1644,96,5,18.275007101804974,0.18275007101804974,0.1903646573104685,96,4,96,72,5,0.048365708725441436,374.0,0.10460001067258418,0
1645,96,5,18.22907915475115,0.18229079154751152,0.18988624119532446,96,5,96,96,6,0.04592794705381209,398.0,134.19009998324327,12263
1646,96,5,18.18411120769732,0.1818411120769732,0.18941782508018043,96,5,96,96,5,0.04496794705377738,398.0,0.10450000991113484,0
1647,96,5,18.139143260643493,0.18139143260643492,0.1889494089650364,96,5,96,96,5,0.0449679470538058,398.0,0.09969997336156666,0
1648,96,5,18.094175313589673,0.18094175313589672,0.18848099284989236,96,5,96,96,5,0.0449679470538058,398.0,0.10619999375194311,0
1649,96,5,18.04920736653584,0.18049207366535838,0.18801257673474833,96,5,96,96,5,0.04496794705379159,398.0,0.09730001329444349,0
1650,96,5,18.002502650895185,0.18002502650895186,0.18752606928015816,96,5,96,96,6,0.04670471564058687,398.0,140.61669999500737,12263
1651,96,5,17.956757935254526,0.17956757935254525,0.187049561825568,96,5,96,96,5,0.04574471564062321,398.0,0.10439998004585505,0
1652,96,5,17.91101321961387,0.1791101321961387,0.18657305437097782,96,5,96,96,5,0.04574471564059479,398.0,0.09029998909682035,0
1653,96,5,17.865268503973216,0.17865268503973217,0.18609654691638766,96,5,96,96,5,0.04574471564059479,398.0,0.10659999679774046,0
1654,96,5,17.819523788332557,0.17819523788332556,0.1856200394617975,96,5,96,96,5,0.04574471564059479,398.0,0.10469998233020306,0
1655,96,5,17.769989754476796,0.17769989754476798,0.18510405994246662,96,4,96,77,6,0.049534033855749726,399.0,130.1359000208322,12263
1656,96,5,17.721514147643223,0.17721514147643222,0.18459910570461688,96,4,96,77,5,0.04847560683360541,399.0,0.1145999995060265,0
1657,96,5,17.673609159114122,0.17673609159114123,0.18410009540743877,96,4,96,77,5,0.047904988529083425,399.0,0.1078000059351325,0
1658,96,5,17.623893888649395,0.17623893888649395,0.18358222800676458,96,3,96,59,5,0.049715270464716355,407.3333333333333,0.0720999960321933,0
1659,96,5,17.57417861818468,0.17574178618184677,0.18306436060609033,96,4,96,77,5,0.049715270464730565,399.0,0.10390000534243882,0
1660,96,5,17.528277975039877,0.17528277975039877,0.18258622890666543,96,5,96,96,6,0.04590064314469089,398.0,148.19169999100268,12263
1661,96,5,17.48333733189509,0.1748333733189509,0.1821180972072405,96,5,96,96,5,0.04494064314469881,398.0,0.10569998994469643,0
1662,95,5,17.438665961251363,0.17438665961251362,0.18356490485527752,96,5,96,95,5,0.04467137064364124,398.0,0.10469998233020306,0
1663,95,5,17.394173335596083,0.17394173335596083,0.18309656142732728,95,5,95,95,5,0.04449262565516676,394.0,0.10049997945316136,0
1664,95,5,17.349680709940813,0.17349680709940812,0.18262821799937695,95,5,95,95,5,0.044492625655195184,394.0,0.06579997716471553,0
1665,95,5,17.301859463016868,0.17301859463016867,0.1821248364528091,95,4,95,67,6,0.04782124692391676,349.0,145.09939998970367,12040
1666,95,5,17.254988216092926,0.17254988216092926,0.18163145490624127,95,4,95,67,5,0.046871246923885224,349.0,0.06489999941550195,0
1667,95,5,17.208116969168977,0.17208116969168977,0.18113807335967347,95,4,95,67,5,0.046871246923927856,349.0,0.09839999256655574,0
1668,95,5,17.161245722245035,0.17161245722245033,0.18064469181310558,95,4,95,67,5,0.046871246923913645,349.0,0.10340000153519213,0
1669,95,5,17.11437447532109,0.1711437447532109,0.18015131026653775,95,4,95,67,5,0.046871246923913645,349.0,0.09879999561235309,0
1670,95,5,17.06885480504558,0.17068854805045577,0.17967215584258503,95,5,95,95,6,0.04551967027549608,394.0,137.50410001375712,12040
1671,95,5,17.024285134770064,0.17024285134770065,0.17920300141863227,95,5,95,95,5,0.04456967027547876,394.0,0.10539998766034842,0
1672,95,5,16.979715464494554,0.16979715464494555,0.1787338469946795,95,5,95,95,5,0.04456967027549297,394.0,0.10220002150163054,0
1673,95,5,16.93514579421904,0.1693514579421904,0.17826469257072677,95,5,95,95,5,0.04456967027550718,394.0,0.0879999715834856,0
1674,94,5,16.89092419356415,0.1689092419356415,0.17969068291025692,95,5,95,94,5,0.04422160065485059,394.0,0.10329997166991234,0
1675,94,5,16.843641101978687,0.16843641101978687,0.1791876712976456,94,5,94,94,6,0.04728309158541322,390.0,133.74029999249615,11819
1676,94,5,16.797298010393217,0.16797298010393216,0.17869465968503423,94,5,94,94,5,0.0463430915854417,390.0,0.10289999772794545,0
1677,94,5,16.750954918807754,0.16750954918807753,0.17820164807242286,94,5,94,94,5,0.046343091585384855,390.0,0.10410000686533749,0
1678,93,5,16.70553983887099,0.1670553983887099,0.17962946063302143,94,5,94,93,5,0.04541507993673122,390.0,0.10350000229664147,0
1679,93,5,16.660995792341076,0.16660995792341077,0.17915049239076425,93,5,93,93,5,0.044544046529850334,386.0,0.09699998190626502,0
1680,92,5,16.611230228054747,0.16611230228054746,0.18055685030494287,93,3,93,53,6,0.049765564286317954,374.0,133.17459999234416,11600
1681,92,5,16.562427505185635,0.16562427505185634,0.18002638592593084,92,3,92,53,5,0.04880272286909815,367.3333333333333,0.06299998494796455,0
1682,92,5,16.51362478231653,0.1651362478231653,0.1794959215469188,92,3,92,53,5,0.048802722869055515,367.3333333333333,0.1252999936696142,0
1683,92,5,16.464822059447425,0.16464822059447426,0.1789654571679068,92,3,92,53,5,0.048802722869055515,367.3333333333333,0.10170001769438386,0
1684,92,5,16.41601933657832,0.1641601933657832,0.17843499278889477,92,3,92,53,5,0.048802722869083937,367.3333333333333,0.09730001329444349,0
1685,92,5,16.371516057493153,0.16371516057493152,0.17795126149449078,92,5,92,92,6,0.044503279085105873,382.0,138.04689998505637,11383
1686,92,5,16.327932778407995,0.16327932778407994,0.17747753020008689,92,5,92,92,5,0.04358327908506965,382.0,0.10549998842179775,0
1687,92,5,16.283296547682568,0.1628329654768257,0.17699235377915834,92,5,92,92,5,0.04463623072534517,382.0,0.10500001371838152,0
1688,91,5,16.239963966912065,0.16239963966912063,0.17846114249353914,92,5,92,91,5,0.04333258077043922,382.0,0.09660000796429813,0
1689,91,5,16.196827781484778,0.1619682778148478,0.1779871184778547,91,5,91,91,5,0.04313618542720121,378.0,0.08680002065375447,0
1690,91,5,16.15273822525413,0.1615273822525413,0.17750261785993549,91,5,91,91,6,0.04408955623063093,378.0,140.17249998869374,11168
1691,91,5,16.109558669023478,0.16109558669023477,0.17702811724201625,91,5,91,91,5,0.043179556230640515,378.0,0.10309999925084412,0
1692,91,5,16.066379112792827,0.16066379112792828,0.17655361662409705,91,5,91,91,5,0.043179556230626304,378.0,0.07470001582987607,0
1693,91,5,16.023199556562176,0.16023199556562176,0.17607911600617776,91,5,91,91,5,0.043179556230654725,378.0,0.10209999163635075,0
1694,91,5,15.980020000331525,0.15980020000331524,0.17560461538825853,91,5,91,91,5,0.04317955623061209,378.0,0.09640000644139946,0
1695,91,5,15.93510851484422,0.1593510851484422,0.1751110825807057,91,5,91,91,6,0.04491148548726187,378.0,137.25199998589233,11168
1696,91,5,15.89110702935691,0.1589110702935691,0.17462754977315287,91,5,91,91,5,0.04400148548727145,378.0,0.10569998994469643,0
1697,91,5,15.848079690416995,0.15848079690416994,0.17415472187271422,91,5,91,91,5,0.04302733893985078,378.0,0.09679998038336635,0
1698,91,5,15.804078204929688,0.1580407820492969,0.17367118906516144,91,5,91,91,5,0.04400148548727145,378.0,0.11039999662898481,0
1699,91,5,15.761050865989775,0.15761050865989776,0.17319836116472276,91,5,91,91,5,0.04302733893986499,378.0,0.10050000855699182,0
1700,91,5,15.716827571795163,0.15716827571795164,0.17271239089884793,91,5,91,91,6,0.044223294194580376,378.0,116.52209999738261,11168
1701,90,5,15.67378201701857,0.1567378201701857,0.17415313352242853,91,5,91,90,5,0.043045554776568906,378.0,0.10189999011345208,0
1702,90,5,15.630912463625066,0.15630912463625066,0.17367680515138964,90,5,90,90,5,0.04286955339348708,374.0,0.04879999323748052,0
1703,90,5,15.58804291023156,0.1558804291023156,0.17320047678035067,90,5,90,90,5,0.04286955339345866,374.0,0.07680000271648169,0
1704,90,5,15.545173356838056,0.15545173356838057,0.17272414840931175,90,5,90,90,5,0.04286955339347287,374.0,0.09200000204145908,0
1705,90,4,15.501572461169122,0.15501572461169122,0.17223969401299027,90,4,90,90,5,0.04360089566891645,464.0,138.6466000112705,10874
1706,90,4,15.458871565500193,0.15458871565500193,0.1717652396166688,90,4,90,90,4,0.042700895668886574,464.0,0.10269999620504677,0
1707,90,4,15.41617066983126,0.1541617066983126,0.17129078522034732,90,4,90,90,4,0.042700895668886574,464.0,0.0957000011112541,0
1708,90,4,15.373469774162333,0.15373469774162332,0.1708163308240259,90,4,90,90,4,0.042700895668886574,464.0,0.07559999357908964,0
1709,89,4,15.33120860762601,0.1533120860762601,0.17226077087220235,90,4,90,89,4,0.042261166536292194,464.0,0.09689998114481568,0
1710,89,4,15.287678037805989,0.15287678037805988,0.17177166334613472,89,4,89,89,5,0.043530569820006804,459.0,132.70019998890348,10664
1711,88,4,15.245502808225167,0.15245502808225167,0.17324435009346784,89,4,89,88,4,0.04217522958080622,459.0,0.09449999197386205,0
1712,87,4,15.203618596590044,0.15203618596590043,0.17475423674241428,88,4,88,87,4,0.04188421163509304,454.0,0.09650000720284879,0
1713,87,4,15.16192616763351,0.1516192616763351,0.17427501342107482,87,4,87,87,4,0.04169242895652303,449.0,0.09459999273531139,0
1714,87,4,15.119107547332915,0.15119107547332913,0.1737828453716427,87,4,87,87,4,0.04281862030056516,449.0,0.09539999882690609,0
1715,87,4,15.07625327594732,0.15076253275947318,0.17329026753962437,87,4,87,87,5,0.04285427138559328,449.0,131.96510000852868,10250
1716,87,4,15.031789677299429,0.15031789677299429,0.1727791916930969,87,4,87,87,4,0.044463598647865865,449.0,0.09859999408945441,0
1717,87,4,14.989805405913836,0.14989805405913836,0.17229661386107858,87,4,87,87,4,0.041984271385587135,449.0,0.09190000128000975,0
1718,87,4,14.947821134528244,0.14947821134528244,0.17181403602906026,87,4,87,87,4,0.041984271385572924,449.0,0.09320001117885113,0
1719,87,4,14.904597199511503,0.14904597199511505,0.1713172091897874,87,4,87,87,4,0.04322393501674071,449.0,0.05800000508315861,0
1720,87,4,14.857726647178302,0.14857726647178301,0.170778467208946,87,3,87,51,5,0.04687055233314652,354.0,135.17100000171922,10250
1721,87,4,14.809154654211346,0.14809154654211346,0.17022016843921087,87,3,87,51,4,0.048571992966884636,354.0,0.09630000567995012,0
1722,86,4,14.763585654544173,0.14763585654544173,0.1716696006342346,87,3,87,50,4,0.045568999667139565,354.0,0.0906999921426177,0
1723,86,4,14.716858605743905,0.14716858605743904,0.17112626285748728,86,3,86,50,4,0.04672704880019296,347.3333333333333,0.09169999975711107,0
1724,86,4,14.671417277260515,0.14671417277260515,0.1705978753169827,86,3,86,50,4,0.04544132848332083,347.3333333333333,0.09670000872574747,0
1725,86,4,14.620883326978099,0.14620883326978099,0.17001027124393137,86,1,86,4,5,0.050533950282428464,94.0,111.84339999454096,10046
1726,86,4,14.571209376695684,0.14571209376695685,0.16943266717088004,86,1,86,4,4,0.04967395028239707,94.0,0.061400001868605614,0
1727,86,4,14.52153542641327,0.14521535426413268,0.16885506309782872,86,1,86,4,4,0.049673950282439705,94.0,0.09429999045096338,0
1728,86,4,14.471861476130856,0.14471861476130857,0.16827745902477736,86,1,86,4,4,0.04967395028239707,94.0,0.07310000364668667,0
1729,86,4,14.42218752584844,0.1442218752584844,0.167699854951726,86,1,86,4,4,0.04967395028241128,94.0,0.086499989265576,0
1730,86,4,14.379184370134523,0.14379184370134523,0.16719981825737815,86,4,86,86,5,0.04300315571390456,444.0,135.25250001112,10046
1731,86,4,14.337690091130254,0.14337690091130254,0.1667173266410495,86,4,86,86,4,0.04149427900422609,444.0,0.09429999045096338,0
1732,86,4,14.296195812125992,0.14296195812125992,0.16623483502472083,86,4,86,86,4,0.04149427900422609,444.0,0.09329998283647001,0
1733,86,4,14.254701533121727,0.14254701533121727,0.16575234340839215,86,4,86,86,4,0.04149427900426872,444.0,0.10150001617148519,0
1734,86,4,14.213207254117462,0.14213207254117463,0.16526985179206352,86,4,86,86,4,0.0414942790042403,444.0,0.06059999577701092,0
1735,86,4,14.169915652987623,0.14169915652987622,0.16476646108125143,86,4,86,86,5,0.04329160112980901,444.0,126.62620001356117,10046
1736,86,4,14.127484051857786,0.14127484051857786,0.16427307037043937,86,4,86,86,4,0.04243160112980604,444.0,0.09889999637380242,0
1737,86,4,14.085052450727948,0.14085052450727947,0.1637796796596273,86,4,86,86,4,0.04243160112980604,444.0,0.09339998359791934,0
1738,86,4,14.042620849598112,0.14042620849598111,0.16328628894881525,86,4,86,86,4,0.04243160112982025,444.0,0.09369998588226736,0
1739,86,4,14.000189248468276,0.14000189248468276,0.16279289823800322,86,4,86,86,4,0.04243160112977762,444.0,0.09280000813305378,0
1740,86,4,13.957309327737711,0.1395730932773771,0.16229429450857802,86,4,86,86,5,0.04287992073051328,444.0,134.11710000946186,10046
1741,86,4,13.91528940700715,0.1391528940700715,0.1618056907791529,86,4,86,86,4,0.04201992073052452,444.0,0.06280001252889633,0
1742,86,4,13.873269486276584,0.13873269486276585,0.16131708704972772,86,4,86,86,4,0.04201992073051031,444.0,0.09899999713525176,0
1743,86,4,13.831249565546024,0.13831249565546025,0.1608284833203026,86,4,86,86,4,0.042019920730496096,444.0,0.0892000098247081,0
1744,86,4,13.789229644815459,0.1378922964481546,0.16033987959087745,86,4,86,86,4,0.04201992073052452,444.0,0.08820000221021473,0
1745,86,4,13.746638400819378,0.13746638400819378,0.1598446325676672,86,4,86,86,5,0.04259124399605696,444.0,133.97260001511313,10046
1746,86,4,13.70557071228387,0.1370557071228387,0.1593671013056264,86,4,86,86,4,0.04106768853547749,444.0,0.09399998816661537,0
1747,86,4,13.66317591282722,0.13663175912827222,0.15887413852124674,86,4,86,86,4,0.04239479945661628,444.0,0.09469999349676073,0
1748,86,4,13.62210822429171,0.1362210822429171,0.15839660725920593,86,4,86,86,4,0.04106768853547749,444.0,0.08840000373311341,0
1749,86,4,13.581040535756202,0.13581040535756203,0.15791907599716515,86,4,86,86,4,0.0410676885354917,444.0,0.09369998588226736,0
1750,86,4,13.53918922860487,0.1353918922860487,0.15743243289075434,86,4,86,86,5,0.041851307151290484,444.0,126.43969999044202,10046
1751,86,4,13.498197921453537,0.13498197921453536,0.15695578978434344,86,4,86,86,4,0.040991307151301726,444.0,0.09430001955479383,0
1752,86,4,13.457206614302203,0.13457206614302203,0.1564791466779326,86,4,86,86,4,0.040991307151301726,444.0,0.09529999806545675,0
1753,86,4,13.416215307150871,0.13416215307150872,0.15600250357152176,86,4,86,86,4,0.04099130715131594,444.0,0.0926000066101551,0
1754,86,4,13.37522399999954,0.1337522399999954,0.1555258604651109,86,4,86,86,4,0.040991307151273304,444.0,0.09319998207502067,0
1755,86,4,13.332709852610682,0.13332709852610683,0.15503150991407771,86,4,86,86,5,0.04251414738884307,444.0,125.93770000967197,10046
1756,86,4,13.291055705221822,0.13291055705221821,0.15454715936304447,86,4,86,86,4,0.04165414738881168,444.0,0.09560000034980476,0
1757,86,4,13.249401557832966,0.13249401557832965,0.15406280881201123,86,4,86,86,4,0.0416541473888401,444.0,0.08840000373311341,0
1758,86,4,13.207747410444114,0.13207747410444115,0.15357845826097807,86,4,86,86,4,0.04165414738879747,444.0,0.08850000449456275,0
1759,86,4,13.166093263055252,0.13166093263055254,0.1530941077099448,86,4,86,86,4,0.04165414738882589,444.0,0.07340000593103468,0
1760,86,4,13.125092930539378,0.13125092930539378,0.15261735965743461,86,4,86,86,5,0.04100033251582147,444.0,130.39250002475455,10046
1761,86,4,13.084952598023502,0.13084952598023503,0.15215061160492446,86,4,86,86,4,0.04014033251580429,444.0,0.09549999958835542,0
1762,86,4,13.044812265507625,0.13044812265507624,0.15168386355241426,86,4,86,86,4,0.04014033251580429,444.0,0.09619997581467032,0
1763,86,4,13.004671932991748,0.1300467193299175,0.15121711549990402,86,4,86,86,4,0.0401403325158185,444.0,0.11640001321211457,0
1764,86,4,12.96453160047587,0.1296453160047587,0.15075036744739387,86,4,86,86,4,0.04014033251580429,444.0,0.09309998131357133,0
1765,86,4,12.921838951356788,0.12921838951356787,0.15025394129484634,86,4,86,86,5,0.04269264911904713,444.0,130.11790000018664,10046
1766,86,4,12.880006302237701,0.128800063022377,0.14976751514229886,86,4,86,86,4,0.041832649119086796,444.0,0.09280000813305378,0
1767,86,4,12.838173653118618,0.12838173653118617,0.14928108898975143,86,4,86,86,4,0.041832649119058374,444.0,0.09519999730400741,0
1768,86,4,12.796341003999535,0.12796341003999534,0.14879466283720388,86,4,86,86,4,0.041832649119072585,444.0,0.09449999197386205,0
1769,85,4,12.75473753504579,0.1275473753504579,0.15005573570642106,86,4,86,85,4,0.04160346895370992,444.0,0.09030001820065081,0
1770,85,4,12.713520045431899,0.127135200454319,0.1495708240639047,85,4,85,85,5,0.041217489613813996,439.0,126.35670002782717,9844
1771,85,4,12.673152555818007,0.12673152555818007,0.1490959124213883,85,4,85,85,4,0.04036748961384262,439.0,0.10569998994469643,0
1772,85,4,12.632785066204118,0.1263278506620412,0.14862100077887197,85,4,85,85,4,0.0403674896138142,439.0,0.09370001498609781,0
1773,85,4,12.59174853126356,0.1259174853126356,0.1481382180148654,85,4,85,85,4,0.041036534940502634,439.0,0.09339998359791934,0
1774,84,4,12.551719415984584,0.12551719415984583,0.14942523114267364,85,3,85,76,4,0.040029115278912286,520.6666666666666,0.08789999992586672,0
1775,84,4,12.510976812065326,0.12510976812065328,0.14894020014363485,84,4,84,84,5,0.04074260391922735,434.0,127.15210000169463,9644
1776,83,4,12.471453715828966,0.12471453715828966,0.15025847850396346,84,4,84,83,4,0.039523096236322885,434.0,0.09270000737160444,0
1777,83,4,12.429393521105151,0.12429393521105152,0.1497517291699416,83,4,83,83,4,0.04206019472375999,429.0,0.09119999594986439,0
1778,83,4,12.389976314776122,0.12389976314776123,0.14927682306959184,83,4,83,83,4,0.039417206329005694,429.0,0.09459999273531139,0
1779,82,4,12.350991385861278,0.12350991385861278,0.15062184616903998,83,4,83,82,4,0.03898492891478611,429.0,0.0914999982342124,0
1780,82,4,12.30953959778182,0.1230953959778182,0.15011633655831488,82,4,82,82,5,0.04145178807944205,424.0,121.58720000297762,9250
1781,82,4,12.2677816183583,0.122677816183583,0.14960709290680854,82,4,82,82,4,0.04175797942352233,424.0,0.08800000068731606,0
1782,82,4,12.227149830278845,0.12227149830278845,0.14911158329608348,82,4,82,82,4,0.04063178807942336,424.0,0.089599983766675,0
1783,82,4,12.186518042199388,0.12186518042199389,0.1486160736853584,82,4,82,82,4,0.04063178807942336,424.0,0.09419998968951404,0
1784,82,4,12.14588625411993,0.1214588625411993,0.1481205640746333,82,4,82,82,4,0.04063178807943757,424.0,0.09119999594986439,0
1785,82,4,12.104218649021842,0.12104218649021842,0.14761242254904683,82,4,82,82,5,0.04166760509805556,424.0,112.16940000304021,9250
1786,82,4,12.061811252871816,0.12061811252871817,0.14709525918136362,82,3,82,58,4,0.042407396150025534,400.6666666666667,0.09019998833537102,0
1787,82,4,12.021975297355548,0.12021975297355547,0.14660945484579935,82,4,82,82,4,0.03983595551625285,424.0,0.07540002116002142,0
1788,82,4,11.982139341839279,0.11982139341839279,0.1461236505102351,82,4,82,82,4,0.03983595551626706,424.0,0.09290000889450312,0
1789,82,4,11.942303386323008,0.11942303386323008,0.14563784617467082,82,4,82,82,4,0.03983595551625285,424.0,0.08789999992586672,0
1790,82,4,11.900729880419595,0.11900729880419596,0.14513085220023897,82,4,82,82,5,0.041573505903343744,424.0,125.22190000163391,9250
1791,82,4,11.859976374516183,0.11859976374516183,0.1446338582258071,82,4,82,82,4,0.04075350590331084,424.0,0.08779999916441739,0
1792,82,4,11.81922286861277,0.11819222868612769,0.14413686425137523,82,4,82,82,4,0.04075350590333926,424.0,0.08830000297166407,0
1793,82,4,11.778469362709357,0.11778469362709357,0.1436398702769434,82,4,82,82,4,0.04075350590331084,424.0,0.08850000449456275,0
1794,81,4,11.739786020339913,0.11739786020339914,0.14493562988073966,81,3,81,44,4,0.038683342369381535,307.3333333333333,0.10040000779554248,0
1795,81,4,11.699346329313721,0.11699346329313721,0.14443637443597188,81,4,81,81,4,0.04043969102616529,419.0,113.84330000146292,9056
1796,81,4,11.659716638287529,0.11659716638287529,0.14394711899120408,81,4,81,81,3,0.03962969102614977,419.0,0.0921999744605273,0
1797,81,4,11.62008694726134,0.1162008694726134,0.14345786354643628,81,4,81,81,3,0.03962969102617819,419.0,0.09120002505369484,0
1798,81,4,11.580457256235146,0.11580457256235147,0.14296860810166848,81,4,81,81,3,0.03962969102616398,419.0,0.0840000284370035,0
1799,81,4,11.540827565208955,0.11540827565208955,0.14247935265690068,81,4,81,81,3,0.039629691026192404,419.0,0.08789999992586672,0
1800,81,4,11.494872907098438,0.11494872907098438,0.14191201119874616,81,3,81,47,4,0.0459546581104604,327.3333333333333,116.45910001243465,9056
1801,81,4,11.454179487429249,0.11454179487429249,0.14140962330159565,81,4,81,81,3,0.04069341966916795,419.0,0.08789999992586672,0
1802,81,4,11.408371273858156,0.11408371273858156,0.14084408980071797,81,3,81,47,3,0.045808213571049805,327.3333333333333,0.09159999899566174,0
1803,81,4,11.362563060287066,0.11362563060287066,0.14027855629984032,81,3,81,47,3,0.045808213571035594,327.3333333333333,0.09200000204145908,0
1804,81,4,11.316754846715977,0.11316754846715976,0.13971302279896267,81,3,81,47,3,0.045808213571064016,327.3333333333333,0.08850000449456275,0
1805,81,4,11.274826082239121,0.11274826082239121,0.13919538373134718,81,3,81,52,4,0.04192876447685023,360.6666666666667,117.02770000556484,9056
1806,81,4,11.233707317762267,0.11233707317762268,0.13868774466373168,81,3,81,52,3,0.041118764476863134,360.6666666666667,0.08749999688006938,0
1807,81,4,11.192588553285411,0.11192588553285411,0.13818010559611615,81,3,81,52,3,0.041118764476848924,360.6666666666667,0.09180000051856041,0
1808,81,4,11.151469788808555,0.11151469788808555,0.1376724665285007,81,3,81,52,3,0.041118764476848924,360.6666666666667,0.0473999825771898,0
1809,81,4,11.110351024331703,0.11110351024331702,0.1371648274608852,81,3,81,52,3,0.041118764476863134,360.6666666666667,0.08739999611862004,0
1810,80,4,11.062918523304145,0.11062918523304145,0.1382864815413018,81,2,81,17,4,0.04743250102750096,184.0,124.0760000073351,9056
1811,80,4,11.016690929301177,0.11016690929301177,0.1377086366162647,80,2,80,17,3,0.04622759400294285,184.0,0.10519998613744974,0
1812,80,4,10.970463335298211,0.10970463335298211,0.13713079169122763,80,2,80,17,3,0.04622759400291443,184.0,0.09429999045096338,0
1813,80,4,10.924235741295245,0.10924235741295245,0.1365529467661905,80,2,80,17,3,0.04622759400290022,184.0,0.09370001498609781,0
1814,80,4,10.878008147292276,0.10878008147292276,0.13597510184115344,80,2,80,17,3,0.04622759400294285,184.0,0.09529999806545675,0
1815,80,4,10.835690971134941,0.10835690971134941,0.13544613713918677,80,3,80,48,5,0.042317176157325775,334.0,113.20500000147149,8864
1816,80,4,10.79417379497761,0.1079417379497761,0.13492717243722013,80,4,80,80,4,0.04151717615728501,414.0,0.09190000128000975,0
1817,80,4,10.753896282451423,0.10753896282451424,0.1344237035306428,80,4,80,80,4,0.04027751252615985,414.0,0.089899986051023,0
1818,80,4,10.71237910629409,0.1071237910629409,0.13390473882867612,80,4,80,80,4,0.04151717615731343,414.0,0.0940999889280647,0
1819,80,4,10.672101593767904,0.10672101593767903,0.13340126992209883,80,4,80,80,4,0.040277512526174064,414.0,0.09220000356435776,0
1820,80,4,10.631687479824029,0.10631687479824029,0.13289609349780038,80,4,80,80,5,0.040414113943839425,414.0,122.1576000098139,8864
1821,80,4,10.592073365880157,0.10592073365880157,0.13240091707350196,80,4,80,80,4,0.03961411394386971,414.0,0.05800000508315861,0
1822,80,4,10.552459251936286,0.10552459251936286,0.13190574064920357,80,4,80,80,4,0.03961411394384129,414.0,0.060699996538460255,0
1823,80,4,10.512845137992414,0.10512845137992415,0.13141056422490516,80,4,80,80,4,0.0396141139438555,414.0,0.09400001727044582,0
1824,79,4,10.473681775195455,0.10473681775195455,0.13257825031892978,80,3,80,48,4,0.039163362796927004,334.0,0.09740001405589283,0
1825,78,4,10.43257508121522,0.10432575081215219,0.13375096257968233,79,3,79,65,5,0.04110669398021116,454.0,119.12220000522211,8674
1826,78,4,10.392476923552147,0.10392476923552146,0.13323688363528394,78,3,78,65,4,0.04009815766303859,447.3333333333333,0.09129999671131372,0
1827,78,4,10.352378765889075,0.10352378765889075,0.13272280469088552,78,3,78,65,4,0.0400981576630528,447.3333333333333,0.05979998968541622,0
1828,78,4,10.312280608226,0.10312280608226,0.13220872574648718,78,3,78,65,4,0.04009815766306701,447.3333333333333,0.09479999425821006,0
1829,78,4,10.272182450562926,0.10272182450562926,0.1316946468020888,78,3,78,65,4,0.0400981576630528,447.3333333333333,0.09630000567995012,0
1830,78,4,10.2316363734799,0.10231636373479899,0.13117482530102434,78,3,78,66,4,0.04054607708299329,454.0,120.89789999299683,8486
1831,78,4,10.191870296396871,0.10191870296396871,0.13066500379995988,78,3,78,66,3,0.039766077083015716,454.0,0.09389998740516603,0
1832,78,4,10.152104219313845,0.10152104219313846,0.1301551822988954,78,3,78,66,3,0.039766077083001505,454.0,0.08960001287050545,0
1833,78,4,10.112338142230813,0.10112338142230813,0.12964536079783093,78,3,78,66,3,0.039766077082987294,454.0,0.08910000906325877,0
1834,78,4,10.072572065147785,0.10072572065147785,0.12913553929676644,78,3,78,66,3,0.039766077083001505,454.0,0.0926000066101551,0
1835,77,4,10.029169869977542,0.10029169869977542,0.1302489593503577,77,1,77,1,4,0.043402195170244795,34.0,111.51930000050925,8486
1836,77,3,9.986531259114006,0.09986531259114007,0.12969521115732474,77,2,77,23,3,0.04263861086350573,244.0,0.6977000157348812,0
1837,77,3,9.942606927933593,0.09942606927933592,0.12912476529783887,77,2,77,23,3,0.04392433118036365,244.0,0.09119999594986439,0
1838,77,3,9.899968317070057,0.09899968317070057,0.12857101710480592,77,2,77,23,3,0.042638610863534154,244.0,0.09059999138116837,0
1839,77,3,9.857329706206523,0.09857329706206523,0.128017268911773,77,2,77,23,3,0.04263861086349152,244.0,0.06239998037926853,0
1840,77,4,9.81851983305078,0.0981851983305078,0.12751324458507507,77,4,77,77,5,0.0388098731557136,399.0,120.3364000248257,8300
1841,77,4,9.780479959895041,0.09780479959895041,0.12701922025837717,77,4,77,77,4,0.03803987315571078,399.0,0.09699998190626502,0
1842,77,4,9.742440086739299,0.09742440086739299,0.12652519593167919,77,4,77,77,4,0.03803987315569657,399.0,0.06019999273121357,0
1843,77,4,9.70440021358356,0.0970440021358356,0.12603117160498128,77,4,77,77,4,0.03803987315572499,399.0,0.09319998207502067,0
1844,77,4,9.666360340427818,0.09666360340427818,0.12553714727828333,77,4,77,77,4,0.03803987315572499,399.0,0.08349999552592635,0
1845,77,4,9.626222416498145,0.09626222416498145,0.12501587553893695,77,3,77,49,5,0.04013792392963467,340.6666666666667,120.24499999824911,8300
1846,77,4,9.58880278566325,0.09588802785663249,0.12452990630731495,77,4,77,77,4,0.03741963083486155,399.0,0.08860000525601208,0
1847,77,4,9.551383154828356,0.09551383154828356,0.12404393707569293,77,4,77,77,4,0.03741963083487576,399.0,0.11210000957362354,0
1848,77,4,9.513963523993466,0.09513963523993466,0.12355796784407096,77,4,77,77,4,0.03741963083486155,399.0,0.0940999889280647,0
1849,77,4,9.476543893158572,0.09476543893158572,0.12307199861244897,77,4,77,77,4,0.03741963083486155,399.0,0.04889999399892986,0
1850,77,4,9.437954974355415,0.09437954974355416,0.12257084382279762,77,4,77,77,5,0.038588918803114325,399.0,119.85019998974167,8300
1851,77,4,9.400136055552261,0.0940013605555226,0.12207968903314623,77,4,77,77,4,0.0378189188031115,399.0,0.08820000221021473,0
1852,76,4,9.362618762947697,0.09362618762947697,0.1231923521440487,77,4,77,76,4,0.037517292604505315,399.0,0.0921999744605273,0
1853,76,4,9.325271595703342,0.09325271595703341,0.12270094204872818,76,4,76,76,4,0.03734716724430598,394.0,0.09469999349676073,0
1854,76,4,9.287924428458986,0.09287924428458987,0.12220953195340768,76,4,76,76,4,0.03734716724429177,394.0,0.09229997522197664,0
1855,76,4,9.24932792233562,0.0924932792233562,0.1217016831886266,76,4,76,76,4,0.03859650612335486,394.0,115.02689999178983,8116
1856,76,4,9.211491416212258,0.09211491416212259,0.12120383442384552,76,4,76,76,3,0.03783650612335521,394.0,0.09189997217617929,0
1857,76,4,9.173654910088896,0.09173654910088896,0.12070598565906439,76,4,76,76,3,0.037836506123326785,394.0,0.09159999899566174,0
1858,76,4,9.135818403965528,0.09135818403965529,0.12020813689428327,76,4,76,76,3,0.037836506123326785,394.0,0.09129999671131372,0
1859,76,4,9.097981897842164,0.09097981897842164,0.11971028812950216,76,4,76,76,3,0.03783650612335521,394.0,0.08870000601746142,0
1860,76,4,9.059673309506884,0.09059673309506884,0.1192062277566695,76,4,76,76,5,0.03830858833526918,394.0,112.41830000653863,8116
1861,76,4,9.0221247211716,0.09022124721171601,0.11871216738383687,76,4,76,76,4,0.03754858833526953,394.0,0.08969998452812433,0
1862,76,4,8.984576132836319,0.08984576132836318,0.11821810701100419,76,4,76,76,4,0.03754858833525532,394.0,0.08589998469687998,0
1863,75,4,8.947354794671638,0.08947354794671637,0.11929806392895517,76,4,76,75,4,0.037221338164670215,394.0,0.11819999781437218,0
1864,74,4,8.910713986034812,0.08910713986034813,0.1204150538653353,75,4,75,74,4,0.03664080863680397,389.0,0.06329998723231256,0
1865,74,4,8.872725042606206,0.08872725042606205,0.11990168976494875,74,3,74,48,4,0.03798894342854453,334.0,114.6407000196632,7754
1866,74,4,8.836803210098745,0.08836803210098745,0.11941625959592898,74,4,74,74,3,0.03592183250742664,384.0,0.08839997462928295,0
1867,74,4,8.80021782213071,0.0880021782213071,0.11892186246122581,74,4,74,74,3,0.036585387967988936,384.0,0.08680002065375447,0
1868,73,4,8.763864740870643,0.08763864740870643,0.12005294165576223,74,4,74,73,3,0.03635308125998904,384.0,0.0923000043258071,0
1869,73,4,8.72843609620361,0.08728436096203611,0.11956761775621384,73,4,73,73,3,0.035428644666993137,379.0,0.09320001117885113,0
1870,73,4,8.691296980570632,0.08691296980570633,0.11905886274754293,73,4,73,73,4,0.03713911563299632,379.0,103.52380000404082,7576
1871,73,4,8.65488786493766,0.0865488786493766,0.11856010773887203,73,4,73,73,3,0.03640911563296356,379.0,0.08779999916441739,0
1872,73,4,8.618478749304682,0.08618478749304682,0.11806135273020114,73,4,73,73,3,0.03640911563296356,379.0,0.08570001227781177,0
1873,73,4,8.582069633671706,0.08582069633671706,0.11756259772153027,73,4,73,73,3,0.036409115632991984,379.0,0.08850000449456275,0
1874,71,4,8.55249748309622,0.08552497483096219,0.12045771102952425,72,3,72,39,3,0.029572150575503997,274.0,0.08950001210905612,0
1875,71,4,8.511420421720404,0.08511420421720403,0.11987916086930146,71,4,71,71,3,0.041077061375787594,369.0,108.69709998951294,7226
1876,71,4,8.471053360344587,0.08471053360344588,0.11931061070907872,71,4,71,71,2,0.04036706137577539,369.0,0.05569998756982386,0
1877,71,4,8.430686298968773,0.08430686298968773,0.11874206054885598,71,4,71,71,2,0.04036706137577539,369.0,0.08520000847056508,0
1878,71,4,8.390319237592959,0.08390319237592958,0.11817351038863322,71,4,71,71,2,0.040367061375803814,369.0,0.08399999933317304,0
1879,71,4,8.34995217621714,0.0834995217621714,0.11760496022841042,71,4,71,71,2,0.04036706137577539,369.0,0.07040001219138503,0
1880,70,4,8.312923245808976,0.08312923245808976,0.11875604636869969,70,3,70,57,4,0.037028930408141036,394.0,106.13770000054501,7226
1881,70,3,8.275810953382571,0.08275810953382572,0.11822587076260813,70,3,70,70,2,0.03711229242640002,480.6666666666667,0.6337999948300421,0
1882,70,3,8.237901781274998,0.08237901781274998,0.11768431116107139,70,3,70,70,2,0.03790917210757527,480.6666666666667,0.0881000014487654,0
1883,70,3,8.200789488848592,0.08200789488848592,0.11715413555497989,70,3,70,70,2,0.03711229242640002,480.6666666666667,0.086499989265576,0
1884,70,3,8.163677196422185,0.08163677196422185,0.11662395994888836,70,3,70,70,2,0.037112292426371596,480.6666666666667,0.08850000449456275,0
1885,70,4,8.125735363290412,0.08125735363290412,0.1160819337612916,70,3,70,52,4,0.03794183313175381,360.6666666666667,105.63900001579896,7054
1886,70,4,8.088493530158635,0.08088493530158634,0.11554990757369481,70,3,70,52,3,0.03724183313171636,360.6666666666667,0.08579998393543065,0
1887,70,4,8.05125169702686,0.0805125169702686,0.115017881386098,70,3,70,52,3,0.037241833131773205,360.6666666666667,0.0881000014487654,0
1888,70,4,8.014009863895083,0.08014009863895083,0.11448585519850121,70,3,70,52,3,0.03724183313170215,360.6666666666667,0.08960001287050545,0
1889,70,4,7.976768030763307,0.07976768030763308,0.11395382901090441,70,3,70,52,3,0.037241833131758995,360.6666666666667,0.08460000390186906,0
1890,70,4,7.940063907635147,0.07940063907635148,0.11342948439478784,70,4,70,70,5,0.03670412312814619,364.0,103.44289999920875,7054
1891,70,4,7.904059784506988,0.07904059784506988,0.11291513977867126,70,4,70,70,4,0.03600412312816559,364.0,0.08820000221021473,0
1892,70,4,7.86805566137883,0.0786805566137883,0.11240079516255472,70,4,70,70,4,0.03600412312815138,364.0,0.07860001642256975,0
1893,70,4,7.83205153825067,0.0783205153825067,0.11188645054643816,70,4,70,70,4,0.03600412312815138,364.0,0.08159998105838895,0
1894,70,4,7.79604741512251,0.0779604741512251,0.11137210593032158,70,4,70,70,4,0.03600412312813717,364.0,0.05189998773857951,0
1895,70,4,7.761519422782072,0.07761519422782072,0.11087884889688673,70,4,70,70,5,0.03452799234042914,364.0,106.0462000023108,7054
1896,69,4,7.728116549202923,0.07728116549202924,0.11200168911888293,70,4,70,69,4,0.03340287357914917,364.0,0.08919998072087765,0
1897,69,4,7.694743332248738,0.07694743332248738,0.11151801930795271,69,4,69,69,4,0.03337321695418893,359.0,0.08929998148232698,0
1898,69,4,7.661370115294552,0.07661370115294552,0.1110343494970225,69,4,69,69,4,0.03337321695418893,359.0,0.0714000198058784,0
1899,69,4,7.627996898340368,0.07627996898340368,0.11055067968609229,69,4,69,69,4,0.03337321695417472,359.0,0.08540000999346375,0
1900,69,3,7.591229368265277,0.07591229368265277,0.1100178169313808,69,3,69,69,4,0.03676753007506761,474.0,101.65339999366552,6822
1901,69,3,7.5551518381901825,0.07555151838190183,0.10949495417666931,69,3,69,69,3,0.03607753007506176,474.0,0.0889000075403601,0
1902,68,3,7.529480303371094,0.07529480303371094,0.11072765152016316,68,2,68,12,3,0.025671534819096564,134.0,0.0926000066101551,0
1903,68,2,7.489286764809343,0.07489286764809343,0.11013657007072562,68,2,68,68,2,0.040193538561723585,694.0,2.5077000027522445,0
1904,68,2,7.449806705753237,0.07449806705753237,0.10955598096695936,68,2,68,68,2,0.03948005905608909,694.0,0.08840000373311341,0
1905,68,3,7.413006521200376,0.07413006521200377,0.10901480178235846,68,3,68,67,4,0.03680018455283118,467.3333333333333,102.68450001603924,6655
1906,68,3,7.377705844908042,0.07377705844908042,0.10849567418982413,68,3,68,67,3,0.035300676292280286,467.3333333333333,0.08840000373311341,0
1907,68,3,7.342405168615704,0.07342405168615704,0.10797654659728977,68,3,68,67,3,0.03530067629230871,467.3333333333333,0.08960001287050545,0
1908,68,3,7.307104492323369,0.07307104492323369,0.1074574190047554,68,3,68,67,3,0.035300676292280286,467.3333333333333,0.09150002733804286,0
1909,68,3,7.271803816031031,0.07271803816031032,0.10693829141222107,68,3,68,67,3,0.0353006762922945,467.3333333333333,0.08329999400302768,0
1910,68,3,7.238396191685314,0.07238396191685313,0.10644700281890168,68,3,68,68,4,0.03340762434567068,467.3333333333333,101.72889998648316,6655
1911,68,3,7.205668567339597,0.07205668567339597,0.10596571422558229,68,3,68,68,3,0.032727624345668005,467.3333333333333,0.11300001642666757,0
1912,68,3,7.172940942993878,0.07172940942993879,0.10548442563226293,68,3,68,68,3,0.032727624345668005,467.3333333333333,0.08410000009462237,0
1913,66,3,7.142618517247514,0.07142618517247513,0.1082214926855684,67,2,67,34,3,0.030322425746305726,354.0,0.0847000046633184,0
1914,66,2,7.106832482266368,0.07106832482266368,0.10767928003433891,66,2,66,66,2,0.03578603498111477,674.0,1.2789999891538173,0
1915,66,3,7.070873274526669,0.07070873274526669,0.10713444355343436,66,3,66,66,4,0.035959207739665544,454.0,99.80799999902956,6327
1916,66,3,7.035574066786969,0.07035574066786969,0.10659960707252984,66,3,66,66,3,0.035299207739669214,454.0,0.06150000263005495,0
1917,65,3,7.000808188364689,0.07000808188364689,0.10770474135945676,66,3,66,65,3,0.034765878422263086,454.0,0.08219998562708497,0
1918,65,3,6.966088934253467,0.06966088934253467,0.10717059898851487,65,3,65,65,3,0.03471925411115251,447.3333333333333,0.08250001701526344,0
1919,65,3,6.931369680142243,0.06931369680142244,0.10663645661757297,65,3,65,65,3,0.03471925411116672,447.3333333333333,0.08759999764151871,0
1920,65,3,6.89837574916722,0.06898375749167221,0.1061288576794957,65,3,65,65,4,0.032993930975052876,447.3333333333333,98.72929999255575,6166
1921,65,3,6.866031818192198,0.06866031818192198,0.10563125874141843,65,3,65,65,3,0.032343930974974455,447.3333333333333,0.08339999476447701,0
1922,65,3,6.833687887217174,0.06833687887217174,0.10513365980334113,65,3,65,65,3,0.03234393097501709,447.3333333333333,0.05780000356025994,0
1923,65,3,6.801343956242151,0.06801343956242151,0.10463606086526386,65,3,65,65,3,0.03234393097500288,447.3333333333333,0.08310002158395946,0
1924,65,3,6.769000025267128,0.06769000025267129,0.10413846192718658,65,3,65,65,3,0.03234393097500288,447.3333333333333,0.07840001489967108,0
1925,64,3,6.734508197130677,0.06734508197130677,0.10522669058016683,65,3,65,64,3,0.034491828136452796,447.3333333333333,97.25709998747334,6166
1926,64,3,6.7008156161965475,0.06700815616196548,0.10470024400307106,64,3,64,64,2,0.0336925809341011,440.6666666666667,0.08609998621977866,0
1927,63,3,6.668792971132897,0.06668792971132896,0.10585385668464914,63,2,63,54,2,0.03202264506364827,554.0,0.05460000829771161,0
1928,63,2,6.634069971867545,0.06634069971867546,0.1053026979661515,63,2,63,62,2,0.03472299926536948,644.0,0.29979998362250626,0
1929,63,2,6.599346972602193,0.06599346972602194,0.10475153924765385,63,2,63,62,2,0.03472299926531264,644.0,0.05299999611452222,0
1930,63,3,6.56175925705403,0.0656175925705403,0.10415490884212747,63,2,63,56,4,0.03758771554817031,574.0,96.01509998901747,5850
1931,63,3,6.524801541505867,0.06524801541505867,0.10356827843660105,63,2,63,56,3,0.03695771554815508,574.0,0.0976000155787915,0
1932,63,3,6.487843825957704,0.06487843825957704,0.10298164803107467,63,2,63,56,3,0.03695771554814087,574.0,0.06049999501556158,0
1933,62,3,6.451302668243242,0.06451302668243242,0.10405326884263295,63,2,63,55,3,0.036541157714452766,574.0,0.0858000130392611,0
1934,62,3,6.414815430725088,0.06414815430725089,0.10346476501169498,62,2,62,55,3,0.036487237518144866,564.0,0.08709999383427203,0
1935,62,3,6.378682655033393,0.06378682655033394,0.1028819783069902,62,3,62,62,4,0.036132775691683605,427.3333333333333,97.36340001109056,5695
1936,62,3,6.343169879341696,0.06343169879341697,0.10230919160228544,62,3,62,62,3,0.03551277569168576,427.3333333333333,0.06330001633614302,0
1937,62,3,6.306838362983237,0.06306838362983237,0.10172319940295543,62,3,62,62,3,0.03633151635844456,427.3333333333333,0.08919998072087765,0
1938,62,3,6.271325587291542,0.06271325587291542,0.10115041269825066,62,3,62,62,3,0.03551277569167155,427.3333333333333,0.08910000906325877,0
1939,62,3,6.235812811599845,0.06235812811599845,0.10057762599354589,62,3,62,62,3,0.03551277569167155,427.3333333333333,0.12419998529367149,0
1940,62,3,6.204707427544903,0.062047074275449025,0.10007592625072421,62,3,62,62,4,0.031105384054939123,427.3333333333333,95.03919997951016,5695
1941,62,3,6.174222043489959,0.06174222043489959,0.09958422650790259,62,3,62,62,3,0.030485384054898645,427.3333333333333,0.08070000330917537,0
1942,62,3,6.142450939118138,0.06142450939118138,0.09907178934061513,62,3,62,62,3,0.0317711043717992,427.3333333333333,0.05570001667365432,0
1943,62,3,6.111965555063195,0.06111965555063195,0.09858008959779348,62,3,62,62,3,0.030485384054898645,427.3333333333333,0.06359998951666057,0
1944,62,3,6.081480171008253,0.06081480171008253,0.09808838985497183,62,3,62,62,3,0.030485384054927067,427.3333333333333,0.08249998791143298,0
1945,62,3,6.046775180423132,0.06046775180423132,0.09752863194230858,62,3,62,62,3,0.034704990585083806,427.3333333333333,93.17900001769885,5695
1946,62,3,6.01269018983801,0.0601269018983801,0.0969788740296453,62,3,62,62,2,0.03408499058510017,427.3333333333333,0.10659999679774046,0
1947,62,3,5.978605199252889,0.059786051992528885,0.09642911611698206,62,3,62,62,2,0.03408499058510017,427.3333333333333,0.08300002082251012,0
1948,62,3,5.944520208667768,0.05944520208667768,0.09587935820431884,62,3,62,62,2,0.03408499058508596,427.3333333333333,0.08399999933317304,0
1949,62,3,5.910435218082647,0.059104352180826464,0.09532960029165559,62,3,62,62,2,0.03408499058510017,427.3333333333333,0.08120000711642206,0
1950,62,3,5.877100646527598,0.05877100646527598,0.09479194591173545,62,2,62,20,3,0.033334571555030834,214.0,93.82539999205619,5695
1951,62,3,5.844386074972548,0.05844386074972548,0.09426429153181531,62,2,62,20,2,0.03271457155503299,214.0,0.08850000449456275,0
1952,62,3,5.811671503417501,0.05811671503417501,0.09373663715189519,62,2,62,20,2,0.0327145715550472,214.0,0.0847000046633184,0
1953,62,3,5.778956931862453,0.05778956931862453,0.09320898277197505,62,2,62,20,2,0.0327145715550472,214.0,0.08430000161752105,0
1954,62,3,5.746242360307404,0.05746242360307404,0.09268132839205488,62,2,62,20,2,0.03271457155500457,214.0,0.09169999975711107,0
1955,62,3,5.714528453399556,0.05714528453399556,0.09216981376450899,62,3,62,62,4,0.03171390690782516,427.3333333333333,96.76139999646693,5695
1956,62,3,5.681486253396928,0.05681486253396928,0.09163687505478917,62,2,62,38,3,0.03304220000262603,394.0,0.07989999721758068,0
1957,62,3,5.65039234648908,0.056503923464890804,0.09113536042724325,62,3,62,62,3,0.031093906907827318,427.3333333333333,0.08630001684650779,0
1958,62,3,5.619298439581233,0.056192984395812336,0.09063384579969731,62,3,62,62,3,0.03109390690784153,427.3333333333333,0.09139999747276306,0
1959,62,3,5.587230386125996,0.05587230386125996,0.09011661913106445,62,3,62,62,3,0.03206805345520536,427.3333333333333,0.0847000046633184,0
1960,62,3,5.550256345897431,0.05550256345897431,0.08952026364350693,62,3,62,62,4,0.036974040228557215,427.3333333333333,93.27290000510402,5695
1961,62,3,5.513902305668866,0.05513902305668866,0.08893390815594945,62,3,62,62,3,0.03635404022855937,427.3333333333333,0.0678999931551516,0
1962,62,3,5.477548265440302,0.054775482654403025,0.08834755266839196,62,3,62,62,3,0.03635404022854516,427.3333333333333,0.05440000677481294,0
1963,62,3,5.441194225211738,0.05441194225211737,0.08776119718083446,62,3,62,62,3,0.03635404022855937,427.3333333333333,0.07830001413822174,0
1964,62,3,5.404840184983174,0.054048401849831736,0.08717484169327698,62,3,62,62,3,0.03635404022858779,427.3333333333333,0.0543000060133636,0
1965,62,3,5.370087864754912,0.05370087864754912,0.08661432039927279,62,2,62,28,4,0.034752320228221834,294.0,92.17860002536327,5695
1966,62,3,5.3359555445266516,0.053359555445266514,0.0860637991052686,62,2,62,28,3,0.0341323202282382,294.0,0.08800000068731606,0
1967,61,3,5.302303079878625,0.05302303079878625,0.08692300130948563,61,2,61,28,3,0.0336524646480143,294.0,0.08369999704882503,0
1968,61,3,5.26865407516235,0.0526865407516235,0.08637137828135001,61,2,61,28,3,0.03364900471625276,294.0,0.053800002206116915,0
1969,61,3,5.235005070446075,0.05235005070446075,0.08581975525321434,61,2,61,28,3,0.03364900471623855,294.0,0.08629998774267733,0
1970,61,3,5.200561461446167,0.05200561461446167,0.08525510592534702,61,3,61,61,4,0.03444360899992205,420.6666666666667,94.33490000083111,5542
1971,60,3,5.1691183531786775,0.051691183531786776,0.08615197255297796,60,2,60,36,3,0.031443108267509956,374.0,0.046900007873773575,0
1972,60,2,5.136030580223371,0.051360305802233705,0.08560050967038951,60,2,60,60,2,0.03308777295529808,614.0,1.6024999786168337,0
1973,60,2,5.1029428072680645,0.05102942807268065,0.08504904678780108,60,1,60,37,2,0.03308777295534071,754.0,0.0813000078778714,0
1974,60,2,5.0698550343127575,0.05069855034312758,0.08449758390521263,60,2,60,60,2,0.0330877729553265,614.0,0.08490000618621707,0
1975,60,3,5.03693762320411,0.050369376232041095,0.08394896038673517,60,3,60,60,4,0.032917411108599026,414.0,80.77240001875907,5391
1976,60,3,5.004620212095463,0.05004620212095463,0.08341033686825772,60,3,60,60,3,0.03231741110862174,414.0,0.08180001168511808,0
1977,60,3,4.972302800986815,0.049723028009868143,0.08287171334978025,60,3,60,60,3,0.03231741110859332,414.0,0.08599998545832932,0
1978,60,3,4.939985389878168,0.04939985389878168,0.08233308983130282,60,3,60,60,3,0.03231741110860753,414.0,0.06839999696239829,0
1979,60,3,4.9076679787695205,0.049076679787695206,0.08179446631282535,60,3,60,60,3,0.03231741110860753,414.0,0.08090000483207405,0
1980,60,3,4.877388757445664,0.048773887574456644,0.0812898126240944,60,3,60,60,4,0.030279221323866068,414.0,89.81809997931123,5391
1981,59,3,4.848008044590459,0.04848008044590459,0.08216962787441456,60,3,60,59,3,0.029380712855200386,414.0,0.08009999874047935,0
1982,59,3,4.818817446937259,0.04818817446937259,0.08167487198198746,59,3,59,59,3,0.02919059765319787,407.3333333333333,0.079699995694682,0
1983,59,3,4.789626849284058,0.04789626849284059,0.08118011608956031,59,3,59,59,3,0.02919059765321208,407.3333333333333,0.08629998774267733,0
1984,59,3,4.760436251630859,0.04760436251630859,0.08068536019713318,59,3,59,59,3,0.02919059765319787,407.3333333333333,0.0819999841041863,0
1985,58,3,4.721671031403516,0.04721671031403516,0.0814081212310951,59,1,59,20,4,0.038765220227332975,414.0,86.69009999721311,5242
1986,58,3,4.683547753475972,0.04683547753475972,0.08075082333579263,58,1,58,20,3,0.03812327792752512,414.0,0.08299999171867967,0
1987,58,3,4.645424475548428,0.046454244755484285,0.08009352544049014,58,2,58,47,3,0.03812327792752512,484.0,0.159099989105016,0
1988,58,3,4.607301197620886,0.04607301197620886,0.0794362275451877,58,1,58,20,3,0.03812327792752512,414.0,0.08359999628737569,0
1989,58,3,4.5691779196933435,0.04569177919693344,0.07877892964988521,58,1,58,20,3,0.03812327792752512,414.0,0.08800000068731606,0
1990,58,3,4.538437264392249,0.045384372643922484,0.0782489183515905,58,2,58,44,4,0.030740655301087827,454.0,87.90899999439716,5095
1991,57,3,4.510744550129451,0.04510744550129451,0.07913586930051669,57,1,57,25,3,0.02769271426278408,514.0,0.0853999808896333,0
1992,57,2,4.481082337246035,0.044810823372460354,0.07861547960080764,57,1,57,27,2,0.029662212883394545,554.0,0.8624999900348485,0
1993,57,2,4.4514201243626195,0.04451420124362619,0.07809508990109859,57,1,57,27,2,0.029662212883380334,554.0,0.08709999383427203,0
1994,57,2,4.421757911479203,0.04421757911479203,0.07757470020138953,57,1,57,27,2,0.029662212883380334,554.0,0.08930001058615744,0
1995,57,3,4.392032247223027,0.043920322472230273,0.07705319731970223,57,3,57,57,4,0.02972566425620471,394.0,87.34709999407642,4950
1996,57,3,4.361555088769456,0.04361555088769456,0.0765185103292887,57,3,57,57,3,0.030477158453564357,394.0,0.08789999992586672,0
1997,57,3,4.332399424513279,0.043323994245132794,0.07600700744760139,57,3,57,57,3,0.029155664256180103,394.0,0.08410000009462237,0
1998,57,3,4.303243760257103,0.04303243760257103,0.07549550456591408,57,3,57,57,3,0.029155664256180103,394.0,0.06290001329034567,0
1999,57,3,4.27276660180353,0.04272766601803531,0.07496081757550054,57,3,57,57,3,0.030477158453578568,394.0,0.08600001456215978,0
2000,57,3,4.2416161107873664,0.04241616110787366,0.07441431773311169,57,3,57,57,4,0.031150491016148862,394.0,82.39070000126958,4950
2001,57,3,4.211035619771203,0.04211035619771203,0.07387781789072285,57,3,57,57,3,0.030580491016138467,394.0,0.0872999953571707,0
2002,57,3,4.18045512875504,0.041804551287550396,0.07334131804833402,57,3,57,57,3,0.030580491016138467,394.0,0.08529998012818396,0
2003,57,3,4.1498746377388755,0.041498746377388755,0.07280481820594518,57,3,57,57,3,0.030580491016152678,394.0,0.08749999688006938,0
2004,57,3,4.119294146722712,0.04119294146722712,0.07226831836355635,57,3,57,57,3,0.030580491016138467,394.0,0.08319999324157834,0
2005,57,3,4.091109550792736,0.04091109550792736,0.07177385176829362,57,3,57,57,4,0.02818459592997158,394.0,87.99780000117607,4950
2006,57,3,4.06349495486276,0.0406349495486276,0.07128938517303088,57,3,57,57,3,0.027614595929946972,394.0,0.08479997632093728,0
2007,57,3,4.035880358932784,0.040358803589327835,0.07080491857776813,57,3,57,57,3,0.027614595929961183,394.0,0.08140000863932073,0
2008,56,3,4.0086171636528345,0.04008617163652835,0.07158244935094348,57,3,57,56,3,0.02726319527992871,394.0,0.08430000161752105,0
2009,55,3,3.9857402241972366,0.039857402241972366,0.0724680040763134,55,2,55,32,3,0.022876939455571232,334.0,0.05709999823011458,0
2010,55,3,3.957534886773404,0.03957534886773404,0.07195517975951643,55,3,55,55,4,0.02820533742382736,380.6666666666667,84.4511000032071,4666
2011,55,3,3.927931256254789,0.03927931256254789,0.07141693193190526,55,2,55,30,3,0.029603630518622026,314.0,0.07890001870691776,0
2012,55,3,3.898327625736174,0.03898327625736174,0.07087868410429407,55,3,55,55,3,0.029603630518607815,380.6666666666667,0.086499989265576,0
2013,55,3,3.8706722883123414,0.038706722883123414,0.07037585978749712,55,3,55,55,3,0.027655337423837523,380.6666666666667,0.07780001033097506,0
2014,54,3,3.8434615164424257,0.03843461516442426,0.07117521326745234,55,2,55,30,3,0.027210771869889072,314.0,0.04909999552182853,0
2015,54,3,3.8159928356336685,0.038159928356336685,0.0706665339932161,54,3,54,54,4,0.027468680808794943,374.0,82.88050000555813,4527
2016,54,3,3.7890641548249118,0.037890641548249115,0.07016785471897985,54,3,54,54,3,0.02692868080877986,374.0,0.04220000118948519,0
2017,54,3,3.762135474016155,0.03762135474016155,0.06966917544474362,54,3,54,54,3,0.026928680808765648,374.0,0.049299997044727206,0
2018,54,3,3.735206793207398,0.037352067932073976,0.06917049617050737,54,3,54,54,3,0.02692868080877986,374.0,0.07619999814778566,0
2019,53,3,3.7101693823768334,0.037101693823768336,0.07000319589390251,53,2,53,44,3,0.025037410830563545,454.0,0.08060000254772604,0
2020,53,3,3.6800609815998278,0.03680060981599828,0.0694351128603741,53,2,53,36,4,0.030108400776995836,374.0,81.20499999495223,4390
2021,53,3,3.650482580822822,0.03650482580822822,0.0688770298268457,53,2,53,36,3,0.029578400776983926,374.0,0.07829998503439128,0
2022,53,3,3.6209041800458164,0.03620904180045816,0.06831894679331729,53,2,53,36,3,0.029578400776969715,374.0,0.0720999960321933,0
2023,53,3,3.589998668347666,0.03589998668347666,0.06773582393108805,53,1,53,15,3,0.030905511698108512,314.0,0.072900002123788,0
2024,53,3,3.5597567121100884,0.03559756712110088,0.0671652209832092,53,2,53,36,3,0.030241956237588852,374.0,0.07090001599863172,0
2025,53,3,3.5277949075220243,0.03527794907522024,0.06656216806645329,53,2,53,37,4,0.03196180458805031,384.0,83.90729999518953,4390
2026,53,3,3.4963631029339606,0.03496363102933961,0.06596911514969737,53,2,53,37,3,0.031431804588052614,384.0,0.08180001168511808,0
2027,53,3,3.4649312983458964,0.03464931298345896,0.06537606223294144,53,2,53,37,3,0.031431804588081036,384.0,0.08110000635497272,0
2028,53,3,3.4334994937578327,0.03433499493757833,0.06478300931618552,53,2,53,37,3,0.031431804588066825,384.0,0.07380000897683203,0
2029,53,3,3.402067689169769,0.03402067689169769,0.0641899563994296,53,2,53,37,3,0.031431804588052614,384.0,0.059900019550696015,0
2030,53,3,3.3712780024221165,0.033712780024221164,0.06360901891362485,53,3,53,53,4,0.030789686747667133,367.3333333333333,78.39240002795123,4390
2031,53,3,3.341018315674464,0.03341018315674464,0.06303808142782008,53,3,53,53,3,0.0302596867476268,367.3333333333333,0.061700004152953625,0
2032,53,3,3.3107586289268114,0.03310758628926811,0.06246714394201531,53,3,53,53,3,0.030259686747641013,367.3333333333333,0.0782000133767724,0
2033,53,3,3.280498942179159,0.03280498942179159,0.06189620645621056,53,3,53,53,3,0.030259686747669434,367.3333333333333,0.07539999205619097,0
2034,53,3,3.2502392554315063,0.032502392554315064,0.061325268970405786,53,3,53,53,3,0.030259686747655223,367.3333333333333,0.0638000201433897,0
2035,53,3,3.222679417659217,0.03222679417659217,0.06080527203130598,53,3,53,53,4,0.027559837772244578,367.3333333333333,82.57359999697655,4390
2036,52,3,3.1959431676330565,0.031959431676330564,0.06146044553140495,53,3,53,52,3,0.02673625002613278,367.3333333333333,0.07650000043213367,0
2037,52,3,3.1693743180376512,0.031693743180376516,0.06094950611610868,52,3,52,52,3,0.026568849595378197,360.6666666666667,0.07690000347793102,0
2038,52,3,3.142805468442245,0.03142805468442245,0.06043856670081241,52,3,52,52,3,0.02656884959540662,360.6666666666667,0.07609999738633633,0
2039,52,3,3.1162366188468402,0.0311623661884684,0.05992762728551614,52,3,52,52,3,0.026568849595378197,360.6666666666667,0.050499977078288794,0
2040,52,3,3.0861477429743607,0.030861477429743607,0.05934899505719925,52,2,52,42,4,0.030088875872436915,434.0,81.0932999884244,4255
2041,52,3,3.056578867101881,0.03056578867101881,0.05878036282888233,52,2,52,42,3,0.02956887587242818,434.0,0.07860001642256975,0
2042,51,3,3.028625418780465,0.03028625418780465,0.05938481213295029,51,1,51,6,3,0.02795344832136948,134.0,0.07399998139590025,0
2043,51,2,2.9974911088619502,0.029974911088619504,0.05877433546788137,51,1,51,39,2,0.031134309918485314,814.0,1.5955000126268715,0
2044,51,2,2.966987339057615,0.02966987339057615,0.058176222334463026,51,1,51,40,2,0.03050376980429803,814.0,0.0737000082153827,0
2045,51,3,2.9337463446253538,0.02933746344625354,0.0575244381299089,51,3,51,51,4,0.03324099443224782,354.0,77.53720000619069,4122
2046,49,3,2.897402460511673,0.02897402460511673,0.0591306624594219,51,2,51,35,3,0.03634388411366274,384.0,0.07599999662488699,0
2047,49,3,2.86144962046205,0.0286144962046205,0.058396931029837736,49,2,49,35,3,0.03595284004961741,364.0,0.07949999417178333,0
2048,49,3,2.8254967804124256,0.028254967804124256,0.05766319960025358,49,2,49,35,3,0.03595284004963162,364.0,0.07299997378140688,0
2049,49,3,2.79399517880413,0.0279399517880413,0.05702030977151286,49,3,49,49,3,0.031501601608283636,340.6666666666667,0.07319997530430555,0
2050,49,2,2.768785936990703,0.02768785936990703,0.05650583544878986,49,2,49,49,3,0.025209241813428207,504.0,75.98629998392425,3818
2051,49,2,2.7440666951772763,0.027440666951772764,0.056001361126066865,49,2,49,49,2,0.024719241813400572,504.0,0.06089999806135893,0
2052,49,2,2.719347453363849,0.02719347453363849,0.05549688680334386,49,2,49,49,2,0.024719241813443205,504.0,0.06980000762268901,0
2053,49,2,2.6946282115504223,0.026946282115504223,0.05499241248062085,49,2,49,49,2,0.024719241813428994,504.0,0.07470001582987607,0
2054,48,2,2.673445537263313,0.02673445537263313,0.05569678202631903,48,1,48,24,2,0.021182674287118175,494.0,0.07650000043213367,0
2055,48,2,2.649458895796104,0.02649458895796104,0.0551970603290855,48,2,48,48,3,0.023986641467175218,494.0,71.10410000314005,3692
2056,48,2,2.6246307601314993,0.026246307601314994,0.054679807502739576,48,2,48,48,2,0.024828135664591855,494.0,0.07509998977184296,0
2057,48,2,2.6011241186642904,0.026011241186642903,0.05419008580550606,48,2,48,48,2,0.02350664146717918,494.0,0.07479998748749495,0
2058,48,2,2.5776174771970815,0.025776174771970816,0.05370036410827252,48,2,48,48,2,0.02350664146719339,494.0,0.07680000271648169,0
2059,48,2,2.5527893415324776,0.025527893415324777,0.0531831112819266,48,2,48,48,2,0.024828135664563433,494.0,0.07479998748749495,0
2060,48,2,2.513864122639582,0.02513864122639582,0.05237216922165796,48,0,48,0,3,0.038925218892856606,0.0,75.85319998906925,3692
2061,48,2,2.4754189037466867,0.024754189037466866,0.05157122716138931,48,1,48,22,2,0.038445218892846356,454.0,0.07619999814778566,0
2062,47,2,2.4373882331203442,0.024373882331203443,0.051859324108943484,48,0,48,0,2,0.03803067062631271,0.0,0.04710000939667225,0
2063,46,2,2.3999231337716633,0.023999231337716632,0.05217224203851443,47,0,47,0,2,0.03746509934860853,0.0,0.07350000669248402,0
2064,46,2,2.362569819264726,0.02362569819264726,0.05136021346227667,46,0,46,0,2,0.037353314506930246,0.0,0.07670000195503235,0
2065,46,2,2.3324618257626275,0.023324618257626276,0.05070569186440495,46,2,46,45,3,0.030107993502113573,474.0,70.10680000530556,3446
2066,45,2,2.302463265874945,0.02302463265874945,0.05116585035277655,46,2,46,44,2,0.029998559887673082,474.0,0.07500001811422408,0
2067,45,2,2.2732865875479464,0.022732865875479465,0.0505174797232877,45,2,45,44,2,0.02917667832701909,464.0,0.07340000593103468,0
2068,45,2,2.243475534947419,0.02243475534947419,0.04985501188772042,45,2,45,44,2,0.029811052600521748,464.0,0.08040000102482736,0
2069,45,2,2.2149730022149408,0.022149730022149407,0.04922162227144314,45,2,45,45,2,0.028502532732503028,464.0,0.0709999876562506,0
2070,45,2,2.1882957467636883,0.021882957467636882,0.04862879437252641,45,1,45,7,3,0.026677255451232895,154.0,70.38810002268292,3326
2071,45,2,2.1620684913124353,0.02162068491312435,0.04804596647360966,45,1,45,7,2,0.026227255451217957,154.0,0.07259999983943999,0
2072,45,2,2.139026767910047,0.02139026767910047,0.047533928175778825,45,2,45,45,2,0.023041723402386083,464.0,0.07479998748749495,0
2073,45,2,2.112799512458794,0.02112799512458794,0.0469511002768621,45,2,45,45,2,0.02622725545124638,464.0,0.07490001735277474,0
2074,44,2,2.0900827005582197,0.020900827005582198,0.047501879558141356,45,2,45,44,2,0.022716811900551193,464.0,0.07320000440813601,0
2075,44,2,2.0595176446230354,0.020595176446230355,0.04680721919597808,44,1,44,27,3,0.03056505593518466,554.0,59.057599981315434,3208
2076,44,2,2.02939258868785,0.020293925886878502,0.04612255883381478,44,1,44,27,2,0.030125055935172895,554.0,0.06650001159869134,0
2077,44,2,1.9992675327526654,0.019992675327526653,0.045437898471651486,44,1,44,27,2,0.030125055935187106,554.0,0.06749999010935426,0
2078,44,2,1.9691424768174808,0.019691424768174808,0.0447532381094882,44,1,44,27,2,0.030125055935172895,554.0,0.08349999552592635,0
2079,44,2,1.939017420882296,0.01939017420882296,0.04406857774732491,44,1,44,27,2,0.030125055935172895,554.0,0.06210000719875097,0
2080,44,2,1.9127643599857442,0.01912764359985744,0.04347191727240328,44,2,44,43,3,0.02625306089652213,454.0,69.97630000114441,3208
2081,44,2,1.886951299089193,0.01886951299089193,0.04288525679748166,44,2,44,43,2,0.025813060896552997,454.0,0.06929997471161187,0
2082,44,2,1.8625042142198713,0.018625042142198713,0.0423296412322698,44,2,44,44,2,0.024447084869308355,454.0,0.07079998613335192,0
2083,44,2,1.8373641413369348,0.01837364141336935,0.04175827593947579,44,2,44,44,2,0.02514007288290543,454.0,0.06839999696239829,0
2084,42,2,1.8213083107691033,0.01821308310769103,0.04336448358974055,43,1,43,6,2,0.016055830567836438,134.0,0.07090001599863172,0
2085,42,2,1.7958429173606758,0.01795842917360676,0.04275816469906371,42,2,42,42,3,0.025465393408438786,434.0,63.90060001285747,2978
2086,42,2,1.7700227924838157,0.017700227924838156,0.04214339982104323,42,2,42,42,2,0.025820124876858586,434.0,0.04119999357499182,0
2087,42,2,1.7449773990753883,0.017449773990753883,0.04154708093036639,42,2,42,42,2,0.02504539340844758,434.0,0.07270000060088933,0
2088,42,2,1.7199320056669614,0.017199320056669614,0.04095076203968955,42,2,42,42,2,0.02504539340841916,434.0,0.07039998308755457,0
2089,42,2,1.694886612258534,0.01694886612258534,0.040354443149012716,42,2,42,42,2,0.02504539340843337,434.0,0.03940000897273421,0
2090,42,2,1.6689413816623195,0.016689413816623196,0.03973669956338856,42,2,42,42,3,0.025945230596178703,434.0,65.14130000141449,2978
2091,42,2,1.64200219821402,0.0164200219821402,0.03909529043366714,42,2,42,41,2,0.026939183448291715,434.0,0.06900000153109431,0
2092,42,2,1.613255784488481,0.01613255784488481,0.0384108520116305,42,1,42,9,2,0.02874641372552844,214.0,0.06749999010935426,0
2093,40,2,1.5842379121247934,0.015842379121247932,0.03960594780311984,42,1,42,7,2,0.029017872363681363,214.0,0.06589997792616487,0
2094,40,2,1.5579153979793328,0.015579153979793328,0.038947884949483313,40,2,40,39,2,0.026322514145434184,414.0,0.06809999467805028,0
2095,39,2,1.5373308645785513,0.015373308645785512,0.039418740117398744,40,2,40,39,3,0.020584533400764826,414.0,58.62369999522343,2756
2096,39,2,1.5172453302312163,0.015172453302312164,0.03890372641618503,39,2,39,39,2,0.020085534347316525,404.0,0.04740001168102026,0
2097,38,2,1.4976009959912122,0.014976009959912122,0.03941055252608453,39,2,39,38,2,0.019644334239984573,404.0,0.04360001184977591,0
2098,38,2,1.477988720620707,0.014779887206207069,0.038894440016334395,38,2,38,38,2,0.01961227537049126,394.0,0.06549997488036752,0
2099,38,2,1.458376445250202,0.01458376445250202,0.038378327506584264,38,2,38,38,2,0.01961227537049126,394.0,0.04390001413412392,0
2100,38,2,1.4335223547691822,0.014335223547691822,0.03772427249392586,38,1,38,27,3,0.02485409048102838,554.0,59.73070001346059,2542
2101,38,2,1.4090482642881625,0.014090482642881626,0.037080217481267434,38,1,38,27,2,0.02447409048103566,554.0,0.06489999941550195,0
2102,38,2,1.384574173807143,0.01384574173807143,0.03643616246860903,38,1,38,27,2,0.024474090481007238,554.0,0.06540000322274864,0
2103,36,2,1.3640957605414494,0.013640957605414495,0.03789154890392915,37,0,37,0,2,0.020478413265706763,0.0,0.06929997471161187,0
2104,34,0,1.2546077806023341,0.012546077806023341,0.03690022884124512,36,23,36,23,0,0.10948797993913217,17.0,0.025399989681318402,0
2105,34,2,1.2365049554661598,0.012365049554661597,0.03636779280782823,34,2,34,34,3,0.018102825136182332,354.0,51.8236999923829,2138
2106,34,2,1.2187421303299852,0.012187421303299853,0.03584535677441134,34,2,34,34,2,0.017762825136159677,354.0,0.05429997690953314,0
2107,33,2,1.2013159560972275,0.012013159560972275,0.0364035138211281,34,2,34,33,2,0.017426174232738845,354.0,0.06350001785904169,0
2108,33,2,1.1839883905552981,0.011839883905552982,0.035878436077433275,33,2,33,33,2,0.017327565541961576,344.0,0.0675999908708036,0
2109,31,2,1.1695475852347075,0.011695475852347075,0.037727341459184105,32,0,32,0,2,0.014440805320575123,0.0,0.06629998097196221,0
2110,31,2,1.1513747090191833,0.011513747090191833,0.03714111964578011,31,2,31,31,3,0.01817287621553021,324.0,49.29940000874922,1856
2111,31,2,1.1335118328036593,0.011335118328036593,0.036564897832376105,31,2,31,31,2,0.017862876215517076,324.0,0.04709998029284179,0
2112,31,2,1.1156489565881353,0.011156489565881354,0.035988676018972106,31,2,31,31,2,0.017862876215545498,324.0,0.043199979700148106,0
2113,31,2,1.0977860803726114,0.010977860803726114,0.03541245420556811,31,2,31,31,2,0.017862876215531287,324.0,0.059399986639618874,0
2114,31,2,1.0799232041570872,0.010799232041570872,0.03483623239216411,31,2,31,31,2,0.017862876215517076,324.0,0.06479999865405262,0
2115,31,2,1.0544114642729534,0.010544114642729535,0.03401327304106301,31,1,31,16,3,0.025511739884109375,334.0,44.035700004315004,1856
2116,31,2,1.0292097243888194,0.010292097243888194,0.03320031368996192,31,1,31,16,2,0.025201739884124663,334.0,0.04149999585933983,0
2117,31,2,1.0040079845046856,0.010040079845046856,0.03238735433886083,31,1,31,16,2,0.025201739884110452,334.0,0.03929997910745442,0
2118,31,2,0.9788062446205518,0.009788062446205517,0.031574394987759734,31,1,31,16,2,0.025201739884110452,334.0,0.041799998143687844,0
2119,31,2,0.9536045047364179,0.009536045047364178,0.03076143563665864,31,1,31,16,2,0.025201739884124663,334.0,0.06220000796020031,0
2120,31,2,0.9370423934392995,0.009370423934392995,0.030227173981912894,31,2,31,31,3,0.016562111297119486,324.0,45.71910001686774,1856
2121,31,2,0.9207902821421813,0.009207902821421813,0.029702912327167142,31,2,31,31,2,0.016252111297106353,324.0,0.06689998554065824,0
2122,30,2,0.9047612684000861,0.009047612684000861,0.03015870894666953,31,2,31,30,2,0.01602901374208443,324.0,0.07930002175271511,0
2123,30,2,0.8890319493896771,0.008890319493896771,0.029634398312989235,30,2,30,30,2,0.015729319010389986,314.0,0.06549997488036752,0
2124,30,2,0.8733026303792681,0.008733026303792682,0.02911008767930894,30,2,30,30,2,0.015729319010404197,314.0,0.08289999095723033,0
2125,30,2,0.8560489360093769,0.00856048936009377,0.0285349645336459,30,2,30,30,3,0.017253694369884442,314.0,46.238599985372275,1766
2126,30,2,0.8390952416394859,0.00839095241639486,0.027969841387982867,30,2,30,30,2,0.016953694369874484,314.0,0.06940000457689166,0
2127,30,2,0.8221415472695948,0.008221415472695948,0.02740471824231983,30,2,30,30,2,0.016953694369888694,314.0,0.06229997961781919,0
2128,30,2,0.8051878528997036,0.008051878528997036,0.02683959509665679,30,2,30,30,2,0.016953694369874484,314.0,0.06059999577701092,0
2129,29,2,0.7886166788617094,0.007886166788617094,0.027193678581438258,30,2,30,29,2,0.0165711740379777,314.0,0.03880000440403819,0
2130,28,1,0.7721271393494015,0.007721271393494014,0.02757596926247862,29,1,29,28,2,0.016489539512292595,594.0,43.78259999793954,1652
2131,28,1,0.7559978208926372,0.007559978208926372,0.026999922174737047,28,1,28,28,1,0.016129318456748365,574.0,0.04060001811012626,0
2132,27,1,0.7427444174083315,0.0074274441740833155,0.02750905249660487,27,0,27,0,1,0.013253403484284831,0.0,0.03779999678954482,0
2133,26,0,0.655630005854287,0.0065563000585428695,0.025216538686703347,27,18,27,18,0,0.08711441155406874,17.0,0.017099984688684344,0
2134,24,0,0.5648209853991657,0.005648209853991657,0.02353420772496524,26,14,26,14,0,0.09080902045512573,17.0,0.015400000847876072,0
2135,24,1,0.550937772640844,0.00550937772640844,0.022955740526701834,24,1,24,24,2,0.013883212758329933,494.0,35.34060000674799,1247
2136,23,1,0.5410692021811974,0.005410692021811974,0.02352474792092162,23,0,23,0,1,0.009868570459630632,0.0,0.04080001963302493,0
2137,23,0,0.4539887667307847,0.004539887667307847,0.01973864203177325,23,13,23,13,0,0.08708043545041733,17.0,0.016600009985268116,0
2138,19,0,0.37987236645242756,0.0037987236645242754,0.019993282444864608,23,13,23,13,0,0.07411640027837052,17.0,0.024200009647756815,0
2139,18,0,0.3090352856247141,0.003090352856247141,0.017168626979150784,19,12,19,12,0,0.07083708082772944,17.0,0.023499975213781,0
2140,18,1,0.29721872987430153,0.0029721872987430154,0.01651215165968342,18,1,18,18,2,0.011816555750371549,374.0,27.00950001599267,827
2141,18,1,0.2840728565972139,0.0028407285659721388,0.01578182536651188,18,1,18,18,1,0.013145873277096598,374.0,0.05259999306872487,0
2142,17,1,0.27424135373716646,0.0027424135373716645,0.01613184433748038,17,0,17,0,1,0.009831502860023988,0.0,0.05240002064965665,0
2143,17,0,0.20645468010476203,0.00206454680104762,0.012144392947338944,17,12,17,12,0,0.06778667363238355,17.0,0.02269999822601676,0
2144,14,0,0.14374060956828227,0.0014374060956828228,0.01026718639773445,17,10,17,10,0,0.06271407053648659,17.0,0.016999983927235007,0
2145,14,1,0.13391352398325043,0.0013391352398325043,0.009565251713089317,14,1,14,14,2,0.009827085585044415,294.0,22.046900005079806,587
2146,13,1,0.12816405548875812,0.001281640554887581,0.00985877349913524,13,0,13,0,1,0.0057494684944856544,0.0,0.051799986977130175,0
2147,11,0,0.09190690162310111,0.0009190690162310111,0.008355172874827373,13,9,13,9,0,0.03625715386566242,17.0,0.02500001573935151,0
2148,8,0,0.07427762752866507,0.0007427762752866507,0.009284703441083134,11,8,11,8,0,0.017629274094431935,17.0,0.022499996703118086,0
2149,8,0,0.061395497915458966,0.0006139549791545897,0.007674437239432372,8,8,8,8,0,0.01288212961321733,17.0,0.022599997464567423,0
2150,8,1,0.05585084584653088,0.0005585084584653088,0.006981355730816361,8,1,8,8,2,0.005544652068934397,174.0,11.299600009806454,287
2151,8,1,0.05038619377760279,0.0005038619377760279,0.00629827422220035,8,1,8,8,1,0.005464652068909004,174.0,0.03329999162815511,0
2152,7,1,0.046875606993256144,0.00046875606993256145,0.006696515284750877,7,0,7,0,1,0.0035105867843583383,0.0,0.030800001695752144,0
2153,5,0,0.03782800549543332,0.0003782800549543332,0.007565601099086665,7,5,7,5,0,0.009047601497812252,17.0,0.04260000423528254,0
2154,5,0,0.03052836203984418,0.0003052836203984418,0.006105672407968836,5,5,5,5,0,0.007299643455596083,17.0,0.03489997470751405,0
2155,5,1,0.027710553040658944,0.00027710553040658946,0.005542110608131789,5,1,5,5,2,0.0028178089991826027,114.0,8.67790001211688,164
2156,5,1,0.024942744041473706,0.00024942744041473705,0.004988548808294741,5,1,5,5,1,0.002767808999180943,114.0,0.04069998976774514,0
2157,5,1,0.022174935042288468,0.00022174935042288467,0.004434987008457693,5,1,5,5,1,0.002767808999166732,114.0,0.04230000195093453,0
2158,4,1,0.020650383141476505,0.00020650383141476505,0.005162595785369126,4,0,4,0,1,0.0015245519008004749,0.0,0.03809999907389283,0
2159,4,0,0.014110171416004883,0.00014110171416004884,0.0035275428540012207,4,4,4,4,0,0.006540211725464928,17.0,0.035699980799108744,0
2160,4,1,0.011040077052341054,0.00011040077052341054,0.002760019263085264,4,1,4,4,2,0.003070094363692988,94.0,5.927700025495142,127
2161,3,1,0.009553116849553818,9.553116849553818e-05,0.003184372283184606,3,0,3,0,1,0.0014869602027829387,0.0,0.041799998143687844,0
2162,3,0,0.004219521286253719,4.219521286253719e-05,0.0014065070954179064,3,3,3,3,0,0.005333595563286053,17.0,0.02269999822601676,0
2163,1,0,0.0013388117050061633,1.3388117050061634e-05,0.0013388117050061633,3,1,3,1,0,0.0028807095812624084,17.0,0.02099998528137803,0
2164,0,0,0.0,0.0,0.0,1,0,1,0,0,0.001338811704997056,0.0,0.022499996703118086,0
