round,alive_nodes,num_ch,total_residual_energy,mean_residual_energy_all,mean_residual_energy_alive,packets_sent,packets_received_bs,readings_attempted,readings_delivered,control_packets,energy_consumed_round,mean_latency_ms,setup_time_ms,ops_count
0,50,2,49.97659781798389,0.9995319563596777,0.9995319563596777,50,2,50,50,3,0.02340218201611947,514.0,,3405
1,50,2,49.953195635967774,0.9990639127193555,0.9990639127193555,50,2,50,50,3,0.023402182016119485,514.0,,3410
2,50,2,49.92979345395165,0.9985958690790331,0.9985958690790331,50,2,50,50,3,0.023402182016119426,514.0,,3410
3,50,2,49.90639127193554,0.9981278254387108,0.9981278254387108,50,2,50,50,3,0.023402182016119377,514.0,,3409
4,50,2,49.882989089919434,0.9976597817983887,0.9976597817983887,50,2,50,50,3,0.023402182016119377,514.0,,3409
5,50,2,49.85958690790333,0.9971917381580666,0.9971917381580666,50,2,50,50,3,0.02340218201611932,514.0,,3409
6,50,2,49.8361847258872,0.996723694517744,0.996723694517744,50,2,50,50,3,0.023402182016119516,514.0,,3409
7,50,2,49.812782543871094,0.9962556508774218,0.9962556508774218,50,2,50,50,3,0.023402182016119683,514.0,,3409
8,50,2,49.78938036185498,0.9957876072370996,0.9957876072370996,50,2,50,50,3,0.023402182016119683,514.0,,3409
9,50,2,49.765978179838854,0.9953195635967771,0.9953195635967771,50,2,50,50,3,0.023402182016119683,514.0,,3409
10,50,2,49.74257599782274,0.9948515199564548,0.9948515199564548,50,2,50,50,3,0.023402182016119738,514.0,,3409
11,50,2,49.719173815806634,0.9943834763161327,0.9943834763161327,50,2,50,50,3,0.023402182016119766,514.0,,3409
12,50,2,49.69577163379052,0.9939154326758104,0.9939154326758104,50,2,50,50,3,0.023402182016119655,514.0,,3409
13,50,2,49.672369451774415,0.9934473890354883,0.9934473890354883,50,2,50,50,3,0.023402182016119655,514.0,,3409
14,50,2,49.648967269758295,0.9929793453951659,0.9929793453951659,50,2,50,50,3,0.023402182016119655,514.0,,3409
15,50,2,49.62556508774218,0.9925113017548436,0.9925113017548436,50,2,50,50,3,0.02340218201611971,514.0,,3409
16,50,2,49.60216290572607,0.9920432581145213,0.9920432581145213,50,2,50,50,3,0.023402182016119766,514.0,,3409
17,50,2,49.57876072370995,0.9915752144741989,0.9915752144741989,50,2,50,50,3,0.023402182016119655,514.0,,3409
18,50,2,49.555358541693835,0.9911071708338767,0.9911071708338767,50,2,50,50,3,0.023402182016119655,514.0,,3409
19,50,2,49.53195635967772,0.9906391271935544,0.9906391271935544,50,2,50,50,3,0.023402182016119766,514.0,,3409
20,50,2,49.508554177661615,0.9901710835532324,0.9901710835532324,50,2,50,50,3,0.02340218201611971,514.0,,3409
21,50,2,49.4851519956455,0.9897030399129101,0.9897030399129101,50,2,50,50,3,0.023402182016119766,514.0,,3409
22,50,2,49.46174981362938,0.9892349962725876,0.9892349962725876,50,2,50,50,3,0.023402182016119766,514.0,,3409
23,50,2,49.43834763161327,0.9887669526322653,0.9887669526322653,50,2,50,50,3,0.023402182016119766,514.0,,3409
24,50,2,49.41494544959716,0.9882989089919433,0.9882989089919433,50,2,50,50,3,0.023402182016119766,514.0,,3409
25,50,2,49.391543267581035,0.9878308653516207,0.9878308653516207,50,2,50,50,3,0.023402182016119877,514.0,,3409
26,50,2,49.36814108556493,0.9873628217112986,0.9873628217112986,50,2,50,50,3,0.023402182016118322,514.0,,3408
27,50,2,49.344738903548816,0.9868947780709764,0.9868947780709764,50,2,50,50,3,0.023402182016118434,514.0,,3408
28,50,2,49.3213367215327,0.9864267344306541,0.9864267344306541,50,2,50,50,3,0.023402182016118434,514.0,,3408
29,50,2,49.29793453951658,0.9859586907903316,0.9859586907903316,50,2,50,50,3,0.023402182016118434,514.0,,3407
30,50,2,49.27453235750047,0.9854906471500093,0.9854906471500093,50,2,50,50,3,0.023402182016118545,514.0,,3407
31,50,2,49.25113017548436,0.9850226035096873,0.9850226035096873,50,2,50,50,3,0.023402182016118434,514.0,,3407
32,50,2,49.22772799346825,0.984554559869365,0.984554559869365,50,2,50,50,3,0.023402182016118878,514.0,,3406
33,50,2,49.20432581145214,0.9840865162290428,0.9840865162290428,50,2,50,50,3,0.023402182016118767,514.0,,3406
34,50,2,49.180923629436016,0.9836184725887204,0.9836184725887204,50,2,50,50,3,0.023402182016118656,514.0,,3406
35,50,2,49.1575214474199,0.9831504289483981,0.9831504289483981,50,2,50,50,3,0.023402182016118878,514.0,,3406
36,50,2,49.13411926540379,0.9826823853080758,0.9826823853080758,50,2,50,50,3,0.023402182016118767,514.0,,3406
37,50,2,49.110717083387684,0.9822143416677537,0.9822143416677537,50,2,50,50,3,0.023402182016118767,514.0,,3406
38,50,2,49.087314901371556,0.9817462980274311,0.9817462980274311,50,2,50,50,3,0.023402182016118767,514.0,,3406
39,50,2,49.06391271935544,0.9812782543871088,0.9812782543871088,50,2,50,50,3,0.023402182016118878,514.0,,3406
40,50,2,49.04051053733934,0.9808102107467868,0.9808102107467868,50,2,50,50,3,0.023402182016118767,514.0,,3405
41,50,2,49.01710835532322,0.9803421671064644,0.9803421671064644,50,2,50,50,3,0.023402182016118767,514.0,,3405
42,50,2,48.9937061733071,0.9798741234661421,0.9798741234661421,50,2,50,50,3,0.023402182016118878,514.0,,3405
43,50,2,48.970303991291,0.97940607982582,0.97940607982582,50,2,50,50,3,0.023402182016118545,514.0,,3405
44,50,2,48.946901809274884,0.9789380361854977,0.9789380361854977,50,2,50,50,3,0.023402182016118545,514.0,,3405
45,50,2,48.92349962725877,0.9784699925451754,0.9784699925451754,50,2,50,50,3,0.023402182016118545,514.0,,3405
46,50,2,48.90009744524265,0.978001948904853,0.978001948904853,50,2,50,50,3,0.0234021820161181,514.0,,3405
47,50,2,48.87669526322654,0.9775339052645308,0.9775339052645308,50,2,50,50,3,0.02340218201611899,514.0,,3405
48,50,2,48.853293081210424,0.9770658616242085,0.9770658616242085,50,2,50,50,3,0.023402182016118545,514.0,,3405
49,50,2,48.829890899194304,0.9765978179838861,0.9765978179838861,50,2,50,50,3,0.023402182016118545,514.0,,3405
50,50,2,48.8064887171782,0.976129774343564,0.976129774343564,50,2,50,50,3,0.023402182016118322,514.0,,3405
51,50,2,48.783086535162084,0.9756617307032417,0.9756617307032417,50,2,50,50,3,0.02340218201611899,514.0,,3405
52,50,2,48.75968435314598,0.9751936870629195,0.9751936870629195,50,2,50,50,3,0.023402182016118322,514.0,,3405
53,50,2,48.73628217112986,0.9747256434225972,0.9747256434225972,50,2,50,50,3,0.023402182016118767,514.0,,3405
54,50,2,48.71287998911374,0.9742575997822748,0.9742575997822748,50,2,50,50,3,0.023402182016118322,514.0,,3405
55,50,2,48.68947780709763,0.9737895561419526,0.9737895561419526,50,2,50,50,3,0.023402182016118322,514.0,,3405
56,50,2,48.66607562508152,0.9733215125016303,0.9733215125016303,50,2,50,50,3,0.02340218201611899,514.0,,3405
57,50,2,48.64267344306539,0.9728534688613079,0.9728534688613079,50,2,50,50,3,0.023402182016118322,514.0,,3405
58,50,2,48.61927126104928,0.9723854252209856,0.9723854252209856,50,2,50,50,3,0.023402182016118545,514.0,,3405
59,50,2,48.59586907903318,0.9719173815806635,0.9719173815806635,50,2,50,50,3,0.023402182016118545,514.0,,3405
60,50,2,48.572466897017065,0.9714493379403413,0.9714493379403413,50,2,50,50,3,0.02340218201611899,514.0,,3405
61,50,2,48.549064715000945,0.9709812943000189,0.9709812943000189,50,2,50,50,3,0.0234021820161181,514.0,,3405
62,50,2,48.52566253298483,0.9705132506596966,0.9705132506596966,50,2,50,50,3,0.023402182016118767,514.0,,3405
63,50,2,48.50226035096872,0.9700452070193744,0.9700452070193744,50,2,50,50,3,0.023402182016118322,514.0,,3405
64,50,2,48.478858168952605,0.9695771633790521,0.9695771633790521,50,2,50,50,3,0.0234021820161181,514.0,,3405
65,50,2,48.455455986936485,0.9691091197387297,0.9691091197387297,50,2,50,50,3,0.023402182016117656,514.0,,3405
66,50,2,48.43205380492037,0.9686410760984074,0.9686410760984074,50,2,50,50,3,0.02340218201611788,514.0,,3405
67,50,2,48.40865162290426,0.9681730324580852,0.9681730324580852,50,2,50,50,3,0.02340218201611788,514.0,,3405
68,50,2,48.38524944088815,0.967704988817763,0.967704988817763,50,2,50,50,3,0.0234021820161181,514.0,,3405
69,50,2,48.36184725887204,0.9672369451774407,0.9672369451774407,50,2,50,50,3,0.02340218201611788,514.0,,3405
70,50,2,48.33844507685592,0.9667689015371184,0.9667689015371184,50,2,50,50,3,0.023402182016117656,514.0,,3405
71,50,2,48.315042894839806,0.9663008578967961,0.9663008578967961,50,2,50,50,3,0.02340218201611788,514.0,,3405
72,50,2,48.29164071282369,0.9658328142564738,0.9658328142564738,50,2,50,50,3,0.023402182016118322,514.0,,3405
73,50,2,48.26823853080757,0.9653647706161514,0.9653647706161514,50,2,50,50,3,0.023402182016117434,514.0,,3405
74,50,2,48.24483634879146,0.9648967269758292,0.9648967269758292,50,2,50,50,3,0.023402182016117656,514.0,,3405
75,50,2,48.221434166775346,0.9644286833355069,0.9644286833355069,50,2,50,50,3,0.023402182016118322,514.0,,3405
76,50,2,48.19803198475923,0.9639606396951846,0.9639606396951846,50,2,50,50,3,0.02340218201611788,514.0,,3405
77,50,2,48.17462980274312,0.9634925960548624,0.9634925960548624,50,2,50,50,3,0.023402182016117656,514.0,,3405
78,50,2,48.15122762072701,0.9630245524145402,0.9630245524145402,50,2,50,50,3,0.02340218201611788,514.0,,3405
79,50,2,48.127825438710886,0.9625565087742177,0.9625565087742177,50,2,50,50,3,0.0234021820161181,514.0,,3405
80,50,2,48.10442325669477,0.9620884651338955,0.9620884651338955,50,2,50,50,3,0.02340218201611788,514.0,,3405
81,50,2,48.08102107467867,0.9616204214935733,0.9616204214935733,50,2,50,50,3,0.02340218201611788,514.0,,3405
82,50,2,48.05761889266254,0.9611523778532508,0.9611523778532508,50,2,50,50,3,0.023402182016117656,514.0,,3405
83,50,2,48.034216710646426,0.9606843342129285,0.9606843342129285,50,2,50,50,3,0.0234021820161181,514.0,,3405
84,50,2,48.01081452863032,0.9602162905726064,0.9602162905726064,50,2,50,50,3,0.023402182016117434,514.0,,3405
85,50,2,47.9874123466142,0.959748246932284,0.959748246932284,50,2,50,50,3,0.0234021820161181,514.0,,3405
86,50,2,47.964010164598086,0.9592802032919617,0.9592802032919617,50,2,50,50,3,0.023402182016117656,514.0,,3405
87,50,2,47.940607982581966,0.9588121596516394,0.9588121596516394,50,2,50,50,3,0.023402182016117656,514.0,,3405
88,50,2,47.91720580056585,0.9583441160113171,0.9583441160113171,50,2,50,50,3,0.023402182016117656,514.0,,3405
89,50,2,47.89380361854973,0.9578760723709947,0.9578760723709947,50,2,50,50,3,0.0234021820161181,514.0,,3405
90,50,2,47.87040143653362,0.9574080287306724,0.9574080287306724,50,2,50,50,3,0.023402182016117656,514.0,,3405
91,50,2,47.846999254517506,0.9569399850903502,0.9569399850903502,50,2,50,50,3,0.023402182016117656,514.0,,3405
92,50,2,47.82359707250139,0.9564719414500279,0.9564719414500279,50,2,50,50,3,0.0234021820161181,514.0,,3405
93,50,2,47.80019489048527,0.9560038978097054,0.9560038978097054,50,2,50,50,3,0.023402182016117212,514.0,,3405
94,50,2,47.77679270846916,0.9555358541693831,0.9555358541693831,50,2,50,50,3,0.023402182016117656,514.0,,3405
95,50,2,47.753390526453046,0.9550678105290609,0.9550678105290609,50,2,50,50,3,0.023402182016118545,514.0,,3405
96,50,2,47.72998834443693,0.9545997668887387,0.9545997668887387,50,2,50,50,3,0.023402182016117212,514.0,,3405
97,50,2,47.70658616242082,0.9541317232484164,0.9541317232484164,50,2,50,50,3,0.023402182016117656,514.0,,3405
98,50,2,47.683183980404706,0.9536636796080942,0.9536636796080942,50,2,50,50,3,0.0234021820161181,514.0,,3405
99,49,2,47.66514458538058,0.9533028917076116,0.972758052762869,49,1,49,5,3,0.018039395024124882,114.0,,3405
100,49,2,47.64207707543677,0.9528415415087353,0.9722872872538114,49,2,49,49,3,0.02306750994382245,504.0,,3276
101,49,2,47.619009565492945,0.9523801913098588,0.971816521744754,49,2,49,49,3,0.02306750994382334,504.0,,3280
102,49,2,47.59594205554912,0.9519188411109825,0.9713457562356964,49,2,49,49,3,0.023067509943822895,504.0,,3280
103,49,2,47.57287454560531,0.9514574909121062,0.970874990726639,49,2,49,49,3,0.02306750994382334,504.0,,3280
104,49,2,47.54980703566149,0.9509961407132298,0.9704042252175814,49,2,49,49,3,0.02306750994382334,504.0,,3279
105,49,2,47.52673952571767,0.9505347905143534,0.9699334597085238,49,2,49,49,3,0.023067509943822895,504.0,,3279
106,49,2,47.503672015773844,0.9500734403154769,0.9694626941994664,49,2,49,49,3,0.02306750994382245,504.0,,3279
107,49,2,47.48060450583004,0.9496120901166007,0.9689919286904087,49,2,49,49,3,0.023067509943823783,504.0,,3279
108,49,2,47.457536995886215,0.9491507399177244,0.9685211631813513,49,2,49,49,3,0.02306750994382334,504.0,,3279
109,49,2,47.4344694859424,0.948689389718848,0.9680503976722937,49,2,49,49,3,0.023067509943822895,504.0,,3279
110,49,2,47.41140197599857,0.9482280395199715,0.9675796321632362,49,2,49,49,3,0.023067509943822895,504.0,,3279
111,49,2,47.38833446605475,0.947766689321095,0.9671088666541787,49,2,49,49,3,0.023067509943822895,504.0,,3279
112,49,2,47.36526695611094,0.9473053391222188,0.9666381011451212,49,2,49,49,3,0.02306750994382334,504.0,,3279
113,49,2,47.34219944616712,0.9468439889233424,0.9661673356360637,49,2,49,49,3,0.023067509943822895,504.0,,3279
114,49,2,47.31913193622329,0.9463826387244658,0.9656965701270059,49,2,49,49,3,0.023067509943822895,504.0,,3279
115,49,2,47.296064426279486,0.9459212885255898,0.9652258046179487,49,2,49,49,3,0.023067509943823783,504.0,,3279
116,49,2,47.27299691633567,0.9454599383267134,0.9647550391088912,49,2,49,49,3,0.023067509943822895,504.0,,3279
117,49,2,47.24992940639184,0.9449985881278369,0.9642842735998337,49,2,49,49,3,0.023067509943822895,504.0,,3279
118,49,2,47.22686189644803,0.9445372379289606,0.963813508090776,49,2,49,49,3,0.023067509943822895,504.0,,3278
119,49,2,47.20379438650421,0.9440758877300841,0.9633427425817185,49,2,49,49,3,0.02306750994382334,504.0,,3276
120,49,2,47.180726876560385,0.9436145375312077,0.962871977072661,49,2,49,49,3,0.02306750994382334,504.0,,3276
121,49,2,47.15765936661657,0.9431531873323314,0.9624012115636034,49,2,49,49,3,0.023067509943822895,504.0,,3276
122,49,2,47.13459185667275,0.942691837133455,0.9619304460545459,49,2,49,49,3,0.023067509943822895,504.0,,3276
123,49,2,47.11152434672893,0.9422304869345786,0.9614596805454884,49,2,49,49,3,0.02306750994382334,504.0,,3276
124,49,2,47.08845683678511,0.9417691367357023,0.9609889150364309,49,2,49,49,3,0.02306750994382334,504.0,,3276
125,49,2,47.06538932684129,0.9413077865368258,0.9605181495273732,49,2,49,49,3,0.023067509943822895,504.0,,3276
126,49,2,47.04232181689748,0.9408464363379495,0.9600473840183157,49,2,49,49,3,0.023067509943822895,504.0,,3276
127,49,2,47.01925430695366,0.9403850861390732,0.9595766185092585,49,2,49,49,3,0.023067509943822895,504.0,,3276
128,49,2,46.996186797009834,0.9399237359401966,0.9591058530002007,49,2,49,49,3,0.02306750994382467,504.0,,3276
129,49,2,46.97311928706603,0.9394623857413206,0.9586350874911432,49,2,49,49,3,0.023067509943824227,504.0,,3276
130,49,2,46.95005177712219,0.9390010355424439,0.9581643219820857,49,2,49,49,3,0.023067509943824227,504.0,,3276
131,49,2,46.926984267178376,0.9385396853435676,0.9576935564730282,49,2,49,49,3,0.023067509943825115,504.0,,3276
132,49,2,46.90391675723456,0.9380783351446912,0.9572227909639707,49,2,49,49,3,0.023067509943824227,504.0,,3276
133,49,2,46.88084924729074,0.9376169849458148,0.9567520254549131,49,2,49,49,3,0.023067509943824227,504.0,,3276
134,49,2,46.857781737346926,0.9371556347469385,0.9562812599458554,49,2,49,49,3,0.023067509943824227,504.0,,3276
135,49,2,46.83471422740311,0.9366942845480623,0.9558104944367982,49,2,49,49,3,0.02306750994382467,504.0,,3276
136,49,2,46.811646717459276,0.9362329343491855,0.9553397289277407,49,2,49,49,3,0.02306750994382467,504.0,,3276
137,49,2,46.788579207515475,0.9357715841503095,0.954868963418683,49,2,49,49,3,0.023067509943824227,504.0,,3276
138,49,2,46.765511697571654,0.9353102339514331,0.9543981979096254,49,2,49,49,3,0.023067509943824227,504.0,,3276
139,49,2,46.742444187627825,0.9348488837525565,0.953927432400568,49,2,49,49,3,0.02306750994382467,504.0,,3276
140,49,2,46.719376677684025,0.9343875335536805,0.9534566668915104,49,2,49,49,3,0.02306750994382467,504.0,,3276
141,49,2,46.69630916774019,0.9339261833548038,0.9529859013824529,49,2,49,49,3,0.023067509943824227,504.0,,3276
142,49,2,46.673241657796375,0.9334648331559275,0.9525151358733954,49,2,49,49,3,0.023067509943824227,504.0,,3276
143,49,2,46.65017414785255,0.933003482957051,0.9520443703643379,49,2,49,49,3,0.023067509943824227,504.0,,3275
144,49,2,46.62710663790874,0.9325421327581748,0.9515736048552804,49,2,49,49,3,0.02306750994382467,504.0,,3275
145,49,2,46.60403912796491,0.9320807825592982,0.9511028393462226,49,2,49,49,3,0.023067509943824227,504.0,,3275
146,49,2,46.5809716180211,0.9316194323604221,0.9506320738371654,49,2,49,49,3,0.02306750994382467,504.0,,3275
147,49,2,46.55790410807728,0.9311580821615456,0.9501613083281077,49,2,49,49,3,0.02306750994382467,504.0,,3275
148,49,2,46.53483659813347,0.9306967319626693,0.9496905428190503,49,2,49,49,3,0.023067509943824227,504.0,,3275
149,49,2,46.511769088189645,0.930235381763793,0.9492197773099927,49,2,49,49,3,0.023067509943824227,504.0,,3275
150,49,2,46.48870157824582,0.9297740315649164,0.9487490118009352,49,2,49,49,3,0.023067509943824227,504.0,,3275
151,49,2,46.46563406830201,0.9293126813660402,0.9482782462918777,49,2,49,49,3,0.02306750994382467,504.0,,3275
152,49,2,46.44256655835819,0.9288513311671638,0.94780748078282,49,2,49,49,3,0.02306750994382467,504.0,,3275
153,49,2,46.41949904841437,0.9283899809682875,0.9473367152737626,49,2,49,49,3,0.023067509943824227,504.0,,3275
154,49,2,46.39643153847055,0.927928630769411,0.946865949764705,49,2,49,49,3,0.023067509943823783,504.0,,3275
155,49,2,46.37336402852673,0.9274672805705346,0.9463951842556474,49,2,49,49,3,0.023067509943825115,504.0,,3275
156,49,2,46.35029651858291,0.9270059303716581,0.94592441874659,49,2,49,49,3,0.02306750994382467,504.0,,3275
157,49,2,46.327229008639094,0.9265445801727819,0.9454536532375325,49,2,49,49,3,0.023067509943824227,504.0,,3275
158,49,2,46.30416149869527,0.9260832299739055,0.9449828877284749,49,2,49,49,3,0.023067509943824227,504.0,,3275
159,49,2,46.28109398875145,0.925621879775029,0.9445121222194174,49,2,49,49,3,0.023067509943824227,504.0,,3275
160,49,2,46.258026478807636,0.9251605295761527,0.94404135671036,49,2,49,49,3,0.02306750994382467,504.0,,3275
161,49,2,46.234958968863815,0.9246991793772763,0.9435705912013024,49,2,49,49,3,0.023067509943824227,504.0,,3275
162,49,2,46.21189145891999,0.9242378291783999,0.943099825692245,49,2,49,49,3,0.023067509943824227,504.0,,3275
163,49,2,46.18882394897618,0.9237764789795235,0.9426290601831874,49,2,49,49,3,0.023067509943825115,504.0,,3275
164,49,2,46.16575643903236,0.9233151287806471,0.9421582946741297,49,2,49,49,3,0.02306750994382467,504.0,,3275
165,49,2,46.142688929088536,0.9228537785817708,0.9416875291650721,49,2,49,49,3,0.023067509943823783,504.0,,3275
166,49,2,46.11962141914472,0.9223924283828944,0.9412167636560147,49,2,49,49,3,0.023067509943824227,504.0,,3275
167,49,2,46.0965539092009,0.921931078184018,0.9407459981469573,49,2,49,49,3,0.02306750994382467,504.0,,3275
168,49,2,46.073486399257085,0.9214697279851417,0.9402752326378997,49,2,49,49,3,0.02306750994382467,504.0,,3275
169,49,2,46.05041888931327,0.9210083777862654,0.9398044671288421,49,2,49,49,3,0.023067509943826447,504.0,,3275
170,49,2,46.02735137936944,0.9205470275873888,0.9393337016197847,49,2,49,49,3,0.023067509943826447,504.0,,3275
171,49,2,46.004283869425635,0.9200856773885127,0.9388629361107271,49,2,49,49,3,0.023067509943827336,504.0,,3275
172,49,2,45.98121635948181,0.9196243271896363,0.9383921706016697,49,2,49,49,3,0.023067509943826447,504.0,,3275
173,49,2,45.95814884953799,0.9191629769907599,0.9379214050926121,49,2,49,49,3,0.02306750994382689,504.0,,3275
174,49,2,45.93508133959417,0.9187016267918834,0.9374506395835543,49,2,49,49,3,0.02306750994382778,504.0,,3275
175,49,2,45.91201382965035,0.918240276593007,0.9369798740744969,49,2,49,49,3,0.023067509943826003,504.0,,3275
176,49,2,45.888946319706534,0.9177789263941307,0.9365091085654393,49,2,49,49,3,0.02306750994382689,504.0,,3275
177,49,2,45.86587880976271,0.9173175761952542,0.9360383430563818,49,2,49,49,3,0.02306750994382689,504.0,,3275
178,49,2,45.842811299818884,0.9168562259963777,0.9355675775473243,49,2,49,49,3,0.02306750994382689,504.0,,3275
179,49,2,45.819743789875076,0.9163948757975016,0.9350968120382667,49,2,49,49,3,0.02306750994382689,504.0,,3275
180,49,2,45.79667627993126,0.9159335255986253,0.9346260465292093,49,2,49,49,3,0.02306750994382689,504.0,,3275
181,49,2,45.773608769987426,0.9154721753997486,0.9341552810201517,49,2,49,49,3,0.02306750994382689,504.0,,3275
182,49,2,45.75054126004362,0.9150108252008724,0.9336845155110941,49,2,49,49,3,0.02306750994382778,504.0,,3275
183,49,2,45.72747375009979,0.9145494750019958,0.9332137500020365,49,2,49,49,3,0.02306750994382689,504.0,,3275
184,49,2,45.70440624015597,0.9140881248031194,0.9327429844929791,49,2,49,49,3,0.02306750994382689,504.0,,3275
185,49,2,45.68133873021215,0.9136267746042429,0.9322722189839213,49,2,49,49,3,0.02306750994382689,504.0,,3275
186,49,2,45.658271220268325,0.9131654244053665,0.931801453474864,49,2,49,49,3,0.023067509943826003,504.0,,3275
187,49,2,45.63520371032451,0.9127040742064902,0.9313306879658062,49,2,49,49,3,0.02306750994382689,504.0,,3275
188,49,2,45.61213620038069,0.9122427240076137,0.9308599224567488,49,2,49,49,3,0.02306750994382689,504.0,,3275
189,49,2,45.58906869043687,0.9117813738087374,0.9303891569476912,49,2,49,49,3,0.023067509943826003,504.0,,3275
190,49,2,45.56600118049305,0.9113200236098611,0.9299183914386336,49,2,49,49,3,0.02306750994382689,504.0,,3275
191,49,2,45.54293367054923,0.9108586734109846,0.9294476259295762,49,2,49,49,3,0.02306750994382689,504.0,,3275
192,49,2,45.5198661606054,0.9103973232121081,0.9289768604205185,49,2,49,49,3,0.02306750994382689,504.0,,3275
193,49,2,45.496798650661596,0.9099359730132319,0.9285060949114612,49,2,49,49,3,0.02306750994382689,504.0,,3275
194,49,2,45.47373114071776,0.9094746228143552,0.9280353294024034,49,2,49,49,3,0.02306750994382689,504.0,,3275
195,49,2,45.45066363077395,0.909013272615479,0.927564563893346,49,2,49,49,3,0.02306750994382689,504.0,,3275
196,49,2,45.42759612083013,0.9085519224166027,0.9270937983842884,49,2,49,49,3,0.02306750994382689,504.0,,3273
197,49,2,45.40452861088631,0.9080905722177262,0.9266230328752308,49,2,49,49,3,0.02306750994382689,504.0,,3274
198,49,2,45.38146110094249,0.9076292220188498,0.9261522673661732,49,2,49,49,3,0.02306750994382689,504.0,,3276
199,48,2,45.36344934543539,0.9072689869087078,0.9450718613632372,48,1,48,5,3,0.018011755507118643,114.0,,3276
200,48,2,45.34025596824648,0.9068051193649296,0.944588666005135,48,2,48,48,3,0.023193377188901465,494.0,,3161
201,48,2,45.31838184326803,0.9063676368653606,0.9441329550680838,48,2,48,48,3,0.021874124978466192,494.0,,3161
202,48,2,45.29650956177878,0.9059301912355755,0.9436772825370578,48,2,48,48,3,0.021872281489261347,494.0,,3164
203,48,2,45.27487923604394,0.9054975847208787,0.9432266507509155,48,2,48,48,3,0.02163032573483825,494.0,,3163
204,48,2,45.25326604692917,0.9050653209385834,0.942776375977691,48,2,48,48,3,0.021613189114769504,494.0,,3163
205,48,2,45.23135386038547,0.9046270772077094,0.9423198720913638,48,2,48,48,3,0.02191218654371685,494.0,,3163
206,48,2,45.209441673841745,0.9041888334768349,0.9418633682050364,48,2,48,48,3,0.02191218654371685,494.0,,3162
207,48,2,45.18752948729803,0.9037505897459606,0.9414068643187091,48,2,48,48,3,0.021912186543718626,494.0,,3161
208,48,2,45.16561730075431,0.9033123460150863,0.9409503604323817,48,2,48,48,3,0.021912186543717738,494.0,,3161
209,48,2,45.14370511421061,0.9028741022842123,0.9404938565460542,48,2,48,48,3,0.021912186543717738,494.0,,3161
210,48,2,45.1217929276669,0.9024358585533381,0.940037352659727,48,2,48,48,3,0.02191218654371685,494.0,,3159
211,48,2,45.09988074112319,0.9019976148224638,0.9395808487733998,48,2,48,48,3,0.021912186543718626,494.0,,3159
212,48,2,45.07819274137784,0.9015638548275569,0.9391290154453715,48,2,48,48,3,0.02168799974535407,494.0,,3157
213,48,2,45.056729838907266,0.9011345967781453,0.9386818716439015,48,2,48,48,3,0.021462902470569034,494.0,,3157
214,48,2,45.03499911470797,0.9006999822941595,0.9382291482230828,48,2,48,48,3,0.02173072419930211,494.0,,3157
215,48,2,45.013496469998316,0.9002699293999663,0.9377811764582983,48,2,48,48,3,0.02150264470966512,494.0,,3158
216,48,2,44.991969342419054,0.899839386848381,0.9373326946337303,48,2,48,48,3,0.021527127579260785,494.0,,3158
217,48,2,44.97028134267371,0.8994056268534741,0.9368808613057024,48,2,48,48,3,0.02168799974535407,494.0,,3159
218,48,2,44.94861722022402,0.8989723444044805,0.9364295254213338,48,2,48,48,3,0.02166412244968985,494.0,,3157
219,48,2,44.92711457551435,0.8985422915102871,0.9359815536565493,48,2,48,48,3,0.02150264470966512,494.0,,3157
220,48,2,44.9056516730438,0.898113033460876,0.9355344098550792,48,2,48,48,3,0.02146290247057081,494.0,,3158
221,48,2,44.88417528726378,0.8976835057452756,0.9350869851513286,48,2,48,48,3,0.021476385780028195,494.0,,3162
222,48,2,44.86248728751843,0.8972497457503685,0.9346351518233007,48,2,48,48,3,0.02168799974535407,494.0,,3157
223,48,2,44.840758375045105,0.8968151675009021,0.934182466146773,48,2,48,48,3,0.02172891247332931,494.0,,3158
224,48,2,44.8182982291896,0.896365964583792,0.9337145464414501,48,2,48,48,3,0.022460145855503377,494.0,,3159
225,48,2,44.79632807271873,0.8959265614543745,0.9332568348483067,48,2,48,48,3,0.021970156470882962,494.0,,3160
226,48,2,44.7746977469839,0.895493954939678,0.9328062030621646,48,2,48,48,3,0.021630325734837363,494.0,,3165
227,48,2,44.75300974723854,0.8950601949447708,0.9323543697341363,48,2,48,48,3,0.02168799974535407,494.0,,3157
228,48,2,44.73132174749319,0.8946264349498638,0.9319025364061083,48,2,48,48,3,0.02168799974535407,494.0,,3157
229,48,2,44.709633747747844,0.8941926749549569,0.9314507030780801,48,2,48,48,3,0.02168799974535318,494.0,,3158
230,48,2,44.68717360189235,0.893743472037847,0.9309827833727572,48,2,48,48,3,0.022460145855505154,494.0,,3159
231,48,2,44.665484402071506,0.8933096880414301,0.9305309250431563,48,2,48,48,3,0.021689199820854377,494.0,,3157
232,48,2,44.64379520225065,0.892875904045013,0.9300790667135551,48,2,48,48,3,0.021689199820855265,494.0,,3157
233,48,2,44.6221060024298,0.892442120048596,0.9296272083839541,48,2,48,48,3,0.021689199820855265,494.0,,3157
234,48,2,44.60041680260895,0.892008336052179,0.929175350054353,48,2,48,48,3,0.021689199820855265,494.0,,3157
235,48,2,44.5787276027881,0.891574552055762,0.9287234917247519,48,2,48,48,3,0.021689199820856153,494.0,,3159
236,48,2,44.557038402967244,0.8911407680593448,0.9282716333951511,48,2,48,48,3,0.021689199820855265,494.0,,3159
237,48,2,44.53534920314639,0.8907069840629278,0.9278197750655499,48,2,48,48,3,0.021689199820856153,494.0,,3159
238,48,2,44.513471828876526,0.8902694365775305,0.9273639964349275,48,2,48,48,3,0.021877374269879013,494.0,,3165
239,48,2,44.49114226823527,0.8898228453647055,0.9268987972549017,48,2,48,48,3,0.022329560641248136,494.0,,3159
240,48,2,44.469222137412196,0.8893844427482439,0.9264421278627539,48,2,48,48,3,0.021920130823089856,494.0,,3164
241,48,2,44.447267988394685,0.8889453597678937,0.9259847497582226,48,2,48,48,3,0.021954149017519242,494.0,,3158
242,48,2,44.42493842775344,0.8884987685550688,0.9255195505781967,48,2,48,48,3,0.022329560641247248,494.0,,3157
243,48,2,44.4026088671122,0.888052177342244,0.9250543513981707,48,2,48,48,3,0.022329560641248136,494.0,,3157
244,48,2,44.38027930647095,0.8876055861294191,0.924589152218145,48,2,48,48,3,0.022329560641248136,494.0,,3157
245,48,2,44.357949745829714,0.8871589949165943,0.924123953038119,48,2,48,48,3,0.022329560641247248,494.0,,3157
246,48,2,44.33562018518847,0.8867124037037694,0.9236587538580933,48,2,48,48,3,0.022329560641247248,494.0,,3157
247,48,2,44.31329062454723,0.8862658124909446,0.9231935546780674,48,2,48,48,3,0.022329560641247248,494.0,,3157
248,48,2,44.29096106390599,0.8858192212781197,0.9227283554980414,48,2,48,48,3,0.022329560641248136,494.0,,3157
249,48,2,44.26863150326475,0.885372630065295,0.9222631563180155,48,2,48,48,3,0.022329560641247248,494.0,,3158
250,48,2,44.246301942623504,0.8849260388524701,0.9217979571379896,48,2,48,48,3,0.022329560641248136,494.0,,3160
251,48,2,44.22397238198227,0.8844794476396455,0.9213327579579639,48,2,48,48,3,0.022329560641248136,494.0,,3160
252,48,2,44.201642821341025,0.8840328564268205,0.920867558777938,48,2,48,48,3,0.022329560641247248,494.0,,3160
253,48,2,44.17931326069978,0.8835862652139955,0.9204023595979122,48,2,48,48,3,0.022329560641248136,494.0,,3160
254,48,2,44.15698370005854,0.8831396740011708,0.9199371604178864,48,2,48,48,3,0.022329560641247248,494.0,,3160
255,48,2,44.135406154701705,0.8827081230940341,0.9194876282229522,48,2,48,48,3,0.021577545356842975,494.0,,3157
256,48,2,44.113828609344864,0.8822765721868973,0.919038096028018,48,2,48,48,3,0.021577545356842975,494.0,,3163
257,48,2,44.09225106398802,0.8818450212797605,0.9185885638330838,48,2,48,48,3,0.021577545356843864,494.0,,3164
258,48,2,44.07067351863118,0.8814134703726236,0.9181390316381496,48,2,48,48,3,0.021577545356843864,494.0,,3167
259,48,2,44.04869817718702,0.8809739635437404,0.9176812120247297,48,2,48,48,3,0.021975341444166574,494.0,,3168
260,48,2,44.02672283574286,0.8805344567148572,0.9172233924113096,48,2,48,48,3,0.021975341444167462,494.0,,3159
261,48,2,44.0047474942987,0.8800949498859739,0.9167655727978895,48,2,48,48,3,0.021975341444166574,494.0,,3159
262,48,2,43.982772152854544,0.8796554430570909,0.9163077531844696,48,2,48,48,3,0.021975341444166574,494.0,,3159
263,48,2,43.96079681141037,0.8792159362282074,0.9158499335710495,48,2,48,48,3,0.021975341444166574,494.0,,3159
264,48,2,43.938821469966214,0.8787764293993243,0.9153921139576294,48,2,48,48,3,0.021975341444166574,494.0,,3159
265,48,2,43.916846128522046,0.8783369225704409,0.9149342943442095,48,2,48,48,3,0.021975341444166574,494.0,,3159
266,48,2,43.894870787077885,0.8778974157415577,0.9144764747307891,48,2,48,48,3,0.021975341444166574,494.0,,3159
267,48,2,43.872895445633716,0.8774579089126743,0.9140186551173692,48,2,48,48,3,0.021975341444166574,494.0,,3159
268,48,2,43.85092010418956,0.8770184020837912,0.9135608355039491,48,2,48,48,3,0.02197534144416835,494.0,,3159
269,48,2,43.82894476274541,0.8765788952549082,0.913103015890529,48,2,48,48,3,0.021975341444166574,494.0,,3159
270,48,2,43.80696942130123,0.8761393884260247,0.912645196277109,48,2,48,48,3,0.021975341444166574,494.0,,3159
271,48,2,43.78499407985707,0.8756998815971414,0.912187376663689,48,2,48,48,3,0.021975341444166574,494.0,,3159
272,48,2,43.76301873841291,0.8752603747682582,0.9117295570502689,48,2,48,48,3,0.021975341444167462,494.0,,3159
273,48,2,43.741043396968756,0.8748208679393751,0.911271737436849,48,2,48,48,3,0.021975341444166574,494.0,,3158
274,48,2,43.71906805552459,0.8743813611104918,0.9108139178234289,48,2,48,48,3,0.021975341444166574,494.0,,3158
275,48,2,43.69709271408042,0.8739418542816084,0.9103560982100088,48,2,48,48,3,0.021975341444167462,494.0,,3158
276,48,2,43.675117372636265,0.8735023474527253,0.9098982785965887,48,2,48,48,3,0.021975341444167462,494.0,,3158
277,48,2,43.6531420311921,0.873062840623842,0.9094404589831685,48,2,48,48,3,0.021975341444166574,494.0,,3158
278,48,2,43.63116668974793,0.8726233337949586,0.9089826393697487,48,2,48,48,3,0.021975341444166574,494.0,,3158
279,48,2,43.609191348303774,0.8721838269660754,0.9085248197563285,48,2,48,48,3,0.021975341444167462,494.0,,3158
280,48,2,43.58721600685961,0.8717443201371923,0.9080670001429084,48,2,48,48,3,0.021975341444165686,494.0,,3158
281,48,2,43.56524066541545,0.871304813308309,0.9076091805294885,48,2,48,48,3,0.021975341444166574,494.0,,3158
282,48,2,43.543211178800064,0.8708642235760012,0.907150232891668,48,2,48,48,3,0.022029486615390503,494.0,,3158
283,48,2,43.52118257864731,0.8704236515729462,0.9066913037218188,48,2,48,48,3,0.022028600152758315,494.0,,3160
284,48,2,43.49915397849456,0.8699830795698912,0.90623237455197,48,2,48,48,3,0.02202860015275565,494.0,,3159
285,48,2,43.4771253783418,0.869542507566836,0.905773445382121,48,2,48,48,3,0.022028600152757427,494.0,,3158
286,48,2,43.45509677818905,0.869101935563781,0.9053145162122721,48,2,48,48,3,0.02202860015275565,494.0,,3158
287,48,2,43.4330681780363,0.868661363560726,0.9048555870424231,48,2,48,48,3,0.022028600152757427,494.0,,3157
288,48,2,43.41103957788356,0.8682207915576712,0.9043966578725741,48,2,48,48,3,0.02202860015275565,494.0,,3157
289,48,2,43.389010977730806,0.8677802195546162,0.9039377287027252,48,2,48,48,3,0.022028600152757427,494.0,,3157
290,48,2,43.36698237757805,0.8673396475515609,0.9034787995328761,48,2,48,48,3,0.02202860015275565,494.0,,3157
291,48,2,43.3449537774253,0.8668990755485061,0.903019870363027,48,2,48,48,3,0.022028600152757427,494.0,,3157
292,48,2,43.32292517727255,0.8664585035454511,0.9025609411931782,48,2,48,48,3,0.02202860015275654,494.0,,3157
293,48,2,43.300896577119794,0.8660179315423959,0.9021020120233292,48,2,48,48,3,0.022028600152757427,494.0,,3158
294,48,2,43.27886797696704,0.8655773595393409,0.90164308285348,48,2,48,48,3,0.02202860015275565,494.0,,3158
295,48,2,43.2568393768143,0.865136787536286,0.9011841536836313,48,2,48,48,3,0.022028600152758315,494.0,,3158
296,48,2,43.23481077666154,0.8646962155332308,0.9007252245137822,48,2,48,48,3,0.022028600152754763,494.0,,3158
297,48,2,43.21278217650879,0.8642556435301758,0.9002662953439331,48,2,48,48,3,0.022028600152757427,494.0,,3158
298,48,2,43.19075357635604,0.8638150715271208,0.8998073661740843,48,2,48,48,3,0.02202860015275565,494.0,,3158
299,48,2,43.168724976203286,0.8633744995240658,0.8993484370042353,48,2,48,48,3,0.022028600152758315,494.0,,3158
300,48,2,43.146696376050535,0.8629339275210107,0.8988895078343863,48,2,48,48,3,0.02202860015275654,494.0,,3158
301,48,2,43.12466777589779,0.8624933555179558,0.8984305786645373,48,2,48,48,3,0.02202860015275654,494.0,,3158
302,48,2,43.10263917574503,0.8620527835149007,0.8979716494946882,48,2,48,48,3,0.02202860015275565,494.0,,3158
303,48,2,43.08061057559228,0.8616122115118456,0.8975127203248393,48,2,48,48,3,0.022028600152757427,494.0,,3158
304,48,2,43.05858197543953,0.8611716395087906,0.8970537911549904,48,2,48,48,3,0.02202860015275654,494.0,,3158
305,48,2,43.036553375286786,0.8607310675057357,0.8965948619851413,48,2,48,48,3,0.02202860015275654,494.0,,3158
306,48,2,43.014524775134035,0.8602904955026807,0.8961359328152922,48,2,48,48,3,0.02202860015275565,494.0,,3158
307,48,2,42.99249617498128,0.8598499234996255,0.8956770036454432,48,2,48,48,3,0.022028600152757427,494.0,,3158
308,48,2,42.97017409825834,0.8594034819651668,0.895211960380382,48,2,48,48,3,0.022322076722947948,494.0,,3158
309,48,2,42.94785202153539,0.8589570404307078,0.8947469171153206,48,2,48,48,3,0.02232207672294617,494.0,,3158
310,48,2,42.925529944812446,0.8585105988962489,0.8942818738502593,48,2,48,48,3,0.022322076722947948,494.0,,3158
311,48,2,42.903207868089495,0.8580641573617899,0.893816830585198,48,2,48,48,3,0.02232207672294706,494.0,,3158
312,48,2,42.88088579136656,0.8576177158273312,0.8933517873201366,48,2,48,48,3,0.02232207672294617,494.0,,3158
313,48,2,42.85856371464362,0.8571712742928724,0.8928867440550753,48,2,48,48,3,0.02232207672294706,494.0,,3158
314,48,2,42.83645563193771,0.8567291126387542,0.8924261589987023,48,2,48,48,3,0.022108082705906362,494.0,,3157
315,48,2,42.814133555214774,0.8562826711042955,0.8919611157336411,48,2,48,48,3,0.02232207672294617,494.0,,3158
316,48,2,42.79181147849182,0.8558362295698365,0.8914960724685796,48,2,48,48,3,0.022322076722947948,494.0,,3157
317,48,2,42.769703395785925,0.8553940679157185,0.8910354874122067,48,2,48,48,3,0.022108082705904586,494.0,,3157
318,48,2,42.74759531308003,0.8549519062616007,0.8905749023558339,48,2,48,48,3,0.02210808270590725,494.0,,3157
319,48,2,42.72568574089649,0.8545137148179297,0.8901184529353435,48,2,48,48,3,0.021909572183544945,494.0,,3158
320,48,2,42.70357765819058,0.8540715531638117,0.8896578678789705,48,2,48,48,3,0.022108082705905474,494.0,,3157
321,48,2,42.681469575484684,0.8536293915096936,0.8891972828225976,48,2,48,48,3,0.022108082705904586,494.0,,3157
322,48,2,42.65936149277878,0.8531872298555756,0.8887366977662247,48,2,48,48,3,0.022108082705906362,494.0,,3158
323,48,2,42.63725341007288,0.8527450682014576,0.8882761127098516,48,2,48,48,3,0.022108082705906362,494.0,,3158
324,48,2,42.61514532736698,0.8523029065473396,0.8878155276534786,48,2,48,48,3,0.022108082705905474,494.0,,3160
325,48,2,42.593037244661076,0.8518607448932215,0.8873549425971058,48,2,48,48,3,0.022108082705905474,494.0,,3160
326,48,2,42.57112767247753,0.8514225534495506,0.8868984931766152,48,2,48,48,3,0.021909572183544945,494.0,,3161
327,48,2,42.54901958977163,0.8509803917954326,0.8864379081202425,48,2,48,48,3,0.022108082705906362,494.0,,3160
328,48,2,42.52711001758809,0.8505422003517619,0.885981458699752,48,2,48,48,3,0.021909572183544057,494.0,,3161
329,48,2,42.50520044540456,0.8501040089080912,0.8855250092792616,48,2,48,48,3,0.021909572183545833,494.0,,3161
330,48,2,42.483290873221016,0.8496658174644203,0.885068559858771,48,2,48,48,3,0.021909572183544945,494.0,,3161
331,48,2,42.46138130103747,0.8492276260207494,0.8846121104382808,48,2,48,48,3,0.021909572183545833,494.0,,3161
332,48,2,42.43947172885393,0.8487894345770787,0.8841556610177901,48,2,48,48,3,0.021909572183544945,494.0,,3161
333,48,2,42.417562156670385,0.8483512431334077,0.8836992115972997,48,2,48,48,3,0.021909572183544945,494.0,,3161
334,48,2,42.39565258448683,0.8479130516897366,0.8832427621768093,48,2,48,48,3,0.021909572183545833,494.0,,3161
335,48,2,42.37401252021526,0.8474802504043052,0.8827919275044845,48,2,48,48,3,0.021640064271591264,494.0,,3161
336,48,2,42.351904437509354,0.847038088750187,0.8823313424481117,48,2,48,48,3,0.022108082705904586,494.0,,3161
337,48,2,42.329917183578225,0.8465983436715645,0.8818732746578798,48,2,48,48,3,0.021987253931140316,494.0,,3161
338,48,2,42.30800761139468,0.8461601522278935,0.8814168252373893,48,2,48,48,3,0.021909572183545833,494.0,,3161
339,48,2,42.28609803921114,0.8457219607842228,0.8809603758168988,48,2,48,48,3,0.021909572183545833,494.0,,3161
340,48,2,42.264188467027594,0.8452837693405519,0.8805039263964082,48,2,48,48,3,0.021909572183545833,494.0,,3161
341,48,2,42.242278894844056,0.8448455778968811,0.8800474769759177,48,2,48,48,3,0.021909572183544945,494.0,,3161
342,48,2,42.22063883057247,0.8444127766114494,0.8795966423035931,48,2,48,48,3,0.021640064271590376,494.0,,3162
343,48,2,42.19872925838893,0.8439745851677786,0.8791401928831027,48,2,48,48,3,0.021909572183544945,494.0,,3164
344,48,2,42.17708919411734,0.8435417838823469,0.878689358210778,48,2,48,48,3,0.021640064271590376,494.0,,3164
345,48,2,42.155449129845756,0.8431089825969151,0.8782385235384534,48,2,48,48,3,0.021640064271590376,494.0,,3165
346,48,2,42.13380906557416,0.8426761813114833,0.8777876888661286,48,2,48,48,3,0.021640064271590376,494.0,,3166
347,48,2,42.111863373880205,0.8422372674776041,0.8773304869558377,48,2,48,48,3,0.021945691693963987,494.0,,3161
348,48,2,42.08972713827209,0.8417945427654417,0.8768693153806684,48,2,48,48,3,0.022136235608137156,494.0,,3157
349,48,2,42.067590902663945,0.8413518180532789,0.876408143805499,48,2,48,48,3,0.02213623560813538,494.0,,3167
350,48,2,42.04545466705583,0.8409090933411165,0.8759469722303296,48,2,48,48,3,0.022136235608133603,494.0,,3166
351,48,2,42.02331843144769,0.8404663686289539,0.8754858006551602,48,2,48,48,3,0.022136235608137156,494.0,,3166
352,48,2,42.00118219583956,0.8400236439167912,0.8750246290799909,48,2,48,48,3,0.02213623560813449,494.0,,3164
353,48,2,41.97904596023144,0.8395809192046287,0.8745634575048215,48,2,48,48,3,0.022136235608138044,494.0,,3163
354,48,2,41.9569097246233,0.8391381944924661,0.8741022859296521,48,2,48,48,3,0.02213623560813538,494.0,,3162
355,48,2,41.934773489015164,0.8386954697803033,0.8736411143544826,48,2,48,48,3,0.022136235608137156,494.0,,3160
356,48,2,41.91263725340704,0.8382527450681408,0.8731799427793133,48,2,48,48,3,0.02213623560813538,494.0,,3159
357,48,2,41.89050101779891,0.8378100203559782,0.8727187712041439,48,2,48,48,3,0.022136235608138932,494.0,,3159
358,48,2,41.868364782190774,0.8373672956438155,0.8722575996289744,48,2,48,48,3,0.02213623560813538,494.0,,3158
359,48,2,41.84622854658265,0.8369245709316531,0.8717964280538052,48,2,48,48,3,0.022136235608137156,494.0,,3158
360,48,2,41.824476946519646,0.8364895389303929,0.8713432697191591,48,2,48,48,3,0.02175160006300736,494.0,,3167
361,48,2,41.8023407109115,0.83604681421823,0.8708820981439898,48,2,48,48,3,0.022136235608137156,494.0,,3159
362,48,2,41.780204475303385,0.8356040895060677,0.8704209265688204,48,2,48,48,3,0.02213623560813538,494.0,,3159
363,48,2,41.75806823969524,0.8351613647939048,0.869959754993651,48,2,48,48,3,0.022136235608138932,494.0,,3158
364,48,2,41.736316639632236,0.8347263327926447,0.8695065966590049,48,2,48,48,3,0.02175160006300736,494.0,,3166
365,48,2,41.71456503956923,0.8342913007913846,0.8690534383243591,48,2,48,48,3,0.021751600063010912,494.0,,3166
366,48,2,41.692813439506224,0.8338562687901245,0.868600279989713,48,2,48,48,3,0.02175160006300736,494.0,,3166
367,48,2,41.67106183944322,0.8334212367888644,0.868147121655067,48,2,48,48,3,0.021751600063010912,494.0,,3166
368,48,2,41.64892560383509,0.8329785120767018,0.8676859500798977,48,2,48,48,3,0.022136235608137156,494.0,,3158
369,48,2,41.62678936822696,0.8325357873645391,0.8672247785047281,48,2,48,48,3,0.02213623560813538,494.0,,3158
370,48,2,41.60465313261882,0.8320930626523765,0.8667636069295589,48,2,48,48,3,0.02213623560813538,494.0,,3157
371,48,2,41.58251689701069,0.8316503379402138,0.8663024353543894,48,2,48,48,3,0.022136235608137156,494.0,,3157
372,48,2,41.56038066140257,0.8312076132280514,0.86584126377922,48,2,48,48,3,0.02213623560813538,494.0,,3157
373,48,2,41.53824442579443,0.8307648885158886,0.8653800922040507,48,2,48,48,3,0.022136235608138932,494.0,,3159
374,48,2,41.5161081901863,0.830322163803726,0.8649189206288813,48,2,48,48,3,0.022136235608133603,494.0,,3160
375,48,2,41.494007630998844,0.8298801526199768,0.864458492312476,48,2,48,48,3,0.022100559187467894,494.0,,3168
376,48,2,41.47225603093584,0.8294451206187168,0.86400533397783,48,2,48,48,3,0.021751600063009136,494.0,,3166
377,48,2,41.450119795327716,0.8290023959065543,0.8635441624026606,48,2,48,48,3,0.022136235608137156,494.0,,3158
378,48,2,41.42798355971958,0.8285596711943916,0.8630829908274912,48,2,48,48,3,0.02213623560813538,494.0,,3161
379,48,2,41.40584732411145,0.828116946482229,0.8626218192523217,48,2,48,48,3,0.022136235608137156,494.0,,3163
380,48,2,41.38371108850332,0.8276742217700663,0.8621606476771523,48,2,48,48,3,0.02213623560813538,494.0,,3166
381,48,2,41.36157485289519,0.8272314970579038,0.861699476101983,48,2,48,48,3,0.022136235608137156,494.0,,3168
382,48,2,41.33943861728705,0.826788772345741,0.8612383045268136,48,2,48,48,3,0.02213623560813538,494.0,,3169
383,48,2,41.31765017006314,0.8263530034012628,0.860784378542982,48,2,48,48,3,0.021788447223915597,494.0,,3159
384,48,2,41.295451555573514,0.8259090311114703,0.8603219074077816,48,2,48,48,3,0.022198614489628454,494.0,,3170
385,48,2,41.27325294108389,0.8254650588216778,0.859859436272581,48,2,48,48,3,0.02219861448963023,494.0,,3170
386,48,2,41.25146449385999,0.8250292898771998,0.8594055102887497,48,2,48,48,3,0.021788447223912044,494.0,,3158
387,48,2,41.22967604663607,0.8245935209327214,0.858951584304918,48,2,48,48,3,0.02178844722391382,494.0,,3158
388,48,2,41.20788759941215,0.824157751988243,0.8584976583210867,48,2,48,48,3,0.02178844722391382,494.0,,3161
389,48,2,41.18609915218825,0.823721983043765,0.8580437323372552,48,2,48,48,3,0.02178844722391382,494.0,,3161
390,48,2,41.16405463241605,0.823281092648321,0.8575844715086678,48,2,48,48,3,0.022044519772206783,494.0,,3157
391,48,2,41.142416453023564,0.8228483290604713,0.8571336761046574,48,2,48,48,3,0.0216381793924878,494.0,,3162
392,48,2,41.120217838533925,0.8224043567706785,0.856671204969457,48,2,48,48,3,0.022198614489632007,494.0,,3161
393,48,2,41.09800947453726,0.8219601894907451,0.8562085307195261,48,2,48,48,3,0.02220836399668613,494.0,,3162
394,48,2,41.075810860047625,0.8215162172009525,0.8557460595843258,48,2,48,48,3,0.022198614489628454,494.0,,3160
395,48,2,41.05361224555801,0.8210722449111602,0.8552835884491251,48,2,48,48,3,0.022198614489628454,494.0,,3159
396,48,2,41.03197406616552,0.8206394813233103,0.854832793045115,48,2,48,48,3,0.021638179392489576,494.0,,3164
397,48,2,41.00992954639331,0.8201985909278662,0.8543735322165276,48,2,48,48,3,0.02204451977220856,494.0,,3164
398,48,2,40.98829136700083,0.8197658273400167,0.8539227368125174,48,2,48,48,3,0.021638179392489576,494.0,,3164
399,48,2,40.966246847228625,0.8193249369445725,0.8534634759839298,48,2,48,48,3,0.022044519772205007,494.0,,3164
400,48,2,40.94420232745643,0.8188840465491286,0.8530042151553423,48,2,48,48,3,0.022044519772210336,494.0,,3164
401,48,2,40.92215780768422,0.8184431561536845,0.8525449543267548,48,2,48,48,3,0.022044519772205007,494.0,,3164
402,48,2,40.90011328791203,0.8180022657582405,0.8520856934981672,48,2,48,48,3,0.022044519772206783,494.0,,3162
403,48,2,40.87806876813982,0.8175613753627964,0.8516264326695797,48,2,48,48,3,0.022044519772206783,494.0,,3161
404,48,2,40.85602424836763,0.8171204849673527,0.8511671718409923,48,2,48,48,3,0.022044519772206783,494.0,,3161
405,48,2,40.83397972859543,0.8166795945719086,0.8507079110124046,48,2,48,48,3,0.022044519772205007,494.0,,3161
406,48,2,40.81193520882323,0.8162387041764646,0.8502486501838172,48,2,48,48,3,0.02204451977220856,494.0,,3161
407,48,2,40.78989068905103,0.8157978137810206,0.8497893893552297,48,2,48,48,3,0.022044519772205007,494.0,,3161
408,48,2,40.767509311673386,0.8153501862334678,0.8493231106598623,48,2,48,48,3,0.022381377377644895,494.0,,3159
409,48,2,40.745464791901185,0.8149092958380237,0.8488638498312747,48,2,48,48,3,0.022044519772206783,494.0,,3159
410,48,2,40.72342027212898,0.8144684054425797,0.8484045890026871,48,2,48,48,3,0.022044519772205007,494.0,,3160
411,48,2,40.70137575235678,0.8140275150471357,0.8479453281740996,48,2,48,48,3,0.02204451977220856,494.0,,3161
412,48,2,40.67899437497915,0.813579887499583,0.8474790494787322,48,2,48,48,3,0.022381377377641343,494.0,,3159
413,48,2,40.65661299760151,0.8131322599520303,0.8470127707833647,48,2,48,48,3,0.02238137737764312,494.0,,3159
414,48,2,40.634231620223865,0.8126846324044773,0.8465464920879974,48,2,48,48,3,0.02238137737764312,494.0,,3159
415,48,2,40.61185024284623,0.8122370048569246,0.8460802133926298,48,2,48,48,3,0.022381377377641343,494.0,,3159
416,48,2,40.58946886546859,0.8117893773093718,0.8456139346972623,48,2,48,48,3,0.022381377377644895,494.0,,3159
417,48,2,40.56708748809095,0.8113417497618189,0.8451476560018949,48,2,48,48,3,0.022381377377641343,494.0,,3159
418,48,2,40.54470611071331,0.8108941222142662,0.8446813773065273,48,2,48,48,3,0.02238137737764312,494.0,,3159
419,48,2,40.52232473333568,0.8104464946667136,0.8442150986111598,48,2,48,48,3,0.022381377377641343,494.0,,3159
420,48,2,40.50043812374808,0.8100087624749617,0.843759127578085,48,2,48,48,3,0.021886609587600248,494.0,,3161
421,48,2,40.478551514160486,0.8095710302832098,0.8433031565450101,48,2,48,48,3,0.021886609587600248,494.0,,3161
422,48,2,40.45666490457289,0.8091332980914578,0.8428471855119352,48,2,48,48,3,0.0218866095876038,494.0,,3161
423,48,2,40.43477829498529,0.8086955658997058,0.8423912144788602,48,2,48,48,3,0.021886609587600248,494.0,,3161
424,48,2,40.41289168539769,0.8082578337079538,0.8419352434457853,48,2,48,48,3,0.021886609587600248,494.0,,3161
425,48,2,40.390510308020055,0.8078102061604011,0.8414689647504178,48,2,48,48,3,0.022381377377641343,494.0,,3159
426,48,2,40.36812893064242,0.8073625786128484,0.8410026860550506,48,2,48,48,3,0.02238137737764312,494.0,,3159
427,48,2,40.345747553264786,0.8069149510652958,0.840536407359683,48,2,48,48,3,0.02238137737764312,494.0,,3159
428,48,2,40.32336617588714,0.8064673235177428,0.8400701286643155,48,2,48,48,3,0.022381377377641343,494.0,,3159
429,48,2,40.3009847985095,0.8060196959701901,0.839603849968948,48,2,48,48,3,0.02238137737766266,494.0,,3159
430,48,2,40.27860342113187,0.8055720684226374,0.8391375712735805,48,2,48,48,3,0.022381377377659106,494.0,,3159
431,48,2,40.25622204375423,0.8051244408750846,0.838671292578213,48,2,48,48,3,0.02238137737766621,494.0,,3158
432,48,2,40.23384066637659,0.8046768133275317,0.8382050138828454,48,2,48,48,3,0.02238137737766266,494.0,,3158
433,48,2,40.21145928899895,0.804229185779979,0.837738735187478,48,2,48,48,3,0.02238137737766266,494.0,,3158
434,48,2,40.189077911621304,0.803781558232426,0.8372724564921107,48,2,48,48,3,0.02238137737766266,494.0,,3158
435,48,2,40.16669653424367,0.8033339306848734,0.8368061777967432,48,2,48,48,3,0.022381377377664435,494.0,,3158
436,48,2,40.14431515686603,0.8028863031373206,0.8363398991013756,48,2,48,48,3,0.022381377377660883,494.0,,3157
437,48,2,40.12193377948839,0.8024386755897678,0.8358736204060082,48,2,48,48,3,0.022381377377664435,494.0,,3158
438,48,2,40.09955240211075,0.8019910480422151,0.8354073417106407,48,2,48,48,3,0.022381377377660883,494.0,,3159
439,48,2,40.07717102473312,0.8015434204946623,0.8349410630152732,48,2,48,48,3,0.02238137737766621,494.0,,3159
440,48,2,40.05478964735547,0.8010957929471094,0.8344747843199057,48,2,48,48,3,0.022381377377660883,494.0,,3161
441,48,2,40.032408269977836,0.8006481653995567,0.8340085056245382,48,2,48,48,3,0.022381377377664435,494.0,,3163
442,48,2,40.010026892600195,0.8002005378520038,0.8335422269291707,48,2,48,48,3,0.022381377377660883,494.0,,3164
443,48,2,39.98763182962572,0.7997526365925144,0.8330756631172024,48,2,48,48,3,0.022395062974506885,494.0,,3164
444,48,2,39.9658433824018,0.799316867648036,0.832621737133371,48,2,48,48,3,0.021788447223935137,494.0,,3162
445,48,2,39.943462005024166,0.7988692401004833,0.8321554584380036,48,2,48,48,3,0.02238137737766266,494.0,,3158
446,48,2,39.921080627646525,0.7984216125529305,0.8316891797426361,48,2,48,48,3,0.02238137737766266,494.0,,3158
447,48,2,39.89869925026888,0.7979739850053776,0.8312229010472686,48,2,48,48,3,0.02238137737766266,494.0,,3157
448,48,2,39.876317872891256,0.7975263574578251,0.8307566223519011,48,2,48,48,3,0.02238137737766621,494.0,,3158
449,48,2,39.854644009892,0.79709288019784,0.8303050835394167,48,2,48,48,3,0.021673862999268323,494.0,,3159
450,48,2,39.832262632514364,0.7966452526502873,0.8298388048440493,48,2,48,48,3,0.022381377377664435,494.0,,3158
451,48,2,39.80988125513673,0.7961976251027346,0.8293725261486817,48,2,48,48,3,0.02238137737766266,494.0,,3158
452,48,2,39.78749987775908,0.7957499975551816,0.8289062474533143,48,2,48,48,3,0.02238137737766266,494.0,,3158
453,48,2,39.76511850038145,0.7953023700076289,0.8284399687579468,48,2,48,48,3,0.02238137737766266,494.0,,3159
454,48,2,39.742737123003806,0.7948547424600761,0.8279736900625793,48,2,48,48,3,0.02238137737766266,494.0,,3161
455,48,2,39.720342060029324,0.7944068412005865,0.827507126250611,48,2,48,48,3,0.02239506297450511,494.0,,3164
456,48,2,39.69794699705484,0.7939589399410969,0.8270405624386427,48,2,48,48,3,0.022395062974506885,494.0,,3163
457,48,2,39.67555193408037,0.7935110386816073,0.8265739986266744,48,2,48,48,3,0.02239506297450511,494.0,,3164
458,48,2,39.65315687110589,0.7930631374221179,0.8261074348147059,48,2,48,48,3,0.02239506297450511,494.0,,3164
459,48,2,39.63076180813141,0.7926152361626282,0.8256408710027378,48,2,48,48,3,0.02239506297450511,494.0,,3164
460,48,2,39.60836674515693,0.7921673349031386,0.8251743071907693,48,2,48,48,3,0.02239506297450511,494.0,,3164
461,48,2,39.585971682182446,0.7917194336436489,0.8247077433788009,48,2,48,48,3,0.022395062974506885,494.0,,3164
462,48,2,39.56357661920797,0.7912715323841595,0.8242411795668326,48,2,48,48,3,0.022395062974503332,494.0,,3164
463,48,2,39.54118155623349,0.7908236311246698,0.8237746157548643,48,2,48,48,3,0.022395062974506885,494.0,,3164
464,48,2,39.51878649325901,0.7903757298651801,0.8233080519428961,48,2,48,48,3,0.02239506297450511,494.0,,3164
465,48,2,39.49658787876938,0.7899317575753877,0.8228455808076957,48,2,48,48,3,0.022198614489647994,494.0,,3164
466,48,2,39.47491401577014,0.7894982803154028,0.8223940419952113,48,2,48,48,3,0.021673862999273652,494.0,,3163
467,48,2,39.45251895279566,0.7890503790559131,0.8219274781832429,48,2,48,48,3,0.022395062974503332,494.0,,3164
468,48,2,39.430123889821175,0.7886024777964235,0.8214609143712744,48,2,48,48,3,0.02239506297450511,494.0,,3164
469,48,2,39.40772882684669,0.7881545765369339,0.8209943505593061,48,2,48,48,3,0.022395062974503332,494.0,,3164
470,48,2,39.38553021235707,0.7877106042471413,0.8205318794241055,48,2,48,48,3,0.022198614489653323,494.0,,3164
471,48,2,39.36333159786744,0.7872666319573489,0.8200694082889052,48,2,48,48,3,0.02219861448964977,494.0,,3164
472,48,2,39.34113298337782,0.7868226596675564,0.8196069371537046,48,2,48,48,3,0.022198614489647994,494.0,,3164
473,48,2,39.31893436888819,0.7863786873777638,0.819144466018504,48,2,48,48,3,0.02219861448964977,494.0,,3164
474,48,2,39.296735754398576,0.7859347150879715,0.8186819948833035,48,2,48,48,3,0.022198614489647994,494.0,,3164
475,48,2,39.27453713990895,0.785490742798179,0.8182195237481031,48,2,48,48,3,0.02219861448964977,494.0,,3164
476,48,2,39.252338525419326,0.7850467705083866,0.8177570526129027,48,2,48,48,3,0.02219861448964977,494.0,,3165
477,48,2,39.23013991092971,0.7846027982185941,0.8172945814777023,48,2,48,48,3,0.022198614489647994,494.0,,3165
478,48,2,39.207941296440076,0.7841588259288015,0.8168321103425017,48,2,48,48,3,0.022198614489651547,494.0,,3165
479,48,2,39.18574268195046,0.7837148536390092,0.8163696392073012,48,2,48,48,3,0.022198614489647994,494.0,,3165
480,48,2,39.16354406746083,0.7832708813492166,0.8159071680721007,48,2,48,48,3,0.022198614489651547,494.0,,3165
481,48,2,39.1413454529712,0.782826909059424,0.8154446969369001,48,2,48,48,3,0.022198614489646218,494.0,,3165
482,48,2,39.11914683848158,0.7823829367696317,0.8149822258016997,48,2,48,48,3,0.022198614489651547,494.0,,3165
483,48,2,39.09694822399196,0.7819389644798391,0.8145197546664992,48,2,48,48,3,0.022198614489647994,494.0,,3165
484,48,2,39.074749609502334,0.7814949921900467,0.8140572835312986,48,2,48,48,3,0.022198614489651547,494.0,,3165
485,48,2,39.0525509950127,0.781051019900254,0.8135948123960981,48,2,48,48,3,0.022198614489646218,494.0,,3165
486,48,2,39.03035238052309,0.7806070476104618,0.8131323412608976,48,2,48,48,3,0.022198614489651547,494.0,,3165
487,48,2,39.00815376603346,0.7801630753206692,0.812669870125697,48,2,48,48,3,0.022198614489647994,494.0,,3165
488,48,2,38.98595515154384,0.7797191030308768,0.8122073989904967,48,2,48,48,3,0.022198614489651547,494.0,,3165
489,48,2,38.96375653705421,0.7792751307410842,0.8117449278552961,48,2,48,48,3,0.022198614489647994,494.0,,3165
490,48,2,38.9415579225646,0.7788311584512919,0.8112824567200955,48,2,48,48,3,0.02219861448964977,494.0,,3166
491,48,2,38.91935930807496,0.7783871861614992,0.810819985584895,48,2,48,48,3,0.022198614489647994,494.0,,3166
492,48,2,38.89716069358534,0.7779432138717068,0.8103575144496945,48,2,48,48,3,0.02219861448964977,494.0,,3166
493,48,2,38.87496207909571,0.7774992415819142,0.8098950433144939,48,2,48,48,3,0.02219861448964977,494.0,,3166
494,48,2,38.852763464606085,0.7770552692921217,0.8094325721792934,48,2,48,48,3,0.02219861448964977,494.0,,3166
495,48,2,38.83056485011646,0.7766112970023292,0.808970101044093,48,2,48,48,3,0.022198614489647994,494.0,,3166
496,48,2,38.80836623562684,0.7761673247125368,0.8085076299088924,48,2,48,48,3,0.022198614489651547,494.0,,3166
497,48,2,38.7861676211372,0.775723352422744,0.8080451587736919,48,2,48,48,3,0.022198614489646218,494.0,,3166
498,48,2,38.763969006647585,0.7752793801329517,0.8075826876384914,48,2,48,48,3,0.022198614489653323,494.0,,3166
499,48,2,38.74177039215796,0.7748354078431592,0.8071202165032908,48,2,48,48,3,0.022198614489646218,494.0,,3166
500,48,2,38.71957177766833,0.7743914355533665,0.8066577453680903,48,2,48,48,3,0.022198614489651547,494.0,,3166
501,48,2,38.69737316317871,0.7739474632635742,0.8061952742328898,48,2,48,48,3,0.022198614489646218,494.0,,3166
502,48,2,38.675174548689085,0.7735034909737817,0.8057328030976892,48,2,48,48,3,0.022198614489653323,494.0,,3166
503,48,2,38.65297593419947,0.7730595186839894,0.8052703319624888,48,2,48,48,3,0.022198614489646218,494.0,,3166
504,48,2,38.63077731970983,0.7726155463941966,0.8048078608272883,48,2,48,48,3,0.022198614489651547,494.0,,3165
505,48,2,38.60857870522021,0.7721715741044042,0.8043453896920877,48,2,48,48,3,0.022198614489647994,494.0,,3165
506,48,2,38.586380090730586,0.7717276018146118,0.8038829185568872,48,2,48,48,3,0.02219861448964977,494.0,,3165
507,48,2,38.564181476240954,0.7712836295248191,0.8034204474216867,48,2,48,48,3,0.02219861448964977,494.0,,3165
508,48,2,38.541982861751336,0.7708396572350267,0.8029579762864861,48,2,48,48,3,0.022198614489647994,494.0,,3165
509,48,2,38.51978424726171,0.7703956849452342,0.8024955051512856,48,2,48,48,3,0.02219861448964977,494.0,,3165
510,48,2,38.49758563277208,0.7699517126554416,0.8020330340160852,48,2,48,48,3,0.02219861448964977,494.0,,3165
511,48,2,38.47538701828246,0.7695077403656492,0.8015705628808846,48,2,48,48,3,0.022198614489647994,494.0,,3165
512,48,2,38.45318840379283,0.7690637680758566,0.8011080917456841,48,2,48,48,3,0.022198614489653323,494.0,,3165
513,48,2,38.43098978930321,0.7686197957860642,0.8006456206104836,48,2,48,48,3,0.02219861448964444,494.0,,3165
514,48,2,38.40879117481358,0.7681758234962716,0.800183149475283,48,2,48,48,3,0.022198614489653323,494.0,,3165
515,48,2,38.38659256032396,0.7677318512064792,0.7997206783400825,48,2,48,48,3,0.022198614489646218,494.0,,3165
516,48,2,38.36439394583433,0.7672878789166866,0.799258207204882,48,2,48,48,3,0.022198614489651547,494.0,,3165
517,47,2,38.34914037693665,0.766982807538733,0.815939156956099,47,1,47,8,3,0.015253568897698244,174.0,,3165
518,47,2,38.327372124929305,0.7665474424985861,0.8154760026580704,47,2,47,47,3,0.021768252007365874,484.0,,3047
519,47,2,38.3057579327891,0.766115158655782,0.8150161262295554,47,2,47,47,3,0.02161419214023219,484.0,,3050
520,47,2,38.2841437406489,0.765682874812978,0.8145562498010405,47,2,47,47,3,0.02161419214022864,484.0,,3049
521,47,2,38.262529548508695,0.7652505909701739,0.8140963733725256,47,2,47,47,3,0.021614192140226862,484.0,,3049
522,47,2,38.2409153563685,0.76481830712737,0.8136364969440105,47,2,47,47,3,0.021614192140230415,484.0,,3049
523,47,2,38.219301164228284,0.7643860232845657,0.8131766205154954,47,2,47,47,3,0.021614192140230415,484.0,,3049
524,47,2,38.19768697208808,0.7639537394417616,0.8127167440869802,47,2,47,47,3,0.021614192140226862,484.0,,3049
525,47,2,38.17607277994787,0.7635214555989575,0.8122568676584655,47,2,47,47,3,0.02161419214022864,484.0,,3049
526,47,2,38.154458587807675,0.7630891717561535,0.8117969912299505,47,2,47,47,3,0.021614192140226862,484.0,,3049
527,47,2,38.132844395667476,0.7626568879133495,0.8113371148014357,47,2,47,47,3,0.021614192140225086,484.0,,3049
528,47,2,38.11123020352727,0.7622246040705454,0.8108772383729209,47,2,47,47,3,0.021614192140221533,484.0,,3049
529,47,2,38.08961601138706,0.7617923202277411,0.8104173619444055,47,2,47,47,3,0.02161419214022331,484.0,,3049
530,47,2,38.06800181924685,0.7613600363849371,0.8099574855158905,47,2,47,47,3,0.021614192140226862,484.0,,3049
531,47,2,38.04638762710666,0.7609277525421332,0.8094976090873757,47,2,47,47,3,0.02161419214022331,484.0,,3049
532,47,2,38.024773434966455,0.7604954686993292,0.8090377326588608,47,2,47,47,3,0.021614192140225086,484.0,,3049
533,47,2,38.00315924282625,0.760063184856525,0.8085778562303456,47,2,47,47,3,0.02161419214022331,484.0,,3049
534,47,2,37.981545050686044,0.7596309010137209,0.8081179798018309,47,2,47,47,3,0.021614192140225086,484.0,,3049
535,47,2,37.95993085854584,0.7591986171709167,0.8076581033733157,47,2,47,47,3,0.021614192140225086,484.0,,3049
536,47,2,37.93831666640563,0.7587663333281127,0.807198226944801,47,2,47,47,3,0.02161419214022331,484.0,,3049
537,47,2,37.916702474265435,0.7583340494853087,0.8067383505162857,47,2,47,47,3,0.02161419214022331,484.0,,3048
538,47,2,37.89508828212523,0.7579017656425046,0.8062784740877709,47,2,47,47,3,0.021614192140226862,484.0,,3048
539,47,2,37.873474089985024,0.7574694817997005,0.8058185976592558,47,2,47,47,3,0.021614192140225086,484.0,,3047
540,47,2,37.85185989784482,0.7570371979568964,0.8053587212307408,47,2,47,47,3,0.02161419214022331,484.0,,3046
541,47,2,37.83024570570461,0.7566049141140923,0.8048988448022256,47,2,47,47,3,0.02161419214022331,484.0,,3046
542,47,2,37.808631513564414,0.7561726302712883,0.804438968373711,47,2,47,47,3,0.021614192140225086,484.0,,3046
543,47,2,37.78701732142421,0.7557403464284842,0.8039790919451961,47,2,47,47,3,0.021614192140225086,484.0,,3046
544,47,2,37.765403129284,0.7553080625856801,0.8035192155166809,47,2,47,47,3,0.02161419214022331,484.0,,3046
545,47,2,37.7437889371438,0.7548757787428759,0.8030593390881661,47,2,47,47,3,0.021614192140225086,484.0,,3046
546,47,2,37.72217474500359,0.7544434949000718,0.8025994626596509,47,2,47,47,3,0.021614192140225086,484.0,,3046
547,47,2,37.700560552863394,0.7540112110572679,0.802139586231136,47,2,47,47,3,0.021614192140225086,484.0,,3046
548,47,2,37.678946360723195,0.753578927214464,0.8016797098026212,47,2,47,47,3,0.021614192140221533,484.0,,3046
549,47,2,37.65733216858298,0.7531466433716596,0.8012198333741062,47,2,47,47,3,0.021614192140226862,484.0,,3046
550,47,2,37.63571797644278,0.7527143595288556,0.8007599569455909,47,2,47,47,3,0.021614192140225086,484.0,,3046
551,47,2,37.61410378430257,0.7522820756860514,0.8003000805170761,47,2,47,47,3,0.02161419214022331,484.0,,3046
552,47,2,37.59248959216239,0.7518497918432477,0.7998402040885614,47,2,47,47,3,0.02161419214022331,484.0,,3045
553,47,2,37.57087540002217,0.7514175080004434,0.7993803276600461,47,2,47,47,3,0.021614192140225086,484.0,,3045
554,47,2,37.54926120788197,0.7509852241576394,0.7989204512315312,47,2,47,47,3,0.02161419214022331,484.0,,3045
555,47,2,37.52764701574176,0.7505529403148352,0.7984605748030164,47,2,47,47,3,0.021614192140226862,484.0,,3045
556,47,2,37.50603282360155,0.750120656472031,0.798000698374501,47,2,47,47,3,0.02161419214022331,484.0,,3045
557,47,2,37.484418631461345,0.7496883726292269,0.7975408219459861,47,2,47,47,3,0.021614192140225086,484.0,,3045
558,47,2,37.462804439321154,0.749256088786423,0.7970809455174713,47,2,47,47,3,0.02161419214022331,484.0,,3045
559,47,2,37.44119024718095,0.748823804943619,0.7966210690889564,47,2,47,47,3,0.021614192140225086,484.0,,3045
560,47,2,37.41957605504074,0.7483915211008149,0.7961611926604414,47,2,47,47,3,0.021614192140225086,484.0,,3045
561,47,2,37.39796186290054,0.7479592372580107,0.7957013162319263,47,2,47,47,3,0.021614192140221533,484.0,,3045
562,47,2,37.37634767076033,0.7475269534152066,0.7952414398034113,47,2,47,47,3,0.021614192140226862,484.0,,3045
563,47,2,37.354733478620126,0.7470946695724026,0.7947815633748965,47,2,47,47,3,0.021614192140225086,484.0,,3045
564,47,2,37.33311928647993,0.7466623857295985,0.7943216869463813,47,2,47,47,3,0.02161419214022331,484.0,,3045
565,47,2,37.31145057465944,0.7462290114931888,0.7938606505246689,47,2,47,47,3,0.02166871182051011,484.0,,3046
566,47,2,37.289572023860416,0.7457914404772084,0.7933951494438386,47,2,47,47,3,0.021878550799037555,484.0,,3049
567,47,2,37.2676934730614,0.745353869461228,0.7929296483630085,47,2,47,47,3,0.021878550799037555,484.0,,3043
568,47,2,37.245814922262376,0.7449162984452475,0.7924641472821784,47,2,47,47,3,0.02187855079903933,484.0,,3043
569,47,2,37.22393637146336,0.7444787274292672,0.7919986462013481,47,2,47,47,3,0.02187855079903578,484.0,,3043
570,47,2,37.202057820664336,0.7440411564132867,0.791533145120518,47,2,47,47,3,0.02187855079903933,484.0,,3043
571,47,2,37.18017926986532,0.7436035853973064,0.7910676440396877,47,2,47,47,3,0.021878550799037555,484.0,,3043
572,47,2,37.15830071906631,0.7431660143813262,0.7906021429588577,47,2,47,47,3,0.021878550799037555,484.0,,3043
573,47,2,37.13642216826728,0.7427284433653456,0.7901366418780271,47,2,47,47,3,0.021878550799037555,484.0,,3043
574,47,2,37.114543617468264,0.7422908723493653,0.7896711407971971,47,2,47,47,3,0.02187855079903578,484.0,,3043
575,47,2,37.09266506666924,0.7418533013333848,0.789205639716367,47,2,47,47,3,0.021878550799037555,484.0,,3043
576,47,2,37.07078651587023,0.7414157303174046,0.788740138635537,47,2,47,47,3,0.021878550799041108,484.0,,3043
577,47,2,37.04890796507121,0.7409781593014242,0.7882746375547067,47,2,47,47,3,0.021878550799037555,484.0,,3043
578,47,2,37.02702941427219,0.7405405882854439,0.7878091364738764,47,2,47,47,3,0.02187855079903578,484.0,,3043
579,47,2,37.00515086347317,0.7401030172694634,0.7873436353930462,47,2,47,47,3,0.021878550799037555,484.0,,3043
580,47,2,36.983272312674146,0.739665446253483,0.7868781343122159,47,2,47,47,3,0.021878550799037555,484.0,,3043
581,47,2,36.96139376187513,0.7392278752375026,0.7864126332313859,47,2,47,47,3,0.021878550799037555,484.0,,3043
582,47,2,36.93951521107611,0.7387903042215223,0.7859471321505556,47,2,47,47,3,0.021878550799037555,484.0,,3043
583,47,2,36.9176366602771,0.738352733205542,0.7854816310697255,47,2,47,47,3,0.021878550799037555,484.0,,3043
584,47,2,36.89575810947807,0.7379151621895614,0.7850161299888951,47,2,47,47,3,0.021878550799037555,484.0,,3043
585,47,2,36.87387955867904,0.7374775911735809,0.7845506289080649,47,2,47,47,3,0.021878550799037555,484.0,,3044
586,47,2,36.852001007880034,0.7370400201576007,0.7840851278272349,47,2,47,47,3,0.021878550799037555,484.0,,3045
587,47,2,36.83012245708102,0.7366024491416203,0.7836196267464046,47,2,47,47,3,0.02187855079903933,484.0,,3045
588,47,2,36.808243906282,0.73616487812564,0.7831541256655745,47,2,47,47,3,0.021878550799037555,484.0,,3045
589,47,2,36.78636535548298,0.7357273071096596,0.7826886245847442,47,2,47,47,3,0.021878550799037555,484.0,,3045
590,47,2,36.76448680468396,0.7352897360936792,0.7822231235039141,47,2,47,47,3,0.02187855079903578,484.0,,3045
591,47,2,36.742608253884946,0.7348521650776989,0.7817576224230838,47,2,47,47,3,0.021878550799037555,484.0,,3045
592,47,2,36.72072970308592,0.7344145940617185,0.7812921213422537,47,2,47,47,3,0.02187855079903933,484.0,,3045
593,47,2,36.6988511522869,0.733977023045738,0.7808266202614234,47,2,47,47,3,0.02187855079903578,484.0,,3045
594,47,2,36.676972601487876,0.7335394520297576,0.7803611191805933,47,2,47,47,3,0.02187855079903933,484.0,,3045
595,47,2,36.65509405068887,0.7331018810137774,0.7798956180997629,47,2,47,47,3,0.021878550799037555,484.0,,3045
596,47,2,36.63321549988985,0.732664309997797,0.7794301170189329,47,2,47,47,3,0.021878550799037555,484.0,,3045
597,47,2,36.61133694909083,0.7322267389818166,0.7789646159381028,47,2,47,47,3,0.021878550799037555,484.0,,3045
598,47,2,36.5894583982918,0.7317891679658359,0.7784991148572724,47,2,47,47,3,0.021878550799037555,484.0,,3045
599,47,2,36.56757984749279,0.7313515969498557,0.7780336137764423,47,2,47,47,3,0.021878550799037555,484.0,,3045
600,47,2,36.54570129669377,0.7309140259338754,0.7775681126956121,47,2,47,47,3,0.021878550799037555,484.0,,3045
601,47,2,36.52382274589475,0.7304764549178949,0.7771026116147819,47,2,47,47,3,0.021878550799037555,484.0,,3045
602,47,2,36.50194419509573,0.7300388839019146,0.7766371105339516,47,2,47,47,3,0.02187855079903578,484.0,,3045
603,47,2,36.48006564429671,0.7296013128859342,0.7761716094531215,47,2,47,47,3,0.021878550799041108,484.0,,3045
604,47,2,36.4581870934977,0.729163741869954,0.7757061083722915,47,2,47,47,3,0.021878550799037555,484.0,,3045
605,47,2,36.43630785810501,0.7287261571621002,0.7752405927256385,47,2,47,47,3,0.02187923539269576,484.0,,3045
606,47,2,36.414428622712336,0.7282885724542467,0.7747750770789861,47,2,47,47,3,0.021879235392693985,484.0,,3049
607,47,2,36.39254938731966,0.7278509877463932,0.7743095614323332,47,2,47,47,3,0.02187923539269576,484.0,,3049
608,47,2,36.37067015192699,0.7274134030385397,0.7738440457856804,47,2,47,47,3,0.02187923539269576,484.0,,3049
609,47,2,36.34879091653431,0.7269758183306863,0.7733785301390281,47,2,47,47,3,0.02187923539269576,484.0,,3049
610,47,2,36.32691168114163,0.7265382336228327,0.7729130144923753,47,2,47,47,3,0.02187923539269576,484.0,,3049
611,47,2,36.30503244574895,0.7261006489149789,0.7724474988457225,47,2,47,47,3,0.021879235392693985,484.0,,3049
612,47,2,36.283153210356275,0.7256630642071255,0.7719819831990695,47,2,47,47,3,0.02187923539269576,484.0,,3049
613,47,2,36.2612739749636,0.725225479499272,0.7715164675524169,47,2,47,47,3,0.02187923539269576,484.0,,3049
614,47,2,36.23939473957092,0.7247878947914184,0.7710509519057642,47,2,47,47,3,0.021879235392697538,484.0,,3049
615,47,2,36.217515504178245,0.7243503100835649,0.7705854362591116,47,2,47,47,3,0.021879235392693985,484.0,,3049
616,47,2,36.19563626878558,0.7239127253757115,0.7701199206124589,47,2,47,47,3,0.021879235392693985,484.0,,3049
617,47,2,36.17375703339288,0.7234751406678577,0.7696544049658063,47,2,47,47,3,0.021879235392697538,484.0,,3049
618,47,2,36.151877798000214,0.7230375559600043,0.7691888893191535,47,2,47,47,3,0.02187923539269576,484.0,,3049
619,47,2,36.129998562607526,0.7225999712521505,0.7687233736725007,47,2,47,47,3,0.021879235392693985,484.0,,3049
620,47,2,36.10811932721486,0.7221623865442972,0.768257858025848,47,2,47,47,3,0.02187923539269576,484.0,,3049
621,47,2,36.086240091822184,0.7217248018364437,0.7677923423791954,47,2,47,47,3,0.02187923539269576,484.0,,3049
622,47,2,36.0643608564295,0.72128721712859,0.7673268267325426,47,2,47,47,3,0.02187923539269576,484.0,,3049
623,47,2,36.04248162103683,0.7208496324207365,0.76686131108589,47,2,47,47,3,0.021879235392693985,484.0,,3049
624,47,2,36.020602385644146,0.7204120477128829,0.766395795439237,47,2,47,47,3,0.02187923539269576,484.0,,3049
625,47,2,35.998723150251465,0.7199744630050293,0.7659302797925842,47,2,47,47,3,0.02187923539269576,484.0,,3049
626,47,2,35.97684391485879,0.7195368782971758,0.7654647641459317,47,2,47,47,3,0.02187923539269576,484.0,,3049
627,47,2,35.954964679466116,0.7190992935893223,0.764999248499279,47,2,47,47,3,0.021879235392693985,484.0,,3049
628,47,2,35.93308544407344,0.7186617088814689,0.7645337328526264,47,2,47,47,3,0.02187923539269576,484.0,,3049
629,47,2,35.91120620868076,0.7182241241736151,0.7640682172059736,47,2,47,47,3,0.02187923539269576,484.0,,3049
630,47,2,35.88932697328808,0.7177865394657615,0.7636027015593209,47,2,47,47,3,0.021879235392697538,484.0,,3049
631,47,2,35.8674477378954,0.7173489547579079,0.7631371859126682,47,2,47,47,3,0.021879235392693985,484.0,,3049
632,47,2,35.84556850250272,0.7169113700500545,0.7626716702660156,47,2,47,47,3,0.021879235392693985,484.0,,3049
633,47,2,35.82368926711004,0.7164737853422009,0.7622061546193626,47,2,47,47,3,0.021879235392697538,484.0,,3049
634,47,2,35.801810031717366,0.7160362006343474,0.7617406389727099,47,2,47,47,3,0.021879235392693985,484.0,,3049
635,47,2,35.77993079632469,0.7155986159264939,0.7612751233260573,47,2,47,47,3,0.021879235392697538,484.0,,3049
636,47,2,35.75805156093201,0.7151610312186402,0.7608096076794046,47,2,47,47,3,0.021879235392693985,484.0,,3049
637,47,2,35.73617232553933,0.7147234465107866,0.7603440920327517,47,2,47,47,3,0.02187923539269576,484.0,,3049
638,47,2,35.71429309014665,0.714285861802933,0.759878576386099,47,2,47,47,3,0.02187923539269576,484.0,,3049
639,47,2,35.69241385475398,0.7138482770950796,0.7594130607394463,47,2,47,47,3,0.021879235392693985,484.0,,3049
640,47,2,35.67053461936129,0.7134106923872259,0.7589475450927936,47,2,47,47,3,0.02187923539269576,484.0,,3049
641,47,2,35.648655383968624,0.7129731076793725,0.758482029446141,47,2,47,47,3,0.02187923539269576,484.0,,3049
642,47,2,35.62677614857595,0.712535522971519,0.7580165137994881,47,2,47,47,3,0.02187923539269576,484.0,,3049
643,47,2,35.60489691318326,0.7120979382636652,0.7575509981528354,47,2,47,47,3,0.02187923539269576,484.0,,3049
644,47,2,35.58301767779059,0.7116603535558119,0.7570854825061827,47,2,47,47,3,0.021879235392693985,484.0,,3049
645,47,2,35.56113844239791,0.7112227688479582,0.7566199668595299,47,2,47,47,3,0.02187923539269576,484.0,,3049
646,47,2,35.53925920700524,0.7107851841401047,0.7561544512128773,47,2,47,47,3,0.021879235392697538,484.0,,3049
647,47,2,35.517379971612556,0.7103475994322511,0.7556889355662246,47,2,47,47,3,0.021879235392693985,484.0,,3049
648,47,2,35.49550073621988,0.7099100147243976,0.755223419919572,47,2,47,47,3,0.02187923539269576,484.0,,3049
649,47,2,35.4736215008272,0.709472430016544,0.7547579042729191,47,2,47,47,3,0.02187923539269576,484.0,,3049
650,47,2,35.45174226543452,0.7090348453086903,0.7542923886262662,47,2,47,47,3,0.02187923539269576,484.0,,3049
651,46,2,35.43457539629441,0.7086915079258883,0.7703168564411831,46,1,46,13,3,0.017166869140115892,274.0,,3049
652,46,2,35.41348623258673,0.7082697246517345,0.7698583963605811,46,2,46,46,3,0.021089163707703307,474.0,,2929
653,46,2,35.39239706887904,0.7078479413775809,0.7693999362799792,46,2,46,46,3,0.021089163707703307,474.0,,2929
654,46,2,35.37130790517136,0.7074261581034272,0.7689414761993775,46,2,46,46,3,0.02108916370770686,474.0,,2929
655,46,2,35.350218741463685,0.7070043748292737,0.7684830161187758,46,2,46,46,3,0.02108916370770686,474.0,,2929
656,46,2,35.329129577756,0.70658259155512,0.7680245560381739,46,2,46,46,3,0.02108916370770153,474.0,,2929
657,46,2,35.30804041404831,0.7061608082809662,0.7675660959575719,46,2,46,46,3,0.021089163707705083,474.0,,2929
658,46,2,35.28695125034063,0.7057390250068125,0.7671076358769702,46,2,46,46,3,0.02108916370770686,474.0,,2929
659,46,2,35.26586208663294,0.7053172417326589,0.7666491757963684,46,2,46,46,3,0.021089163707705083,474.0,,2929
660,46,2,35.244772922925264,0.7048954584585053,0.7661907157157666,46,2,46,46,3,0.021089163707703307,474.0,,2929
661,46,2,35.22368375921758,0.7044736751843516,0.7657322556351646,46,2,46,46,3,0.021089163707705083,474.0,,2929
662,46,2,35.202594595509886,0.7040518919101977,0.7652737955545628,46,2,46,46,3,0.02108916370770686,474.0,,2929
663,46,2,35.18150543180221,0.7036301086360441,0.7648153354739611,46,2,46,46,3,0.02108916370770686,474.0,,2929
664,46,2,35.160416268094515,0.7032083253618903,0.7643568753933591,46,2,46,46,3,0.02108916370770153,474.0,,2929
665,46,2,35.13932710438683,0.7027865420877366,0.7638984153127572,46,2,46,46,3,0.021089163707703307,474.0,,2929
666,46,2,35.11823794067915,0.7023647588135831,0.7634399552321555,46,2,46,46,3,0.02108916370770686,474.0,,2929
667,46,2,35.09714877697147,0.7019429755394294,0.7629814951515538,46,2,46,46,3,0.02108916370770686,474.0,,2929
668,46,2,35.076059613263794,0.7015211922652759,0.7625230350709519,46,2,46,46,3,0.021089163707703307,474.0,,2929
669,46,2,35.0549704495561,0.701099408991122,0.7620645749903501,46,2,46,46,3,0.021089163707705083,474.0,,2929
670,46,2,35.033881285848416,0.7006776257169683,0.7616061149097482,46,2,46,46,3,0.02108916370770686,474.0,,2929
671,46,2,35.01279212214073,0.7002558424428146,0.7611476548291461,46,2,46,46,3,0.021089163707703307,474.0,,2929
672,46,2,34.99170295843305,0.699834059168661,0.7606891947485445,46,2,46,46,3,0.021089163707703307,474.0,,2929
673,46,2,34.97061379472537,0.6994122758945074,0.7602307346679428,46,2,46,46,3,0.021089163707705083,474.0,,2929
674,46,2,34.949524631017674,0.6989904926203535,0.7597722745873408,46,2,46,46,3,0.02108916370770686,474.0,,2929
675,46,2,34.928435467309995,0.6985687093461999,0.7593138145067391,46,2,46,46,3,0.02108916370770686,474.0,,2929
676,46,2,34.90734630360231,0.6981469260720462,0.7588553544261372,46,2,46,46,3,0.021089163707703307,474.0,,2929
677,46,2,34.88625713989463,0.6977251427978927,0.7583968943455355,46,2,46,46,3,0.021089163707703307,474.0,,2929
678,46,2,34.86516797618694,0.6973033595237388,0.7579384342649336,46,2,46,46,3,0.02108916370770686,474.0,,2929
679,46,2,34.84407881247926,0.6968815762495852,0.7574799741843318,46,2,46,46,3,0.021089163707705083,474.0,,2929
680,46,2,34.82298964877158,0.6964597929754316,0.7570215141037299,46,2,46,46,3,0.021089163707703307,474.0,,2929
681,46,2,34.80190048506388,0.6960380097012776,0.7565630540231281,46,2,46,46,3,0.021089163707705083,474.0,,2929
682,46,2,34.780811321356204,0.6956162264271241,0.7561045939425262,46,2,46,46,3,0.02108916370770686,474.0,,2929
683,46,2,34.75972215764852,0.6951944431529704,0.7556461338619244,46,2,46,46,3,0.021089163707705083,474.0,,2929
684,46,2,34.73863299394084,0.6947726598788168,0.7551876737813226,46,2,46,46,3,0.021089163707703307,474.0,,2929
685,46,2,34.71754383023315,0.694350876604663,0.7547292137007205,46,2,46,46,3,0.021089163707705083,474.0,,2929
686,46,2,34.69645466652546,0.6939290933305092,0.7542707536201188,46,2,46,46,3,0.02108916370770686,474.0,,2929
687,46,2,34.67536550281779,0.6935073100563558,0.7538122935395173,46,2,46,46,3,0.021089163707705083,474.0,,2929
688,46,2,34.654276339110105,0.6930855267822021,0.7533538334589152,46,2,46,46,3,0.021089163707703307,474.0,,2929
689,46,2,34.63318717540242,0.6926637435080484,0.7528953733783135,46,2,46,46,3,0.021089163707703307,474.0,,2929
690,46,2,34.61209801169473,0.6922419602338945,0.7524369132977115,46,2,46,46,3,0.02108916370770686,474.0,,2929
691,46,2,34.59100884798705,0.691820176959741,0.7519784532171098,46,2,46,46,3,0.02108916370770686,474.0,,2929
692,46,2,34.56991968427937,0.6913983936855874,0.7515199931365081,46,2,46,46,3,0.021089163707703307,474.0,,2929
693,46,2,34.548830520571684,0.6909766104114337,0.7510615330559061,46,2,46,46,3,0.021089163707705083,474.0,,2929
694,46,2,34.52774135686399,0.6905548271372798,0.7506030729753043,46,2,46,46,3,0.02108916370770686,474.0,,2929
695,46,2,34.506652193156306,0.6901330438631261,0.7501446128947025,46,2,46,46,3,0.021089163707705083,474.0,,2929
696,46,2,34.48556302944863,0.6897112605889726,0.7496861528141004,46,2,46,46,3,0.02108916370770153,474.0,,2929
697,46,2,34.464473865740935,0.6892894773148187,0.7492276927334985,46,2,46,46,3,0.021089163707705083,474.0,,2929
698,46,2,34.44338470203326,0.6888676940406653,0.7487692326528971,46,2,46,46,3,0.02108916370770686,474.0,,2929
699,46,2,34.42229553832558,0.6884459107665115,0.7483107725722952,46,2,46,46,3,0.02108916370770686,474.0,,2929
700,46,2,34.40120637461789,0.6880241274923579,0.7478523124916933,46,2,46,46,3,0.021089163707703307,474.0,,2929
701,46,2,34.38011721091021,0.6876023442182041,0.7473938524110915,46,2,46,46,3,0.021089163707703307,474.0,,2929
702,46,2,34.359028047202514,0.6871805609440503,0.7469353923304896,46,2,46,46,3,0.02108916370770686,474.0,,2929
703,46,2,34.337938883494836,0.6867587776698967,0.7464769322498879,46,2,46,46,3,0.02108916370770686,474.0,,2929
704,46,2,34.31684971978715,0.686336994395743,0.7460184721692857,46,2,46,46,3,0.02108916370770153,474.0,,2929
705,46,2,34.295760556079465,0.6859152111215893,0.745560012088684,46,2,46,46,3,0.021089163707705083,474.0,,2929
706,46,2,34.27467139237178,0.6854934278474356,0.7451015520080823,46,2,46,46,3,0.02108916370770686,474.0,,2929
707,46,2,34.253582228664094,0.6850716445732818,0.7446430919274803,46,2,46,46,3,0.021089163707705083,474.0,,2929
708,46,2,34.23249306495642,0.6846498612991284,0.7441846318468788,46,2,46,46,3,0.021089163707703307,474.0,,2929
709,46,2,34.21140390124874,0.6842280780249748,0.7437261717662769,46,2,46,46,3,0.021089163707705083,474.0,,2929
710,46,2,34.19031473754105,0.683806294750821,0.7432677116856748,46,2,46,46,3,0.02108916370770686,474.0,,2929
711,46,2,34.169225573833366,0.6833845114766673,0.7428092516050732,46,2,46,46,3,0.02108916370770686,474.0,,2929
712,46,2,34.14813641012568,0.6829627282025136,0.7423507915244713,46,2,46,46,3,0.02108916370770153,474.0,,2929
713,46,2,34.127047246417995,0.6825409449283599,0.7418923314438695,46,2,46,46,3,0.021089163707705083,474.0,,2929
714,46,2,34.1059580827103,0.682119161654206,0.7414338713632675,46,2,46,46,3,0.021089163707705083,474.0,,2929
715,46,2,34.08486891900262,0.6816973783800525,0.7409754112826658,46,2,46,46,3,0.02108916370770686,474.0,,2929
716,46,2,34.06377975529494,0.6812755951058987,0.7405169512020638,46,2,46,46,3,0.021089163707703307,474.0,,2929
717,46,2,34.04269059158726,0.6808538118317452,0.740058491121462,46,2,46,46,3,0.021089163707697978,474.0,,2929
718,46,2,34.02160142787957,0.6804320285575913,0.7396000310408601,46,2,46,46,3,0.021089163707699754,474.0,,2929
719,46,2,34.00051226417189,0.6800102452834378,0.7391415709602585,46,2,46,46,3,0.021089163707699754,474.0,,2929
720,46,2,33.9794231004642,0.679588462009284,0.7386831108796568,46,2,46,46,3,0.0210891637076962,474.0,,2929
721,46,2,33.95833393675651,0.6791666787351303,0.7382246507990545,46,2,46,46,3,0.021089163707699754,474.0,,2929
722,46,2,33.93724477304883,0.6787448954609766,0.7377661907184528,46,2,46,46,3,0.0210891637076962,474.0,,2929
723,46,2,33.916155609341146,0.678323112186823,0.7373077306378508,46,2,46,46,3,0.021089163707699754,474.0,,2929
724,46,2,33.89506644563346,0.6779013289126692,0.7368492705572491,46,2,46,46,3,0.021089163707699754,474.0,,2929
725,46,2,33.873977281925775,0.6774795456385155,0.7363908104766473,46,2,46,46,3,0.021089163707699754,474.0,,2929
726,46,2,33.85288811821809,0.6770577623643618,0.7359323503960454,46,2,46,46,3,0.0210891637076962,474.0,,2929
727,46,2,33.8317989545104,0.6766359790902079,0.7354738903154435,46,2,46,46,3,0.021089163707699754,474.0,,2929
728,46,2,33.81070979080271,0.6762141958160542,0.7350154302348415,46,2,46,46,3,0.021089163707699754,474.0,,2929
729,46,2,33.78962062709503,0.6757924125419007,0.7345569701542397,46,2,46,46,3,0.021089163707699754,474.0,,2929
730,46,2,33.76853146338734,0.6753706292677468,0.734098510073638,46,2,46,46,3,0.0210891637076962,474.0,,2929
731,46,2,33.74744229967966,0.6749488459935933,0.7336400499930363,46,2,46,46,3,0.021089163707699754,474.0,,2929
732,46,2,33.72635313597198,0.6745270627194396,0.7331815899124344,46,2,46,46,3,0.021089163707699754,474.0,,2929
733,46,2,33.7052639722643,0.674105279445286,0.7327231298318324,46,2,46,46,3,0.021089163707699754,474.0,,2929
734,46,2,33.684174808556605,0.6736834961711321,0.7322646697512305,46,2,46,46,3,0.0210891637076962,474.0,,2929
735,46,2,33.66308564484892,0.6732617128969784,0.7318062096706287,46,2,46,46,3,0.021089163707699754,474.0,,2929
736,46,2,33.64199648114123,0.6728399296228246,0.7313477495900268,46,2,46,46,3,0.021089163707699754,474.0,,2929
737,46,2,33.62090731743355,0.6724181463486709,0.730889289509425,46,2,46,46,3,0.021089163707699754,474.0,,2929
738,46,2,33.59981815372586,0.6719963630745173,0.7304308294288231,46,2,46,46,3,0.0210891637076962,474.0,,2929
739,46,2,33.57872899001818,0.6715745798003635,0.7299723693482213,46,2,46,46,3,0.021089163707699754,474.0,,2929
740,46,2,33.55763982631049,0.6711527965262098,0.7295139092676195,46,2,46,46,3,0.021089163707699754,474.0,,2929
741,46,2,33.536550662602814,0.6707310132520563,0.7290554491870177,46,2,46,46,3,0.021089163707699754,474.0,,2929
742,46,2,33.51546149889513,0.6703092299779025,0.7285969891064157,46,2,46,46,3,0.0210891637076962,474.0,,2929
743,46,2,33.494372335187435,0.6698874467037487,0.728138529025814,46,2,46,46,3,0.021089163707699754,474.0,,2929
744,45,2,33.47419410288077,0.6694838820576154,0.743870980064017,45,1,45,5,3,0.020178232306683697,114.0,,2929
745,45,2,33.45364842401531,0.6690729684803063,0.7434144094225625,45,2,45,45,3,0.02054567886548142,464.0,,2824
746,45,2,33.43310274514985,0.668662054902997,0.742957838781108,45,2,45,45,3,0.020545678865477868,464.0,,2824
747,45,2,33.41255706628439,0.6682511413256879,0.7425012681396533,45,2,45,45,3,0.020545678865477868,464.0,,2824
748,45,2,33.39201138741895,0.6678402277483789,0.7420446974981988,45,2,45,45,3,0.020545678865477868,464.0,,2824
749,45,2,33.37146570855349,0.6674293141710698,0.741588126856744,45,2,45,45,3,0.02054567886548142,464.0,,2824
750,45,2,33.350920029688034,0.6670184005937607,0.7411315562152895,45,2,45,45,3,0.020545678865474315,464.0,,2824
751,45,2,33.33037435082258,0.6666074870164516,0.7406749855738352,45,2,45,45,3,0.02054567886548142,464.0,,2824
752,45,2,33.30982867195711,0.6661965734391423,0.7402184149323803,45,2,45,45,3,0.020545678865477868,464.0,,2824
753,45,2,33.28928299309167,0.6657856598618334,0.739761844290926,45,2,45,45,3,0.020545678865477868,464.0,,2824
754,45,2,33.268737314226215,0.6653747462845243,0.7393052736494713,45,2,45,45,3,0.020545678865477868,464.0,,2824
755,45,2,33.24819163536075,0.6649638327072149,0.7388487030080167,45,2,45,45,3,0.02054567886548142,464.0,,2824
756,45,2,33.2276459564953,0.664552919129906,0.7383921323665622,45,2,45,45,3,0.020545678865477868,464.0,,2824
757,45,2,33.20710027762985,0.664142005552597,0.7379355617251078,45,2,45,45,3,0.020545678865477868,464.0,,2824
758,45,2,33.186554598764396,0.6637310919752879,0.7374789910836532,45,2,45,45,3,0.02054567886548142,464.0,,2824
759,45,2,33.16600891989893,0.6633201783979785,0.7370224204421985,45,2,45,45,3,0.020545678865474315,464.0,,2824
760,45,2,33.145463241033475,0.6629092648206695,0.7365658498007439,45,2,45,45,3,0.02054567886548142,464.0,,2824
761,45,2,33.12491756216802,0.6624983512433604,0.7361092791592893,45,2,45,45,3,0.020545678865477868,464.0,,2824
762,45,2,33.10437188330256,0.6620874376660513,0.7356527085178347,45,2,45,45,3,0.02054567886548142,464.0,,2824
763,45,2,33.08382620443711,0.6616765240887422,0.7351961378763802,45,2,45,45,3,0.020545678865474315,464.0,,2824
764,45,2,33.063280525571656,0.6612656105114332,0.7347395672349257,45,2,45,45,3,0.02054567886548142,464.0,,2824
765,45,2,33.042734846706196,0.6608546969341239,0.7342829965934711,45,2,45,45,3,0.020545678865477868,464.0,,2824
766,45,2,33.02218916784074,0.6604437833568149,0.7338264259520165,45,2,45,45,3,0.020545678865477868,464.0,,2824
767,45,2,33.00164348897529,0.6600328697795058,0.733369855310562,45,2,45,45,3,0.020545678865477868,464.0,,2824
768,45,2,32.98109781010982,0.6596219562021964,0.7329132846691072,45,2,45,45,3,0.02054567886548142,464.0,,2824
769,45,2,32.96055213124437,0.6592110426248874,0.7324567140276528,45,2,45,45,3,0.020545678865477868,464.0,,2824
770,45,2,32.94000645237892,0.6588001290475783,0.7320001433861983,45,2,45,45,3,0.02054567886548142,464.0,,2824
771,45,2,32.91946077351346,0.6583892154702692,0.7315435727447437,45,2,45,45,3,0.020545678865474315,464.0,,2824
772,45,2,32.898915094648004,0.65797830189296,0.7310870021032891,45,2,45,45,3,0.02054567886548142,464.0,,2824
773,45,2,32.87836941578255,0.657567388315651,0.7306304314618345,45,2,45,45,3,0.020545678865477868,464.0,,2824
774,45,2,32.8578237369171,0.6571564747383419,0.7301738608203799,45,2,45,45,3,0.02054567886548142,464.0,,2824
775,45,2,32.837278058051645,0.6567455611610329,0.7297172901789253,45,2,45,45,3,0.020545678865474315,464.0,,2824
776,45,2,32.816732379186185,0.6563346475837237,0.7292607195374707,45,2,45,45,3,0.02054567886548142,464.0,,2824
777,45,2,32.79618670032073,0.6559237340064147,0.7288041488960163,45,2,45,45,3,0.020545678865477868,464.0,,2824
778,45,2,32.77564102145527,0.6555128204291054,0.7283475782545616,45,2,45,45,3,0.020545678865477868,464.0,,2824
779,45,2,32.75509534258982,0.6551019068517964,0.7278910076131071,45,2,45,45,3,0.020545678865477868,464.0,,2824
780,45,2,32.73454966372436,0.6546909932744872,0.7274344369716524,45,2,45,45,3,0.020545678865477868,464.0,,2824
781,45,2,32.7140039848589,0.6542800796971779,0.7269778663301978,45,2,45,45,3,0.02054567886548142,464.0,,2824
782,45,2,32.693458305993445,0.6538691661198689,0.7265212956887432,45,2,45,45,3,0.020545678865477868,464.0,,2824
783,45,2,32.67291262712799,0.6534582525425598,0.7260647250472886,45,2,45,45,3,0.020545678865477868,464.0,,2824
784,45,2,32.65236694826253,0.6530473389652507,0.725608154405834,45,2,45,45,3,0.02054567886548142,464.0,,2824
785,45,2,32.631821269397086,0.6526364253879418,0.7251515837643797,45,2,45,45,3,0.020545678865477868,464.0,,2824
786,45,2,32.61127559053162,0.6522255118106324,0.7246950131229248,45,2,45,45,3,0.020545678865477868,464.0,,2824
787,45,2,32.590729911666166,0.6518145982333233,0.7242384424814704,45,2,45,45,3,0.020545678865477868,464.0,,2824
788,45,2,32.57018423280071,0.6514036846560143,0.7237818718400159,45,2,45,45,3,0.02054567886548142,464.0,,2824
789,45,2,32.54963855393525,0.650992771078705,0.7233253011985612,45,2,45,45,3,0.020545678865477868,464.0,,2824
790,45,2,32.5290928750698,0.650581857501396,0.7228687305571067,45,2,45,45,3,0.020545678865477868,464.0,,2824
791,45,2,32.50854719620434,0.6501709439240868,0.722412159915652,45,2,45,45,3,0.020545678865477868,464.0,,2824
792,45,2,32.48800151733889,0.6497600303467778,0.7219555892741975,45,2,45,45,3,0.020545678865477868,464.0,,2824
793,45,2,32.467455838473434,0.6493491167694687,0.7214990186327428,45,2,45,45,3,0.02054567886548142,464.0,,2824
794,45,2,32.446910159607974,0.6489382031921594,0.7210424479912884,45,2,45,45,3,0.02054567886548142,464.0,,2824
795,45,2,32.425634620593875,0.6485126924118775,0.7205696582354194,45,2,45,45,3,0.021275539014119715,464.0,,2824
796,45,2,32.40435908157977,0.6480871816315954,0.7200968684795505,45,2,45,45,3,0.021275539014119715,464.0,,2824
797,45,2,32.38308354256567,0.6476616708513134,0.7196240787236816,45,2,45,45,3,0.021275539014123268,464.0,,2824
798,45,2,32.361808003551566,0.6472361600710314,0.7191512889678128,45,2,45,45,3,0.02127553901412682,464.0,,2824
799,45,2,32.34053246453747,0.6468106492907494,0.7186784992119437,45,2,45,45,3,0.021275539014123268,464.0,,2824
800,45,2,32.31925692552337,0.6463851385104674,0.7182057094560749,45,2,45,45,3,0.021275539014123268,464.0,,2824
801,45,2,32.297981386509264,0.6459596277301852,0.7177329197002058,45,2,45,45,3,0.021275539014119715,464.0,,2824
802,45,2,32.27670584749516,0.6455341169499031,0.7172601299443369,45,2,45,45,3,0.02127553901412682,464.0,,2824
803,45,2,32.25543030848106,0.6451086061696212,0.716787340188468,45,2,45,45,3,0.021275539014123268,464.0,,2824
804,45,2,32.23415476946696,0.6446830953893392,0.7163145504325992,45,2,45,45,3,0.021275539014116163,464.0,,2824
805,45,2,32.21287923045286,0.6442575846090572,0.7158417606767303,45,2,45,45,3,0.021275539014123268,464.0,,2824
806,45,2,32.19160369143876,0.6438320738287752,0.7153689709208613,45,2,45,45,3,0.021275539014130374,464.0,,2824
807,45,2,32.17032815242465,0.6434065630484931,0.7148961811649923,45,2,45,45,3,0.021275539014123268,464.0,,2824
808,45,2,32.149052613410554,0.6429810522682111,0.7144233914091234,45,2,45,45,3,0.021275539014119715,464.0,,2824
809,45,2,32.127777074396455,0.6425555414879291,0.7139506016532545,45,2,45,45,3,0.021275539014119715,464.0,,2824
810,45,2,32.10650153538235,0.642130030707647,0.7134778118973856,45,2,45,45,3,0.02127553901412682,464.0,,2824
811,45,2,32.08522599636825,0.641704519927365,0.7130050221415167,45,2,45,45,3,0.021275539014123268,464.0,,2824
812,45,2,32.063950457354146,0.6412790091470829,0.7125322323856479,45,2,45,45,3,0.021275539014119715,464.0,,2824
813,45,2,32.04267491834005,0.6408534983668009,0.7120594426297788,45,2,45,45,3,0.021275539014123268,464.0,,2824
814,45,2,32.02139937932594,0.6404279875865189,0.71158665287391,45,2,45,45,3,0.02127553901412682,464.0,,2824
815,45,2,32.00012384031184,0.6400024768062369,0.7111138631180409,45,2,45,45,3,0.021275539014123268,464.0,,2824
816,45,2,31.978848301297738,0.6395769660259547,0.710641073362172,45,2,45,45,3,0.021275539014123268,464.0,,2824
817,45,2,31.957572762283643,0.6391514552456729,0.7101682836063032,45,2,45,45,3,0.021275539014116163,464.0,,2824
818,45,2,31.93629722326954,0.6387259444653908,0.7096954938504342,45,2,45,45,3,0.02127553901412682,464.0,,2824
819,45,2,31.91502168425544,0.6383004336851088,0.7092227040945653,45,2,45,45,3,0.02127553901412682,464.0,,2824
820,45,2,31.893746145241334,0.6378749229048267,0.7087499143386964,45,2,45,45,3,0.021275539014119715,464.0,,2824
821,45,2,31.872470606227235,0.6374494121245448,0.7082771245828274,45,2,45,45,3,0.021275539014119715,464.0,,2824
822,45,2,31.851195067213133,0.6370239013442627,0.7078043348269585,45,2,45,45,3,0.02127553901412682,464.0,,2824
823,45,2,31.82991952819903,0.6365983905639806,0.7073315450710896,45,2,45,45,3,0.021275539014123268,464.0,,2824
824,45,2,31.80864398918493,0.6361728797836986,0.7068587553152207,45,2,45,45,3,0.021275539014123268,464.0,,2824
825,45,2,31.78736845017083,0.6357473690034167,0.7063859655593518,45,2,45,45,3,0.021275539014123268,464.0,,2824
826,45,2,31.766092911156726,0.6353218582231345,0.7059131758034828,45,2,45,45,3,0.021275539014123268,464.0,,2824
827,45,2,31.744817372142627,0.6348963474428525,0.7054403860476139,45,2,45,45,3,0.021275539014123268,464.0,,2824
828,45,2,31.723541833128525,0.6344708366625705,0.704967596291745,45,2,45,45,3,0.021275539014119715,464.0,,2824
829,45,2,31.702266294114423,0.6340453258822885,0.704494806535876,45,2,45,45,3,0.021275539014123268,464.0,,2824
830,45,2,31.680990755100325,0.6336198151020065,0.7040220167800073,45,2,45,45,3,0.021275539014123268,464.0,,2824
831,45,2,31.65971521608622,0.6331943043217244,0.7035492270241382,45,2,45,45,3,0.021275539014123268,464.0,,2824
832,45,2,31.63843967707212,0.6327687935414424,0.7030764372682694,45,2,45,45,3,0.02127553901412682,464.0,,2824
833,45,2,31.61724717009173,0.6323449434018346,0.702605492668705,45,2,45,45,3,0.021192506980408865,464.0,,2820
834,45,2,31.596701491226266,0.6319340298245253,0.7021489220272503,45,2,45,45,3,0.02054567886548142,464.0,,2824
835,45,2,31.576155812360817,0.6315231162472164,0.7016923513857959,45,2,45,45,3,0.020545678865477868,464.0,,2824
836,45,2,31.55561013349536,0.6311122026699072,0.7012357807443413,45,2,45,45,3,0.020545678865474315,464.0,,2824
837,45,2,31.535064454629904,0.630701289092598,0.7007792101028868,45,2,45,45,3,0.02054567886548142,464.0,,2824
838,45,2,31.514518775764447,0.630290375515289,0.7003226394614321,45,2,45,45,3,0.02054567886548142,464.0,,2824
839,45,2,31.493973096898987,0.6298794619379797,0.6998660688199776,45,2,45,45,3,0.020545678865477868,464.0,,2824
840,45,2,31.473427418033534,0.6294685483606707,0.6994094981785229,45,2,45,45,3,0.02054567886548142,464.0,,2824
841,45,2,31.45288173916808,0.6290576347833616,0.6989529275370685,45,2,45,45,3,0.020545678865474315,464.0,,2824
842,45,2,31.43233606030262,0.6286467212060525,0.6984963568956138,45,2,45,45,3,0.02054567886548142,464.0,,2824
843,45,2,31.411790381437164,0.6282358076287433,0.6980397862541592,45,2,45,45,3,0.020545678865474315,464.0,,2824
844,45,2,31.391244702571708,0.6278248940514342,0.6975832156127046,45,2,45,45,3,0.02054567886548142,464.0,,2824
845,45,2,31.37069902370625,0.627413980474125,0.6971266449712502,45,2,45,45,3,0.020545678865477868,464.0,,2824
846,45,2,31.3501533448408,0.627003066896816,0.6966700743297956,45,2,45,45,3,0.02054567886548142,464.0,,2824
847,45,2,31.32960766597534,0.6265921533195068,0.6962135036883409,45,2,45,45,3,0.020545678865477868,464.0,,2824
848,45,2,31.30906198710989,0.6261812397421977,0.6957569330468863,45,2,45,45,3,0.020545678865477868,464.0,,2824
849,45,2,31.28851630824443,0.6257703261648886,0.6953003624054318,45,2,45,45,3,0.020545678865477868,464.0,,2824
850,45,2,31.26797062937897,0.6253594125875793,0.694843791763977,45,2,45,45,3,0.020545678865477868,464.0,,2824
851,45,2,31.247424950513516,0.6249484990102703,0.6943872211225225,45,2,45,45,3,0.02054567886548142,464.0,,2824
852,45,2,31.226879271648055,0.6245375854329611,0.693930650481068,45,2,45,45,3,0.020545678865474315,464.0,,2824
853,45,2,31.206333592782592,0.6241266718556518,0.6934740798396133,45,2,45,45,3,0.02054567886548142,464.0,,2824
854,45,2,31.185787913917142,0.6237157582783428,0.6930175091981587,45,2,45,45,3,0.02054567886548142,464.0,,2824
855,45,2,31.16451237490304,0.6232902474980608,0.6925447194422898,45,2,45,45,3,0.021275539014119715,464.0,,2824
856,45,2,31.14323683588894,0.6228647367177788,0.692071929686421,45,2,45,45,3,0.021275539014119715,464.0,,2824
857,45,2,31.121961296874833,0.6224392259374967,0.6915991399305519,45,2,45,45,3,0.02127553901412682,464.0,,2824
858,45,2,31.100685757860735,0.6220137151572147,0.6911263501746829,45,2,45,45,3,0.02127553901412682,464.0,,2824
859,45,2,31.07941021884663,0.6215882043769326,0.690653560418814,45,2,45,45,3,0.021275539014123268,464.0,,2824
860,45,2,31.05821771186624,0.6211643542373249,0.6901826158192498,45,2,45,45,3,0.021192506980408865,464.0,,2819
861,45,2,31.036942172852136,0.6207388434570427,0.6897098260633808,45,2,45,45,3,0.021275539014123268,464.0,,2824
862,45,2,31.015749665871745,0.6203149933174349,0.6892388814638165,45,2,45,45,3,0.021192506980412418,464.0,,2819
863,45,2,30.994557158891354,0.6198911431778271,0.6887679368642524,45,2,45,45,3,0.02119250698041597,464.0,,2819
864,45,2,30.97336465191096,0.6194672930382192,0.6882969922646879,45,2,45,45,3,0.021192506980412418,464.0,,2819
865,45,2,30.95217214493056,0.6190434428986112,0.6878260476651236,45,2,45,45,3,0.021192506980412418,464.0,,2819
866,45,2,30.930979637950173,0.6186195927590035,0.6873551030655594,45,2,45,45,3,0.02119250698041597,464.0,,2819
867,45,2,30.909787130969782,0.6181957426193957,0.6868841584659952,45,2,45,45,3,0.021192506980408865,464.0,,2819
868,45,2,30.888594623989388,0.6177718924797877,0.6864132138664308,45,2,45,45,3,0.02119250698041597,464.0,,2819
869,45,2,30.867402117009,0.61734804234018,0.6859422692668665,45,2,45,45,3,0.02119250698041597,464.0,,2819
870,45,2,30.846209610028602,0.616924192200572,0.6854713246673023,45,2,45,45,3,0.021192506980412418,464.0,,2819
871,45,2,30.82501710304821,0.6165003420609643,0.6850003800677381,45,2,45,45,3,0.021192506980412418,464.0,,2819
872,45,2,30.803824596067816,0.6160764919213563,0.6845294354681736,45,2,45,45,3,0.021192506980408865,464.0,,2819
873,45,2,30.78263208908742,0.6156526417817484,0.6840584908686095,45,2,45,45,3,0.02119250698041597,464.0,,2819
874,45,2,30.761439582107037,0.6152287916421407,0.6835875462690452,45,2,45,45,3,0.02119250698041597,464.0,,2819
875,45,2,30.74024707512664,0.6148049415025327,0.6831166016694808,45,2,45,45,3,0.021192506980412418,464.0,,2819
876,45,2,30.719054568146248,0.614381091362925,0.6826456570699168,45,2,45,45,3,0.02119250698041597,464.0,,2819
877,45,2,30.697862061165853,0.6139572412233171,0.6821747124703523,45,2,45,45,3,0.021192506980408865,464.0,,2819
878,45,2,30.676669554185462,0.6135333910837093,0.681703767870788,45,2,45,45,3,0.02119250698041597,464.0,,2819
879,45,2,30.655477047205068,0.6131095409441013,0.6812328232712237,45,2,45,45,3,0.021192506980412418,464.0,,2819
880,45,2,30.63428454022468,0.6126856908044936,0.6807618786716596,45,2,45,45,3,0.021192506980405312,464.0,,2819
881,45,2,30.613092033244286,0.6122618406648858,0.6802909340720953,45,2,45,45,3,0.021192506980373338,464.0,,2819
882,45,2,30.591899526263894,0.6118379905252779,0.6798199894725309,45,2,45,45,3,0.02119250698037689,464.0,,2819
883,45,2,30.5707070192835,0.61141414038567,0.6793490448729667,45,2,45,45,3,0.02119250698037689,464.0,,2819
884,45,2,30.549514512303112,0.6109902902460622,0.6788781002734023,45,2,45,45,3,0.021192506980369785,464.0,,2819
885,45,2,30.528322005322714,0.6105664401064543,0.678407155673838,45,2,45,45,3,0.02119250698037689,464.0,,2819
886,45,2,30.50712949834232,0.6101425899668463,0.6779362110742738,45,2,45,45,3,0.021192506980380443,464.0,,2819
887,45,2,30.485936991361932,0.6097187398272387,0.6774652664747097,45,2,45,45,3,0.021192506980373338,464.0,,2819
888,45,2,30.46474448438154,0.6092948896876308,0.6769943218751453,45,2,45,45,3,0.021192506980373338,464.0,,2819
889,45,2,30.443551977401142,0.6088710395480228,0.676523377275581,45,2,45,45,3,0.021192506980369785,464.0,,2819
890,45,2,30.42235947042075,0.608447189408415,0.6760524326760167,45,2,45,45,3,0.021192506980383996,464.0,,2820
891,45,2,30.40116696344036,0.6080233392688073,0.6755814880764525,45,2,45,45,3,0.021192506980373338,464.0,,2820
892,45,2,30.37997445645997,0.6075994891291994,0.6751105434768883,45,2,45,45,3,0.021192506980373338,464.0,,2820
893,45,2,30.358781949479575,0.6071756389895915,0.6746395988773238,45,2,45,45,3,0.021192506980373338,464.0,,2820
894,45,2,30.33758944249918,0.6067517888499836,0.6741686542777595,45,2,45,45,3,0.02119250698037689,464.0,,2820
895,45,2,30.316396935518792,0.6063279387103758,0.6736977096781954,45,2,45,45,3,0.021192506980380443,464.0,,2820
896,45,2,30.295204428538394,0.6059040885707678,0.673226765078631,45,2,45,45,3,0.021192506980369785,464.0,,2820
897,45,2,30.274011921558,0.60548023843116,0.6727558204790667,45,2,45,45,3,0.021192506980373338,464.0,,2820
898,45,2,30.252819414577612,0.6050563882915523,0.6722848758795026,45,2,45,45,3,0.021192506980380443,464.0,,2820
899,45,2,30.23162690759722,0.6046325381519444,0.6718139312799382,45,2,45,45,3,0.021192506980373338,464.0,,2820
900,45,2,30.210434400616826,0.6042086880123365,0.671342986680374,45,2,45,45,3,0.02119250698037689,464.0,,2820
901,45,2,30.189241893636435,0.6037848378727287,0.6708720420808096,45,2,45,45,3,0.021192506980369785,464.0,,2820
902,45,2,30.16804938665604,0.6033609877331209,0.6704010974812452,45,2,45,45,3,0.021192506980380443,464.0,,2820
903,45,2,30.14685687967565,0.602937137593513,0.6699301528816811,45,2,45,45,3,0.02119250698037689,464.0,,2820
904,45,2,30.125664372695255,0.6025132874539051,0.6694592082821167,45,2,45,45,3,0.021192506980369785,464.0,,2820
905,45,2,30.104471865714864,0.6020894373142973,0.6689882636825525,45,2,45,45,3,0.021192506980373338,464.0,,2820
906,45,2,30.083279358734472,0.6016655871746894,0.6685173190829882,45,2,45,45,3,0.021192506980380443,464.0,,2820
907,45,2,30.062086851754078,0.6012417370350815,0.668046374483424,45,2,45,45,3,0.02119250698037689,464.0,,2820
908,45,2,30.040894344773687,0.6008178868954738,0.6675754298838599,45,2,45,45,3,0.021192506980369785,464.0,,2820
909,45,2,30.019701837793296,0.6003940367558659,0.6671044852842953,45,2,45,45,3,0.021192506980373338,464.0,,2820
910,45,2,29.998509330812897,0.5999701866162579,0.666633540684731,45,2,45,45,3,0.021192506980380443,464.0,,2820
911,45,2,29.977316823832506,0.5995463364766501,0.6661625960851669,45,2,45,45,3,0.02119250698037689,464.0,,2820
912,45,2,29.95612431685212,0.5991224863370423,0.6656916514856026,45,2,45,45,3,0.021192506980373338,464.0,,2820
913,45,2,29.93493180987172,0.5986986361974345,0.6652207068860383,45,2,45,45,3,0.021192506980369785,464.0,,2820
914,45,2,29.913739302891333,0.5982747860578267,0.664749762286474,45,2,45,45,3,0.021192506980380443,464.0,,2820
915,45,2,29.89254679591094,0.5978509359182188,0.6642788176869098,45,2,45,45,3,0.02119250698037689,464.0,,2820
916,45,2,29.87135428893055,0.597427085778611,0.6638078730873455,45,2,45,45,3,0.021192506980373338,464.0,,2820
917,45,2,29.850161781950153,0.597003235639003,0.6633369284877811,45,2,45,45,3,0.021192506980373338,464.0,,2820
918,45,2,29.82896927496976,0.5965793854993953,0.6628659838882168,45,2,45,45,3,0.02119250698037689,464.0,,2820
919,45,2,29.80777676798937,0.5961555353597874,0.6623950392886526,45,2,45,45,3,0.02119250698037689,464.0,,2820
920,45,2,29.78658426100898,0.5957316852201796,0.6619240946890883,45,2,45,45,3,0.021192506980369785,464.0,,2820
921,45,2,29.76539175402858,0.5953078350805716,0.661453150089524,45,2,45,45,3,0.021192506980373338,464.0,,2820
922,45,2,29.744199247048194,0.5948839849409638,0.6609822054899597,45,2,45,45,3,0.021192506980383996,464.0,,2820
923,45,2,29.7230067400678,0.594460134801356,0.6605112608903956,45,2,45,45,3,0.021192506980373338,464.0,,2820
924,45,2,29.701814233087408,0.5940362846617482,0.6600403162908313,45,2,45,45,3,0.021192506980373338,464.0,,2820
925,45,2,29.680621726107013,0.5936124345221403,0.659569371691267,45,2,45,45,3,0.021192506980369785,464.0,,2820
926,45,2,29.659429219126622,0.5931885843825324,0.6590984270917027,45,2,45,45,3,0.021192506980380443,464.0,,2820
927,45,2,29.63823671214623,0.5927647342429246,0.6586274824921385,45,2,45,45,3,0.021192506980380443,464.0,,2820
928,45,2,29.617044205165836,0.5923408841033168,0.6581565378925741,45,2,45,45,3,0.021192506980369785,464.0,,2820
929,45,2,29.59585169818544,0.5919170339637089,0.6576855932930098,45,2,45,45,3,0.021192506980373338,464.0,,2820
930,45,2,29.57465919120505,0.591493183824101,0.6572146486934456,45,2,45,45,3,0.02119250698037689,464.0,,2820
931,45,2,29.553466684224656,0.5910693336844931,0.6567437040938813,45,2,45,45,3,0.02119250698037689,464.0,,2820
932,45,2,29.532274177244265,0.5906454835448853,0.656272759494317,45,2,45,45,3,0.021192506980373338,464.0,,2820
933,45,2,29.511081670263877,0.5902216334052776,0.6558018148947528,45,2,45,45,3,0.021192506980373338,464.0,,2820
934,45,2,29.489889163283483,0.5897977832656697,0.6553308702951884,45,2,45,45,3,0.021192506980380443,464.0,,2820
935,45,2,29.46869665630309,0.5893739331260618,0.6548599256956243,45,2,45,45,3,0.021192506980373338,464.0,,2820
936,45,2,29.447504149322697,0.5889500829864539,0.6543889810960598,45,2,45,45,3,0.021192506980373338,464.0,,2820
937,45,2,29.426311642342306,0.5885262328468461,0.6539180364964957,45,2,45,45,3,0.021192506980369785,464.0,,2820
938,45,2,29.405119135361915,0.5881023827072382,0.6534470918969313,45,2,45,45,3,0.021192506980383996,464.0,,2820
939,45,2,29.38392662838152,0.5876785325676304,0.6529761472973671,45,2,45,45,3,0.02119250698037689,464.0,,2820
940,45,2,29.362734121401132,0.5872546824280227,0.652505202697803,45,2,45,45,3,0.021192506980369785,464.0,,2820
941,45,2,29.341541614420734,0.5868308322884147,0.6520342580982386,45,2,45,45,3,0.021192506980373338,464.0,,2820
942,45,2,29.32034910744034,0.5864069821488068,0.6515633134986742,45,2,45,45,3,0.02119250698037689,464.0,,2820
943,45,2,29.299156600459952,0.585983132009199,0.6510923688991099,45,2,45,45,3,0.021192506980380443,464.0,,2820
944,45,2,29.277964093479557,0.5855592818695912,0.6506214242995457,45,2,45,45,3,0.021192506980373338,464.0,,2820
945,45,2,29.256771586499166,0.5851354317299833,0.6501504796999815,45,2,45,45,3,0.021192506980369785,464.0,,2820
946,45,2,29.23557907951877,0.5847115815903754,0.6496795351004171,45,2,45,45,3,0.021192506980380443,464.0,,2820
947,45,2,29.21438657253838,0.5842877314507676,0.6492085905008529,45,2,45,45,3,0.021192506980373338,464.0,,2820
948,45,2,29.19319406555799,0.5838638813111597,0.6487376459012887,45,2,45,45,3,0.021192506980373338,464.0,,2820
949,45,2,29.172001558577595,0.5834400311715519,0.6482667013017243,45,2,45,45,3,0.02119250698037689,464.0,,2820
950,45,2,29.1508090515972,0.583016181031944,0.64779575670216,45,2,45,45,3,0.02119250698037689,464.0,,2820
951,45,2,29.129616544616812,0.5825923308923362,0.647324812102596,45,2,45,45,3,0.02119250698037689,464.0,,2820
952,45,2,29.108424037636418,0.5821684807527283,0.6468538675030315,45,2,45,45,3,0.021192506980369785,464.0,,2820
953,45,2,29.08723153065602,0.5817446306131204,0.6463829229034671,45,2,45,45,3,0.021192506980373338,464.0,,2820
954,45,2,29.06603902367563,0.5813207804735125,0.6459119783039029,45,2,45,45,3,0.021192506980380443,464.0,,2820
955,45,2,29.044846516695237,0.5808969303339048,0.6454410337043386,45,2,45,45,3,0.02119250698037689,464.0,,2820
956,45,2,29.02365400971484,0.5804730801942968,0.6449700891047744,45,2,45,45,3,0.021192506980373338,464.0,,2820
957,45,2,29.002461502734445,0.5800492300546889,0.64449914450521,45,2,45,45,3,0.021192506980369785,464.0,,2820
958,45,2,28.981268995754057,0.5796253799150811,0.6440281999056456,45,2,45,45,3,0.021192506980380443,464.0,,2820
959,45,2,28.960076488773662,0.5792015297754732,0.6435572553060814,45,2,45,45,3,0.02119250698037689,464.0,,2820
960,45,2,28.938883981793268,0.5787776796358653,0.643086310706517,45,2,45,45,3,0.021192506980373338,464.0,,2820
961,45,2,28.917691474812873,0.5783538294962575,0.6426153661069526,45,2,45,45,3,0.021192506980373338,464.0,,2820
962,45,2,28.896498967832482,0.5779299793566497,0.6421444215073884,45,2,45,45,3,0.02119250698037689,464.0,,2820
963,45,2,28.875306460852084,0.5775061292170417,0.6416734769078241,45,2,45,45,3,0.02119250698037689,464.0,,2820
964,45,2,28.85411395387169,0.5770822790774338,0.64120253230826,45,2,45,45,3,0.021192506980369785,464.0,,2820
965,45,2,28.832921446891298,0.5766584289378259,0.6407315877086954,45,2,45,45,3,0.02119250698037689,464.0,,2820
966,45,2,28.811728939910903,0.576234578798218,0.6402606431091311,45,2,45,45,3,0.02119250698037689,464.0,,2820
967,45,2,28.79053643293051,0.5758107286586102,0.6397896985095669,45,2,45,45,3,0.02119250698037689,464.0,,2820
968,45,2,28.769343925950114,0.5753868785190023,0.6393187539100025,45,2,45,45,3,0.021192506980373338,464.0,,2820
969,45,2,28.748151418969723,0.5749630283793945,0.6388478093104382,45,2,45,45,3,0.021192506980369785,464.0,,2820
970,45,2,28.72695891198933,0.5745391782397866,0.6383768647108738,45,2,45,45,3,0.021192506980383996,464.0,,2820
971,45,2,28.705766405008937,0.5741153281001787,0.6379059201113096,45,2,45,45,3,0.021192506980373338,464.0,,2820
972,45,2,28.684573898028543,0.5736914779605709,0.6374349755117455,45,2,45,45,3,0.021192506980373338,464.0,,2820
973,45,2,28.663381391048148,0.573267627820963,0.6369640309121809,45,2,45,45,3,0.021192506980373338,464.0,,2820
974,45,2,28.642188884067753,0.5728437776813551,0.6364930863126167,45,2,45,45,3,0.02119250698037689,464.0,,2820
975,45,2,28.620996377087362,0.5724199275417472,0.6360221417130524,45,2,45,45,3,0.021192506980380443,464.0,,2820
976,45,2,28.599803870106967,0.5719960774021393,0.6355511971134882,45,2,45,45,3,0.021192506980369785,464.0,,2820
977,45,2,28.57861136312657,0.5715722272625314,0.6350802525139239,45,2,45,45,3,0.021192506980373338,464.0,,2820
978,45,2,28.557418856146178,0.5711483771229235,0.6346093079143594,45,2,45,45,3,0.021192506980380443,464.0,,2820
979,45,2,28.536226349165783,0.5707245269833157,0.6341383633147952,45,2,45,45,3,0.021192506980373338,464.0,,2820
980,45,2,28.515033842185392,0.5703006768437079,0.6336674187152309,45,2,45,45,3,0.02119250698037689,464.0,,2820
981,45,2,28.493841335204994,0.5698768267040999,0.6331964741156665,45,2,45,45,3,0.021192506980369785,464.0,,2820
982,45,2,28.4726488282246,0.569452976564492,0.6327255295161022,45,2,45,45,3,0.021192506980380443,464.0,,2820
983,45,2,28.451456321244212,0.5690291264248842,0.6322545849165381,45,2,45,45,3,0.021192506980373338,464.0,,2820
984,45,2,28.430263814263814,0.5686052762852762,0.6317836403169738,45,2,45,45,3,0.021192506980373338,464.0,,2820
985,45,2,28.40907130728342,0.5681814261456684,0.6313126957174094,45,2,45,45,3,0.021192506980373338,464.0,,2820
986,45,2,28.387878800303028,0.5677575760060606,0.6308417511178449,45,2,45,45,3,0.021192506980380443,464.0,,2820
987,45,2,28.366686293322633,0.5673337258664527,0.6303708065182807,45,2,45,45,3,0.02119250698037689,464.0,,2820
988,45,2,28.345493786342235,0.5669098757268447,0.6298998619187165,45,2,45,45,3,0.021192506980369785,464.0,,2820
989,45,2,28.324301279361844,0.5664860255872369,0.6294289173191521,45,2,45,45,3,0.021192506980373338,464.0,,2820
990,45,2,28.30310877238145,0.5660621754476289,0.6289579727195879,45,2,45,45,3,0.021192506980380443,464.0,,2820
991,45,2,28.28191626540106,0.5656383253080212,0.6284870281200237,45,2,45,45,3,0.02119250698037689,464.0,,2820
992,45,2,28.260723758420667,0.5652144751684134,0.6280160835204591,45,2,45,45,3,0.021192506980373338,464.0,,2820
993,45,2,28.23953125144027,0.5647906250288054,0.6275451389208949,45,2,45,45,3,0.021192506980369785,464.0,,2821
994,45,2,28.218338744459878,0.5643667748891975,0.6270741943213306,45,2,45,45,3,0.021192506980380443,464.0,,2821
995,45,2,28.197146237479483,0.5639429247495896,0.6266032497217664,45,2,45,45,3,0.02119250698037689,464.0,,2821
996,45,2,28.175953730499092,0.5635190746099819,0.6261323051222021,45,2,45,45,3,0.021192506980373338,464.0,,2821
997,45,2,28.154761223518697,0.563095224470374,0.6256613605226378,45,2,45,45,3,0.021192506980373338,464.0,,2821
998,45,2,28.133568716538306,0.5626713743307661,0.6251904159230735,45,2,45,45,3,0.02119250698037689,464.0,,2821
999,44,2,28.115618220338792,0.5623123644067758,0.6389913231895181,44,1,44,20,3,0.017950496199500066,414.0,,2821
1000,44,2,28.094788816829148,0.5618957763365829,0.638517927655208,44,2,44,44,3,0.020829403509626587,454.0,,2718
1001,44,2,28.073959413319503,0.5614791882663901,0.6380445321208977,44,2,44,44,3,0.020829403509626587,454.0,,2718
1002,44,2,28.05313000980986,0.5610626001961971,0.6375711365865878,44,2,44,44,3,0.02082940350963014,454.0,,2718
1003,44,2,28.032300606300215,0.5606460121260043,0.6370977410522776,44,2,44,44,3,0.020829403509626587,454.0,,2718
1004,44,2,28.011471202790574,0.5602294240558114,0.6366243455179675,44,2,44,44,3,0.020829403509626587,454.0,,2718
1005,44,2,27.990641799280926,0.5598128359856185,0.6361509499836575,44,2,44,44,3,0.020829403509626587,454.0,,2718
1006,44,2,27.96981239577129,0.5593962479154257,0.6356775544493475,44,2,44,44,3,0.020829403509626587,454.0,,2718
1007,44,2,27.94898299226164,0.5589796598452328,0.6352041589150373,44,2,44,44,3,0.020829403509626587,454.0,,2718
1008,44,2,27.928153588752,0.55856307177504,0.6347307633807272,44,2,44,44,3,0.02082940350963014,454.0,,2718
1009,44,2,27.90732418524235,0.558146483704847,0.6342573678464171,44,2,44,44,3,0.02082940350963014,454.0,,2718
1010,44,2,27.886494781732708,0.5577298956346541,0.6337839723121069,44,2,44,44,3,0.020829403509626587,454.0,,2718
1011,44,2,27.865665378223067,0.5573133075644613,0.633310576777797,44,2,44,44,3,0.020829403509626587,454.0,,2718
1012,44,2,27.84483597471342,0.5568967194942683,0.6328371812434869,44,2,44,44,3,0.020829403509626587,454.0,,2718
1013,44,2,27.82400657120378,0.5564801314240756,0.6323637857091767,44,2,44,44,3,0.02082940350963014,454.0,,2718
1014,44,2,27.803177167694134,0.5560635433538826,0.6318903901748667,44,2,44,44,3,0.020829403509626587,454.0,,2718
1015,44,2,27.782347764184493,0.5556469552836899,0.6314169946405567,44,2,44,44,3,0.020829403509626587,454.0,,2718
1016,44,2,27.76151836067484,0.5552303672134968,0.6309435991062465,44,2,44,44,3,0.020829403509626587,454.0,,2718
1017,44,2,27.7406889571652,0.554813779143304,0.6304702035719364,44,2,44,44,3,0.02082940350963014,454.0,,2718
1018,44,2,27.71985955365556,0.5543971910731113,0.6299968080376263,44,2,44,44,3,0.020829403509626587,454.0,,2718
1019,44,2,27.699030150145912,0.5539806030029183,0.6295234125033162,44,2,44,44,3,0.020829403509626587,454.0,,2718
1020,44,2,27.678200746636268,0.5535640149327253,0.6290500169690061,44,2,44,44,3,0.020829403509626587,454.0,,2718
1021,44,2,27.657371343126627,0.5531474268625325,0.628576621434696,44,2,44,44,3,0.02082940350963014,454.0,,2718
1022,44,2,27.63654193961698,0.5527308387923395,0.6281032259003859,44,2,44,44,3,0.02082940350963014,454.0,,2718
1023,44,2,27.615712536107335,0.5523142507221467,0.627629830366076,44,2,44,44,3,0.020829403509619482,454.0,,2718
1024,44,2,27.594883132597694,0.5518976626519538,0.6271564348317659,44,2,44,44,3,0.020829403509626587,454.0,,2718
1025,44,2,27.574053729088053,0.5514810745817611,0.6266830392974557,44,2,44,44,3,0.020829403509633693,454.0,,2718
1026,44,2,27.553224325578412,0.5510644865115683,0.6262096437631456,44,2,44,44,3,0.02082940350963014,454.0,,2718
1027,44,2,27.53239492206876,0.5506478984413752,0.6257362482288354,44,2,44,44,3,0.020829403509623035,454.0,,2718
1028,44,2,27.51156551855912,0.5502313103711824,0.6252628526945254,44,2,44,44,3,0.020829403509626587,454.0,,2718
1029,44,2,27.490736115049476,0.5498147223009895,0.6247894571602153,44,2,44,44,3,0.02082940350963014,454.0,,2718
1030,44,2,27.46990671153983,0.5493981342307966,0.6243160616259052,44,2,44,44,3,0.02082940350963014,454.0,,2718
1031,44,2,27.44907730803019,0.5489815461606038,0.6238426660915953,44,2,44,44,3,0.020829403509623035,454.0,,2718
1032,44,2,27.428247904520546,0.548564958090411,0.6233692705572852,44,2,44,44,3,0.020829403509626587,454.0,,2718
1033,44,2,27.407418501010902,0.548148370020218,0.6228958750229749,44,2,44,44,3,0.02082940350963014,454.0,,2718
1034,44,2,27.386589097501254,0.547731781950025,0.6224224794886649,44,2,44,44,3,0.02082940350963014,454.0,,2718
1035,44,2,27.36575969399161,0.5473151938798322,0.6219490839543548,44,2,44,44,3,0.020829403509626587,454.0,,2718
1036,44,2,27.34493029048197,0.5468986058096393,0.6214756884200447,44,2,44,44,3,0.020829403509623035,454.0,,2718
1037,44,2,27.324100886972325,0.5464820177394465,0.6210022928857346,44,2,44,44,3,0.02082940350963014,454.0,,2718
1038,44,2,27.30327148346268,0.5460654296692536,0.6205288973514246,44,2,44,44,3,0.02082940350963014,454.0,,2718
1039,43,2,27.286009355227797,0.5457201871045559,0.634558357098321,43,1,43,22,3,0.017262128234868612,454.0,,2718
1040,43,2,27.265966344286156,0.5453193268857232,0.6340922405647943,43,2,43,43,3,0.020043010941627415,444.0,,2614
1041,43,2,27.245923333344514,0.5449184666668903,0.6336261240312677,43,2,43,43,3,0.020043010941616757,444.0,,2614
1042,43,2,27.225880322402865,0.5445176064480574,0.633160007497741,43,2,43,43,3,0.020043010941627415,444.0,,2614
1043,43,2,27.20583731146122,0.5441167462292245,0.6326938909642145,43,2,43,43,3,0.020043010941623862,444.0,,2614
1044,43,2,27.185794300519582,0.5437158860103917,0.632227774430688,43,2,43,43,3,0.020043010941627415,444.0,,2614
1045,43,2,27.165751289577933,0.5433150257915587,0.6317616578971612,43,2,43,43,3,0.020043010941616757,444.0,,2614
1046,43,2,27.145708278636288,0.5429141655727258,0.6312955413636346,43,2,43,43,3,0.020043010941627415,444.0,,2614
1047,43,2,27.125665267694647,0.542513305353893,0.6308294248301081,43,2,43,43,3,0.020043010941616757,444.0,,2614
1048,43,2,27.105622256753,0.5421124451350601,0.6303633082965814,43,2,43,43,3,0.020043010941627415,444.0,,2614
1049,43,2,27.085579245811356,0.5417115849162272,0.6298971917630548,43,2,43,43,3,0.02004301094162031,444.0,,2614
1050,43,2,27.06553623486971,0.5413107246973943,0.6294310752295282,43,2,43,43,3,0.020043010941627415,444.0,,2614
1051,43,2,27.045493223928066,0.5409098644785613,0.6289649586960016,43,2,43,43,3,0.02004301094162031,444.0,,2614
1052,43,2,27.025450212986424,0.5405090042597285,0.628498842162475,43,2,43,43,3,0.020043010941627415,444.0,,2614
1053,43,2,27.005407202044783,0.5401081440408957,0.6280327256289483,43,2,43,43,3,0.02004301094162031,444.0,,2614
1054,43,2,26.985364191103137,0.5397072838220628,0.6275666090954218,43,2,43,43,3,0.020043010941627415,444.0,,2614
1055,43,2,26.965321180161492,0.5393064236032299,0.6271004925618952,43,2,43,43,3,0.020043010941613204,444.0,,2614
1056,43,2,26.94527816921985,0.538905563384397,0.6266343760283686,43,2,43,43,3,0.020043010941627415,444.0,,2614
1057,43,2,26.925235158278205,0.5385047031655641,0.6261682594948419,43,2,43,43,3,0.020043010941623862,444.0,,2614
1058,43,2,26.90519214733656,0.5381038429467312,0.6257021429613153,43,2,43,43,3,0.020043010941627415,444.0,,2614
1059,43,2,26.88514913639492,0.5377029827278984,0.6252360264277889,43,2,43,43,3,0.020043010941616757,444.0,,2614
1060,43,2,26.865106125453277,0.5373021225090655,0.6247699098942622,43,2,43,43,3,0.020043010941627415,444.0,,2614
1061,43,2,26.845063114511632,0.5369012622902326,0.6243037933607355,43,2,43,43,3,0.020043010941623862,444.0,,2614
1062,43,2,26.825020103569983,0.5365004020713997,0.6238376768272089,43,2,43,43,3,0.020043010941623862,444.0,,2614
1063,43,2,26.804977092628345,0.5360995418525669,0.6233715602936822,43,2,43,43,3,0.020043010941616757,444.0,,2614
1064,43,2,26.7849340816867,0.535698681633734,0.6229054437601558,43,2,43,43,3,0.020043010941627415,444.0,,2614
1065,43,2,26.76489107074505,0.535297821414901,0.622439327226629,43,2,43,43,3,0.02004301094162031,444.0,,2614
1066,43,2,26.74484805980341,0.5348969611960682,0.6219732106931025,43,2,43,43,3,0.020043010941627415,444.0,,2614
1067,43,2,26.724805048861768,0.5344961009772353,0.621507094159576,43,2,43,43,3,0.02004301094162031,444.0,,2614
1068,43,2,26.70476203792012,0.5340952407584024,0.6210409776260494,43,2,43,43,3,0.020043010941627415,444.0,,2614
1069,43,2,26.684719026978474,0.5336943805395695,0.6205748610925227,43,2,43,43,3,0.02004301094162031,444.0,,2614
1070,43,2,26.664676016036832,0.5332935203207366,0.6201087445589961,43,2,43,43,3,0.020043010941627415,444.0,,2614
1071,43,2,26.644633005095187,0.5328926601019037,0.6196426280254694,43,2,43,43,3,0.020043010941616757,444.0,,2614
1072,43,2,26.624589994153546,0.5324917998830709,0.619176511491943,43,2,43,43,3,0.020043010941627415,444.0,,2614
1073,43,2,26.604546983211897,0.5320909396642379,0.6187103949584162,43,2,43,43,3,0.020043010941616757,444.0,,2614
1074,43,2,26.58450397227025,0.531690079445405,0.6182442784248896,43,2,43,43,3,0.020043010941627415,444.0,,2614
1075,43,2,26.56446096132861,0.5312892192265722,0.617778161891363,43,2,43,43,3,0.020043010941623862,444.0,,2614
1076,43,2,26.544417950386965,0.5308883590077393,0.6173120453578365,43,2,43,43,3,0.020043010941627415,444.0,,2614
1077,43,2,26.52437493944532,0.5304874987889064,0.6168459288243099,43,2,43,43,3,0.020043010941616757,444.0,,2614
1078,43,2,26.504331928503678,0.5300866385700735,0.6163798122907832,43,2,43,43,3,0.020043010941627415,444.0,,2614
1079,43,2,26.484288917562033,0.5296857783512406,0.6159136957572566,43,2,43,43,3,0.02004301094162031,444.0,,2614
1080,43,2,26.464245906620388,0.5292849181324077,0.61544757922373,43,2,43,43,3,0.020043010941623862,444.0,,2614
1081,43,2,26.444202895678742,0.5288840579135748,0.6149814626902033,43,2,43,43,3,0.02004301094162031,444.0,,2614
1082,43,2,26.424159884737097,0.528483197694742,0.6145153461566768,43,2,43,43,3,0.020043010941627415,444.0,,2614
1083,43,2,26.404116873795452,0.528082337475909,0.61404922962315,43,2,43,43,3,0.020043010941623862,444.0,,2614
1084,43,2,26.384073862853807,0.5276814772570761,0.6135831130896235,43,2,43,43,3,0.020043010941623862,444.0,,2614
1085,43,2,26.364030851912165,0.5272806170382434,0.6131169965560969,43,2,43,43,3,0.02004301094162031,444.0,,2614
1086,43,2,26.34398784097052,0.5268797568194103,0.6126508800225702,43,2,43,43,3,0.020043010941627415,444.0,,2614
1087,43,2,26.323944830028875,0.5264788966005775,0.6121847634890436,43,2,43,43,3,0.020043010941613204,444.0,,2614
1088,43,2,26.303901819087233,0.5260780363817447,0.611718646955517,43,2,43,43,3,0.020043010941630968,444.0,,2614
1089,43,2,26.283858808145585,0.5256771761629117,0.6112525304219903,43,2,43,43,3,0.020043010941627415,444.0,,2614
1090,43,2,26.263815797203943,0.5252763159440789,0.6107864138884637,43,2,43,43,3,0.020043010941638073,444.0,,2614
1091,43,2,26.243772786262298,0.524875455725246,0.6103202973549372,43,2,43,43,3,0.020043010941623862,444.0,,2614
1092,43,2,26.223729775320656,0.5244745955064132,0.6098541808214106,43,2,43,43,3,0.020043010941641626,444.0,,2614
1093,43,2,26.203686764379015,0.5240737352875803,0.6093880642878841,43,2,43,43,3,0.020043010941627415,444.0,,2614
1094,43,2,26.183643753437366,0.5236728750687473,0.6089219477543574,43,2,43,43,3,0.020043010941638073,444.0,,2614
1095,43,2,26.163600742495724,0.5232720148499145,0.6084558312208307,43,2,43,43,3,0.020043010941623862,444.0,,2614
1096,43,2,26.14355773155408,0.5228711546310816,0.6079897146873041,43,2,43,43,3,0.020043010941638073,444.0,,2614
1097,43,2,26.12351472061243,0.5224702944122486,0.6075235981537775,43,2,43,43,3,0.020043010941630968,444.0,,2614
1098,43,2,26.10347170967079,0.5220694341934158,0.6070574816202509,43,2,43,43,3,0.02004301094163452,444.0,,2614
1099,43,2,26.083428698729143,0.5216685739745829,0.6065913650867244,43,2,43,43,3,0.020043010941627415,444.0,,2614
1100,43,2,26.063385687787502,0.52126771375575,0.6061252485531977,43,2,43,43,3,0.020043010941638073,444.0,,2614
1101,43,2,26.043342676845857,0.5208668535369171,0.605659132019671,43,2,43,43,3,0.020043010941630968,444.0,,2614
1102,43,2,26.02329966590421,0.5204659933180842,0.6051930154861446,43,2,43,43,3,0.02004301094163452,444.0,,2614
1103,43,2,26.003256654962566,0.5200651330992513,0.6047268989526178,43,2,43,43,3,0.020043010941627415,444.0,,2614
1104,43,2,25.983213644020925,0.5196642728804185,0.6042607824190913,43,2,43,43,3,0.020043010941638073,444.0,,2614
1105,43,2,25.96317063307928,0.5192634126615856,0.6037946658855646,43,2,43,43,3,0.020043010941623862,444.0,,2614
1106,43,2,25.94312762213763,0.5188625524427526,0.603328549352038,43,2,43,43,3,0.020043010941641626,444.0,,2614
1107,43,2,25.92308461119599,0.5184616922239198,0.6028624328185114,43,2,43,43,3,0.020043010941627415,444.0,,2614
1108,43,2,25.903041600254348,0.5180608320050869,0.6023963162849848,43,2,43,43,3,0.020043010941638073,444.0,,2614
1109,43,2,25.8829985893127,0.517659971786254,0.6019301997514581,43,2,43,43,3,0.020043010941623862,444.0,,2614
1110,43,2,25.86295557837105,0.517259111567421,0.6014640832179314,43,2,43,43,3,0.020043010941641626,444.0,,2614
1111,43,2,25.84291256742941,0.5168582513485882,0.6009979666844049,43,2,43,43,3,0.020043010941627415,444.0,,2614
1112,43,2,25.82286955648776,0.5164573911297552,0.6005318501508782,43,2,43,43,3,0.02004301094163452,444.0,,2614
1113,43,2,25.802826545546115,0.5160565309109223,0.6000657336173516,43,2,43,43,3,0.020043010941627415,444.0,,2614
1114,43,2,25.782783534604473,0.5156556706920895,0.5995996170838249,43,2,43,43,3,0.020043010941638073,444.0,,2614
1115,43,2,25.762740523662824,0.5152548104732565,0.5991335005502982,43,2,43,43,3,0.020043010941630968,444.0,,2614
1116,43,2,25.742697512721183,0.5148539502544236,0.5986673840167717,43,2,43,43,3,0.02004301094163452,444.0,,2614
1117,43,2,25.722654501779534,0.5144530900355907,0.598201267483245,43,2,43,43,3,0.020043010941627415,444.0,,2614
1118,43,2,25.70261149083789,0.5140522298167578,0.5977351509497183,43,2,43,43,3,0.020043010941638073,444.0,,2614
1119,43,2,25.682568479896243,0.5136513695979249,0.5972690344161917,43,2,43,43,3,0.020043010941627415,444.0,,2614
1120,43,2,25.6625254689546,0.513250509379092,0.596802917882665,43,2,43,43,3,0.020043010941638073,444.0,,2614
1121,43,2,25.64248245801295,0.512849649160259,0.5963368013491385,43,2,43,43,3,0.020043010941627415,444.0,,2614
1122,43,2,25.622439447071308,0.5124487889414262,0.5958706848156118,43,2,43,43,3,0.020043010941638073,444.0,,2614
1123,43,2,25.602396436129663,0.5120479287225933,0.5954045682820852,43,2,43,43,3,0.020043010941627415,444.0,,2614
1124,43,2,25.58235342518802,0.5116470685037604,0.5949384517485585,43,2,43,43,3,0.020043010941638073,444.0,,2614
1125,43,2,25.562310414246372,0.5112462082849274,0.594472335215032,43,2,43,43,3,0.020043010941627415,444.0,,2614
1126,43,2,25.542267403304727,0.5108453480660945,0.5940062186815053,43,2,43,43,3,0.020043010941638073,444.0,,2614
1127,43,2,25.522224392363082,0.5104444878472616,0.5935401021479786,43,2,43,43,3,0.020043010941623862,444.0,,2614
1128,43,2,25.502181381421437,0.5100436276284287,0.593073985614452,43,2,43,43,3,0.020043010941641626,444.0,,2614
1129,43,2,25.48213837047979,0.5096427674095958,0.5926078690809253,43,2,43,43,3,0.020043010941627415,444.0,,2614
1130,43,2,25.462095359538147,0.5092419071907629,0.5921417525473986,43,2,43,43,3,0.020043010941638073,444.0,,2614
1131,43,2,25.442052348596505,0.5088410469719301,0.5916756360138722,43,2,43,43,3,0.020043010941623862,444.0,,2614
1132,43,2,25.422009337654856,0.5084401867530971,0.5912095194803455,43,2,43,43,3,0.020043010941641626,444.0,,2614
1133,43,2,25.40196632671321,0.5080393265342642,0.5907434029468188,43,2,43,43,3,0.020043010941627415,444.0,,2614
1134,43,2,25.381923315771566,0.5076384663154313,0.5902772864132924,43,2,43,43,3,0.020043010941638073,444.0,,2614
1135,43,2,25.361880304829917,0.5072376060965983,0.5898111698797656,43,2,43,43,3,0.020043010941623862,444.0,,2614
1136,43,2,25.341837293888272,0.5068367458777654,0.589345053346239,43,2,43,43,3,0.020043010941638073,444.0,,2614
1137,43,2,25.32179428294663,0.5064358856589326,0.5888789368127123,43,2,43,43,3,0.020043010941630968,444.0,,2614
1138,42,2,25.302016300306736,0.5060403260061347,0.6024289595311126,43,2,43,42,3,0.019777982639883618,444.0,,2614
1139,42,2,25.282420063922846,0.5056484012784569,0.6019623824743535,42,2,42,42,3,0.01959623638387953,434.0,,2515
1140,42,2,25.262823827538952,0.505256476550779,0.6014958054175941,42,2,42,42,3,0.019596236383875976,434.0,,2515
1141,42,2,25.243227591155062,0.5048645518231012,0.6010292283608348,42,2,42,42,3,0.019596236383886634,434.0,,2515
1142,41,2,25.22564512806151,0.5045129025612303,0.615259637269793,41,1,41,10,3,0.01758246309353595,214.0,,2515
1143,41,2,25.206026798590763,0.5041205359718153,0.6147811414290429,41,2,41,41,3,0.01961832947073816,424.0,,2427
1144,41,2,25.18640846912001,0.5037281693824002,0.6143026455882931,41,2,41,41,3,0.019618329470741713,424.0,,2427
1145,41,2,25.166790139649258,0.5033358027929852,0.613824149747543,41,2,41,41,3,0.01961832947073816,424.0,,2427
1146,41,2,25.147171810178506,0.5029434362035701,0.6133456539067929,41,2,41,41,3,0.01961832947073816,424.0,,2427
1147,41,2,25.127553480707757,0.5025510696141552,0.6128671580660429,41,2,41,41,3,0.019618329470741713,424.0,,2427
1148,41,2,25.107935151237,0.50215870302474,0.6123886622252928,41,2,41,41,3,0.01961832947073816,424.0,,2427
1149,41,2,25.088316821766252,0.5017663364353251,0.6119101663845428,41,2,41,41,3,0.01961832947073816,424.0,,2427
1150,41,2,25.068698492295503,0.5013739698459101,0.6114316705437928,41,2,41,41,3,0.019618329470741713,424.0,,2427
1151,41,2,25.04908016282475,0.500981603256495,0.6109531747030427,41,2,41,41,3,0.01961832947073816,424.0,,2427
1152,41,2,25.029461833353995,0.5005892366670799,0.6104746788622926,41,2,41,41,3,0.01961832947073816,424.0,,2427
1153,41,2,25.009843503883243,0.5001968700776649,0.6099961830215425,41,2,41,41,3,0.019618329470741713,424.0,,2427
1154,41,2,24.990225174412494,0.4998045034882499,0.6095176871807926,41,2,41,41,3,0.01961832947073816,424.0,,2427
1155,41,2,24.97060684494174,0.49941213689883485,0.6090391913400425,41,2,41,41,3,0.01961832947073816,424.0,,2427
1156,41,2,24.95098851547099,0.4990197703094198,0.6085606954992924,41,2,41,41,3,0.019618329470741713,424.0,,2427
1157,41,2,24.931370186000237,0.49862740372000475,0.6080821996585424,41,2,41,41,3,0.01961832947073816,424.0,,2427
1158,41,2,24.911751856529484,0.4982350371305897,0.6076037038177924,41,2,41,41,3,0.01961832947073816,424.0,,2427
1159,41,2,24.892133527058736,0.4978426705411747,0.6071252079770423,41,2,41,41,3,0.019618329470741713,424.0,,2427
1160,41,2,24.872515197587987,0.4974503039517597,0.6066467121362924,41,2,41,41,3,0.019618329470741713,424.0,,2427
1161,41,2,24.852896868117227,0.49705793736234455,0.6061682162955422,41,2,41,41,3,0.01961832947073816,424.0,,2427
1162,41,2,24.833278538646475,0.4966655707729295,0.6056897204547921,41,2,41,41,3,0.01961832947073816,424.0,,2427
1163,41,2,24.813660209175726,0.4962732041835145,0.6052112246140422,41,2,41,41,3,0.019618329470741713,424.0,,2427
1164,41,2,24.794041879704974,0.49588083759409946,0.6047327287732921,41,2,41,41,3,0.01961832947073816,424.0,,2427
1165,40,2,24.775338039323643,0.4955067607864729,0.6193834509830911,40,1,40,28,3,0.018703840381320447,574.0,,2427
1166,40,2,24.75614087908123,0.4951228175816246,0.6189035219770308,40,2,40,40,3,0.01919716024240259,414.0,,2329
1167,40,2,24.73694371883882,0.4947388743767764,0.6184235929709706,40,2,40,40,3,0.019197160242399036,414.0,,2329
1168,40,2,24.71774655859641,0.4943549311719282,0.6179436639649103,40,2,40,40,3,0.019197160242395483,414.0,,2329
1169,40,2,24.698549398353997,0.49397098796707994,0.6174637349588499,40,2,40,40,3,0.019197160242399036,414.0,,2329
1170,40,2,24.679352238111587,0.49358704476223175,0.6169838059527897,40,2,40,40,3,0.01919716024240259,414.0,,2329
1171,40,2,24.660155077869174,0.49320310155738345,0.6165038769467295,40,2,40,40,3,0.019197160242399036,414.0,,2329
1172,40,2,24.64095791762676,0.4928191583525352,0.6160239479406691,40,2,40,40,3,0.019197160242399036,414.0,,2329
1173,40,2,24.62176075738435,0.492435215147687,0.6155440189346087,40,2,40,40,3,0.019197160242399036,414.0,,2329
1174,40,2,24.602563597141938,0.49205127194283876,0.6150640899285484,40,2,40,40,3,0.01919716024240259,414.0,,2329
1175,40,2,24.583366436899528,0.49166732873799057,0.6145841609224881,40,2,40,40,3,0.019197160242399036,414.0,,2329
1176,40,2,24.56416927665712,0.4912833855331424,0.6141042319164278,40,2,40,40,3,0.019197160242395483,414.0,,2329
1177,40,2,24.544972116414705,0.4908994423282941,0.6136243029103676,40,2,40,40,3,0.019197160242399036,414.0,,2329
1178,40,2,24.52577495617229,0.49051549912344583,0.6131443739043073,40,2,40,40,3,0.01919716024240614,414.0,,2329
1179,40,2,24.506577795929886,0.4901315559185977,0.612664444898247,40,2,40,40,3,0.019197160242399036,414.0,,2329
1180,40,2,24.487380635687472,0.48974761271374945,0.6121845158921867,40,2,40,40,3,0.019197160242399036,414.0,,2329
1181,40,2,24.468183475445056,0.4893636695089011,0.6117045868861265,40,2,40,40,3,0.019197160242399036,414.0,,2329
1182,40,2,24.448986315202646,0.4889797263040529,0.6112246578800662,40,2,40,40,3,0.01919716024240259,414.0,,2329
1183,40,2,24.429789154960233,0.48859578309920465,0.6107447288740058,40,2,40,40,3,0.019197160242395483,414.0,,2329
1184,40,2,24.410591994717823,0.48821183989435646,0.6102647998679455,40,2,40,40,3,0.019197160242399036,414.0,,2329
1185,40,2,24.391394834475406,0.4878278966895081,0.6097848708618852,40,2,40,40,3,0.019197160242399036,414.0,,2329
1186,40,2,24.372197674232996,0.4874439534846599,0.609304941855825,40,2,40,40,3,0.01919716024240259,414.0,,2329
1187,40,2,24.353000513990587,0.4870600102798117,0.6088250128497646,40,2,40,40,3,0.019197160242399036,414.0,,2329
1188,40,2,24.333803353748173,0.48667606707496347,0.6083450838437043,40,2,40,40,3,0.019197160242399036,414.0,,2329
1189,40,2,24.31460619350576,0.4862921238701152,0.607865154837644,40,2,40,40,3,0.019197160242399036,414.0,,2329
1190,40,2,24.29540903326335,0.48590818066526703,0.6073852258315837,40,2,40,40,3,0.01919716024240259,414.0,,2329
1191,40,2,24.276211873020934,0.4855242374604187,0.6069052968255235,40,2,40,40,3,0.019197160242395483,414.0,,2329
1192,40,2,24.25701471277853,0.48514029425557065,0.6064253678194632,40,2,40,40,3,0.019197160242399036,414.0,,2329
1193,40,2,24.237817552536114,0.4847563510507223,0.6059454388134029,40,2,40,40,3,0.01919716024240259,414.0,,2329
1194,40,2,24.218620392293705,0.4843724078458741,0.6054655098073425,40,2,40,40,3,0.01919716024240259,414.0,,2329
1195,40,2,24.19942323205129,0.48398846464102585,0.6049855808012823,40,2,40,40,3,0.019197160242399036,414.0,,2329
1196,40,2,24.180226071808878,0.48360452143617755,0.604505651795222,40,2,40,40,3,0.019197160242399036,414.0,,2329
1197,40,2,24.16102891156647,0.48322057823132936,0.6040257227891617,40,2,40,40,3,0.019197160242399036,414.0,,2329
1198,40,2,24.141831751324048,0.48283663502648094,0.6035457937831014,40,2,40,40,3,0.01919716024240259,414.0,,2329
1199,40,2,24.122634591081646,0.4824526918216329,0.603065864777041,40,2,40,40,3,0.019197160242395483,414.0,,2329
1200,40,2,24.103437430839232,0.48206874861678467,0.6025859357709809,40,2,40,40,3,0.019197160242399036,414.0,,2329
1201,40,2,24.084240270596815,0.4816848054119363,0.6021060067649204,40,2,40,40,3,0.019197160242399036,414.0,,2329
1202,40,2,24.06504311035441,0.4813008622070882,0.6016260777588602,40,2,40,40,3,0.01919716024240259,414.0,,2329
1203,40,2,24.045845950111996,0.48091691900223993,0.6011461487527999,40,2,40,40,3,0.019197160242399036,414.0,,2329
1204,40,2,24.026648789869583,0.4805329757973917,0.6006662197467396,40,2,40,40,3,0.019197160242399036,414.0,,2329
1205,40,2,24.007451629627173,0.4801490325925435,0.6001862907406792,40,2,40,40,3,0.019197160242399036,414.0,,2329
1206,40,2,23.98825446938476,0.4797650893876952,0.599706361734619,40,2,40,40,3,0.01919716024240259,414.0,,2329
1207,40,2,23.969057309142347,0.47938114618284694,0.5992264327285587,40,2,40,40,3,0.019197160242395483,414.0,,2329
1208,40,2,23.949860148899937,0.47899720297799875,0.5987465037224984,40,2,40,40,3,0.019197160242399036,414.0,,2330
1209,40,2,23.930662988657527,0.47861325977315056,0.5982665747164381,40,2,40,40,3,0.019197160242399036,414.0,,2330
1210,40,2,23.911465828415114,0.47822931656830225,0.5977866457103779,40,2,40,40,3,0.01919716024240614,414.0,,2330
1211,40,2,23.892268668172704,0.47784537336345406,0.5973067167043176,40,2,40,40,3,0.019197160242399036,414.0,,2330
1212,40,2,23.87307150793029,0.4774614301586058,0.5968267876982573,40,2,40,40,3,0.019197160242399036,414.0,,2330
1213,40,2,23.853874347687878,0.47707748695375757,0.596346858692197,40,2,40,40,3,0.019197160242399036,414.0,,2330
1214,40,2,23.834677187445465,0.47669354374890927,0.5958669296861367,40,2,40,40,3,0.019197160242399036,414.0,,2330
1215,40,2,23.815480027203055,0.4763096005440611,0.5953870006800763,40,2,40,40,3,0.019197160242399036,414.0,,2330
1216,40,2,23.796282866960645,0.4759256573392129,0.5949070716740159,40,2,40,40,3,0.019197160242399036,414.0,,2330
1217,40,2,23.77708570671823,0.4755417141343646,0.5944271426679557,40,2,40,40,3,0.019197160242399036,414.0,,2330
1218,40,2,23.75788854647582,0.4751577709295164,0.5939472136618954,40,2,40,40,3,0.01919716024240259,414.0,,2330
1219,40,2,23.738691386233405,0.4747738277246681,0.5934672846558351,40,2,40,40,3,0.019197160242399036,414.0,,2330
1220,40,2,23.719494225990992,0.47438988451981984,0.5929873556497748,40,2,40,40,3,0.019197160242399036,414.0,,2330
1221,40,2,23.70029706574858,0.4740059413149716,0.5925074266437145,40,2,40,40,3,0.019197160242399036,414.0,,2330
1222,40,2,23.681099905506166,0.4736219981101233,0.5920274976376542,40,2,40,40,3,0.019197160242399036,414.0,,2330
1223,40,2,23.661902745263752,0.47323805490527504,0.5915475686315939,40,2,40,40,3,0.019197160242399036,414.0,,2330
1224,40,2,23.642705585021343,0.47285411170042685,0.5910676396255335,40,2,40,40,3,0.019197160242399036,414.0,,2330
1225,40,2,23.623508424778926,0.47247016849557855,0.5905877106194732,40,2,40,40,3,0.01919716024240259,414.0,,2330
1226,40,2,23.604311264536513,0.47208622529073024,0.5901077816134129,40,2,40,40,3,0.01919716024240259,414.0,,2330
1227,40,2,23.585114104294103,0.47170228208588205,0.5896278526073526,40,2,40,40,3,0.019197160242399036,414.0,,2330
1228,40,2,23.565916944051693,0.47131833888103386,0.5891479236012922,40,2,40,40,3,0.019197160242399036,414.0,,2330
1229,40,2,23.546719783809277,0.47093439567618556,0.5886679945952319,40,2,40,40,3,0.019197160242399036,414.0,,2330
1230,40,2,23.527522623566867,0.4705504524713373,0.5881880655891717,40,2,40,40,3,0.019197160242399036,414.0,,2330
1231,40,2,23.508325463324457,0.4701665092664891,0.5877081365831114,40,2,40,40,3,0.019197160242399036,414.0,,2330
1232,40,2,23.48912830308204,0.4697825660616408,0.587228207577051,40,2,40,40,3,0.019197160242399036,414.0,,2330
1233,40,2,23.469931142839624,0.46939862285679246,0.5867482785709907,40,2,40,40,3,0.019197160242399036,414.0,,2330
1234,40,2,23.450733982597217,0.4690146796519443,0.5862683495649303,40,2,40,40,3,0.01919716024240259,414.0,,2330
1235,40,2,23.431536822354804,0.4686307364470961,0.58578842055887,40,2,40,40,3,0.019197160242399036,414.0,,2330
1236,40,2,23.41233966211239,0.4682467932422478,0.5853084915528097,40,2,40,40,3,0.019197160242399036,414.0,,2330
1237,40,2,23.393142501869978,0.4678628500373996,0.5848285625467493,40,2,40,40,3,0.019197160242399036,414.0,,2330
1238,40,2,23.373945341627564,0.4674789068325513,0.584348633540689,40,2,40,40,3,0.019197160242399036,414.0,,2330
1239,40,2,23.35474818138515,0.46709496362770303,0.5838687045346287,40,2,40,40,3,0.019197160242399036,414.0,,2330
1240,40,2,23.335551021142738,0.4667110204228548,0.5833887755285685,40,2,40,40,3,0.019197160242399036,414.0,,2330
1241,40,2,23.316353860900325,0.4663270772180065,0.5829088465225081,40,2,40,40,3,0.019197160242399036,414.0,,2330
1242,40,2,23.29715670065791,0.46594313401315823,0.5824289175164477,40,2,40,40,3,0.01919716024240614,414.0,,2330
1243,40,2,23.2779595404155,0.46555919080831004,0.5819489885103875,40,2,40,40,3,0.019197160242399036,414.0,,2330
1244,40,2,23.258762380173085,0.4651752476034617,0.5814690595043271,40,2,40,40,3,0.019197160242399036,414.0,,2330
1245,40,2,23.23956521993067,0.46479130439861344,0.5809891304982668,40,2,40,40,3,0.019197160242395483,414.0,,2330
1246,40,2,23.220368059688262,0.46440736119376524,0.5805092014922064,40,2,40,40,3,0.01919716024240259,414.0,,2330
1247,40,2,23.20117089944585,0.464023417988917,0.5800292724861462,40,2,40,40,3,0.019197160242399036,414.0,,2330
1248,40,2,23.181973739203432,0.46363947478406864,0.5795493434800859,40,2,40,40,3,0.019197160242399036,414.0,,2330
1249,40,2,23.16277657896102,0.4632555315792204,0.5790694144740256,40,2,40,40,3,0.019197160242399036,414.0,,2330
1250,40,2,23.14357941871861,0.4628715883743722,0.5785894854679653,40,2,40,40,3,0.01919716024240259,414.0,,2330
1251,40,2,23.124382258476196,0.4624876451695239,0.5781095564619049,40,2,40,40,3,0.019197160242399036,414.0,,2330
1252,40,2,23.105185098233783,0.46210370196467565,0.5776296274558446,40,2,40,40,3,0.019197160242399036,414.0,,2330
1253,40,2,23.085987937991373,0.46171975875982746,0.5771496984497843,40,2,40,40,3,0.019197160242395483,414.0,,2330
1254,39,2,23.067184576039075,0.46134369152078153,0.5914662711804891,39,1,39,11,3,0.018803361952286934,234.0,,2330
1255,39,2,23.049412838793845,0.4609882567758769,0.5910105856100986,39,2,39,39,3,0.0177717372452193,404.0,,2228
1256,39,2,23.031641101548622,0.46063282203097244,0.5905549000397082,39,2,39,39,3,0.01777173724522285,404.0,,2229
1257,39,2,23.013869364303396,0.46027738728606793,0.5900992144693179,39,2,39,39,3,0.017771737245215746,404.0,,2229
1258,39,2,22.99609762705817,0.4599219525411634,0.5896435288989275,39,2,39,39,3,0.01777173724522285,404.0,,2229
1259,39,2,22.978325889812943,0.45956651779625884,0.5891878433285372,39,2,39,39,3,0.0177717372452193,404.0,,2229
1260,39,2,22.96055415256772,0.4592110830513544,0.5887321577581467,39,2,39,39,3,0.01777173724522285,404.0,,2229
1261,39,2,22.942782415322494,0.45885564830644987,0.5882764721877565,39,2,39,39,3,0.017771737245215746,404.0,,2229
1262,39,2,22.925010678077268,0.45850021356154536,0.5878207866173658,39,2,39,39,3,0.01777173724522285,404.0,,2229
1263,39,2,22.90723894083204,0.45814477881664084,0.5873651010469754,39,2,39,39,3,0.0177717372452193,404.0,,2229
1264,39,2,22.88946720358682,0.4577893440717364,0.586909415476585,39,2,39,39,3,0.0177717372452193,404.0,,2229
1265,39,2,22.871695466341592,0.4574339093268318,0.5864537299061946,39,2,39,39,3,0.0177717372452193,404.0,,2229
1266,39,2,22.853923729096365,0.4570784745819273,0.5859980443358043,39,2,39,39,3,0.01777173724522285,404.0,,2229
1267,39,2,22.83615199185114,0.4567230398370228,0.5855423587654138,39,2,39,39,3,0.017771737245215746,404.0,,2229
1268,39,2,22.81838025460591,0.45636760509211816,0.5850866731950235,39,2,39,39,3,0.0177717372452193,404.0,,2229
1269,39,2,22.80060851736069,0.4560121703472138,0.5846309876246331,39,2,39,39,3,0.0177717372452193,404.0,,2229
1270,39,2,22.782836780115463,0.4556567356023093,0.5841753020542427,39,2,39,39,3,0.01777173724522285,404.0,,2229
1271,39,2,22.765065042870237,0.4553013008574047,0.5837196164838522,39,2,39,39,3,0.017771737245215746,404.0,,2229
1272,39,2,22.747293305625014,0.45494586611250026,0.5832639309134618,39,2,39,39,3,0.01777173724522285,404.0,,2229
1273,39,2,22.729521568379788,0.45459043136759575,0.5828082453430714,39,2,39,39,3,0.0177717372452193,404.0,,2229
1274,39,2,22.71174983113456,0.45423499662269123,0.5823525597726811,39,2,39,39,3,0.0177717372452193,404.0,,2229
1275,39,2,22.693978093889335,0.4538795618777867,0.5818968742022907,39,2,39,39,3,0.0177717372452193,404.0,,2229
1276,39,2,22.67620635664411,0.45352412713288215,0.5814411886319002,39,2,39,39,3,0.01777173724522285,404.0,,2229
1277,39,2,22.658434619398886,0.4531686923879777,0.58098550306151,39,2,39,39,3,0.017771737245215746,404.0,,2229
1278,39,2,22.64066288215366,0.4528132576430732,0.5805298174911194,39,2,39,39,3,0.01777173724522285,404.0,,2229
1279,39,2,22.622891144908436,0.4524578228981687,0.5800741319207291,39,2,39,39,3,0.0177717372452193,404.0,,2229
1280,39,2,22.60511940766321,0.4521023881532642,0.5796184463503385,39,2,39,39,3,0.01777173724522285,404.0,,2229
1281,39,2,22.58734767041798,0.4517469534083596,0.5791627607799483,39,2,39,39,3,0.017771737245215746,404.0,,2229
1282,39,2,22.56957593317275,0.451391518663455,0.5787070752095577,39,2,39,39,3,0.01777173724522285,404.0,,2229
1283,39,2,22.551804195927534,0.4510360839185507,0.5782513896391673,39,2,39,39,3,0.017771737245215746,404.0,,2229
1284,39,2,22.5340324586823,0.45068064917364603,0.577795704068777,39,2,39,39,3,0.0177717372452193,404.0,,2229
1285,39,2,22.516260721437078,0.45032521442874157,0.5773400184983866,39,2,39,39,3,0.0177717372452193,404.0,,2229
1286,39,2,22.49848898419185,0.44996977968383706,0.5768843329279962,39,2,39,39,3,0.01777173724522285,404.0,,2229
1287,39,2,22.48071724694663,0.4496143449389326,0.5764286473576058,39,2,39,39,3,0.017771737245215746,404.0,,2229
1288,39,2,22.462945509701402,0.449258910194028,0.5759729617872154,39,2,39,39,3,0.01777173724522285,404.0,,2229
1289,39,2,22.445173772456176,0.4489034754491235,0.575517276216825,39,2,39,39,3,0.0177717372452193,404.0,,2229
1290,39,2,22.427402035210953,0.44854804070421905,0.5750615906464345,39,2,39,39,3,0.01777173724522285,404.0,,2229
1291,39,2,22.409630297965727,0.44819260595931454,0.5746059050760443,39,2,39,39,3,0.017771737245215746,404.0,,2229
1292,39,2,22.3918585607205,0.44783717121441,0.5741502195056539,39,2,39,39,3,0.01777173724522285,404.0,,2229
1293,39,2,22.374086823475274,0.44748173646950545,0.5736945339352635,39,2,39,39,3,0.0177717372452193,404.0,,2229
1294,39,2,22.35631508623005,0.447126301724601,0.5732388483648732,39,2,39,39,3,0.0177717372452193,404.0,,2229
1295,39,2,22.338543348984825,0.4467708669796965,0.5727831627944826,39,2,39,39,3,0.0177717372452193,404.0,,2229
1296,39,2,22.3207716117396,0.44641543223479196,0.5723274772240923,39,2,39,39,3,0.01777173724522285,404.0,,2229
1297,39,2,22.30299987449437,0.44605999748988734,0.5718717916537017,39,2,39,39,3,0.017771737245215746,404.0,,2229
1298,39,2,22.285228137249142,0.4457045627449828,0.5714161060833113,39,2,39,39,3,0.01777173724522285,404.0,,2229
1299,39,2,22.26745640000392,0.44534912800007836,0.570960420512921,39,2,39,39,3,0.017771737245215746,404.0,,2229
1300,39,2,22.249684662758693,0.44499369325517385,0.5705047349425306,39,2,39,39,3,0.01777173724522285,404.0,,2229
1301,39,2,22.231912925513466,0.44463825851026934,0.5700490493721402,39,2,39,39,3,0.017771737245215746,404.0,,2229
1302,39,2,22.214141188268243,0.4442828237653649,0.56959336380175,39,2,39,39,3,0.01777173724522285,404.0,,2229
1303,39,2,22.196369451023013,0.44392738902046025,0.5691376782313592,39,2,39,39,3,0.0177717372452193,404.0,,2229
1304,39,2,22.17859771377779,0.4435719542755558,0.568681992660969,39,2,39,39,3,0.0177717372452193,404.0,,2229
1305,39,2,22.160825976532564,0.4432165195306513,0.5682263070905785,39,2,39,39,3,0.0177717372452193,404.0,,2229
1306,39,2,22.143054239287345,0.4428610847857469,0.5677706215201883,39,2,39,39,3,0.01777173724522285,404.0,,2229
1307,39,2,22.12528250204211,0.44250565004084225,0.5673149359497979,39,2,39,39,3,0.017771737245215746,404.0,,2229
1308,39,2,22.10751076479689,0.4421502152959378,0.5668592503794074,39,2,39,39,3,0.01777173724522285,404.0,,2229
1309,39,2,22.089739027551662,0.4417947805510332,0.5664035648090171,39,2,39,39,3,0.0177717372452193,404.0,,2229
1310,39,2,22.071967290306436,0.4414393458061287,0.5659478792386265,39,2,39,39,3,0.01777173724522285,404.0,,2229
1311,39,2,22.054195553061213,0.44108391106122424,0.5654921936682362,39,2,39,39,3,0.017771737245215746,404.0,,2229
1312,39,2,22.036423815815986,0.44072847631631973,0.5650365080978457,39,2,39,39,3,0.01777173724522285,404.0,,2229
1313,39,2,22.01865207857076,0.4403730415714152,0.5645808225274553,39,2,39,39,3,0.0177717372452193,404.0,,2229
1314,39,2,22.000880341325534,0.4400176068265107,0.564125136957065,39,2,39,39,3,0.0177717372452193,404.0,,2229
1315,39,2,21.98310860408031,0.43966217208160624,0.5636694513866745,39,2,39,39,3,0.017771737245215746,404.0,,2229
1316,39,2,21.96533686683508,0.4393067373367016,0.5632137658162842,39,2,39,39,3,0.01777173724522285,404.0,,2229
1317,39,2,21.947565129589858,0.43895130259179715,0.5627580802458938,39,2,39,39,3,0.0177717372452193,404.0,,2229
1318,39,2,21.929793392344635,0.4385958678468927,0.5623023946755035,39,2,39,39,3,0.0177717372452193,404.0,,2229
1319,39,2,21.912021655099405,0.4382404331019881,0.5618467091051128,39,2,39,39,3,0.0177717372452193,404.0,,2229
1320,39,2,21.89424991785418,0.43788499835708355,0.5613910235347225,39,2,39,39,3,0.01777173724522285,404.0,,2229
1321,39,2,21.876478180608952,0.43752956361217904,0.5609353379643321,39,2,39,39,3,0.017771737245215746,404.0,,2229
1322,39,2,21.85870644336373,0.4371741288672746,0.5604796523939416,39,2,39,39,3,0.01777173724522285,404.0,,2229
1323,39,2,21.8409347061185,0.43681869412237,0.5600239668235514,39,2,39,39,3,0.0177717372452193,404.0,,2229
1324,39,2,21.823162968873277,0.43646325937746555,0.5595682812531609,39,2,39,39,3,0.0177717372452193,404.0,,2229
1325,39,2,21.80539123162805,0.436107824632561,0.5591125956827706,39,2,39,39,3,0.0177717372452193,404.0,,2229
1326,39,2,21.78761949438282,0.4357523898876564,0.5586569101123801,39,2,39,39,3,0.01777173724522285,404.0,,2229
1327,39,2,21.769847757137594,0.4353969551427519,0.5582012245419897,39,2,39,39,3,0.0177717372452193,404.0,,2229
1328,39,2,21.75207601989237,0.43504152039784744,0.5577455389715993,39,2,39,39,3,0.0177717372452193,404.0,,2229
1329,39,2,21.73430428264714,0.4346860856529428,0.5572898534012088,39,2,39,39,3,0.0177717372452193,404.0,,2229
1330,39,2,21.71653254540192,0.43433065090803835,0.5568341678308182,39,2,39,39,3,0.01777173724522285,404.0,,2229
1331,39,2,21.698760808156692,0.43397521616313384,0.556378482260428,39,2,39,39,3,0.017771737245212194,404.0,,2229
1332,39,2,21.680989070911462,0.4336197814182292,0.5559227966900375,39,2,39,39,3,0.01777173724522285,404.0,,2229
1333,39,2,21.66321733366624,0.4332643466733248,0.5554671111196472,39,2,39,39,3,0.0177717372452193,404.0,,2229
1334,39,2,21.645445596421016,0.43290891192842035,0.5550114255492569,39,2,39,39,3,0.0177717372452193,404.0,,2229
1335,39,2,21.627673859175783,0.43255347718351567,0.5545557399788661,39,2,39,39,3,0.0177717372452193,404.0,,2229
1336,39,2,21.60990212193056,0.4321980424386112,0.554100054408476,39,2,39,39,3,0.01777173724522285,404.0,,2229
1337,39,2,21.592130384685333,0.4318426076937067,0.5536443688380854,39,2,39,39,3,0.0177717372452193,404.0,,2229
1338,39,2,21.574358647440107,0.4314871729488021,0.5531886832676952,39,2,39,39,3,0.0177717372452193,404.0,,2229
1339,39,2,21.556586910194884,0.43113173820389766,0.5527329976973048,39,2,39,39,3,0.0177717372452193,404.0,,2229
1340,39,2,21.538815172949658,0.43077630345899315,0.5522773121269143,39,2,39,39,3,0.01777173724522285,404.0,,2229
1341,39,2,21.52104343570443,0.43042086871408863,0.551821626556524,39,2,39,39,3,0.017771737245215746,404.0,,2229
1342,39,2,21.5032716984592,0.430065433969184,0.5513659409861333,39,2,39,39,3,0.01777173724522285,404.0,,2229
1343,39,2,21.485499961213975,0.4297099992242795,0.550910255415743,39,2,39,39,3,0.0177717372452193,404.0,,2229
1344,39,2,21.467728223968752,0.42935456447937503,0.5504545698453526,39,2,39,39,3,0.0177717372452193,404.0,,2229
1345,39,2,21.449956486723522,0.42899912973447046,0.5499988842749622,39,2,39,39,3,0.0177717372452193,404.0,,2229
1346,39,2,21.432184749478296,0.4286436949895659,0.5495431987045715,39,2,39,39,3,0.01777173724522285,404.0,,2229
1347,39,2,21.414413012233073,0.42828826024466143,0.5490875131341811,39,2,39,39,3,0.0177717372452193,404.0,,2229
1348,39,2,21.39664127498784,0.4279328254997568,0.5486318275637908,39,2,39,39,3,0.017771737245215746,404.0,,2229
1349,39,2,21.378869537742617,0.42757739075485235,0.5481761419934004,39,2,39,39,3,0.0177717372452193,404.0,,2229
1350,39,2,21.36109780049739,0.4272219560099478,0.54772045642301,39,2,39,39,3,0.01777173724522285,404.0,,2229
1351,39,2,21.34332606325216,0.4268665212650432,0.5472647708526195,39,2,39,39,3,0.017771737245215746,404.0,,2229
1352,39,2,21.325554326006934,0.4265110865201387,0.546809085282229,39,2,39,39,3,0.01777173724522285,404.0,,2229
1353,39,2,21.307782588761707,0.4261556517752341,0.5463533997118386,39,2,39,39,3,0.0177717372452193,404.0,,2229
1354,39,2,21.290010851516485,0.42580021703032966,0.5458977141414482,39,2,39,39,3,0.0177717372452193,404.0,,2229
1355,39,2,21.27223911427125,0.42544478228542504,0.545442028571058,39,2,39,39,3,0.0177717372452193,404.0,,2229
1356,39,2,21.254467377026028,0.4250893475405206,0.5449863430006675,39,2,39,39,3,0.01777173724522285,404.0,,2229
1357,39,2,21.2366956397808,0.424733912795616,0.5445306574302771,39,2,39,39,3,0.0177717372452193,404.0,,2229
1358,39,2,21.218923902535575,0.4243784780507115,0.5440749718598866,39,2,39,39,3,0.0177717372452193,404.0,,2229
1359,39,2,21.20115216529035,0.424023043305807,0.5436192862894961,39,2,39,39,3,0.0177717372452193,404.0,,2229
1360,39,2,21.183380428045123,0.42366760856090246,0.5431636007191057,39,2,39,39,3,0.01777173724522285,404.0,,2229
1361,39,2,21.165608690799896,0.42331217381599795,0.5427079151487153,39,2,39,39,3,0.017771737245215746,404.0,,2229
1362,39,2,21.147836953554666,0.4229567390710933,0.5422522295783248,39,2,39,39,3,0.01777173724522285,404.0,,2229
1363,39,2,21.130065216309443,0.42260130432618886,0.5417965440079343,39,2,39,39,3,0.0177717372452193,404.0,,2229
1364,39,2,21.112293479064213,0.4222458695812843,0.541340858437544,39,2,39,39,3,0.017771737245215746,404.0,,2229
1365,39,2,21.094521741818987,0.4218904348363797,0.5408851728671537,39,2,39,39,3,0.0177717372452193,404.0,,2229
1366,39,2,21.076750004573764,0.42153500009147526,0.5404294872967631,39,2,39,39,3,0.01777173724522285,404.0,,2229
1367,39,2,21.058978267328534,0.4211795653465707,0.5399738017263724,39,2,39,39,3,0.0177717372452193,404.0,,2229
1368,39,2,21.041206530083308,0.4208241306016662,0.5395181161559822,39,2,39,39,3,0.0177717372452193,404.0,,2229
1369,39,2,21.02343479283808,0.4204686958567616,0.5390624305855918,39,2,39,39,3,0.0177717372452193,404.0,,2229
1370,39,2,21.005663055592855,0.4201132611118571,0.5386067450152014,39,2,39,39,3,0.01777173724522285,404.0,,2229
1371,39,2,20.987891318347625,0.4197578263669525,0.5381510594448111,39,2,39,39,3,0.017771737245215746,404.0,,2229
1372,39,2,20.970119581102402,0.41940239162204807,0.5376953738744207,39,2,39,39,3,0.01777173724522285,404.0,,2229
1373,39,2,20.952347843857176,0.4190469568771435,0.5372396883040302,39,2,39,39,3,0.0177717372452193,404.0,,2229
1374,39,2,20.93457610661195,0.418691522132239,0.5367840027336397,39,2,39,39,3,0.0177717372452193,404.0,,2229
1375,39,2,20.916804369366723,0.41833608738733447,0.5363283171632494,39,2,39,39,3,0.0177717372452193,404.0,,2229
1376,39,2,20.899032632121497,0.41798065264242995,0.5358726315928589,39,2,39,39,3,0.01777173724522285,404.0,,2229
1377,39,2,20.881260894876267,0.4176252178975253,0.5354169460224685,39,2,39,39,3,0.0177717372452193,404.0,,2229
1378,39,2,20.863489157631037,0.41726978315262075,0.534961260452078,39,2,39,39,3,0.0177717372452193,404.0,,2229
1379,39,2,20.845717420385817,0.41691434840771635,0.5345055748816875,39,2,39,39,3,0.0177717372452193,404.0,,2229
1380,39,2,20.827945683140587,0.4165589136628117,0.5340498893112973,39,2,39,39,3,0.0177717372452193,404.0,,2229
1381,39,2,20.810173945895365,0.41620347891790727,0.5335942037409067,39,2,39,39,3,0.017771737245215746,404.0,,2229
1382,39,2,20.792402208650138,0.41584804417300275,0.5331385181705165,39,2,39,39,3,0.01777173724522285,404.0,,2229
1383,39,2,20.774630471404908,0.4154926094280982,0.5326828326001258,39,2,39,39,3,0.0177717372452193,404.0,,2229
1384,39,2,20.75685873415968,0.4151371746831936,0.5322271470297354,39,2,39,39,3,0.0177717372452193,404.0,,2229
1385,38,2,20.742723945535463,0.41485447891070926,0.5458611564614595,38,1,38,22,3,0.014134788624222239,454.0,,2229
1386,38,2,20.725491275642,0.41450982551284,0.5454076651484737,38,2,38,38,3,0.017232669893452623,394.0,,2131
1387,38,2,20.708258605748536,0.4141651721149707,0.5449541738354878,38,2,38,38,3,0.01723266989345973,394.0,,2131
1388,38,2,20.69102593585507,0.4138205187171014,0.5445006825225018,38,2,38,38,3,0.017232669893456176,394.0,,2131
1389,38,2,20.673793265961606,0.41347586531923214,0.5440471912095161,38,2,38,38,3,0.017232669893452623,394.0,,2131
1390,37,2,20.660599306414767,0.41321198612829535,0.5583945758490476,37,1,37,17,3,0.013193959546846656,354.0,,2131
1391,37,2,20.644123290364146,0.41288246580728294,0.5579492781179498,37,2,37,37,3,0.016476016050614106,384.0,,2045
1392,37,2,20.62764727431352,0.4125529454862704,0.5575039803868519,37,2,37,37,3,0.016476016050628317,384.0,,2045
1393,37,2,20.611171258262896,0.4122234251652579,0.557058682655754,37,2,37,37,3,0.016476016050614106,384.0,,2045
1394,37,2,20.59469524221227,0.41189390484424543,0.5566133849246561,37,2,37,37,3,0.016476016050628317,384.0,,2045
1395,37,2,20.57821922616165,0.411564384523233,0.5561680871935581,37,2,37,37,3,0.016476016050614106,384.0,,2045
1396,37,2,20.561743210111025,0.4112348642022205,0.5557227894624602,37,2,37,37,3,0.016476016050628317,384.0,,2045
1397,37,2,20.545267194060397,0.4109053438812079,0.5552774917313621,37,2,37,37,3,0.016476016050614106,384.0,,2045
1398,37,2,20.528791178009776,0.4105758235601955,0.5548321940002642,37,2,37,37,3,0.01647601605062121,384.0,,2045
1399,37,2,20.51231516195915,0.41024630323918304,0.5543868962691663,37,2,37,37,3,0.01647601605062121,384.0,,2045
1400,37,2,20.495839145908533,0.4099167829181707,0.5539415985380682,37,2,37,37,3,0.01647601605062121,384.0,,2045
1401,37,2,20.479363129857905,0.4095872625971581,0.5534963008069704,37,2,37,37,3,0.01647601605062121,384.0,,2045
1402,37,2,20.462887113807284,0.4092577422761457,0.5530510030758724,37,2,37,37,3,0.01647601605062121,384.0,,2045
1403,37,2,20.44641109775666,0.4089282219551332,0.5526057053447747,37,2,37,37,3,0.01647601605062121,384.0,,2045
1404,37,2,20.429935081706034,0.4085987016341207,0.5521604076136766,37,2,37,37,3,0.01647601605062121,384.0,,2045
1405,37,2,20.41345906565541,0.4082691813131082,0.5517151098825785,37,2,37,37,3,0.016476016050614106,384.0,,2045
1406,37,2,20.39698304960479,0.4079396609920958,0.5512698121514807,37,2,37,37,3,0.016476016050628317,384.0,,2045
1407,37,2,20.380507033554164,0.40761014067108325,0.5508245144203828,37,2,37,37,3,0.016476016050614106,384.0,,2045
1408,37,2,20.364031017503542,0.40728062035007084,0.5503792166892849,37,2,37,37,3,0.016476016050628317,384.0,,2045
1409,37,2,20.347555001452918,0.4069511000290584,0.5499339189581869,37,2,37,37,3,0.016476016050614106,384.0,,2045
1410,37,2,20.331078985402293,0.40662157970804585,0.5494886212270889,37,2,37,37,3,0.016476016050628317,384.0,,2045
1411,37,2,20.314602969351668,0.4062920593870334,0.549043323495991,37,2,37,37,3,0.016476016050614106,384.0,,2045
1412,37,2,20.298126953301047,0.4059625390660209,0.5485980257648931,37,2,37,37,3,0.016476016050628317,384.0,,2045
1413,37,2,20.28165093725042,0.40563301874500834,0.5481527280337951,37,2,37,37,3,0.016476016050614106,384.0,,2045
1414,37,2,20.265174921199797,0.40530349842399593,0.5477074303026972,37,2,37,37,3,0.01647601605062121,384.0,,2045
1415,37,2,20.248698905149173,0.40497397810298347,0.5472621325715993,37,2,37,37,3,0.01647601605062121,384.0,,2045
1416,37,2,20.23222288909855,0.404644457781971,0.5468168348405014,37,2,37,37,3,0.01647601605062121,384.0,,2045
1417,37,2,20.215746873047923,0.4043149374609585,0.5463715371094032,37,2,37,37,3,0.01647601605062121,384.0,,2045
1418,37,2,20.199270856997302,0.403985417139946,0.5459262393783055,37,2,37,37,3,0.01647601605062121,384.0,,2045
1419,37,2,20.182794840946677,0.40365589681893355,0.5454809416472075,37,2,37,37,3,0.01647601605062121,384.0,,2045
1420,37,2,20.166318824896056,0.40332637649792114,0.5450356439161096,37,2,37,37,3,0.01647601605062121,384.0,,2045
1421,37,2,20.14984280884543,0.4029968561769086,0.5445903461850116,37,2,37,37,3,0.016476016050614106,384.0,,2045
1422,37,2,20.133366792794806,0.40266733585589615,0.5441450484539136,37,2,37,37,3,0.016476016050628317,384.0,,2045
1423,37,2,20.116890776744185,0.4023378155348837,0.5436997507228158,37,2,37,37,3,0.016476016050614106,384.0,,2045
1424,37,2,20.10041476069356,0.4020082952138712,0.5432544529917179,37,2,37,37,3,0.016476016050628317,384.0,,2045
1425,37,2,20.083938744642932,0.40167877489285864,0.54280915526062,37,2,37,37,3,0.016476016050614106,384.0,,2045
1426,37,2,20.067462728592314,0.4013492545718463,0.542363857529522,37,2,37,37,3,0.016476016050628317,384.0,,2045
1427,37,2,20.050986712541693,0.40101973425083387,0.541918559798424,37,2,37,37,3,0.016476016050614106,384.0,,2045
1428,37,2,20.03451069649107,0.40069021392982135,0.5414732620673262,37,2,37,37,3,0.016476016050628317,384.0,,2045
1429,37,2,20.01803468044044,0.4003606936088088,0.541027964336228,37,2,37,37,3,0.016476016050614106,384.0,,2045
1430,37,2,20.00155866438982,0.40003117328779636,0.5405826666051301,37,2,37,37,3,0.01647601605062121,384.0,,2045
1431,37,2,19.985082648339194,0.3997016529667839,0.5401373688740323,37,2,37,37,3,0.01647601605062121,384.0,,2045
1432,37,2,19.968606632288573,0.3993721326457715,0.5396920711429343,37,2,37,37,3,0.01647601605062121,384.0,,2045
1433,37,2,19.952130616237945,0.3990426123247589,0.5392467734118365,37,2,37,37,3,0.01647601605062121,384.0,,2045
1434,37,2,19.935654600187323,0.3987130920037465,0.5388014756807384,37,2,37,37,3,0.01647601605062121,384.0,,2045
1435,37,2,19.9191785841367,0.398383571682734,0.5383561779496407,37,2,37,37,3,0.01647601605062121,384.0,,2045
1436,37,2,19.902702568086074,0.39805405136172145,0.5379108802185425,37,2,37,37,3,0.01647601605062121,384.0,,2045
1437,37,2,19.88622655203545,0.397724531040709,0.5374655824874446,37,2,37,37,3,0.016476016050614106,384.0,,2045
1438,37,2,19.869750535984824,0.39739501071969646,0.5370202847563466,37,2,37,37,3,0.016476016050628317,384.0,,2045
1439,37,2,19.853274519934207,0.3970654903986841,0.5365749870252488,37,2,37,37,3,0.016476016050614106,384.0,,2045
1440,37,2,19.836798503883582,0.39673597007767164,0.5361296892941508,37,2,37,37,3,0.016476016050628317,384.0,,2045
1441,37,2,19.820322487832957,0.3964064497566591,0.5356843915630528,37,2,37,37,3,0.016476016050614106,384.0,,2045
1442,37,2,19.803846471782332,0.39607692943564665,0.5352390938319549,37,2,37,37,3,0.016476016050628317,384.0,,2045
1443,37,2,19.787370455731704,0.3957474091146341,0.5347937961008569,37,2,37,37,3,0.016476016050614106,384.0,,2045
1444,37,2,19.770894439681083,0.39541788879362166,0.5343484983697591,37,2,37,37,3,0.016476016050628317,384.0,,2045
1445,37,2,19.754418423630455,0.3950883684726091,0.5339032006386609,37,2,37,37,3,0.016476016050614106,384.0,,2045
1446,37,2,19.737942407579833,0.3947588481515967,0.5334579029075631,37,2,37,37,3,0.01647601605062121,384.0,,2045
1447,37,2,19.721466391529216,0.3944293278305843,0.5330126051764651,37,2,37,37,3,0.01647601605062121,384.0,,2045
1448,37,2,19.704990375478594,0.3940998075095719,0.5325673074453673,37,2,37,37,3,0.01647601605062121,384.0,,2045
1449,37,2,19.688514359427966,0.39377028718855933,0.5321220097142693,37,2,37,37,3,0.01647601605062121,384.0,,2045
1450,37,2,19.672038343377345,0.3934407668675469,0.5316767119831715,37,2,37,37,3,0.01647601605062121,384.0,,2045
1451,37,2,19.65556232732672,0.3931112465465344,0.5312314142520735,37,2,37,37,3,0.01647601605062121,384.0,,2045
1452,37,2,19.639086311276095,0.39278172622552193,0.5307861165209754,37,2,37,37,3,0.01647601605062121,384.0,,2045
1453,37,2,19.62261029522547,0.3924522059045094,0.5303408187898776,37,2,37,37,3,0.016476016050614106,384.0,,2045
1454,37,2,19.606134279174846,0.39212268558349694,0.5298955210587796,37,2,37,37,3,0.016476016050628317,384.0,,2045
1455,37,2,19.589658263124225,0.3917931652624845,0.5294502233276818,37,2,37,37,3,0.016476016050614106,384.0,,2045
1456,37,2,19.5731822470736,0.391463644941472,0.5290049255965837,37,2,37,37,3,0.016476016050628317,384.0,,2045
1457,37,2,19.556706231022975,0.3911341246204595,0.5285596278654858,37,2,37,37,3,0.016476016050614106,384.0,,2045
1458,37,2,19.54023021497235,0.390804604299447,0.5281143301343878,37,2,37,37,3,0.016476016050628317,384.0,,2045
1459,37,2,19.52375419892173,0.39047508397843456,0.52766903240329,37,2,37,37,3,0.016476016050614106,384.0,,2045
1460,37,2,19.507278182871104,0.3901455636574221,0.5272237346721921,37,2,37,37,3,0.016476016050628317,384.0,,2045
1461,37,2,19.490802166820476,0.3898160433364095,0.526778436941094,37,2,37,37,3,0.016476016050614106,384.0,,2045
1462,37,2,19.474326150769855,0.3894865230153971,0.5263331392099961,37,2,37,37,3,0.01647601605062121,384.0,,2045
1463,37,2,19.45785013471923,0.3891570026943846,0.5258878414788981,37,2,37,37,3,0.01647601605062121,384.0,,2045
1464,37,2,19.44137411866861,0.38882748237337217,0.5254425437478002,37,2,37,37,3,0.01647601605062121,384.0,,2045
1465,37,2,19.42489810261798,0.3884979620523596,0.5249972460167022,37,2,37,37,3,0.01647601605062121,384.0,,2045
1466,37,2,19.408422086567363,0.38816844173134724,0.5245519482856043,37,2,37,37,3,0.01647601605062121,384.0,,2045
1467,37,2,19.391946070516738,0.38783892141033477,0.5241066505545066,37,2,37,37,3,0.01647601605062121,384.0,,2045
1468,37,2,19.375470054466113,0.38750940108932225,0.5236613528234084,37,2,37,37,3,0.01647601605062121,384.0,,2045
1469,37,2,19.35899403841549,0.3871798807683098,0.5232160550923103,37,2,37,37,3,0.016476016050614106,384.0,,2045
1470,37,2,19.34251802236486,0.3868503604472972,0.5227707573612126,37,2,37,37,3,0.016476016050628317,384.0,,2045
1471,37,2,19.32604200631424,0.3865208401262848,0.5223254596301145,37,2,37,37,3,0.016476016050614106,384.0,,2045
1472,37,2,19.309565990263614,0.38619131980527227,0.5218801618990166,37,2,37,37,3,0.016476016050628317,384.0,,2045
1473,37,2,19.29308997421299,0.3858617994842598,0.5214348641679185,37,2,37,37,3,0.016476016050614106,384.0,,2045
1474,37,2,19.276613958162365,0.3855322791632473,0.5209895664368206,37,2,37,37,3,0.016476016050628317,384.0,,2045
1475,37,2,19.26013794211174,0.3852027588422348,0.5205442687057227,37,2,37,37,3,0.016476016050614106,384.0,,2045
1476,37,2,19.24366192606112,0.38487323852122235,0.5200989709746248,37,2,37,37,3,0.016476016050628317,384.0,,2045
1477,37,2,19.22718591001049,0.3845437182002098,0.5196536732435267,37,2,37,37,3,0.016476016050614106,384.0,,2045
1478,37,2,19.210709893959866,0.3842141978791973,0.5192083755124288,37,2,37,37,3,0.01647601605062121,384.0,,2045
1479,37,2,19.194233877909245,0.3838846775581849,0.5187630777813308,37,2,37,37,3,0.01647601605062121,384.0,,2045
1480,37,2,19.177757861858623,0.3835551572371725,0.518317780050233,37,2,37,37,3,0.01647601605062121,384.0,,2045
1481,37,2,19.161281845807995,0.3832256369161599,0.5178724823191349,37,2,37,37,3,0.01647601605062121,384.0,,2045
1482,37,2,19.14480582975737,0.3828961165951474,0.517427184588037,37,2,37,37,3,0.01647601605062121,384.0,,2045
1483,37,2,19.128329813706745,0.3825665962741349,0.5169818868569391,37,2,37,37,3,0.01647601605062121,384.0,,2045
1484,37,2,19.11185379765612,0.3822370759531224,0.5165365891258411,37,2,37,37,3,0.01647601605062121,384.0,,2045
1485,37,2,19.095377781605496,0.38190755563210993,0.5160912913947431,37,2,37,37,3,0.016476016050614106,384.0,,2045
1486,37,2,19.07890176555487,0.3815780353110974,0.515645993663645,37,2,37,37,3,0.016476016050628317,384.0,,2045
1487,37,2,19.06242574950425,0.381248514990085,0.5152006959325472,37,2,37,37,3,0.016476016050614106,384.0,,2045
1488,37,2,19.04594973345363,0.3809189946690726,0.5147553982014493,37,2,37,37,3,0.016476016050628317,384.0,,2045
1489,37,2,19.029473717402997,0.38058947434805995,0.5143101004703513,37,2,37,37,3,0.016476016050614106,384.0,,2045
1490,37,2,19.012997701352376,0.3802599540270475,0.5138648027392534,37,2,37,37,3,0.016476016050628317,384.0,,2045
1491,37,2,18.99652168530175,0.379930433706035,0.5134195050081555,37,2,37,37,3,0.016476016050614106,384.0,,2045
1492,37,2,18.980045669251126,0.3796009133850225,0.5129742072770576,37,2,37,37,3,0.016476016050628317,384.0,,2045
1493,37,2,18.963569653200498,0.37927139306401,0.5125289095459594,37,2,37,37,3,0.016476016050614106,384.0,,2045
1494,37,2,18.947093637149877,0.3789418727429975,0.5120836118148616,37,2,37,37,3,0.01647601605062121,384.0,,2045
1495,37,2,18.930617621099252,0.37861235242198504,0.5116383140837637,37,2,37,37,3,0.01647601605062121,384.0,,2045
1496,37,2,18.91414160504863,0.37828283210097263,0.5111930163526656,37,2,37,37,3,0.01647601605062121,384.0,,2045
1497,37,2,18.897665588998002,0.37795331177996006,0.5107477186215676,37,2,37,37,3,0.01647601605062121,384.0,,2045
1498,37,2,18.88118957294738,0.37762379145894764,0.5103024208904696,37,2,37,37,3,0.01647601605062121,384.0,,2045
1499,37,2,18.864713556896756,0.3772942711379351,0.5098571231593719,37,2,37,37,3,0.01647601605062121,384.0,,2045
1500,37,2,18.84823754084613,0.37696475081692266,0.5094118254282738,37,2,37,37,3,0.01647601605062121,384.0,,2045
1501,37,2,18.831761524795507,0.37663523049591013,0.5089665276971758,37,2,37,37,3,0.016476016050614106,384.0,,2045
1502,37,2,18.815285508744882,0.37630571017489767,0.5085212299660778,37,2,37,37,3,0.016476016050628317,384.0,,2045
1503,37,2,18.79880949269426,0.3759761898538852,0.5080759322349799,37,2,37,37,3,0.016476016050614106,384.0,,2045
1504,37,2,18.782333476643636,0.37564666953287273,0.507630634503882,37,2,37,37,3,0.016476016050628317,384.0,,2045
1505,37,2,18.76585746059301,0.3753171492118602,0.507185336772784,37,2,37,37,3,0.016476016050614106,384.0,,2045
1506,37,2,18.749381444542387,0.37498762889084775,0.5067400390416861,37,2,37,37,3,0.016476016050628317,384.0,,2045
1507,37,2,18.73290542849176,0.3746581085698352,0.5062947413105882,37,2,37,37,3,0.016476016050614106,384.0,,2045
1508,37,2,18.71642941244114,0.3743285882488228,0.5058494435794902,37,2,37,37,3,0.016476016050628317,384.0,,2045
1509,37,2,18.69995339639051,0.3739990679278102,0.5054041458483921,37,2,37,37,3,0.016476016050614106,384.0,,2045
1510,37,2,18.683477380339887,0.37366954760679777,0.5049588481172943,37,2,37,37,3,0.01647601605062121,384.0,,2045
1511,37,2,18.667001364289263,0.37334002728578525,0.5045135503861963,37,2,37,37,3,0.01647601605062121,384.0,,2045
1512,37,2,18.650525348238645,0.3730105069647729,0.5040682526550985,37,2,37,37,3,0.01647601605062121,384.0,,2045
1513,36,2,18.63808880871576,0.3727617761743152,0.5177246891309932,36,1,36,13,3,0.012436539522880707,274.0,,2045
1514,36,2,18.621445798355833,0.37242891596711664,0.5172623832876622,36,2,36,36,3,0.01664301035992466,374.0,,1949
1515,36,2,18.6048027879959,0.372096055759918,0.5168000774443307,36,2,36,36,3,0.016643010359928212,374.0,,1949
1516,36,2,18.58815977763597,0.37176319555271936,0.5163377716009991,36,2,36,36,3,0.01664301035992466,374.0,,1949
1517,36,2,18.571516767276037,0.3714303353455207,0.5158754657576677,36,2,36,36,3,0.016643010359917554,374.0,,1949
1518,36,2,18.554873756916106,0.3710974751383221,0.5154131599143361,36,2,36,36,3,0.016643010359928212,374.0,,1949
1519,36,2,18.538230746556174,0.37076461493112345,0.5149508540710048,36,2,36,36,3,0.01664301035992466,374.0,,1949
1520,36,2,18.521587736196242,0.37043175472392487,0.5144885482276735,36,2,36,36,3,0.01664301035992466,374.0,,1949
1521,36,2,18.504944725836317,0.37009889451672634,0.514026242384342,36,2,36,36,3,0.016643010359921107,374.0,,1949
1522,36,2,18.488301715476382,0.36976603430952765,0.5135639365410106,36,2,36,36,3,0.01664301035992466,374.0,,1949
1523,36,2,18.471658705116454,0.36943317410232906,0.5131016306976791,36,2,36,36,3,0.016643010359928212,374.0,,1949
1524,36,2,18.45501569475652,0.36910031389513037,0.5126393248543478,36,2,36,36,3,0.01664301035992466,374.0,,1949
1525,36,2,18.438372684396583,0.3687674536879317,0.5121770190110163,36,2,36,36,3,0.016643010359917554,374.0,,1949
1526,36,2,18.421729674036655,0.3684345934807331,0.5117147131676849,36,2,36,36,3,0.016643010359928212,374.0,,1949
1527,36,2,18.405086663676723,0.36810173327353446,0.5112524073243533,36,2,36,36,3,0.01664301035992466,374.0,,1949
1528,36,2,18.388443653316795,0.3677688730663359,0.5107901014810221,36,2,36,36,3,0.016643010359928212,374.0,,1949
1529,36,2,18.37180064295686,0.3674360128591372,0.5103277956376907,36,2,36,36,3,0.016643010359917554,374.0,,1949
1530,36,2,18.35515763259693,0.3671031526519386,0.5098654897943592,36,2,36,36,3,0.01664301035992466,374.0,,1949
1531,36,2,18.338514622237,0.36677029244474,0.5094031839510278,36,2,36,36,3,0.016643010359928212,374.0,,1949
1532,36,2,18.321871611877064,0.36643743223754127,0.5089408781076963,36,2,36,36,3,0.01664301035992466,374.0,,1949
1533,36,2,18.305228601517133,0.36610457203034263,0.5084785722643648,36,2,36,36,3,0.016643010359917554,374.0,,1949
1534,36,2,18.2885855911572,0.365771711823144,0.5080162664210334,36,2,36,36,3,0.016643010359928212,374.0,,1949
1535,36,2,18.271942580797276,0.3654388516159455,0.5075539605777021,36,2,36,36,3,0.01664301035992466,374.0,,1949
1536,36,2,18.25529957043734,0.36510599140874683,0.5070916547343706,36,2,36,36,3,0.016643010359928212,374.0,,1949
1537,36,2,18.238656560077413,0.36477313120154825,0.5066293488910392,36,2,36,36,3,0.016643010359917554,374.0,,1949
1538,36,2,18.22201354971748,0.3644402709943496,0.5061670430477077,36,2,36,36,3,0.01664301035992466,374.0,,1949
1539,36,2,18.205370539357546,0.3641074107871509,0.5057047372043763,36,2,36,36,3,0.016643010359921107,374.0,,1949
1540,36,2,18.188727528997614,0.3637745505799523,0.5052424313610449,36,2,36,36,3,0.016643010359928212,374.0,,1949
1541,36,2,18.172084518637682,0.36344169037275365,0.5047801255177133,36,2,36,36,3,0.016643010359917554,374.0,,1949
1542,36,2,18.155441508277757,0.3631088301655552,0.504317819674382,36,2,36,36,3,0.01664301035992466,374.0,,1949
1543,36,2,18.13879849791782,0.36277596995835637,0.5038555138310505,36,2,36,36,3,0.016643010359917554,374.0,,1949
1544,36,2,18.12215548755789,0.3624431097511578,0.5033932079877191,36,2,36,36,3,0.016643010359931765,374.0,,1949
1545,36,2,18.105512477197955,0.3621102495439591,0.5029309021443876,36,2,36,36,3,0.016643010359914,374.0,,1949
1546,36,2,18.08886946683803,0.3617773893367606,0.5024685963010563,36,2,36,36,3,0.01664301035992466,374.0,,1949
1547,36,2,18.072226456478095,0.3614445291295619,0.5020062904577248,36,2,36,36,3,0.016643010359921107,374.0,,1949
1548,36,2,18.05558344611816,0.3611116689223632,0.5015439846143932,36,2,36,36,3,0.016643010359928212,374.0,,1949
1549,36,2,18.038940435758235,0.3607788087151647,0.5010816787710621,36,2,36,36,3,0.016643010359917554,374.0,,1949
1550,36,2,18.0222974253983,0.360445948507966,0.5006193729277305,36,2,36,36,3,0.01664301035992466,374.0,,1949
1551,36,2,18.00565441503837,0.36011308830076744,0.5001570670843992,36,2,36,36,3,0.016643010359917554,374.0,,1949
1552,36,2,17.989011404678436,0.35978022809356874,0.4996947612410676,36,2,36,36,3,0.016643010359928212,374.0,,1949
1553,36,2,17.972368394318508,0.35944736788637016,0.49923245539773625,36,2,36,36,3,0.016643010359914,374.0,,1949
1554,36,2,17.955725383958576,0.3591145076791715,0.4987701495544049,36,2,36,36,3,0.016643010359935317,374.0,,1949
1555,36,2,17.939082373598644,0.3587816474719729,0.4983078437110733,36,2,36,36,3,0.016643010359914,374.0,,1949
1556,36,2,17.922439363238713,0.35844878726477425,0.497845537867742,36,2,36,36,3,0.016643010359928212,374.0,,1949
1557,36,2,17.90579635287878,0.3581159270575756,0.4973832320244106,36,2,36,36,3,0.016643010359914,374.0,,1949
1558,36,2,17.889153342518853,0.35778306685037703,0.49692092618107936,36,2,36,36,3,0.016643010359928212,374.0,,1949
1559,36,2,17.872510332158917,0.35745020664317834,0.4964586203377477,36,2,36,36,3,0.016643010359921107,374.0,,1949
1560,36,2,17.855867321798986,0.3571173464359797,0.4959963144944163,36,2,36,36,3,0.016643010359928212,374.0,,1949
1561,36,2,17.839224311439054,0.35678448622878106,0.49553400865108493,36,2,36,36,3,0.016643010359914,374.0,,1949
1562,35,2,17.825859970143973,0.35651719940287946,0.5093102848612565,35,1,35,11,3,0.013364341295073245,234.0,,1949
1563,35,2,17.809331663861933,0.35618663327723865,0.5088380475389124,35,2,35,35,3,0.01652830628203361,364.0,,1859
1564,35,2,17.79280335757989,0.3558560671515978,0.5083658102165682,35,2,35,35,3,0.016528306282026506,364.0,,1859
1565,35,2,17.776275051297844,0.35552550102595687,0.5078935728942241,35,2,35,35,3,0.01652830628203361,364.0,,1859
1566,35,2,17.7597467450158,0.355194934900316,0.5074213355718801,35,2,35,35,3,0.0165283062820194,364.0,,1859
1567,35,2,17.743218438733756,0.3548643687746751,0.5069490982495359,35,2,35,35,3,0.01652830628203361,364.0,,1859
1568,35,2,17.726690132451708,0.35453380264903417,0.5064768609271918,35,2,35,35,3,0.016528306282026506,364.0,,1859
1569,35,2,17.710161826169667,0.35420323652339336,0.5060046236048475,35,2,35,35,3,0.01652830628203361,364.0,,1859
1570,35,2,17.69363351988762,0.3538726703977524,0.5055323862825035,35,2,35,35,3,0.0165283062820194,364.0,,1859
1571,35,2,17.67710521360557,0.3535421042721114,0.5050601489601593,35,2,35,35,3,0.01652830628203361,364.0,,1859
1572,35,2,17.660576907323538,0.35321153814647077,0.5045879116378152,35,2,35,35,3,0.016528306282026506,364.0,,1859
1573,35,2,17.644048601041487,0.35288097202082974,0.504115674315471,35,2,35,35,3,0.01652830628203361,364.0,,1859
1574,35,2,17.627520294759442,0.3525504058951888,0.503643436993127,35,2,35,35,3,0.016528306282026506,364.0,,1859
1575,35,2,17.6109919884774,0.352219839769548,0.5031711996707829,35,2,35,35,3,0.01652830628203361,364.0,,1859
1576,35,2,17.594463682195357,0.35188927364390715,0.5026989623484388,35,2,35,35,3,0.0165283062820194,364.0,,1859
1577,35,2,17.57793537591331,0.3515587075182662,0.5022267250260944,35,2,35,35,3,0.01652830628203361,364.0,,1859
1578,35,2,17.561407069631265,0.3512281413926253,0.5017544877037504,35,2,35,35,3,0.016528306282026506,364.0,,1859
1579,35,2,17.54487876334922,0.3508975752669844,0.5012822503814063,35,2,35,35,3,0.01652830628203361,364.0,,1859
1580,35,2,17.528350457067173,0.3505670091413435,0.5008100130590621,35,2,35,35,3,0.0165283062820194,364.0,,1859
1581,35,2,17.511822150785136,0.3502364430157027,0.5003377757367181,35,2,35,35,3,0.01652830628203361,364.0,,1859
1582,35,2,17.495293844503088,0.34990587689006175,0.49986553841437403,35,2,35,35,3,0.016528306282026506,364.0,,1859
1583,35,2,17.478765538221044,0.3495753107644209,0.49939330109202984,35,2,35,35,3,0.01652830628203361,364.0,,1859
1584,35,2,17.462237231939,0.34924474463877997,0.4989210637696856,35,2,35,35,3,0.0165283062820194,364.0,,1859
1585,35,2,17.445708925656955,0.3489141785131391,0.49844882644734145,35,2,35,35,3,0.016528306282040717,364.0,,1859
1586,35,2,17.42918061937491,0.34858361238749824,0.49797658912499737,35,2,35,35,3,0.0165283062820194,364.0,,1859
1587,35,2,17.412652313092863,0.34825304626185727,0.49750435180265323,35,2,35,35,3,0.01652830628203361,364.0,,1859
1588,35,2,17.396124006810822,0.34792248013621646,0.4970321144803092,35,2,35,35,3,0.016528306282026506,364.0,,1859
1589,35,2,17.379595700528775,0.3475919140105755,0.496559877157965,35,2,35,35,3,0.01652830628203361,364.0,,1859
1590,35,2,17.36306739424673,0.3472613478849346,0.496087639835621,35,2,35,35,3,0.0165283062820194,364.0,,1859
1591,35,2,17.34653908796469,0.3469307817592938,0.49561540251327674,35,2,35,35,3,0.01652830628203361,364.0,,1859
1592,35,2,17.33001078168264,0.3466002156336528,0.4951431651909327,35,2,35,35,3,0.016528306282026506,364.0,,1859
1593,35,2,17.313482475400598,0.346269649508012,0.4946709278685884,35,2,35,35,3,0.01652830628203361,364.0,,1859
1594,35,2,17.296954169118553,0.34593908338237106,0.4941986905462444,35,2,35,35,3,0.0165283062820194,364.0,,1859
1595,35,2,17.28042586283651,0.3456085172567302,0.49372645322390024,35,2,35,35,3,0.01652830628203361,364.0,,1859
1596,35,2,17.26389755655446,0.3452779511310892,0.49325421590155616,35,2,35,35,3,0.016528306282026506,364.0,,1859
1597,35,2,17.24736925027242,0.3449473850054484,0.492781978579212,35,2,35,35,3,0.01652830628203361,364.0,,1859
1598,35,2,17.230840943990376,0.34461681887980755,0.4923097412568679,35,2,35,35,3,0.016528306282026506,364.0,,1859
1599,35,2,17.21431263770833,0.3442862527541666,0.49183750393452375,35,2,35,35,3,0.01652830628203361,364.0,,1859
1600,35,2,17.197784331426284,0.34395568662852566,0.49136526661217955,35,2,35,35,3,0.0165283062820194,364.0,,1859
1601,35,2,17.18125602514424,0.3436251205028848,0.4908930292898354,35,2,35,35,3,0.01652830628203361,364.0,,1859
1602,35,2,17.164727718862196,0.34329455437724393,0.4904207919674913,35,2,35,35,3,0.016528306282026506,364.0,,1859
1603,35,2,17.14819941258015,0.342963988251603,0.4899485546451472,35,2,35,35,3,0.01652830628203361,364.0,,1859
1604,35,2,17.131671106298107,0.34263342212596215,0.48947631732280306,35,2,35,35,3,0.0165283062820194,364.0,,1859
1605,35,2,17.11514280001606,0.3423028560003212,0.48900408000045886,35,2,35,35,3,0.01652830628203361,364.0,,1859
1606,35,2,17.098614493734015,0.3419722898746803,0.48853184267811484,35,2,35,35,3,0.016528306282026506,364.0,,1859
1607,35,2,17.082086187451974,0.3416417237490395,0.4880596053557707,35,2,35,35,3,0.01652830628203361,364.0,,1859
1608,35,2,17.065557881169926,0.34131115762339853,0.48758736803342645,35,2,35,35,3,0.0165283062820194,364.0,,1859
1609,35,2,17.049029574887882,0.34098059149775767,0.48711513071108237,35,2,35,35,3,0.016528306282040717,364.0,,1859
1610,35,2,17.032501268605838,0.34065002537211675,0.48664289338873834,35,2,35,35,3,0.0165283062820194,364.0,,1859
1611,35,2,17.015972962323797,0.34031945924647594,0.4861706560663941,35,2,35,35,3,0.01652830628203361,364.0,,1859
1612,35,2,16.99944465604175,0.33998889312083497,0.48569841874405,35,2,35,35,3,0.016528306282026506,364.0,,1859
1613,35,2,16.982916349759705,0.3396583269951941,0.48522618142170587,35,2,35,35,3,0.01652830628203361,364.0,,1859
1614,35,2,16.96638804347766,0.33932776086955324,0.48475394409936173,35,2,35,35,3,0.0165283062820194,364.0,,1859
1615,35,2,16.949859737195617,0.3389971947439123,0.4842817067770176,35,2,35,35,3,0.01652830628203361,364.0,,1859
1616,35,2,16.93333143091357,0.33866662861827135,0.4838094694546735,35,2,35,35,3,0.016528306282026506,364.0,,1859
1617,35,2,16.916803124631524,0.3383360624926305,0.48333723213232926,35,2,35,35,3,0.01652830628203361,364.0,,1859
1618,35,2,16.90027481834948,0.3380054963669896,0.4828649948099851,35,2,35,35,3,0.0165283062820194,364.0,,1859
1619,35,2,16.883746512067436,0.3376749302413487,0.48239275748764104,35,2,35,35,3,0.01652830628203361,364.0,,1859
1620,35,2,16.86721820578539,0.33734436411570784,0.481920520165297,35,2,35,35,3,0.016528306282026506,364.0,,1859
1621,35,2,16.850689899503344,0.33701379799006687,0.48144828284295277,35,2,35,35,3,0.01652830628203361,364.0,,1859
1622,35,2,16.8341615932213,0.336683231864426,0.4809760455206086,35,2,35,35,3,0.016528306282026506,364.0,,1859
1623,35,2,16.81763328693926,0.3363526657387852,0.48050380819826455,35,2,35,35,3,0.01652830628203361,364.0,,1859
1624,35,2,16.801104980657207,0.33602209961314417,0.4800315708759203,35,2,35,35,3,0.0165283062820194,364.0,,1859
1625,35,2,16.784576674375163,0.33569153348750325,0.479559333553576,35,2,35,35,3,0.01652830628203361,364.0,,1859
1626,35,2,16.76804836809312,0.3353609673618624,0.47908709623123197,35,2,35,35,3,0.016528306282026506,364.0,,1859
1627,35,2,16.751520061811075,0.3350304012362215,0.47861485890888783,35,2,35,35,3,0.01652830628203361,364.0,,1859
1628,35,2,16.734991755529027,0.33469983511058055,0.47814262158654364,35,2,35,35,3,0.0165283062820194,364.0,,1859
1629,35,2,16.718463449246983,0.3343692689849396,0.4776703842641995,35,2,35,35,3,0.01652830628203361,364.0,,1859
1630,35,2,16.70193514296494,0.33403870285929876,0.47719814694185536,35,2,35,35,3,0.016528306282026506,364.0,,1859
1631,35,2,16.68540683668289,0.3337081367336578,0.47672590961951117,35,2,35,35,3,0.01652830628203361,364.0,,1859
1632,35,2,16.668878530400846,0.3333775706080169,0.47625367229716703,35,2,35,35,3,0.0165283062820194,364.0,,1859
1633,35,2,16.652350224118802,0.33304700448237606,0.4757814349748229,35,2,35,35,3,0.016528306282040717,364.0,,1859
1634,35,2,16.635821917836754,0.3327164383567351,0.4753091976524788,35,2,35,35,3,0.0165283062820194,364.0,,1859
1635,35,2,16.619293611554706,0.3323858722310941,0.47483696033013456,35,2,35,35,3,0.01652830628203361,364.0,,1859
1636,35,2,16.602765305272666,0.3320553061054533,0.4743647230077904,35,2,35,35,3,0.016528306282026506,364.0,,1859
1637,35,2,16.58623699899062,0.33172473997981244,0.47389248568544623,35,2,35,35,3,0.01652830628203361,364.0,,1859
1638,35,2,16.569708692708573,0.33139417385417147,0.4734202483631021,35,2,35,35,3,0.0165283062820194,364.0,,1859
1639,35,2,16.55318038642653,0.3310636077285306,0.47294801104075795,35,2,35,35,3,0.01652830628203361,364.0,,1859
1640,35,2,16.53665208014448,0.33073304160288963,0.47247577371841376,35,2,35,35,3,0.016528306282026506,364.0,,1859
1641,35,2,16.520123773862434,0.33040247547724866,0.4720035363960695,35,2,35,35,3,0.01652830628203361,364.0,,1859
1642,35,2,16.50359546758039,0.3300719093516078,0.47153129907372543,35,2,35,35,3,0.0165283062820194,364.0,,1859
1643,35,2,16.487067161298345,0.3297413432259669,0.4710590617513813,35,2,35,35,3,0.01652830628203361,364.0,,1859
1644,34,2,16.470763307808735,0.32941526615617467,0.484434214935551,35,2,35,34,3,0.016303853489596065,364.0,,1859
1645,34,2,16.45456062217014,0.3290912124434028,0.48395766535794527,34,2,34,34,3,0.01620268563858218,354.0,,1775
1646,34,2,16.438357936531546,0.3287671587306309,0.4834811157803395,34,2,34,34,3,0.01620268563858218,354.0,,1775
1647,34,2,16.422155250892946,0.3284431050178589,0.4830045662027338,34,2,34,34,3,0.01620268563858218,354.0,,1775
1648,34,2,16.405952565254353,0.32811905130508706,0.482528016625128,34,2,34,34,3,0.01620268563858218,354.0,,1775
1649,34,2,16.389749879615756,0.3277949975923151,0.4820514670475222,34,2,34,34,3,0.01620268563858218,354.0,,1775
1650,34,2,16.37354719397716,0.3274709438795432,0.4815749174699165,34,2,34,34,3,0.01620268563858218,354.0,,1775
1651,34,2,16.357344508338564,0.3271468901667713,0.4810983678923107,34,2,34,34,3,0.01620268563858218,354.0,,1775
1652,34,2,16.34114182269997,0.3268228364539994,0.480621818314705,34,2,34,34,3,0.016202685638589287,354.0,,1775
1653,34,2,16.324939137061374,0.3264987827412275,0.48014526873709923,34,2,34,34,3,0.016202685638575076,354.0,,1775
1654,34,2,16.308736451422778,0.32617472902845557,0.4796687191594935,34,2,34,34,3,0.016202685638575076,354.0,,1775
1655,34,2,16.29253376578418,0.3258506753156836,0.4791921695818877,34,2,34,34,3,0.016202685638589287,354.0,,1775
1656,34,2,16.27633108014559,0.3255266216029118,0.4787156200042819,34,2,34,34,3,0.01620268563858218,354.0,,1775
1657,34,2,16.26012839450699,0.3252025678901398,0.4782390704266761,34,2,34,34,3,0.01620268563858218,354.0,,1775
1658,34,2,16.243925708868396,0.3248785141773679,0.47776252084907045,34,2,34,34,3,0.01620268563858218,354.0,,1775
1659,34,2,16.227723023229796,0.3245544604645959,0.4772859712714646,34,2,34,34,3,0.016202685638575076,354.0,,1775
1660,34,2,16.211520337591203,0.3242304067518241,0.4768094216938589,34,2,34,34,3,0.016202685638589287,354.0,,1775
1661,34,2,16.19531765195261,0.3239063530390522,0.47633287211625314,34,2,34,34,3,0.01620268563858218,354.0,,1775
1662,34,2,16.179114966314014,0.3235822993262803,0.47585632253864735,34,2,34,34,3,0.01620268563858218,354.0,,1775
1663,34,2,16.162912280675418,0.32325824561350835,0.47537977296104167,34,2,34,34,3,0.016202685638575076,354.0,,1775
1664,34,2,16.14670959503682,0.3229341919007364,0.47490322338343594,34,2,34,34,3,0.016202685638589287,354.0,,1775
1665,34,2,16.130506909398225,0.32261013818796447,0.47442667380583015,34,2,34,34,3,0.01620268563858218,354.0,,1775
1666,34,2,16.11430422375963,0.3222860844751926,0.47395012422822436,34,2,34,34,3,0.016202685638575076,354.0,,1775
1667,34,2,16.09810153812103,0.3219620307624206,0.47347357465061857,34,2,34,34,3,0.016202685638589287,354.0,,1775
1668,34,2,16.08189885248244,0.3216379770496488,0.4729970250730129,34,2,34,34,3,0.01620268563858218,354.0,,1775
1669,34,2,16.065696166843843,0.32131392333687686,0.47252047549540704,34,2,34,34,3,0.01620268563858218,354.0,,1775
1670,34,2,16.049493481205246,0.3209898696241049,0.47204392591780137,34,2,34,34,3,0.016202685638575076,354.0,,1775
1671,34,2,16.033290795566646,0.3206658159113329,0.47156737634019547,34,2,34,34,3,0.01620268563858218,354.0,,1775
1672,34,2,16.017088109928054,0.3203417621985611,0.4710908267625898,34,2,34,34,3,0.016202685638589287,354.0,,1775
1673,34,2,16.00088542428946,0.3200177084857892,0.47061427718498405,34,2,34,34,3,0.016202685638575076,354.0,,1775
1674,34,2,15.984682738650864,0.3196936547730173,0.4701377276073784,34,2,34,34,3,0.016202685638589287,354.0,,1775
1675,34,2,15.968480053012266,0.3193696010602453,0.46966117802977253,34,2,34,34,3,0.016202685638575076,354.0,,1775
1676,34,2,15.952277367373668,0.31904554734747337,0.4691846284521668,34,2,34,34,3,0.01620268563858218,354.0,,1775
1677,34,2,15.936074681735073,0.3187214936347015,0.468708078874561,34,2,34,34,3,0.016202685638589287,354.0,,1775
1678,34,2,15.919871996096479,0.3183974399219296,0.4682315292969552,34,2,34,34,3,0.016202685638575076,354.0,,1775
1679,34,2,15.903669310457882,0.31807338620915765,0.4677549797193495,34,2,34,34,3,0.01620268563858218,354.0,,1775
1680,34,2,15.887466624819288,0.31774933249638576,0.4672784301417437,34,2,34,34,3,0.01620268563858218,354.0,,1775
1681,34,2,15.871263939180691,0.3174252787836138,0.46680188056413796,34,2,34,34,3,0.01620268563858218,354.0,,1775
1682,34,2,15.855061253542097,0.31710122507084193,0.4663253309865322,34,2,34,34,3,0.01620268563858218,354.0,,1775
1683,34,2,15.838858567903499,0.31677717135807,0.46584878140892644,34,2,34,34,3,0.01620268563858218,354.0,,1775
1684,34,2,15.822655882264904,0.3164531176452981,0.4653722318313207,34,2,34,34,3,0.016202685638589287,354.0,,1775
1685,34,2,15.806453196626308,0.31612906393252616,0.46489568225371486,34,2,34,34,3,0.016202685638575076,354.0,,1775
1686,34,2,15.790250510987713,0.31580501021975427,0.4644191326761091,34,2,34,34,3,0.01620268563858218,354.0,,1775
1687,34,2,15.774047825349117,0.3154809565069823,0.46394258309850345,34,2,34,34,3,0.01620268563858218,354.0,,1775
1688,34,2,15.757845139710524,0.3151569027942105,0.4634660335208977,34,2,34,34,3,0.01620268563858218,354.0,,1775
1689,34,2,15.741642454071926,0.3148328490814385,0.4629894839432919,34,2,34,34,3,0.01620268563858218,354.0,,1775
1690,34,2,15.72543976843333,0.3145087953686666,0.46251293436568613,34,2,34,34,3,0.01620268563858218,354.0,,1775
1691,34,2,15.709237082794733,0.31418474165589466,0.4620363847880804,34,2,34,34,3,0.016202685638575076,354.0,,1775
1692,34,2,15.693034397156136,0.3138606879431227,0.46155983521047467,34,2,34,34,3,0.016202685638589287,354.0,,1775
1693,34,2,15.676831711517538,0.3135366342303508,0.4610832856328688,34,2,34,34,3,0.01620268563858218,354.0,,1775
1694,34,2,15.660629025878944,0.3132125805175789,0.460606736055263,34,2,34,34,3,0.01620268563858218,354.0,,1775
1695,34,2,15.644426340240345,0.3128885268048069,0.46013018647765724,34,2,34,34,3,0.01620268563858218,354.0,,1775
1696,34,2,15.62822365460175,0.312564473092035,0.4596536369000515,34,2,34,34,3,0.016202685638575076,354.0,,1775
1697,34,2,15.612020968963154,0.3122404193792631,0.4591770873224458,34,2,34,34,3,0.016202685638589287,354.0,,1775
1698,34,2,15.595818283324558,0.31191636566649117,0.45870053774483993,34,2,34,34,3,0.016202685638575076,354.0,,1775
1699,34,2,15.57961559768596,0.31159231195371917,0.4582239881672342,34,2,34,34,3,0.016202685638589287,354.0,,1775
1700,34,2,15.563412912047365,0.3112682582409473,0.4577474385896284,34,2,34,34,3,0.01620268563858218,354.0,,1775
1701,34,2,15.547210226408767,0.31094420452817534,0.45727088901202256,34,2,34,34,3,0.01620268563858218,354.0,,1775
1702,34,2,15.53100754077017,0.3106201508154034,0.4567943394344168,34,2,34,34,3,0.01620268563858218,354.0,,1775
1703,34,2,15.514804855131574,0.3102960971026315,0.45631778985681093,34,2,34,34,3,0.016202685638575076,354.0,,1775
1704,34,2,15.49860216949298,0.3099720433898596,0.45584124027920525,34,2,34,34,3,0.016202685638589287,354.0,,1775
1705,34,2,15.482399483854383,0.3096479896770877,0.45536469070159946,34,2,34,34,3,0.016202685638575076,354.0,,1775
1706,34,2,15.466196798215785,0.3093239359643157,0.4548881411239937,34,2,34,34,3,0.016202685638589287,354.0,,1775
1707,34,2,15.449994112577187,0.30899988225154373,0.4544115915463878,34,2,34,34,3,0.016202685638575076,354.0,,1775
1708,34,2,15.433791426938587,0.30867582853877173,0.4539350419687821,34,2,34,34,3,0.01620268563858218,354.0,,1775
1709,34,2,15.417588741299992,0.30835177482599985,0.45345849239117625,34,2,34,34,3,0.016202685638589287,354.0,,1775
1710,34,2,15.401386055661398,0.30802772111322796,0.45298194281357046,34,2,34,34,3,0.016202685638575076,354.0,,1775
1711,34,2,15.385183370022796,0.3077036674004559,0.4525053932359646,34,2,34,34,3,0.016202685638589287,354.0,,1775
1712,34,2,15.368980684384203,0.3073796136876841,0.45202884365835894,34,2,34,34,3,0.01620268563858218,354.0,,1775
1713,34,2,15.352777998745605,0.3070555599749121,0.4515522940807531,34,2,34,34,3,0.016202685638575076,354.0,,1775
1714,34,2,15.336575313107009,0.3067315062621402,0.45107574450314736,34,2,34,34,3,0.01620268563858218,354.0,,1775
1715,34,2,15.320372627468412,0.30640745254936824,0.4505991949255415,34,2,34,34,3,0.01620268563858218,354.0,,1775
1716,34,2,15.304169941829816,0.3060833988365963,0.4501226453479358,34,2,34,34,3,0.016202685638589287,354.0,,1775
1717,34,2,15.28796725619122,0.3057593451238244,0.44964609577032993,34,2,34,34,3,0.016202685638575076,354.0,,1775
1718,34,2,15.271764570552621,0.3054352914110524,0.44916954619272415,34,2,34,34,3,0.01620268563858218,354.0,,1775
1719,34,2,15.255561884914025,0.3051112376982805,0.44869299661511836,34,2,34,34,3,0.01620268563858218,354.0,,1775
1720,34,2,15.23935919927543,0.3047871839855086,0.4482164470375127,34,2,34,34,3,0.01620268563858218,354.0,,1775
1721,34,2,15.223156513636836,0.3044631302727367,0.44773989745990683,34,2,34,34,3,0.016202685638589287,354.0,,1775
1722,34,2,15.206953827998237,0.30413907655996475,0.4472633478823011,34,2,34,34,3,0.016202685638575076,354.0,,1775
1723,34,2,15.19075114235964,0.3038150228471928,0.44678679830469525,34,2,34,34,3,0.016202685638575076,354.0,,1775
1724,34,2,15.174548456721045,0.3034909691344209,0.4463102487270896,34,2,34,34,3,0.016202685638589287,354.0,,1775
1725,34,2,15.158345771082447,0.3031669154216489,0.44583369914948373,34,2,34,34,3,0.01620268563858218,354.0,,1775
1726,34,2,15.14214308544385,0.302842861708877,0.44535714957187794,34,2,34,34,3,0.01620268563858218,354.0,,1775
1727,33,2,15.13018881580945,0.302603776316189,0.45849057017604394,33,1,33,3,3,0.01195426963438706,74.0,,1775
1728,33,2,15.114535544537667,0.3022907108907533,0.45801622862235364,33,2,33,33,2,0.0156532712717663,344.0,,1681
1729,33,2,15.098882273265886,0.30197764546531775,0.4575418870686632,33,2,33,33,2,0.015653271271773406,344.0,,1681
1730,33,2,15.083229001994104,0.30166458003988206,0.4570675455149728,33,2,33,33,2,0.0156532712717663,344.0,,1681
1731,33,2,15.067575730722318,0.30135151461444637,0.4565932039612824,33,2,33,33,2,0.0156532712717663,344.0,,1681
1732,33,2,15.051922459450537,0.30103844918901074,0.45611886240759203,33,2,33,33,2,0.0156532712717663,344.0,,1681
1733,33,2,15.036269188178752,0.30072538376357505,0.4556445208539016,33,2,33,33,2,0.01565327127178051,344.0,,1681
1734,33,2,15.020615916906971,0.3004123183381394,0.4551701793002112,33,2,33,33,2,0.015653271271759195,344.0,,1681
1735,33,2,15.004962645635189,0.3000992529127038,0.4546958377465209,33,2,33,33,2,0.015653271271773406,344.0,,1681
1736,33,2,14.989309374363405,0.2997861874872681,0.4542214961928304,33,2,33,33,2,0.0156532712717663,344.0,,1681
1737,33,2,14.973656103091622,0.29947312206183246,0.45374715463914,33,2,33,33,2,0.015653271271773406,344.0,,1681
1738,33,2,14.958002831819838,0.2991600566363968,0.45327281308544964,33,2,33,33,2,0.0156532712717663,344.0,,1681
1739,33,2,14.942349560548054,0.2988469912109611,0.4527984715317593,33,2,33,33,2,0.01565327127178051,344.0,,1681
1740,33,2,14.926696289276272,0.29853392578552546,0.45232412997806887,33,2,33,33,2,0.015653271271759195,344.0,,1681
1741,33,2,14.91104301800449,0.29822086036008977,0.4518497884243784,33,2,33,33,2,0.015653271271773406,344.0,,1681
1742,33,2,14.895389746732707,0.29790779493465414,0.451375446870688,33,2,33,33,2,0.0156532712717663,344.0,,1681
1743,33,2,14.879736475460922,0.29759472950921845,0.4509011053169976,33,2,33,33,2,0.015653271271773406,344.0,,1681
1744,33,2,14.864083204189138,0.29728166408378276,0.45042676376330726,33,2,33,33,2,0.015653271271759195,344.0,,1681
1745,33,2,14.848429932917357,0.2969685986583471,0.44995242220961684,33,2,33,33,2,0.01565327127178051,344.0,,1681
1746,33,2,14.832776661645571,0.29665553323291144,0.4494780806559264,33,2,33,33,2,0.015653271271759195,344.0,,1681
1747,33,2,14.817123390373789,0.29634246780747575,0.44900373910223607,33,2,33,33,2,0.015653271271773406,344.0,,1681
1748,33,2,14.801470119102005,0.2960294023820401,0.44852939754854565,33,2,33,33,2,0.0156532712717663,344.0,,1681
1749,33,2,14.785816847830223,0.29571633695660443,0.44805505599485523,33,2,33,33,2,0.01565327127178051,344.0,,1681
1750,33,2,14.77016357655844,0.2954032715311688,0.4475807144411648,33,2,33,33,2,0.015653271271759195,344.0,,1681
1751,33,2,14.754510305286656,0.2950902061057331,0.44710637288747446,33,2,33,33,2,0.015653271271773406,344.0,,1681
1752,33,2,14.738857034014874,0.2947771406802975,0.44663203133378404,33,2,33,33,2,0.0156532712717663,344.0,,1681
1753,33,2,14.72320376274309,0.2944640752548618,0.4461576897800936,33,2,33,33,2,0.015653271271773406,344.0,,1681
1754,33,2,14.707550491471308,0.29415100982942616,0.4456833482264032,33,2,33,33,2,0.015653271271759195,344.0,,1681
1755,33,2,14.691897220199523,0.29383794440399047,0.44520900667271285,33,2,33,33,2,0.01565327127178051,344.0,,1681
1756,33,2,14.67624394892774,0.2935248789785548,0.44473466511902243,33,2,33,33,2,0.015653271271759195,344.0,,1681
1757,33,2,14.660590677655959,0.2932118135531192,0.444260323565332,33,2,33,33,2,0.015653271271773406,344.0,,1681
1758,33,2,14.644937406384173,0.29289874812768346,0.4437859820116416,33,2,33,33,2,0.015653271271773406,344.0,,1681
1759,33,2,14.629284135112387,0.2925856827022477,0.4433116404579512,33,2,33,33,2,0.015653271271773406,344.0,,1681
1760,33,2,14.613630863840607,0.29227261727681214,0.4428372989042608,33,2,33,33,2,0.015653271271759195,344.0,,1681
1761,33,2,14.597977592568823,0.29195955185137645,0.4423629573505704,33,2,33,33,2,0.01565327127178051,344.0,,1681
1762,33,2,14.58232432129704,0.2916464864259408,0.44188861579687994,33,2,33,33,2,0.015653271271759195,344.0,,1681
1763,33,2,14.566671050025255,0.2913334210005051,0.44141427424318963,33,2,33,33,2,0.015653271271773406,344.0,,1681
1764,33,2,14.551017778753472,0.29102035557506944,0.44093993268949916,33,2,33,33,2,0.015653271271759195,344.0,,1681
1765,33,2,14.535364507481688,0.29070729014963376,0.4404655911358088,33,2,33,33,2,0.01565327127178051,344.0,,1681
1766,33,2,14.519711236209906,0.2903942247241981,0.4399912495821184,33,2,33,33,2,0.015653271271759195,344.0,,1681
1767,33,2,14.504057964938122,0.29008115929876244,0.43951690802842797,33,2,33,33,2,0.015653271271773406,344.0,,1681
1768,33,2,14.48840469366634,0.2897680938733268,0.43904256647473755,33,2,33,33,2,0.0156532712717663,344.0,,1681
1769,33,2,14.472751422394557,0.28945502844789117,0.43856822492104713,33,2,33,33,2,0.01565327127178051,344.0,,1681
1770,33,2,14.457098151122773,0.2891419630224555,0.4380938833673568,33,2,33,33,2,0.015653271271759195,344.0,,1681
1771,33,2,14.44144487985099,0.2888288975970198,0.4376195418136664,33,2,33,33,2,0.01565327127178051,344.0,,1681
1772,33,2,14.425791608579207,0.28851583217158416,0.43714520025997594,33,2,33,33,2,0.015653271271759195,344.0,,1681
1773,33,2,14.410138337307421,0.2882027667461484,0.4366708587062855,33,2,33,33,2,0.015653271271773406,344.0,,1681
1774,33,2,14.39448506603564,0.2878897013207128,0.43619651715259516,33,2,33,33,2,0.0156532712717663,344.0,,1681
1775,33,2,14.378831794763855,0.2875766358952771,0.4357221755989047,33,2,33,33,2,0.015653271271773406,344.0,,1681
1776,33,2,14.36317852349207,0.2872635704698414,0.4352478340452143,33,2,33,33,2,0.015653271271759195,344.0,,1681
1777,33,2,14.347525252220287,0.2869505050444057,0.43477349249152386,33,2,33,33,2,0.01565327127178051,344.0,,1681
1778,33,2,14.331871980948502,0.28663743961897004,0.4342991509378334,33,2,33,33,2,0.015653271271759195,344.0,,1681
1779,33,2,14.316218709676717,0.28632437419353435,0.433824809384143,33,2,33,33,2,0.01565327127178051,344.0,,1681
1780,33,2,14.300565438404933,0.28601130876809866,0.4333504678304526,33,2,33,33,2,0.015653271271759195,344.0,,1681
1781,33,2,14.28491216713315,0.285698243342663,0.4328761262767621,33,2,33,33,2,0.01565327127178051,344.0,,1681
1782,33,2,14.269258895861366,0.28538517791722734,0.43240178472307167,33,2,33,33,2,0.015653271271759195,344.0,,1681
1783,33,2,14.25360562458958,0.2850721124917916,0.4319274431693812,33,2,33,33,2,0.015653271271773406,344.0,,1681
1784,33,2,14.237952353317796,0.2847590470663559,0.4314531016156908,33,2,33,33,2,0.0156532712717663,344.0,,1681
1785,33,2,14.22229908204601,0.2844459816409202,0.43097876006200037,33,2,33,33,2,0.015653271271773406,344.0,,1681
1786,33,2,14.206645810774228,0.2841329162154846,0.43050441850830995,33,2,33,33,2,0.015653271271759195,344.0,,1681
1787,33,2,14.190992539502446,0.2838198507900489,0.43003007695461953,33,2,33,33,2,0.01565327127178051,344.0,,1681
1788,33,2,14.175339268230658,0.28350678536461316,0.42955573540092906,33,2,33,33,2,0.015653271271759195,344.0,,1681
1789,33,2,14.159685996958876,0.2831937199391775,0.4290813938472386,33,2,33,33,2,0.01565327127178051,344.0,,1681
1790,33,2,14.14403272568709,0.2828806545137418,0.4286070522935482,33,2,33,33,2,0.0156532712717663,344.0,,1681
1791,33,2,14.128379454415304,0.2825675890883061,0.42813271073985765,33,2,33,33,2,0.015653271271773406,344.0,,1681
1792,33,2,14.112726183143518,0.28225452366287035,0.4276583691861673,33,2,33,33,2,0.015653271271759195,344.0,,1681
1793,33,2,14.097072911871734,0.28194145823743466,0.4271840276324768,33,2,33,33,2,0.01565327127178051,344.0,,1681
1794,33,2,14.081419640599952,0.28162839281199903,0.4267096860787864,33,2,33,33,2,0.015653271271759195,344.0,,1681
1795,33,2,14.065766369328166,0.28131532738656334,0.4262353445250959,33,2,33,33,2,0.015653271271773406,344.0,,1681
1796,33,2,14.050113098056382,0.28100226196112765,0.4257610029714055,33,2,33,33,2,0.015653271271759195,344.0,,1681
1797,33,2,14.034459826784598,0.28068919653569196,0.42528666141771504,33,2,33,33,2,0.01565327127178051,344.0,,1681
1798,33,2,14.018806555512812,0.2803761311102562,0.42481231986402457,33,2,33,33,2,0.015653271271759195,344.0,,1681
1799,33,2,14.003153284241028,0.2800630656848206,0.42433797831033426,33,2,33,33,2,0.01565327127178051,344.0,,1681
1800,33,2,13.987500012969242,0.27975000025938485,0.42386363675664374,33,2,33,33,2,0.0156532712717663,344.0,,1681
1801,33,2,13.97184674169746,0.2794369348339492,0.42338929520295326,33,2,33,33,2,0.015653271271773406,344.0,,1681
1802,33,2,13.956193470425676,0.2791238694085135,0.42291495364926285,33,2,33,33,2,0.015653271271759195,344.0,,1681
1803,33,2,13.94054019915389,0.2788108039830778,0.42244061209557243,33,2,33,33,2,0.01565327127178051,344.0,,1681
1804,33,2,13.924886927882108,0.27849773855764215,0.421966270541882,33,2,33,33,2,0.015653271271759195,344.0,,1681
1805,33,2,13.909233656610322,0.27818467313220646,0.4214919289881916,33,2,33,33,2,0.015653271271773406,344.0,,1681
1806,33,2,13.893580385338538,0.2778716077067708,0.42101758743450113,33,2,33,33,2,0.0156532712717663,344.0,,1681
1807,33,2,13.877927114066752,0.27755854228133503,0.4205432458808107,33,2,33,33,2,0.015653271271773406,344.0,,1681
1808,32,2,13.868470121030915,0.2773694024206183,0.4333896912822161,32,1,32,1,2,0.00945699303583325,34.0,,1681
1809,32,2,13.853600398392775,0.27707200796785547,0.4329250124497742,32,2,32,32,3,0.014869722638131577,334.0,,1597
1810,32,2,13.838730675754631,0.27677461351509264,0.43246033361733216,32,2,32,32,3,0.014869722638131577,334.0,,1597
1811,32,2,13.823860953116489,0.27647721906232975,0.4319956547848902,32,2,32,32,3,0.014869722638124472,334.0,,1597
1812,32,2,13.808991230478345,0.2761798246095669,0.43153097595244827,32,2,32,32,3,0.014869722638138683,334.0,,1597
1813,32,2,13.7941215078402,0.275882430156804,0.4310662971200063,32,2,32,32,3,0.014869722638124472,334.0,,1597
1814,32,2,13.779251785202058,0.2755850357040412,0.4306016182875643,32,2,32,32,3,0.014869722638131577,334.0,,1597
1815,32,2,13.764382062563914,0.2752876412512783,0.4301369394551224,32,2,32,32,3,0.014869722638124472,334.0,,1597
1816,32,2,13.749512339925772,0.27499024679851547,0.4296722606226803,32,2,32,32,3,0.014869722638124472,334.0,,1597
1817,32,2,13.73464261728763,0.2746928523457526,0.42920758179023843,32,2,32,32,3,0.014869722638131577,334.0,,1597
1818,32,2,13.719772894649488,0.27439545789298975,0.42874290295779643,32,2,32,32,3,0.014869722638131577,334.0,,1597
1819,32,2,13.704903172011345,0.2740980634402269,0.42827822412535443,32,2,32,32,3,0.014869722638131577,334.0,,1597
1820,32,2,13.6900334493732,0.27380066898746397,0.4278135452929125,32,2,32,32,3,0.014869722638131577,334.0,,1597
1821,32,2,13.675163726735056,0.27350327453470114,0.42734886646047054,32,2,32,32,3,0.014869722638124472,334.0,,1597
1822,32,2,13.660294004096912,0.27320588008193825,0.42688418762802854,32,2,32,32,3,0.014869722638138683,334.0,,1597
1823,32,2,13.645424281458768,0.27290848562917536,0.42641950879558654,32,2,32,32,3,0.014869722638124472,334.0,,1597
1824,32,2,13.630554558820625,0.2726110911764125,0.4259548299631446,32,2,32,32,3,0.014869722638124472,334.0,,1597
1825,31,2,13.616248342132273,0.27232496684264546,0.43923381748813783,31,1,31,30,3,0.014306216688339646,614.0,,1597
1826,31,2,13.601933677366716,0.27203867354733435,0.43877205410860376,31,2,31,31,3,0.014314664765549878,324.0,,1508
1827,31,2,13.587170376505735,0.2717434075301147,0.4382958185969593,31,2,31,31,3,0.014763300860977324,324.0,,1510
1828,31,2,13.572407075644758,0.27144814151289515,0.4378195830853147,31,2,31,31,3,0.014763300860977324,324.0,,1507
1829,31,2,13.557643774783775,0.2711528754956755,0.43734334757367016,31,2,31,31,3,0.014763300860970219,324.0,,1507
1830,31,2,13.542880473922795,0.2708576094784559,0.4368671120620256,31,2,31,31,3,0.014763300860970219,324.0,,1507
1831,31,2,13.528117173061814,0.27056234346123625,0.4363908765503811,31,2,31,31,3,0.01476330086098443,324.0,,1507
1832,31,2,13.513353872200831,0.2702670774440166,0.4359146410387365,31,2,31,31,3,0.014763300860977324,324.0,,1507
1833,31,2,13.49859057133985,0.269971811426797,0.43543840552709195,31,2,31,31,3,0.014763300860970219,324.0,,1507
1834,31,2,13.483827270478868,0.26967654540957736,0.4349621700154474,31,2,31,31,3,0.014763300860970219,324.0,,1507
1835,31,2,13.469063969617888,0.2693812793923578,0.43448593450380285,31,2,31,31,3,0.014763300860977324,324.0,,1507
1836,31,2,13.454300668756908,0.26908601337513816,0.43400969899215824,31,2,31,31,3,0.014763300860977324,324.0,,1507
1837,31,2,13.439537367895925,0.2687907473579185,0.4335334634805138,31,2,31,31,3,0.014763300860970219,324.0,,1507
1838,31,2,13.424774067034944,0.2684954813406989,0.43305722796886914,31,2,31,31,3,0.014763300860970219,324.0,,1507
1839,31,2,13.410010766173965,0.2682002153234793,0.43258099245722464,31,2,31,31,3,0.014763300860977324,324.0,,1507
1840,31,2,13.395247465312984,0.2679049493062597,0.4321047569455801,31,2,31,31,3,0.014763300860977324,324.0,,1507
1841,31,2,13.380484164452001,0.26760968328904,0.4316285214339355,31,2,31,31,3,0.014763300860970219,324.0,,1507
1842,31,2,13.36572086359102,0.2673144172718204,0.431152285922291,31,2,31,31,3,0.01476330086098443,324.0,,1507
1843,31,2,13.350957562730038,0.26701915125460074,0.4306760504106464,31,2,31,31,3,0.014763300860970219,324.0,,1507
1844,31,2,13.336194261869059,0.26672388523738116,0.43019981489900194,31,2,31,31,3,0.014763300860977324,324.0,,1507
1845,31,2,13.321430961008076,0.26642861922016153,0.4297235793873573,31,2,31,31,3,0.014763300860970219,324.0,,1507
1846,31,2,13.306667660147095,0.2661333532029419,0.42924734387571284,31,2,31,31,3,0.014763300860977324,324.0,,1507
1847,31,2,13.291904359286114,0.26583808718572227,0.42877110836406823,31,2,31,31,3,0.014763300860970219,324.0,,1507
1848,31,2,13.277141058425132,0.26554282116850264,0.42829487285242374,31,2,31,31,3,0.014763300860977324,324.0,,1507
1849,31,2,13.26237775756415,0.265247555151283,0.4278186373407791,31,2,31,31,3,0.014763300860970219,324.0,,1507
1850,31,2,13.247614456703168,0.2649522891340634,0.4273424018291345,31,2,31,31,3,0.014763300860977324,324.0,,1507
1851,31,2,13.23285115584219,0.2646570231168438,0.4268661663174899,31,2,31,31,3,0.014763300860970219,324.0,,1507
1852,31,2,13.218087854981206,0.2643617570996241,0.42638993080584536,31,2,31,31,3,0.01476330086098443,324.0,,1507
1853,31,2,13.203324554120226,0.2640664910824045,0.4259136952942009,31,2,31,31,3,0.014763300860970219,324.0,,1507
1854,31,2,13.188561253259246,0.2637712250651849,0.4254374597825563,31,2,31,31,3,0.014763300860977324,324.0,,1507
1855,31,2,13.173797952398266,0.26347595904796534,0.4249612242709117,31,2,31,31,3,0.014763300860977324,324.0,,1507
1856,31,2,13.159034651537285,0.2631806930307457,0.4244849887592672,31,2,31,31,3,0.014763300860970219,324.0,,1507
1857,31,2,13.1442713506763,0.262885427013526,0.4240087532476226,31,2,31,31,3,0.014763300860970219,324.0,,1507
1858,31,2,13.129508049815318,0.26259016099630633,0.423532517735978,31,2,31,31,3,0.014763300860977324,324.0,,1507
1859,31,2,13.114744748954337,0.26229489497908676,0.42305628222433356,31,2,31,31,3,0.014763300860977324,324.0,,1507
1860,31,2,13.099981448093358,0.2619996289618671,0.42258004671268895,31,2,31,31,3,0.014763300860970219,324.0,,1507
1861,31,2,13.085218147232375,0.2617043629446475,0.42210381120104434,31,2,31,31,3,0.014763300860970219,324.0,,1507
1862,31,2,13.070454846371394,0.26140909692742786,0.42162757568939985,31,2,31,31,3,0.014763300860977324,324.0,,1507
1863,31,2,13.055691545510415,0.2611138309102083,0.42115134017775524,31,2,31,31,3,0.01476330086098443,324.0,,1507
1864,31,2,13.04092824464943,0.2608185648929886,0.42067510466611074,31,2,31,31,3,0.014763300860970219,324.0,,1507
1865,31,2,13.02616494378845,0.26052329887576897,0.42019886915446614,31,2,31,31,3,0.014763300860970219,324.0,,1507
1866,31,2,13.011401642927467,0.26022803285854934,0.41972263364282153,31,2,31,31,3,0.014763300860977324,324.0,,1507
1867,31,2,12.99663834206649,0.2599327668413298,0.4192463981311771,31,2,31,31,3,0.014763300860977324,324.0,,1507
1868,31,2,12.981875041205507,0.25963750082411013,0.4187701626195325,31,2,31,31,3,0.014763300860970219,324.0,,1507
1869,31,2,12.967111740344524,0.2593422348068905,0.418293927107888,31,2,31,31,3,0.014763300860970219,324.0,,1507
1870,30,2,12.9526372566627,0.259052745133254,0.43175457522209,31,2,31,30,3,0.014474483681816253,324.0,,1507
1871,30,2,12.938390465562057,0.2587678093112411,0.43127968218540186,30,2,30,30,3,0.0142467911006392,314.0,,1431
1872,30,2,12.924143674461412,0.2584828734892282,0.4308047891487137,30,2,30,30,3,0.014246791100632095,314.0,,1431
1873,30,2,12.909896883360767,0.2581979376672153,0.4303298961120256,30,2,30,30,3,0.0142467911006392,314.0,,1431
1874,30,2,12.895650092260125,0.2579130018452025,0.42985500307533747,30,2,30,30,3,0.0142467911006392,314.0,,1431
1875,30,2,12.88140330115948,0.2576280660231896,0.42938011003864934,30,2,30,30,3,0.014246791100632095,314.0,,1431
1876,30,2,12.867156510058837,0.2573431302011768,0.42890521700196127,30,2,30,30,3,0.0142467911006392,314.0,,1431
1877,30,2,12.852909718958191,0.25705819437916383,0.4284303239652731,30,2,30,30,3,0.014246791100632095,314.0,,1431
1878,30,2,12.83866292785755,0.256773258557151,0.42795543092858507,30,2,30,30,3,0.0142467911006392,314.0,,1431
1879,30,2,12.824416136756906,0.2564883227351381,0.4274805378918968,30,2,30,30,3,0.0142467911006392,314.0,,1431
1880,30,2,12.81016934565626,0.25620338691312516,0.4270056448552086,30,2,30,30,3,0.014246791100632095,314.0,,1431
1881,30,2,12.795922554555617,0.25591845109111233,0.4265307518185205,30,2,30,30,3,0.0142467911006392,314.0,,1431
1882,30,2,12.78167576345497,0.2556335152690994,0.4260558587818324,30,2,30,30,3,0.014246791100632095,314.0,,1431
1883,30,2,12.767428972354327,0.25534857944708655,0.42558096574514426,30,2,30,30,3,0.014246791100632095,314.0,,1431
1884,30,2,12.753182181253683,0.25506364362507367,0.425106072708456,30,2,30,30,3,0.0142467911006392,314.0,,1431
1885,30,2,12.738935390153038,0.2547787078030608,0.424631179671768,30,2,30,30,3,0.014246791100632095,314.0,,1431
1886,30,2,12.724688599052394,0.2544937719810479,0.4241562866350798,30,2,30,30,3,0.0142467911006392,314.0,,1431
1887,30,2,12.71044180795175,0.254208836159035,0.4236813935983917,30,2,30,30,3,0.0142467911006392,314.0,,1431
1888,30,2,12.696195016851105,0.2539239003370221,0.42320650056170345,30,2,30,30,3,0.01424679110062499,314.0,,1431
1889,30,2,12.68194822575046,0.2536389645150092,0.4227316075250153,30,2,30,30,3,0.0142467911006392,314.0,,1431
1890,30,2,12.667701434649816,0.25335402869299634,0.42225671448832713,30,2,30,30,3,0.0142467911006392,314.0,,1431
1891,30,2,12.653454643549171,0.25306909287098345,0.42178182145163906,30,2,30,30,3,0.014246791100632095,314.0,,1431
1892,30,2,12.639207852448529,0.25278415704897056,0.4213069284149509,30,2,30,30,3,0.0142467911006392,314.0,,1431
1893,30,2,12.624961061347882,0.25249922122695767,0.4208320353782628,30,2,30,30,3,0.014246791100632095,314.0,,1431
1894,30,2,12.61071427024724,0.2522142854049448,0.42035714234157473,30,2,30,30,3,0.0142467911006392,314.0,,1431
1895,30,2,12.596467479146597,0.25192934958293195,0.4198822493048865,30,2,30,30,3,0.0142467911006392,314.0,,1431
1896,30,2,12.58222068804595,0.251644413760919,0.41940735626819825,30,2,30,30,3,0.014246791100632095,314.0,,1431
1897,30,2,12.567973896945306,0.2513594779389061,0.4189324632315102,30,2,30,30,3,0.0142467911006392,314.0,,1431
1898,30,2,12.55372710584466,0.2510745421168932,0.41845757019482205,30,2,30,30,3,0.0142467911006392,314.0,,1431
1899,30,2,12.539480314744019,0.2507896062948804,0.417982677158134,30,2,30,30,3,0.014246791100632095,314.0,,1431
1900,30,2,12.525233523643372,0.25050467047286745,0.4175077841214458,30,2,30,30,3,0.0142467911006392,314.0,,1431
1901,30,2,12.510986732542728,0.25021973465085456,0.41703289108475766,30,2,30,30,3,0.014246791100632095,314.0,,1431
1902,30,2,12.496739941442085,0.2499347988288417,0.41655799804806937,30,2,30,30,3,0.0142467911006392,314.0,,1431
1903,30,2,12.48249315034144,0.24964986300682881,0.41608310501138135,30,2,30,30,3,0.0142467911006392,314.0,,1431
1904,30,2,12.468246359240794,0.24936492718481587,0.4156082119746932,30,2,30,30,3,0.01424679110062499,314.0,,1431
1905,30,2,12.45399956814015,0.24907999136280298,0.41513331893800504,30,2,30,30,3,0.0142467911006392,314.0,,1431
1906,30,2,12.439752777039505,0.2487950555407901,0.4146584259013168,30,2,30,30,3,0.0142467911006392,314.0,,1431
1907,30,2,12.425505985938862,0.24851011971877723,0.4141835328646286,30,2,30,30,3,0.014246791100632095,314.0,,1431
1908,30,2,12.411259194838218,0.24822518389676435,0.41370863982794054,30,2,30,30,3,0.0142467911006392,314.0,,1431
1909,30,2,12.397012403737572,0.24794024807475143,0.41323374679125247,30,2,30,30,3,0.014246791100632095,314.0,,1431
1910,30,2,12.382765612636929,0.24765531225273857,0.4127588537545643,30,2,30,30,3,0.0142467911006392,314.0,,1431
1911,30,2,12.368518821536284,0.24737037643072568,0.41228396071787615,30,2,30,30,3,0.0142467911006392,314.0,,1431
1912,30,2,12.354272030435638,0.24708544060871276,0.4118090676811879,30,2,30,30,3,0.014246791100632095,314.0,,1431
1913,30,2,12.340025239334993,0.24680050478669988,0.41133417464449973,30,2,30,30,3,0.0142467911006392,314.0,,1431
1914,30,2,12.325778448234349,0.246515568964687,0.41085928160781165,30,2,30,30,3,0.0142467911006392,314.0,,1431
1915,30,2,12.311531657133706,0.24623063314267413,0.4103843885711234,30,2,30,30,3,0.014246791100632095,314.0,,1431
1916,30,2,12.29728486603306,0.24594569732066118,0.4099094955344354,30,2,30,30,3,0.0142467911006392,314.0,,1431
1917,30,2,12.283038074932417,0.24566076149864835,0.4094346024977472,30,2,30,30,3,0.014246791100632095,314.0,,1431
1918,30,2,12.268791283831773,0.24537582567663546,0.4089597094610591,30,2,30,30,3,0.0142467911006392,314.0,,1431
1919,30,2,12.254544492731126,0.24509088985462252,0.4084848164243709,30,2,30,30,3,0.0142467911006392,314.0,,1431
1920,30,2,12.240297701630482,0.24480595403260963,0.4080099233876827,30,2,30,30,3,0.01424679110062499,314.0,,1431
1921,30,2,12.226050910529837,0.24452101821059674,0.40753503035099453,30,2,30,30,3,0.0142467911006392,314.0,,1431
1922,30,2,12.211804119429193,0.24423608238858385,0.4070601373143064,30,2,30,30,3,0.0142467911006392,314.0,,1431
1923,30,2,12.19755732832855,0.243951146566571,0.40658524427761833,30,2,30,30,3,0.014246791100632095,314.0,,1431
1924,30,2,12.183310537227904,0.24366621074455808,0.4061103512409302,30,2,30,30,3,0.0142467911006392,314.0,,1431
1925,30,2,12.169063746127259,0.2433812749225452,0.40563545820424196,30,2,30,30,3,0.014246791100632095,314.0,,1431
1926,30,2,12.154816955026616,0.24309633910053233,0.4051605651675539,30,2,30,30,3,0.014246791100632095,314.0,,1431
1927,30,2,12.14057016392597,0.2428114032785194,0.40468567213086565,30,2,30,30,3,0.0142467911006392,314.0,,1431
1928,30,2,12.126323372825325,0.24252646745650652,0.4042107790941775,30,2,30,30,3,0.014246791100632095,314.0,,1431
1929,30,2,12.112076581724681,0.2422415316344936,0.4037358860574894,30,2,30,30,3,0.0142467911006392,314.0,,1431
1930,30,2,12.097829790624035,0.2419565958124807,0.4032609930208012,30,2,30,30,3,0.0142467911006392,314.0,,1431
1931,30,2,12.083582999523394,0.24167165999046789,0.402786099984113,30,2,30,30,3,0.014246791100632095,314.0,,1431
1932,30,2,12.06933620842275,0.24138672416845497,0.4023112069474249,30,2,30,30,3,0.0142467911006392,314.0,,1431
1933,30,2,12.055089417322103,0.24110178834644205,0.4018363139107369,30,2,30,30,3,0.014246791100632095,314.0,,1431
1934,30,2,12.04084262622146,0.2408168525244292,0.4013614208740487,30,2,30,30,3,0.0142467911006392,314.0,,1431
1935,30,2,12.026595835120814,0.24053191670241628,0.4008865278373604,30,2,30,30,3,0.0142467911006392,314.0,,1431
1936,29,2,12.016435700054657,0.24032871400109315,0.41435985172602263,29,1,29,11,3,0.0101601350661511,234.0,,1431
1937,29,1,12.002352081426583,0.24004704162853166,0.413874209704365,29,1,29,29,2,0.014083618628063732,594.0,,1342
1938,29,1,11.988268462798514,0.23976536925597028,0.4133885676827074,29,1,29,29,2,0.014083618628070838,594.0,,1342
1939,29,1,11.97418484417044,0.2394836968834088,0.4129029256610496,29,1,29,29,2,0.014083618628063732,594.0,,1342
1940,29,1,11.960101225542367,0.23920202451084735,0.41241728363939195,29,1,29,29,2,0.014083618628056627,594.0,,1342
1941,29,1,11.946017606914294,0.23892035213828589,0.4119316416177342,29,1,29,29,2,0.014083618628070838,594.0,,1342
1942,29,1,11.931933988286223,0.23863867976572448,0.4114459995960766,29,1,29,29,2,0.014083618628063732,594.0,,1342
1943,29,1,11.917850369658153,0.23835700739316304,0.41096035757441907,29,1,29,29,2,0.014083618628056627,594.0,,1342
1944,29,1,11.903766751030076,0.23807533502060152,0.4104747155527613,29,1,29,29,2,0.014083618628063732,594.0,,1342
1945,29,1,11.889683132402004,0.23779366264804008,0.40998907353110364,29,1,29,29,2,0.014083618628063732,594.0,,1342
1946,29,1,11.875599513773933,0.23751199027547865,0.40950343150944596,29,1,29,29,2,0.014083618628063732,594.0,,1342
1947,29,1,11.861515895145862,0.23723031790291724,0.40901778948778833,29,1,29,29,2,0.014083618628063732,594.0,,1342
1948,29,1,11.847432276517786,0.23694864553035572,0.40853214746613065,29,1,29,29,2,0.014083618628056627,594.0,,1342
1949,29,1,11.833348657889715,0.2366669731577943,0.408046505444473,29,1,29,29,2,0.014083618628063732,594.0,,1342
1950,29,1,11.819265039261644,0.2363853007852329,0.40756086342281533,29,1,29,29,2,0.014083618628070838,594.0,,1342
1951,29,1,11.805181420633572,0.23610362841267143,0.4070752214011576,29,1,29,29,2,0.014083618628056627,594.0,,1342
1952,29,1,11.791097802005499,0.23582195604010997,0.40658957937949997,29,1,29,29,2,0.014083618628056627,594.0,,1342
1953,29,1,11.777014183377425,0.2355402836675485,0.4061039373578422,29,1,29,29,2,0.014083618628070838,594.0,,1342
1954,29,1,11.762930564749354,0.23525861129498707,0.4056182953361846,29,1,29,29,2,0.014083618628063732,594.0,,1342
1955,29,1,11.748846946121281,0.23497693892242563,0.4051326533145269,29,1,29,29,2,0.014083618628056627,594.0,,1342
1956,29,1,11.73476332749321,0.2346952665498642,0.40464701129286934,29,1,29,29,2,0.014083618628063732,594.0,,1342
1957,29,1,11.720679708865136,0.23441359417730273,0.40416136927121166,29,1,29,29,2,0.014083618628063732,594.0,,1342
1958,29,1,11.706596090237065,0.2341319218047413,0.4036757272495539,29,1,29,29,2,0.014083618628063732,594.0,,1342
1959,29,1,11.692512471608994,0.23385024943217989,0.4031900852278963,29,1,29,29,2,0.014083618628063732,594.0,,1342
1960,29,1,11.67842885298092,0.2335685770596184,0.4027044432062386,29,1,29,29,2,0.014083618628056627,594.0,,1342
1961,29,1,11.664345234352849,0.23328690468705698,0.402218801184581,29,1,29,29,2,0.014083618628063732,594.0,,1342
1962,29,1,11.650261615724776,0.23300523231449552,0.4017331591629233,29,1,29,29,2,0.014083618628063732,594.0,,1342
1963,29,1,11.636177997096704,0.23272355994193408,0.40124751714126566,29,1,29,29,2,0.014083618628063732,594.0,,1342
1964,28,1,11.627553013741638,0.23255106027483274,0.4152697504907728,28,0,28,0,2,0.008624983355062454,0.0,,1342
1965,28,1,11.613733451170326,0.23227466902340652,0.4147761946846545,28,1,28,28,2,0.013819562571306676,574.0,,1275
1966,28,1,11.599913888599014,0.2319982777719803,0.4142826388785363,28,1,28,28,2,0.01381956257129957,574.0,,1275
1967,28,1,11.586094326027702,0.23172188652055403,0.4137890830724179,28,1,28,28,2,0.013819562571313782,574.0,,1275
1968,28,1,11.572274763456392,0.23144549526912783,0.4132955272662997,28,1,28,28,2,0.01381956257129957,574.0,,1275
1969,28,1,11.558455200885081,0.23116910401770163,0.4128019714601815,28,1,28,28,2,0.013819562571306676,574.0,,1275
1970,28,1,11.544635638313768,0.23089271276627535,0.4123084156540632,28,1,28,28,2,0.013819562571292465,574.0,,1275
1971,28,1,11.530816075742457,0.23061632151484915,0.41181485984794486,28,1,28,28,2,0.013819562571306676,574.0,,1275
1972,28,1,11.516996513171144,0.23033993026342287,0.4113213040418266,28,1,28,28,2,0.01381956257129957,574.0,,1275
1973,28,1,11.503176950599833,0.23006353901199667,0.41082774823570833,28,1,28,28,2,0.01381956257129957,574.0,,1275
1974,28,1,11.48935738802852,0.22978714776057038,0.41033419242959007,28,1,28,28,2,0.013819562571306676,574.0,,1275
1975,28,1,11.475537825457208,0.22951075650914415,0.4098406366234718,28,1,28,28,2,0.013819562571306676,574.0,,1275
1976,28,1,11.4617182628859,0.22923436525771798,0.40934708081735355,28,1,28,28,2,0.01381956257129957,574.0,,1275
1977,28,1,11.447898700314587,0.22895797400629175,0.40885352501123534,28,1,28,28,2,0.013819562571306676,574.0,,1275
1978,28,1,11.434079137743275,0.2286815827548655,0.40835996920511697,28,1,28,28,2,0.01381956257129957,574.0,,1275
1979,28,1,11.420259575171963,0.22840519150343927,0.4078664133989987,28,1,28,28,2,0.01381956257129957,574.0,,1275
1980,28,1,11.40644001260065,0.228128800252013,0.4073728575928804,28,1,28,28,2,0.01381956257129957,574.0,,1275
1981,28,1,11.39262045002934,0.22785240900058681,0.4068793017867622,28,1,28,28,2,0.013819562571313782,574.0,,1275
1982,28,1,11.378800887458027,0.22757601774916053,0.4063857459806438,28,1,28,28,2,0.01381956257129957,574.0,,1275
1983,28,1,11.364981324886717,0.22729962649773433,0.4058921901745256,28,1,28,28,2,0.013819562571306676,574.0,,1275
1984,28,1,11.351161762315403,0.22702323524630807,0.40539863436840723,28,1,28,28,2,0.01381956257129957,574.0,,1275
1985,28,1,11.337342199744095,0.2267468439948819,0.404905078562289,28,1,28,28,2,0.013819562571306676,574.0,,1275
1986,28,1,11.323522637172783,0.22647045274345565,0.4044115227561708,28,1,28,28,2,0.01381956257129957,574.0,,1275
1987,28,1,11.309703074601469,0.22619406149202936,0.40391796695005244,28,1,28,28,2,0.01381956257129957,574.0,,1275
1988,28,1,11.295883512030159,0.22591767024060316,0.4034244111439342,28,1,28,28,2,0.013819562571306676,574.0,,1275
1989,28,1,11.282063949458847,0.22564127898917694,0.402930855337816,28,1,28,28,2,0.01381956257129957,574.0,,1275
1990,28,1,11.268244386887533,0.22536488773775065,0.40243729953169766,28,1,28,28,2,0.01381956257129957,574.0,,1275
1991,28,1,11.254424824316223,0.22508849648632445,0.4019437437255794,28,1,28,28,2,0.013819562571306676,574.0,,1275
1992,28,1,11.24060526174491,0.22481210523489822,0.4014501879194611,28,1,28,28,2,0.01381956257129957,574.0,,1275
1993,28,1,11.226785699173599,0.22453571398347197,0.40095663211334287,28,1,28,28,2,0.013819562571306676,574.0,,1275
1994,28,1,11.212966136602287,0.22425932273204574,0.4004630763072245,28,1,28,28,2,0.013819562571292465,574.0,,1275
1995,28,1,11.199146574030975,0.22398293148061948,0.3999695205011063,28,1,28,28,2,0.013819562571313782,574.0,,1275
1996,28,1,11.185327011459663,0.22370654022919326,0.399475964694988,28,1,28,28,2,0.01381956257129957,574.0,,1275
1997,28,1,11.171507448888352,0.22343014897776706,0.39898240888886966,28,1,28,28,2,0.013819562571306676,574.0,,1275
1998,28,1,11.157687886317039,0.22315375772634077,0.3984888530827514,28,1,28,28,2,0.01381956257129957,574.0,,1275
1999,27,1,11.145657487417438,0.22291314974834875,0.4128021291636088,27,0,27,0,2,0.012030398899597117,0.0,,1275
2000,27,1,11.13253113845998,0.22265062276919959,0.4123159680911104,27,1,27,27,2,0.013126348957456457,554.0,,1206
2001,27,1,11.119404789502516,0.2223880957900503,0.4118298070186117,27,1,27,27,2,0.013126348957463563,554.0,,1206
2002,27,1,11.106278440545056,0.22212556881090112,0.41134364594611317,27,1,27,27,2,0.013126348957442247,554.0,,1206
2003,27,1,11.093152091587594,0.22186304183175187,0.41085748487361456,27,1,27,27,2,0.013126348957470668,554.0,,1206
2004,27,1,11.08002574263013,0.22160051485260263,0.410371323801116,27,1,27,27,2,0.013126348957456457,554.0,,1206
2005,27,1,11.066899393672673,0.22133798787345346,0.4098851627286175,27,1,27,27,2,0.013126348957463563,554.0,,1206
2006,27,1,11.053773044715212,0.22107546089430424,0.409399001656119,27,1,27,27,2,0.013126348957449352,554.0,,1206
2007,27,1,11.04064669575775,0.22081293391515502,0.4089128405836204,27,1,27,27,2,0.013126348957456457,554.0,,1206
2008,27,1,11.027520346800287,0.22055040693600575,0.40842667951112177,27,1,27,27,2,0.013126348957456457,554.0,,1206
2009,27,1,11.014393997842827,0.22028787995685653,0.4079405184386232,27,1,27,27,2,0.013126348957463563,554.0,,1206
2010,27,1,11.001267648885365,0.2200253529777073,0.40745435736612473,27,1,27,27,2,0.013126348957456457,554.0,,1206
2011,26,1,10.988483946303996,0.2197696789260799,0.42263399793476913,27,1,27,26,2,0.01278370258137329,554.0,,1206
2012,26,1,10.975869003607919,0.21951738007215837,0.4221488078310739,26,1,26,26,2,0.012614942696067999,534.0,,1135
2013,26,1,10.96325406091184,0.2192650812182368,0.4216636177273785,26,1,26,26,2,0.01261494269608221,534.0,,1135
2014,26,1,10.950639118215765,0.2190127823643153,0.42117842762368335,26,1,26,26,2,0.012614942696067999,534.0,,1135
2015,26,1,10.93802417551969,0.2187604835103938,0.420693237519988,26,1,26,26,2,0.012614942696075104,534.0,,1135
2016,26,1,10.925409232823611,0.21850818465647223,0.4202080474162928,26,1,26,26,2,0.012614942696075104,534.0,,1135
2017,26,1,10.912794290127534,0.21825588580255068,0.41972285731259745,26,1,26,26,2,0.012614942696075104,534.0,,1135
2018,26,1,10.90017934743146,0.21800358694862917,0.4192376672089022,26,1,26,26,2,0.012614942696067999,534.0,,1135
2019,26,1,10.88756440473538,0.21775128809470762,0.41875247710520697,26,1,26,26,2,0.01261494269608221,534.0,,1135
2020,26,1,10.874949462039302,0.21749898924078603,0.41826728700151167,26,1,26,26,2,0.012614942696075104,534.0,,1135
2021,26,1,10.862334519343225,0.2172466903868645,0.4177820968978164,26,1,26,26,2,0.01261494269608221,534.0,,1135
2022,26,1,10.84971957664715,0.216994391532943,0.41729690679412107,26,1,26,26,2,0.012614942696060893,534.0,,1135
2023,26,1,10.837104633951075,0.2167420926790215,0.41681171669042594,26,1,26,26,2,0.01261494269608221,534.0,,1135
2024,26,1,10.824489691254994,0.2164897938250999,0.4163265265867305,26,1,26,26,2,0.01261494269608221,534.0,,1135
2025,26,1,10.811874748558918,0.21623749497117836,0.41584133648303534,26,1,26,26,2,0.012614942696060893,534.0,,1135
2026,26,1,10.79925980586284,0.2159851961172568,0.41535614637934004,26,1,26,26,2,0.012614942696075104,534.0,,1135
2027,26,1,10.786644863166764,0.21573289726333528,0.41487095627564474,26,1,26,26,2,0.012614942696089315,534.0,,1135
2028,26,1,10.774029920470687,0.21548059840941375,0.4143857661719495,26,1,26,26,2,0.012614942696067999,534.0,,1135
2029,26,1,10.76141497777461,0.2152282995554922,0.41390057606825426,26,1,26,26,2,0.012614942696075104,534.0,,1135
2030,26,1,10.748800035078531,0.21497600070157064,0.41341538596455896,26,1,26,26,2,0.012614942696075104,534.0,,1135
2031,26,1,10.736185092382454,0.21472370184764908,0.4129301958608637,26,1,26,26,2,0.012614942696067999,534.0,,1135
2032,26,1,10.723570149686378,0.21447140299372755,0.4124450057571684,26,1,26,26,2,0.01261494269608221,534.0,,1135
2033,26,1,10.710955206990302,0.21421910413980605,0.41195981565347317,26,1,26,26,2,0.012614942696075104,534.0,,1135
2034,26,1,10.698340264294224,0.21396680528588446,0.4114746255497778,26,1,26,26,2,0.012614942696060893,534.0,,1135
2035,26,1,10.685725321598145,0.2137145064319629,0.4109894354460825,26,1,26,26,2,0.01261494269608221,534.0,,1135
2036,26,1,10.673110378902066,0.21346220757804132,0.4105042453423872,26,1,26,26,2,0.012614942696089315,534.0,,1135
2037,26,1,10.660495436205991,0.21320990872411982,0.410019055238692,26,1,26,26,2,0.012614942696060893,534.0,,1135
2038,26,1,10.647880493509913,0.21295760987019827,0.4095338651349966,26,1,26,26,2,0.012614942696075104,534.0,,1135
2039,26,1,10.635265550813836,0.2127053110162767,0.4090486750313014,26,1,26,26,2,0.01261494269608221,534.0,,1135
2040,26,1,10.622650608117755,0.2124530121623551,0.4085634849276059,26,1,26,26,2,0.012614942696075104,534.0,,1135
2041,26,1,10.610035665421679,0.21220071330843357,0.4080782948239108,26,1,26,26,2,0.012614942696067999,534.0,,1135
2042,26,1,10.597420722725602,0.21194841445451204,0.4075931047202154,26,1,26,26,2,0.012614942696075104,534.0,,1135
2043,26,1,10.584805780029523,0.21169611560059046,0.40710791461652013,26,1,26,26,2,0.012614942696075104,534.0,,1135
2044,26,1,10.572190837333444,0.2114438167466689,0.40662272451282483,26,1,26,26,2,0.01261494269608221,534.0,,1135
2045,26,1,10.559575894637367,0.21119151789274734,0.40613753440912953,26,1,26,26,2,0.012614942696075104,534.0,,1135
2046,26,1,10.546960951941289,0.2109392190388258,0.40565234430543423,26,1,26,26,2,0.012614942696067999,534.0,,1135
2047,26,1,10.534346009245212,0.21068692018490423,0.40516715420173893,26,1,26,26,2,0.012614942696075104,534.0,,1135
2048,26,1,10.521731066549133,0.21043462133098267,0.4046819640980436,26,1,26,26,2,0.01261494269608221,534.0,,1135
2049,26,1,10.509116123853055,0.2101823224770611,0.4041967739943483,26,1,26,26,2,0.012614942696067999,534.0,,1135
2050,26,1,10.496501181156981,0.20993002362313962,0.40371158389065304,26,1,26,26,2,0.012614942696067999,534.0,,1135
2051,26,1,10.4838862384609,0.209677724769218,0.40322639378695774,26,1,26,26,2,0.012614942696075104,534.0,,1135
2052,26,1,10.471271295764822,0.20942542591529645,0.4027412036832624,26,1,26,26,2,0.012614942696089315,534.0,,1135
2053,26,1,10.458656353068744,0.20917312706137486,0.4022560135795671,26,1,26,26,2,0.012614942696075104,534.0,,1135
2054,26,1,10.446041410372667,0.20892082820745334,0.40177082347587173,26,1,26,26,2,0.012614942696060893,534.0,,1135
2055,26,1,10.43342646767659,0.2086685293535318,0.40128563337217654,26,1,26,26,2,0.01261494269608221,534.0,,1135
2056,26,1,10.420811524980511,0.20841623049961022,0.4008004432684812,26,1,26,26,2,0.01261494269608221,534.0,,1135
2057,26,1,10.408196582284432,0.20816393164568864,0.4003152531647859,26,1,26,26,2,0.012614942696060893,534.0,,1135
2058,26,1,10.395581639588354,0.20791163279176708,0.39983006306109053,26,1,26,26,2,0.012614942696075104,534.0,,1135
2059,26,1,10.382966696892275,0.2076593339378455,0.3993448729573952,26,1,26,26,2,0.01261494269608221,534.0,,1135
2060,26,1,10.370351754196198,0.20740703508392397,0.3988596828537,26,1,26,26,2,0.012614942696075104,534.0,,1135
2061,26,1,10.35773681150012,0.20715473623000238,0.39837449275000475,26,1,26,26,2,0.012614942696075104,534.0,,1135
2062,26,1,10.345121868804041,0.20690243737608083,0.39788930264630934,26,1,26,26,2,0.012614942696075104,534.0,,1135
2063,26,1,10.332506926107964,0.20665013852215927,0.397404112542614,26,1,26,26,2,0.012614942696067999,534.0,,1135
2064,26,1,10.319891983411887,0.20639783966823774,0.39691892243891874,26,1,26,26,2,0.01261494269608221,534.0,,1135
2065,26,1,10.307277040715809,0.20614554081431616,0.3964337323352235,26,1,26,26,2,0.012614942696075104,534.0,,1135
2066,26,1,10.294662098019733,0.20589324196039466,0.3959485422315282,26,1,26,26,2,0.012614942696060893,534.0,,1135
2067,26,1,10.282047155323653,0.20564094310647307,0.3954633521278328,26,1,26,26,2,0.01261494269608221,534.0,,1135
2068,26,1,10.269432212627574,0.2053886442525515,0.3949781620241375,26,1,26,26,2,0.012614942696089315,534.0,,1135
2069,26,1,10.2568172699315,0.20513634539863,0.3944929719204422,26,1,26,26,2,0.012614942696060893,534.0,,1135
2070,26,1,10.24420232723542,0.2048840465447084,0.39400778181674695,26,1,26,26,2,0.012614942696075104,534.0,,1135
2071,26,1,10.231587384539344,0.20463174769078687,0.3935225917130517,26,1,26,26,2,0.01261494269608221,534.0,,1135
2072,26,1,10.218972441843263,0.20437944883686526,0.3930374016093563,26,1,26,26,2,0.012614942696075104,534.0,,1135
2073,26,1,10.206357499147186,0.20412714998294373,0.3925522115056611,26,1,26,26,2,0.012614942696067999,534.0,,1135
2074,26,1,10.19374255645111,0.20387485112902218,0.3920670214019657,26,1,26,26,2,0.012614942696075104,534.0,,1135
2075,26,1,10.18112761375503,0.20362255227510062,0.3915818312982705,26,1,26,26,2,0.012614942696075104,534.0,,1135
2076,25,1,10.16992371643986,0.20339847432879718,0.40679694865759436,25,0,25,0,2,0.011203897315169797,0.0,,1135
2077,25,1,10.158037375959976,0.20316074751919952,0.406321495038399,25,1,25,25,2,0.011886340479890123,514.0,,1066
2078,25,1,10.146151035480088,0.20292302070960175,0.4058460414192036,25,1,25,25,2,0.011886340479868807,514.0,,1066
2079,25,1,10.134264695000203,0.20268529390000406,0.4053705878000081,25,1,25,25,2,0.011886340479890123,514.0,,1066
2080,25,1,10.122378354520318,0.20244756709040637,0.40489513418081274,25,1,25,25,2,0.011886340479883017,514.0,,1066
2081,25,1,10.110492014040432,0.20220984028080863,0.40441968056161726,25,1,25,25,2,0.011886340479883017,514.0,,1066
2082,25,1,10.098605673560545,0.2019721134712109,0.4039442269424218,25,1,25,25,2,0.011886340479890123,514.0,,1066
2083,25,1,10.08671933308066,0.2017343866616132,0.4034687733232264,25,1,25,25,2,0.011886340479875912,514.0,,1066
2084,25,1,10.074832992600774,0.20149665985201548,0.40299331970403096,25,1,25,25,2,0.011886340479890123,514.0,,1066
2085,25,1,10.062946652120889,0.2012589330424178,0.4025178660848355,25,1,25,25,2,0.011886340479875912,514.0,,1066
2086,25,1,10.051060311641,0.20102120623282002,0.4020424124656401,25,1,25,25,2,0.011886340479890123,514.0,,1066
2087,25,1,10.039173971161116,0.2007834794232223,0.4015669588464446,25,1,25,25,2,0.011886340479883017,514.0,,1066
2088,25,1,10.02728763068123,0.2005457526136246,0.4010915052272492,25,1,25,25,2,0.011886340479883017,514.0,,1066
2089,25,1,10.015401290201346,0.20030802580402693,0.40061605160805386,25,1,25,25,2,0.011886340479890123,514.0,,1066
2090,25,1,10.00351494972146,0.20007029899442919,0.40014059798885837,25,1,25,25,2,0.011886340479875912,514.0,,1066
2091,25,1,9.991628609241573,0.19983257218483147,0.39966514436966294,25,1,25,25,2,0.011886340479890123,514.0,,1066
2092,25,1,9.979742268761688,0.19959484537523375,0.3991896907504675,25,1,25,25,2,0.011886340479875912,514.0,,1066
2093,25,1,9.967855928281804,0.19935711856563607,0.3987142371312721,25,1,25,25,2,0.011886340479890123,514.0,,1066
2094,25,1,9.955969587801915,0.1991193917560383,0.3982387835120766,25,1,25,25,2,0.011886340479875912,514.0,,1066
2095,25,1,9.944083247322032,0.19888166494644063,0.39776332989288127,25,1,25,25,2,0.011886340479890123,514.0,,1066
2096,25,1,9.932196906842146,0.19864393813684292,0.39728787627368584,25,1,25,25,2,0.011886340479883017,514.0,,1066
2097,25,1,9.920310566362259,0.19840621132724517,0.39681242265449035,25,1,25,25,2,0.011886340479883017,514.0,,1066
2098,25,1,9.908424225882374,0.1981684845176475,0.396336969035295,25,1,25,25,2,0.011886340479890123,514.0,,1066
2099,25,1,9.896537885402488,0.19793075770804974,0.3958615154160995,25,1,25,25,2,0.011886340479875912,514.0,,1066
2100,25,1,9.884651544922601,0.19769303089845203,0.39538606179690405,25,1,25,25,2,0.011886340479890123,514.0,,1066
2101,25,1,9.872765204442716,0.19745530408885434,0.3949106081777087,25,1,25,25,2,0.011886340479875912,514.0,,1066
2102,25,1,9.860878863962828,0.19721757727925657,0.3944351545585132,25,1,25,25,2,0.011886340479890123,514.0,,1066
2103,25,1,9.848992523482945,0.1969798504696589,0.3939597009393178,25,1,25,25,2,0.011886340479875912,514.0,,1066
2104,25,1,9.837106183003058,0.19674212366006116,0.3934842473201223,25,1,25,25,2,0.011886340479890123,514.0,,1066
2105,25,1,9.825219842523174,0.19650439685046348,0.3930087937009269,25,1,25,25,2,0.011886340479890123,514.0,,1066
2106,25,1,9.813333502043289,0.1962666700408658,0.39253334008173146,25,1,25,25,2,0.011886340479875912,514.0,,1066
2107,25,1,9.801447161563402,0.19602894323126804,0.39205788646253603,25,1,25,25,2,0.011886340479890123,514.0,,1066
2108,25,1,9.789560821083514,0.19579121642167027,0.3915824328433406,25,1,25,25,2,0.011886340479875912,514.0,,1066
2109,25,1,9.77767448060363,0.1955534896120726,0.3911069792241452,25,1,25,25,2,0.011886340479890123,514.0,,1066
2110,25,1,9.765788140123744,0.1953157628024749,0.39063152560494985,25,1,25,25,2,0.011886340479875912,514.0,,1066
2111,25,1,9.75390179964386,0.19507803599287718,0.3901560719857543,25,1,25,25,2,0.011886340479890123,514.0,,1066
2112,25,1,9.742015459163973,0.19484030918327946,0.38968061836655893,25,1,25,25,2,0.011886340479883017,514.0,,1066
2113,25,1,9.730129118684085,0.1946025823736817,0.38920516474736344,25,1,25,25,2,0.011886340479883017,514.0,,1066
2114,25,1,9.718242778204198,0.19436485556408395,0.3887297111281679,25,1,25,25,2,0.011886340479890123,514.0,,1066
2115,25,1,9.706356437724313,0.19412712875448626,0.3882542575089725,25,1,25,25,2,0.011886340479875912,514.0,,1066
2116,25,1,9.694470097244425,0.1938894019448885,0.3877788038897771,25,1,25,25,2,0.011886340479890123,514.0,,1066
2117,25,1,9.682583756764538,0.19365167513529077,0.3873033502705816,25,1,25,25,2,0.011886340479875912,514.0,,1066
2118,25,1,9.670697416284654,0.19341394832569306,0.3868278966513861,25,1,25,25,2,0.011886340479890123,514.0,,1066
2119,25,1,9.658811075804767,0.19317622151609534,0.3863524430321907,25,1,25,25,2,0.011886340479883017,514.0,,1066
2120,25,1,9.64692473532488,0.1929384947064976,0.38587698941299514,25,1,25,25,2,0.011886340479883017,514.0,,1066
2121,25,1,9.635038394844996,0.1927007678968999,0.3854015357937998,25,1,25,25,2,0.011886340479890123,514.0,,1066
2122,25,1,9.623152054365107,0.19246304108730214,0.3849260821746043,25,1,25,25,2,0.011886340479875912,514.0,,1066
2123,25,1,9.61126571388522,0.19222531427770442,0.38445062855540885,25,1,25,25,2,0.011886340479890123,514.0,,1066
2124,25,1,9.599379373405334,0.19198758746810668,0.3839751749362134,25,1,25,25,2,0.011886340479875912,514.0,,1066
2125,25,1,9.58749303292545,0.191749860658509,0.3834997213170179,25,1,25,25,2,0.011886340479890123,514.0,,1066
2126,25,1,9.575606692445561,0.19151213384891122,0.38302426769782244,25,1,25,25,2,0.011886340479875912,514.0,,1066
2127,25,1,9.563720351965676,0.19127440703931353,0.38254881407862695,25,1,25,25,2,0.011886340479890123,514.0,,1066
2128,25,1,9.55183401148579,0.1910366802297158,0.3820733604594315,25,1,25,25,2,0.011886340479883017,514.0,,1066
2129,25,1,9.539947671005901,0.19079895342011802,0.38159790684023603,25,1,25,25,2,0.011886340479883017,514.0,,1066
2130,25,1,9.528061330526015,0.1905612266105203,0.38112245322104066,25,1,25,25,2,0.011886340479890123,514.0,,1066
2131,25,1,9.516174990046128,0.19032349980092256,0.38064699960184517,25,1,25,25,2,0.011886340479875912,514.0,,1066
2132,25,1,9.504288649566242,0.19008577299132484,0.38017154598264974,25,1,25,25,2,0.011886340479890123,514.0,,1066
2133,25,1,9.492402309086357,0.18984804618172713,0.37969609236345425,25,1,25,25,2,0.011886340479875912,514.0,,1066
2134,25,1,9.48051596860647,0.1896103193721294,0.3792206387442588,25,1,25,25,2,0.011886340479890123,514.0,,1066
2135,25,1,9.468629628126585,0.1893725925625317,0.3787451851250634,25,1,25,25,2,0.011886340479875912,514.0,,1066
2136,25,1,9.456743287646699,0.18913486575293398,0.3782697315058679,25,1,25,25,2,0.011886340479890123,514.0,,1066
2137,25,1,9.44485694716681,0.1888971389433362,0.3777942778866724,25,1,25,25,2,0.011886340479890123,514.0,,1066
2138,25,1,9.432970606686926,0.18865941213373852,0.37731882426747704,25,1,25,25,2,0.011886340479875912,514.0,,1066
2139,25,1,9.421084266207039,0.18842168532414078,0.3768433706482815,25,1,25,25,2,0.011886340479890123,514.0,,1066
2140,25,1,9.40919792572715,0.188183958514543,0.3763679170290861,25,1,25,25,2,0.011886340479875912,514.0,,1066
2141,25,1,9.397311585247268,0.18794623170494534,0.37589246340989063,25,1,25,25,2,0.011886340479890123,514.0,,1066
2142,25,1,9.38542524476738,0.1877085048953476,0.3754170097906952,25,1,25,25,2,0.011886340479875912,514.0,,1066
2143,25,1,9.373538904287493,0.18747077808574986,0.37494155617149966,25,1,25,25,2,0.011886340479890123,514.0,,1066
2144,25,1,9.361652563807604,0.18723305127615208,0.3744661025523042,25,1,25,25,2,0.011886340479883017,514.0,,1066
2145,25,1,9.349766223327718,0.18699532446655437,0.3739906489331088,25,1,25,25,2,0.011886340479883017,514.0,,1066
2146,25,1,9.337879882847831,0.18675759765695663,0.3735151953139133,25,1,25,25,2,0.011886340479890123,514.0,,1066
2147,25,1,9.325993542367948,0.18651987084735897,0.37303974169471793,25,1,25,25,2,0.011886340479875912,514.0,,1066
2148,25,1,9.31410720188806,0.1862821440377612,0.3725642880755224,25,1,25,25,2,0.011886340479890123,514.0,,1066
2149,25,1,9.302220861408173,0.18604441722816348,0.37208883445632696,25,1,25,25,2,0.011886340479875912,514.0,,1066
2150,25,1,9.290334520928289,0.18580669041856576,0.3716133808371315,25,1,25,25,2,0.011886340479890123,514.0,,1066
2151,25,1,9.278448180448402,0.18556896360896805,0.3711379272179361,25,1,25,25,2,0.011886340479883017,514.0,,1066
2152,25,1,9.266561839968514,0.18533123679937027,0.37066247359874055,25,1,25,25,2,0.011886340479883017,514.0,,1066
2153,25,1,9.254675499488629,0.1850935099897726,0.37018701997954523,25,1,25,25,2,0.011886340479890123,514.0,,1066
2154,25,1,9.242789159008744,0.18485578318017487,0.3697115663603497,25,1,25,25,2,0.011886340479875912,514.0,,1066
2155,24,1,9.231859795978714,0.18463719591957428,0.3846608248324465,24,0,24,0,2,0.010929363030030004,0.0,,1066
2156,24,1,9.220082272486506,0.18440164544973012,0.3841700946869377,24,1,24,24,2,0.011777523492199293,494.0,,995
2157,24,1,9.208304748994296,0.18416609497988592,0.3836793645414289,24,1,24,24,2,0.011777523492206399,494.0,,995
2158,24,1,9.196527225502084,0.18393054451004168,0.38318863439592016,24,1,24,24,2,0.011777523492199293,494.0,,995
2159,24,1,9.184749702009873,0.18369499404019746,0.38269790425041145,24,1,24,24,2,0.011777523492199293,494.0,,995
2160,24,1,9.17297217851766,0.1834594435703532,0.3822071741049027,24,1,24,24,2,0.011777523492192188,494.0,,995
2161,24,1,9.161194655025454,0.1832238931005091,0.38171644395939386,24,1,24,24,2,0.011777523492206399,494.0,,995
2162,24,1,9.149417131533244,0.18298834263066488,0.38122571381388504,24,1,24,24,2,0.011777523492206399,494.0,,995
2163,24,1,9.137639608041031,0.18275279216082063,0.38073498366837627,24,1,24,24,2,0.011777523492199293,494.0,,995
2164,24,1,9.125862084548821,0.1825172416909764,0.38024425352286756,24,1,24,24,2,0.011777523492192188,494.0,,995
2165,24,1,9.11408456105661,0.1822816912211322,0.3797535233773588,24,1,24,24,2,0.011777523492199293,494.0,,995
2166,24,1,9.102307037564401,0.18204614075128803,0.37926279323185,24,1,24,24,2,0.011777523492213504,494.0,,995
2167,24,1,9.090529514072191,0.18181059028144383,0.3787720630863413,24,1,24,24,2,0.011777523492192188,494.0,,995
2168,24,1,9.078751990579981,0.18157503981159961,0.37828133294083255,24,1,24,24,2,0.011777523492199293,494.0,,995
2169,24,1,9.066974467087771,0.18133948934175542,0.3777906027953238,24,1,24,24,2,0.011777523492199293,494.0,,995
2170,24,1,9.05519694359556,0.1811039388719112,0.37729987264981496,24,1,24,24,2,0.011777523492206399,494.0,,995
2171,24,1,9.043419420103348,0.18086838840206695,0.37680914250430625,24,1,24,24,2,0.011777523492199293,494.0,,995
2172,24,1,9.031641896611138,0.18063283793222276,0.3763184123587974,24,1,24,24,2,0.011777523492199293,494.0,,995
2173,24,1,9.01986437311893,0.1803972874623786,0.3758276822132887,24,1,24,24,2,0.011777523492206399,494.0,,995
2174,24,1,9.00808684962672,0.1801617369925344,0.3753369520677799,24,1,24,24,2,0.011777523492192188,494.0,,995
2175,24,1,8.996309326134508,0.17992618652269016,0.3748462219222712,24,1,24,24,2,0.011777523492206399,494.0,,995
2176,24,1,8.984531802642296,0.17969063605284594,0.3743554917767624,24,1,24,24,2,0.011777523492192188,494.0,,995
2177,24,1,8.972754279150088,0.17945508558300177,0.37386476163125365,24,1,24,24,2,0.011777523492206399,494.0,,995
2178,24,1,8.960976755657876,0.17921953511315752,0.37337403148574483,24,1,24,24,2,0.011777523492206399,494.0,,995
2179,24,1,8.949199232165666,0.17898398464331333,0.3728833013402361,24,1,24,24,2,0.011777523492192188,494.0,,995
2180,24,1,8.937421708673456,0.17874843417346914,0.37239257119472735,24,1,24,24,2,0.011777523492199293,494.0,,995
2181,24,1,8.925644185181245,0.1785128837036249,0.37190184104921853,24,1,24,24,2,0.011777523492206399,494.0,,995
2182,24,1,8.913866661689037,0.17827733323378073,0.37141111090370976,24,1,24,24,2,0.011777523492206399,494.0,,995
2183,24,1,8.902089138196825,0.1780417827639365,0.37092038075820105,24,1,24,24,2,0.011777523492192188,494.0,,995
2184,24,1,8.890311614704615,0.1778062322940923,0.3704296506126923,24,1,24,24,2,0.011777523492192188,494.0,,995
2185,24,1,8.878534091212403,0.17757068182424807,0.3699389204671835,24,1,24,24,2,0.011777523492206399,494.0,,995
2186,24,1,8.866756567720193,0.17733513135440387,0.3694481903216748,24,1,24,24,2,0.011777523492206399,494.0,,995
2187,24,1,8.854979044227981,0.17709958088455963,0.368957460176166,24,1,24,24,2,0.011777523492199293,494.0,,995
2188,24,1,8.843201520735771,0.17686403041471543,0.36846673003065716,24,1,24,24,2,0.011777523492192188,494.0,,995
2189,24,1,8.831423997243562,0.17662847994487124,0.3679759998851484,24,1,24,24,2,0.011777523492206399,494.0,,995
2190,24,1,8.81964647375135,0.176392929475027,0.3674852697396396,24,1,24,24,2,0.011777523492199293,494.0,,995
2191,24,1,8.807868950259138,0.17615737900518277,0.36699453959413075,24,1,24,24,2,0.011777523492206399,494.0,,995
2192,24,1,8.796091426766926,0.17592182853533853,0.366503809448622,24,1,24,24,2,0.011777523492192188,494.0,,995
2193,24,1,8.784313903274718,0.17568627806549436,0.36601307930311316,24,1,24,24,2,0.011777523492199293,494.0,,995
2194,24,1,8.772536379782508,0.17545072759565017,0.36552234915760434,24,1,24,24,2,0.011777523492206399,494.0,,995
2195,24,1,8.760758856290296,0.17521517712580592,0.36503161901209563,24,1,24,24,2,0.011777523492199293,494.0,,995
2196,24,1,8.748981332798083,0.17497962665596167,0.36454088886658687,24,1,24,24,2,0.011777523492199293,494.0,,995
2197,24,1,8.737203809305871,0.17474407618611743,0.364050158721078,24,1,24,24,2,0.011777523492199293,494.0,,995
2198,24,1,8.725426285813663,0.17450852571627326,0.3635594285755692,24,1,24,24,2,0.011777523492206399,494.0,,995
2199,24,1,8.713648762321453,0.17427297524642907,0.36306869843006045,24,1,24,24,2,0.011777523492192188,494.0,,995
2200,24,1,8.701871238829241,0.17403742477658482,0.36257796828455174,24,1,24,24,2,0.011777523492199293,494.0,,995
2201,24,1,8.69009371533703,0.1738018743067406,0.3620872381390429,24,1,24,24,2,0.011777523492206399,494.0,,995
2202,24,1,8.67831619184482,0.1735663238368964,0.36159650799353416,24,1,24,24,2,0.011777523492206399,494.0,,995
2203,24,1,8.666538668352606,0.17333077336705213,0.36110577784802533,24,1,24,24,2,0.011777523492192188,494.0,,995
2204,24,1,8.654761144860398,0.17309522289720797,0.3606150477025165,24,1,24,24,2,0.011777523492199293,494.0,,995
2205,24,1,8.642983621368186,0.17285967242736372,0.36012431755700774,24,1,24,24,2,0.011777523492206399,494.0,,995
2206,24,1,8.631206097875975,0.1726241219575195,0.3596335874114989,24,1,24,24,2,0.011777523492199293,494.0,,995
2207,24,1,8.619428574383763,0.17238857148767525,0.3591428572659902,24,1,24,24,2,0.011777523492206399,494.0,,995
2208,24,1,8.607651050891553,0.17215302101783106,0.3586521271204814,24,1,24,24,2,0.011777523492185082,494.0,,995
2209,24,1,8.595873527399341,0.1719174705479868,0.35816139697497257,24,1,24,24,2,0.011777523492206399,494.0,,995
2210,24,1,8.584096003907131,0.17168192007814262,0.3576706668294638,24,1,24,24,2,0.011777523492206399,494.0,,995
2211,24,1,8.57231848041492,0.1714463696082984,0.35717993668395503,24,1,24,24,2,0.011777523492199293,494.0,,995
2212,24,1,8.560540956922708,0.17121081913845415,0.3566892065384462,24,1,24,24,2,0.011777523492199293,494.0,,995
2213,24,1,8.548763433430498,0.17097526866860996,0.3561984763929374,24,1,24,24,2,0.011777523492192188,494.0,,995
2214,24,1,8.536985909938288,0.17073971819876577,0.3557077462474287,24,1,24,24,2,0.011777523492213504,494.0,,995
2215,24,1,8.525208386446076,0.17050416772892152,0.3552170161019199,24,1,24,24,2,0.011777523492192188,494.0,,995
2216,24,1,8.513430862953866,0.17026861725907733,0.3547262859564111,24,1,24,24,2,0.011777523492199293,494.0,,995
2217,24,1,8.501653339461654,0.17003306678923308,0.35423555581090227,24,1,24,24,2,0.011777523492206399,494.0,,995
2218,24,1,8.489875815969445,0.16979751631938889,0.3537448256653935,24,1,24,24,2,0.011777523492199293,494.0,,995
2219,24,1,8.478098292477231,0.1695619658495446,0.3532540955198847,24,1,24,24,2,0.011777523492199293,494.0,,995
2220,24,1,8.466320768985023,0.16932641537970045,0.35276336537437586,24,1,24,24,2,0.011777523492199293,494.0,,995
2221,24,1,8.454543245492813,0.16909086490985625,0.35227263522886715,24,1,24,24,2,0.011777523492206399,494.0,,995
2222,24,1,8.442765722000601,0.16885531444001203,0.3517819050833584,24,1,24,24,2,0.011777523492199293,494.0,,995
2223,24,1,8.43098819850839,0.16861976397016779,0.3512911749378496,24,1,24,24,2,0.011777523492192188,494.0,,995
2224,24,1,8.419210675016178,0.16838421350032357,0.3508004447923408,24,1,24,24,2,0.011777523492199293,494.0,,995
2225,24,1,8.407433151523968,0.16814866303047935,0.35030971464683197,24,1,24,24,2,0.011777523492206399,494.0,,995
2226,24,1,8.39565562803176,0.16791311256063518,0.34981898450132326,24,1,24,24,2,0.011777523492206399,494.0,,995
2227,24,1,8.383878104539548,0.16767756209079096,0.3493282543558145,24,1,24,24,2,0.011777523492199293,494.0,,995
2228,24,1,8.372100581047334,0.16744201162094668,0.34883752421030567,24,1,24,24,2,0.011777523492192188,494.0,,995
2229,24,1,8.360323057555124,0.1672064611511025,0.34834679406479685,24,1,24,24,2,0.011777523492206399,494.0,,995
2230,24,1,8.348545534062914,0.1669709106812583,0.3478560639192881,24,1,24,24,2,0.011777523492206399,494.0,,995
2231,23,1,8.341290032719895,0.1668258006543979,0.36266478403129987,23,0,23,0,2,0.007255501343017556,0.0,,995
2232,23,1,8.330906954645227,0.16661813909290454,0.3622133458541402,23,1,23,23,2,0.010383078074660546,474.0,,926
2233,23,1,8.320523876570562,0.16641047753141122,0.36176190767698096,23,1,23,23,2,0.010383078074667651,474.0,,926
2234,23,1,8.310140798495896,0.16620281596991793,0.36131046949982154,23,1,23,23,2,0.010383078074667651,474.0,,926
2235,23,1,8.299757720421228,0.16599515440842455,0.3608590313226621,23,1,23,23,2,0.010383078074667651,474.0,,926
2236,23,1,8.289374642346562,0.16578749284693126,0.3604075931455028,23,1,23,23,2,0.010383078074674756,474.0,,926
2237,23,1,8.278991564271896,0.16557983128543793,0.3599561549683433,23,1,23,23,2,0.010383078074660546,474.0,,926
2238,23,1,8.26860848619723,0.1653721697239446,0.35950471679118395,23,1,23,23,2,0.010383078074660546,474.0,,926
2239,23,1,8.258225408122563,0.16516450816245126,0.3590532786140245,23,1,23,23,2,0.010383078074674756,474.0,,926
2240,23,1,8.247842330047897,0.16495684660095794,0.3586018404368651,23,1,23,23,2,0.010383078074667651,474.0,,926
2241,23,1,8.237459251973231,0.16474918503946462,0.3581504022597057,23,1,23,23,2,0.010383078074660546,474.0,,926
2242,23,1,8.227076173898563,0.16454152347797127,0.3576989640825463,23,1,23,23,2,0.010383078074667651,474.0,,926
2243,23,1,8.216693095823898,0.16433386191647795,0.3572475259053868,23,1,23,23,2,0.010383078074674756,474.0,,926
2244,23,1,8.206310017749232,0.16412620035498462,0.35679608772822746,23,1,23,23,2,0.010383078074660546,474.0,,926
2245,23,1,8.195926939674564,0.16391853879349128,0.356344649551068,23,1,23,23,2,0.010383078074667651,474.0,,926
2246,23,1,8.185543861599898,0.16371087723199795,0.3558932113739086,23,1,23,23,2,0.010383078074674756,474.0,,926
2247,23,1,8.175160783525232,0.16350321567050463,0.35544177319674924,23,1,23,23,2,0.010383078074660546,474.0,,926
2248,23,1,8.164777705450566,0.16329555410901134,0.35499033501958976,23,1,23,23,2,0.010383078074667651,474.0,,926
2249,23,1,8.154394627375897,0.16308789254751793,0.3545388968424303,23,1,23,23,2,0.010383078074667651,474.0,,926
2250,23,1,8.144011549301231,0.1628802309860246,0.3540874586652709,23,1,23,23,2,0.010383078074667651,474.0,,926
2251,23,1,8.133628471226565,0.16267256942453132,0.35363602048811155,23,1,23,23,2,0.010383078074674756,474.0,,926
2252,23,1,8.1232453931519,0.162464907863038,0.3531845823109521,23,1,23,23,2,0.010383078074660546,474.0,,926
2253,23,1,8.112862315077233,0.16225724630154467,0.35273314413379275,23,1,23,23,2,0.010383078074667651,474.0,,926
2254,23,1,8.102479237002566,0.16204958474005132,0.3522817059566333,23,1,23,23,2,0.010383078074667651,474.0,,926
2255,23,1,8.0920961589279,0.161841923178558,0.3518302677794739,23,1,23,23,2,0.010383078074667651,474.0,,926
2256,23,1,8.081713080853234,0.16163426161706468,0.35137882960231454,23,1,23,23,2,0.010383078074674756,474.0,,926
2257,23,1,8.071330002778568,0.16142660005557136,0.35092739142515506,23,1,23,23,2,0.01038307807465344,474.0,,926
2258,23,1,8.060946924703899,0.16121893849407798,0.3504759532479957,23,1,23,23,2,0.010383078074667651,474.0,,926
2259,23,1,8.050563846629235,0.16101127693258468,0.3500245150708362,23,1,23,23,2,0.010383078074681862,474.0,,926
2260,23,1,8.040180768554567,0.16080361537109134,0.34957307689367684,23,1,23,23,2,0.010383078074660546,474.0,,926
2261,23,1,8.029797690479901,0.160595953809598,0.3491216387165174,23,1,23,23,2,0.01038307807465344,474.0,,926
2262,23,1,8.019414612405233,0.16038829224810466,0.348670200539358,23,1,23,23,2,0.010383078074681862,474.0,,926
2263,23,1,8.009031534330568,0.16018063068661134,0.3482187623621987,23,1,23,23,2,0.010383078074667651,474.0,,926
2264,23,1,7.998648456255901,0.15997296912511802,0.3477673241850391,23,1,23,23,2,0.010383078074660546,474.0,,926
2265,23,1,7.988265378181235,0.1597653075636247,0.3473158860078797,23,1,23,23,2,0.010383078074674756,474.0,,926
2266,23,1,7.977882300106569,0.15955764600213138,0.3468644478307204,23,1,23,23,2,0.010383078074660546,474.0,,926
2267,23,1,7.967499222031902,0.15934998444063805,0.346413009653561,23,1,23,23,2,0.010383078074667651,474.0,,926
2268,23,1,7.957116143957236,0.15914232287914473,0.3459615714764016,23,1,23,23,2,0.010383078074674756,474.0,,926
2269,23,1,7.946733065882571,0.1589346613176514,0.3455101332992422,23,1,23,23,2,0.010383078074660546,474.0,,926
2270,23,1,7.936349987807903,0.15872699975615806,0.34505869512208276,23,1,23,23,2,0.010383078074667651,474.0,,926
2271,23,1,7.925966909733235,0.1585193381946647,0.3446072569449233,23,1,23,23,2,0.010383078074674756,474.0,,926
2272,23,1,7.915583831658569,0.1583116766331714,0.3441558187677639,23,1,23,23,2,0.010383078074660546,474.0,,926
2273,23,1,7.905200753583902,0.15810401507167804,0.34370438059060443,23,1,23,23,2,0.010383078074660546,474.0,,926
2274,23,1,7.894817675509234,0.1578963535101847,0.34325294241344506,23,1,23,23,2,0.010383078074674756,474.0,,926
2275,23,1,7.884434597434568,0.15768869194869137,0.34280150423628547,23,1,23,23,2,0.010383078074674756,474.0,,926
2276,23,1,7.874051519359901,0.15748103038719802,0.34235006605912616,23,1,23,23,2,0.01038307807465344,474.0,,926
2277,23,1,7.863668441285235,0.1572733688257047,0.3418986278819666,23,1,23,23,2,0.010383078074667651,474.0,,926
2278,23,1,7.853285363210566,0.15706570726421132,0.3414471897048072,23,1,23,23,2,0.010383078074674756,474.0,,926
2279,23,1,7.842902285135899,0.156858045702718,0.34099575152764783,23,1,23,23,2,0.010383078074667651,474.0,,926
2280,23,1,7.832519207061233,0.15665038414122465,0.34054431335048835,23,1,23,23,2,0.010383078074667651,474.0,,926
2281,23,1,7.822136128986565,0.1564427225797313,0.3400928751733289,23,1,23,23,2,0.010383078074660546,474.0,,926
2282,23,1,7.811753050911897,0.15623506101823795,0.3396414369961695,23,1,23,23,2,0.010383078074667651,474.0,,926
2283,23,1,7.801369972837231,0.15602739945674463,0.3391899988190101,23,1,23,23,2,0.010383078074674756,474.0,,926
2284,23,1,7.790986894762565,0.1558197378952513,0.33873856064185065,23,1,23,23,2,0.010383078074667651,474.0,,926
2285,23,1,7.780603816687899,0.15561207633375798,0.3382871224646912,23,1,23,23,2,0.010383078074660546,474.0,,926
2286,23,1,7.770220738613229,0.15540441477226458,0.3378356842875317,23,1,23,23,2,0.010383078074667651,474.0,,926
2287,23,1,7.759837660538562,0.15519675321077123,0.33738424611037227,23,1,23,23,2,0.010383078074674756,474.0,,926
2288,23,1,7.749454582463895,0.1549890916492779,0.33693280793321284,23,1,23,23,2,0.010383078074667651,474.0,,926
2289,23,1,7.739071504389229,0.15478143008778458,0.3364813697560534,23,1,23,23,2,0.010383078074660546,474.0,,926
2290,23,1,7.7286884263145605,0.1545737685262912,0.336029931578894,23,1,23,23,2,0.010383078074660546,474.0,,926
2291,23,1,7.718305348239895,0.15436610696479788,0.3355784934017345,23,1,23,23,2,0.010383078074681862,474.0,,926
2292,23,1,7.707922270165228,0.15415844540330456,0.3351270552245751,23,1,23,23,2,0.010383078074660546,474.0,,926
2293,23,1,7.697539192090559,0.15395078384181118,0.3346756170474156,23,1,23,23,2,0.010383078074660546,474.0,,926
2294,23,1,7.687156114015893,0.15374312228031786,0.3342241788702562,23,1,23,23,2,0.010383078074681862,474.0,,926
2295,23,1,7.676773035941225,0.1535354607188245,0.3337727406930968,23,1,23,23,2,0.010383078074660546,474.0,,926
2296,23,1,7.666389957866558,0.15332779915733116,0.3333213025159372,23,1,23,23,2,0.010383078074660546,474.0,,926
2297,23,1,7.656006879791892,0.15312013759583784,0.3328698643387779,23,1,23,23,2,0.010383078074674756,474.0,,926
2298,23,1,7.645623801717225,0.1529124760343445,0.3324184261616185,23,1,23,23,2,0.010383078074667651,474.0,,926
2299,23,1,7.635240723642558,0.15270481447285117,0.331966987984459,23,1,23,23,2,0.010383078074667651,474.0,,926
2300,23,1,7.624857645567891,0.15249715291135782,0.33151554980729964,23,1,23,23,2,0.010383078074667651,474.0,,926
2301,23,1,7.6144745674932235,0.15228949134986447,0.33106411163014016,23,1,23,23,2,0.010383078074660546,474.0,,926
2302,23,1,7.604091489418555,0.1520818297883711,0.3306126734529807,23,1,23,23,2,0.010383078074667651,474.0,,926
2303,23,1,7.593708411343888,0.15187416822687777,0.33016123527582125,23,1,23,23,2,0.010383078074681862,474.0,,926
2304,23,1,7.583325333269221,0.15166650666538442,0.3297097970986618,23,1,23,23,2,0.010383078074660546,474.0,,926
2305,23,1,7.572942255194555,0.1514588451038911,0.3292583589215024,23,1,23,23,2,0.01038307807465344,474.0,,926
2306,23,1,7.562559177119888,0.15125118354239775,0.328806920744343,23,1,23,23,2,0.010383078074674756,474.0,,926
2307,23,1,7.552176099045221,0.15104352198090443,0.3283554825671834,23,1,23,23,2,0.010383078074674756,474.0,,926
2308,23,1,7.5417930209705535,0.15083586041941108,0.3279040443900241,23,1,23,23,2,0.010383078074660546,474.0,,926
2309,23,1,7.531409942895886,0.15062819885791773,0.3274526062128647,23,1,23,23,2,0.010383078074660546,474.0,,926
2310,23,1,7.52102686482122,0.1504205372964244,0.32700116803570517,23,1,23,23,2,0.010383078074674756,474.0,,926
2311,23,1,7.510643786746552,0.15021287573493106,0.32654972985854575,23,1,23,23,2,0.010383078074667651,474.0,,926
2312,23,1,7.5002607086718855,0.1500052141734377,0.3260982916813863,23,1,23,23,2,0.010383078074667651,474.0,,926
2313,23,1,7.489877630597218,0.14979755261194436,0.32564685350422684,23,1,23,23,2,0.010383078074667651,474.0,,926
2314,23,1,7.479494552522551,0.14958989105045103,0.32519541532706747,23,1,23,23,2,0.010383078074660546,474.0,,926
2315,23,1,7.469111474447885,0.1493822294889577,0.32474397714990805,23,1,23,23,2,0.010383078074674756,474.0,,926
2316,23,1,7.4587283963732185,0.14917456792746436,0.3242925389727487,23,1,23,23,2,0.010383078074667651,474.0,,926
2317,23,1,7.448345318298552,0.14896690636597104,0.3238411007955892,23,1,23,23,2,0.010383078074660546,474.0,,926
2318,23,1,7.437962240223882,0.14875924480447764,0.3233896626184297,23,1,23,23,2,0.010383078074674756,474.0,,926
2319,23,1,7.427579162149217,0.14855158324298434,0.3229382244412703,23,1,23,23,2,0.010383078074660546,474.0,,926
2320,22,1,7.419441817483195,0.1483888363496639,0.3372473553401452,22,0,22,0,2,0.008137344666025115,0.0,,926
2321,22,1,7.4092751226925495,0.14818550245385098,0.3367852328496614,22,1,22,22,2,0.010166694790626707,454.0,,863
2322,22,1,7.399108427901905,0.1479821685580381,0.33632311035917745,22,1,22,22,2,0.010166694790619601,454.0,,863
2323,22,1,7.388941733111261,0.14777883466222522,0.3358609878686936,22,1,22,22,2,0.010166694790626707,454.0,,863
2324,22,1,7.378775038320616,0.14757550076641232,0.3353988653782099,22,1,22,22,2,0.010166694790619601,454.0,,863
2325,22,1,7.368608343529972,0.14737216687059942,0.33493674288772596,22,1,22,22,2,0.010166694790626707,454.0,,863
2326,22,1,7.358441648739327,0.14716883297478656,0.33447462039724213,22,1,22,22,2,0.010166694790619601,454.0,,863
2327,22,1,7.348274953948682,0.14696549907897363,0.33401249790675824,22,1,22,22,2,0.010166694790633812,454.0,,863
2328,22,1,7.338108259158037,0.14676216518316074,0.3335503754162744,22,1,22,22,2,0.010166694790612496,454.0,,863
2329,22,1,7.327941564367392,0.14655883128734784,0.3330882529257906,22,1,22,22,2,0.010166694790633812,454.0,,863
2330,22,1,7.317774869576748,0.14635549739153497,0.33262613043530664,22,1,22,22,2,0.010166694790619601,454.0,,863
2331,22,1,7.307608174786103,0.14615216349572205,0.3321640079448228,22,1,22,22,2,0.010166694790626707,454.0,,863
2332,22,1,7.2974414799954594,0.14594882959990918,0.33170188545433904,22,1,22,22,2,0.010166694790612496,454.0,,863
2333,22,1,7.287274785204813,0.14574549570409626,0.33123976296385516,22,1,22,22,2,0.010166694790626707,454.0,,863
2334,22,1,7.27710809041417,0.1455421618082834,0.3307776404733713,22,1,22,22,2,0.010166694790619601,454.0,,863
2335,22,1,7.266941395623524,0.1453388279124705,0.33031551798288744,22,1,22,22,2,0.010166694790633812,454.0,,863
2336,22,1,7.25677470083288,0.1451354940166576,0.3298533954924036,22,1,22,22,2,0.010166694790612496,454.0,,863
2337,22,1,7.246608006042235,0.1449321601208447,0.32939127300191984,22,1,22,22,2,0.010166694790626707,454.0,,863
2338,22,1,7.23644131125159,0.1447288262250318,0.3289291505114359,22,1,22,22,2,0.010166694790619601,454.0,,863
2339,22,1,7.2262746164609455,0.1445254923292189,0.3284670280209521,22,1,22,22,2,0.010166694790626707,454.0,,863
2340,22,1,7.216107921670302,0.14432215843340604,0.3280049055304683,22,1,22,22,2,0.010166694790619601,454.0,,863
2341,22,1,7.205941226879656,0.14411882453759312,0.3275427830399844,22,1,22,22,2,0.010166694790626707,454.0,,863
2342,22,1,7.195774532089013,0.14391549064178025,0.3270806605495006,22,1,22,22,2,0.010166694790619601,454.0,,863
2343,22,1,7.185607837298367,0.14371215674596732,0.3266185380590167,22,1,22,22,2,0.010166694790626707,454.0,,863
2344,22,1,7.175441142507721,0.14350882285015443,0.32615641556853275,22,1,22,22,2,0.010166694790612496,454.0,,863
2345,22,1,7.165274447717078,0.14330548895434156,0.3256942930780489,22,1,22,22,2,0.010166694790626707,454.0,,863
2346,22,1,7.155107752926432,0.14310215505852864,0.3252321705875651,22,1,22,22,2,0.010166694790626707,454.0,,863
2347,22,1,7.144941058135787,0.14289882116271574,0.32477004809708127,22,1,22,22,2,0.010166694790633812,454.0,,863
2348,22,1,7.134774363345143,0.14269548726690284,0.3243079256065974,22,1,22,22,2,0.010166694790612496,454.0,,863
2349,22,1,7.124607668554496,0.14249215337108992,0.3238458031161135,22,1,22,22,2,0.010166694790626707,454.0,,863
2350,22,1,7.114440973763852,0.14228881947527705,0.32338368062562967,22,1,22,22,2,0.010166694790619601,454.0,,863
2351,22,1,7.104274278973207,0.14208548557946415,0.3229215581351457,22,1,22,22,2,0.010166694790633812,454.0,,863
2352,22,1,7.09410758418256,0.1418821516836512,0.3224594356446619,22,1,22,22,2,0.010166694790612496,454.0,,863
2353,22,1,7.083940889391916,0.1416788177878383,0.321997313154178,22,1,22,22,2,0.010166694790626707,454.0,,863
2354,22,1,7.07377419460127,0.1414754838920254,0.3215351906636941,22,1,22,22,2,0.010166694790619601,454.0,,863
2355,22,1,7.063607499810626,0.14127214999621251,0.32107306817321024,22,1,22,22,2,0.010166694790626707,454.0,,863
2356,22,1,7.053440805019981,0.14106881610039962,0.3206109456827264,22,1,22,22,2,0.010166694790619601,454.0,,863
2357,22,1,7.043274110229334,0.1408654822045867,0.3201488231922425,22,1,22,22,2,0.010166694790626707,454.0,,863
2358,22,1,7.03310741543869,0.1406621483087738,0.3196867007017587,22,1,22,22,2,0.010166694790619601,454.0,,863
2359,22,1,7.0229407206480445,0.1404588144129609,0.31922457821127476,22,1,22,22,2,0.010166694790626707,454.0,,863
2360,22,1,7.012774025857399,0.14025548051714798,0.31876245572079087,22,1,22,22,2,0.010166694790612496,454.0,,863
2361,22,1,7.002607331066754,0.14005214662133508,0.318300333230307,22,1,22,22,2,0.010166694790626707,454.0,,863
2362,22,1,6.9924406362761085,0.13984881272552216,0.31783821073982305,22,1,22,22,2,0.010166694790626707,454.0,,863
2363,22,1,6.982273941485462,0.13964547882970924,0.3173760882493392,22,1,22,22,2,0.010166694790626707,454.0,,863
2364,22,1,6.972107246694818,0.13944214493389637,0.31691396575885533,22,1,22,22,2,0.010166694790612496,454.0,,863
2365,22,1,6.961940551904172,0.13923881103808344,0.31645184326837145,22,1,22,22,2,0.010166694790626707,454.0,,863
2366,22,1,6.951773857113528,0.13903547714227055,0.3159897207778876,22,1,22,22,2,0.010166694790619601,454.0,,863
2367,22,1,6.941607162322882,0.13883214324645762,0.31552759828740373,22,1,22,22,2,0.010166694790640918,454.0,,863
2368,22,1,6.931440467532236,0.13862880935064473,0.31506547579691985,22,1,22,22,2,0.010166694790612496,454.0,,863
2369,22,1,6.921273772741592,0.13842547545483183,0.314603353306436,22,1,22,22,2,0.010166694790626707,454.0,,863
2370,22,1,6.911107077950946,0.1382221415590189,0.3141412308159521,22,1,22,22,2,0.010166694790619601,454.0,,863
2371,22,1,6.900940383160301,0.138018807663206,0.31367910832546825,22,1,22,22,2,0.010166694790626707,454.0,,863
2372,22,1,6.890773688369657,0.13781547376739314,0.3132169858349844,22,1,22,22,2,0.010166694790619601,454.0,,863
2373,22,1,6.88060699357901,0.13761213987158022,0.3127548633445005,22,1,22,22,2,0.010166694790626707,454.0,,863
2374,22,1,6.870440298788366,0.13740880597576732,0.31229274085401665,22,1,22,22,2,0.010166694790619601,454.0,,863
2375,22,1,6.860273603997719,0.13720547207995437,0.31183061836353276,22,1,22,22,2,0.010166694790626707,454.0,,863
2376,22,1,6.850106909207073,0.13700213818414148,0.31136849587304877,22,1,22,22,2,0.010166694790612496,454.0,,863
2377,22,1,6.839940214416429,0.13679880428832858,0.31090637338256494,22,1,22,22,2,0.010166694790626707,454.0,,863
2378,22,1,6.829773519625784,0.13659547039251568,0.31044425089208105,22,1,22,22,2,0.010166694790626707,454.0,,863
2379,22,1,6.819606824835137,0.13639213649670276,0.30998212840159717,22,1,22,22,2,0.010166694790626707,454.0,,863
2380,22,1,6.809440130044493,0.13618880260088986,0.30952000591111334,22,1,22,22,2,0.010166694790612496,454.0,,863
2381,22,1,6.7992734352538475,0.13598546870507694,0.30905788342062945,22,1,22,22,2,0.010166694790626707,454.0,,863
2382,22,1,6.789106740463202,0.13578213480926404,0.30859576093014557,22,1,22,22,2,0.010166694790619601,454.0,,863
2383,22,1,6.778940045672556,0.13557880091345112,0.30813363843966163,22,1,22,22,2,0.010166694790633812,454.0,,863
2384,22,1,6.7687733508819115,0.13537546701763822,0.3076715159491778,22,1,22,22,2,0.010166694790612496,454.0,,863
2385,22,1,6.758606656091267,0.13517213312182533,0.30720939345869397,22,1,22,22,2,0.010166694790626707,454.0,,863
2386,22,1,6.748439961300622,0.13496879922601243,0.30674727096821003,22,1,22,22,2,0.010166694790626707,454.0,,863
2387,22,1,6.738273266509976,0.13476546533019954,0.3062851484777262,22,1,22,22,2,0.010166694790626707,454.0,,863
2388,22,1,6.728106571719331,0.1345621314343866,0.30582302598724237,22,1,22,22,2,0.010166694790619601,454.0,,863
2389,22,1,6.7179398769286855,0.13435879753857372,0.3053609034967585,22,1,22,22,2,0.010166694790626707,454.0,,863
2390,22,1,6.707773182138041,0.13415546364276082,0.30489878100627466,22,1,22,22,2,0.010166694790619601,454.0,,863
2391,22,1,6.697606487347397,0.13395212974694792,0.30443665851579077,22,1,22,22,2,0.010166694790626707,454.0,,863
2392,22,1,6.687439792556751,0.13374879585113503,0.30397453602530683,22,1,22,22,2,0.010166694790612496,454.0,,863
2393,22,1,6.677273097766105,0.1335454619553221,0.303512413534823,22,1,22,22,2,0.010166694790626707,454.0,,863
2394,22,1,6.6671064029754605,0.1333421280595092,0.30305029104433906,22,1,22,22,2,0.010166694790626707,454.0,,863
2395,22,1,6.656939708184815,0.1331387941636963,0.30258816855385523,22,1,22,22,2,0.010166694790626707,454.0,,863
2396,22,1,6.646773013394171,0.13293546026788342,0.3021260460633714,22,1,22,22,2,0.010166694790612496,454.0,,863
2397,22,1,6.6366063186035245,0.1327321263720705,0.30166392357288746,22,1,22,22,2,0.010166694790626707,454.0,,863
2398,21,1,6.628304192344809,0.1325660838468962,0.3156335329688004,21,0,21,0,2,0.00830212625869109,0.0,,863
2399,21,1,6.618691033866617,0.13237382067733233,0.31517576351745785,21,1,21,21,2,0.009613158478195771,434.0,,798
2400,21,1,6.609077875388424,0.13218155750776847,0.3147179940661155,21,1,21,21,2,0.009613158478188666,434.0,,798
2401,21,1,6.599464716910231,0.1319892943382046,0.3142602246147729,21,1,21,21,2,0.00961315847818156,434.0,,798
2402,21,1,6.589851558432039,0.13179703116864078,0.3138024551634304,21,1,21,21,2,0.009613158478188666,434.0,,798
2403,21,1,6.5802383999538465,0.13160476799907694,0.31334468571208796,21,1,21,21,2,0.00961315847818156,434.0,,798
2404,21,1,6.570625241475653,0.13141250482951305,0.3128869162607454,21,1,21,21,2,0.00961315847818156,434.0,,798
2405,21,1,6.561012082997461,0.13122024165994922,0.31242914680940287,21,1,21,21,2,0.009613158478188666,434.0,,798
2406,21,1,6.551398924519268,0.13102797849038536,0.3119713773580604,21,1,21,21,2,0.00961315847818156,434.0,,798
2407,21,1,6.541785766041075,0.1308357153208215,0.31151360790671784,21,1,21,21,2,0.009613158478195771,434.0,,798
2408,21,1,6.532172607562882,0.13064345215125764,0.3110558384553754,21,1,21,21,2,0.00961315847818156,434.0,,798
2409,21,1,6.52255944908469,0.1304511889816938,0.31059806900403286,21,1,21,21,2,0.00961315847818156,434.0,,798
2410,21,1,6.512946290606497,0.13025892581212994,0.31014029955269035,21,1,21,21,2,0.009613158478188666,434.0,,798
2411,21,1,6.503333132128303,0.13006666264256606,0.3096825301013478,21,1,21,21,2,0.00961315847818156,434.0,,798
2412,21,1,6.493719973650111,0.12987439947300222,0.3092247606500053,21,1,21,21,2,0.009613158478188666,434.0,,798
2413,21,1,6.484106815171918,0.12968213630343836,0.30876699119866274,21,1,21,21,2,0.00961315847818156,434.0,,798
2414,21,1,6.474493656693726,0.12948987313387453,0.30830922174732034,21,1,21,21,2,0.00961315847818156,434.0,,798
2415,21,1,6.464880498215534,0.12929760996431067,0.30785145229597777,21,1,21,21,2,0.009613158478202877,434.0,,798
2416,21,1,6.45526733973734,0.1291053467947468,0.3073936828446353,21,1,21,21,2,0.00961315847818156,434.0,,798
2417,21,1,6.4456541812591475,0.12891308362518294,0.3069359133932926,21,1,21,21,2,0.009613158478188666,434.0,,798
2418,21,1,6.436041022780954,0.12872082045561908,0.3064781439419502,21,1,21,21,2,0.00961315847818156,434.0,,798
2419,21,1,6.426427864302762,0.12852855728605525,0.3060203744906077,21,1,21,21,2,0.00961315847818156,434.0,,798
2420,21,1,6.41681470582457,0.1283362941164914,0.3055626050392652,21,1,21,21,2,0.009613158478188666,434.0,,798
2421,21,1,6.407201547346376,0.12814403094692753,0.3051048355879227,21,1,21,21,2,0.00961315847818156,434.0,,798
2422,21,1,6.397588388868184,0.12795176777736367,0.3046470661365802,21,1,21,21,2,0.009613158478188666,434.0,,798
2423,21,1,6.387975230389991,0.1277595046077998,0.3041892966852376,21,1,21,21,2,0.009613158478188666,434.0,,798
2424,21,1,6.378362071911798,0.12756724143823597,0.3037315272338952,21,1,21,21,2,0.00961315847818156,434.0,,798
2425,21,1,6.368748913433605,0.1273749782686721,0.3032737577825526,21,1,21,21,2,0.009613158478188666,434.0,,798
2426,21,1,6.359135754955413,0.12718271509910825,0.30281598833121015,21,1,21,21,2,0.00961315847818156,434.0,,798
2427,21,1,6.34952259647722,0.1269904519295444,0.3023582188798676,21,1,21,21,2,0.009613158478188666,434.0,,798
2428,21,1,6.339909437999027,0.12679818875998053,0.30190044942852506,21,1,21,21,2,0.00961315847818156,434.0,,798
2429,21,1,6.330296279520834,0.12660592559041667,0.30144267997718255,21,1,21,21,2,0.00961315847818156,434.0,,798
2430,21,1,6.320683121042641,0.1264136624208528,0.3009849105258401,21,1,21,21,2,0.009613158478188666,434.0,,798
2431,21,1,6.311069962564449,0.12622139925128897,0.3005271410744975,21,1,21,21,2,0.009613158478188666,434.0,,798
2432,21,1,6.301456804086255,0.1260291360817251,0.3000693716231551,21,1,21,21,2,0.009613158478188666,434.0,,798
2433,21,1,6.291843645608062,0.12583687291216125,0.2996116021718125,21,1,21,21,2,0.009613158478188666,434.0,,798
2434,21,1,6.28223048712987,0.1256446097425974,0.29915383272047,21,1,21,21,2,0.00961315847818156,434.0,,798
2435,21,1,6.272617328651678,0.12545234657303356,0.2986960632691275,21,1,21,21,2,0.009613158478188666,434.0,,798
2436,21,1,6.263004170173485,0.1252600834034697,0.298238293817785,21,1,21,21,2,0.00961315847818156,434.0,,798
2437,21,1,6.253391011695292,0.12506782023390584,0.2977805243664425,21,1,21,21,2,0.00961315847818156,434.0,,798
2438,21,1,6.243777853217099,0.12487555706434199,0.2973227549151,21,1,21,21,2,0.009613158478188666,434.0,,798
2439,21,1,6.234164694738906,0.12468329389477813,0.2968649854637574,21,1,21,21,2,0.009613158478188666,434.0,,798
2440,21,1,6.224551536260715,0.1244910307252143,0.29640721601241493,21,1,21,21,2,0.009613158478188666,434.0,,798
2441,21,1,6.214938377782521,0.12429876755565042,0.29594944656107247,21,1,21,21,2,0.00961315847818156,434.0,,798
2442,21,1,6.205325219304329,0.12410650438608657,0.29549167710972996,21,1,21,21,2,0.00961315847818156,434.0,,798
2443,21,1,6.1957120608261365,0.12391424121652272,0.2950339076583874,21,1,21,21,2,0.009613158478188666,434.0,,798
2444,21,1,6.186098902347943,0.12372197804695886,0.2945761382070449,21,1,21,21,2,0.00961315847818156,434.0,,798
2445,21,1,6.17648574386975,0.123529714877395,0.2941183687557024,21,1,21,21,2,0.009613158478188666,434.0,,798
2446,21,1,6.166872585391559,0.12333745170783118,0.2936605993043599,21,1,21,21,2,0.00961315847818156,434.0,,798
2447,21,1,6.157259426913367,0.12314518853826734,0.2932028298530174,21,1,21,21,2,0.009613158478195771,434.0,,798
2448,21,1,6.147646268435173,0.12295292536870345,0.2927450604016749,21,1,21,21,2,0.009613158478188666,434.0,,798
2449,21,1,6.1380331099569805,0.12276066219913961,0.29228729095033235,21,1,21,21,2,0.00961315847818156,434.0,,798
2450,21,1,6.128419951478787,0.12256839902957575,0.29182952149898983,21,1,21,21,2,0.009613158478188666,434.0,,798
2451,21,1,6.118806793000595,0.1223761358600119,0.29137175204764737,21,1,21,21,2,0.00961315847818156,434.0,,798
2452,21,1,6.109193634522403,0.12218387269044806,0.29091398259630485,21,1,21,21,2,0.00961315847818156,434.0,,798
2453,21,1,6.099580476044209,0.12199160952088418,0.29045621314496234,21,1,21,21,2,0.009613158478188666,434.0,,798
2454,20,1,6.094311376039657,0.12188622752079313,0.30471556880198286,20,0,20,0,2,0.005269100004547056,0.0,,798
2455,20,1,6.085287921496649,0.12170575842993298,0.30426439607483247,20,1,20,20,2,0.009023454543005016,414.0,,735
2456,20,1,6.076264466953642,0.12152528933907285,0.3038132233476821,20,1,20,20,2,0.00902345454299791,414.0,,735
2457,20,1,6.067241012410635,0.1213448202482127,0.3033620506205318,20,1,20,20,2,0.009023454543005016,414.0,,735
2458,20,1,6.0582175578676285,0.12116435115735257,0.3029108778933814,20,1,20,20,2,0.009023454542990805,414.0,,735
2459,20,1,6.049194103324622,0.12098388206649244,0.3024597051662311,20,1,20,20,2,0.009023454543005016,414.0,,735
2460,20,1,6.040170648781613,0.12080341297563227,0.30200853243908066,20,1,20,20,2,0.009023454542990805,414.0,,735
2461,20,1,6.031147194238607,0.12062294388477214,0.3015573597119304,20,1,20,20,2,0.009023454543019227,414.0,,735
2462,20,1,6.0221237396955996,0.12044247479391199,0.3011061869847799,20,1,20,20,2,0.0090234545429837,414.0,,735
2463,20,1,6.013100285152591,0.12026200570305182,0.3006550142576296,20,1,20,20,2,0.009023454543005016,414.0,,735
2464,20,1,6.004076830609583,0.12008153661219166,0.3002038415304792,20,1,20,20,2,0.009023454542990805,414.0,,735
2465,20,1,5.995053376066576,0.1199010675213315,0.29975266880332885,20,1,20,20,2,0.009023454543005016,414.0,,735
2466,20,1,5.986029921523569,0.11972059843047138,0.29930149607617845,20,1,20,20,2,0.00902345454299791,414.0,,735
2467,20,1,5.977006466980561,0.11954012933961122,0.29885032334902806,20,1,20,20,2,0.009023454543005016,414.0,,735
2468,20,1,5.9679830124375535,0.11935966024875107,0.2983991506218777,20,1,20,20,2,0.009023454542990805,414.0,,735
2469,20,1,5.958959557894546,0.11917919115789091,0.29794797789472727,20,1,20,20,2,0.009023454543005016,414.0,,735
2470,20,1,5.949936103351539,0.11899872206703078,0.2974968051675769,20,1,20,20,2,0.009023454542990805,414.0,,735
2471,20,1,5.94091264880853,0.1188182529761706,0.2970456324404265,20,1,20,20,2,0.009023454543012122,414.0,,735
2472,20,1,5.931889194265523,0.11863778388531046,0.2965944597132762,20,1,20,20,2,0.009023454542990805,414.0,,735
2473,20,1,5.922865739722514,0.11845731479445028,0.2961432869861257,20,1,20,20,2,0.009023454543005016,414.0,,735
2474,20,1,5.913842285179507,0.11827684570359015,0.29569211425897535,20,1,20,20,2,0.009023454542990805,414.0,,735
2475,20,1,5.9048188306365,0.11809637661273,0.29524094153182495,20,1,20,20,2,0.009023454543005016,414.0,,735
2476,20,1,5.895795376093491,0.11791590752186983,0.2947897688046745,20,1,20,20,2,0.00902345454299791,414.0,,735
2477,20,1,5.8867719215504835,0.11773543843100967,0.29433859607752416,20,1,20,20,2,0.009023454543005016,414.0,,735
2478,20,1,5.877748467007476,0.11755496934014951,0.29388742335037377,20,1,20,20,2,0.0090234545429837,414.0,,735
2479,20,1,5.868725012464468,0.11737450024928936,0.2934362506232234,20,1,20,20,2,0.009023454543005016,414.0,,735
2480,20,1,5.85970155792146,0.1171940311584292,0.292985077896073,20,1,20,20,2,0.009023454542990805,414.0,,735
2481,20,1,5.850678103378453,0.11701356206756905,0.29253390516892264,20,1,20,20,2,0.009023454543012122,414.0,,735
2482,20,1,5.841654648835445,0.11683309297670891,0.29208273244177224,20,1,20,20,2,0.009023454542990805,414.0,,735
2483,20,1,5.832631194292437,0.11665262388584875,0.29163155971462185,20,1,20,20,2,0.009023454543005016,414.0,,735
2484,20,1,5.82360773974943,0.1164721547949886,0.2911803869874715,20,1,20,20,2,0.009023454542990805,414.0,,735
2485,20,1,5.814584285206422,0.11629168570412844,0.2907292142603211,20,1,20,20,2,0.009023454543012122,414.0,,735
2486,20,1,5.805560830663414,0.11611121661326829,0.29027804153317077,20,1,20,20,2,0.009023454542990805,414.0,,735
2487,20,1,5.796537376120407,0.11593074752240813,0.2898268688060204,20,1,20,20,2,0.009023454543005016,414.0,,735
2488,20,1,5.787513921577398,0.11575027843154796,0.2893756960788699,20,1,20,20,2,0.009023454542990805,414.0,,735
2489,20,1,5.77849046703439,0.1155698093406878,0.2889245233517196,20,1,20,20,2,0.009023454543005016,414.0,,735
2490,20,1,5.769467012491384,0.11538934024982767,0.28847335062456914,20,1,20,20,2,0.00902345454299791,414.0,,735
2491,20,1,5.760443557948375,0.1152088711589675,0.2880221778974188,20,1,20,20,2,0.009023454543005016,414.0,,735
2492,20,1,5.751420103405367,0.11502840206810734,0.28757100517026835,20,1,20,20,2,0.009023454542990805,414.0,,735
2493,20,1,5.742396648862359,0.11484793297724717,0.287119832443118,20,1,20,20,2,0.009023454543012122,414.0,,735
2494,20,1,5.733373194319353,0.11466746388638706,0.2866686597159676,20,1,20,20,2,0.0090234545429837,414.0,,735
2495,20,1,5.724349739776344,0.11448699479552689,0.2862174869888172,20,1,20,20,2,0.009023454543012122,414.0,,735
2496,20,1,5.715326285233337,0.11430652570466673,0.2857663142616668,20,1,20,20,2,0.009023454542990805,414.0,,735
2497,20,1,5.706302830690328,0.11412605661380656,0.2853151415345164,20,1,20,20,2,0.009023454543005016,414.0,,735
2498,20,1,5.697279376147322,0.11394558752294644,0.2848639688073661,20,1,20,20,2,0.009023454542990805,414.0,,735
2499,20,1,5.688255921604314,0.11376511843208627,0.28441279608021575,20,1,20,20,2,0.009023454543005016,414.0,,735
2500,20,1,5.679232467061306,0.11358464934122611,0.2839616233530654,20,1,20,20,2,0.00902345454299791,414.0,,735
2501,20,1,5.670209012518298,0.11340418025036597,0.2835104506259149,20,1,20,20,2,0.009023454543005016,414.0,,735
2502,20,1,5.6611855579752905,0.11322371115950582,0.28305927789876456,20,1,20,20,2,0.009023454542990805,414.0,,735
2503,20,1,5.652162103432284,0.11304324206864567,0.28260810517161417,20,1,20,20,2,0.009023454543005016,414.0,,735
2504,20,1,5.643138648889275,0.1128627729777855,0.2821569324444638,20,1,20,20,2,0.009023454542990805,414.0,,735
2505,20,1,5.6341151943462675,0.11268230388692535,0.2817057597173134,20,1,20,20,2,0.009023454543012122,414.0,,735
2506,20,1,5.625091739803261,0.11250183479606521,0.281254586990163,20,1,20,20,2,0.009023454542990805,414.0,,735
2507,20,1,5.616068285260252,0.11232136570520504,0.2808034142630126,20,1,20,20,2,0.009023454543005016,414.0,,735
2508,20,1,5.6070448307172445,0.11214089661434488,0.28035224153586225,20,1,20,20,2,0.009023454542990805,414.0,,735
2509,20,1,5.598021376174238,0.11196042752348476,0.2799010688087119,20,1,20,20,2,0.009023454543005016,414.0,,735
2510,20,1,5.58899792163123,0.1117799584326246,0.2794498960815615,20,1,20,20,2,0.009023454542990805,414.0,,735
2511,20,1,5.579974467088223,0.11159948934176446,0.27899872335441117,20,1,20,20,2,0.009023454543005016,414.0,,735
2512,20,1,5.570951012545215,0.11141902025090429,0.2785475506272607,20,1,20,20,2,0.009023454542990805,414.0,,735
2513,20,1,5.561927558002208,0.11123855116004416,0.2780963779001104,20,1,20,20,2,0.009023454543005016,414.0,,735
2514,20,1,5.552904103459199,0.11105808206918398,0.27764520517295993,20,1,20,20,2,0.00902345454299791,414.0,,735
2515,20,1,5.543880648916192,0.11087761297832383,0.2771940324458096,20,1,20,20,2,0.009023454543005016,414.0,,735
2516,20,1,5.534857194373184,0.11069714388746368,0.2767428597186593,20,1,20,20,2,0.009023454542990805,414.0,,735
2517,20,1,5.525833739830176,0.11051667479660353,0.2762916869915088,20,1,20,20,2,0.009023454543005016,414.0,,735
2518,19,1,5.517396044172411,0.11034792088344822,0.2903892654827585,19,0,19,0,2,0.008437695657754318,0.0,,735
2519,19,1,5.508926257886645,0.11017852515773291,0.2899434872571918,19,1,19,19,2,0.008469786285765224,394.0,,670
2520,19,1,5.500456471600876,0.11000912943201753,0.2894977090316251,19,1,19,19,2,0.00846978628577233,394.0,,670
2521,19,1,5.49198668531511,0.1098397337063022,0.2890519308060584,19,1,19,19,2,0.008469786285758119,394.0,,670
2522,19,1,5.483516899029343,0.10967033798058687,0.28860615258049177,19,1,19,19,2,0.008469786285765224,394.0,,670
2523,19,1,5.475047112743577,0.10950094225487154,0.2881603743549251,19,1,19,19,2,0.008469786285765224,394.0,,670
2524,19,1,5.466577326457809,0.10933154652915618,0.2877145961293584,19,1,19,19,2,0.008469786285765224,394.0,,670
2525,19,1,5.458107540172043,0.10916215080344087,0.2872688179037917,19,1,19,19,2,0.008469786285765224,394.0,,670
2526,19,1,5.449637753886276,0.10899275507772552,0.28682303967822503,19,1,19,19,2,0.008469786285751013,394.0,,670
2527,19,1,5.441167967600509,0.10882335935201018,0.28637726145265835,19,1,19,19,2,0.008469786285765224,394.0,,670
2528,19,1,5.43269818131474,0.10865396362629481,0.28593148322709167,19,1,19,19,2,0.008469786285765224,394.0,,670
2529,19,1,5.424228395028975,0.1084845679005795,0.28548570500152504,19,1,19,19,2,0.008469786285765224,394.0,,670
2530,19,1,5.415758608743207,0.10831517217486414,0.28503992677595824,19,1,19,19,2,0.008469786285765224,394.0,,670
2531,19,1,5.407288822457441,0.10814577644914883,0.2845941485503916,19,1,19,19,2,0.00846978628577233,394.0,,670
2532,19,1,5.398819036171674,0.10797638072343348,0.284148370324825,19,1,19,19,2,0.008469786285758119,394.0,,670
2533,19,1,5.390349249885907,0.10780698499771814,0.28370259209925824,19,1,19,19,2,0.008469786285765224,394.0,,670
2534,19,1,5.38187946360014,0.1076375892720028,0.28325681387369156,19,1,19,19,2,0.008469786285765224,394.0,,670
2535,19,1,5.373409677314374,0.10746819354628748,0.28281103564812493,19,1,19,19,2,0.008469786285765224,394.0,,670
2536,19,1,5.364939891028605,0.10729879782057211,0.2823652574225582,19,1,19,19,2,0.008469786285765224,394.0,,670
2537,19,1,5.356470104742839,0.10712940209485679,0.2819194791969915,19,1,19,19,2,0.008469786285751013,394.0,,670
2538,19,1,5.348000318457071,0.10696000636914142,0.2814737009714248,19,1,19,19,2,0.008469786285765224,394.0,,670
2539,19,1,5.339530532171306,0.10679061064342613,0.28102792274585814,19,1,19,19,2,0.008469786285765224,394.0,,670
2540,19,1,5.331060745885538,0.10662121491771076,0.28058214452029145,19,1,19,19,2,0.008469786285765224,394.0,,670
2541,19,1,5.322590959599771,0.10645181919199542,0.28013636629472477,19,1,19,19,2,0.008469786285765224,394.0,,670
2542,19,1,5.314121173314005,0.1062824234662801,0.27969058806915814,19,1,19,19,2,0.008469786285765224,394.0,,670
2543,19,1,5.305651387028238,0.10611302774056476,0.2792448098435914,19,1,19,19,2,0.008469786285765224,394.0,,670
2544,19,1,5.297181600742469,0.10594363201484938,0.2787990316180247,19,1,19,19,2,0.008469786285765224,394.0,,670
2545,19,1,5.288711814456704,0.10577423628913409,0.27835325339245814,19,1,19,19,2,0.008469786285765224,394.0,,670
2546,19,1,5.280242028170936,0.10560484056341872,0.27790747516689135,19,1,19,19,2,0.008469786285765224,394.0,,670
2547,19,1,5.271772241885169,0.10543544483770338,0.27746169694132466,19,1,19,19,2,0.008469786285758119,394.0,,670
2548,19,1,5.263302455599401,0.10526604911198803,0.277015918715758,19,1,19,19,2,0.008469786285758119,394.0,,670
2549,19,1,5.254832669313634,0.10509665338627268,0.2765701404901913,19,1,19,19,2,0.008469786285765224,394.0,,670
2550,19,1,5.246362883027867,0.10492725766055734,0.2761243622646246,19,1,19,19,2,0.008469786285765224,394.0,,670
2551,19,1,5.237893096742099,0.10475786193484199,0.2756785840390578,19,1,19,19,2,0.008469786285765224,394.0,,670
2552,19,1,5.229423310456332,0.10458846620912665,0.2752328058134912,19,1,19,19,2,0.00846978628577233,394.0,,670
2553,19,1,5.2209535241705645,0.10441907048341129,0.27478702758792445,19,1,19,19,2,0.008469786285758119,394.0,,670
2554,19,1,5.212483737884797,0.10424967475769593,0.27434124936235776,19,1,19,19,2,0.008469786285765224,394.0,,670
2555,19,1,5.20401395159903,0.1040802790319806,0.273895471136791,19,1,19,19,2,0.008469786285765224,394.0,,670
2556,19,1,5.195544165313263,0.10391088330626524,0.27344969291122434,19,1,19,19,2,0.008469786285765224,394.0,,670
2557,19,1,5.187074379027495,0.1037414875805499,0.2730039146856576,19,1,19,19,2,0.008469786285765224,394.0,,670
2558,19,1,5.178604592741728,0.10357209185483456,0.27255813646009086,19,1,19,19,2,0.008469786285751013,394.0,,670
2559,19,1,5.170134806455961,0.10340269612911922,0.27211235823452423,19,1,19,19,2,0.008469786285765224,394.0,,670
2560,19,1,5.161665020170192,0.10323330040340384,0.2716665800089575,19,1,19,19,2,0.008469786285765224,394.0,,670
2561,19,1,5.153195233884425,0.1030639046776885,0.2712208017833908,19,1,19,19,2,0.008469786285765224,394.0,,670
2562,19,1,5.144725447598658,0.10289450895197316,0.27077502355782407,19,1,19,19,2,0.008469786285765224,394.0,,670
2563,19,1,5.136255661312891,0.10272511322625782,0.2703292453322574,19,1,19,19,2,0.008469786285765224,394.0,,670
2564,19,1,5.127785875027122,0.10255571750054245,0.2698834671066907,19,1,19,19,2,0.008469786285765224,394.0,,670
2565,19,1,5.119316088741355,0.10238632177482711,0.2694376888811239,19,1,19,19,2,0.008469786285765224,394.0,,670
2566,19,1,5.110846302455588,0.10221692604911176,0.26899191065555733,19,1,19,19,2,0.008469786285765224,394.0,,670
2567,19,1,5.10237651616982,0.1020475303233964,0.26854613242999054,19,1,19,19,2,0.008469786285765224,394.0,,670
2568,19,1,5.093906729884052,0.10187813459768105,0.2681003542044238,19,1,19,19,2,0.008469786285765224,394.0,,670
2569,19,1,5.085436943598285,0.1017087388719657,0.2676545759788571,19,1,19,19,2,0.008469786285751013,394.0,,670
2570,19,1,5.076967157312518,0.10153934314625036,0.2672087977532904,19,1,19,19,2,0.008469786285765224,394.0,,670
2571,19,1,5.0684973710267505,0.10136994742053501,0.26676301952772374,19,1,19,19,2,0.008469786285765224,394.0,,670
2572,19,1,5.0600275847409835,0.10120055169481967,0.266317241302157,19,1,19,19,2,0.008469786285765224,394.0,,670
2573,19,1,5.051557798455216,0.10103115596910431,0.2658714630765903,19,1,19,19,2,0.008469786285765224,394.0,,670
2574,19,1,5.043088012169449,0.10086176024338897,0.2654256848510236,19,1,19,19,2,0.008469786285765224,394.0,,670
2575,19,1,5.034618225883681,0.10069236451767362,0.2649799066254569,19,1,19,19,2,0.008469786285765224,394.0,,670
2576,19,1,5.026148439597913,0.10052296879195825,0.2645341283998902,19,1,19,19,2,0.008469786285765224,394.0,,670
2577,19,1,5.017678653312146,0.10035357306624292,0.26408835017432347,19,1,19,19,2,0.008469786285765224,394.0,,670
2578,19,1,5.009208867026378,0.10018417734052756,0.2636425719487568,19,1,19,19,2,0.008469786285765224,394.0,,670
2579,19,1,5.000739080740612,0.10001478161481224,0.26319679372319005,19,1,19,19,2,0.008469786285751013,394.0,,670
2580,19,1,4.992269294454844,0.09984538588909687,0.26275101549762336,19,1,19,19,2,0.008469786285765224,394.0,,670
2581,19,1,4.983799508169076,0.09967599016338152,0.2623052372720566,19,1,19,19,2,0.008469786285765224,394.0,,670
2582,19,1,4.975329721883309,0.09950659443766618,0.26185945904648994,19,1,19,19,2,0.008469786285765224,394.0,,670
2583,19,1,4.966859935597542,0.09933719871195085,0.26141368082092326,19,1,19,19,2,0.008469786285765224,394.0,,670
2584,19,1,4.958390149311773,0.09916780298623547,0.2609679025953565,19,1,19,19,2,0.008469786285765224,394.0,,670
2585,19,1,4.949920363026006,0.09899840726052013,0.2605221243697898,19,1,19,19,2,0.008469786285765224,394.0,,670
2586,19,1,4.941450576740239,0.09882901153480478,0.2600763461442231,19,1,19,19,2,0.008469786285765224,394.0,,670
2587,19,1,4.932980790454472,0.09865961580908944,0.25963056791865646,19,1,19,19,2,0.008469786285765224,394.0,,670
2588,19,1,4.924511004168704,0.09849022008337409,0.2591847896930897,19,1,19,19,2,0.008469786285765224,394.0,,670
2589,19,1,4.916041217882937,0.09832082435765875,0.25873901146752304,19,1,19,19,2,0.008469786285765224,394.0,,670
2590,19,1,4.9075714315971695,0.09815142863194339,0.2582932332419563,19,1,19,19,2,0.008469786285751013,394.0,,670
2591,19,1,4.8991016453114025,0.09798203290622805,0.25784745501638956,19,1,19,19,2,0.008469786285765224,394.0,,670
2592,19,1,4.890631859025634,0.09781263718051267,0.2574016767908229,19,1,19,19,2,0.008469786285765224,394.0,,670
2593,19,1,4.882162072739868,0.09764324145479736,0.2569558985652562,19,1,19,19,2,0.008469786285765224,394.0,,670
2594,19,1,4.873692286454101,0.097473845729082,0.25651012033968945,19,1,19,19,2,0.008469786285765224,394.0,,670
2595,19,1,4.865222500168333,0.09730445000336665,0.25606434211412277,19,1,19,19,2,0.008469786285758119,394.0,,670
2596,19,1,4.856752713882566,0.09713505427765132,0.25561856388855614,19,1,19,19,2,0.00846978628577233,394.0,,670
2597,19,1,4.848282927596799,0.09696565855193598,0.25517278566298934,19,1,19,19,2,0.008469786285765224,394.0,,670
2598,19,1,4.839813141311031,0.09679626282622061,0.2547270074374227,19,1,19,19,2,0.008469786285765224,394.0,,670
2599,19,1,4.831343355025264,0.09662686710050528,0.254281229211856,19,1,19,19,2,0.008469786285765224,394.0,,670
2600,19,1,4.822873568739496,0.09645747137478992,0.2538354509862893,19,1,19,19,2,0.008469786285765224,394.0,,670
2601,19,1,4.814403782453729,0.09628807564907457,0.25338967276072255,19,1,19,19,2,0.008469786285751013,394.0,,670
2602,19,1,4.805933996167962,0.09611867992335923,0.25294389453515587,19,1,19,19,2,0.008469786285765224,394.0,,670
2603,19,1,4.797464209882195,0.0959492841976439,0.2524981163095892,19,1,19,19,2,0.008469786285765224,394.0,,670
2604,19,1,4.788994423596427,0.09577988847192855,0.2520523380840225,19,1,19,19,2,0.008469786285765224,394.0,,670
2605,19,1,4.780524637310659,0.09561049274621318,0.25160655985845576,19,1,19,19,2,0.008469786285765224,394.0,,670
2606,18,1,4.77523459807258,0.0955046919614516,0.26529081100403223,18,0,18,0,2,0.005290039238083466,0.0,,670
2607,18,1,4.767139066275903,0.09534278132551806,0.2648410592375502,18,1,18,18,2,0.008095531796669775,374.0,,619
2608,18,1,4.759043534479226,0.09518087068958453,0.26439130747106815,18,1,18,18,2,0.00809553179667688,374.0,,619
2609,18,1,4.7509480026825495,0.09501896005365099,0.2639415557045861,18,1,18,18,2,0.008095531796669775,374.0,,619
2610,18,1,4.742852470885873,0.09485704941771746,0.263491803938104,18,1,18,18,2,0.008095531796669775,374.0,,619
2611,18,1,4.734756939089196,0.09469513878178391,0.26304205217162197,18,1,18,18,2,0.00809553179667688,374.0,,619
2612,18,1,4.726661407292521,0.09453322814585041,0.26259230040514,18,1,18,18,2,0.008095531796669775,374.0,,619
2613,18,1,4.718565875495844,0.09437131750991687,0.262142548638658,18,1,18,18,2,0.008095531796669775,374.0,,619
2614,18,1,4.710470343699167,0.09420940687398334,0.26169279687217595,18,1,18,18,2,0.00809553179667688,374.0,,619
2615,18,1,4.70237481190249,0.0940474962380498,0.2612430451056939,18,1,18,18,2,0.008095531796669775,374.0,,619
2616,18,1,4.694279280105813,0.09388558560211627,0.26079329333921186,18,1,18,18,2,0.008095531796669775,374.0,,619
2617,18,1,4.686183748309137,0.09372367496618274,0.2603435415727299,18,1,18,18,2,0.00809553179667688,374.0,,619
2618,18,1,4.678088216512461,0.09356176433024922,0.2598937898062478,18,1,18,18,2,0.008095531796669775,374.0,,619
2619,18,1,4.669992684715783,0.09339985369431567,0.2594440380397658,18,1,18,18,2,0.008095531796669775,374.0,,619
2620,18,1,4.661897152919107,0.09323794305838215,0.2589942862732837,18,1,18,18,2,0.008095531796669775,374.0,,619
2621,18,1,4.6538016211224305,0.0930760324224486,0.25854453450680165,18,1,18,18,2,0.00809553179667688,374.0,,619
2622,18,1,4.645706089325754,0.09291412178651508,0.25809478274031966,18,1,18,18,2,0.008095531796669775,374.0,,619
2623,18,1,4.6376105575290785,0.09275221115058158,0.2576450309738376,18,1,18,18,2,0.00809553179667688,374.0,,619
2624,18,1,4.629515025732401,0.09259030051464802,0.2571952792073556,18,1,18,18,2,0.008095531796669775,374.0,,619
2625,18,1,4.621419493935724,0.09242838987871448,0.25674552744087353,18,1,18,18,2,0.008095531796669775,374.0,,619
2626,18,1,4.613323962139047,0.09226647924278093,0.2562957756743915,18,1,18,18,2,0.008095531796669775,374.0,,619
2627,18,1,4.60522843034237,0.0921045686068474,0.2558460239079095,18,1,18,18,2,0.00809553179667688,374.0,,619
2628,18,1,4.597132898545694,0.09194265797091389,0.2553962721414274,18,1,18,18,2,0.00809553179667688,374.0,,619
2629,18,1,4.589037366749018,0.09178074733498036,0.2549465203749455,18,1,18,18,2,0.008095531796669775,374.0,,619
2630,18,1,4.580941834952341,0.09161883669904683,0.2544967686084634,18,1,18,18,2,0.008095531796669775,374.0,,619
2631,18,1,4.572846303155664,0.09145692606311329,0.25404701684198133,18,1,18,18,2,0.008095531796669775,374.0,,619
2632,18,1,4.564750771358987,0.09129501542717974,0.2535972650754993,18,1,18,18,2,0.008095531796669775,374.0,,619
2633,18,1,4.5566552395623106,0.09113310479124621,0.25314751330901725,18,1,18,18,2,0.00809553179667688,374.0,,619
2634,18,1,4.548559707765635,0.09097119415531268,0.25269776154253526,18,1,18,18,2,0.00809553179667688,374.0,,619
2635,18,1,4.540464175968959,0.09080928351937917,0.25224800977605333,18,1,18,18,2,0.008095531796669775,374.0,,619
2636,18,1,4.532368644172282,0.09064737288344564,0.2517982580095712,18,1,18,18,2,0.00809553179666267,374.0,,619
2637,18,1,4.524273112375606,0.09048546224751211,0.25134850624308913,18,1,18,18,2,0.00809553179667688,374.0,,619
2638,18,1,4.516177580578928,0.09032355161157855,0.2508987544766071,18,1,18,18,2,0.008095531796669775,374.0,,619
2639,18,1,4.508082048782252,0.09016164097564504,0.25044900271012505,18,1,18,18,2,0.00809553179667688,374.0,,619
2640,18,1,4.499986516985574,0.08999973033971148,0.249999250943643,18,1,18,18,2,0.00809553179667688,374.0,,619
2641,18,1,4.491890985188898,0.08983781970377797,0.24954949917716102,18,1,18,18,2,0.00809553179666267,374.0,,619
2642,18,1,4.483795453392222,0.08967590906784445,0.249099747410679,18,1,18,18,2,0.008095531796669775,374.0,,619
2643,18,1,4.475699921595545,0.08951399843191091,0.24864999564419696,18,1,18,18,2,0.00809553179667688,374.0,,619
2644,18,1,4.467604389798868,0.08935208779597736,0.24820024387771492,18,1,18,18,2,0.00809553179667688,374.0,,619
2645,18,1,4.4595088580021915,0.08919017716004383,0.24775049211123287,18,1,18,18,2,0.008095531796669775,374.0,,619
2646,18,1,4.451413326205515,0.08902826652411029,0.2473007403447508,18,1,18,18,2,0.00809553179667688,374.0,,619
2647,18,1,4.443317794408839,0.08886635588817678,0.24685098857826882,18,1,18,18,2,0.00809553179666267,374.0,,619
2648,18,1,4.435222262612163,0.08870444525224325,0.24640123681178677,18,1,18,18,2,0.008095531796669775,374.0,,619
2649,18,1,4.427126730815486,0.08854253461630972,0.24595148504530476,18,1,18,18,2,0.00809553179667688,374.0,,619
2650,18,1,4.419031199018809,0.08838062398037617,0.24550173327882277,18,1,18,18,2,0.00809553179667688,374.0,,619
2651,18,1,4.410935667222133,0.08821871334444266,0.24505198151234073,18,1,18,18,2,0.008095531796669775,374.0,,619
2652,18,1,4.402840135425457,0.08805680270850914,0.24460222974585866,18,1,18,18,2,0.008095531796669775,374.0,,619
2653,18,1,4.39474460362878,0.0878948920725756,0.24415247797937661,18,1,18,18,2,0.008095531796669775,374.0,,619
2654,18,1,4.386649071832103,0.08773298143664206,0.24370272621289463,18,1,18,18,2,0.008095531796669775,374.0,,619
2655,18,1,4.378553540035427,0.08757107080070854,0.2432529744464126,18,1,18,18,2,0.00809553179667688,374.0,,619
2656,18,1,4.37045800823875,0.08740916016477501,0.24280322267993057,18,1,18,18,2,0.00809553179667688,374.0,,619
2657,18,1,4.3623624764420725,0.08724724952884146,0.24235347091344853,18,1,18,18,2,0.00809553179666267,374.0,,619
2658,18,1,4.354266944645397,0.08708533889290795,0.2419037191469665,18,1,18,18,2,0.00809553179667688,374.0,,619
2659,18,1,4.346171412848721,0.08692342825697442,0.24145396738048452,18,1,18,18,2,0.008095531796669775,374.0,,619
2660,18,1,4.338075881052045,0.0867615176210409,0.24100421561400248,18,1,18,18,2,0.00809553179667688,374.0,,619
2661,18,1,4.329980349255368,0.08659960698510735,0.24055446384752044,18,1,18,18,2,0.008095531796669775,374.0,,619
2662,18,1,4.321884817458692,0.08643769634917384,0.24010471208103837,18,1,18,18,2,0.00809553179667688,374.0,,619
2663,18,1,4.313789285662014,0.08627578571324028,0.23965496031455638,18,1,18,18,2,0.008095531796669775,374.0,,619
2664,17,1,4.308702522634344,0.08617405045268688,0.2534530895667262,17,0,17,0,2,0.005086763027662755,0.0,,619
2665,17,1,4.300901777494651,0.08601803554989303,0.2529942222055677,17,1,17,17,2,0.007800745139697085,354.0,,570
2666,17,1,4.29310103235496,0.08586202064709919,0.25253535484440937,17,1,17,17,2,0.007800745139675769,354.0,,570
2667,17,1,4.285300287215267,0.08570600574430534,0.252076487483251,17,1,17,17,2,0.007800745139675769,354.0,,570
2668,17,1,4.277499542075575,0.0855499908415115,0.25161762012209266,17,1,17,17,2,0.00780074513968998,354.0,,570
2669,17,1,4.269698796935883,0.08539397593871766,0.25115875276093425,17,1,17,17,2,0.00780074513968998,354.0,,570
2670,17,1,4.261898051796191,0.08523796103592382,0.25069988539977595,17,1,17,17,2,0.007800745139682874,354.0,,570
2671,17,1,4.254097306656499,0.08508194613312998,0.2502410180386175,17,1,17,17,2,0.007800745139668663,354.0,,570
2672,17,1,4.246296561516805,0.0849259312303361,0.24978215067745915,17,1,17,17,2,0.00780074513968998,354.0,,570
2673,17,1,4.238495816377113,0.08476991632754226,0.24932328331630077,17,1,17,17,2,0.007800745139682874,354.0,,570
2674,17,1,4.230695071237421,0.08461390142474842,0.24886441595514242,17,1,17,17,2,0.00780074513968998,354.0,,570
2675,17,1,4.222894326097729,0.08445788652195459,0.2484055485939841,17,1,17,17,2,0.007800745139668663,354.0,,570
2676,17,1,4.215093580958037,0.08430187161916074,0.2479466812328257,17,1,17,17,2,0.00780074513968998,354.0,,570
2677,17,1,4.207292835818344,0.08414585671636689,0.2474878138716673,17,1,17,17,2,0.00780074513968998,354.0,,570
2678,17,1,4.1994920906786515,0.08398984181357302,0.2470289465105089,17,1,17,17,2,0.007800745139668663,354.0,,570
2679,17,1,4.19169134553896,0.08383382691077919,0.24657007914935059,17,1,17,17,2,0.00780074513968998,354.0,,570
2680,17,1,4.183890600399267,0.08367781200798534,0.24611121178819217,17,1,17,17,2,0.007800745139682874,354.0,,570
2681,17,1,4.176089855259575,0.0835217971051915,0.24565234442703385,17,1,17,17,2,0.00780074513968998,354.0,,570
2682,17,1,4.168289110119883,0.08336578220239765,0.24519347706587546,17,1,17,17,2,0.007800745139668663,354.0,,570
2683,17,1,4.160488364980191,0.08320976729960382,0.2447346097047171,17,1,17,17,2,0.007800745139682874,354.0,,570
2684,17,1,4.152687619840498,0.08305375239680997,0.24427574234355873,17,1,17,17,2,0.007800745139697085,354.0,,570
2685,17,1,4.144886874700806,0.08289773749401612,0.24381687498240034,17,1,17,17,2,0.007800745139675769,354.0,,570
2686,17,1,4.137086129561114,0.08274172259122228,0.243358007621242,17,1,17,17,2,0.007800745139682874,354.0,,570
2687,17,1,4.129285384421421,0.08258570768842842,0.24289914026008366,17,1,17,17,2,0.007800745139675769,354.0,,570
2688,17,1,4.1214846392817295,0.08242969278563458,0.24244027289892525,17,1,17,17,2,0.007800745139697085,354.0,,570
2689,17,1,4.113683894142038,0.08227367788284075,0.24198140553776692,17,1,17,17,2,0.007800745139675769,354.0,,570
2690,17,1,4.105883149002346,0.08211766298004691,0.2415225381766086,17,1,17,17,2,0.007800745139682874,354.0,,570
2691,17,1,4.098082403862652,0.08196164807725305,0.2410636708154502,17,1,17,17,2,0.007800745139675769,354.0,,570
2692,17,1,4.090281658722961,0.08180563317445921,0.2406048034542918,17,1,17,17,2,0.007800745139682874,354.0,,570
2693,17,1,4.082480913583269,0.08164961827166538,0.24014593609313342,17,1,17,17,2,0.007800745139697085,354.0,,570
2694,17,1,4.074680168443576,0.08149360336887153,0.23968706873197507,17,1,17,17,2,0.007800745139675769,354.0,,570
2695,17,1,4.0668794233038845,0.08133758846607769,0.23922820137081674,17,1,17,17,2,0.007800745139682874,354.0,,570
2696,16,1,4.0602879684510125,0.08120575936902025,0.2537679980281883,16,0,16,0,2,0.006591454852859613,0.0,,570
2697,16,1,4.053195681503384,0.08106391363006768,0.25332473009396145,16,1,16,16,2,0.007092286947624871,334.0,,515
2698,16,1,4.046103394555755,0.0809220678911151,0.2528814621597347,16,1,16,16,2,0.007092286947624871,334.0,,515
2699,16,1,4.039011107608127,0.08078022215216255,0.25243819422550795,16,1,16,16,2,0.007092286947624871,334.0,,515
2700,16,1,4.031918820660498,0.08063837641320996,0.2519949262912812,16,1,16,16,2,0.007092286947624871,334.0,,515
2701,16,1,4.0248265337128695,0.08049653067425738,0.25155165835705434,16,1,16,16,2,0.007092286947624871,334.0,,515
2702,16,1,4.017734246765242,0.08035468493530484,0.25110839042282757,16,1,16,16,2,0.007092286947624871,334.0,,515
2703,16,1,4.010641959817613,0.08021283919635225,0.25066512248860073,16,1,16,16,2,0.007092286947631976,334.0,,515
2704,16,1,4.003549672869984,0.08007099345739968,0.25022185455437396,16,1,16,16,2,0.007092286947624871,334.0,,515
2705,16,1,3.996457385922355,0.0799291477184471,0.2497785866201472,16,1,16,16,2,0.007092286947624871,334.0,,515
2706,16,1,3.989365098974727,0.07978730197949453,0.24933531868592043,16,1,16,16,2,0.007092286947631976,334.0,,515
2707,16,1,3.982272812027098,0.07964545624054196,0.24889205075169363,16,1,16,16,2,0.007092286947617765,334.0,,515
2708,16,1,3.9751805250794696,0.0795036105015894,0.24844878281746685,16,1,16,16,2,0.007092286947631976,334.0,,515
2709,16,1,3.9680882381318408,0.07936176476263682,0.24800551488324005,16,1,16,16,2,0.007092286947617765,334.0,,515
2710,16,1,3.9609959511842123,0.07921991902368425,0.24756224694901324,16,1,16,16,2,0.007092286947624871,334.0,,515
2711,16,1,3.953903664236584,0.07907807328473168,0.24711897901478647,16,1,16,16,2,0.007092286947631976,334.0,,515
2712,16,1,3.9468113772889555,0.07893622754577911,0.24667571108055972,16,1,16,16,2,0.007092286947617765,334.0,,515
2713,16,1,3.939719090341327,0.07879438180682655,0.2462324431463329,16,1,16,16,2,0.007092286947631976,334.0,,515
2714,15,1,3.93288763484415,0.07865775269688301,0.26219250898961005,16,1,16,15,2,0.006831455497163574,334.0,,515
2715,15,1,3.92620908767405,0.078524181753481,0.26174727251160335,15,1,15,15,2,0.00667854717011096,314.0,,470
2716,15,1,3.91953054050395,0.078390610810079,0.26130203603359664,15,1,15,15,2,0.006678547170096749,314.0,,470
2717,15,1,3.91285199333385,0.07825703986667701,0.26085679955559,15,1,15,15,2,0.006678547170103855,314.0,,470
2718,15,1,3.90617344616375,0.078123468923275,0.26041156307758334,15,1,15,15,2,0.006678547170096749,314.0,,470
2719,15,1,3.899494898993649,0.07798989797987298,0.2599663265995766,15,1,15,15,2,0.00667854717011096,314.0,,470
2720,15,1,3.8928163518235492,0.07785632703647098,0.25952109012156993,15,1,15,15,2,0.006678547170096749,314.0,,470
2721,15,1,3.8861378046534494,0.07772275609306899,0.2590758536435632,15,1,15,15,2,0.006678547170103855,314.0,,470
2722,15,1,3.8794592574833495,0.07758918514966699,0.25863061716555663,15,1,15,15,2,0.006678547170103855,314.0,,470
2723,15,1,3.872780710313249,0.07745561420626498,0.2581853806875499,15,1,15,15,2,0.006678547170103855,314.0,,470
2724,15,1,3.866102163143149,0.07732204326286297,0.2577401442095433,15,1,15,15,2,0.006678547170096749,314.0,,470
2725,15,1,3.859423615973049,0.07718847231946098,0.2572949077315366,15,1,15,15,2,0.00667854717011096,314.0,,470
2726,15,1,3.8527450688029488,0.07705490137605897,0.2568496712535299,15,1,15,15,2,0.006678547170096749,314.0,,470
2727,15,1,3.846066521632849,0.07692133043265698,0.2564044347755232,15,1,15,15,2,0.006678547170103855,314.0,,470
2728,15,1,3.8393879744627486,0.07678775948925497,0.25595919829751657,15,1,15,15,2,0.006678547170103855,314.0,,470
2729,15,1,3.8327094272926487,0.07665418854585297,0.2555139618195099,15,1,15,15,2,0.006678547170103855,314.0,,470
2730,15,1,3.826030880122549,0.07652061760245098,0.25506872534150327,15,1,15,15,2,0.006678547170096749,314.0,,470
2731,15,1,3.8193523329524486,0.07638704665904897,0.25462348886349656,15,1,15,15,2,0.006678547170103855,314.0,,470
2732,15,1,3.8126737857823487,0.07625347571564697,0.2541782523854899,15,1,15,15,2,0.006678547170103855,314.0,,470
2733,15,1,3.8059952386122484,0.07611990477224496,0.2537330159074832,15,1,15,15,2,0.006678547170103855,314.0,,470
2734,15,1,3.799316691442148,0.07598633382884296,0.25328777942947656,15,1,15,15,2,0.006678547170089644,314.0,,470
2735,15,1,3.792638144272048,0.07585276288544096,0.25284254295146985,15,1,15,15,2,0.00667854717011096,314.0,,470
2736,15,1,3.7859595971019475,0.07571919194203895,0.25239730647346315,15,1,15,15,2,0.006678547170096749,314.0,,470
2737,15,1,3.779281049931848,0.07558562099863696,0.2519520699954565,15,1,15,15,2,0.006678547170103855,314.0,,470
2738,15,1,3.7726025027617482,0.07545205005523496,0.25150683351744985,15,1,15,15,2,0.006678547170103855,314.0,,470
2739,15,1,3.7659239555916475,0.07531847911183295,0.25106159703944314,15,1,15,15,2,0.006678547170103855,314.0,,470
2740,15,1,3.7592454084215476,0.07518490816843096,0.2506163605614365,15,1,15,15,2,0.006678547170096749,314.0,,470
2741,15,1,3.752566861251447,0.07505133722502894,0.2501711240834298,15,1,15,15,2,0.00667854717011096,314.0,,470
2742,15,1,3.745888314081346,0.07491776628162693,0.24972588760542308,15,1,15,15,2,0.006678547170096749,314.0,,470
2743,15,1,3.739209766911246,0.07478419533822492,0.24928065112741635,15,1,15,15,2,0.006678547170103855,314.0,,470
2744,15,1,3.732531219741145,0.0746506243948229,0.24883541464940967,15,1,15,15,2,0.006678547170103855,314.0,,470
2745,15,1,3.7258526725710444,0.07451705345142089,0.248390178171403,15,1,15,15,2,0.006678547170103855,314.0,,470
2746,15,1,3.7191741254009445,0.07438348250801889,0.24794494169339626,15,1,15,15,2,0.006678547170096749,314.0,,470
2747,15,1,3.7124955782308433,0.07424991156461687,0.24749970521538955,15,1,15,15,2,0.006678547170103855,314.0,,470
2748,15,1,3.705817031060743,0.07411634062121486,0.24705446873738293,15,1,15,15,2,0.006678547170103855,314.0,,470
2749,15,1,3.699138483890643,0.07398276967781287,0.2466092322593762,15,1,15,15,2,0.006678547170103855,314.0,,470
2750,15,1,3.6924599367205424,0.07384919873441084,0.24616399578136952,15,1,15,15,2,0.006678547170096749,314.0,,470
2751,15,1,3.685781389550441,0.07371562779100882,0.24571875930336276,15,1,15,15,2,0.00667854717011096,314.0,,470
2752,15,1,3.6791028423803414,0.07358205684760682,0.24527352282535608,15,1,15,15,2,0.006678547170096749,314.0,,470
2753,15,1,3.6724242952102406,0.07344848590420482,0.24482828634734935,15,1,15,15,2,0.006678547170103855,314.0,,470
2754,15,1,3.6657457480401403,0.07331491496080281,0.24438304986934264,15,1,15,15,2,0.006678547170103855,314.0,,470
2755,15,1,3.6590672008700396,0.07318134401740078,0.24393781339133594,15,1,15,15,2,0.006678547170103855,314.0,,470
2756,15,1,3.652388653699939,0.07304777307399878,0.2434925769133293,15,1,15,15,2,0.006678547170096749,314.0,,470
2757,15,1,3.6457101065298385,0.07291420213059677,0.24304734043532256,15,1,15,15,2,0.00667854717011096,314.0,,470
2758,15,1,3.639031559359738,0.07278063118719476,0.24260210395731588,15,1,15,15,2,0.006678547170096749,314.0,,470
2759,15,1,3.6323530121896375,0.07264706024379275,0.24215686747930917,15,1,15,15,2,0.006678547170103855,314.0,,470
2760,15,1,3.625674465019537,0.07251348930039074,0.24171163100130247,15,1,15,15,2,0.006678547170103855,314.0,,470
2761,15,1,3.618995917849437,0.07237991835698873,0.2412663945232958,15,1,15,15,2,0.006678547170103855,314.0,,470
2762,15,1,3.612317370679336,0.07224634741358672,0.24082115804528909,15,1,15,15,2,0.006678547170096749,314.0,,470
2763,15,1,3.605638823509236,0.07211277647018471,0.24037592156728235,15,1,15,15,2,0.00667854717011096,314.0,,470
2764,15,1,3.598960276339135,0.0719792055267827,0.23993068508927567,15,1,15,15,2,0.006678547170096749,314.0,,470
2765,15,1,3.5922817291690348,0.0718456345833807,0.239485448611269,15,1,15,15,2,0.006678547170103855,314.0,,470
2766,15,1,3.585603181998934,0.07171206363997867,0.2390402121332623,15,1,15,15,2,0.006678547170089644,314.0,,470
2767,15,1,3.5789246348288333,0.07157849269657666,0.23859497565525553,15,1,15,15,2,0.00667854717011096,314.0,,470
2768,15,1,3.572246087658733,0.07144492175317466,0.23814973917724885,15,1,15,15,2,0.006678547170096749,314.0,,470
2769,15,1,3.5655675404886327,0.07131135080977265,0.23770450269924215,15,1,15,15,2,0.006678547170103855,314.0,,470
2770,15,1,3.558888993318532,0.07117777986637064,0.2372592662212355,15,1,15,15,2,0.006678547170103855,314.0,,470
2771,15,1,3.5522104461484316,0.07104420892296863,0.23681402974322874,15,1,15,15,2,0.006678547170103855,314.0,,470
2772,15,1,3.5455318989783313,0.07091063797956662,0.2363687932652221,15,1,15,15,2,0.006678547170096749,314.0,,470
2773,15,1,3.5388533518082306,0.07077706703616461,0.23592355678721538,15,1,15,15,2,0.00667854717011096,314.0,,470
2774,15,1,3.53217480463813,0.0706434960927626,0.23547832030920865,15,1,15,15,2,0.006678547170096749,314.0,,470
2775,15,1,3.5254962574680295,0.0705099251493606,0.23503308383120194,15,1,15,15,2,0.006678547170103855,314.0,,470
2776,15,1,3.518817710297929,0.07037635420595857,0.23458784735319524,15,1,15,15,2,0.006678547170103855,314.0,,470
2777,15,1,3.512139163127828,0.07024278326255656,0.23414261087518856,15,1,15,15,2,0.006678547170103855,314.0,,470
2778,15,1,3.505460615957728,0.07010921231915457,0.23369737439718186,15,1,15,15,2,0.006678547170096749,314.0,,470
2779,15,1,3.498782068787627,0.06997564137575255,0.23325213791917512,15,1,15,15,2,0.00667854717011096,314.0,,470
2780,15,1,3.4921035216175267,0.06984207043235054,0.2328069014411685,15,1,15,15,2,0.006678547170096749,314.0,,470
2781,15,1,3.485424974447427,0.06970849948894854,0.23236166496316177,15,1,15,15,2,0.006678547170103855,314.0,,470
2782,15,1,3.478746427277326,0.06957492854554652,0.2319164284851551,15,1,15,15,2,0.006678547170096749,314.0,,470
2783,15,1,3.472067880107225,0.0694413576021445,0.23147119200714833,15,1,15,15,2,0.00667854717011096,314.0,,470
2784,15,1,3.465389332937125,0.0693077866587425,0.23102595552914168,15,1,15,15,2,0.006678547170096749,314.0,,470
2785,15,1,3.4587107857670243,0.06917421571534049,0.23058071905113495,15,1,15,15,2,0.006678547170103855,314.0,,470
2786,15,1,3.452032238596924,0.06904064477193848,0.23013548257312827,15,1,15,15,2,0.006678547170103855,314.0,,470
2787,15,1,3.4453536914268232,0.06890707382853646,0.2296902460951215,15,1,15,15,2,0.006678547170103855,314.0,,470
2788,15,1,3.4386751442567225,0.06877350288513445,0.22924500961711486,15,1,15,15,2,0.006678547170096749,314.0,,470
2789,15,1,3.431996597086622,0.06863993194173244,0.22879977313910815,15,1,15,15,2,0.00667854717011096,314.0,,470
2790,15,1,3.4253180499165214,0.06850636099833043,0.22835453666110142,15,1,15,15,2,0.006678547170096749,314.0,,470
2791,15,1,3.418639502746421,0.06837279005492843,0.22790930018309474,15,1,15,15,2,0.006678547170103855,314.0,,470
2792,15,1,3.411960955576321,0.06823921911152642,0.22746406370508807,15,1,15,15,2,0.006678547170103855,314.0,,470
2793,15,1,3.4052824084062205,0.06810564816812441,0.22701882722708136,15,1,15,15,2,0.006678547170103855,314.0,,470
2794,15,1,3.39860386123612,0.0679720772247224,0.22657359074907465,15,1,15,15,2,0.006678547170096749,314.0,,470
2795,15,1,3.3919253140660195,0.06783850628132039,0.22612835427106795,15,1,15,15,2,0.006678547170103855,314.0,,470
2796,15,1,3.3852467668959187,0.06770493533791838,0.22568311779306124,15,1,15,15,2,0.006678547170103855,314.0,,470
2797,15,1,3.3785682197258184,0.06757136439451637,0.22523788131505454,15,1,15,15,2,0.006678547170103855,314.0,,470
2798,15,1,3.3718896725557177,0.06743779345111435,0.2247926448370479,15,1,15,15,2,0.006678547170089644,314.0,,470
2799,15,1,3.365211125385617,0.06730422250771234,0.22434740835904113,15,1,15,15,2,0.00667854717011096,314.0,,470
2800,15,1,3.358532578215517,0.06717065156431035,0.22390217188103448,15,1,15,15,2,0.006678547170096749,314.0,,470
2801,15,1,3.351854031045417,0.06703708062090834,0.22345693540302777,15,1,15,15,2,0.006678547170103855,314.0,,470
2802,15,1,3.3451754838753165,0.06690350967750633,0.22301169892502112,15,1,15,15,2,0.006678547170103855,314.0,,470
2803,15,1,3.338496936705216,0.06676993873410432,0.2225664624470144,15,1,15,15,2,0.006678547170103855,314.0,,470
2804,15,1,3.3318183895351154,0.06663636779070231,0.22212122596900769,15,1,15,15,2,0.006678547170096749,314.0,,470
2805,15,1,3.325139842365015,0.0665027968473003,0.22167598949100098,15,1,15,15,2,0.00667854717011096,314.0,,470
2806,15,1,3.3184612951949144,0.0663692259038983,0.2212307530129943,15,1,15,15,2,0.006678547170096749,314.0,,470
2807,15,1,3.311782748024814,0.06623565496049628,0.22078551653498757,15,1,15,15,2,0.006678547170103855,314.0,,470
2808,15,1,3.305104200854714,0.06610208401709428,0.2203402800569809,15,1,15,15,2,0.006678547170103855,314.0,,470
2809,15,1,3.2984256536846135,0.06596851307369227,0.21989504357897421,15,1,15,15,2,0.006678547170103855,314.0,,470
2810,15,1,3.2917471065145123,0.06583494213029024,0.21944980710096748,15,1,15,15,2,0.006678547170096749,314.0,,470
2811,15,1,3.285068559344412,0.06570137118688824,0.2190045706229608,15,1,15,15,2,0.006678547170103855,314.0,,470
2812,15,1,3.278390012174312,0.06556780024348624,0.21855933414495415,15,1,15,15,2,0.006678547170103855,314.0,,470
2813,15,1,3.2717114650042114,0.06543422930008423,0.21811409766694742,15,1,15,15,2,0.006678547170103855,314.0,,470
2814,15,1,3.2650329178341115,0.06530065835668224,0.21766886118894074,15,1,15,15,2,0.006678547170096749,314.0,,470
2815,14,1,3.2603664051969474,0.06520732810393895,0.23288331465692483,14,0,14,0,2,0.004666512637172104,0.0,,470
2816,14,1,3.2540869052131662,0.06508173810426332,0.23243477894379758,14,1,14,14,2,0.00627949998378341,294.0,,423
2817,14,1,3.247807405229384,0.06495614810458768,0.23198624323067032,14,1,14,14,2,0.006279499983769199,294.0,,423
2818,14,1,3.2415279052456034,0.06483055810491206,0.2315377075175431,14,1,14,14,2,0.0062794999837620935,294.0,,423
2819,14,1,3.2352484052618213,0.06470496810523643,0.23108917180441582,14,1,14,14,2,0.006279499983790515,294.0,,423
2820,14,1,3.2289689052780406,0.06457937810556082,0.23064063609128865,14,1,14,14,2,0.006279499983776304,294.0,,423
2821,14,1,3.222689405294259,0.06445378810588517,0.23019210037816132,14,1,14,14,2,0.006279499983769199,294.0,,423
2822,14,1,3.2164099053104778,0.06432819810620956,0.2297435646650341,14,1,14,14,2,0.006279499983769199,294.0,,423
2823,14,1,3.2101304053266957,0.06420260810653391,0.22929502895190684,14,1,14,14,2,0.006279499983776304,294.0,,423
2824,14,1,3.2038509053429145,0.06407701810685829,0.22884649323877965,14,1,14,14,2,0.00627949998378341,294.0,,423
2825,14,1,3.1975714053591324,0.06395142810718264,0.2283979575256523,14,1,14,14,2,0.006279499983776304,294.0,,423
2826,14,1,3.1912919053753517,0.06382583810750703,0.22794942181252512,14,1,14,14,2,0.006279499983769199,294.0,,423
2827,14,1,3.18501240539157,0.0637002481078314,0.2275008860993979,14,1,14,14,2,0.006279499983776304,294.0,,423
2828,14,1,3.178732905407789,0.06357465810815578,0.22705235038627067,14,1,14,14,2,0.006279499983776304,294.0,,423
2829,14,1,3.1724534054240072,0.06344906810848014,0.22660381467314333,14,1,14,14,2,0.006279499983769199,294.0,,423
2830,14,1,3.166173905440226,0.06332347810880452,0.2261552789600161,14,1,14,14,2,0.00627949998378341,294.0,,423
2831,14,1,3.159894405456444,0.06319788810912888,0.22570674324688886,14,1,14,14,2,0.006279499983776304,294.0,,423
2832,14,1,3.1536149054726628,0.06307229810945325,0.22525820753376163,14,1,14,14,2,0.006279499983776304,294.0,,423
2833,14,1,3.1473354054888807,0.06294670810977761,0.22480967182063433,14,1,14,14,2,0.006279499983769199,294.0,,423
2834,14,1,3.1410559055051004,0.062821118110102,0.22436113610750713,14,1,14,14,2,0.006279499983769199,294.0,,423
2835,14,1,3.1347764055213183,0.06269552811042636,0.22391260039437988,14,1,14,14,2,0.006279499983790515,294.0,,423
2836,14,1,3.1284969055375367,0.06256993811075073,0.22346406468125268,14,1,14,14,2,0.006279499983769199,294.0,,423
2837,14,1,3.1222174055537555,0.06244434811107511,0.22301552896812532,14,1,14,14,2,0.006279499983769199,294.0,,423
2838,14,1,3.115937905569974,0.062318758111399475,0.22256699325499812,14,1,14,14,2,0.006279499983776304,294.0,,423
2839,14,1,3.109658405586192,0.062193168111723846,0.22211845754187085,14,1,14,14,2,0.006279499983776304,294.0,,423
2840,14,1,3.1033789056024106,0.06206757811204821,0.22166992182874365,14,1,14,14,2,0.00627949998378341,294.0,,423
2841,14,1,3.0970994056186294,0.06194198811237259,0.2212213861156164,14,1,14,14,2,0.006279499983769199,294.0,,423
2842,14,1,3.090819905634848,0.061816398112696964,0.22077285040248915,14,1,14,14,2,0.006279499983769199,294.0,,423
2843,14,1,3.084540405651066,0.06169080811302132,0.2203243146893619,14,1,14,14,2,0.00627949998378341,294.0,,423
2844,14,1,3.078260905667285,0.0615652181133457,0.21987577897623464,14,1,14,14,2,0.006279499983776304,294.0,,423
2845,14,1,3.0719814056835033,0.06143962811367007,0.2194272432631074,14,1,14,14,2,0.006279499983769199,294.0,,423
2846,14,1,3.065701905699722,0.06131403811399444,0.21897870754998014,14,1,14,14,2,0.006279499983776304,294.0,,423
2847,14,1,3.05942240571594,0.061188448114318804,0.2185301718368529,14,1,14,14,2,0.006279499983776304,294.0,,423
2848,14,1,3.053142905732159,0.061062858114643175,0.21808163612372566,14,1,14,14,2,0.00627949998378341,294.0,,423
2849,14,1,3.0468634057483777,0.06093726811496755,0.2176331004105984,14,1,14,14,2,0.006279499983769199,294.0,,423
2850,14,1,3.0405839057645965,0.06081167811529193,0.2171845646974712,14,1,14,14,2,0.0062794999837620935,294.0,,423
2851,14,1,3.0343044057808144,0.060686088115616287,0.21673602898434388,14,1,14,14,2,0.00627949998378341,294.0,,423
2852,14,1,3.028024905797033,0.060560498115940664,0.21628749327121666,14,1,14,14,2,0.00627949998378341,294.0,,423
2853,14,1,3.0217454058132516,0.060434908116265035,0.21583895755808938,14,1,14,14,2,0.006279499983769199,294.0,,423
2854,14,1,3.01546590582947,0.0603093181165894,0.21539042184496213,14,1,14,14,2,0.006279499983776304,294.0,,423
2855,14,1,3.0091864058456887,0.060183728116913776,0.21494188613183488,14,1,14,14,2,0.006279499983769199,294.0,,423
2856,14,1,3.0029069058619076,0.060058138117238154,0.2144933504187077,14,1,14,14,2,0.00627949998378341,294.0,,423
2857,14,1,2.996627405878126,0.05993254811756252,0.2140448147055804,14,1,14,14,2,0.006279499983776304,294.0,,423
2858,14,1,2.9903479058943447,0.059806958117886895,0.21359627899245318,14,1,14,14,2,0.006279499983769199,294.0,,423
2859,14,1,2.9840684059105627,0.05968136811821125,0.2131477432793259,14,1,14,14,2,0.00627949998378341,294.0,,423
2860,14,1,2.9777889059267815,0.05955577811853563,0.2126992075661987,14,1,14,14,2,0.006279499983769199,294.0,,423
2861,14,1,2.9715094059430003,0.05943018811886001,0.2122506718530714,14,1,14,14,2,0.006279499983769199,294.0,,423
2862,14,1,2.965229905959218,0.059304598119184364,0.2118021361399442,14,1,14,14,2,0.00627949998378341,294.0,,423
2863,14,1,2.958950405975437,0.05917900811950874,0.21135360042681692,14,1,14,14,2,0.006279499983776304,294.0,,423
2864,14,1,2.952670905991656,0.05905341811983312,0.21090506471368972,14,1,14,14,2,0.006279499983776304,294.0,,423
2865,14,1,2.946391406007874,0.05892782812015748,0.21045652900056241,14,1,14,14,2,0.006279499983769199,294.0,,423
2866,14,1,2.940111906024093,0.05880223812048186,0.21000799328743522,14,1,14,14,2,0.006279499983769199,294.0,,423
2867,14,1,2.9338324060403114,0.058676648120806224,0.20955945757430797,14,1,14,14,2,0.00627949998378341,294.0,,423
2868,14,1,2.92755290605653,0.0585510581211306,0.20911092186118072,14,1,14,14,2,0.00627949998378341,294.0,,423
2869,14,1,2.9212734060727485,0.05842546812145497,0.20866238614805346,14,1,14,14,2,0.0062794999837620935,294.0,,423
2870,14,1,2.914993906088968,0.05829987812177936,0.20821385043492627,14,1,14,14,2,0.006279499983776304,294.0,,423
2871,14,1,2.9087144061051857,0.058174288122103714,0.20776531472179902,14,1,14,14,2,0.006279499983776304,294.0,,423
2872,14,1,2.9024349061214045,0.05804869812242809,0.2073167790086718,14,1,14,14,2,0.00627949998378341,294.0,,423
2873,14,1,2.8961554061376233,0.05792310812275247,0.2068682432955445,14,1,14,14,2,0.006279499983776304,294.0,,423
2874,14,1,2.889875906153842,0.057797518123076846,0.2064197075824173,14,1,14,14,2,0.0062794999837620935,294.0,,423
2875,14,1,2.88359640617006,0.0576719281234012,0.20597117186929004,14,1,14,14,2,0.00627949998378341,294.0,,423
2876,14,1,2.8773169061862793,0.05754633812372559,0.20552263615616284,14,1,14,14,2,0.006279499983776304,294.0,,423
2877,14,1,2.871037406202498,0.057420748124049965,0.20507410044303556,14,1,14,14,2,0.006279499983769199,294.0,,423
2878,14,1,2.864757906218717,0.057295158124374336,0.2046255647299083,14,1,14,14,2,0.006279499983776304,294.0,,423
2879,14,1,2.858478406234935,0.0571695681246987,0.20417702901678106,14,1,14,14,2,0.006279499983776304,294.0,,423
2880,14,1,2.8521989062511537,0.05704397812502307,0.20372849330365386,14,1,14,14,2,0.00627949998378341,294.0,,423
2881,14,1,2.845919406267372,0.05691838812534744,0.20327995759052658,14,1,14,14,2,0.006279499983769199,294.0,,423
2882,14,1,2.8396399062835904,0.05679279812567181,0.20283142187739936,14,1,14,14,2,0.006279499983769199,294.0,,423
2883,13,1,2.8333812876888187,0.056667625753776374,0.2179524067452938,14,0,14,0,2,0.006258618594777943,0.0,,423
2884,13,1,2.8276310904883246,0.056552621809766494,0.21751008388371723,13,1,13,13,2,0.005750197200484308,274.0,,382
2885,13,1,2.8218808932878297,0.056437617865756594,0.2170677610221408,13,1,13,13,2,0.005750197200484308,274.0,,382
2886,13,1,2.8161306960873356,0.056322613921746714,0.2166254381605643,13,1,13,13,2,0.0057501972005056246,274.0,,382
2887,13,1,2.810380498886841,0.05620760997773682,0.21618311529898776,13,1,13,13,2,0.005750197200491414,274.0,,382
2888,13,1,2.804630301686347,0.05609260603372694,0.21574079243741132,13,1,13,13,2,0.005750197200484308,274.0,,382
2889,13,1,2.7988801044858524,0.05597760208971705,0.21529846957583482,13,1,13,13,2,0.005750197200484308,274.0,,382
2890,13,1,2.7931299072853584,0.05586259814570717,0.2148561467142583,13,1,13,13,2,0.005750197200498519,274.0,,382
2891,13,1,2.787379710084864,0.055747594201697274,0.21441382385268185,13,1,13,13,2,0.005750197200491414,274.0,,382
2892,13,1,2.7816295128843693,0.05563259025768739,0.21397150099110535,13,1,13,13,2,0.005750197200484308,274.0,,382
2893,13,1,2.775879315683875,0.055517586313677494,0.21352917812952882,13,1,13,13,2,0.005750197200491414,274.0,,382
2894,13,1,2.7701291184833803,0.05540258236966761,0.21308685526795237,13,1,13,13,2,0.005750197200491414,274.0,,382
2895,13,1,2.764378921282886,0.05528757842565772,0.21264453240637587,13,1,13,13,2,0.005750197200491414,274.0,,382
2896,13,1,2.7586287240823917,0.055172574481647835,0.21220220954479935,13,1,13,13,2,0.005750197200484308,274.0,,382
2897,13,1,2.752878526881897,0.05505757053763794,0.21175988668322282,13,1,13,13,2,0.005750197200491414,274.0,,382
2898,13,1,2.7471283296814026,0.054942566593628055,0.21131756382164635,13,1,13,13,2,0.005750197200491414,274.0,,382
2899,13,1,2.741378132480908,0.05482756264961816,0.21087524096006988,13,1,13,13,2,0.005750197200498519,274.0,,382
2900,13,1,2.735627935280414,0.05471255870560828,0.21043291809849335,13,1,13,13,2,0.005750197200484308,274.0,,382
2901,13,1,2.7298777380799195,0.05459755476159839,0.20999059523691688,13,1,13,13,2,0.005750197200491414,274.0,,382
2902,12,1,2.7267669024484893,0.05453533804896979,0.22723057520404075,12,0,12,0,2,0.0031108356314391017,0.0,,382
2903,12,1,2.7212824987202437,0.054425649974404876,0.22677354156002028,12,1,12,12,2,0.005484403728246434,254.0,,343
2904,12,1,2.7157980949919978,0.054315961899839955,0.22631650791599978,12,1,12,12,2,0.005484403728239329,254.0,,343
2905,12,1,2.7103136912637527,0.054206273825275056,0.22585947427197936,12,1,12,12,2,0.005484403728246434,254.0,,343
2906,12,1,2.704829287535507,0.05409658575071014,0.22540244062795892,12,1,12,12,2,0.005484403728246434,254.0,,343
2907,12,1,2.699344883807261,0.05398689767614522,0.22494540698393842,12,1,12,12,2,0.005484403728246434,254.0,,343
2908,12,1,2.693860480079016,0.05387720960158032,0.22448837333991803,12,1,12,12,2,0.005484403728239329,254.0,,343
2909,12,1,2.68837607635077,0.0537675215270154,0.2240313396958975,12,1,12,12,2,0.005484403728246434,254.0,,343
2910,12,1,2.6828916726225245,0.05365783345245049,0.22357430605187703,12,1,12,12,2,0.00548440372825354,254.0,,343
2911,12,1,2.6774072688942794,0.05354814537788559,0.22311727240785661,12,1,12,12,2,0.005484403728239329,254.0,,343
2912,12,1,2.6719228651660334,0.05343845730332067,0.2226602387638361,12,1,12,12,2,0.005484403728246434,254.0,,343
2913,12,1,2.666438461437788,0.053328769228755755,0.22220320511981564,12,1,12,12,2,0.005484403728246434,254.0,,343
2914,12,1,2.6609540577095423,0.05321908115419085,0.2217461714757952,12,1,12,12,2,0.00548440372825354,254.0,,343
2915,12,1,2.6554696539812968,0.053109393079625936,0.22128913783177473,12,1,12,12,2,0.005484403728239329,254.0,,343
2916,12,1,2.649985250253051,0.05299970500506102,0.22083210418775426,12,1,12,12,2,0.005484403728239329,254.0,,343
2917,12,1,2.644500846524805,0.0528900169304961,0.22037507054373376,12,1,12,12,2,0.00548440372825354,254.0,,343
2918,12,1,2.6390164427965597,0.052780328855931195,0.21991803689971332,12,1,12,12,2,0.00548440372825354,254.0,,343
2919,12,1,2.633532039068314,0.05267064078136628,0.21946100325569284,12,1,12,12,2,0.005484403728239329,254.0,,343
2920,12,1,2.6280476353400686,0.05256095270680137,0.21900396961167234,12,1,12,12,2,0.005484403728239329,254.0,,343
2921,12,1,2.6225632316118235,0.05245126463223647,0.21854693596765187,12,1,12,12,2,0.00548440372825354,254.0,,343
2922,12,1,2.6170788278835775,0.05234157655767155,0.21808990232363146,12,1,12,12,2,0.005484403728246434,254.0,,343
2923,12,1,2.611594424155332,0.05223188848310664,0.21763286867961099,12,1,12,12,2,0.005484403728239329,254.0,,343
2924,12,1,2.6061100204270864,0.05212220040854173,0.2171758350355905,12,1,12,12,2,0.005484403728239329,254.0,,343
2925,12,1,2.600625616698841,0.052012512333976815,0.21671880139157007,12,1,12,12,2,0.00548440372825354,254.0,,343
2926,12,1,2.5951412129705953,0.05190282425941191,0.21626176774754965,12,1,12,12,2,0.005484403728246434,254.0,,343
2927,12,1,2.5896568092423498,0.051793136184846995,0.21580473410352916,12,1,12,12,2,0.005484403728239329,254.0,,343
2928,12,1,2.584172405514104,0.05168344811028208,0.21534770045950866,12,1,12,12,2,0.005484403728246434,254.0,,343
2929,12,1,2.578688001785858,0.05157376003571716,0.21489066681548818,12,1,12,12,2,0.00548440372825354,254.0,,343
2930,12,1,2.5732035980576127,0.051464071961152255,0.21443363317146777,12,1,12,12,2,0.005484403728246434,254.0,,343
2931,12,1,2.567719194329367,0.05135438388658734,0.21397659952744721,12,1,12,12,2,0.005484403728239329,254.0,,343
2932,12,1,2.5622347906011216,0.05124469581202243,0.2135195658834268,12,1,12,12,2,0.005484403728246434,254.0,,343
2933,12,1,2.5567503868728765,0.05113500773745753,0.21306253223940633,12,1,12,12,2,0.00548440372825354,254.0,,343
2934,12,1,2.5512659831446305,0.05102531966289261,0.21260549859538583,12,1,12,12,2,0.005484403728246434,254.0,,343
2935,12,1,2.545781579416385,0.0509156315883277,0.2121484649513654,12,1,12,12,2,0.005484403728239329,254.0,,343
2936,12,1,2.540297175688139,0.05080594351376278,0.21169143130734489,12,1,12,12,2,0.005484403728246434,254.0,,343
2937,12,1,2.534812771959894,0.050696255439197875,0.21123439766332444,12,1,12,12,2,0.005484403728239329,254.0,,343
2938,12,1,2.5293283682316483,0.05058656736463297,0.21077736401930403,12,1,12,12,2,0.00548440372825354,254.0,,343
2939,12,1,2.5238439645034023,0.05047687929006805,0.21032033037528353,12,1,12,12,2,0.005484403728239329,254.0,,343
2940,12,1,2.518359560775157,0.05036719121550314,0.20986329673126305,12,1,12,12,2,0.005484403728246434,254.0,,343
2941,12,1,2.5128751570469112,0.05025750314093822,0.2094062630872426,12,1,12,12,2,0.005484403728246434,254.0,,343
2942,12,1,2.5073907533186657,0.050147815066373315,0.20894922944322217,12,1,12,12,2,0.005484403728246434,254.0,,343
2943,12,1,2.5019063495904206,0.05003812699180841,0.20849219579920175,12,1,12,12,2,0.005484403728239329,254.0,,343
2944,12,1,2.496421945862175,0.0499284389172435,0.20803516215518122,12,1,12,12,2,0.00548440372825354,254.0,,343
2945,12,1,2.4909375421339295,0.04981875084267859,0.20757812851116078,12,1,12,12,2,0.005484403728246434,254.0,,343
2946,12,1,2.4854531384056835,0.04970906276811367,0.20712109486714034,12,1,12,12,2,0.005484403728246434,254.0,,343
2947,12,1,2.4799687346774384,0.04959937469354877,0.20666406122311987,12,1,12,12,2,0.005484403728246434,254.0,,343
2948,12,1,2.4744843309491933,0.04948968661898387,0.2062070275790994,12,1,12,12,2,0.005484403728239329,254.0,,343
2949,12,1,2.4689999272209473,0.04937999854441895,0.20574999393507895,12,1,12,12,2,0.00548440372825354,254.0,,343
2950,12,1,2.4635155234927018,0.049270310469854035,0.20529296029105848,12,1,12,12,2,0.005484403728246434,254.0,,343
2951,12,1,2.458031119764456,0.04916062239528912,0.204835926647038,12,1,12,12,2,0.005484403728246434,254.0,,343
2952,12,1,2.4525467160362107,0.049050934320724215,0.20437889300301756,12,1,12,12,2,0.005484403728239329,254.0,,343
2953,12,1,2.447062312307965,0.0489412462461593,0.2039218593589971,12,1,12,12,2,0.005484403728246434,254.0,,343
2954,12,1,2.44157790857972,0.0488315581715944,0.20346482571497662,12,1,12,12,2,0.005484403728246434,254.0,,343
2955,12,1,2.4360935048514745,0.04872187009702949,0.2030077920709562,12,1,12,12,2,0.005484403728246434,254.0,,343
2956,12,1,2.430609101123229,0.048612182022464576,0.20255075842693573,12,1,12,12,2,0.005484403728239329,254.0,,343
2957,12,1,2.4251246973949834,0.04850249394789967,0.2020937247829153,12,1,12,12,2,0.005484403728246434,254.0,,343
2958,12,1,2.4196402936667374,0.04839280587333475,0.20163669113889482,12,1,12,12,2,0.00548440372825354,254.0,,343
2959,12,1,2.4141558899384923,0.04828311779876984,0.2011796574948744,12,1,12,12,2,0.005484403728239329,254.0,,343
2960,12,1,2.4086714862102467,0.048173429724204936,0.2007226238508539,12,1,12,12,2,0.005484403728246434,254.0,,343
2961,12,1,2.403187082482001,0.04806374164964002,0.20026559020683343,12,1,12,12,2,0.005484403728246434,254.0,,343
2962,11,1,2.398348513550886,0.04796697027101773,0.21803168305008053,11,0,11,0,2,0.004838568931120335,0.0,,343
2963,11,1,2.3935272505551137,0.04787054501110227,0.21759338641410128,11,1,11,11,2,0.004821262995768905,234.0,,306
2964,11,1,2.3887059875593413,0.047774119751186825,0.2171550897781219,11,1,11,11,2,0.0048212629957831155,234.0,,306
2965,11,1,2.383884724563569,0.04767769449127138,0.21671679314214257,11,1,11,11,2,0.004821262995768905,234.0,,306
2966,11,1,2.3790634615677972,0.047581269231355944,0.2162784965061633,11,1,11,11,2,0.004821262995768905,234.0,,306
2967,11,1,2.374242198572025,0.047484843971440496,0.21584019987018407,11,1,11,11,2,0.00482126299577601,234.0,,306
2968,11,1,2.3694209355762528,0.047388418711525056,0.2154019032342048,11,1,11,11,2,0.00482126299577601,234.0,,306
2969,11,1,2.3645996725804808,0.047291993451609615,0.21496360659822553,11,1,11,11,2,0.0048212629957831155,234.0,,306
2970,11,1,2.3597784095847087,0.047195568191694175,0.21452530996224625,11,1,11,11,2,0.004821262995761799,234.0,,306
2971,11,1,2.3549571465889363,0.04709914293177873,0.21408701332626698,11,1,11,11,2,0.00482126299577601,234.0,,306
2972,11,1,2.350135883593164,0.04700271767186328,0.21364871669028762,11,1,11,11,2,0.00482126299577601,234.0,,306
2973,11,1,2.345314620597392,0.04690629241194784,0.21321042005430832,11,1,11,11,2,0.0048212629957831155,234.0,,306
2974,11,1,2.34049335760162,0.0468098671520324,0.21277212341832905,11,1,11,11,2,0.00482126299577601,234.0,,306
2975,11,1,2.335672094605848,0.04671344189211696,0.2123338267823498,11,1,11,11,2,0.004821262995768905,234.0,,306
2976,11,1,2.3308508316100753,0.046617016632201504,0.2118955301463705,11,1,11,11,2,0.00482126299577601,234.0,,306
2977,11,1,2.3260295686143033,0.04652059137228606,0.21145723351039122,11,1,11,11,2,0.00482126299577601,234.0,,306
2978,11,1,2.321208305618531,0.046424166112370616,0.2110189368744119,11,1,11,11,2,0.00482126299577601,234.0,,306
2979,11,1,2.316387042622759,0.046327740852455175,0.21058064023843268,11,1,11,11,2,0.004821262995768905,234.0,,306
2980,11,1,2.311565779626987,0.046231315592539735,0.21014234360245332,11,1,11,11,2,0.0048212629957831155,234.0,,306
2981,11,1,2.3067445166312144,0.04613489033262429,0.20970404696647404,11,1,11,11,2,0.004821262995768905,234.0,,306
2982,11,1,2.301923253635443,0.04603846507270885,0.20926575033049477,11,1,11,11,2,0.004821262995768905,234.0,,306
2983,11,1,2.297101990639671,0.04594203981279341,0.2088274536945155,11,1,11,11,2,0.00482126299577601,234.0,,306
2984,10,1,2.292621101672286,0.04585242203344572,0.2292621101672286,11,1,11,10,2,0.004480888967385965,234.0,,306
2985,10,1,2.28824635413355,0.045764927082671,0.22882463541335504,10,1,10,10,2,0.004374747538740564,214.0,,263
2986,10,1,2.2838716065948144,0.04567743213189629,0.22838716065948145,10,1,10,10,2,0.004374747538740564,214.0,,263
2987,10,1,2.2794968590560787,0.04558993718112157,0.22794968590560788,10,1,10,10,2,0.004374747538740564,214.0,,263
2988,10,1,2.2751221115173426,0.04550244223034685,0.2275122111517342,10,1,10,10,2,0.004374747538733459,214.0,,263
2989,10,1,2.2707473639786064,0.045414947279572127,0.22707473639786063,10,1,10,10,2,0.004374747538740564,214.0,,263
2990,10,1,2.2663726164398708,0.04532745232879742,0.22663726164398706,10,1,10,10,2,0.004374747538740564,214.0,,263
2991,10,1,2.261997868901135,0.0452399573780227,0.2261997868901135,10,1,10,10,2,0.004374747538733459,214.0,,263
2992,10,1,2.257623121362399,0.04515246242724798,0.2257623121362399,10,1,10,10,2,0.004374747538733459,214.0,,263
2993,10,1,2.253248373823663,0.045064967476473254,0.22532483738236633,10,1,10,10,2,0.004374747538740564,214.0,,263
2994,10,1,2.2488736262849276,0.04497747252569855,0.2248873626284927,10,1,10,10,2,0.00437474753874767,214.0,,263
2995,10,1,2.2444988787461915,0.04488997757492383,0.2244498878746192,10,1,10,10,2,0.0043747475387263535,214.0,,263
2996,10,1,2.240124131207456,0.04480248262414912,0.22401241312074555,10,1,10,10,2,0.004374747538740564,214.0,,263
2997,10,1,2.2357493836687197,0.044714987673374396,0.22357493836687198,10,1,10,10,2,0.004374747538740564,214.0,,263
2998,10,1,2.231374636129984,0.04462749272259968,0.22313746361299835,10,1,10,10,2,0.004374747538733459,214.0,,263
2999,10,1,2.226999888591248,0.044539997771824956,0.2226999888591248,10,1,10,10,2,0.004374747538740564,214.0,,263
3000,10,1,2.222625141052512,0.044452502821050247,0.22226251410525122,10,1,10,10,2,0.004374747538733459,214.0,,263
3001,10,1,2.218250393513776,0.04436500787027552,0.2218250393513776,10,1,10,10,2,0.004374747538740564,214.0,,263
3002,10,1,2.2138756459750404,0.04427751291950081,0.22138756459750403,10,1,10,10,2,0.004374747538740564,214.0,,263
3003,10,1,2.2095008984363043,0.044190017968726084,0.22095008984363046,10,1,10,10,2,0.004374747538740564,214.0,,263
3004,10,1,2.2051261508975686,0.044102523017951374,0.2205126150897568,10,1,10,10,2,0.004374747538733459,214.0,,263
3005,10,1,2.2007514033588325,0.04401502806717665,0.22007514033588324,10,1,10,10,2,0.004374747538733459,214.0,,263
3006,10,1,2.196376655820097,0.043927533116401934,0.21963766558200967,10,1,10,10,2,0.004374747538740564,214.0,,263
3007,10,1,2.1920019082813607,0.04384003816562721,0.2192001908281361,10,1,10,10,2,0.004374747538733459,214.0,,263
3008,10,1,2.1876271607426254,0.04375254321485251,0.2187627160742625,10,1,10,10,2,0.004374747538733459,214.0,,263
3009,10,1,2.1832524132038893,0.043665048264077785,0.21832524132038894,10,1,10,10,2,0.004374747538740564,214.0,,263
3010,10,1,2.178877665665153,0.04357755331330306,0.21788776656651532,10,1,10,10,2,0.00437474753874767,214.0,,263
3011,10,1,2.1745029181264175,0.04349005836252835,0.2174502918126418,10,1,10,10,2,0.0043747475387263535,214.0,,263
3012,10,1,2.170128170587682,0.043402563411753636,0.21701281705876813,10,1,10,10,2,0.004374747538740564,214.0,,263
3013,10,1,2.1657534230489457,0.04331506846097891,0.21657534230489456,10,1,10,10,2,0.004374747538740564,214.0,,263
3014,10,1,2.16137867551021,0.043227573510204204,0.216137867551021,10,1,10,10,2,0.004374747538740564,214.0,,263
3015,10,1,2.1570039279714743,0.04314007855942949,0.21570039279714742,10,1,10,10,2,0.004374747538733459,214.0,,263
3016,10,1,2.152629180432738,0.043052583608654764,0.21526291804327385,10,1,10,10,2,0.004374747538733459,214.0,,263
3017,10,1,2.1482544328940025,0.04296508865788005,0.21482544328940026,10,1,10,10,2,0.004374747538740564,214.0,,263
3018,10,1,2.143879685355267,0.04287759370710534,0.2143879685355267,10,1,10,10,2,0.004374747538740564,214.0,,263
3019,10,1,2.1395049378165307,0.042790098756330615,0.21395049378165312,10,1,10,10,2,0.004374747538740564,214.0,,263
3020,10,1,2.135130190277795,0.0427026038055559,0.2135130190277795,10,1,10,10,2,0.004374747538733459,214.0,,263
3021,10,1,2.130755442739059,0.042615108854781175,0.2130755442739059,10,1,10,10,2,0.004374747538740564,214.0,,263
3022,10,1,2.1263806952003232,0.042527613904006466,0.21263806952003234,10,1,10,10,2,0.004374747538740564,214.0,,263
3023,10,1,2.122005947661588,0.04244011895323176,0.21220059476615877,10,1,10,10,2,0.004374747538733459,214.0,,263
3024,10,1,2.117631200122852,0.04235262400245704,0.2117631200122852,10,1,10,10,2,0.004374747538733459,214.0,,263
3025,10,1,2.113256452584116,0.042265129051682324,0.21132564525841163,10,1,10,10,2,0.004374747538740564,214.0,,263
3026,10,1,2.1088817050453805,0.04217763410090761,0.210888170504538,10,1,10,10,2,0.00437474753874767,214.0,,263
3027,10,1,2.1045069575066444,0.04209013915013289,0.2104506957506645,10,1,10,10,2,0.0043747475387263535,214.0,,263
3028,10,1,2.1001322099679087,0.042002644199358175,0.21001322099679087,10,1,10,10,2,0.004374747538740564,214.0,,263
3029,10,1,2.095757462429173,0.04191514924858346,0.2095757462429173,10,1,10,10,2,0.004374747538740564,214.0,,263
3030,10,1,2.091382714890437,0.04182765429780874,0.20913827148904368,10,1,10,10,2,0.004374747538740564,214.0,,263
3031,10,1,2.0870079673517017,0.04174015934703403,0.2087007967351701,10,1,10,10,2,0.004374747538733459,214.0,,263
3032,10,1,2.0826332198129656,0.04165266439625931,0.20826332198129655,10,1,10,10,2,0.004374747538733459,214.0,,263
3033,10,1,2.0782584722742294,0.041565169445484586,0.20782584722742298,10,1,10,10,2,0.004374747538740564,214.0,,263
3034,10,1,2.0738837247354938,0.041477674494709876,0.20738837247354938,10,1,10,10,2,0.004374747538740564,214.0,,263
3035,10,1,2.069508977196758,0.04139017954393516,0.2069508977196758,10,1,10,10,2,0.004374747538740564,214.0,,263
3036,10,1,2.0651342296580224,0.04130268459316045,0.20651342296580225,10,1,10,10,2,0.0043747475387263535,214.0,,263
3037,10,1,2.0607594821192867,0.041215189642385734,0.20607594821192868,10,1,10,10,2,0.004374747538740564,214.0,,263
3038,10,1,2.056384734580551,0.04112769469161102,0.2056384734580551,10,1,10,10,2,0.004374747538740564,214.0,,263
3039,10,1,2.0520099870418154,0.04104019974083631,0.2052009987041815,10,1,10,10,2,0.004374747538733459,214.0,,263
3040,10,1,2.0476352395030792,0.040952704790061585,0.20476352395030792,10,1,10,10,2,0.004374747538733459,214.0,,263
3041,10,1,2.043260491964344,0.04086520983928688,0.2043260491964344,10,1,10,10,2,0.004374747538740564,214.0,,263
3042,10,1,2.038885744425608,0.04077771488851216,0.20388857444256078,10,1,10,10,2,0.00437474753874767,214.0,,263
3043,10,1,2.034510996886872,0.04069021993773744,0.20345109968868721,10,1,10,10,2,0.0043747475387263535,214.0,,263
3044,10,1,2.0301362493481365,0.040602724986962734,0.20301362493481365,10,1,10,10,2,0.004374747538740564,214.0,,263
3045,10,1,2.025761501809401,0.04051523003618802,0.20257615018094005,10,1,10,10,2,0.004374747538740564,214.0,,263
3046,10,1,2.021386754270665,0.0404277350854133,0.20213867542706648,10,1,10,10,2,0.004374747538740564,214.0,,263
3047,10,1,2.017012006731929,0.04034024013463858,0.20170120067319292,10,1,10,10,2,0.004374747538733459,214.0,,263
3048,10,1,2.012637259193194,0.040252745183863875,0.20126372591931935,10,1,10,10,2,0.004374747538733459,214.0,,263
3049,10,1,2.0082625116544577,0.04016525023308915,0.20082625116544578,10,1,10,10,2,0.004374747538740564,214.0,,263
3050,10,1,2.003887764115722,0.04007775528231444,0.2003887764115722,10,1,10,10,2,0.004374747538740564,214.0,,263
3051,10,1,1.999513016576986,0.03999026033153972,0.19995130165769864,10,1,10,10,2,0.004374747538740564,214.0,,263
3052,10,1,1.9951382690382506,0.03990276538076501,0.19951382690382508,10,1,10,10,2,0.004374747538733459,214.0,,263
3053,10,1,1.9907635214995145,0.03981527042999029,0.1990763521499515,10,1,10,10,2,0.004374747538740564,214.0,,263
3054,10,1,1.9863887739607793,0.039727775479215584,0.19863887739607788,10,1,10,10,2,0.004374747538740564,214.0,,263
3055,10,1,1.9820140264220434,0.03964028052844087,0.19820140264220432,10,1,10,10,2,0.004374747538740564,214.0,,263
3056,10,1,1.9776392788833077,0.03955278557766615,0.19776392788833075,10,1,10,10,2,0.0043747475387263535,214.0,,263
3057,10,1,1.9732645313445718,0.039465290626891435,0.19732645313445718,10,1,10,10,2,0.004374747538740564,214.0,,263
3058,10,1,1.9688897838058361,0.039377795676116725,0.19688897838058358,10,1,10,10,2,0.00437474753874767,214.0,,263
3059,10,1,1.9645150362671002,0.039290300725342,0.19645150362671004,10,1,10,10,2,0.0043747475387263535,214.0,,263
3060,10,1,1.9601402887283648,0.03920280577456729,0.19601402887283645,10,1,10,10,2,0.004374747538740564,214.0,,263
3061,10,1,1.955765541189629,0.03911531082379258,0.19557655411896288,10,1,10,10,2,0.004374747538740564,214.0,,263
3062,10,1,1.9513907936508932,0.03902781587301787,0.19513907936508929,10,1,10,10,2,0.004374747538740564,214.0,,263
3063,10,1,1.9470160461121575,0.03894032092224315,0.19470160461121575,10,1,10,10,2,0.004374747538733459,214.0,,263
3064,9,1,1.9443744657803919,0.038887489315607836,0.21604160730893243,9,0,9,0,2,0.002641580331768978,0.0,,263
3065,9,1,1.9404759063683426,0.038809518127366854,0.21560843404092694,9,1,9,9,2,0.003898559412043312,194.0,,226
3066,9,1,1.936577346956293,0.03873154693912586,0.21517526077292143,9,1,9,9,2,0.0038985594120504174,194.0,,226
3067,9,1,1.9326787875442437,0.03865357575088488,0.21474208750491597,9,1,9,9,2,0.0038985594120504174,194.0,,226
3068,9,1,1.9287802281321944,0.03857560456264389,0.21430891423691048,9,1,9,9,2,0.003898559412043312,194.0,,226
3069,9,1,1.9248816687201449,0.0384976333744029,0.21387574096890496,9,1,9,9,2,0.0038985594120504174,194.0,,226
3070,9,1,1.9209831093080953,0.038419662186161906,0.2134425677008995,9,1,9,9,2,0.0038985594120504174,194.0,,226
3071,9,1,1.917084549896046,0.038341690997920924,0.21300939443289402,9,1,9,9,2,0.003898559412057523,194.0,,226
3072,9,1,1.9131859904839967,0.038263719809679936,0.2125762211648885,9,1,9,9,2,0.003898559412029101,194.0,,226
3073,9,1,1.9092874310719474,0.03818574862143895,0.21214304789688304,9,1,9,9,2,0.0038985594120504174,194.0,,226
3074,9,1,1.905388871659898,0.03810777743319796,0.21170987462887758,9,1,9,9,2,0.0038985594120504174,194.0,,226
3075,9,1,1.9014903122478488,0.03802980624495698,0.21127670136087204,9,1,9,9,2,0.0038985594120504174,194.0,,226
3076,9,1,1.8975917528357993,0.03795183505671598,0.21084352809286658,9,1,9,9,2,0.0038985594120504174,194.0,,226
3077,9,1,1.8936931934237498,0.037873863868474994,0.21041035482486112,9,1,9,9,2,0.003898559412043312,194.0,,226
3078,9,1,1.8897946340117007,0.03779589268023401,0.2099771815568556,9,1,9,9,2,0.0038985594120504174,194.0,,226
3079,9,1,1.8858960745996511,0.037717921491993024,0.20954400828885011,9,1,9,9,2,0.003898559412043312,194.0,,226
3080,9,1,1.8819975151876018,0.037639950303752036,0.20911083502084465,9,1,9,9,2,0.0038985594120504174,194.0,,226
3081,9,1,1.8780989557755525,0.03756197911551105,0.20867766175283917,9,1,9,9,2,0.003898559412043312,194.0,,226
3082,9,1,1.874200396363503,0.03748400792727006,0.20824448848483365,9,1,9,9,2,0.0038985594120504174,194.0,,226
3083,9,1,1.8703018369514537,0.03740603673902907,0.2078113152168282,9,1,9,9,2,0.0038985594120504174,194.0,,226
3084,9,1,1.8664032775394044,0.03732806555078809,0.2073781419488227,9,1,9,9,2,0.0038985594120504174,194.0,,226
3085,9,1,1.8625047181273549,0.037250094362547094,0.20694496868081722,9,1,9,9,2,0.003898559412043312,194.0,,226
3086,9,1,1.8586061587153055,0.03717212317430611,0.20651179541281173,9,1,9,9,2,0.003898559412043312,194.0,,226
3087,9,1,1.8547075993032562,0.037094151986065124,0.20607862214480624,9,1,9,9,2,0.003898559412057523,194.0,,226
3088,9,1,1.8508090398912067,0.037016180797824136,0.20564544887680078,9,1,9,9,2,0.003898559412043312,194.0,,226
3089,9,1,1.8469104804791576,0.036938209609583154,0.2052122756087953,9,1,9,9,2,0.003898559412043312,194.0,,226
3090,9,1,1.843011921067108,0.03686023842134216,0.20477910234078978,9,1,9,9,2,0.0038985594120504174,194.0,,226
3091,9,1,1.839113361655059,0.03678226723310118,0.20434592907278432,9,1,9,9,2,0.0038985594120504174,194.0,,226
3092,9,1,1.8352148022430095,0.03670429604486019,0.20391275580477886,9,1,9,9,2,0.0038985594120504174,194.0,,226
3093,9,1,1.83131624283096,0.0366263248566192,0.20347958253677334,9,1,9,9,2,0.0038985594120362066,194.0,,226
3094,9,1,1.8274176834189109,0.03654835366837822,0.20304640926876785,9,1,9,9,2,0.003898559412057523,194.0,,226
3095,9,1,1.8235191240068613,0.036470382480137224,0.20261323600076236,9,1,9,9,2,0.0038985594120504174,194.0,,226
3096,9,1,1.819620564594812,0.03639241129189624,0.2021800627327569,9,1,9,9,2,0.0038985594120504174,194.0,,226
3097,9,1,1.8157220051827627,0.036314440103655254,0.20174688946475142,9,1,9,9,2,0.0038985594120362066,194.0,,226
3098,9,1,1.8118234457707134,0.036236468915414266,0.2013137161967459,9,1,9,9,2,0.0038985594120504174,194.0,,226
3099,9,1,1.807924886358664,0.036158497727173285,0.20088054292874047,9,1,9,9,2,0.003898559412057523,194.0,,226
3100,9,1,1.8040263269466148,0.036080526538932296,0.20044736966073498,9,1,9,9,2,0.0038985594120362066,194.0,,226
3101,9,1,1.8001277675345653,0.03600255535069131,0.20001419639272947,9,1,9,9,2,0.0038985594120504174,194.0,,226
3102,9,1,1.796229208122516,0.03592458416245032,0.199581023124724,9,1,9,9,2,0.0038985594120504174,194.0,,226
3103,9,1,1.7923306487104669,0.03584661297420934,0.19914784985671852,9,1,9,9,2,0.003898559412057523,194.0,,226
3104,9,1,1.7884320892984171,0.03576864178596834,0.19871467658871303,9,1,9,9,2,0.003898559412029101,194.0,,226
3105,9,1,1.7845335298863678,0.035690670597727354,0.19828150332070757,9,1,9,9,2,0.0038985594120504174,194.0,,226
3106,9,1,1.7806349704743185,0.03561269940948637,0.19784833005270205,9,1,9,9,2,0.0038985594120504174,194.0,,226
3107,9,1,1.7767364110622692,0.035534728221245385,0.19741515678469657,9,1,9,9,2,0.0038985594120504174,194.0,,226
3108,9,1,1.77283785165022,0.035456757033004396,0.1969819835166911,9,1,9,9,2,0.0038985594120504174,194.0,,226
3109,9,1,1.7689392922381704,0.03537878584476341,0.1965488102486856,9,1,9,9,2,0.003898559412043312,194.0,,226
3110,9,1,1.765040732826121,0.03530081465652242,0.19611563698068013,9,1,9,9,2,0.0038985594120504174,194.0,,226
3111,9,1,1.7611421734140715,0.03522284346828143,0.19568246371267461,9,1,9,9,2,0.003898559412043312,194.0,,226
3112,9,1,1.7572436140020224,0.03514487228004045,0.19524929044466915,9,1,9,9,2,0.0038985594120504174,194.0,,226
3113,9,1,1.753345054589973,0.03506690109179946,0.19481611717666367,9,1,9,9,2,0.003898559412043312,194.0,,226
3114,9,1,1.7494464951779238,0.03498892990355848,0.19438294390865818,9,1,9,9,2,0.003898559412057523,194.0,,226
3115,9,1,1.7455479357658743,0.034910958715317485,0.1939497706406527,9,1,9,9,2,0.0038985594120504174,194.0,,226
3116,9,1,1.7416493763538252,0.0348329875270765,0.19351659737264723,9,1,9,9,2,0.003898559412043312,194.0,,226
3117,9,1,1.7377508169417757,0.034755016338835515,0.19308342410464174,9,1,9,9,2,0.003898559412043312,194.0,,226
3118,9,1,1.7338522575297262,0.034677045150594527,0.19265025083663626,9,1,9,9,2,0.003898559412043312,194.0,,226
3119,9,1,1.729953698117677,0.03459907396235354,0.1922170775686308,9,1,9,9,2,0.003898559412057523,194.0,,226
3120,9,1,1.7260551387056275,0.03452110277411255,0.1917839043006253,9,1,9,9,2,0.003898559412043312,194.0,,226
3121,9,1,1.7221565792935782,0.03444313158587156,0.19135073103261985,9,1,9,9,2,0.0038985594120504174,194.0,,226
3122,9,1,1.718258019881529,0.03436516039763058,0.19091755776461433,9,1,9,9,2,0.003898559412043312,194.0,,226
3123,9,1,1.7143594604694796,0.03428718920938959,0.19048438449660884,9,1,9,9,2,0.0038985594120504174,194.0,,226
3124,9,1,1.7104609010574303,0.0342092180211486,0.19005121122860338,9,1,9,9,2,0.0038985594120504174,194.0,,226
3125,9,1,1.706562341645381,0.03413124683290762,0.18961803796059792,9,1,9,9,2,0.0038985594120362066,194.0,,226
3126,9,1,1.7026637822333317,0.034053275644666633,0.1891848646925924,9,1,9,9,2,0.003898559412057523,194.0,,226
3127,9,1,1.6987652228212822,0.033975304456425645,0.18875169142458692,9,1,9,9,2,0.0038985594120504174,194.0,,226
3128,9,1,1.694866663409233,0.033897333268184664,0.18831851815658146,9,1,9,9,2,0.0038985594120504174,194.0,,226
3129,9,1,1.6909681039971836,0.03381936207994367,0.18788534488857597,9,1,9,9,2,0.0038985594120362066,194.0,,226
3130,9,1,1.6870695445851345,0.03374139089170269,0.18745217162057048,9,1,9,9,2,0.0038985594120504174,194.0,,226
3131,9,1,1.683170985173085,0.0336634197034617,0.187018998352565,9,1,9,9,2,0.0038985594120504174,194.0,,226
3132,9,1,1.6792724257610359,0.03358544851522072,0.1865858250845595,9,1,9,9,2,0.003898559412043312,194.0,,226
3133,9,1,1.6753738663489863,0.03350747732697973,0.18615265181655405,9,1,9,9,2,0.0038985594120504174,194.0,,226
3134,9,1,1.6714753069369368,0.033429506138738734,0.1857194785485486,9,1,9,9,2,0.0038985594120504174,194.0,,226
3135,9,1,1.6675767475248877,0.03335153495049775,0.18528630528054305,9,1,9,9,2,0.003898559412057523,194.0,,226
3136,9,1,1.6636781881128382,0.033273563762256764,0.18485313201253759,9,1,9,9,2,0.003898559412029101,194.0,,226
3137,9,1,1.6597796287007889,0.033195592574015775,0.18441995874453213,9,1,9,9,2,0.0038985594120504174,194.0,,226
3138,9,1,1.6558810692887396,0.033117621385774794,0.1839867854765266,9,1,9,9,2,0.0038985594120504174,194.0,,226
3139,9,1,1.6519825098766903,0.033039650197533806,0.18355361220852115,9,1,9,9,2,0.003898559412057523,194.0,,226
3140,9,1,1.648083950464641,0.03296167900929282,0.1831204389405157,9,1,9,9,2,0.003898559412043312,194.0,,226
3141,9,1,1.6441853910525916,0.032883707821051836,0.18268726567251017,9,1,9,9,2,0.003898559412043312,194.0,,226
3142,9,1,1.6402868316405423,0.03280573663281085,0.18225409240450471,9,1,9,9,2,0.0038985594120504174,194.0,,226
3143,9,1,1.6363882722284933,0.032727765444569866,0.18182091913649925,9,1,9,9,2,0.003898559412043312,194.0,,226
3144,9,1,1.6324897128164437,0.03264979425632888,0.18138774586849377,9,1,9,9,2,0.0038985594120504174,194.0,,226
3145,9,1,1.6285911534043946,0.032571823068087896,0.1809545726004883,9,1,9,9,2,0.003898559412043312,194.0,,226
3146,9,1,1.6246925939923451,0.0324938518798469,0.18052139933248276,9,1,9,9,2,0.003898559412057523,194.0,,226
3147,9,1,1.620794034580296,0.03241588069160592,0.1800882260644773,9,1,9,9,2,0.003898559412043312,194.0,,226
3148,9,1,1.6168954751682465,0.03233790950336493,0.17965505279647184,9,1,9,9,2,0.0038985594120504174,194.0,,226
3149,9,1,1.6129969157561974,0.03225993831512395,0.17922187952846635,9,1,9,9,2,0.003898559412043312,194.0,,226
3150,9,1,1.6090983563441479,0.032181967126882954,0.1787887062604609,9,1,9,9,2,0.003898559412043312,194.0,,226
3151,9,1,1.6051997969320988,0.03210399593864197,0.1783555329924554,9,1,9,9,2,0.003898559412057523,194.0,,226
3152,9,1,1.6013012375200493,0.032026024750400985,0.17792235972444992,9,1,9,9,2,0.003898559412043312,194.0,,226
3153,9,1,1.597402678108,0.031948053562159996,0.17748918645644446,9,1,9,9,2,0.0038985594120504174,194.0,,226
3154,9,1,1.5935041186959507,0.031870082373919015,0.17705601318843897,9,1,9,9,2,0.003898559412043312,194.0,,226
3155,9,1,1.5896055592839013,0.031792111185678026,0.17662283992043348,9,1,9,9,2,0.0038985594120504174,194.0,,226
3156,9,1,1.585706999871852,0.03171413999743704,0.17618966665242802,9,1,9,9,2,0.0038985594120504174,194.0,,226
3157,9,1,1.5818084404598027,0.03163616880919606,0.17575649338442256,9,1,9,9,2,0.0038985594120362066,194.0,,226
3158,9,1,1.5779098810477534,0.03155819762095507,0.17532332011641708,9,1,9,9,2,0.003898559412057523,194.0,,226
3159,9,1,1.5740113216357043,0.03148022643271409,0.17489014684841153,9,1,9,9,2,0.0038985594120504174,194.0,,226
3160,9,1,1.5701127622236548,0.0314022552444731,0.1744569735804061,9,1,9,9,2,0.0038985594120504174,194.0,,226
3161,9,1,1.5662142028116057,0.03132428405623212,0.1740238003124006,9,1,9,9,2,0.0038985594120362066,194.0,,226
3162,9,1,1.5623156433995562,0.031246312867991125,0.17359062704439512,9,1,9,9,2,0.0038985594120504174,194.0,,226
3163,9,1,1.5584170839875071,0.031168341679750144,0.1731574537763897,9,1,9,9,2,0.003898559412057523,194.0,,226
3164,9,1,1.5545185245754576,0.031090370491509152,0.1727242805083842,9,1,9,9,2,0.003898559412043312,194.0,,226
3165,9,1,1.5506199651634085,0.03101239930326817,0.1722911072403787,9,1,9,9,2,0.003898559412043312,194.0,,226
3166,9,1,1.546721405751359,0.03093442811502718,0.17185793397237326,9,1,9,9,2,0.0038985594120504174,194.0,,226
3167,9,1,1.5428228463393099,0.030856456926786197,0.17142476070436774,9,1,9,9,2,0.003898559412057523,194.0,,226
3168,9,1,1.5389242869272604,0.030778485738545205,0.17099158743636225,9,1,9,9,2,0.003898559412029101,194.0,,226
3169,9,1,1.535025727515211,0.03070051455030422,0.17055841416835682,9,1,9,9,2,0.0038985594120504174,194.0,,226
3170,8,1,1.5319444995834068,0.030638889991668136,0.19149306244792585,8,0,8,0,2,0.0030812279318013225,0.0,,226
3171,8,1,1.528411184332436,0.03056822368664872,0.1910513980415545,8,1,8,8,2,0.003533315250976443,174.0,,187
3172,8,1,1.524877869081465,0.030497557381629303,0.19060973363518313,8,1,8,8,2,0.0035333152509693377,174.0,,187
3173,8,1,1.5213445538304944,0.030426891076609886,0.1901680692288118,8,1,8,8,2,0.0035333152509622323,174.0,,187
3174,8,1,1.5178112385795235,0.03035622477159047,0.18972640482244044,8,1,8,8,2,0.0035333152509622323,174.0,,187
3175,8,1,1.5142779233285526,0.030285558466571053,0.18928474041606907,8,1,8,8,2,0.0035333152509693377,174.0,,187
3176,8,1,1.510744608077582,0.03021489216155164,0.18884307600969774,8,1,8,8,2,0.0035333152509693377,174.0,,187
3177,8,1,1.5072112928266108,0.030144225856532217,0.18840141160332638,8,1,8,8,2,0.0035333152509622323,174.0,,187
3178,8,1,1.5036779775756401,0.030073559551512804,0.18795974719695502,8,1,8,8,2,0.0035333152509622323,174.0,,187
3179,8,1,1.5001446623246693,0.030002893246493384,0.18751808279058366,8,1,8,8,2,0.0035333152509693377,174.0,,187
3180,8,1,1.4966113470736984,0.029932226941473968,0.1870764183842123,8,1,8,8,2,0.003533315250976443,174.0,,187
3181,8,1,1.4930780318227277,0.029861560636454555,0.18663475397784096,8,1,8,8,2,0.003533315250955127,174.0,,187
3182,8,1,1.4895447165717568,0.029790894331435135,0.1861930895714696,8,1,8,8,2,0.0035333152509693377,174.0,,187
3183,8,1,1.486011401320786,0.029720228026415718,0.18575142516509824,8,1,8,8,2,0.0035333152509693377,174.0,,187
3184,8,1,1.4824780860698152,0.029649561721396305,0.1853097607587269,8,1,8,8,2,0.003533315250976443,174.0,,187
3185,8,1,1.4789447708188441,0.029578895416376882,0.18486809635235554,8,1,8,8,2,0.0035333152509480215,174.0,,187
3186,8,1,1.4754114555678735,0.02950822911135747,0.18442643194598418,8,1,8,8,2,0.0035333152509622323,174.0,,187
3187,8,1,1.4718781403169028,0.029437562806338056,0.18398476753961285,8,1,8,8,2,0.003533315250976443,174.0,,187
3188,8,1,1.4683448250659321,0.029366896501318643,0.18354310313324151,8,1,8,8,2,0.0035333152509693377,174.0,,187
3189,8,1,1.464811509814961,0.02929623019629922,0.18310143872687012,8,1,8,8,2,0.0035333152509693377,174.0,,187
3190,8,1,1.4612781945639903,0.029225563891279806,0.1826597743204988,8,1,8,8,2,0.003533315250955127,174.0,,187
3191,8,1,1.4577448793130197,0.029154897586260393,0.18221810991412746,8,1,8,8,2,0.003533315250976443,174.0,,187
3192,8,1,1.4542115640620488,0.029084231281240977,0.1817764455077561,8,1,8,8,2,0.0035333152509693377,174.0,,187
3193,8,1,1.4506782488110779,0.029013564976221557,0.18133478110138473,8,1,8,8,2,0.0035333152509622323,174.0,,187
3194,8,1,1.4471449335601072,0.028942898671202144,0.1808931166950134,8,1,8,8,2,0.0035333152509622323,174.0,,187
3195,8,1,1.4436116183091363,0.028872232366182728,0.18045145228864204,8,1,8,8,2,0.0035333152509693377,174.0,,187
3196,8,1,1.4400783030581656,0.02880156606116331,0.1800097878822707,8,1,8,8,2,0.0035333152509693377,174.0,,187
3197,8,1,1.4365449878071948,0.028730899756143895,0.17956812347589934,8,1,8,8,2,0.0035333152509622323,174.0,,187
3198,8,1,1.433011672556224,0.028660233451124482,0.179126459069528,8,1,8,8,2,0.0035333152509622323,174.0,,187
3199,8,1,1.4294783573052532,0.028589567146105065,0.17868479466315665,8,1,8,8,2,0.0035333152509693377,174.0,,187
3200,8,1,1.4259450420542823,0.028518900841085645,0.17824313025678531,8,1,8,8,2,0.003533315250976443,174.0,,187
3201,8,1,1.4224117268033116,0.028448234536066232,0.17780146585041395,8,1,8,8,2,0.003533315250955127,174.0,,187
3202,8,1,1.418878411552341,0.02837756823104682,0.1773598014440426,8,1,8,8,2,0.0035333152509622323,174.0,,187
3203,8,1,1.41534509630137,0.028306901926027403,0.17691813703767126,8,1,8,8,2,0.003533315250976443,174.0,,187
3204,8,1,1.4118117810503992,0.028236235621007983,0.1764764726312999,8,1,8,8,2,0.0035333152509693377,174.0,,187
3205,8,1,1.4082784657994285,0.02816556931598857,0.17603480822492856,8,1,8,8,2,0.0035333152509693377,174.0,,187
3206,8,1,1.4047451505484576,0.028094903010969154,0.1755931438185572,8,1,8,8,2,0.003533315250955127,174.0,,187
3207,8,1,1.401211835297487,0.028024236705949737,0.17515147941218587,8,1,8,8,2,0.0035333152509693377,174.0,,187
3208,8,1,1.397678520046516,0.02795357040093032,0.1747098150058145,8,1,8,8,2,0.0035333152509693377,174.0,,187
3209,8,1,1.3941452047955454,0.027882904095910908,0.17426815059944317,8,1,8,8,2,0.003533315250955127,174.0,,187
3210,8,1,1.3906118895445745,0.02781223779089149,0.1738264861930718,8,1,8,8,2,0.0035333152509693377,174.0,,187
3211,8,1,1.3870785742936036,0.02774157148587207,0.17338482178670045,8,1,8,8,2,0.0035333152509693377,174.0,,187
3212,8,1,1.383545259042633,0.02767090518085266,0.17294315738032912,8,1,8,8,2,0.003533315250976443,174.0,,187
3213,8,1,1.3800119437916623,0.027600238875833245,0.17250149297395778,8,1,8,8,2,0.0035333152509622323,174.0,,187
3214,8,1,1.3764786285406914,0.02752957257081383,0.17205982856758642,8,1,8,8,2,0.0035333152509622323,174.0,,187
3215,8,1,1.3729453132897205,0.02745890626579441,0.17161816416121506,8,1,8,8,2,0.0035333152509693377,174.0,,187
3216,8,1,1.3694119980387498,0.027388239960774996,0.17117649975484373,8,1,8,8,2,0.003533315250976443,174.0,,187
3217,8,1,1.365878682787779,0.02731757365575558,0.17073483534847236,8,1,8,8,2,0.003533315250955127,174.0,,187
3218,8,1,1.362345367536808,0.02724690735073616,0.170293170942101,8,1,8,8,2,0.003533315250955127,174.0,,187
3219,8,1,1.3588120522858373,0.027176241045716747,0.16985150653572967,8,1,8,8,2,0.003533315250976443,174.0,,187
3220,8,1,1.3552787370348667,0.027105574740697334,0.16940984212935833,8,1,8,8,2,0.0035333152509693377,174.0,,187
3221,8,1,1.3517454217838958,0.027034908435677917,0.16896817772298697,8,1,8,8,2,0.0035333152509622323,174.0,,187
3222,7,1,1.349703113543513,0.02699406227087026,0.19281473050621617,7,0,7,0,2,0.0020423082403766557,0.0,,187
3223,7,1,1.3467018456309932,0.026934036912619863,0.19238597794728474,7,1,7,7,2,0.0030012679125377417,154.0,,146
3224,7,1,1.3437005777184732,0.026874011554369463,0.1919572253883533,7,1,7,7,2,0.0030012679125164254,154.0,,146
3225,7,1,1.3406993098059534,0.026813986196119067,0.19152847282942193,7,1,7,7,2,0.003001267912523531,154.0,,146
3226,7,1,1.3376980418934332,0.026753960837868664,0.19109972027049046,7,1,7,7,2,0.0030012679125164254,154.0,,146
3227,7,1,1.3346967739809137,0.026693935479618274,0.19067096771155906,7,1,7,7,2,0.0030012679125377417,154.0,,146
3228,7,1,1.3316955060683935,0.02663391012136787,0.19024221515262768,7,1,7,7,2,0.0030012679125022146,154.0,,146
3229,7,1,1.3286942381558737,0.026573884763117474,0.18981346259369625,7,1,7,7,2,0.0030012679125306363,154.0,,146
3230,7,1,1.3256929702433538,0.026513859404867075,0.18938471003476484,7,1,7,7,2,0.003001267912523531,154.0,,146
3231,7,1,1.322691702330834,0.026453834046616678,0.1889559574758334,7,1,7,7,2,0.003001267912523531,154.0,,146
3232,7,1,1.3196904344183138,0.026393808688366275,0.188527204916902,7,1,7,7,2,0.0030012679125164254,154.0,,146
3233,7,1,1.3166891665057943,0.026333783330115886,0.1880984523579706,7,1,7,7,2,0.0030012679125306363,154.0,,146
3234,7,1,1.3136878985932743,0.026273757971865486,0.18766969979903916,7,1,7,7,2,0.0030012679125164254,154.0,,146
3235,7,1,1.3106866306807543,0.026213732613615086,0.18724094724010776,7,1,7,7,2,0.0030012679125306363,154.0,,146
3236,7,1,1.3076853627682343,0.026153707255364686,0.18681219468117635,7,1,7,7,2,0.0030012679125164254,154.0,,146
3237,7,1,1.3046840948557146,0.026093681897114293,0.18638344212224495,7,1,7,7,2,0.003001267912523531,154.0,,146
3238,7,1,1.3016828269431946,0.026033656538863893,0.18595468956331354,7,1,7,7,2,0.0030012679125164254,154.0,,146
3239,7,1,1.2986815590306748,0.025973631180613497,0.1855259370043821,7,1,7,7,2,0.003001267912523531,154.0,,146
3240,7,1,1.2956802911181549,0.025913605822363097,0.1850971844454507,7,1,7,7,2,0.003001267912523531,154.0,,146
3241,7,1,1.292679023205635,0.0258535804641127,0.1846684318865193,7,1,7,7,2,0.003001267912523531,154.0,,146
3242,7,1,1.289677755293115,0.025793555105862297,0.18423967932758784,7,1,7,7,2,0.0030012679125164254,154.0,,146
3243,7,1,1.2866764873805954,0.025733529747611908,0.18381092676865646,7,1,7,7,2,0.0030012679125377417,154.0,,146
3244,7,1,1.2836752194680752,0.025673504389361505,0.18338217420972505,7,1,7,7,2,0.00300126791250932,154.0,,146
3245,7,1,1.2806739515555554,0.025613479031111108,0.18295342165079362,7,1,7,7,2,0.0030012679125306363,154.0,,146
3246,7,1,1.2776726836430354,0.02555345367286071,0.18252466909186224,7,1,7,7,2,0.00300126791250932,154.0,,146
3247,7,1,1.2746714157305157,0.025493428314610312,0.18209591653293078,7,1,7,7,2,0.0030012679125306363,154.0,,146
3248,7,1,1.2716701478179955,0.02543340295635991,0.18166716397399937,7,1,7,7,2,0.0030012679125164254,154.0,,146
3249,7,1,1.268668879905476,0.02537337759810952,0.181238411415068,7,1,7,7,2,0.0030012679125306363,154.0,,146
3250,7,1,1.265667611992956,0.02531335223985912,0.18080965885613653,7,1,7,7,2,0.0030012679125164254,154.0,,146
3251,7,1,1.262666344080436,0.02525332688160872,0.18038090629720513,7,1,7,7,2,0.0030012679125306363,154.0,,146
3252,7,1,1.259665076167916,0.02519330152335832,0.17995215373827375,7,1,7,7,2,0.0030012679125164254,154.0,,146
3253,7,1,1.2566638082553963,0.025133276165107923,0.17952340117934232,7,1,7,7,2,0.0030012679125306363,154.0,,146
3254,7,1,1.2536625403428763,0.025073250806857527,0.17909464862041094,7,1,7,7,2,0.0030012679125164254,154.0,,146
3255,7,1,1.2506612724303565,0.02501322544860713,0.1786658960614795,7,1,7,7,2,0.003001267912523531,154.0,,146
3256,7,1,1.2476600045178365,0.02495320009035673,0.17823714350254807,7,1,7,7,2,0.0030012679125164254,154.0,,146
3257,7,1,1.2446587366053168,0.024893174732106334,0.1778083909436167,7,1,7,7,2,0.003001267912523531,154.0,,146
3258,7,1,1.2416574686927966,0.02483314937385593,0.17737963838468523,7,1,7,7,2,0.0030012679125164254,154.0,,146
3259,7,1,1.238656200780277,0.02477312401560554,0.17695088582575383,7,1,7,7,2,0.0030012679125377417,154.0,,146
3260,7,1,1.2356549328677569,0.02471309865735514,0.17652213326682245,7,1,7,7,2,0.00300126791250932,154.0,,146
3261,7,1,1.232653664955237,0.024653073299104742,0.17609338070789102,7,1,7,7,2,0.0030012679125306363,154.0,,146
3262,7,1,1.2296523970427171,0.024593047940854342,0.1756646281489596,7,1,7,7,2,0.0030012679125164254,154.0,,146
3263,7,1,1.2266511291301974,0.024533022582603946,0.17523587559002815,7,1,7,7,2,0.0030012679125306363,154.0,,146
3264,7,1,1.2236498612176772,0.024472997224353542,0.17480712303109677,7,1,7,7,2,0.00300126791250932,154.0,,146
3265,7,1,1.2206485933051576,0.024412971866103153,0.17437837047216537,7,1,7,7,2,0.0030012679125306363,154.0,,146
3266,7,1,1.2176473253926376,0.024352946507852753,0.1739496179132339,7,1,7,7,2,0.0030012679125164254,154.0,,146
3267,7,1,1.2146460574801177,0.024292921149602353,0.17352086535430253,7,1,7,7,2,0.0030012679125306363,154.0,,146
3268,7,1,1.2116447895675977,0.024232895791351954,0.17309211279537112,7,1,7,7,2,0.0030012679125164254,154.0,,146
3269,7,1,1.208643521655078,0.024172870433101557,0.17266336023643972,7,1,7,7,2,0.0030012679125306363,154.0,,146
3270,7,1,1.205642253742558,0.02411284507485116,0.1722346076775083,7,1,7,7,2,0.00300126791250932,154.0,,146
3271,7,1,1.2026409858300382,0.024052819716600764,0.17180585511857688,7,1,7,7,2,0.0030012679125377417,154.0,,146
3272,7,1,1.1996397179175182,0.023992794358350365,0.17137710255964547,7,1,7,7,2,0.0030012679125164254,154.0,,146
3273,7,1,1.1966384500049985,0.023932769000099968,0.17094835000071407,7,1,7,7,2,0.003001267912523531,154.0,,146
3274,7,1,1.1936371820924785,0.02387274364184957,0.17051959744178263,7,1,7,7,2,0.00300126791250932,154.0,,146
3275,7,1,1.1906359141799587,0.023812718283599175,0.17009084488285123,7,1,7,7,2,0.0030012679125377417,154.0,,146
3276,7,1,1.1876346462674388,0.023752692925348776,0.16966209232391982,7,1,7,7,2,0.00300126791250932,154.0,,146
3277,7,1,1.184633378354919,0.02369266756709838,0.16923333976498842,7,1,7,7,2,0.0030012679125306363,154.0,,146
3278,7,1,1.1816321104423992,0.023632642208847986,0.168804587206057,7,1,7,7,2,0.003001267912523531,154.0,,146
3279,7,1,1.1786308425298793,0.023572616850597587,0.1683758346471256,7,1,7,7,2,0.003001267912523531,154.0,,146
3280,7,1,1.1756295746173593,0.023512591492347187,0.16794708208819417,7,1,7,7,2,0.0030012679125164254,154.0,,146
3281,7,1,1.1726283067048398,0.023452566134096794,0.1675183295292628,7,1,7,7,2,0.0030012679125306363,154.0,,146
3282,7,1,1.1696270387923198,0.023392540775846394,0.16708957697033136,7,1,7,7,2,0.0030012679125164254,154.0,,146
3283,7,1,1.1666257708797998,0.023332515417595998,0.16666082441139998,7,1,7,7,2,0.003001267912523531,154.0,,146
3284,7,1,1.1636245029672798,0.023272490059345598,0.16623207185246858,7,1,7,7,2,0.0030012679125164254,154.0,,146
3285,7,1,1.1606232350547603,0.023212464701095205,0.16580331929353714,7,1,7,7,2,0.0030012679125306363,154.0,,146
3286,7,1,1.1576219671422403,0.023152439342844805,0.16537456673460577,7,1,7,7,2,0.0030012679125164254,154.0,,146
3287,7,1,1.1546206992297205,0.023092413984594412,0.16494581417567433,7,1,7,7,2,0.003001267912523531,154.0,,146
3288,7,1,1.1516194313172006,0.023032388626344012,0.16451706161674293,7,1,7,7,2,0.003001267912523531,154.0,,146
3289,7,1,1.1486181634046808,0.022972363268093616,0.16408830905781155,7,1,7,7,2,0.003001267912523531,154.0,,146
3290,7,1,1.1456168954921608,0.022912337909843216,0.16365955649888012,7,1,7,7,2,0.0030012679125164254,154.0,,146
3291,7,1,1.142615627579641,0.022852312551592823,0.16323080393994868,7,1,7,7,2,0.0030012679125377417,154.0,,146
3292,7,1,1.139614359667121,0.022792287193342423,0.16280205138101733,7,1,7,7,2,0.0030012679125022146,154.0,,146
3293,7,1,1.1366130917546013,0.022732261835092027,0.1623732988220859,7,1,7,7,2,0.0030012679125306363,154.0,,146
3294,7,1,1.1336118238420814,0.022672236476841627,0.1619445462631545,7,1,7,7,2,0.0030012679125164254,154.0,,146
3295,7,1,1.1306105559295616,0.02261221111859123,0.16151579370422306,7,1,7,7,2,0.0030012679125306363,154.0,,146
3296,7,1,1.1276092880170419,0.022552185760340838,0.16108704114529165,7,1,7,7,2,0.0030012679125164254,154.0,,146
3297,7,1,1.1246080201045219,0.022492160402090438,0.16065828858636028,7,1,7,7,2,0.0030012679125306363,154.0,,146
3298,7,1,1.121606752192002,0.022432135043840038,0.16022953602742887,7,1,7,7,2,0.0030012679125164254,154.0,,146
3299,7,1,1.1186054842794824,0.02237210968558965,0.15980078346849744,7,1,7,7,2,0.0030012679125306363,154.0,,146
3300,7,1,1.1156042163669624,0.02231208432733925,0.15937203090956606,7,1,7,7,2,0.0030012679125164254,154.0,,146
3301,7,1,1.1126029484544426,0.022252058969088852,0.15894327835063463,7,1,7,7,2,0.003001267912523531,154.0,,146
3302,7,1,1.1096016805419227,0.022192033610838453,0.15851452579170325,7,1,7,7,2,0.00300126791250932,154.0,,146
3303,7,1,1.106600412629403,0.022132008252588056,0.15808577323277184,7,1,7,7,2,0.0030012679125377417,154.0,,146
3304,7,1,1.103599144716883,0.02207198289433766,0.1576570206738404,7,1,7,7,2,0.0030012679125164254,154.0,,146
3305,7,1,1.1005978768043632,0.022011957536087264,0.15722826811490903,7,1,7,7,2,0.003001267912523531,154.0,,146
3306,7,1,1.0975966088918432,0.021951932177836864,0.1567995155559776,7,1,7,7,2,0.0030012679125164254,154.0,,146
3307,7,1,1.0945953409793234,0.021891906819586467,0.15637076299704616,7,1,7,7,2,0.0030012679125377417,154.0,,146
3308,7,1,1.0915940730668034,0.021831881461336067,0.1559420104381148,7,1,7,7,2,0.00300126791250932,154.0,,146
3309,7,1,1.0885928051542837,0.021771856103085675,0.15551325787918338,7,1,7,7,2,0.0030012679125306363,154.0,,146
3310,7,1,1.085591537241764,0.021711830744835278,0.15508450532025195,7,1,7,7,2,0.0030012679125164254,154.0,,146
3311,7,1,1.082590269329244,0.02165180538658488,0.15465575276132057,7,1,7,7,2,0.003001267912523531,154.0,,146
3312,7,1,1.079589001416724,0.02159178002833448,0.15422700020238916,7,1,7,7,2,0.0030012679125164254,154.0,,146
3313,7,1,1.0765877335042044,0.02153175467008409,0.15379824764345779,7,1,7,7,2,0.0030012679125306363,154.0,,146
3314,7,1,1.0735864655916845,0.02147172931183369,0.15336949508452635,7,1,7,7,2,0.0030012679125164254,154.0,,146
3315,7,1,1.0705851976791647,0.021411703953583293,0.15294074252559492,7,1,7,7,2,0.0030012679125306363,154.0,,146
3316,7,1,1.0675839297666447,0.021351678595332893,0.15251198996666354,7,1,7,7,2,0.0030012679125164254,154.0,,146
3317,7,1,1.064582661854125,0.0212916532370825,0.15208323740773214,7,1,7,7,2,0.0030012679125306363,154.0,,146
3318,7,1,1.061581393941605,0.0212316278788321,0.15165448484880076,7,1,7,7,2,0.00300126791250932,154.0,,146
3319,7,1,1.0585801260290855,0.02117160252058171,0.15122573228986935,7,1,7,7,2,0.003001267912523531,154.0,,146
3320,7,1,1.0555788581165655,0.02111157716233131,0.15079697973093792,7,1,7,7,2,0.003001267912523531,154.0,,146
3321,7,1,1.0525775902040457,0.021051551804080915,0.15036822717200654,7,1,7,7,2,0.003001267912523531,154.0,,146
3322,7,1,1.0495763222915258,0.020991526445830515,0.1499394746130751,7,1,7,7,2,0.0030012679125164254,154.0,,146
3323,7,1,1.046575054379006,0.02093150108758012,0.1495107220541437,7,1,7,7,2,0.0030012679125377417,154.0,,146
3324,7,1,1.043573786466486,0.020871475729329722,0.14908196949521232,7,1,7,7,2,0.00300126791250932,154.0,,146
3325,7,1,1.0405725185539665,0.02081145037107933,0.1486532169362809,7,1,7,7,2,0.0030012679125306363,154.0,,146
3326,7,1,1.0375712506414465,0.02075142501282893,0.1482244643773495,7,1,7,7,2,0.003001267912523531,154.0,,146
3327,7,1,1.0345699827289268,0.020691399654578536,0.14779571181841808,7,1,7,7,2,0.003001267912523531,154.0,,146
3328,7,1,1.0315687148164068,0.020631374296328137,0.14736695925948667,7,1,7,7,2,0.0030012679125164254,154.0,,146
3329,7,1,1.028567446903887,0.02057134893807774,0.1469382067005553,7,1,7,7,2,0.003001267912523531,154.0,,146
3330,7,1,1.025566178991367,0.02051132357982734,0.1465094541416239,7,1,7,7,2,0.0030012679125164254,154.0,,146
3331,7,1,1.0225649110788475,0.02045129822157695,0.14608070158269246,7,1,7,7,2,0.0030012679125306363,154.0,,146
3332,7,1,1.0195636431663275,0.02039127286332655,0.14565194902376108,7,1,7,7,2,0.0030012679125164254,154.0,,146
3333,7,1,1.0165623752538078,0.020331247505076155,0.14522319646482967,7,1,7,7,2,0.0030012679125306363,154.0,,146
3334,7,1,1.0135611073412878,0.020271222146825755,0.14479444390589827,7,1,7,7,2,0.0030012679125164254,154.0,,146
3335,7,1,1.010559839428768,0.020211196788575362,0.14436569134696686,7,1,7,7,2,0.003001267912523531,154.0,,146
3336,7,1,1.0075585715162483,0.020151171430324966,0.14393693878803546,7,1,7,7,2,0.003001267912523531,154.0,,146
3337,7,1,1.0045573036037285,0.02009114607207457,0.14350818622910408,7,1,7,7,2,0.003001267912523531,154.0,,146
3338,7,1,1.0015560356912085,0.02003112071382417,0.14307943367017265,7,1,7,7,2,0.00300126791250932,154.0,,146
3339,7,1,0.9985547677786888,0.019971095355573776,0.14265068111124127,7,1,7,7,2,0.0030012679125377417,154.0,,146
3340,7,1,0.9955534998661689,0.01991106999732338,0.14222192855230983,7,1,7,7,2,0.00300126791250932,154.0,,146
3341,7,1,0.9925522319536492,0.019851044639072984,0.14179317599337843,7,1,7,7,2,0.0030012679125306363,154.0,,146
3342,7,1,0.9895509640411293,0.019791019280822587,0.14136442343444705,7,1,7,7,2,0.0030012679125164254,154.0,,146
3343,7,1,0.9865496961286095,0.01973099392257219,0.14093567087551565,7,1,7,7,2,0.0030012679125306363,154.0,,146
3344,7,1,0.9835484282160896,0.01967096856432179,0.1405069183165842,7,1,7,7,2,0.0030012679125164254,154.0,,146
3345,7,1,0.9805471603035698,0.019610943206071395,0.14007816575765283,7,1,7,7,2,0.0030012679125306363,154.0,,146
3346,7,1,0.9775458923910499,0.019550917847821,0.13964941319872143,7,1,7,7,2,0.0030012679125164254,154.0,,146
3347,7,1,0.9745446244785302,0.019490892489570602,0.13922066063979002,7,1,7,7,2,0.003001267912523531,154.0,,146
3348,6,1,0.972709123574574,0.019454182471491478,0.162118187262429,6,0,6,0,2,0.0018355009039581205,0.0,,146
3349,6,1,0.9701193730436501,0.019402387460873003,0.1616865621739417,6,1,6,6,2,0.0025897505309231406,134.0,,107
3350,6,1,0.9675296225127263,0.019350592450254528,0.16125493708545438,6,1,6,6,2,0.0025897505309373514,134.0,,107
3351,6,1,0.9649398719818023,0.019298797439636046,0.16082331199696706,6,1,6,6,2,0.002589750530916035,134.0,,107
3352,6,1,0.9623501214508785,0.01924700242901757,0.16039168690847974,6,1,6,6,2,0.0025897505309231406,134.0,,107
3353,6,1,0.9597603709199547,0.019195207418399095,0.15996006181999242,6,1,6,6,2,0.0025897505309231406,134.0,,107
3354,6,1,0.9571706203890307,0.019143412407780613,0.15952843673150513,6,1,6,6,2,0.0025897505309373514,134.0,,107
3355,6,1,0.9545808698581069,0.019091617397162138,0.1590968116430178,6,1,6,6,2,0.002589750530916035,134.0,,107
3356,6,1,0.951991119327183,0.01903982238654366,0.1586651865545305,6,1,6,6,2,0.0025897505309231406,134.0,,107
3357,6,1,0.9494013687962591,0.018988027375925184,0.1582335614660432,6,1,6,6,2,0.0025897505309231406,134.0,,107
3358,6,1,0.9468116182653353,0.018936232365306706,0.15780193637755588,6,1,6,6,2,0.0025897505309373514,134.0,,107
3359,6,1,0.9442218677344116,0.018884437354688234,0.15737031128906856,6,1,6,6,2,0.0025897505309231406,134.0,,107
3360,6,1,0.9416321172034877,0.018832642344069755,0.1569386862005813,6,1,6,6,2,0.0025897505309231406,134.0,,107
3361,6,1,0.9390423666725638,0.018780847333451277,0.15650706111209398,6,1,6,6,2,0.002589750530930246,134.0,,107
3362,6,1,0.93645261614164,0.018729052322832798,0.15607543602360668,6,1,6,6,2,0.0025897505309231406,134.0,,107
3363,6,1,0.9338628656107163,0.018677257312214327,0.15564381093511936,6,1,6,6,2,0.0025897505309231406,134.0,,107
3364,6,1,0.9312731150797924,0.018625462301595848,0.15521218584663207,6,1,6,6,2,0.0025897505309231406,134.0,,107
3365,6,1,0.9286833645488686,0.018573667290977373,0.15478056075814475,6,1,6,6,2,0.002589750530930246,134.0,,107
3366,6,1,0.9260936140179448,0.018521872280358894,0.15434893566965746,6,1,6,6,2,0.002589750530930246,134.0,,107
3367,6,1,0.923503863487021,0.01847007726974042,0.15391731058117014,6,1,6,6,2,0.0025897505309231406,134.0,,107
3368,6,1,0.9209141129560972,0.018418282259121944,0.15348568549268285,6,1,6,6,2,0.002589750530916035,134.0,,107
3369,6,1,0.9183243624251732,0.018366487248503465,0.15305406040419556,6,1,6,6,2,0.0025897505309373514,134.0,,107
3370,6,1,0.9157346118942495,0.01831469223788499,0.15262243531570827,6,1,6,6,2,0.0025897505309231406,134.0,,107
3371,6,1,0.9131448613633257,0.018262897227266515,0.15219081022722095,6,1,6,6,2,0.0025897505309231406,134.0,,107
3372,6,1,0.9105551108324019,0.01821110221664804,0.15175918513873363,6,1,6,6,2,0.002589750530916035,134.0,,107
3373,6,1,0.9079653603014781,0.01815930720602956,0.15132756005024633,6,1,6,6,2,0.002589750530930246,134.0,,107
3374,6,1,0.9053756097705542,0.018107512195411082,0.15089593496175904,6,1,6,6,2,0.002589750530930246,134.0,,107
3375,6,1,0.9027858592396305,0.01805571718479261,0.15046430987327175,6,1,6,6,2,0.002589750530930246,134.0,,107
3376,6,1,0.9001961087087067,0.018003922174174136,0.15003268478478446,6,1,6,6,2,0.002589750530916035,134.0,,107
3377,6,1,0.8976063581777829,0.017952127163555657,0.14960105969629714,6,1,6,6,2,0.002589750530930246,134.0,,107
3378,6,1,0.8950166076468591,0.01790033215293718,0.14916943460780985,6,1,6,6,2,0.002589750530930246,134.0,,107
3379,6,1,0.8924268571159353,0.017848537142318707,0.14873780951932256,6,1,6,6,2,0.002589750530916035,134.0,,107
3380,6,1,0.8898371065850115,0.017796742131700228,0.14830618443083524,6,1,6,6,2,0.002589750530930246,134.0,,107
3381,6,1,0.8872473560540878,0.017744947121081756,0.14787455934234794,6,1,6,6,2,0.0025897505309231406,134.0,,107
3382,6,1,0.8846576055231639,0.017693152110463278,0.14744293425386065,6,1,6,6,2,0.002589750530930246,134.0,,107
3383,6,1,0.88206785499224,0.017641357099844802,0.14701130916537336,6,1,6,6,2,0.0025897505309231406,134.0,,107
3384,6,1,0.8794781044613164,0.017589562089226327,0.14657968407688607,6,1,6,6,2,0.0025897505309231406,134.0,,107
3385,6,1,0.8768883539303926,0.017537767078607852,0.14614805898839875,6,1,6,6,2,0.0025897505309231406,134.0,,107
3386,6,1,0.8742986033994689,0.017485972067989377,0.14571643389991146,6,1,6,6,2,0.0025897505309373514,134.0,,107
3387,6,1,0.8717088528685449,0.0174341770573709,0.14528480881142417,6,1,6,6,2,0.0025897505309231406,134.0,,107
3388,6,1,0.8691191023376212,0.017382382046752423,0.14485318372293685,6,1,6,6,2,0.002589750530916035,134.0,,107
3389,6,1,0.8665293518066974,0.017330587036133948,0.14442155863444955,6,1,6,6,2,0.002589750530930246,134.0,,107
3390,6,1,0.8639396012757735,0.01727879202551547,0.14398993354596226,6,1,6,6,2,0.0025897505309231406,134.0,,107
3391,6,1,0.8613498507448498,0.017226997014896998,0.14355830845747497,6,1,6,6,2,0.0025897505309373514,134.0,,107
3392,6,1,0.858760100213926,0.01717520200427852,0.14312668336898768,6,1,6,6,2,0.002589750530916035,134.0,,107
3393,6,1,0.8561703496830022,0.017123406993660044,0.14269505828050036,6,1,6,6,2,0.002589750530930246,134.0,,107
3394,6,1,0.8535805991520784,0.01707161198304157,0.14226343319201307,6,1,6,6,2,0.002589750530930246,134.0,,107
3395,6,1,0.8509908486211546,0.017019816972423094,0.14183180810352577,6,1,6,6,2,0.002589750530916035,134.0,,107
3396,6,1,0.8484010980902308,0.016968021961804615,0.14140018301503846,6,1,6,6,2,0.002589750530930246,134.0,,107
3397,6,1,0.8458113475593071,0.016916226951186143,0.14096855792655116,6,1,6,6,2,0.0025897505309231406,134.0,,107
3398,6,1,0.8432215970283832,0.016864431940567665,0.14053693283806387,6,1,6,6,2,0.002589750530930246,134.0,,107
3399,6,1,0.8406318464974594,0.016812636929949186,0.14010530774957658,6,1,6,6,2,0.0025897505309231406,134.0,,107
3400,6,1,0.8380420959665357,0.016760841919330714,0.1396736826610893,6,1,6,6,2,0.0025897505309231406,134.0,,107
3401,6,1,0.8354523454356119,0.016709046908712236,0.13924205757260197,6,1,6,6,2,0.002589750530930246,134.0,,107
3402,6,1,0.8328625949046882,0.016657251898093764,0.13881043248411468,6,1,6,6,2,0.002589750530930246,134.0,,107
3403,6,1,0.8302728443737643,0.016605456887475285,0.13837880739562738,6,1,6,6,2,0.0025897505309231406,134.0,,107
3404,6,1,0.8276830938428406,0.01655366187685681,0.13794718230714006,6,1,6,6,2,0.002589750530916035,134.0,,107
3405,6,1,0.8250933433119167,0.016501866866238335,0.13751555721865277,6,1,6,6,2,0.002589750530930246,134.0,,107
3406,6,1,0.8225035927809928,0.016450071855619856,0.13708393213016548,6,1,6,6,2,0.0025897505309231406,134.0,,107
3407,6,1,0.8199138422500691,0.01639827684500138,0.1366523070416782,6,1,6,6,2,0.0025897505309373514,134.0,,107
3408,6,1,0.8173240917191453,0.016346481834382906,0.1362206819531909,6,1,6,6,2,0.002589750530916035,134.0,,107
3409,6,1,0.8147343411882215,0.01629468682376443,0.13578905686470358,6,1,6,6,2,0.002589750530930246,134.0,,107
3410,6,1,0.8121445906572977,0.016242891813145956,0.13535743177621629,6,1,6,6,2,0.002589750530930246,134.0,,107
3411,6,1,0.8095548401263739,0.016191096802527477,0.134925806687729,6,1,6,6,2,0.002589750530916035,134.0,,107
3412,6,1,0.8069650895954501,0.016139301791909002,0.13449418159924167,6,1,6,6,2,0.002589750530930246,134.0,,107
3413,6,1,0.8043753390645264,0.016087506781290527,0.13406255651075438,6,1,6,6,2,0.0025897505309231406,134.0,,107
3414,6,1,0.8017855885336025,0.016035711770672048,0.1336309314222671,6,1,6,6,2,0.002589750530930246,134.0,,107
3415,6,1,0.7991958380026787,0.015983916760053573,0.1331993063337798,6,1,6,6,2,0.0025897505309231406,134.0,,107
3416,6,1,0.796606087471755,0.0159321217494351,0.1327676812452925,6,1,6,6,2,0.0025897505309231406,134.0,,107
3417,6,1,0.7940163369408312,0.015880326738816623,0.13233605615680522,6,1,6,6,2,0.0025897505309231406,134.0,,107
3418,6,1,0.7914265864099075,0.01582853172819815,0.13190443106831792,6,1,6,6,2,0.0025897505309373514,134.0,,107
3419,6,1,0.7888368358789837,0.015776736717579672,0.1314728059798306,6,1,6,6,2,0.0025897505309231406,134.0,,107
3420,6,1,0.7862470853480599,0.015724941706961197,0.1310411808913433,6,1,6,6,2,0.002589750530916035,134.0,,107
3421,6,1,0.7836573348171362,0.015673146696342722,0.13060955580285602,6,1,6,6,2,0.002589750530930246,134.0,,107
3422,6,1,0.7810675842862123,0.015621351685724245,0.1301779307143687,6,1,6,6,2,0.0025897505309231406,134.0,,107
3423,6,1,0.7784778337552886,0.015569556675105772,0.1297463056258814,6,1,6,6,2,0.0025897505309373514,134.0,,107
3424,6,1,0.7758880832243648,0.015517761664487295,0.12931468053739412,6,1,6,6,2,0.002589750530916035,134.0,,107
3425,6,1,0.773298332693441,0.01546596665386882,0.12888305544890682,6,1,6,6,2,0.002589750530930246,134.0,,107
3426,6,1,0.7707085821625173,0.015414171643250344,0.12845143036041953,6,1,6,6,2,0.002589750530930246,134.0,,107
3427,6,1,0.7681188316315934,0.01536237663263187,0.12801980527193224,6,1,6,6,2,0.002589750530916035,134.0,,107
3428,6,1,0.7655290811006696,0.015310581622013392,0.12758818018344495,6,1,6,6,2,0.002589750530930246,134.0,,107
3429,6,1,0.7629393305697459,0.015258786611394919,0.12715655509495763,6,1,6,6,2,0.0025897505309231406,134.0,,107
3430,6,1,0.760349580038822,0.01520699160077644,0.12672493000647034,6,1,6,6,2,0.002589750530930246,134.0,,107
3431,6,1,0.7577598295078983,0.015155196590157967,0.12629330491798305,6,1,6,6,2,0.0025897505309231406,134.0,,107
3432,6,1,0.7551700789769745,0.01510340157953949,0.12586167982949575,6,1,6,6,2,0.0025897505309231406,134.0,,107
3433,6,1,0.7525803284460507,0.015051606568921015,0.12543005474100846,6,1,6,6,2,0.002589750530930246,134.0,,107
3434,6,1,0.749990577915127,0.01499981155830254,0.12499842965252117,6,1,6,6,2,0.002589750530930246,134.0,,107
3435,6,1,0.7474008273842032,0.014948016547684065,0.12456680456403386,6,1,6,6,2,0.0025897505309231406,134.0,,107
3436,6,1,0.7448110768532794,0.014896221537065588,0.12413517947554657,6,1,6,6,2,0.002589750530916035,134.0,,107
3437,6,1,0.7422213263223557,0.014844426526447114,0.12370355438705928,6,1,6,6,2,0.002589750530930246,134.0,,107
3438,6,1,0.7396315757914319,0.014792631515828637,0.12327192929857199,6,1,6,6,2,0.0025897505309231406,134.0,,107
3439,6,1,0.7370418252605082,0.014740836505210164,0.12284030421008468,6,1,6,6,2,0.0025897505309373514,134.0,,107
3440,6,1,0.7344520747295844,0.014689041494591689,0.1224086791215974,6,1,6,6,2,0.002589750530916035,134.0,,107
3441,6,1,0.7318623241986606,0.014637246483973212,0.12197705403311009,6,1,6,6,2,0.002589750530930246,134.0,,107
3442,6,1,0.7292725736677368,0.014585451473354737,0.1215454289446228,6,1,6,6,2,0.002589750530930246,134.0,,107
3443,6,1,0.726682823136813,0.01453365646273626,0.1211138038561355,6,1,6,6,2,0.002589750530916035,134.0,,107
3444,6,1,0.7240930726058892,0.014481861452117783,0.1206821787676482,6,1,6,6,2,0.002589750530930246,134.0,,107
3445,6,1,0.7215033220749655,0.01443006644149931,0.12025055367916093,6,1,6,6,2,0.0025897505309231406,134.0,,107
3446,6,1,0.7189135715440417,0.014378271430880834,0.11981892859067361,6,1,6,6,2,0.002589750530930246,134.0,,107
3447,6,1,0.716323821013118,0.014326476420262359,0.11938730350218633,6,1,6,6,2,0.002589750530916035,134.0,,107
3448,6,1,0.7137340704821942,0.014274681409643884,0.11895567841369903,6,1,6,6,2,0.002589750530930246,134.0,,107
3449,6,1,0.7111443199512704,0.014222886399025407,0.11852405332521172,6,1,6,6,2,0.0025897505309231406,134.0,,107
3450,6,1,0.7085545694203466,0.014171091388406932,0.11809242823672444,6,1,6,6,2,0.0025897505309373514,134.0,,107
3451,6,1,0.7059648188894229,0.014119296377788457,0.11766080314823713,6,1,6,6,2,0.0025897505309231406,134.0,,107
3452,6,1,0.7033750683584991,0.014067501367169982,0.11722917805974985,6,1,6,6,2,0.002589750530916035,134.0,,107
3453,6,1,0.7007853178275754,0.014015706356551506,0.11679755297126254,6,1,6,6,2,0.002589750530930246,134.0,,107
3454,6,1,0.6981955672966514,0.01396391134593303,0.11636592788277524,6,1,6,6,2,0.0025897505309231406,134.0,,107
3455,6,1,0.6956058167657277,0.013912116335314554,0.11593430279428796,6,1,6,6,2,0.002589750530930246,134.0,,107
3456,6,1,0.6930160662348039,0.01386032132469608,0.11550267770580065,6,1,6,6,2,0.0025897505309231406,134.0,,107
3457,6,1,0.6904263157038801,0.013808526314077602,0.11507105261731336,6,1,6,6,2,0.002589750530930246,134.0,,107
3458,5,1,0.6889498400739942,0.013778996801479884,0.13778996801479884,5,0,5,0,2,0.0014764756298859538,0.0,,107
3459,5,1,0.6868494472855172,0.013736988945710344,0.13736988945710343,5,1,5,5,2,0.002100392788477734,114.0,,74
3460,5,1,0.6847490544970404,0.013694981089940807,0.13694981089940808,5,1,5,5,2,0.0021003927884848395,114.0,,74
3461,5,1,0.6826486617085634,0.013652973234171268,0.13652973234171267,5,1,5,5,2,0.002100392788477734,114.0,,74
3462,5,1,0.6805482689200866,0.013610965378401731,0.1361096537840173,5,1,5,5,2,0.0021003927884848395,114.0,,74
3463,5,1,0.6784478761316097,0.013568957522632194,0.1356895752263219,5,1,5,5,2,0.0021003927884848395,114.0,,74
3464,5,1,0.6763474833431327,0.013526949666862654,0.13526949666862653,5,1,5,5,2,0.0021003927884848395,114.0,,74
3465,5,1,0.6742470905546558,0.013484941811093117,0.13484941811093115,5,1,5,5,2,0.002100392788477734,114.0,,74
3466,5,1,0.672146697766179,0.01344293395532358,0.1344293395532358,5,1,5,5,2,0.0021003927884848395,114.0,,74
3467,5,1,0.670046304977702,0.01340092609955404,0.13400926099554042,5,1,5,5,2,0.0021003927884848395,114.0,,74
3468,5,1,0.6679459121892252,0.013358918243784504,0.13358918243784504,5,1,5,5,2,0.002100392788477734,114.0,,74
3469,5,1,0.6658455194007482,0.013316910388014963,0.13316910388014963,5,1,5,5,2,0.0021003927884848395,114.0,,74
3470,5,1,0.6637451266122714,0.013274902532245426,0.13274902532245425,5,1,5,5,2,0.002100392788477734,114.0,,74
3471,5,1,0.6616447338237945,0.013232894676475891,0.13232894676475887,5,1,5,5,2,0.0021003927884848395,114.0,,74
3472,5,1,0.6595443410353174,0.013190886820706349,0.1319088682070635,5,1,5,5,2,0.002100392788477734,114.0,,74
3473,5,1,0.6574439482468406,0.013148878964936812,0.1314887896493681,5,1,5,5,2,0.002100392788477734,114.0,,74
3474,5,1,0.6553435554583638,0.013106871109167275,0.13106871109167276,5,1,5,5,2,0.0021003927884848395,114.0,,74
3475,5,1,0.6532431626698868,0.013064863253397736,0.13064863253397735,5,1,5,5,2,0.002100392788477734,114.0,,74
3476,5,1,0.65114276988141,0.0130228553976282,0.130228553976282,5,1,5,5,2,0.0021003927884848395,114.0,,74
3477,5,1,0.649042377092933,0.01298084754185866,0.1298084754185866,5,1,5,5,2,0.0021003927884848395,114.0,,74
3478,5,1,0.6469419843044562,0.012938839686089124,0.1293883968608912,5,1,5,5,2,0.0021003927884848395,114.0,,74
3479,5,1,0.6448415915159793,0.012896831830319587,0.12896831830319583,5,1,5,5,2,0.002100392788477734,114.0,,74
3480,5,1,0.6427411987275022,0.012854823974550044,0.12854823974550048,5,1,5,5,2,0.002100392788491945,114.0,,74
3481,5,1,0.6406408059390254,0.012812816118780507,0.12812816118780507,5,1,5,5,2,0.002100392788477734,114.0,,74
3482,5,1,0.6385404131505485,0.01277080826301097,0.12770808263010971,5,1,5,5,2,0.002100392788477734,114.0,,74
3483,5,1,0.6364400203620716,0.012728800407241432,0.12728800407241433,5,1,5,5,2,0.0021003927884848395,114.0,,74
3484,5,1,0.6343396275735947,0.012686792551471895,0.12686792551471895,5,1,5,5,2,0.002100392788477734,114.0,,74
3485,5,1,0.6322392347851178,0.012644784695702356,0.12644784695702355,5,1,5,5,2,0.0021003927884848395,114.0,,74
3486,5,1,0.6301388419966409,0.012602776839932819,0.12602776839932817,5,1,5,5,2,0.002100392788477734,114.0,,74
3487,5,1,0.6280384492081641,0.012560768984163282,0.12560768984163279,5,1,5,5,2,0.0021003927884848395,114.0,,74
3488,5,1,0.625938056419687,0.01251876112839374,0.1251876112839374,5,1,5,5,2,0.002100392788477734,114.0,,74
3489,5,1,0.6238376636312102,0.012476753272624203,0.12476753272624204,5,1,5,5,2,0.0021003927884848395,114.0,,74
3490,5,1,0.6217372708427333,0.012434745416854666,0.12434745416854667,5,1,5,5,2,0.0021003927884848395,114.0,,74
3491,5,1,0.6196368780542564,0.012392737561085127,0.12392737561085128,5,1,5,5,2,0.002100392788477734,114.0,,74
3492,5,1,0.6175364852657794,0.012350729705315588,0.12350729705315591,5,1,5,5,2,0.0021003927884848395,114.0,,74
3493,5,1,0.6154360924773026,0.012308721849546051,0.12308721849546052,5,1,5,5,2,0.002100392788477734,114.0,,74
3494,5,1,0.6133356996888256,0.012266713993776513,0.12266713993776512,5,1,5,5,2,0.0021003927884848395,114.0,,74
3495,5,1,0.6112353069003488,0.012224706138006976,0.12224706138006973,5,1,5,5,2,0.002100392788477734,114.0,,74
3496,5,1,0.6091349141118718,0.012182698282237437,0.12182698282237436,5,1,5,5,2,0.002100392788491945,114.0,,74
3497,5,1,0.6070345213233949,0.012140690426467897,0.12140690426467897,5,1,5,5,2,0.002100392788477734,114.0,,74
3498,5,1,0.6049341285349179,0.012098682570698358,0.1209868257069836,5,1,5,5,2,0.002100392788477734,114.0,,74
3499,5,1,0.6028337357464411,0.012056674714928821,0.12056674714928821,5,1,5,5,2,0.0021003927884848395,114.0,,74
3500,5,1,0.6007333429579642,0.012014666859159284,0.12014666859159284,5,1,5,5,2,0.0021003927884848395,114.0,,74
3501,5,1,0.5986329501694871,0.011972659003389743,0.11972659003389743,5,1,5,5,2,0.0021003927884848395,114.0,,74
3502,5,1,0.5965325573810103,0.011930651147620206,0.11930651147620205,5,1,5,5,2,0.002100392788477734,114.0,,74
3503,5,1,0.5944321645925335,0.01188864329185067,0.11888643291850667,5,1,5,5,2,0.0021003927884848395,114.0,,74
3504,5,1,0.5923317718040565,0.01184663543608113,0.1184663543608113,5,1,5,5,2,0.002100392788477734,114.0,,74
3505,5,1,0.5902313790155795,0.01180462758031159,0.11804627580311591,5,1,5,5,2,0.0021003927884848395,114.0,,74
3506,5,1,0.5881309862271027,0.011762619724542053,0.11762619724542053,5,1,5,5,2,0.002100392788477734,114.0,,74
3507,5,1,0.5860305934386257,0.011720611868772515,0.11720611868772515,5,1,5,5,2,0.002100392788477734,114.0,,74
3508,5,1,0.5839302006501488,0.011678604013002976,0.11678604013002977,5,1,5,5,2,0.0021003927884848395,114.0,,74
3509,5,1,0.5818298078616719,0.011636596157233439,0.11636596157233439,5,1,5,5,2,0.002100392788477734,114.0,,74
3510,5,1,0.579729415073195,0.0115945883014639,0.115945883014639,5,1,5,5,2,0.0021003927884848395,114.0,,74
3511,5,1,0.5776290222847181,0.011552580445694363,0.1155258044569436,5,1,5,5,2,0.002100392788491945,114.0,,74
3512,5,1,0.5755286294962412,0.011510572589924823,0.11510572589924824,5,1,5,5,2,0.0021003927884848395,114.0,,74
3513,5,1,0.5734282367077642,0.011468564734155284,0.11468564734155284,5,1,5,5,2,0.002100392788477734,114.0,,74
3514,5,1,0.5713278439192873,0.011426556878385745,0.11426556878385748,5,1,5,5,2,0.002100392788477734,114.0,,74
3515,5,1,0.5692274511308104,0.011384549022616208,0.11384549022616208,5,1,5,5,2,0.0021003927884848395,114.0,,74
3516,5,1,0.5671270583423336,0.011342541166846671,0.11342541166846672,5,1,5,5,2,0.002100392788477734,114.0,,74
3517,5,1,0.5650266655538565,0.01130053331107713,0.1130053331107713,5,1,5,5,2,0.0021003927884848395,114.0,,74
3518,5,1,0.5629262727653797,0.011258525455307594,0.11258525455307593,5,1,5,5,2,0.002100392788477734,114.0,,74
3519,5,1,0.5608258799769028,0.011216517599538057,0.11216517599538053,5,1,5,5,2,0.0021003927884848395,114.0,,74
3520,5,1,0.5587254871884259,0.011174509743768516,0.11174509743768517,5,1,5,5,2,0.002100392788477734,114.0,,74
3521,5,1,0.5566250943999489,0.011132501887998978,0.11132501887998977,5,1,5,5,2,0.002100392788477734,114.0,,74
3522,5,1,0.554524701611472,0.01109049403222944,0.1109049403222944,5,1,5,5,2,0.0021003927884848395,114.0,,74
3523,5,1,0.5524243088229951,0.011048486176459902,0.11048486176459901,5,1,5,5,2,0.0021003927884848395,114.0,,74
3524,5,1,0.5503239160345181,0.011006478320690363,0.11006478320690365,5,1,5,5,2,0.0021003927884848395,114.0,,74
3525,5,1,0.5482235232460413,0.010964470464920826,0.10964470464920825,5,1,5,5,2,0.002100392788477734,114.0,,74
3526,5,1,0.5461231304575643,0.010922462609151286,0.10922462609151287,5,1,5,5,2,0.0021003927884848395,114.0,,74
3527,5,1,0.5440227376690875,0.01088045475338175,0.10880454753381748,5,1,5,5,2,0.0021003927884848395,114.0,,74
3528,5,1,0.5419223448806105,0.01083844689761221,0.10838446897612211,5,1,5,5,2,0.0021003927884848395,114.0,,74
3529,5,1,0.5398219520921336,0.010796439041842671,0.10796439041842672,5,1,5,5,2,0.002100392788477734,114.0,,74
3530,5,1,0.5377215593036566,0.010754431186073133,0.10754431186073135,5,1,5,5,2,0.002100392788477734,114.0,,74
3531,5,1,0.5356211665151798,0.010712423330303596,0.10712423330303596,5,1,5,5,2,0.0021003927884848395,114.0,,74
3532,5,1,0.5335207737267029,0.010670415474534059,0.10670415474534059,5,1,5,5,2,0.002100392788477734,114.0,,74
3533,5,1,0.5314203809382259,0.010628407618764516,0.10628407618764517,5,1,5,5,2,0.0021003927884848395,114.0,,74
3534,5,1,0.529319988149749,0.01058639976299498,0.1058639976299498,5,1,5,5,2,0.0021003927884848395,114.0,,74
3535,5,1,0.5272195953612722,0.010544391907225443,0.10544391907225441,5,1,5,5,2,0.0021003927884848395,114.0,,74
3536,5,1,0.5251192025727952,0.010502384051455904,0.10502384051455904,5,1,5,5,2,0.002100392788477734,114.0,,74
3537,5,1,0.5230188097843183,0.010460376195686365,0.10460376195686365,5,1,5,5,2,0.002100392788477734,114.0,,74
3538,5,1,0.5209184169958414,0.010418368339916828,0.10418368339916828,5,1,5,5,2,0.0021003927884848395,114.0,,74
3539,5,1,0.5188180242073644,0.01037636048414729,0.10376360484147289,5,1,5,5,2,0.002100392788477734,114.0,,74
3540,5,1,0.5167176314188875,0.01033435262837775,0.10334352628377752,5,1,5,5,2,0.0021003927884848395,114.0,,74
3541,5,1,0.5146172386304106,0.010292344772608214,0.10292344772608213,5,1,5,5,2,0.002100392788477734,114.0,,74
3542,5,1,0.5125168458419337,0.010250336916838673,0.10250336916838673,5,1,5,5,2,0.0021003927884848395,114.0,,74
3543,5,1,0.5104164530534568,0.010208329061069136,0.10208329061069135,5,1,5,5,2,0.0021003927884848395,114.0,,74
3544,5,1,0.5083160602649799,0.010166321205299597,0.10166321205299597,5,1,5,5,2,0.0021003927884848395,114.0,,74
3545,5,1,0.506215667476503,0.01012431334953006,0.1012431334953006,5,1,5,5,2,0.002100392788477734,114.0,,74
3546,5,1,0.5041152746880262,0.010082305493760524,0.10082305493760521,5,1,5,5,2,0.0021003927884848395,114.0,,74
3547,5,1,0.5020148818995492,0.010040297637990985,0.10040297637990984,5,1,5,5,2,0.0021003927884848395,114.0,,74
3548,5,1,0.4999144891110724,0.009998289782221448,0.09998289782221446,5,1,5,5,2,0.002100392788477734,114.0,,74
3549,5,1,0.4978140963225955,0.009956281926451909,0.0995628192645191,5,1,5,5,2,0.0021003927884848395,114.0,,74
3550,5,1,0.4957137035341186,0.009914274070682372,0.09914274070682372,5,1,5,5,2,0.002100392788477734,114.0,,74
3551,5,1,0.49361331074564174,0.009872266214912835,0.09872266214912832,5,1,5,5,2,0.0021003927884848395,114.0,,74
3552,5,1,0.49151291795716484,0.009830258359143296,0.09830258359143296,5,1,5,5,2,0.002100392788477734,114.0,,74
3553,5,1,0.48941252516868794,0.00978825050337376,0.09788250503373759,5,1,5,5,2,0.0021003927884848395,114.0,,74
3554,5,1,0.48731213238021104,0.00974624264760422,0.09746242647604221,5,1,5,5,2,0.002100392788477734,114.0,,74
3555,5,1,0.48521173959173414,0.009704234791834682,0.09704234791834683,5,1,5,5,2,0.002100392788477734,114.0,,74
3556,5,1,0.4831113468032573,0.009662226936065145,0.09662226936065145,5,1,5,5,2,0.0021003927884848395,114.0,,74
3557,5,1,0.4810109540147804,0.009620219080295608,0.09620219080295608,5,1,5,5,2,0.0021003927884848395,114.0,,74
3558,5,1,0.4789105612263035,0.00957821122452607,0.0957821122452607,5,1,5,5,2,0.0021003927884848395,114.0,,74
3559,5,1,0.47681016843782664,0.009536203368756532,0.09536203368756531,5,1,5,5,2,0.002100392788477734,114.0,,74
3560,5,1,0.47470977564934974,0.009494195512986995,0.09494195512986994,5,1,5,5,2,0.002100392788491945,114.0,,74
3561,5,1,0.47260938286087284,0.009452187657217457,0.09452187657217456,5,1,5,5,2,0.002100392788477734,114.0,,74
3562,5,1,0.4705089900723959,0.009410179801447918,0.09410179801447918,5,1,5,5,2,0.002100392788477734,114.0,,74
3563,5,1,0.46840859728391904,0.009368171945678381,0.0936817194567838,5,1,5,5,2,0.0021003927884848395,114.0,,74
3564,5,1,0.4663082044954422,0.009326164089908844,0.09326164089908842,5,1,5,5,2,0.002100392788477734,114.0,,74
3565,5,1,0.46420781170696523,0.009284156234139305,0.09284156234139306,5,1,5,5,2,0.0021003927884848395,114.0,,74
3566,5,1,0.4621074189184884,0.009242148378369768,0.09242148378369767,5,1,5,5,2,0.002100392788477734,114.0,,74
3567,5,1,0.4600070261300115,0.00920014052260023,0.09200140522600228,5,1,5,5,2,0.0021003927884848395,114.0,,74
3568,5,1,0.4579066333415346,0.009158132666830692,0.09158132666830691,5,1,5,5,2,0.0021003927884848395,114.0,,74
3569,5,1,0.45580624055305774,0.009116124811061155,0.09116124811061155,5,1,5,5,2,0.0021003927884848395,114.0,,74
3570,5,1,0.4537058477645808,0.009074116955291615,0.09074116955291617,5,1,5,5,2,0.002100392788477734,114.0,,74
3571,5,1,0.45160545497610394,0.009032109099522078,0.09032109099522079,5,1,5,5,2,0.002100392788477734,114.0,,74
3572,5,1,0.4495050621876271,0.008990101243752541,0.08990101243752541,5,1,5,5,2,0.0021003927884848395,114.0,,74
3573,5,1,0.44740466939915013,0.008948093387983002,0.08948093387983003,5,1,5,5,2,0.002100392788477734,114.0,,74
3574,5,1,0.44530427661067323,0.008906085532213465,0.08906085532213466,5,1,5,5,2,0.0021003927884848395,114.0,,74
3575,5,1,0.44320388382219633,0.008864077676443927,0.08864077676443927,5,1,5,5,2,0.002100392788477734,114.0,,74
3576,5,1,0.4411034910337195,0.00882206982067439,0.0882206982067439,5,1,5,5,2,0.002100392788491945,114.0,,74
3577,5,1,0.4390030982452426,0.008780061964904851,0.08780061964904852,5,1,5,5,2,0.002100392788477734,114.0,,74
3578,5,1,0.4369027054567657,0.008738054109135314,0.08738054109135314,5,1,5,5,2,0.002100392788477734,114.0,,74
3579,5,1,0.43480231266828884,0.008696046253365777,0.08696046253365777,5,1,5,5,2,0.0021003927884848395,114.0,,74
3580,5,1,0.43270191987981194,0.008654038397596238,0.08654038397596239,5,1,5,5,2,0.0021003927884848395,114.0,,74
3581,5,1,0.43060152709133503,0.008612030541826701,0.08612030541826701,5,1,5,5,2,0.0021003927884848395,114.0,,74
3582,5,1,0.42850113430285813,0.008570022686057163,0.08570022686057163,5,1,5,5,2,0.002100392788477734,114.0,,74
3583,5,1,0.42640074151438123,0.008528014830287624,0.08528014830287625,5,1,5,5,2,0.0021003927884848395,114.0,,74
3584,5,1,0.42430034872590433,0.008486006974518087,0.08486006974518087,5,1,5,5,2,0.002100392788477734,114.0,,74
3585,5,1,0.42219995593742743,0.008443999118748548,0.08443999118748549,5,1,5,5,2,0.002100392788477734,114.0,,74
3586,5,1,0.4200995631489506,0.008401991262979011,0.08401991262979011,5,1,5,5,2,0.0021003927884848395,114.0,,74
3587,5,1,0.41799917036047374,0.008359983407209474,0.08359983407209474,5,1,5,5,2,0.002100392788477734,114.0,,74
3588,5,1,0.41589877757199684,0.008317975551439937,0.08317975551439935,5,1,5,5,2,0.0021003927884848395,114.0,,74
3589,5,1,0.41379838478351993,0.008275967695670398,0.08275967695670398,5,1,5,5,2,0.002100392788477734,114.0,,74
3590,5,1,0.41169799199504303,0.008233959839900861,0.0823395983990086,5,1,5,5,2,0.0021003927884848395,114.0,,74
3591,5,1,0.40959759920656613,0.008191951984131323,0.08191951984131322,5,1,5,5,2,0.002100392788491945,114.0,,74
3592,5,1,0.4074972064180893,0.008149944128361786,0.08149944128361786,5,1,5,5,2,0.0021003927884848395,114.0,,74
3593,5,1,0.40539681362961244,0.008107936272592249,0.08107936272592249,5,1,5,5,2,0.002100392788477734,114.0,,74
3594,5,1,0.40329642084113554,0.00806592841682271,0.08065928416822711,5,1,5,5,2,0.002100392788477734,114.0,,74
3595,4,1,0.40128792988600626,0.008025758597720124,0.10032198247150159,5,0,5,0,2,0.00200849095514144,0.0,,74
3596,4,1,0.3996188418531556,0.007992376837063112,0.09990471046328889,4,1,4,4,2,0.001669088032848265,94.0,,47
3597,4,1,0.39794975382030484,0.007958995076406097,0.09948743845507622,4,1,4,4,2,0.0016690880328411595,94.0,,47
3598,4,1,0.39628066578745413,0.007925613315749083,0.09907016644686353,4,1,4,4,2,0.0016690880328624758,94.0,,47
3599,4,1,0.3946115777546034,0.007892231555092069,0.09865289443865086,4,1,4,4,2,0.001669088032848265,94.0,,47
3600,4,1,0.3929424897217527,0.007858849794435054,0.09823562243043817,4,1,4,4,2,0.0016690880328411595,94.0,,47
3601,4,1,0.39127340168890196,0.00782546803377804,0.0978183504222255,4,1,4,4,2,0.0016690880328553703,94.0,,47
3602,4,1,0.38960431365605125,0.007792086273121025,0.09740107841401281,4,1,4,4,2,0.0016690880328553703,94.0,,47
3603,4,1,0.3879352256232005,0.0077587045124640095,0.09698380640580015,4,1,4,4,2,0.001669088032848265,94.0,,47
3604,4,1,0.38626613759034983,0.007725322751806997,0.09656653439758744,4,1,4,4,2,0.0016690880328553703,94.0,,47
3605,4,1,0.38459704955749907,0.007691940991149981,0.09614926238937478,4,1,4,4,2,0.001669088032848265,94.0,,47
3606,4,1,0.38292796152464836,0.007658559230492967,0.09573199038116209,4,1,4,4,2,0.001669088032848265,94.0,,47
3607,4,1,0.38125887349179766,0.0076251774698359535,0.09531471837294941,4,1,4,4,2,0.0016690880328624758,94.0,,47
3608,4,1,0.37958978545894695,0.007591795709178939,0.09489744636473674,4,1,4,4,2,0.001669088032848265,94.0,,47
3609,4,1,0.37792069742609624,0.007558413948521925,0.09448017435652406,4,1,4,4,2,0.0016690880328411595,94.0,,47
3610,4,1,0.37625160939324553,0.00752503218786491,0.0940629023483114,4,1,4,4,2,0.0016690880328624758,94.0,,47
3611,4,1,0.3745825213603948,0.0074916504272078965,0.0936456303400987,4,1,4,4,2,0.0016690880328553703,94.0,,47
3612,4,1,0.3729134333275441,0.007458268666550883,0.09322835833188603,4,1,4,4,2,0.0016690880328411595,94.0,,47
3613,4,1,0.3712443452946934,0.007424886905893868,0.09281108632367334,4,1,4,4,2,0.0016690880328553703,94.0,,47
3614,4,1,0.36957525726184265,0.007391505145236853,0.09239381431546068,4,1,4,4,2,0.0016690880328553703,94.0,,47
3615,4,1,0.367906169228992,0.00735812338457984,0.091976542307248,4,1,4,4,2,0.001669088032848265,94.0,,47
3616,4,1,0.3662370811961413,0.007324741623922826,0.09155927029903531,4,1,4,4,2,0.0016690880328411595,94.0,,47
3617,4,1,0.3645679931632905,0.00729135986326581,0.09114199829082263,4,1,4,4,2,0.0016690880328553703,94.0,,47
3618,4,1,0.3628989051304398,0.0072579781026087965,0.09072472628260995,4,1,4,4,2,0.0016690880328553703,94.0,,47
3619,4,1,0.3612298170975891,0.007224596341951783,0.09030745427439729,4,1,4,4,2,0.001669088032848265,94.0,,47
3620,4,1,0.3595607290647384,0.007191214581294768,0.08989018226618459,4,1,4,4,2,0.0016690880328553703,94.0,,47
3621,4,1,0.35789164103188764,0.0071578328206377525,0.08947291025797192,4,1,4,4,2,0.001669088032848265,94.0,,47
3622,4,1,0.35622255299903693,0.007124451059980739,0.08905563824975923,4,1,4,4,2,0.001669088032848265,94.0,,47
3623,4,1,0.3545534649661862,0.007091069299323725,0.08863836624154656,4,1,4,4,2,0.0016690880328624758,94.0,,47
3624,4,1,0.3528843769333355,0.00705768753866671,0.08822109423333388,4,1,4,4,2,0.001669088032848265,94.0,,47
3625,4,1,0.3512152889004848,0.007024305778009696,0.0878038222251212,4,1,4,4,2,0.0016690880328411595,94.0,,47
3626,4,1,0.3495462008676341,0.006990924017352682,0.08738655021690854,4,1,4,4,2,0.0016690880328624758,94.0,,47
3627,4,1,0.3478771128347834,0.006957542256695668,0.08696927820869584,4,1,4,4,2,0.0016690880328553703,94.0,,47
3628,4,1,0.34620802480193263,0.006924160496038652,0.08655200620048316,4,1,4,4,2,0.0016690880328411595,94.0,,47
3629,4,1,0.34453893676908187,0.006890778735381638,0.08613473419227047,4,1,4,4,2,0.001669088032848265,94.0,,47
3630,4,1,0.34286984873623116,0.006857396974724623,0.08571746218405779,4,1,4,4,2,0.0016690880328624758,94.0,,47
3631,4,1,0.34120076070338046,0.006824015214067609,0.08530019017584511,4,1,4,4,2,0.001669088032848265,94.0,,47
3632,4,1,0.3395316726705297,0.006790633453410594,0.08488291816763242,4,1,4,4,2,0.0016690880328411595,94.0,,47
3633,4,1,0.33786258463767893,0.006757251692753579,0.08446564615941973,4,1,4,4,2,0.0016690880328553703,94.0,,47
3634,4,1,0.3361934966048282,0.006723869932096564,0.08404837415120706,4,1,4,4,2,0.001669088032848265,94.0,,47
3635,4,1,0.3345244085719775,0.006690488171439551,0.08363110214299438,4,1,4,4,2,0.0016690880328553703,94.0,,47
3636,4,1,0.33285532053912675,0.006657106410782535,0.08321383013478167,4,1,4,4,2,0.0016690880328553703,94.0,,47
3637,4,1,0.33118623250627605,0.006623724650125521,0.08279655812656901,4,1,4,4,2,0.0016690880328411595,94.0,,47
3638,4,1,0.3295171444734253,0.006590342889468506,0.08237928611835632,4,1,4,4,2,0.0016690880328553703,94.0,,47
3639,4,1,0.3278480564405746,0.006556961128811492,0.08196201411014364,4,1,4,4,2,0.0016690880328624758,94.0,,47
3640,4,1,0.32617896840772387,0.006523579368154477,0.08154474210193097,4,1,4,4,2,0.0016690880328411595,94.0,,47
3641,4,1,0.3245098803748731,0.006490197607497462,0.08112747009371826,4,1,4,4,2,0.001669088032848265,94.0,,47
3642,4,1,0.32284079234202234,0.006456815846840447,0.0807101980855056,4,1,4,4,2,0.0016690880328624758,94.0,,47
3643,4,1,0.32117170430917164,0.006423434086183432,0.08029292607729292,4,1,4,4,2,0.0016690880328553703,94.0,,47
3644,4,1,0.3195026162763209,0.0063900523255264186,0.07987565406908022,4,1,4,4,2,0.0016690880328411595,94.0,,47
3645,4,1,0.3178335282434702,0.006356670564869405,0.07945838206086756,4,1,4,4,2,0.0016690880328553703,94.0,,47
3646,4,1,0.31616444021061946,0.006323288804212389,0.07904111005265486,4,1,4,4,2,0.0016690880328553703,94.0,,47
3647,4,1,0.3144953521777687,0.006289907043555374,0.07862383804444217,4,1,4,4,2,0.001669088032848265,94.0,,47
3648,4,1,0.312826264144918,0.00625652528289836,0.07820656603622951,4,1,4,4,2,0.0016690880328411595,94.0,,47
3649,4,1,0.3111571761120673,0.006223143522241345,0.0777892940280168,4,1,4,4,2,0.0016690880328553703,94.0,,47
3650,4,1,0.3094880880792166,0.006189761761584331,0.07737202201980414,4,1,4,4,2,0.001669088032848265,94.0,,47
3651,4,1,0.3078190000463658,0.006156380000927316,0.07695475001159147,4,1,4,4,2,0.0016690880328553703,94.0,,47
3652,4,1,0.3061499120135151,0.006122998240270302,0.07653747800337878,4,1,4,4,2,0.0016690880328553703,94.0,,47
3653,4,1,0.30448082398066434,0.0060896164796132865,0.07612020599516608,4,1,4,4,2,0.0016690880328411595,94.0,,47
3654,4,1,0.30281173594781363,0.006056234718956273,0.07570293398695341,4,1,4,4,2,0.0016690880328553703,94.0,,47
3655,4,1,0.3011426479149629,0.006022852958299258,0.07528566197874073,4,1,4,4,2,0.0016690880328624758,94.0,,47
3656,4,1,0.2994735598821122,0.005989471197642244,0.07486838997052805,4,1,4,4,2,0.0016690880328411595,94.0,,47
3657,4,1,0.2978044718492615,0.0059560894369852305,0.07445111796231538,4,1,4,4,2,0.001669088032848265,94.0,,47
3658,4,1,0.2961353838164108,0.005922707676328216,0.0740338459541027,4,1,4,4,2,0.0016690880328624758,94.0,,47
3659,4,1,0.2944662957835601,0.005889325915671202,0.07361657394589002,4,1,4,4,2,0.001669088032848265,94.0,,47
3660,4,1,0.2927972077507094,0.005855944155014187,0.07319930193767735,4,1,4,4,2,0.001669088032848265,94.0,,47
3661,4,1,0.2911281197178587,0.0058225623943571735,0.07278202992946467,4,1,4,4,2,0.001669088032848265,94.0,,47
3662,4,1,0.289459031685008,0.00578918063370016,0.072364757921252,4,1,4,4,2,0.0016690880328553703,94.0,,47
3663,4,1,0.28778994365215727,0.005755798873043145,0.07194748591303932,4,1,4,4,2,0.0016690880328553703,94.0,,47
3664,4,1,0.28612085561930656,0.005722417112386131,0.07153021390482664,4,1,4,4,2,0.0016690880328411595,94.0,,47
3665,4,1,0.28445176758645585,0.005689035351729117,0.07111294189661396,4,1,4,4,2,0.001669088032848265,94.0,,47
3666,4,1,0.28278267955360514,0.005655653591072103,0.07069566988840129,4,1,4,4,2,0.0016690880328553703,94.0,,47
3667,3,1,0.2813936373989998,0.005627872747979996,0.09379787913299993,4,0,4,0,2,0.0013890421546065568,0.0,,47
3668,3,1,0.28018355879432766,0.005603671175886553,0.09339451959810922,3,1,3,3,2,0.0012100786046786993,74.0,,26
3669,3,1,0.27897348018965556,0.005579469603793111,0.09299116006321852,3,1,3,3,2,0.0012100786046644885,74.0,,26
3670,3,1,0.27776340158498347,0.005555268031699669,0.09258780052832782,3,1,3,3,2,0.0012100786046644885,74.0,,26
3671,3,1,0.2765533229803113,0.005531066459606227,0.0921844409934371,3,1,3,3,2,0.0012100786046644885,74.0,,26
3672,3,1,0.2753432443756392,0.005506864887512783,0.0917810814585464,3,1,3,3,2,0.0012100786046644885,74.0,,26
3673,3,1,0.2741331657709671,0.005482663315419341,0.09137772192365569,3,1,3,3,2,0.0012100786046644885,74.0,,26
3674,3,1,0.272923087166295,0.0054584617433258995,0.090974362388765,3,1,3,3,2,0.001210078604671594,74.0,,26
3675,3,1,0.27171300856162284,0.005434260171232457,0.09057100285387427,3,1,3,3,2,0.001210078604671594,74.0,,26
3676,3,1,0.2705029299569507,0.005410058599139014,0.09016764331898357,3,1,3,3,2,0.001210078604671594,74.0,,26
3677,3,1,0.2692928513522786,0.0053858570270455715,0.08976428378409286,3,1,3,3,2,0.001210078604657383,74.0,,26
3678,3,1,0.2680827727476065,0.00536165545495213,0.08936092424920217,3,1,3,3,2,0.0012100786046644885,74.0,,26
3679,3,1,0.26687269414293435,0.005337453882858687,0.08895756471431145,3,1,3,3,2,0.0012100786046786993,74.0,,26
3680,3,1,0.2656626155382622,0.005313252310765244,0.08855420517942074,3,1,3,3,2,0.001210078604671594,74.0,,26
3681,3,1,0.2644525369335901,0.0052890507386718025,0.08815084564453003,3,1,3,3,2,0.0012100786046644885,74.0,,26
3682,3,1,0.263242458328918,0.005264849166578361,0.08774748610963934,3,1,3,3,2,0.001210078604657383,74.0,,26
3683,3,1,0.26203237972424587,0.005240647594484917,0.08734412657474862,3,1,3,3,2,0.001210078604671594,74.0,,26
3684,3,1,0.2608223011195737,0.0052164460223914745,0.08694076703985791,3,1,3,3,2,0.0012100786046786993,74.0,,26
3685,3,1,0.2596122225149016,0.005192244450298033,0.0865374075049672,3,1,3,3,2,0.0012100786046644885,74.0,,26
3686,3,1,0.25840214391022953,0.005168042878204591,0.08613404797007651,3,1,3,3,2,0.0012100786046644885,74.0,,26
3687,3,1,0.2571920653055574,0.005143841306111147,0.08573068843518579,3,1,3,3,2,0.0012100786046644885,74.0,,26
3688,3,1,0.25598198670088523,0.005119639734017705,0.08532732890029508,3,1,3,3,2,0.0012100786046644885,74.0,,26
3689,3,1,0.25477190809621314,0.005095438161924263,0.08492396936540438,3,1,3,3,2,0.001210078604671594,74.0,,26
3690,3,1,0.25356182949154105,0.005071236589830821,0.08452060983051368,3,1,3,3,2,0.0012100786046644885,74.0,,26
3691,3,1,0.2523517508868689,0.005047035017737378,0.08411725029562296,3,1,3,3,2,0.001210078604671594,74.0,,26
3692,3,1,0.25114167228219675,0.005022833445643935,0.08371389076073225,3,1,3,3,2,0.001210078604671594,74.0,,26
3693,3,1,0.24993159367752465,0.004998631873550493,0.08331053122584155,3,1,3,3,2,0.001210078604657383,74.0,,26
3694,3,1,0.24872151507285253,0.0049744303014570505,0.08290717169095084,3,1,3,3,2,0.0012100786046644885,74.0,,26
3695,3,1,0.2475114364681804,0.004950228729363609,0.08250381215606013,3,1,3,3,2,0.0012100786046786993,74.0,,26
3696,3,1,0.2463013578635083,0.004926027157270166,0.08210045262116943,3,1,3,3,2,0.001210078604671594,74.0,,26
3697,3,1,0.24509127925883617,0.004901825585176723,0.08169709308627872,3,1,3,3,2,0.0012100786046644885,74.0,,26
3698,3,1,0.24388120065416405,0.004877624013083281,0.08129373355138801,3,1,3,3,2,0.001210078604657383,74.0,,26
3699,3,1,0.24267112204949193,0.004853422440989839,0.0808903740164973,3,1,3,3,2,0.001210078604671594,74.0,,26
3700,3,1,0.2414610434448198,0.004829220868896396,0.0804870144816066,3,1,3,3,2,0.0012100786046786993,74.0,,26
3701,3,1,0.24025096484014768,0.0048050192968029535,0.08008365494671589,3,1,3,3,2,0.0012100786046644885,74.0,,26
3702,3,1,0.23904088623547556,0.004780817724709511,0.07968029541182518,3,1,3,3,2,0.0012100786046644885,74.0,,26
3703,3,1,0.23783080763080344,0.004756616152616069,0.07927693587693448,3,1,3,3,2,0.0012100786046644885,74.0,,26
3704,3,1,0.23662072902613132,0.004732414580522626,0.07887357634204377,3,1,3,3,2,0.0012100786046644885,74.0,,26
3705,3,1,0.2354106504214592,0.004708213008429184,0.07847021680715306,3,1,3,3,2,0.0012100786046644885,74.0,,26
3706,3,1,0.23420057181678708,0.004684011436335742,0.07806685727226235,3,1,3,3,2,0.001210078604671594,74.0,,26
3707,3,1,0.23299049321211496,0.004659809864242299,0.07766349773737165,3,1,3,3,2,0.001210078604671594,74.0,,26
3708,3,1,0.23178041460744284,0.004635608292148857,0.07726013820248094,3,1,3,3,2,0.001210078604671594,74.0,,26
3709,3,1,0.23057033600277071,0.004611406720055414,0.07685677866759023,3,1,3,3,2,0.001210078604657383,74.0,,26
3710,3,1,0.2293602573980986,0.004587205147961972,0.07645341913269953,3,1,3,3,2,0.0012100786046644885,74.0,,26
3711,3,1,0.22815017879342647,0.0045630035758685294,0.07605005959780882,3,1,3,3,2,0.0012100786046786993,74.0,,26
3712,3,1,0.22694010018875435,0.004538802003775087,0.07564670006291811,3,1,3,3,2,0.001210078604671594,74.0,,26
3713,3,1,0.22573002158408223,0.004514600431681645,0.0752433405280274,3,1,3,3,2,0.0012100786046644885,74.0,,26
3714,3,1,0.2245199429794101,0.004490398859588202,0.0748399809931367,3,1,3,3,2,0.001210078604657383,74.0,,26
3715,3,1,0.223309864374738,0.00446619728749476,0.07443662145824599,3,1,3,3,2,0.001210078604671594,74.0,,26
3716,3,1,0.22209978577006587,0.004441995715401317,0.07403326192335528,3,1,3,3,2,0.0012100786046786993,74.0,,26
3717,3,1,0.22088970716539374,0.004417794143307875,0.07362990238846458,3,1,3,3,2,0.0012100786046644885,74.0,,26
3718,3,1,0.21967962856072162,0.0043935925712144325,0.07322654285357387,3,1,3,3,2,0.001210078604657383,74.0,,26
3719,3,1,0.2184695499560495,0.00436939099912099,0.07282318331868316,3,1,3,3,2,0.001210078604671594,74.0,,26
3720,3,1,0.21725947135137738,0.004345189427027548,0.07241982378379246,3,1,3,3,2,0.0012100786046644885,74.0,,26
3721,3,1,0.21604939274670526,0.004320987854934105,0.07201646424890175,3,1,3,3,2,0.001210078604671594,74.0,,26
3722,3,1,0.21483931414203314,0.004296786282840663,0.07161310471401104,3,1,3,3,2,0.0012100786046644885,74.0,,26
3723,3,1,0.21362923553736102,0.00427258471074722,0.07120974517912033,3,1,3,3,2,0.001210078604671594,74.0,,26
3724,3,1,0.2124191569326889,0.004248383138653778,0.07080638564422963,3,1,3,3,2,0.001210078604671594,74.0,,26
3725,3,1,0.21120907832801677,0.004224181566560336,0.07040302610933892,3,1,3,3,2,0.001210078604657383,74.0,,26
3726,3,1,0.20999899972334465,0.004199979994466893,0.06999966657444821,3,1,3,3,2,0.0012100786046644885,74.0,,26
3727,3,1,0.20878892111867253,0.00417577842237345,0.0695963070395575,3,1,3,3,2,0.0012100786046786993,74.0,,26
3728,3,1,0.2075788425140004,0.004151576850280008,0.0691929475046668,3,1,3,3,2,0.001210078604671594,74.0,,26
3729,3,1,0.2063687639093283,0.004127375278186566,0.06878958796977609,3,1,3,3,2,0.0012100786046644885,74.0,,26
3730,3,1,0.20515868530465617,0.004103173706093123,0.06838622843488538,3,1,3,3,2,0.001210078604657383,74.0,,26
3731,3,1,0.20394860669998405,0.004078972133999681,0.06798286889999468,3,1,3,3,2,0.001210078604671594,74.0,,26
3732,3,1,0.20273852809531193,0.004054770561906239,0.06757950936510397,3,1,3,3,2,0.0012100786046786993,74.0,,26
3733,3,1,0.2015284494906398,0.004030568989812796,0.06717614983021326,3,1,3,3,2,0.001210078604657383,74.0,,26
3734,3,1,0.20031837088596768,0.004006367417719353,0.06677279029532256,3,1,3,3,2,0.0012100786046644885,74.0,,26
3735,3,1,0.19910829228129556,0.0039821658456259115,0.06636943076043185,3,1,3,3,2,0.001210078604671594,74.0,,26
3736,3,1,0.19789821367662344,0.003957964273532469,0.06596607122554114,3,1,3,3,2,0.0012100786046644885,74.0,,26
3737,3,1,0.19668813507195132,0.003933762701439026,0.06556271169065044,3,1,3,3,2,0.0012100786046644885,74.0,,26
3738,3,1,0.1954780564672792,0.003909561129345584,0.06515935215575973,3,1,3,3,2,0.001210078604671594,74.0,,26
3739,3,1,0.19426797786260708,0.0038853595572521417,0.06475599262086902,3,1,3,3,2,0.001210078604671594,74.0,,26
3740,3,1,0.19305789925793496,0.003861157985158699,0.06435263308597831,3,1,3,3,2,0.001210078604671594,74.0,,26
3741,3,1,0.19184782065326283,0.003836956413065257,0.06394927355108761,3,1,3,3,2,0.001210078604657383,74.0,,26
3742,3,1,0.1906377420485907,0.003812754840971814,0.0635459140161969,3,1,3,3,2,0.0012100786046644885,74.0,,26
3743,3,1,0.1894276634439186,0.003788553268878372,0.06314255448130619,3,1,3,3,2,0.0012100786046786993,74.0,,26
3744,3,1,0.18821758483924647,0.003764351696784929,0.06273919494641549,3,1,3,3,2,0.001210078604671594,74.0,,26
3745,3,1,0.18700750623457435,0.003740150124691487,0.062335835411524786,3,1,3,3,2,0.0012100786046644885,74.0,,26
3746,3,1,0.18579742762990226,0.003715948552598045,0.06193247587663408,3,1,3,3,2,0.001210078604657383,74.0,,26
3747,3,1,0.18458734902523014,0.0036917469805046025,0.06152911634174338,3,1,3,3,2,0.001210078604671594,74.0,,26
3748,3,1,0.18337727042055801,0.0036675454084111603,0.06112575680685267,3,1,3,3,2,0.001210078604671594,74.0,,26
3749,3,1,0.1821671918158859,0.003643343836317718,0.060722397271961964,3,1,3,3,2,0.0012100786046644885,74.0,,26
3750,3,1,0.18095711321121377,0.0036191422642242754,0.060319037737071264,3,1,3,3,2,0.0012100786046644885,74.0,,26
3751,3,1,0.17974703460654168,0.0035949406921308336,0.05991567820218056,3,1,3,3,2,0.001210078604671594,74.0,,26
3752,3,1,0.17853695600186956,0.0035707391200373913,0.05951231866728985,3,1,3,3,2,0.0012100786046644885,74.0,,26
3753,3,1,0.17732687739719744,0.0035465375479439487,0.05910895913239914,3,1,3,3,2,0.001210078604671594,74.0,,26
3754,3,1,0.17611679879252534,0.003522335975850507,0.058705599597508436,3,1,3,3,2,0.0012100786046644885,74.0,,26
3755,3,1,0.17490672018785322,0.003498134403757064,0.05830224006261774,3,1,3,3,2,0.001210078604671594,74.0,,26
3756,3,1,0.1736966415831811,0.003473932831663622,0.057898880527727035,3,1,3,3,2,0.001210078604671594,74.0,,26
3757,3,1,0.17248656297850898,0.0034497312595701797,0.05749552099283633,3,1,3,3,2,0.001210078604657383,74.0,,26
3758,3,1,0.17127648437383686,0.003425529687476737,0.05709216145794563,3,1,3,3,2,0.0012100786046644885,74.0,,26
3759,3,1,0.17006640576916476,0.0034013281153832953,0.05668880192305492,3,1,3,3,2,0.0012100786046786993,74.0,,26
3760,3,1,0.16885632716449264,0.003377126543289853,0.056285442388164214,3,1,3,3,2,0.001210078604671594,74.0,,26
3761,3,1,0.16764624855982052,0.0033529249711964104,0.05588208285327351,3,1,3,3,2,0.0012100786046644885,74.0,,26
3762,3,1,0.16643616995514843,0.0033287233991029686,0.0554787233183828,3,1,3,3,2,0.001210078604657383,74.0,,26
3763,3,1,0.1652260913504763,0.0033045218270095263,0.0550753637834921,3,1,3,3,2,0.0012100786046644885,74.0,,26
3764,3,1,0.16401601274580418,0.0032803202549160837,0.05467200424860139,3,1,3,3,2,0.0012100786046786993,74.0,,26
3765,3,1,0.1628059341411321,0.003256118682822642,0.054268644713710686,3,1,3,3,2,0.0012100786046644885,74.0,,26
3766,3,1,0.16159585553645997,0.003231917110729199,0.05386528517882,3,1,3,3,2,0.0012100786046644885,74.0,,26
3767,3,1,0.16038577693178785,0.003207715538635757,0.05346192564392929,3,1,3,3,2,0.001210078604671594,74.0,,26
3768,3,1,0.15917569832711576,0.003183513966542315,0.053058566109038585,3,1,3,3,2,0.0012100786046644885,74.0,,26
3769,3,1,0.15796561972244366,0.0031593123944488734,0.05265520657414788,3,1,3,3,2,0.0012100786046644885,74.0,,26
3770,3,1,0.15675554111777154,0.0031351108223554307,0.05225184703925717,3,1,3,3,2,0.001210078604671594,74.0,,26
3771,3,1,0.15554546251309942,0.0031109092502619885,0.051848487504366485,3,1,3,3,2,0.001210078604671594,74.0,,26
3772,3,1,0.15433538390842733,0.0030867076781685467,0.05144512796947578,3,1,3,3,2,0.001210078604671594,74.0,,26
3773,3,1,0.15312530530375523,0.003062506106075105,0.05104176843458507,3,1,3,3,2,0.001210078604657383,74.0,,26
3774,3,1,0.1519152266990831,0.003038304533981662,0.05063840889969437,3,1,3,3,2,0.0012100786046644885,74.0,,26
3775,3,1,0.150705148094411,0.00301410296188822,0.05023504936480367,3,1,3,3,2,0.0012100786046786993,74.0,,26
3776,3,1,0.1494950694897389,0.0029899013897947777,0.04983168982991296,3,1,3,3,2,0.001210078604671594,74.0,,26
3777,3,1,0.1482849908850668,0.002965699817701336,0.049428330295022256,3,1,3,3,2,0.0012100786046644885,74.0,,26
3778,3,1,0.14707491228039468,0.0029414982456078937,0.04902497076013156,3,1,3,3,2,0.0012100786046502776,74.0,,26
3779,3,1,0.14586483367572256,0.002917296673514451,0.04862161122524086,3,1,3,3,2,0.001210078604671594,74.0,,26
3780,3,1,0.14465475507105047,0.0028930951014210092,0.048218251690350156,3,1,3,3,2,0.0012100786046786993,74.0,,26
3781,3,1,0.14344467646637837,0.0028688935293275674,0.04781489215545945,3,1,3,3,2,0.0012100786046644885,74.0,,26
3782,3,1,0.14223459786170625,0.002844691957234125,0.04741153262056875,3,1,3,3,2,0.0012100786046644885,74.0,,26
3783,3,1,0.14102451925703413,0.0028204903851406825,0.047008173085678055,3,1,3,3,2,0.001210078604671594,74.0,,26
3784,3,1,0.13981444065236204,0.0027962888130472407,0.04660481355078735,3,1,3,3,2,0.0012100786046644885,74.0,,26
3785,3,1,0.13860436204768994,0.002772087240953799,0.04620145401589664,3,1,3,3,2,0.001210078604671594,74.0,,26
3786,3,1,0.13739428344301782,0.0027478856688603562,0.04579809448100594,3,1,3,3,2,0.0012100786046644885,74.0,,26
3787,3,1,0.1361842048383457,0.002723684096766914,0.04539473494611524,3,1,3,3,2,0.001210078604671594,74.0,,26
3788,3,1,0.1349741262336736,0.002699482524673472,0.044991375411224534,3,1,3,3,2,0.001210078604671594,74.0,,26
3789,3,1,0.13376404762900151,0.0026752809525800304,0.04458801587633384,3,1,3,3,2,0.001210078604657383,74.0,,26
3790,3,1,0.13255396902432942,0.0026510793804865886,0.04418465634144314,3,1,3,3,2,0.0012100786046644885,74.0,,26
3791,3,1,0.1313438904196573,0.002626877808393146,0.04378129680655243,3,1,3,3,2,0.0012100786046786993,74.0,,26
3792,3,1,0.1301338118149852,0.002602676236299704,0.04337793727166173,3,1,3,3,2,0.001210078604671594,74.0,,26
3793,3,1,0.12892373321031309,0.002578474664206262,0.042974577736771026,3,1,3,3,2,0.001210078604657383,74.0,,26
3794,3,1,0.127713654605641,0.0025542730921128197,0.04257121820188033,3,1,3,3,2,0.001210078604657383,74.0,,26
3795,3,1,0.1265035760009689,0.002530071520019378,0.04216785866698963,3,1,3,3,2,0.001210078604671594,74.0,,26
3796,3,1,0.12529349739629678,0.0025058699479259356,0.041764499132098926,3,1,3,3,2,0.0012100786046786993,74.0,,26
3797,3,1,0.12408341879162468,0.002481668375832494,0.041361139597208225,3,1,3,3,2,0.0012100786046644885,74.0,,26
3798,3,1,0.12287334018695258,0.0024574668037390516,0.040957780062317525,3,1,3,3,2,0.0012100786046644885,74.0,,26
3799,3,1,0.12166326158228047,0.0024332652316456094,0.040554420527426825,3,1,3,3,2,0.001210078604671594,74.0,,26
3800,3,1,0.12045318297760838,0.0024090636595521676,0.040151060992536125,3,1,3,3,2,0.0012100786046644885,74.0,,26
3801,3,1,0.11924310437293627,0.0023848620874587253,0.03974770145764542,3,1,3,3,2,0.0012100786046644885,74.0,,26
3802,3,1,0.11803302576826416,0.002360660515365283,0.03934434192275472,3,1,3,3,2,0.001210078604671594,74.0,,26
3803,3,1,0.11682294716359205,0.002336458943271841,0.038940982387864025,3,1,3,3,2,0.001210078604671594,74.0,,26
3804,3,1,0.11561286855891995,0.002312257371178399,0.03853762285297332,3,1,3,3,2,0.001210078604671594,74.0,,26
3805,3,1,0.11440278995424785,0.002288055799084957,0.03813426331808262,3,1,3,3,2,0.001210078604657383,74.0,,26
3806,3,1,0.11319271134957574,0.002263854226991515,0.03773090378319192,3,1,3,3,2,0.0012100786046644885,74.0,,26
3807,3,1,0.11198263274490364,0.002239652654898073,0.03732754424830121,3,1,3,3,2,0.0012100786046786993,74.0,,26
3808,3,1,0.11077255414023153,0.0022154510828046306,0.03692418471341051,3,1,3,3,2,0.0012100786046644885,74.0,,26
3809,3,1,0.10956247553555942,0.0021912495107111883,0.03652082517851981,3,1,3,3,2,0.0012100786046644885,74.0,,26
3810,3,1,0.1083523969308873,0.002167047938617746,0.0361174656436291,3,1,3,3,2,0.001210078604657383,74.0,,26
3811,3,1,0.10714231832621521,0.0021428463665243043,0.0357141061087384,3,1,3,3,2,0.001210078604671594,74.0,,26
3812,3,1,0.10593223972154309,0.0021186447944308616,0.035310746573847696,3,1,3,3,2,0.0012100786046786993,74.0,,26
3813,3,1,0.10472216111687098,0.0020944432223374194,0.034907387038956995,3,1,3,3,2,0.0012100786046644885,74.0,,26
3814,3,1,0.10351208251219887,0.0020702416502439776,0.03450402750406629,3,1,3,3,2,0.0012100786046644885,74.0,,26
3815,3,1,0.10230200390752676,0.0020460400781505354,0.03410066796917558,3,1,3,3,2,0.001210078604671594,74.0,,26
3816,3,1,0.10109192530285466,0.002021838506057093,0.03369730843428489,3,1,3,3,2,0.0012100786046644885,74.0,,26
3817,3,1,0.09988184669818255,0.001997636933963651,0.03329394889939418,3,1,3,3,2,0.001210078604671594,74.0,,26
3818,3,1,0.09867176809351044,0.0019734353618702087,0.03289058936450348,3,1,3,3,2,0.0012100786046644885,74.0,,26
3819,3,1,0.09746168948883834,0.0019492337897767666,0.032487229829612774,3,1,3,3,2,0.001210078604671594,74.0,,26
3820,3,1,0.09625161088416623,0.0019250322176833246,0.032083870294722074,3,1,3,3,2,0.001210078604671594,74.0,,26
3821,3,1,0.09504153227949412,0.0019008306455898824,0.031680510759831366,3,1,3,3,2,0.001210078604657383,74.0,,26
3822,3,1,0.09383145367482201,0.0018766290734964402,0.03127715122494067,3,1,3,3,2,0.0012100786046644885,74.0,,26
3823,3,1,0.0926213750701499,0.0018524275014029981,0.030873791690049963,3,1,3,3,2,0.001210078604671594,74.0,,26
3824,3,1,0.0914112964654778,0.001828225929309556,0.030470432155159266,3,1,3,3,2,0.001210078604671594,74.0,,26
3825,3,1,0.09020121786080569,0.0018040243572161139,0.03006707262026856,3,1,3,3,2,0.0012100786046644885,74.0,,26
3826,3,1,0.08899113925613358,0.0017798227851226717,0.029663713085377862,3,1,3,3,2,0.001210078604657383,74.0,,26
3827,3,1,0.08778106065146148,0.0017556212130292294,0.029260353550487155,3,1,3,3,2,0.001210078604671594,74.0,,26
3828,2,1,0.08730324850450419,0.0017460649700900839,0.043651624252252094,2,0,2,0,2,0.00047781214695419294,0.0,,26
3829,2,1,0.08651599306560682,0.0017303198613121365,0.04325799653280341,2,1,2,2,2,0.0007872554389152242,54.0,,11
3830,2,1,0.08572873762670946,0.0017145747525341892,0.04286436881335473,2,1,2,2,2,0.0007872554388868025,54.0,,11
3831,2,1,0.08494148218781208,0.0016988296437562417,0.04247074109390604,2,1,2,2,2,0.0007872554389081188,54.0,,11
3832,2,1,0.08415422674891472,0.0016830845349782944,0.04207711337445736,2,1,2,2,2,0.0007872554388939079,54.0,,11
3833,2,1,0.08336697131001736,0.001667339426200347,0.04168348565500868,2,1,2,2,2,0.0007872554389081188,54.0,,11
3834,2,1,0.08257971587111998,0.0016515943174223995,0.04128985793555999,2,1,2,2,2,0.0007872554388868025,54.0,,11
3835,2,1,0.08179246043222262,0.0016358492086444524,0.04089623021611131,2,1,2,2,2,0.0007872554389081188,54.0,,11
3836,2,1,0.08100520499332525,0.001620104099866505,0.040502602496662626,2,1,2,2,2,0.0007872554388939079,54.0,,11
3837,2,1,0.08021794955442789,0.0016043589910885577,0.040108974777213945,2,1,2,2,2,0.0007872554389081188,54.0,,11
3838,2,1,0.07943069411553053,0.0015886138823106104,0.03971534705776526,2,1,2,2,2,0.0007872554388939079,54.0,,11
3839,2,1,0.07864343867663315,0.0015728687735326629,0.039321719338316574,2,1,2,2,2,0.0007872554389081188,54.0,,11
3840,2,1,0.07785618323773578,0.0015571236647547158,0.03892809161886789,2,1,2,2,2,0.0007872554388868025,54.0,,11
3841,2,1,0.07706892779883842,0.0015413785559767685,0.03853446389941921,2,1,2,2,2,0.0007872554389081188,54.0,,11
3842,2,1,0.07628167235994104,0.001525633447198821,0.03814083617997052,2,1,2,2,2,0.0007872554388939079,54.0,,11
3843,2,1,0.0754944169210437,0.0015098883384208738,0.03774720846052185,2,1,2,2,2,0.0007872554389010133,54.0,,11
3844,2,1,0.07470716148214633,0.0014941432296429267,0.037353580741073165,2,1,2,2,2,0.0007872554388939079,54.0,,11
3845,2,1,0.07391990604324897,0.0014783981208649794,0.036959953021624484,2,1,2,2,2,0.0007872554389081188,54.0,,11
3846,2,1,0.07313265060435162,0.0014626530120870323,0.03656632530217581,2,1,2,2,2,0.0007872554388939079,54.0,,11
3847,2,1,0.07234539516545425,0.0014469079033090852,0.03617269758272713,2,1,2,2,2,0.0007872554389081188,54.0,,11
3848,2,1,0.07155813972655689,0.0014311627945311379,0.035779069863278445,2,1,2,2,2,0.0007872554388939079,54.0,,11
3849,2,1,0.07077088428765953,0.0014154176857531905,0.035385442143829764,2,1,2,2,2,0.0007872554389010133,54.0,,11
3850,2,1,0.06998362884876216,0.0013996725769752432,0.03499181442438108,2,1,2,2,2,0.0007872554388939079,54.0,,11
3851,2,1,0.06919637340986481,0.0013839274681972963,0.03459818670493241,2,1,2,2,2,0.0007872554389081188,54.0,,11
3852,2,1,0.06840911797096745,0.001368182359419349,0.034204558985483725,2,1,2,2,2,0.0007872554388939079,54.0,,11
3853,2,1,0.06762186253207009,0.0013524372506414017,0.033810931266035044,2,1,2,2,2,0.0007872554389010133,54.0,,11
3854,2,1,0.06683460709317274,0.0013366921418634548,0.03341730354658637,2,1,2,2,2,0.0007872554389010133,54.0,,11
3855,2,1,0.06604735165427537,0.0013209470330855075,0.03302367582713769,2,1,2,2,2,0.0007872554389081188,54.0,,11
3856,2,1,0.06526009621537801,0.0013052019243075602,0.032630048107689005,2,1,2,2,2,0.0007872554388868025,54.0,,11
3857,2,1,0.06447284077648065,0.001289456815529613,0.032236420388240324,2,1,2,2,2,0.0007872554389081188,54.0,,11
3858,2,1,0.06368558533758328,0.0012737117067516657,0.03184279266879164,2,1,2,2,2,0.0007872554388939079,54.0,,11
3859,2,1,0.06289832989868593,0.0012579665979737186,0.03144916494934297,2,1,2,2,2,0.0007872554389010133,54.0,,11
3860,2,1,0.06211107445978857,0.0012422214891957715,0.031055537229894285,2,1,2,2,2,0.0007872554388939079,54.0,,11
3861,2,1,0.06132381902089121,0.0012264763804178242,0.030661909510445604,2,1,2,2,2,0.0007872554389152242,54.0,,11
3862,2,1,0.06053656358199385,0.001210731271639877,0.030268281790996925,2,1,2,2,2,0.0007872554388868025,54.0,,11
3863,2,1,0.059749308143096494,0.00119498616286193,0.029874654071548247,2,1,2,2,2,0.0007872554389081188,54.0,,11
3864,2,1,0.05896205270419913,0.0011792410540839827,0.029481026352099565,2,1,2,2,2,0.0007872554388939079,54.0,,11
3865,2,1,0.05817479726530177,0.0011634959453060353,0.029087398632650883,2,1,2,2,2,0.0007872554389081188,54.0,,11
3866,2,1,0.05738754182640441,0.0011477508365280882,0.028693770913202205,2,1,2,2,2,0.0007872554388868025,54.0,,11
3867,2,1,0.05660028638750705,0.001132005727750141,0.028300143193753523,2,1,2,2,2,0.0007872554389081188,54.0,,11
3868,2,1,0.05581303094860969,0.0011162606189721938,0.027906515474304845,2,1,2,2,2,0.0007872554388939079,54.0,,11
3869,2,1,0.05502577550971233,0.0011005155101942465,0.027512887754856163,2,1,2,2,2,0.0007872554389081188,54.0,,11
3870,2,1,0.05423852007081496,0.0010847704014162992,0.02711926003540748,2,1,2,2,2,0.0007872554388939079,54.0,,11
3871,2,1,0.05345126463191761,0.001069025292638352,0.026725632315958803,2,1,2,2,2,0.0007872554389081188,54.0,,11
3872,2,1,0.05266400919302024,0.001053280183860405,0.02633200459651012,2,1,2,2,2,0.0007872554388868025,54.0,,11
3873,2,1,0.05187675375412289,0.0010375350750824576,0.025938376877061443,2,1,2,2,2,0.0007872554389081188,54.0,,11
3874,2,1,0.05108949831522552,0.0010217899663045105,0.02554474915761276,2,1,2,2,2,0.0007872554388939079,54.0,,11
3875,2,1,0.05030224287632816,0.0010060448575265632,0.02515112143816408,2,1,2,2,2,0.0007872554389010133,54.0,,11
3876,2,1,0.0495149874374308,0.000990299748748616,0.0247574937187154,2,1,2,2,2,0.0007872554388939079,54.0,,11
3877,2,1,0.04872773199853344,0.0009745546399706688,0.02436386599926672,2,1,2,2,2,0.0007872554389081188,54.0,,11
3878,2,1,0.04794047655963608,0.0009588095311927217,0.02397023827981804,2,1,2,2,2,0.0007872554388939079,54.0,,11
3879,2,1,0.04715322112073872,0.0009430644224147744,0.02357661056036936,2,1,2,2,2,0.0007872554389081188,54.0,,11
3880,2,1,0.046365965681841356,0.0009273193136368271,0.023182982840920678,2,1,2,2,2,0.0007872554388939079,54.0,,11
3881,2,1,0.045578710242944,0.00091157420485888,0.022789355121472,2,1,2,2,2,0.0007872554389010133,54.0,,11
3882,2,1,0.044791454804046636,0.0008958290960809327,0.022395727402023318,2,1,2,2,2,0.0007872554388939079,54.0,,11
3883,2,1,0.04400419936514927,0.0008800839873029855,0.022002099682574636,2,1,2,2,2,0.0007872554389081188,54.0,,11
3884,2,1,0.043216943926251916,0.0008643388785250383,0.021608471963125958,2,1,2,2,2,0.0007872554388939079,54.0,,11
3885,2,1,0.04242968848735455,0.0008485937697470911,0.021214844243677276,2,1,2,2,2,0.0007872554389010133,54.0,,11
3886,2,1,0.04164243304845719,0.0008328486609691437,0.020821216524228595,2,1,2,2,2,0.0007872554389010133,54.0,,11
3887,2,1,0.04085517760955983,0.0008171035521911966,0.020427588804779916,2,1,2,2,2,0.0007872554389081188,54.0,,11
3888,2,1,0.04006792217066247,0.0008013584434132494,0.020033961085331235,2,1,2,2,2,0.0007872554388868025,54.0,,11
3889,2,1,0.039280666731765106,0.0007856133346353021,0.019640333365882553,2,1,2,2,2,0.0007872554389081188,54.0,,11
3890,2,1,0.03849341129286775,0.000769868225857355,0.019246705646433875,2,1,2,2,2,0.0007872554388939079,54.0,,11
3891,2,1,0.037706155853970386,0.0007541231170794077,0.018853077926985193,2,1,2,2,2,0.0007872554389010133,54.0,,11
3892,2,1,0.03691890041507302,0.0007383780083014605,0.01845945020753651,2,1,2,2,2,0.0007872554388939079,54.0,,11
3893,2,1,0.036131644976175666,0.0007226328995235134,0.018065822488087833,2,1,2,2,2,0.0007872554389152242,54.0,,11
3894,2,1,0.0353443895372783,0.000706887790745566,0.01767219476863915,2,1,2,2,2,0.0007872554388868025,54.0,,11
3895,2,1,0.03455713409838094,0.0006911426819676187,0.01727856704919047,2,1,2,2,2,0.0007872554389081188,54.0,,11
3896,2,1,0.033769878659483575,0.0006753975731896715,0.016884939329741788,2,1,2,2,2,0.0007872554388939079,54.0,,11
3897,2,1,0.03298262322058622,0.0006596524644117244,0.01649131161029311,2,1,2,2,2,0.0007872554389081188,54.0,,11
3898,2,1,0.032195367781688855,0.0006439073556337771,0.016097683890844428,2,1,2,2,2,0.0007872554388868025,54.0,,11
3899,2,1,0.03140811234279149,0.0006281622468558299,0.015704056171395746,2,1,2,2,2,0.0007872554389081188,54.0,,11
3900,2,1,0.030620856903894135,0.0006124171380778827,0.015310428451947068,2,1,2,2,2,0.0007872554388939079,54.0,,11
3901,1,1,0.030144453293239226,0.0006028890658647846,0.030144453293239226,2,1,2,1,2,0.00047640361065504067,54.0,,11
3902,1,1,0.02981659181653862,0.0005963318363307724,0.02981659181653862,1,1,1,1,1,0.00032786147670549326,34.0,,2
3903,1,1,0.029488730339838017,0.0005897746067967603,0.029488730339838017,1,1,1,1,1,0.00032786147669838783,34.0,,2
3904,1,1,0.029160868863137412,0.0005832173772627482,0.029160868863137412,1,1,1,1,1,0.00032786147670549326,34.0,,2
3905,1,1,0.028833007386436807,0.0005766601477287361,0.028833007386436807,1,1,1,1,1,0.00032786147670549326,34.0,,2
3906,1,1,0.028505145909736202,0.0005701029181947241,0.028505145909736202,1,1,1,1,1,0.00032786147669838783,34.0,,2
3907,1,1,0.028177284433035597,0.0005635456886607119,0.028177284433035597,1,1,1,1,1,0.00032786147670549326,34.0,,2
3908,1,1,0.027849422956334993,0.0005569884591266999,0.027849422956334993,1,1,1,1,1,0.00032786147669838783,34.0,,2
3909,1,1,0.027521561479634388,0.0005504312295926877,0.027521561479634388,1,1,1,1,1,0.00032786147670549326,34.0,,2
3910,1,1,0.027193700002933783,0.0005438740000586757,0.027193700002933783,1,1,1,1,1,0.00032786147669838783,34.0,,2
3911,1,1,0.026865838526233178,0.0005373167705246635,0.026865838526233178,1,1,1,1,1,0.00032786147670549326,34.0,,2
3912,1,1,0.026537977049532573,0.0005307595409906515,0.026537977049532573,1,1,1,1,1,0.00032786147669838783,34.0,,2
3913,1,1,0.02621011557283197,0.0005242023114566393,0.02621011557283197,1,1,1,1,1,0.00032786147670549326,34.0,,2
3914,1,1,0.025882254096131364,0.0005176450819226273,0.025882254096131364,1,1,1,1,1,0.00032786147670549326,34.0,,2
3915,1,1,0.02555439261943076,0.0005110878523886152,0.02555439261943076,1,1,1,1,1,0.00032786147669838783,34.0,,2
3916,1,1,0.025226531142730154,0.0005045306228546031,0.025226531142730154,1,1,1,1,1,0.00032786147670549326,34.0,,2
3917,1,1,0.02489866966602955,0.000497973393320591,0.02489866966602955,1,1,1,1,1,0.00032786147669838783,34.0,,2
3918,1,1,0.024570808189328944,0.0004914161637865789,0.024570808189328944,1,1,1,1,1,0.00032786147670549326,34.0,,2
3919,1,1,0.02424294671262834,0.0004848589342525668,0.02424294671262834,1,1,1,1,1,0.00032786147669838783,34.0,,2
3920,1,1,0.023915085235927735,0.0004783017047185547,0.023915085235927735,1,1,1,1,1,0.00032786147670549326,34.0,,2
3921,1,1,0.02358722375922713,0.0004717444751845426,0.02358722375922713,1,1,1,1,1,0.00032786147669838783,34.0,,2
3922,1,1,0.023259362282526525,0.0004651872456505305,0.023259362282526525,1,1,1,1,1,0.00032786147670549326,34.0,,2
3923,1,1,0.02293150080582592,0.0004586300161165184,0.02293150080582592,1,1,1,1,1,0.00032786147670549326,34.0,,2
3924,1,1,0.022603639329125316,0.0004520727865825063,0.022603639329125316,1,1,1,1,1,0.00032786147669838783,34.0,,2
3925,1,1,0.02227577785242471,0.0004455155570484942,0.02227577785242471,1,1,1,1,1,0.00032786147670549326,34.0,,2
3926,1,1,0.021947916375724106,0.0004389583275144821,0.021947916375724106,1,1,1,1,1,0.00032786147669838783,34.0,,2
3927,1,1,0.0216200548990235,0.00043240109798047005,0.0216200548990235,1,1,1,1,1,0.00032786147670549326,34.0,,2
3928,1,1,0.021292193422322896,0.00042584386844645794,0.021292193422322896,1,1,1,1,1,0.00032786147669838783,34.0,,2
3929,1,1,0.02096433194562229,0.00041928663891244584,0.02096433194562229,1,1,1,1,1,0.00032786147670549326,34.0,,2
3930,1,1,0.020636470468921687,0.00041272940937843374,0.020636470468921687,1,1,1,1,1,0.00032786147670549326,34.0,,2
3931,1,1,0.020308608992221082,0.00040617217984442164,0.020308608992221082,1,1,1,1,1,0.00032786147669838783,34.0,,2
3932,1,1,0.019980747515520477,0.00039961495031040953,0.019980747515520477,1,1,1,1,1,0.00032786147670549326,34.0,,2
3933,1,1,0.019652886038819872,0.00039305772077639743,0.019652886038819872,1,1,1,1,1,0.00032786147669838783,34.0,,2
3934,1,1,0.019325024562119267,0.00038650049124238533,0.019325024562119267,1,1,1,1,1,0.00032786147670549326,34.0,,2
3935,1,1,0.018997163085418663,0.0003799432617083733,0.018997163085418663,1,1,1,1,1,0.00032786147669838783,34.0,,2
3936,1,1,0.018669301608718058,0.0003733860321743612,0.018669301608718058,1,1,1,1,1,0.00032786147670549326,34.0,,2
3937,1,1,0.018341440132017453,0.0003668288026403491,0.018341440132017453,1,1,1,1,1,0.00032786147670549326,34.0,,2
3938,1,1,0.018013578655316848,0.00036027157310633697,0.018013578655316848,1,1,1,1,1,0.00032786147669838783,34.0,,2
3939,1,1,0.017685717178616243,0.00035371434357232487,0.017685717178616243,1,1,1,1,1,0.00032786147670549326,34.0,,2
3940,1,1,0.01735785570191564,0.00034715711403831277,0.01735785570191564,1,1,1,1,1,0.00032786147669838783,34.0,,2
3941,1,1,0.017029994225215034,0.00034059988450430066,0.017029994225215034,1,1,1,1,1,0.00032786147670549326,34.0,,2
3942,1,1,0.01670213274851443,0.00033404265497028856,0.01670213274851443,1,1,1,1,1,0.00032786147669838783,34.0,,2
3943,1,1,0.016374271271813824,0.00032748542543627646,0.016374271271813824,1,1,1,1,1,0.00032786147670549326,34.0,,2
3944,1,1,0.01604640979511322,0.0003209281959022644,0.01604640979511322,1,1,1,1,1,0.00032786147669838783,34.0,,2
3945,1,1,0.015718548318412615,0.0003143709663682523,0.015718548318412615,1,1,1,1,1,0.00032786147670549326,34.0,,2
3946,1,1,0.015390686841712008,0.00030781373683424015,0.015390686841712008,1,1,1,1,1,0.00032786147670549326,34.0,,2
3947,1,1,0.015062825365011401,0.00030125650730022805,0.015062825365011401,1,1,1,1,1,0.00032786147669838783,34.0,,2
3948,1,1,0.014734963888310795,0.0002946992777662159,0.014734963888310795,1,1,1,1,1,0.00032786147670549326,34.0,,2
3949,1,1,0.014407102411610188,0.0002881420482322038,0.014407102411610188,1,1,1,1,1,0.00032786147669838783,34.0,,2
3950,1,1,0.014079240934909582,0.00028158481869819163,0.014079240934909582,1,1,1,1,1,0.00032786147670549326,34.0,,2
3951,1,1,0.013751379458208975,0.00027502758916417953,0.013751379458208975,1,1,1,1,1,0.00032786147669838783,34.0,,2
3952,1,1,0.013423517981508369,0.00026847035963016737,0.013423517981508369,1,1,1,1,1,0.00032786147670549326,34.0,,2
3953,1,1,0.013095656504807762,0.00026191313009615527,0.013095656504807762,1,1,1,1,1,0.00032786147669838783,34.0,,2
3954,1,1,0.012767795028107156,0.0002553559005621431,0.012767795028107156,1,1,1,1,1,0.00032786147670549326,34.0,,2
3955,1,1,0.01243993355140655,0.000248798671028131,0.01243993355140655,1,1,1,1,1,0.00032786147670549326,34.0,,2
3956,1,1,0.012112072074705943,0.00024224144149411885,0.012112072074705943,1,1,1,1,1,0.00032786147669838783,34.0,,2
3957,1,1,0.011784210598005336,0.00023568421196010672,0.011784210598005336,1,1,1,1,1,0.00032786147670549326,34.0,,2
3958,1,1,0.01145634912130473,0.0002291269824260946,0.01145634912130473,1,1,1,1,1,0.00032786147669838783,34.0,,2
3959,1,1,0.011128487644604123,0.00022256975289208246,0.011128487644604123,1,1,1,1,1,0.00032786147670549326,34.0,,2
3960,1,1,0.010800626167903516,0.00021601252335807033,0.010800626167903516,1,1,1,1,1,0.00032786147669838783,34.0,,2
3961,1,1,0.01047276469120291,0.0002094552938240582,0.01047276469120291,1,1,1,1,1,0.00032786147670549326,34.0,,2
3962,1,1,0.010144903214502303,0.00020289806429004607,0.010144903214502303,1,1,1,1,1,0.00032786147670549326,34.0,,2
3963,1,1,0.009817041737801697,0.00019634083475603394,0.009817041737801697,1,1,1,1,1,0.00032786147669838783,34.0,,2
3964,1,1,0.00948918026110109,0.0001897836052220218,0.00948918026110109,1,1,1,1,1,0.00032786147670549326,34.0,,2
3965,1,1,0.009161318784400484,0.00018322637568800968,0.009161318784400484,1,1,1,1,1,0.00032786147669838783,34.0,,2
3966,1,1,0.008833457307699877,0.00017666914615399755,0.008833457307699877,1,1,1,1,1,0.00032786147670549326,34.0,,2
3967,1,1,0.00850559583099927,0.00017011191661998542,0.00850559583099927,1,1,1,1,1,0.00032786147669838783,34.0,,2
3968,1,1,0.008177734354298664,0.0001635546870859733,0.008177734354298664,1,1,1,1,1,0.00032786147670549326,34.0,,2
3969,1,1,0.007849872877598058,0.00015699745755196114,0.007849872877598058,1,1,1,1,1,0.00032786147670549326,34.0,,2
3970,1,1,0.007522011400897452,0.00015044022801794903,0.007522011400897452,1,1,1,1,1,0.00032786147669838783,34.0,,2
3971,1,1,0.007194149924196846,0.00014388299848393693,0.007194149924196846,1,1,1,1,1,0.00032786147670549326,34.0,,2
3972,1,1,0.0068662884474962405,0.0001373257689499248,0.0068662884474962405,1,1,1,1,1,0.00032786147669838783,34.0,,2
3973,1,1,0.006538426970795635,0.0001307685394159127,0.006538426970795635,1,1,1,1,1,0.00032786147670549326,34.0,,2
3974,1,1,0.006210565494095029,0.00012421130988190057,0.006210565494095029,1,1,1,1,1,0.00032786147669838783,34.0,,2
3975,1,1,0.0058827040173944235,0.00011765408034788847,0.0058827040173944235,1,1,1,1,1,0.00032786147670549326,34.0,,2
3976,1,1,0.005554842540693818,0.00011109685081387635,0.005554842540693818,1,1,1,1,1,0.00032786147669838783,34.0,,2
3977,1,1,0.005226981063993212,0.00010453962127986425,0.005226981063993212,1,1,1,1,1,0.00032786147670549326,34.0,,2
3978,1,1,0.004899119587292606,9.798239174585213e-05,0.004899119587292606,1,1,1,1,1,0.00032786147670549326,34.0,,2
3979,1,1,0.004571258110592001,9.142516221184002e-05,0.004571258110592001,1,1,1,1,1,0.00032786147669838783,34.0,,2
3980,1,1,0.004243396633891395,8.48679326778279e-05,0.004243396633891395,1,1,1,1,1,0.00032786147670549326,34.0,,2
3981,1,1,0.003915535157190789,7.831070314381578e-05,0.003915535157190789,1,1,1,1,1,0.00032786147669838783,34.0,,2
3982,1,1,0.003587673680490183,7.175347360980365e-05,0.003587673680490183,1,1,1,1,1,0.00032786147670549326,34.0,,2
3983,1,1,0.0032598122037895763,6.519624407579152e-05,0.0032598122037895763,1,1,1,1,1,0.00032786147669838783,34.0,,2
3984,1,1,0.0029319507270889698,5.8639014541779394e-05,0.0029319507270889698,1,1,1,1,1,0.00032786147670549326,34.0,,2
3985,1,1,0.0026040892503883632,5.2081785007767264e-05,0.0026040892503883632,1,1,1,1,1,0.00032786147669838783,34.0,,2
3986,1,1,0.0022762277736877567,4.5524555473755134e-05,0.0022762277736877567,1,1,1,1,1,0.00032786147670549326,34.0,,2
3987,1,1,0.0019483662969871504,3.8967325939743004e-05,0.0019483662969871504,1,1,1,1,1,0.00032786147670549326,34.0,,2
3988,1,1,0.001620504820286544,3.241009640573088e-05,0.001620504820286544,1,1,1,1,1,0.00032786147669838783,34.0,,2
3989,1,1,0.0012926433435859377,2.5852866871718755e-05,0.0012926433435859377,1,1,1,1,1,0.00032786147670549326,34.0,,2
3990,1,1,0.0009647818668853314,1.929563733770663e-05,0.0009647818668853314,1,1,1,1,1,0.00032786147669838783,34.0,,2
3991,1,1,0.000636920390184725,1.27384078036945e-05,0.000636920390184725,1,1,1,1,1,0.00032786147670549326,34.0,,2
3992,1,1,0.0003090589134841187,6.181178269682374e-06,0.0003090589134841187,1,1,1,1,1,0.00032786147669838783,34.0,,2
3993,0,1,0.0,0.0,0.0,1,0,1,0,1,0.00030905891348709247,0.0,,2
