round,alive_nodes,num_ch,total_residual_energy,mean_residual_energy_all,mean_residual_energy_alive,packets_sent,packets_received_bs,readings_attempted,readings_delivered,control_packets,energy_consumed_round,mean_latency_ms,setup_time_ms,ops_count
0,50,2,49.976831273880656,0.9995366254776131,0.9995366254776131,50,2,50,50,3,0.023168726119347356,514.0,0.6806000019423664,3373
1,50,2,49.953748305272185,0.9990749661054437,0.9990749661054437,50,2,50,50,3,0.023082968608475935,514.0,0.7460999768227339,3373
2,50,2,49.9312738077187,0.998625476154374,0.998625476154374,50,2,50,50,3,0.02247449755348708,514.0,0.7616999791935086,3371
3,50,2,49.90897604335079,0.9981795208670158,0.9981795208670158,50,2,50,50,3,0.022297764367921136,514.0,0.6849000346846879,3369
4,50,2,49.88667827898287,0.9977335655796574,0.9977335655796574,50,2,50,50,3,0.022297764367921108,514.0,0.6918000290170312,3370
5,50,2,49.864380514614965,0.9972876102922993,0.9972876102922993,50,2,50,50,3,0.022297764367921066,514.0,0.8774999878369272,3370
6,50,2,49.84208275024705,0.996841655004941,0.996841655004941,50,2,50,50,3,0.022297764367921274,514.0,0.7554999901913106,3370
7,50,2,49.81978498587913,0.9963956997175827,0.9963956997175827,50,2,50,50,3,0.022297764367921413,514.0,0.7580000092275441,3370
8,50,2,49.79748722151121,0.9959497444302242,0.9959497444302242,50,2,50,50,3,0.02229776436792144,514.0,0.5151999648660421,3373
9,50,2,49.77518945714329,0.9955037891428659,0.9955037891428659,50,2,50,50,3,0.02229776436792144,514.0,1.9312999793328345,3374
10,50,2,49.7526026318703,0.995052052637406,0.995052052637406,50,2,50,50,3,0.022586825273000044,514.0,0.7226000307127833,3372
11,50,2,49.73030486750238,0.9946060973500477,0.9946060973500477,50,2,50,50,3,0.02229776436792144,514.0,0.6759000243619084,3368
12,50,2,49.70800710313446,0.9941601420626892,0.9941601420626892,50,2,50,50,3,0.022297764367921302,514.0,0.5710000405088067,3369
13,50,2,49.68570933876655,0.993714186775331,0.993714186775331,50,2,50,50,3,0.02229776436792147,514.0,1.3476000167429447,3368
14,50,2,49.663411574398644,0.9932682314879728,0.9932682314879728,50,2,50,50,3,0.022297764367921358,514.0,0.5928999744355679,3370
15,50,2,49.641113810030724,0.9928222762006145,0.9928222762006145,50,2,50,50,3,0.022297764367921413,514.0,0.705599959474057,3371
16,50,2,49.61852698475773,0.9923705396951545,0.9923705396951545,50,2,50,50,3,0.022586825272999933,514.0,0.671899993903935,3369
17,50,2,49.596229220389816,0.9919245844077963,0.9919245844077963,50,2,50,50,3,0.022297764367921413,514.0,0.7188000017777085,3369
18,50,2,49.573792257767145,0.9914758451553429,0.9914758451553429,50,2,50,50,3,0.02243696262267464,514.0,0.6377999670803547,3373
19,50,2,49.55149449339924,0.9910298898679848,0.9910298898679848,50,2,50,50,3,0.022297764367921358,514.0,2.0197000121697783,3365
20,50,2,49.52901999584576,0.9905803999169152,0.9905803999169152,50,2,50,50,3,0.02247449755348746,514.0,1.5141000039875507,3370
21,50,2,49.50643317057275,0.990128663411455,0.990128663411455,50,2,50,50,3,0.02258682527299999,514.0,1.1440999805927277,3374
22,50,2,49.484135406204835,0.9896827081240968,0.9896827081240968,50,2,50,50,3,0.022297764367921413,514.0,0.6023000460118055,3375
23,50,2,49.46154858093185,0.9892309716186369,0.9892309716186369,50,2,50,50,3,0.022586825272999822,514.0,0.5638999864459038,3372
24,50,2,49.43896175565885,0.988779235113177,0.988779235113177,50,2,50,50,3,0.022586825272999933,514.0,1.427499984856695,3371
25,50,2,49.41637493038586,0.9883274986077172,0.9883274986077172,50,2,50,50,3,0.02258682527299971,514.0,0.6285000126808882,3370
26,50,2,49.39378810511286,0.9878757621022572,0.9878757621022572,50,2,50,50,3,0.022586825272998712,514.0,0.602399988565594,3369
27,50,2,49.371201279839866,0.9874240255967973,0.9874240255967973,50,2,50,50,3,0.02258682527299849,514.0,0.6748000159859657,3368
28,50,2,49.34861445456688,0.9869722890913376,0.9869722890913376,50,2,50,50,3,0.02258682527299849,514.0,0.5741000059060752,3370
29,50,2,49.326027629293876,0.9865205525858776,0.9865205525858776,50,2,50,50,3,0.0225868252729986,514.0,0.5429999437183142,3370
30,50,2,49.30344080402088,0.9860688160804176,0.9860688160804176,50,2,50,50,3,0.0225868252729986,514.0,0.5914000212214887,3370
31,50,2,49.28083362750857,0.9856166725501714,0.9856166725501714,50,2,50,50,3,0.02260717651230859,514.0,0.6824999582022429,3371
32,50,2,49.25824680223559,0.9851649360447118,0.9851649360447118,50,2,50,50,3,0.022586825272998823,514.0,0.701199984177947,3370
33,50,2,49.23565997696259,0.9847131995392517,0.9847131995392517,50,2,50,50,3,0.022586825272998934,514.0,0.5904999561607838,3370
34,50,2,49.21305280045029,0.9842610560090058,0.9842610560090058,50,2,50,50,3,0.022607176512308702,514.0,0.6189999985508621,3370
35,50,2,49.19044562393798,0.9838089124787597,0.9838089124787597,50,2,50,50,3,0.022607176512308924,514.0,0.6261999951675534,3369
36,50,2,49.16783844742569,0.9833567689485138,0.9833567689485138,50,2,50,50,3,0.022607176512308924,514.0,0.5691000260412693,3366
37,50,2,49.14523127091337,0.9829046254182674,0.9829046254182674,50,2,50,50,3,0.022607176512308924,514.0,1.6324000316672027,3366
38,50,2,49.12262409440107,0.9824524818880214,0.9824524818880214,50,2,50,50,3,0.022607176512308813,514.0,0.7433999562636018,3366
39,50,2,49.100016917888766,0.9820003383577753,0.9820003383577753,50,2,50,50,3,0.022607176512308924,514.0,0.6317999796010554,3366
40,50,2,49.07740974137646,0.9815481948275291,0.9815481948275291,50,2,50,50,3,0.022607176512308924,514.0,0.7408000528812408,3366
41,50,2,49.054802564864154,0.9810960512972831,0.9810960512972831,50,2,50,50,3,0.022607176512308924,514.0,0.9157999884337187,3367
42,50,2,49.03250480049624,0.9806500960099248,0.9806500960099248,50,2,50,50,3,0.022297764367920414,514.0,0.6234999746084213,3369
43,50,2,49.01020703612832,0.9802041407225665,0.9802041407225665,50,2,50,50,3,0.022297764367920303,514.0,0.9086999925784767,3364
44,50,2,48.98790927176041,0.9797581854352082,0.9797581854352082,50,2,50,50,3,0.022297764367920525,514.0,0.7670999621041119,3363
45,50,2,48.965611507392495,0.9793122301478498,0.9793122301478498,50,2,50,50,3,0.022297764367920525,514.0,0.6065000197850168,3363
46,50,2,48.94331374302458,0.9788662748604916,0.9788662748604916,50,2,50,50,3,0.022297764367920525,514.0,1.1881000245921314,3363
47,50,2,48.92101597865666,0.9784203195731332,0.9784203195731332,50,2,50,50,3,0.02229776436792008,514.0,0.4544999683275819,3363
48,50,2,48.89871821428874,0.9779743642857749,0.9779743642857749,50,2,50,50,3,0.022297764367920525,514.0,0.3421999863348901,3363
49,50,2,48.87642044992082,0.9775284089984164,0.9775284089984164,50,2,50,50,3,0.022297764367920525,514.0,0.6541999755427241,3363
50,50,2,48.85412268555291,0.9770824537110582,0.9770824537110582,50,2,50,50,3,0.022297764367920303,514.0,0.5449999589473009,3364
51,50,2,48.831824921184996,0.9766364984236999,0.9766364984236999,50,2,50,50,3,0.022297764367920747,514.0,0.812400016002357,3366
52,50,2,48.80952715681708,0.9761905431363417,0.9761905431363417,50,2,50,50,3,0.022297764367920303,514.0,0.5848999717272818,3366
53,50,2,48.787229392449156,0.9757445878489831,0.9757445878489831,50,2,50,50,3,0.02229776436792008,514.0,0.5402000388130546,3366
54,50,2,48.76493162808125,0.975298632561625,0.975298632561625,50,2,50,50,3,0.022297764367920525,514.0,0.6842000293545425,3367
55,50,2,48.74263386371334,0.9748526772742667,0.9748526772742667,50,2,50,50,3,0.022297764367920525,514.0,0.6820000126026571,3369
56,50,2,48.72033609934542,0.9744067219869084,0.9744067219869084,50,2,50,50,3,0.022297764367920525,514.0,0.6680000224150717,3369
57,50,2,48.69804766683961,0.9739609533367921,0.9739609533367921,50,2,50,50,3,0.022288432505816136,514.0,0.6647999980486929,3370
58,50,2,48.675759234333796,0.973515184686676,0.973515184686676,50,2,50,50,3,0.02228843250581658,514.0,0.6065000197850168,3370
59,50,2,48.65349558941524,0.9730699117883048,0.9730699117883048,50,2,50,50,3,0.022263644918560255,514.0,0.6309999735094607,3370
60,50,2,48.631231944496676,0.9726246388899336,0.9726246388899336,50,2,50,50,3,0.022263644918560477,514.0,0.7134000188671052,3367
61,50,2,48.60896829957812,0.9721793659915625,0.9721793659915625,50,2,50,50,3,0.022263644918560477,514.0,0.685799983330071,3367
62,50,2,48.58670465465958,0.9717340930931916,0.9717340930931916,50,2,50,50,3,0.022263644918560255,514.0,0.6591000128537416,3364
63,50,2,48.56444100974102,0.9712888201948203,0.9712888201948203,50,2,50,50,3,0.022263644918560033,514.0,0.686099985614419,3364
64,50,2,48.54217736482246,0.9708435472964492,0.9708435472964492,50,2,50,50,3,0.022263644918560033,514.0,0.6482999888248742,3364
65,50,2,48.5199137199039,0.9703982743980779,0.9703982743980779,50,2,50,50,3,0.02226364491855981,514.0,0.6174000445753336,3364
66,50,2,48.49765007498535,0.969953001499707,0.969953001499707,50,2,50,50,3,0.022263644918559367,514.0,0.630799971986562,3363
67,50,2,48.47538643006679,0.9695077286013358,0.9695077286013358,50,2,50,50,3,0.022263644918560033,514.0,0.6385999731719494,3363
68,50,2,48.45312278514824,0.9690624557029648,0.9690624557029648,50,2,50,50,3,0.02226364491855981,514.0,0.6380999693647027,3363
69,50,2,48.43085914022968,0.9686171828045935,0.9686171828045935,50,2,50,50,3,0.02226364491855981,514.0,0.5502999993041158,3363
70,50,2,48.40859549531112,0.9681719099062224,0.9681719099062224,50,2,50,50,3,0.02226364491855959,514.0,0.701199984177947,3363
71,50,2,48.38633185039257,0.9677266370078514,0.9677266370078514,50,2,50,50,3,0.02226364491855959,514.0,0.5530999624170363,3363
72,50,2,48.36406820547401,0.9672813641094803,0.9672813641094803,50,2,50,50,3,0.022263644918560033,514.0,0.6465999758802354,3363
73,50,2,48.34180456055546,0.9668360912111091,0.9668360912111091,50,2,50,50,3,0.02226364491855959,514.0,0.7721000001765788,3363
74,50,2,48.31954091563691,0.9663908183127381,0.9663908183127381,50,2,50,50,3,0.02226364491855959,514.0,0.6475000409409404,3363
75,50,2,48.297277270718354,0.9659455454143671,0.9659455454143671,50,2,50,50,3,0.02226364491855981,514.0,0.5401000380516052,3363
76,50,2,48.2750136257998,0.965500272515996,0.965500272515996,50,2,50,50,3,0.02226364491855959,514.0,0.5206000059843063,3363
77,50,2,48.252749980881234,0.9650549996176246,0.9650549996176246,50,2,50,50,3,0.022263644918560033,514.0,0.6463999743573368,3363
78,50,2,48.23048633596268,0.9646097267192536,0.9646097267192536,50,2,50,50,3,0.02226364491855959,514.0,0.6957000005058944,3363
79,50,2,48.20822269104413,0.9641644538208826,0.9641644538208826,50,2,50,50,3,0.022263644918559367,514.0,0.6323999841697514,3363
80,50,2,48.185959046125575,0.9637191809225115,0.9637191809225115,50,2,50,50,3,0.022263644918560255,514.0,0.8004999835975468,3363
81,50,2,48.16369540120701,0.9632739080241401,0.9632739080241401,50,2,50,50,3,0.02226364491855981,514.0,0.6455999682657421,3363
82,50,2,48.14143175628846,0.9628286351257692,0.9628286351257692,50,2,50,50,3,0.022263644918559367,514.0,0.6064000190235674,3363
83,50,2,48.1191681113699,0.9623833622273981,0.9623833622273981,50,2,50,50,3,0.02226364491855981,514.0,0.5605999613180757,3363
84,50,2,48.0968846931872,0.961937693863744,0.961937693863744,50,2,50,50,3,0.022283418182704073,514.0,0.6043000030331314,3363
85,50,2,48.074601275004504,0.96149202550009,0.96149202550009,50,2,50,50,3,0.022283418182704073,514.0,0.36589999217540026,3366
86,50,2,48.0523178568218,0.961046357136436,0.961046357136436,50,2,50,50,3,0.022283418182704073,514.0,0.3953000414185226,3368
87,50,2,48.03003443863909,0.9606006887727818,0.9606006887727818,50,2,50,50,3,0.022283418182704295,514.0,0.4898000042885542,3368
88,50,2,48.0077510204564,0.960155020409128,0.960155020409128,50,2,50,50,3,0.022283418182704295,514.0,0.5794999888166785,3368
89,50,2,47.9854676022737,0.959709352045474,0.959709352045474,50,2,50,50,3,0.022283418182704073,514.0,0.7231999770738184,3367
90,50,2,47.963184184091,0.95926368368182,0.95926368368182,50,2,50,50,3,0.02228341818270385,514.0,0.5381000228226185,3367
91,50,2,47.9409007659083,0.958818015318166,0.958818015318166,50,2,50,50,3,0.022283418182704295,514.0,0.5546999746002257,3368
92,50,2,47.9186173477256,0.958372346954512,0.958372346954512,50,2,50,50,3,0.022283418182704295,514.0,0.5641999887302518,3368
93,50,2,47.89619527755483,0.9579239055510966,0.9579239055510966,50,2,50,50,3,0.02242207017078446,514.0,0.5976000102236867,3368
94,50,2,47.87377320738404,0.9574754641476808,0.9574754641476808,50,2,50,50,3,0.022422070170784014,514.0,0.7798000006005168,3367
95,50,2,47.851351137213264,0.9570270227442653,0.9570270227442653,50,2,50,50,3,0.02242207017078446,514.0,0.6067999638617039,3367
96,50,2,47.82892906704248,0.9565785813408496,0.9565785813408496,50,2,50,50,3,0.02242207017078446,514.0,0.561299966648221,3368
97,50,2,47.806506996871704,0.9561301399374341,0.9561301399374341,50,2,50,50,3,0.02242207017078357,514.0,0.7819000165909529,3368
98,50,2,47.78408492670093,0.9556816985340185,0.9556816985340185,50,2,50,50,3,0.022422070170784902,514.0,0.5889000021852553,3368
99,50,2,47.761662856530144,0.9552332571306029,0.9552332571306029,50,2,50,50,3,0.02242207017078357,514.0,0.6899000145494938,3367
100,50,2,47.73924078635937,0.9547848157271873,0.9547848157271873,50,2,50,50,3,0.02242207017078446,514.0,0.6198000046424568,3367
101,50,2,47.71681871618858,0.9543363743237715,0.9543363743237715,50,2,50,50,3,0.02242207017078446,514.0,0.8025999995879829,3367
102,50,2,47.69439664601781,0.9538879329203561,0.9538879329203561,50,2,50,50,3,0.02242207017078446,514.0,0.6552999839186668,3367
103,50,2,47.672001886778304,0.9534400377355661,0.9534400377355661,50,2,50,50,3,0.022394759239507067,514.0,0.9894999675452709,3367
104,50,2,47.64957981660751,0.9529915963321502,0.9529915963321502,50,2,50,50,3,0.02242207017078446,514.0,0.6694999756291509,3365
105,50,2,47.62715774643674,0.9525431549287348,0.9525431549287348,50,2,50,50,3,0.02242207017078446,514.0,0.6925000343471766,3365
106,50,2,47.60473567626595,0.952094713525319,0.952094713525319,50,2,50,50,3,0.02242207017078446,514.0,0.5372000159695745,3365
107,50,2,47.58234091702645,0.951646818340529,0.951646818340529,50,2,50,50,3,0.02239475923950751,514.0,0.6571999983862042,3363
108,50,2,47.559946157786946,0.951198923155739,0.951198923155739,50,2,50,50,3,0.022394759239507955,514.0,0.7360999588854611,3364
109,50,2,47.53766020004483,0.9507532040008967,0.9507532040008967,50,2,50,50,3,0.022285957742120388,514.0,0.6055000121705234,3364
110,50,2,47.51537424230271,0.9503074848460542,0.9503074848460542,50,2,50,50,3,0.0222859577421195,514.0,0.6923000328242779,3364
111,50,2,47.49308828456059,0.9498617656912118,0.9498617656912118,50,2,50,50,3,0.022285957742120832,514.0,0.7255999953486025,3364
112,50,2,47.47080232681848,0.9494160465363696,0.9494160465363696,50,2,50,50,3,0.0222859577421195,514.0,0.7061000214889646,3364
113,50,2,47.44851636907637,0.9489703273815274,0.9489703273815274,50,2,50,50,3,0.022285957742120832,514.0,0.6682000239379704,3364
114,50,2,47.42623041133425,0.948524608226685,0.948524608226685,50,2,50,50,3,0.022285957742119944,514.0,0.6513000116683543,3364
115,50,2,47.40393463669119,0.9480786927338238,0.9480786927338238,50,2,50,50,3,0.02229577464306587,514.0,0.6261999951675534,3364
116,50,2,47.38163886204813,0.9476327772409625,0.9476327772409625,50,2,50,50,3,0.02229577464306498,514.0,0.5540999700315297,3364
117,50,2,47.35934308740507,0.9471868617481014,0.9471868617481014,50,2,50,50,3,0.022295774643066313,514.0,0.6605999660678208,3364
118,50,2,47.33704731276201,0.9467409462552402,0.9467409462552402,50,2,50,50,3,0.02229577464306498,514.0,0.603299995418638,3363
119,50,2,47.31475153811895,0.946295030762379,0.946295030762379,50,2,50,50,3,0.022295774643066313,514.0,0.7336999988183379,3364
120,50,2,47.292455763475886,0.9458491152695178,0.9458491152695178,50,2,50,50,3,0.02229577464306587,514.0,1.0560000082477927,3366
121,50,2,47.27015998883282,0.9454031997766564,0.9454031997766564,50,2,50,50,3,0.02229577464306587,514.0,0.6200999487191439,3368
122,50,2,47.24783439439741,0.9449566878879482,0.9449566878879482,50,2,50,50,3,0.022325594435419926,514.0,0.6069999653846025,3368
123,50,2,47.22550879996199,0.9445101759992398,0.9445101759992398,50,2,50,50,3,0.02232559443542037,514.0,0.6562999915331602,3363
124,50,2,47.20318320552657,0.9440636641105314,0.9440636641105314,50,2,50,50,3,0.02232559443542037,514.0,0.5737000028602779,3363
125,50,2,47.18085761109116,0.9436171522218233,0.9436171522218233,50,2,50,50,3,0.022325594435419926,514.0,0.6810000049881637,3363
126,50,2,47.15853201665575,0.9431706403331149,0.9431706403331149,50,2,50,50,3,0.02232559443542037,514.0,0.7169999880716205,3363
127,50,2,47.13620642222033,0.9427241284444067,0.9427241284444067,50,2,50,50,3,0.022325594435420815,514.0,0.6809000042267144,3363
128,50,2,47.11382588728524,0.9422765177457048,0.9422765177457048,50,2,50,50,3,0.022380534935095397,514.0,0.7227000314742327,3367
129,50,2,47.09092532491211,0.9418185064982422,0.9418185064982422,50,2,50,50,3,0.022900562373132427,514.0,0.6954999989829957,3369
130,50,2,47.068024762539,0.9413604952507799,0.9413604952507799,50,2,50,50,3,0.022900562373132427,514.0,0.9542999905534089,3368
131,50,2,47.045491953397956,0.9409098390679591,0.9409098390679591,50,2,50,50,3,0.02253280914104039,514.0,0.5633000400848687,3371
132,50,2,47.022959144256916,0.9404591828851383,0.9404591828851383,50,2,50,50,3,0.022532809141041277,514.0,0.7171999895945191,3363
133,50,2,47.00042633511588,0.9400085267023176,0.9400085267023176,50,2,50,50,3,0.022532809141040833,514.0,0.6830000202171504,3363
134,50,2,46.97789352597485,0.939557870519497,0.939557870519497,50,2,50,50,3,0.022532809141039944,514.0,0.6916999700479209,3363
135,50,2,46.95536071683381,0.9391072143366762,0.9391072143366762,50,2,50,50,3,0.022532809141040833,514.0,0.36209996324032545,3363
136,50,2,46.93282790769278,0.9386565581538556,0.9386565581538556,50,2,50,50,3,0.022532809141040833,514.0,0.6969000096432865,3365
137,50,2,46.91029509855174,0.9382059019710348,0.9382059019710348,50,2,50,50,3,0.02253280914104039,514.0,0.6548999808728695,3365
138,50,2,46.887762289410716,0.9377552457882143,0.9377552457882143,50,2,50,50,3,0.02253280914104039,514.0,0.6532000261358917,3366
139,50,2,46.865229480269676,0.9373045896053935,0.9373045896053935,50,2,50,50,3,0.02253280914104039,514.0,0.6834999658167362,3366
140,50,2,46.84269667112865,0.936853933422573,0.936853933422573,50,2,50,50,3,0.022532809141041277,514.0,0.5587000050581992,3367
141,50,2,46.82009635929331,0.9364019271858662,0.9364019271858662,50,2,50,50,3,0.02260031183534128,514.0,0.5165000329725444,3367
142,50,2,46.79749604745797,0.9359499209491594,0.9359499209491594,50,2,50,50,3,0.02260031183534217,514.0,0.6443000165745616,3364
143,50,2,46.774895735622636,0.9354979147124527,0.9354979147124527,50,2,50,50,3,0.02260031183534128,514.0,0.6582000060006976,3364
144,50,2,46.752295423787295,0.9350459084757459,0.9350459084757459,50,2,50,50,3,0.02260031183534217,514.0,0.6938999867998064,3364
145,50,2,46.72969511195196,0.9345939022390393,0.9345939022390393,50,2,50,50,3,0.022600311835341724,514.0,0.6277000065892935,3364
146,50,2,46.70709480011663,0.9341418960023326,0.9341418960023326,50,2,50,50,3,0.022600311835341724,514.0,0.624299980700016,3364
147,50,2,46.68449448828129,0.9336898897656257,0.9336898897656257,50,2,50,50,3,0.022600311835341724,514.0,0.6289000157266855,3365
148,50,2,46.66189417644595,0.933237883528919,0.933237883528919,50,2,50,50,3,0.022600311835341724,514.0,0.653600029181689,3367
149,50,2,46.63929386461061,0.9327858772922122,0.9327858772922122,50,2,50,50,3,0.02260031183534128,514.0,0.5896000075154006,3368
150,50,2,46.61669355277528,0.9323338710555056,0.9323338710555056,50,2,50,50,3,0.02260031183534217,514.0,0.5811000009998679,3368
151,50,2,46.594093240939934,0.9318818648187986,0.9318818648187986,50,2,50,50,3,0.022600311835341724,514.0,0.5946000455878675,3368
152,50,2,46.57149292910461,0.9314298585820922,0.9314298585820922,50,2,50,50,3,0.02260031183534217,514.0,0.6587000098079443,3368
153,50,2,46.54889261726927,0.9309778523453853,0.9309778523453853,50,2,50,50,3,0.022600311835341724,514.0,0.590000010561198,3368
154,50,2,46.52629230543393,0.9305258461086785,0.9305258461086785,50,2,50,50,3,0.02260031183534128,514.0,0.6790999905206263,3368
155,50,2,46.503491288410544,0.9300698257682108,0.9300698257682108,50,2,50,50,3,0.02280101702338788,514.0,0.6837000255472958,3368
156,50,2,46.48069027138717,0.9296138054277434,0.9296138054277434,50,2,50,50,3,0.022801017023387438,514.0,0.9956000139936805,3368
157,50,2,46.45788925436379,0.9291577850872759,0.9291577850872759,50,2,50,50,3,0.022801017023387438,514.0,0.6207000114955008,3369
158,50,2,46.4350882373404,0.928701764746808,0.928701764746808,50,2,50,50,3,0.022801017023387438,514.0,0.887200003489852,3370
159,50,2,46.41228722031701,0.9282457444063402,0.9282457444063402,50,2,50,50,3,0.02280101702338788,514.0,0.5305000231601298,3370
160,50,2,46.38938879557615,0.9277877759115231,0.9277877759115231,50,2,50,50,3,0.022898424740878998,514.0,0.6618000334128737,3370
161,50,2,46.36649037083527,0.9273298074167055,0.9273298074167055,50,2,50,50,3,0.02289842474087811,514.0,0.5603000172413886,3369
162,50,2,46.3435919460944,0.926871838921888,0.926871838921888,50,2,50,50,3,0.022898424740878554,514.0,0.7845999789424241,3369
163,50,2,46.320693521353526,0.9264138704270706,0.9264138704270706,50,2,50,50,3,0.022898424740878998,514.0,0.5942999850958586,3369
164,50,2,46.297795096612646,0.925955901932253,0.925955901932253,50,2,50,50,3,0.022898424740878998,514.0,0.6770000327378511,3369
165,50,2,46.27489667187177,0.9254979334374355,0.9254979334374355,50,2,50,50,3,0.022898424740878554,514.0,0.6648999988101423,3369
166,50,2,46.2519982471309,0.925039964942618,0.925039964942618,50,2,50,50,3,0.022898424740878554,514.0,0.6632999866269529,3369
167,50,2,46.22909982239002,0.9245819964478004,0.9245819964478004,50,2,50,50,3,0.022898424740878998,514.0,0.7235000375658274,3369
168,50,2,46.20620139764915,0.9241240279529831,0.9241240279529831,50,2,50,50,3,0.022898424740878998,514.0,0.6964000058360398,3369
169,50,2,46.18330297290827,0.9236660594581655,0.9236660594581655,50,2,50,50,3,0.022898424740878554,514.0,0.7053999579511583,3369
170,50,2,46.1604045481674,0.923208090963348,0.923208090963348,50,2,50,50,3,0.022898424740878554,514.0,0.7527999696321785,3369
171,50,2,46.137506123426526,0.9227501224685305,0.9227501224685305,50,2,50,50,3,0.022898424740878554,514.0,0.6462999735958874,3369
172,50,2,46.11460769868566,0.9222921539737132,0.9222921539737132,50,2,50,50,3,0.022898424740878998,514.0,0.6501000025309622,3369
173,50,2,46.09174219405479,0.9218348438810957,0.9218348438810957,50,2,50,50,3,0.022865504630876998,514.0,0.781899958383292,3368
174,50,2,46.069169146028855,0.9213833829205771,0.9213833829205771,50,2,50,50,3,0.02257304802593696,514.0,0.5537999677471817,3368
175,50,2,46.046197354940105,0.9209239470988021,0.9209239470988021,50,2,50,50,3,0.02297179108874481,514.0,0.6382999708876014,3366
176,50,2,46.02322556385137,0.9204645112770273,0.9204645112770273,50,2,50,50,3,0.022971791088745253,514.0,0.8568000048398972,3366
177,50,2,46.00025377276263,0.9200050754552527,0.9200050754552527,50,2,50,50,3,0.022971791088744364,514.0,0.6437000120058656,3365
178,50,2,45.9772819816739,0.9195456396334779,0.9195456396334779,50,2,50,50,3,0.02297179108874481,514.0,0.5295999580994248,3363
179,50,2,45.95474046662277,0.9190948093324555,0.9190948093324555,50,2,50,50,3,0.02254151505112656,514.0,0.6541999755427241,3363
180,50,2,45.93219895157166,0.9186439790314331,0.9186439790314331,50,2,50,50,3,0.022541515051124783,514.0,0.5706999800167978,3363
181,50,2,45.909657436520526,0.9181931487304105,0.9181931487304105,50,2,50,50,3,0.02254151505112656,514.0,0.5845999694429338,3364
182,50,2,45.887115921469416,0.9177423184293884,0.9177423184293884,50,2,50,50,3,0.02254151505112567,514.0,0.5537999677471817,3365
183,50,2,45.86457440641829,0.9172914881283658,0.9172914881283658,50,2,50,50,3,0.02254151505112656,514.0,0.6730000022798777,3366
184,50,2,45.84203289136717,0.9168406578273434,0.9168406578273434,50,2,50,50,3,0.022541515051127448,514.0,0.5878999945707619,3366
185,50,2,45.819491376316044,0.9163898275263209,0.9163898275263209,50,2,50,50,3,0.022541515051127448,514.0,0.6895000115036964,3366
186,50,2,45.797065263617064,0.9159413052723413,0.9159413052723413,50,2,50,50,3,0.0224261126989882,514.0,0.5948999896645546,3366
187,50,2,45.774199758986185,0.9154839951797237,0.9154839951797237,50,2,50,50,3,0.022865504630876998,514.0,0.7273000082932413,3363
188,50,2,45.75133425435532,0.9150266850871064,0.9150266850871064,50,2,50,50,3,0.02286550463087611,514.0,0.5246999789960682,3363
189,50,2,45.72846874972445,0.914569374994489,0.914569374994489,50,2,50,50,3,0.022865504630876998,514.0,0.6390999769791961,3363
190,50,2,45.70560324509358,0.9141120649018716,0.9141120649018716,50,2,50,50,3,0.022865504630876998,514.0,0.6290000164881349,3363
191,50,2,45.6827377404627,0.913654754809254,0.913654754809254,50,2,50,50,3,0.02286550463087611,514.0,0.7619000389240682,3363
192,50,2,45.65976594937397,0.9131953189874794,0.9131953189874794,50,2,50,50,3,0.022971791088745697,514.0,0.5920000257901847,3363
193,50,2,45.637224434322846,0.912744488686457,0.912744488686457,50,2,50,50,3,0.022541515051127448,514.0,0.6537999724969268,3363
194,50,2,45.61468291927173,0.9122936583854346,0.9122936583854346,50,2,50,50,3,0.022541515051127448,514.0,0.6855999818071723,3363
195,50,2,45.59206290052245,0.911841258010449,0.911841258010449,50,2,50,50,3,0.022620018749278437,514.0,0.7577000069431961,3365
196,50,2,45.569091109433714,0.9113818221886743,0.9113818221886743,50,2,50,50,3,0.022971791088745697,514.0,0.8187000057660043,3365
197,50,2,45.54611931834497,0.9109223863668994,0.9109223863668994,50,2,50,50,3,0.02297179108874481,514.0,0.35879999632015824,3364
198,50,2,45.52314752725623,0.9104629505451246,0.9104629505451246,50,2,50,50,3,0.022971791088746585,514.0,0.6819000118412077,3364
199,50,2,45.50017573616749,0.9100035147233498,0.9100035147233498,50,2,50,50,3,0.02297179108874392,514.0,0.5167000344954431,3364
200,50,2,45.47720394507875,0.909544078901575,0.909544078901575,50,2,50,50,3,0.02297179108874481,514.0,0.8004000410437584,3364
201,50,2,45.454232153990006,0.9090846430798001,0.9090846430798001,50,2,50,50,3,0.02297179108874481,514.0,0.5834000185132027,3365
202,50,2,45.43126036290127,0.9086252072580254,0.9086252072580254,50,2,50,50,3,0.022971791088745697,514.0,0.6870999932289124,3365
203,50,2,45.40883425020229,0.9081766850040458,0.9081766850040458,50,2,50,50,3,0.022426112698989975,514.0,0.6485999911092222,3364
204,50,2,45.386294612553634,0.9077258922510727,0.9077258922510727,50,2,50,50,3,0.02253963764866107,514.0,0.6487999926321208,3365
205,50,2,45.3633228214649,0.9072664564292979,0.9072664564292979,50,2,50,50,3,0.022971791088745697,514.0,0.6555000436492264,3365
206,50,2,45.34089670876592,0.9068179341753183,0.9068179341753183,50,2,50,50,3,0.022426112698989975,514.0,0.8584000170230865,3364
207,50,2,45.31847059606692,0.9063694119213385,0.9063694119213385,50,2,50,50,3,0.0224261126989882,514.0,0.5873999907635152,3364
208,50,2,45.29606653168122,0.9059213306336243,0.9059213306336243,50,2,50,50,3,0.022404064385709077,514.0,0.5552999791689217,3365
209,50,2,45.27355903009347,0.9054711806018695,0.9054711806018695,50,2,50,50,3,0.022507501587761602,514.0,0.647100037895143,3366
210,50,2,45.25115496570777,0.9050230993141554,0.9050230993141554,50,2,50,50,3,0.022404064385709077,514.0,0.6623000372201204,3365
211,50,2,45.22875090132206,0.9045750180264411,0.9045750180264411,50,2,50,50,3,0.022404064385709077,514.0,0.9742000256665051,3365
212,50,2,45.20632478862308,0.9041264957724615,0.9041264957724615,50,2,50,50,3,0.022426112698989087,514.0,0.7520000217482448,3364
213,50,2,45.18392072423738,0.9036784144847476,0.9036784144847476,50,2,50,50,3,0.02240406438570819,514.0,0.5511000053957105,3364
214,50,2,45.16149461153839,0.9032298922307678,0.9032298922307678,50,2,50,50,3,0.022426112698989975,514.0,0.7078000344336033,3367
215,50,2,45.13905883580537,0.9027811767161075,0.9027811767161075,50,2,50,50,3,0.022435775733027796,514.0,0.8818999631330371,3366
216,50,2,45.116654771419675,0.9023330954283935,0.9023330954283935,50,2,50,50,3,0.022404064385709965,514.0,0.5896000075154006,3365
217,50,2,45.09425070703397,0.9018850141406795,0.9018850141406795,50,2,50,50,3,0.022404064385709077,514.0,0.6337999948300421,3367
218,50,2,45.071694103020654,0.9014338820604131,0.9014338820604131,50,2,50,50,3,0.02255660401332449,514.0,0.5929999751970172,3365
219,50,2,45.04879354064752,0.9009758708129505,0.9009758708129505,50,2,50,50,3,0.02290056237313287,514.0,0.5448000156320632,3365
220,50,2,45.02589297827439,0.9005178595654878,0.9005178595654878,50,2,50,50,3,0.022900562373131983,514.0,0.5663000047206879,3366
221,50,2,45.00299241590127,0.9000598483180253,0.9000598483180253,50,2,50,50,3,0.022900562373131983,514.0,0.8613999816589057,3366
222,50,2,44.98020699359479,0.8996041398718958,0.8996041398718958,50,2,50,50,3,0.022785422306479397,514.0,0.6051999516785145,3366
223,50,2,44.95742157128832,0.8991484314257664,0.8991484314257664,50,2,50,50,3,0.022785422306476733,514.0,0.6818000110797584,3366
224,50,2,44.934636148981845,0.8986927229796369,0.8986927229796369,50,2,50,50,3,0.022785422306480285,514.0,0.5599000141955912,3366
225,50,2,44.91209463393072,0.8982418926786144,0.8982418926786144,50,2,50,50,3,0.02254151505112656,514.0,0.687299994751811,3366
226,50,2,44.889309211624244,0.8977861842324849,0.8977861842324849,50,2,50,50,3,0.02278542230647851,514.0,0.5984000163152814,3367
227,50,2,44.86692492415846,0.8973384984831693,0.8973384984831693,50,2,50,50,3,0.02238428746579668,514.0,0.637599965557456,3367
228,50,2,44.84449881145948,0.8968899762291896,0.8968899762291896,50,2,50,50,3,0.022426112698989087,514.0,0.6480999873019755,3367
229,50,2,44.82195729640835,0.896439145928167,0.896439145928167,50,2,50,50,3,0.022541515051127448,514.0,0.6215000175870955,3367
230,50,2,44.79953118370937,0.8959906236741874,0.8959906236741874,50,2,50,50,3,0.022426112698989087,514.0,0.673400005325675,3367
231,50,2,44.777243354861184,0.8955448670972237,0.8955448670972237,50,2,50,50,3,0.022287828848178926,514.0,0.5242000333964825,3367
232,50,2,44.75495552601302,0.8950991105202604,0.8950991105202604,50,2,50,50,3,0.022287828848178926,514.0,0.6455999682657421,3367
233,50,2,44.73262789168916,0.8946525578337833,0.8946525578337833,50,2,50,50,3,0.022327634323866974,514.0,0.6510000093840063,3367
234,50,2,44.71020177899018,0.8942040355798037,0.8942040355798037,50,2,50,50,3,0.022426112698989087,514.0,0.6513000116683543,3368
235,50,2,44.687775666291195,0.8937555133258239,0.8937555133258239,50,2,50,50,3,0.022426112698989975,514.0,1.2363999849185348,3368
236,50,2,44.665349553592215,0.8933069910718443,0.8933069910718443,50,2,50,50,3,0.022426112698989087,514.0,0.3988000098615885,3368
237,50,2,44.64292344089323,0.8928584688178646,0.8928584688178646,50,2,50,50,3,0.022426112698989975,514.0,0.8222000324167311,3368
238,50,2,44.62036683687992,0.8924073367375983,0.8924073367375983,50,2,50,50,3,0.02255660401332449,514.0,0.6576000014320016,3368
239,50,2,44.59794072418093,0.8919588144836186,0.8919588144836186,50,2,50,50,3,0.0224261126989882,514.0,0.7335999980568886,3369
240,50,2,44.575384120167605,0.8915076824033521,0.8915076824033521,50,2,50,50,3,0.0225566040133236,514.0,0.5738000036217272,3369
241,50,2,44.552827516154295,0.891056550323086,0.891056550323086,50,2,50,50,3,0.02255660401332449,514.0,0.6932000396773219,3368
242,50,2,44.53027091214098,0.8906054182428196,0.8906054182428196,50,2,50,50,3,0.022556604013325376,514.0,0.6057000136934221,3368
243,50,2,44.50771430812765,0.8901542861625531,0.8901542861625531,50,2,50,50,3,0.02255660401332449,514.0,0.6003999733366072,3368
244,50,2,44.48522994494901,0.8897045988989802,0.8897045988989802,50,2,50,50,3,0.02248436317864666,514.0,0.6953999982215464,3375
245,50,2,44.46274558177037,0.8892549116354074,0.8892549116354074,50,2,50,50,3,0.02248436317864755,514.0,0.7957000052556396,3375
246,50,2,44.440261218591736,0.8888052243718347,0.8888052243718347,50,2,50,50,3,0.02248436317864755,514.0,0.6081000319682062,3375
247,50,2,44.417776855413095,0.8883555371082619,0.8883555371082619,50,2,50,50,3,0.022484363178645772,514.0,0.5676000146195292,3373
248,50,2,44.39529249223445,0.8879058498446889,0.8879058498446889,50,2,50,50,3,0.02248436317864755,514.0,0.6885000038892031,3373
249,50,2,44.3728081290558,0.8874561625811159,0.8874561625811159,50,2,50,50,3,0.02248436317864666,514.0,0.6294000195339322,3373
250,50,2,44.35032376587717,0.8870064753175434,0.8870064753175434,50,2,50,50,3,0.02248436317864755,514.0,0.6401999853551388,3370
251,50,2,44.32783940269852,0.8865567880539704,0.8865567880539704,50,2,50,50,3,0.02248436317864755,514.0,0.45170000521466136,3370
252,50,2,44.30535503951989,0.8861071007903978,0.8861071007903978,50,2,50,50,3,0.02248436317864666,514.0,0.5865000421181321,3370
253,50,2,44.28287067634124,0.8856574135268248,0.8856574135268248,50,2,50,50,3,0.02248436317864755,514.0,0.5585000035353005,3368
254,50,2,44.26018288114684,0.8852036576229367,0.8852036576229367,50,2,50,50,3,0.02268779519440045,514.0,0.6770000327378511,3367
255,50,2,44.237698517968205,0.8847539703593641,0.8847539703593641,50,2,50,50,3,0.022484363178645772,514.0,0.5642999894917011,3363
256,50,2,44.21521415478957,0.8843042830957915,0.8843042830957915,50,2,50,50,3,0.02248436317864666,514.0,0.8569000056013465,3363
257,50,2,44.192729791610915,0.8838545958322183,0.8838545958322183,50,2,50,50,3,0.02248436317864755,514.0,0.5459000240080059,3363
258,50,2,44.17024542843228,0.8834049085686456,0.8834049085686456,50,2,50,50,3,0.02248436317864755,514.0,0.6440000142902136,3366
259,50,2,44.14776106525363,0.8829552213050726,0.8829552213050726,50,2,50,50,3,0.02248436317864666,514.0,0.6313000340014696,3366
260,50,2,44.125276702075,0.8825055340415,0.8825055340415,50,2,50,50,3,0.02248436317864755,514.0,0.624599982984364,3366
261,50,2,44.10258890688059,0.8820517781376118,0.8820517781376118,50,2,50,50,3,0.02268779519440045,514.0,0.6613999721594155,3366
262,50,2,44.079901111686205,0.8815980222337241,0.8815980222337241,50,2,50,50,3,0.02268779519440045,514.0,0.6334999925456941,3366
263,50,2,44.05721331649181,0.8811442663298362,0.8811442663298362,50,2,50,50,3,0.022687795194399563,514.0,0.5457999650388956,3366
264,50,2,44.03452552129742,0.8806905104259484,0.8806905104259484,50,2,50,50,3,0.022687795194399563,514.0,0.8331999997608364,3366
265,50,2,44.01183772610302,0.8802367545220604,0.8802367545220604,50,2,50,50,3,0.02268779519440134,514.0,0.7590999593958259,3366
266,50,2,43.98887323799374,0.8797774647598747,0.8797774647598747,50,2,50,50,3,0.02296448810928986,514.0,0.76299998909235,3366
267,50,2,43.965974813252856,0.8793194962650571,0.8793194962650571,50,2,50,50,3,0.02289842474088033,514.0,0.6481999880634248,3364
268,50,2,43.94307638851198,0.8788615277702396,0.8788615277702396,50,2,50,50,3,0.022898424740878554,514.0,0.5559000419452786,3366
269,50,2,43.92017796377111,0.8784035592754222,0.8784035592754222,50,2,50,50,3,0.022898424740881218,514.0,0.6827000179328024,3366
270,50,2,43.89727953903023,0.8779455907806046,0.8779455907806046,50,2,50,50,3,0.022898424740877665,514.0,0.6827000179328024,3366
271,50,2,43.87438111428936,0.8774876222857872,0.8774876222857872,50,2,50,50,3,0.02289842474087944,514.0,0.6877999985590577,3366
272,50,2,43.85140932320062,0.8770281864640124,0.8770281864640124,50,2,50,50,3,0.022971791088745697,514.0,0.5746000097133219,3366
273,50,2,43.82843753211187,0.8765687506422374,0.8765687506422374,50,2,50,50,3,0.02297179108874481,514.0,0.5682000191882253,3366
274,50,2,43.80546574102314,0.8761093148204628,0.8761093148204628,50,2,50,50,3,0.022971791088745697,514.0,0.6842999719083309,3366
275,50,2,43.782493949934405,0.8756498789986881,0.8756498789986881,50,2,50,50,3,0.022971791088745697,514.0,0.5935000372119248,3366
276,50,2,43.75952215884567,0.8751904431769134,0.8751904431769134,50,2,50,50,3,0.02297179108874481,514.0,0.7814000127837062,3366
277,50,2,43.73655036775692,0.8747310073551384,0.8747310073551384,50,2,50,50,3,0.022971791088745697,514.0,0.548600044567138,3366
278,50,2,43.71368486312605,0.8742736972625209,0.8742736972625209,50,2,50,50,3,0.022865504630876998,514.0,0.7103999960236251,3366
279,50,2,43.69072037501677,0.8738144075003353,0.8738144075003353,50,2,50,50,3,0.022964488109288972,514.0,0.7188000017777085,3366
280,50,2,43.66785487038589,0.8733570974077177,0.8733570974077177,50,2,50,50,3,0.02286550463087611,514.0,0.7742999587208033,3366
281,50,2,43.6448903822766,0.872897807645532,0.872897807645532,50,2,50,50,3,0.022964488109291636,514.0,0.6397999823093414,3366
282,50,2,43.62192589416732,0.8724385178833464,0.8724385178833464,50,2,50,50,3,0.022964488109288972,514.0,0.5578999989666045,3366
283,50,2,43.598961406058024,0.8719792281211605,0.8719792281211605,50,2,50,50,3,0.022964488109291636,514.0,0.5458000232465565,3366
284,50,2,43.57599691794875,0.871519938358975,0.871519938358975,50,2,50,50,3,0.02296448810928986,514.0,0.6835999665781856,3366
285,50,2,43.55303242983946,0.8710606485967892,0.8710606485967892,50,2,50,50,3,0.022964488109290748,514.0,0.630799971986562,3366
286,50,2,43.53006794173017,0.8706013588346033,0.8706013588346033,50,2,50,50,3,0.02296448810928986,514.0,0.4396000294946134,3366
287,50,2,43.507103453620886,0.8701420690724178,0.8701420690724178,50,2,50,50,3,0.022964488109290748,514.0,0.6766999722458422,3366
288,50,2,43.48413896551159,0.8696827793102319,0.8696827793102319,50,2,50,50,3,0.02296448810928986,514.0,0.5419999943114817,3366
289,50,2,43.46117447740231,0.8692234895480462,0.8692234895480462,50,2,50,50,3,0.022964488109290748,514.0,0.9147000382654369,3366
290,50,2,43.43820998929302,0.8687641997858604,0.8687641997858604,50,2,50,50,3,0.02296448810928986,514.0,0.5164000322110951,3366
291,50,2,43.41524550118373,0.8683049100236747,0.8683049100236747,50,2,50,50,3,0.022964488109291636,514.0,0.6966000073589385,3366
292,50,2,43.392281013074445,0.8678456202614889,0.8678456202614889,50,2,50,50,3,0.022964488109288972,514.0,0.7236000383272767,3364
293,50,2,43.36931652496516,0.8673863304993031,0.8673863304993031,50,2,50,50,3,0.022964488109291636,514.0,0.7217999664135277,3363
294,50,2,43.34635203685587,0.8669270407371173,0.8669270407371173,50,2,50,50,3,0.02296448810928986,514.0,0.9671000298112631,3363
295,50,2,43.32338754874659,0.8664677509749318,0.8664677509749318,50,2,50,50,3,0.022964488109288972,514.0,0.687299994751811,3365
296,50,2,43.3004230606373,0.866008461212746,0.866008461212746,50,2,50,50,3,0.02296448810928986,514.0,0.6336999940685928,3365
297,50,2,43.277458572528005,0.8655491714505601,0.8655491714505601,50,2,50,50,3,0.022964488109291636,514.0,0.8132999646477401,3365
298,50,2,43.254494084418724,0.8650898816883745,0.8650898816883745,50,2,50,50,3,0.022964488109288972,514.0,0.6683999672532082,3365
299,50,2,43.23152959630944,0.8646305919261889,0.8646305919261889,50,2,50,50,3,0.022964488109291636,514.0,0.6815000087954104,3366
300,50,2,43.20856510820015,0.864171302164003,0.864171302164003,50,2,50,50,3,0.02296448810928986,514.0,0.6618000334128737,3366
301,50,2,43.185600620090874,0.8637120124018175,0.8637120124018175,50,2,50,50,3,0.022964488109291636,514.0,0.9179000044241548,3367
302,50,2,43.1629123936896,0.863258247873792,0.863258247873792,50,2,50,50,3,0.02268822640126089,514.0,0.603299995418638,3367
303,50,2,43.140224167288345,0.8628044833457669,0.8628044833457669,50,2,50,50,3,0.02268822640126178,514.0,0.7036000024527311,3367
304,50,2,43.1175359408871,0.8623507188177421,0.8623507188177421,50,2,50,50,3,0.02268822640126089,514.0,0.686999992467463,3367
305,50,2,43.09484771448584,0.8618969542897168,0.8618969542897168,50,2,50,50,3,0.022688226401262668,514.0,0.7615999784320593,3367
306,50,2,43.07215948808459,0.8614431897616918,0.8614431897616918,50,2,50,50,3,0.02268822640126089,514.0,0.6915999692864716,3367
307,50,2,43.04947126168332,0.8609894252336665,0.8609894252336665,50,2,50,50,3,0.02268822640126178,514.0,0.8066999725997448,3367
308,50,2,43.026783035282065,0.8605356607056414,0.8605356607056414,50,2,50,50,3,0.02268822640126178,514.0,0.5671000108122826,3366
309,50,2,43.004094808880815,0.8600818961776163,0.8600818961776163,50,2,50,50,3,0.022688226401262668,514.0,0.8432000176981091,3366
310,50,2,42.98140658247955,0.8596281316495911,0.8596281316495911,50,2,50,50,3,0.022688226401260003,514.0,0.6318999803625047,3366
311,50,2,42.958718356078315,0.8591743671215663,0.8591743671215663,50,2,50,50,3,0.02268822640126089,514.0,0.72160002309829,3366
312,50,2,42.93603012967704,0.8587206025935409,0.8587206025935409,50,2,50,50,3,0.02268822640126178,514.0,0.5472999764606357,3366
313,50,2,42.913341903275786,0.8582668380655157,0.8582668380655157,50,2,50,50,3,0.022688226401262668,514.0,0.6609000265598297,3366
314,50,2,42.89065367687453,0.8578130735374906,0.8578130735374906,50,2,50,50,3,0.02268822640126089,514.0,0.6068999646231532,3366
315,50,2,42.86796545047327,0.8573593090094654,0.8573593090094654,50,2,50,50,3,0.02268822640126178,514.0,0.7100999937392771,3366
316,50,2,42.845277224072014,0.8569055444814403,0.8569055444814403,50,2,50,50,3,0.02268822640126178,514.0,0.49179996130988,3366
317,50,2,42.822588997670756,0.8564517799534151,0.8564517799534151,50,2,50,50,3,0.022688226401262668,514.0,0.44329999946057796,3366
318,50,2,42.7999007712695,0.85599801542539,0.85599801542539,50,2,50,50,3,0.02268822640126089,514.0,0.6088000372983515,3366
319,50,2,42.77721254486825,0.855544250897365,0.855544250897365,50,2,50,50,3,0.02268822640126178,514.0,0.6095999851822853,3366
320,50,2,42.754524318466984,0.8550904863693397,0.8550904863693397,50,2,50,50,3,0.02268822640126089,514.0,0.6885000038892031,3366
321,50,2,42.731836092065734,0.8546367218413147,0.8546367218413147,50,2,50,50,3,0.022688226401262668,514.0,0.679899996612221,3366
322,50,2,42.70914786566448,0.8541829573132895,0.8541829573132895,50,2,50,50,3,0.02268822640126089,514.0,0.6556999869644642,3366
323,50,2,42.68645963926322,0.8537291927852644,0.8537291927852644,50,2,50,50,3,0.02268822640126178,514.0,0.7547000423073769,3366
324,50,2,42.66377141286196,0.8532754282572392,0.8532754282572392,50,2,50,50,3,0.02268822640126178,514.0,0.6193000008352101,3366
325,50,2,42.6410831864607,0.852821663729214,0.852821663729214,50,2,50,50,3,0.022688226401262668,514.0,0.7449999684467912,3366
326,50,2,42.618394960059454,0.852367899201189,0.852367899201189,50,2,50,50,3,0.02268822640126089,514.0,0.7217000238597393,3366
327,50,2,42.5957067336582,0.8519141346731639,0.8519141346731639,50,2,50,50,3,0.022688226401260003,514.0,0.43299997923895717,3366
328,50,2,42.57301850725695,0.851460370145139,0.851460370145139,50,2,50,50,3,0.02268822640126178,514.0,0.5404999828897417,3366
329,50,2,42.55033028085569,0.8510066056171138,0.8510066056171138,50,2,50,50,3,0.022688226401262668,514.0,0.4971000016666949,3366
330,50,2,42.52764205445443,0.8505528410890887,0.8505528410890887,50,2,50,50,3,0.02268822640126178,514.0,0.49050000961869955,3366
331,50,2,42.50495382805317,0.8500990765610633,0.8500990765610633,50,2,50,50,3,0.02268822640126089,514.0,0.5953999934718013,3366
332,50,2,42.48226560165191,0.8496453120330382,0.8496453120330382,50,2,50,50,3,0.022688226401262668,514.0,1.0315999970771372,3366
333,50,2,42.45957737525066,0.8491915475050132,0.8491915475050132,50,2,50,50,3,0.02268822640126178,514.0,0.7168999873101711,3366
334,50,2,42.43688914884939,0.8487377829769878,0.8487377829769878,50,2,50,50,3,0.02268822640126178,514.0,0.686999992467463,3366
335,50,2,42.414200922448146,0.848284018448963,0.848284018448963,50,2,50,50,3,0.02268822640126089,514.0,0.6711000460200012,3366
336,50,2,42.39151269604689,0.8478302539209378,0.8478302539209378,50,2,50,50,3,0.02268822640126178,514.0,0.6689000292681158,3366
337,50,2,42.36882446964563,0.8473764893929127,0.8473764893929127,50,2,50,50,3,0.02268822640126178,514.0,0.6556999869644642,3366
338,50,2,42.34613624324438,0.8469227248648876,0.8469227248648876,50,2,50,50,3,0.02268822640126178,514.0,0.6813999498263001,3366
339,50,2,42.323448016843116,0.8464689603368624,0.8464689603368624,50,2,50,50,3,0.02268822640126089,514.0,0.7219999679364264,3366
340,50,2,42.30075979044185,0.846015195808837,0.846015195808837,50,2,50,50,3,0.022688226401262668,514.0,0.5623999750241637,3366
341,50,2,42.2780715640406,0.8455614312808121,0.8455614312808121,50,2,50,50,3,0.02268822640126178,514.0,0.6047000060789287,3366
342,50,2,42.255383337639344,0.8451076667527869,0.8451076667527869,50,2,50,50,3,0.02268822640126178,514.0,0.38590002804994583,3366
343,50,2,42.2326951112381,0.844653902224762,0.844653902224762,50,2,50,50,3,0.022688226401259115,514.0,0.555099977646023,3366
344,50,2,42.21000688483684,0.8442001376967367,0.8442001376967367,50,2,50,50,3,0.022688226401262668,514.0,0.6899000145494938,3366
345,50,2,42.18731865843557,0.8437463731687115,0.8437463731687115,50,2,50,50,3,0.02268822640126178,514.0,0.5584000027738512,3366
346,50,2,42.16463043203432,0.8432926086406864,0.8432926086406864,50,2,50,50,3,0.02268822640126178,514.0,0.6807999452576041,3366
347,50,2,42.141942205633065,0.8428388441126613,0.8428388441126613,50,2,50,50,3,0.02268822640126089,514.0,0.6613000296056271,3366
348,50,2,42.11925397923181,0.8423850795846362,0.8423850795846362,50,2,50,50,3,0.022688226401262668,514.0,0.5486999871209264,3366
349,50,2,42.09656575283054,0.8419313150566109,0.8419313150566109,50,2,50,50,3,0.02268822640126178,514.0,0.7085999823175371,3366
350,50,2,42.073877526429285,0.8414775505285857,0.8414775505285857,50,2,50,50,3,0.02268822640126178,514.0,0.5354000022634864,3366
351,50,2,42.051189300028035,0.8410237860005607,0.8410237860005607,50,2,50,50,3,0.02268822640126089,514.0,0.5742000066675246,3366
352,50,2,42.02850107362678,0.8405700214725356,0.8405700214725356,50,2,50,50,3,0.02268822640126178,514.0,0.5898000090382993,3366
353,50,2,42.00581284722553,0.8401162569445105,0.8401162569445105,50,2,50,50,3,0.02268822640126178,514.0,0.93629996990785,3366
354,50,2,41.98312462082427,0.8396624924164854,0.8396624924164854,50,2,50,50,3,0.02268822640126089,514.0,0.598000013269484,3366
355,50,2,41.96043639442301,0.8392087278884602,0.8392087278884602,50,2,50,50,3,0.02268822640126089,514.0,0.5510000046342611,3366
356,50,2,41.937748168021756,0.8387549633604351,0.8387549633604351,50,2,50,50,3,0.022688226401262668,514.0,0.6419999990612268,3366
357,50,2,41.915059941620484,0.8383011988324097,0.8383011988324097,50,2,50,50,3,0.022688226401262668,514.0,0.6355000077746809,3366
358,50,2,41.892371715219234,0.8378474343043847,0.8378474343043847,50,2,50,50,3,0.02268822640126089,514.0,0.49760000547394156,3366
359,50,2,41.869683488817984,0.8373936697763597,0.8373936697763597,50,2,50,50,3,0.022688226401262668,514.0,0.5622999742627144,3366
360,50,2,41.84699526241673,0.8369399052483346,0.8369399052483346,50,2,50,50,3,0.02268822640126089,514.0,0.7580000092275441,3366
361,50,2,41.824307036015476,0.8364861407203095,0.8364861407203095,50,2,50,50,3,0.022688226401262668,514.0,1.2240000069141388,3366
362,50,2,41.80161880961422,0.8360323761922843,0.8360323761922843,50,2,50,50,3,0.02268822640126089,514.0,0.55570004042238,3366
363,50,2,41.77893058321296,0.8355786116642592,0.8355786116642592,50,2,50,50,3,0.022688226401262668,514.0,0.6424000021070242,3366
364,50,2,41.7562423568117,0.8351248471362339,0.8351248471362339,50,2,50,50,3,0.022688226401262668,514.0,0.6699999794363976,3366
365,50,2,41.73355413041045,0.8346710826082089,0.8346710826082089,50,2,50,50,3,0.022688226401264444,514.0,0.6251000449992716,3366
366,50,2,41.71086590400918,0.8342173180801836,0.8342173180801836,50,2,50,50,3,0.022688226401262668,514.0,0.7462999783456326,3366
367,50,2,41.68817767760793,0.8337635535521586,0.8337635535521586,50,2,50,50,3,0.02268822640126089,514.0,0.6573999999091029,3366
368,50,2,41.665489451206675,0.8333097890241334,0.8333097890241334,50,2,50,50,3,0.022688226401262668,514.0,0.7226000307127833,3366
369,50,2,41.64280122480542,0.8328560244961083,0.8328560244961083,50,2,50,50,3,0.022688226401264444,514.0,0.5760000203736126,3366
370,50,2,41.62011299840417,0.8324022599680834,0.8324022599680834,50,2,50,50,3,0.022688226401262668,514.0,0.6033999961800873,3366
371,50,2,41.5974247720029,0.831948495440058,0.831948495440058,50,2,50,50,3,0.022688226401262668,514.0,0.7088999846018851,3366
372,50,2,41.57473654560164,0.8314947309120327,0.8314947309120327,50,2,50,50,3,0.022688226401262668,514.0,0.596800004132092,3366
373,50,2,41.55204831920039,0.8310409663840077,0.8310409663840077,50,2,50,50,3,0.022688226401262668,514.0,0.6784000433981419,3366
374,50,2,41.52936009279913,0.8305872018559826,0.8305872018559826,50,2,50,50,3,0.022688226401264444,514.0,0.6822000141255558,3366
375,50,2,41.50667186639787,0.8301334373279574,0.8301334373279574,50,2,50,50,3,0.022688226401262668,514.0,0.7532000308856368,3366
376,50,2,41.48398363999662,0.8296796727999325,0.8296796727999325,50,2,50,50,3,0.022688226401262668,514.0,0.6978000164963305,3366
377,50,2,41.46129541359536,0.8292259082719071,0.8292259082719071,50,2,50,50,3,0.022688226401262668,514.0,0.687599997036159,3366
378,50,2,41.43860718719411,0.8287721437438822,0.8287721437438822,50,2,50,50,3,0.022688226401264444,514.0,0.7324000471271574,3366
379,50,2,41.41591896079285,0.828318379215857,0.828318379215857,50,2,50,50,3,0.02268822640126089,514.0,1.096600026357919,3367
380,50,2,41.3932307343916,0.827864614687832,0.827864614687832,50,2,50,50,3,0.022688226401264444,514.0,0.5109999910928309,3367
381,50,2,41.370542507990336,0.8274108501598068,0.8274108501598068,50,2,50,50,3,0.022688226401262668,514.0,0.3662999952211976,3367
382,50,2,41.34785428158907,0.8269570856317814,0.8269570856317814,50,2,50,50,3,0.022688226401262668,514.0,0.42260001646354795,3367
383,50,2,41.32516605518782,0.8265033211037565,0.8265033211037565,50,2,50,50,3,0.022688226401262668,514.0,0.41829998372122645,3367
384,50,2,41.302477828786564,0.8260495565757313,0.8260495565757313,50,2,50,50,3,0.022688226401262668,514.0,0.7445999654009938,3367
385,50,2,41.279789602385314,0.8255957920477063,0.8255957920477063,50,2,50,50,3,0.022688226401264444,514.0,0.5702999769710004,3367
386,50,2,41.25710137598406,0.8251420275196811,0.8251420275196811,50,2,50,50,3,0.022688226401262668,514.0,0.6690000300295651,3367
387,50,2,41.23441314958279,0.8246882629916559,0.8246882629916559,50,2,50,50,3,0.022688226401262668,514.0,0.5114999949000776,3367
388,50,2,41.21172492318154,0.8242344984636308,0.8242344984636308,50,2,50,50,3,0.02268822640126089,514.0,0.7885000086389482,3367
389,50,2,41.18903669678028,0.8237807339356056,0.8237807339356056,50,2,50,50,3,0.022688226401264444,514.0,0.39850000757724047,3367
390,50,2,41.16634847037902,0.8233269694075804,0.8233269694075804,50,2,50,50,3,0.022688226401264444,514.0,0.5657000001519918,3367
391,50,2,41.14366024397777,0.8228732048795554,0.8228732048795554,50,2,50,50,3,0.022688226401262668,514.0,0.9516999707557261,3367
392,50,2,41.12097201757651,0.8224194403515303,0.8224194403515303,50,2,50,50,3,0.02268822640126089,514.0,0.6624999805353582,3367
393,50,2,41.098283791175255,0.8219656758235051,0.8219656758235051,50,2,50,50,3,0.022688226401264444,514.0,0.9713000035844743,3367
394,50,2,41.07559556477399,0.8215119112954798,0.8215119112954798,50,2,50,50,3,0.022688226401264444,514.0,0.6892000092193484,3367
395,50,2,41.05290733837274,0.8210581467674548,0.8210581467674548,50,2,50,50,3,0.022688226401262668,514.0,0.7021999917924404,3367
396,50,2,41.03021911197147,0.8206043822394293,0.8206043822394293,50,2,50,50,3,0.022688226401259115,514.0,0.6991000263951719,3367
397,50,2,41.00753088557022,0.8201506177114044,0.8201506177114044,50,2,50,50,3,0.02268822640126622,514.0,0.6938999867998064,3367
398,50,2,40.98484265916896,0.8196968531833793,0.8196968531833793,50,2,50,50,3,0.022688226401262668,514.0,0.6510000093840063,3367
399,50,2,40.962154432767704,0.8192430886553541,0.8192430886553541,50,2,50,50,3,0.022688226401262668,514.0,0.5787000409327447,3367
400,50,2,40.939466206366454,0.8187893241273291,0.8187893241273291,50,2,50,50,3,0.02268822640126089,514.0,0.7105999975465238,3367
401,50,2,40.91677797996519,0.8183355595993038,0.8183355595993038,50,2,50,50,3,0.022688226401264444,514.0,0.7254999945871532,3367
402,50,2,40.89408975356394,0.8178817950712788,0.8178817950712788,50,2,50,50,3,0.022688226401264444,514.0,0.5937999812886119,3367
403,50,2,40.87140152716267,0.8174280305432533,0.8174280305432533,50,2,50,50,3,0.022688226401262668,514.0,0.678699987474829,3367
404,50,2,40.84871330076141,0.8169742660152282,0.8169742660152282,50,2,50,50,3,0.02268822640126089,514.0,0.4262999864295125,3367
405,50,2,40.82602507436016,0.8165205014872032,0.8165205014872032,50,2,50,50,3,0.022688226401262668,514.0,0.4392999690026045,3367
406,50,2,40.80333684795889,0.8160667369591778,0.8160667369591778,50,2,50,50,3,0.02268822640126622,514.0,0.7094999891705811,3367
407,50,2,40.780648621557646,0.8156129724311529,0.8156129724311529,50,2,50,50,3,0.02268822640126089,514.0,0.5478999810293317,3367
408,50,2,40.75796039515638,0.8151592079031276,0.8151592079031276,50,2,50,50,3,0.022688226401262668,514.0,0.5115999956615269,3367
409,50,2,40.735272168755124,0.8147054433751024,0.8147054433751024,50,2,50,50,3,0.022688226401262668,514.0,0.48560003051534295,3367
410,50,2,40.71258394235387,0.8142516788470773,0.8142516788470773,50,2,50,50,3,0.02268822640126622,514.0,0.7286000181920826,3367
411,50,2,40.68989571595261,0.8137979143190521,0.8137979143190521,50,2,50,50,3,0.02268822640126089,514.0,0.7862999918870628,3367
412,50,2,40.66720748955136,0.8133441497910272,0.8133441497910272,50,2,50,50,3,0.02268822640126089,514.0,0.8086999878287315,3367
413,50,2,40.64451926315009,0.8128903852630017,0.8128903852630017,50,2,50,50,3,0.022688226401264444,514.0,0.6404000450856984,3367
414,50,2,40.62183103674883,0.8124366207349766,0.8124366207349766,50,2,50,50,3,0.022688226401264444,514.0,0.694099988322705,3367
415,50,2,40.59914281034758,0.8119828562069515,0.8119828562069515,50,2,50,50,3,0.022688226401262668,514.0,0.6345000001601875,3367
416,50,2,40.576454583946315,0.8115290916789263,0.8115290916789263,50,2,50,50,3,0.022688226401267997,514.0,0.7673000218346715,3367
417,50,2,40.553766357545065,0.8110753271509012,0.8110753271509012,50,2,50,50,3,0.02268822640128576,514.0,0.5707000382244587,3367
418,50,2,40.53107813114381,0.8106215626228761,0.8106215626228761,50,2,50,50,3,0.022688226401283984,514.0,0.6469000363722444,3367
419,50,2,40.50838990474254,0.8101677980948508,0.8101677980948508,50,2,50,50,3,0.022688226401283984,514.0,0.7188000017777085,3367
420,50,2,40.485701678341286,0.8097140335668257,0.8097140335668257,50,2,50,50,3,0.022688226401283984,514.0,0.757400004658848,3367
421,50,2,40.46301345194003,0.8092602690388006,0.8092602690388006,50,2,50,50,3,0.022688226401283984,514.0,0.6433000089600682,3367
422,50,2,40.44032522553877,0.8088065045107754,0.8088065045107754,50,2,50,50,3,0.02268822640128576,514.0,0.6909999647177756,3367
423,50,2,40.417636999137514,0.8083527399827503,0.8083527399827503,50,2,50,50,3,0.022688226401283984,514.0,0.6738000083714724,3367
424,50,2,40.394948772736264,0.8078989754547252,0.8078989754547252,50,2,50,50,3,0.022688226401283984,514.0,0.6806000019423664,3367
425,49,2,40.37515635423652,0.8075031270847305,0.8239827827395209,49,1,49,19,3,0.019792418499756437,394.0,0.6255999905988574,3367
426,49,2,40.35264219485867,0.8070528438971734,0.8235233100991565,49,2,49,49,3,0.022514159377871934,504.0,0.6270000012591481,3249
427,49,2,40.330128035480826,0.8066025607096166,0.8230638374587924,49,2,49,49,3,0.022514159377871934,504.0,0.6470000371336937,3248
428,49,2,40.307613876102984,0.8061522775220596,0.8226043648184282,49,2,49,49,3,0.022514159377871934,504.0,0.6056000129319727,3248
429,49,2,40.28509971672514,0.8057019943345028,0.822144892178064,49,2,49,49,3,0.022514159377871934,504.0,0.756499997805804,3248
430,49,2,40.262585557347286,0.8052517111469457,0.8216854195376997,49,2,49,49,3,0.022514159377871934,504.0,0.6629999843426049,3248
431,49,2,40.24007139796943,0.8048014279593886,0.8212259468973354,49,2,49,49,3,0.022514159377870158,504.0,0.6653000018559396,3248
432,49,2,40.217557238591596,0.8043511447718319,0.8207664742569714,49,2,49,49,3,0.022514159377871934,504.0,0.6975000142119825,3248
433,49,2,40.19504307921375,0.803900861584275,0.8203070016166071,49,2,49,49,3,0.022514159377871934,504.0,0.6905999616719782,3248
434,49,2,40.172528919835905,0.8034505783967181,0.8198475289762429,49,2,49,49,3,0.022514159377871934,504.0,0.5720999906770885,3248
435,49,2,40.150014760458056,0.8030002952091612,0.8193880563358787,49,2,49,49,3,0.02251415937787371,504.0,0.658300006762147,3248
436,49,2,40.12750060108021,0.8025500120216041,0.8189285836955145,49,2,49,49,3,0.022514159377871934,504.0,0.6755999638698995,3248
437,49,2,40.10498644170236,0.8020997288340471,0.8184691110551503,49,2,49,49,3,0.022514159377870158,504.0,0.5642999894917011,3248
438,49,2,40.08247228232451,0.8016494456464902,0.818009638414786,49,2,49,49,3,0.022514159377871934,504.0,0.602099986281246,3248
439,49,2,40.05995812294667,0.8011991624589334,0.817550165774422,49,2,49,49,3,0.022514159377871934,504.0,0.6720999954268336,3248
440,49,2,40.037443963568826,0.8007488792713765,0.8170906931340576,49,2,49,49,3,0.022514159377871934,504.0,0.673700007610023,3248
441,48,2,40.016840310887645,0.8003368062177529,0.8336841731434927,48,1,48,19,3,0.02060365268119213,394.0,0.6606000242754817,3248
442,48,2,39.99491677078388,0.7998983354156777,0.8332274327246642,48,2,48,48,3,0.02192354010380093,494.0,0.6233000312931836,3138
443,48,2,39.972993230680096,0.799459864613602,0.8327706923058354,48,2,48,48,3,0.02192354010380093,494.0,0.6438000127673149,3136
444,48,2,39.951069690576325,0.7990213938115265,0.8323139518870067,48,2,48,48,3,0.02192354010379738,494.0,0.6149000255391002,3136
445,48,2,39.92914615047255,0.798582923009451,0.8318572114681783,48,2,48,48,3,0.021923540103799155,494.0,0.6436000112444162,3136
446,48,2,39.90722261036878,0.7981444522073755,0.8314004710493496,48,2,48,48,3,0.02192354010380093,494.0,0.6357000092975795,3136
447,48,2,39.885299070265006,0.7977059814053001,0.830943730630521,48,2,48,48,3,0.02192354010380093,494.0,0.6973000126890838,3136
448,48,2,39.86337553016122,0.7972675106032244,0.8304869902116921,48,2,48,48,3,0.02192354010379738,494.0,0.6506000063382089,3136
449,48,2,39.84145199005746,0.7968290398011492,0.8300302497928636,48,2,48,48,3,0.021923540103799155,494.0,0.597400008700788,3136
450,48,2,39.81952844995367,0.7963905689990735,0.829573509374035,48,2,48,48,3,0.021923540103799155,494.0,0.5940999835729599,3136
451,48,2,39.7976049098499,0.7959520981969981,0.8291167689552061,48,2,48,48,3,0.021923540103802708,494.0,0.7206000154837966,3136
452,48,2,39.77568136974613,0.7955136273949226,0.8286600285363778,48,2,48,48,3,0.021923540103795602,494.0,0.6919000297784805,3136
453,48,2,39.75375782964235,0.7950751565928471,0.8282032881175491,48,2,48,48,3,0.02192354010380093,494.0,0.7745000184513628,3136
454,48,2,39.731834289538575,0.7946366857907715,0.8277465476987205,48,2,48,48,3,0.021923540103799155,494.0,0.5870999884791672,3136
455,48,2,39.7099107494348,0.7941982149886959,0.8272898072798918,48,2,48,48,3,0.02192354010380093,494.0,0.6840999703854322,3136
456,48,2,39.68798720933103,0.7937597441866205,0.8268330668610631,48,2,48,48,3,0.021923540103799155,494.0,0.5946999881416559,3136
457,48,2,39.666063669227256,0.7933212733845452,0.8263763264422345,48,2,48,48,3,0.021923540103799155,494.0,0.769199978094548,3136
458,48,2,39.64414012912348,0.7928828025824696,0.825919586023406,48,2,48,48,3,0.021923540103799155,494.0,0.5972000071778893,3136
459,48,2,39.6222165890197,0.792444331780394,0.8254628456045771,48,2,48,48,3,0.02192354010380093,494.0,0.6125000072643161,3136
460,48,2,39.60029304891593,0.7920058609783186,0.8250061051857486,48,2,48,48,3,0.02192354010379738,494.0,0.7151999743655324,3136
461,48,2,39.57836950881216,0.7915673901762432,0.82454936476692,48,2,48,48,3,0.021923540103799155,494.0,0.7662000134587288,3136
462,48,2,39.55644596870838,0.7911289193741676,0.8240926243480914,48,2,48,48,3,0.02192354010380093,494.0,0.3899000003002584,3136
463,48,2,39.5345224286046,0.790690448572092,0.8236358839292626,48,2,48,48,3,0.021923540103799155,494.0,0.4472000291571021,3136
464,48,2,39.512598888500825,0.7902519777700165,0.823179143510434,48,2,48,48,3,0.021923540103799155,494.0,0.3601000062189996,3136
465,48,2,39.49067534839706,0.7898135069679413,0.8227224030916055,48,2,48,48,3,0.02192354010380093,494.0,0.42150000808760524,3136
466,48,2,39.468751808293284,0.7893750361658657,0.8222656626727766,48,2,48,48,3,0.02192354010379738,494.0,0.6763000274077058,3136
467,48,2,39.4468282681895,0.78893656536379,0.8218089222539481,48,2,48,48,3,0.021923540103802708,494.0,0.6406999891623855,3136
468,48,2,39.42490472808573,0.7884980945617146,0.8213521818351195,48,2,48,48,3,0.021923540103795602,494.0,0.6163999787531793,3136
469,48,2,39.40298118798196,0.7880596237596391,0.8208954414162908,48,2,48,48,3,0.02192354010380093,494.0,0.5679000169038773,3136
470,48,2,39.38105764787819,0.7876211529575637,0.8204387009974622,48,2,48,48,3,0.021923540103799155,494.0,0.5314000300131738,3136
471,48,2,39.359134107774395,0.7871826821554879,0.8199819605786335,48,2,48,48,3,0.02192354010380093,494.0,0.7516000187024474,3136
472,48,2,39.337210567670624,0.7867442113534124,0.819525220159805,48,2,48,48,3,0.021923540103799155,494.0,0.7080999785102904,3136
473,48,2,39.31528702756685,0.7863057405513371,0.8190684797409763,48,2,48,48,3,0.02192354010379738,494.0,0.7201000116765499,3136
474,48,2,39.29336348746309,0.7858672697492618,0.8186117393221476,48,2,48,48,3,0.02192354010380093,494.0,0.5500999977812171,3136
475,48,2,39.27143994735931,0.7854287989471862,0.818154998903319,48,2,48,48,3,0.02192354010380093,494.0,0.6584000075235963,3136
476,48,2,39.24951640725554,0.7849903281451108,0.8176982584844903,48,2,48,48,3,0.02192354010379738,494.0,0.7396000437438488,3136
477,48,2,39.22759286715176,0.7845518573430352,0.8172415180656616,48,2,48,48,3,0.021923540103799155,494.0,0.5454000202007592,3136
478,48,2,39.205669327047985,0.7841133865409597,0.816784777646833,48,2,48,48,3,0.02192354010380093,494.0,0.6814000080339611,3136
479,48,2,39.183745786944215,0.7836749157388843,0.8163280372280043,48,2,48,48,3,0.02192354010380093,494.0,0.7321999873965979,3136
480,48,2,39.16182224684044,0.7832364449368088,0.8158712968091756,48,2,48,48,3,0.02192354010379738,494.0,0.6982999620959163,3136
481,48,2,39.13989870673666,0.7827979741347332,0.8154145563903471,48,2,48,48,3,0.021923540103799155,494.0,0.8149999775923789,3136
482,48,2,39.11797516663289,0.7823595033326578,0.8149578159715185,48,2,48,48,3,0.021923540103799155,494.0,0.6850999779999256,3136
483,48,2,39.09605162652911,0.7819210325305822,0.8145010755526897,48,2,48,48,3,0.021923540103802708,494.0,0.6629999843426049,3136
484,48,2,39.07412808642533,0.7814825617285066,0.8140443351338612,48,2,48,48,3,0.021923540103795602,494.0,0.658299948554486,3136
485,48,2,39.05220454632156,0.7810440909264312,0.8135875947150325,48,2,48,48,3,0.02192354010380093,494.0,0.6442000158131123,3136
486,48,2,39.03028100621779,0.7806056201243559,0.813130854296204,48,2,48,48,3,0.021923540103799155,494.0,0.6889000069350004,3136
487,48,2,39.00835746611401,0.7801671493222803,0.8126741138773753,48,2,48,48,3,0.02192354010380093,494.0,0.6689999718219042,3136
488,48,2,38.98643392601023,0.7797286785202046,0.8122173734585466,48,2,48,48,3,0.021923540103799155,494.0,0.806200027000159,3136
489,48,2,38.96451038590646,0.7792902077181292,0.811760633039718,48,2,48,48,3,0.021923540103799155,494.0,0.7029999978840351,3136
490,48,2,38.94258684580269,0.7788517369160537,0.8113038926208893,48,2,48,48,3,0.021923540103799155,494.0,0.650599948130548,3136
491,48,2,38.92066330569891,0.7784132661139782,0.8108471522020606,48,2,48,48,3,0.02192354010380093,494.0,0.6525999633595347,3136
492,48,2,38.89873976559514,0.7779747953119027,0.8103904117832319,48,2,48,48,3,0.02192354010379738,494.0,0.6579000037163496,3136
493,48,2,38.87681622549137,0.7775363245098273,0.8099336713644033,48,2,48,48,3,0.02192354010379738,494.0,0.667500018607825,3136
494,48,2,38.85489268538758,0.7770978537077516,0.8094769309455746,48,2,48,48,3,0.021923540103802708,494.0,0.6799999973736703,3136
495,48,2,38.83296914528381,0.7766593829056763,0.8090201905267461,48,2,48,48,3,0.021923540103799155,494.0,0.680500001180917,3136
496,48,2,38.81104560518004,0.7762209121036008,0.8085634501079174,48,2,48,48,3,0.021923540103799155,494.0,0.6519000162370503,3136
497,48,2,38.78912206507626,0.7757824413015253,0.8081067096890887,48,2,48,48,3,0.02192354010379738,494.0,0.6963000050745904,3136
498,48,2,38.767198524972486,0.7753439704994497,0.8076499692702601,48,2,48,48,3,0.02192354010380093,494.0,0.665700004901737,3136
499,48,2,38.74527498486871,0.7749054996973741,0.8071932288514315,48,2,48,48,3,0.02192354010380093,494.0,0.6474999827332795,3136
500,48,2,38.72335144476494,0.7744670288952987,0.8067364884326027,48,2,48,48,3,0.02192354010379738,494.0,0.6914999685250223,3136
501,48,2,38.70142790466116,0.7740285580932231,0.8062797480137741,48,2,48,48,3,0.021923540103799155,494.0,0.7039000047370791,3136
502,48,2,38.67950436455739,0.7735900872911478,0.8058230075949456,48,2,48,48,3,0.02192354010380093,494.0,1.1632000096142292,3136
503,48,2,38.6575808244536,0.773151616489072,0.8053662671761167,48,2,48,48,3,0.021923540103799155,494.0,0.5538000259548426,3136
504,48,2,38.63565728434983,0.7727131456869967,0.8049095267572882,48,2,48,48,3,0.02192354010380093,494.0,0.5176000413484871,3136
505,48,2,38.613733744246055,0.7722746748849211,0.8044527863384596,48,2,48,48,3,0.02192354010379738,494.0,0.6565999938175082,3136
506,48,2,38.591810204142284,0.7718362040828457,0.803996045919631,48,2,48,48,3,0.02192354010380093,494.0,1.5122999902814627,3136
507,48,2,38.56988666403851,0.7713977332807702,0.8035393055008022,48,2,48,48,3,0.021923540103799155,494.0,0.7152999751269817,3136
508,48,2,38.54796312393473,0.7709592624786946,0.8030825650819736,48,2,48,48,3,0.021923540103799155,494.0,0.5944999866187572,3136
509,48,2,38.52603958383095,0.770520791676619,0.8026258246631449,48,2,48,48,3,0.02192354010379738,494.0,0.5540999700315297,3136
510,48,2,38.50411604372718,0.7700823208745436,0.8021690842443162,48,2,48,48,3,0.021923540103802708,494.0,0.5648999940603971,3136
511,48,2,38.48219250362341,0.7696438500724682,0.8017123438254877,48,2,48,48,3,0.02192354010379738,494.0,0.7160999812185764,3136
512,48,2,38.46026896351963,0.7692053792703927,0.8012556034066591,48,2,48,48,3,0.02192354010380093,494.0,0.6895000115036964,3136
513,48,2,38.43834542341586,0.7687669084683172,0.8007988629878303,48,2,48,48,3,0.021923540103795602,494.0,0.6437000120058656,3136
514,48,2,38.416421883312076,0.7683284376662415,0.8003421225690017,48,2,48,48,3,0.021923540103795602,494.0,0.6534999702125788,3136
515,48,2,38.394498343208305,0.7678899668641661,0.799885382150173,48,2,48,48,3,0.021923540103793826,494.0,0.9051000233739614,3136
516,48,2,38.372574803104534,0.7674514960620907,0.7994286417313444,48,2,48,48,3,0.021923540103793826,494.0,0.6583999493159354,3136
517,48,2,38.350651263000756,0.7670130252600151,0.7989719013125157,48,2,48,48,3,0.021923540103793826,494.0,0.571100041270256,3136
518,48,2,38.32872772289698,0.7665745544579395,0.7985151608936872,48,2,48,48,3,0.021923540103795602,494.0,0.6977000157348812,3136
519,48,2,38.3068041827932,0.766136083655864,0.7980584204748583,48,2,48,48,3,0.021923540103793826,494.0,0.6613000296056271,3136
520,48,2,38.28488064268943,0.7656976128537886,0.7976016800560298,48,2,48,48,3,0.021923540103793826,494.0,0.6913000252097845,3136
521,48,2,38.26295710258566,0.7652591420517132,0.7971449396372012,48,2,48,48,3,0.021923540103793826,494.0,0.7183999987319112,3136
522,48,2,38.24103356248188,0.7648206712496376,0.7966881992183725,48,2,48,48,3,0.021923540103795602,494.0,0.858199957292527,3136
523,48,2,38.219110022378096,0.7643822004475619,0.7962314587995438,48,2,48,48,3,0.021923540103793826,494.0,0.6820000126026571,3136
524,48,2,38.197186482274326,0.7639437296454865,0.7957747183807152,48,2,48,48,3,0.021923540103793826,494.0,0.754999986384064,3136
525,48,2,38.175262942170555,0.7635052588434111,0.7953179779618865,48,2,48,48,3,0.02192354010379205,494.0,0.7182999979704618,3136
526,48,2,38.153339402066784,0.7630667880413357,0.7948612375430578,48,2,48,48,3,0.02192354010379738,494.0,0.562199973501265,3136
527,48,2,38.13141586196299,0.7626283172392598,0.7944044971242293,48,2,48,48,3,0.021923540103793826,494.0,0.6346000009216368,3136
528,48,2,38.10949232185922,0.7621898464371845,0.7939477567054006,48,2,48,48,3,0.021923540103793826,494.0,0.9347000159323215,3136
529,48,2,38.08756878175545,0.761751375635109,0.7934910162865719,48,2,48,48,3,0.02192354010379205,494.0,0.5882000550627708,3136
530,48,2,38.06564524165168,0.7613129048330336,0.7930342758677432,48,2,48,48,3,0.02192354010379738,494.0,0.6510000093840063,3136
531,48,2,38.04372170154789,0.7608744340309578,0.7925775354489145,48,2,48,48,3,0.02192354010379205,494.0,0.6748000159859657,3136
532,48,2,38.02179816144412,0.7604359632288823,0.7921207950300859,48,2,48,48,3,0.021923540103795602,494.0,0.838699983432889,3136
533,48,2,37.999874621340346,0.7599974924268069,0.7916640546112572,48,2,48,48,3,0.02192354010379205,494.0,0.5239000311121345,3136
534,48,2,37.977951081236576,0.7595590216247315,0.7912073141924286,48,2,48,48,3,0.021923540103795602,494.0,0.5428000004030764,3136
535,48,2,37.956027541132784,0.7591205508226557,0.7907505737735999,48,2,48,48,3,0.021923540103795602,494.0,0.5583000020124018,3136
536,48,2,37.93410400102901,0.7586820800205802,0.7902938333547714,48,2,48,48,3,0.02192354010379205,494.0,0.6905999616719782,3136
537,48,2,37.91218046092525,0.758243609218505,0.7898370929359427,48,2,48,48,3,0.021923540103793826,494.0,0.6975000142119825,3136
538,48,2,37.89025692082148,0.7578051384164296,0.789380352517114,48,2,48,48,3,0.021923540103795602,494.0,0.8293000282719731,3136
539,48,2,37.868333380717694,0.7573666676143539,0.7889236120982854,48,2,48,48,3,0.021923540103793826,494.0,0.6443000165745616,3136
540,48,2,37.846409840613916,0.7569281968122783,0.7884668716794566,48,2,48,48,3,0.021923540103793826,494.0,0.7384999771602452,3136
541,48,2,37.824486300510145,0.7564897260102029,0.7880101312606279,48,2,48,48,3,0.02192354010379205,494.0,0.9303000406362116,3136
542,48,2,37.802562760406374,0.7560512552081274,0.7875533908417993,48,2,48,48,3,0.02192354010379738,494.0,0.5994999664835632,3136
543,48,2,37.78063922030259,0.7556127844060518,0.7870966504229706,48,2,48,48,3,0.021923540103793826,494.0,0.5675000138580799,3136
544,48,2,37.75871568019881,0.7551743136039762,0.7866399100041419,48,2,48,48,3,0.021923540103793826,494.0,0.5491999909281731,3136
545,48,2,37.73679214009504,0.7547358428019009,0.7861831695853133,48,2,48,48,3,0.02192354010379205,494.0,0.7646000012755394,3136
546,48,2,37.71486859999126,0.7542973719998253,0.7857264291664846,48,2,48,48,3,0.02192354010379738,494.0,0.5697000306099653,3136
547,48,2,37.69294505988749,0.7538589011977499,0.7852696887476558,48,2,48,48,3,0.02192354010379205,494.0,0.5434000049717724,3136
548,48,2,37.67102151978371,0.7534204303956742,0.7848129483288274,48,2,48,48,3,0.021923540103795602,494.0,0.5394999752752483,3136
549,48,2,37.64909797967994,0.7529819595935987,0.7843562079099985,48,2,48,48,3,0.021923540103793826,494.0,0.8215000270865858,3136
550,48,2,37.62717443957616,0.7525434887915232,0.7838994674911701,48,2,48,48,3,0.021923540103793826,494.0,0.7912000291980803,3136
551,48,2,37.60525089947238,0.7521050179894476,0.7834427270723413,48,2,48,48,3,0.021923540103795602,494.0,0.5831000162288547,3136
552,48,2,37.5833273593686,0.751666547187372,0.7829859866535126,48,2,48,48,3,0.02192354010379205,494.0,0.728400016669184,3136
553,48,2,37.561403819264825,0.7512280763852965,0.782529246234684,48,2,48,48,3,0.021923540103793826,494.0,0.7908999687060714,3136
554,48,2,37.53948027916106,0.7507896055832213,0.7820725058158553,48,2,48,48,3,0.021923540103795602,494.0,0.6632999866269529,3136
555,48,2,37.51755673905728,0.7503511347811456,0.7816157653970266,48,2,48,48,3,0.021923540103793826,494.0,0.5577000556513667,3136
556,48,2,37.4956331989535,0.74991266397907,0.7811590249781979,48,2,48,48,3,0.021923540103793826,494.0,0.6128000095486641,3136
557,48,2,37.47370965884973,0.7494741931769946,0.7807022845593693,48,2,48,48,3,0.02192354010379205,494.0,0.5711999838240445,3136
558,48,2,37.45178611874595,0.749035722374919,0.7802455441405406,48,2,48,48,3,0.02192354010379738,494.0,0.5956999957561493,3136
559,48,2,37.42986257864217,0.7485972515728434,0.7797888037217121,48,2,48,48,3,0.021923540103793826,494.0,0.5578999989666045,3136
560,48,2,37.4079390385384,0.748158780770768,0.7793320633028834,48,2,48,48,3,0.021923540103793826,494.0,0.6779999821446836,3136
561,48,2,37.386015498434624,0.7477203099686924,0.7788753228840547,48,2,48,48,3,0.02192354010379205,494.0,0.7103999960236251,3136
562,47,2,37.36616184696903,0.7473232369393805,0.7950247201482772,47,1,47,16,3,0.019853651465616906,334.0,1.0152999893762171,3136
563,47,2,37.34514754065143,0.7469029508130286,0.7945776072479028,47,2,47,47,3,0.021014306317605147,484.0,0.9775999933481216,3032
564,47,2,37.32413323433384,0.7464826646866769,0.7941304943475286,47,2,47,47,3,0.021014306317605147,484.0,0.8649000083096325,3032
565,47,2,37.30311892801627,0.7460623785603253,0.7936833814471547,47,2,47,47,3,0.021014306317605147,484.0,0.5783000378869474,3032
566,47,2,37.28210462169867,0.7456420924339734,0.7932362685467804,47,2,47,47,3,0.021014306317606923,484.0,0.5822000093758106,3032
567,47,2,37.26109031538108,0.7452218063076217,0.7927891556464062,47,2,47,47,3,0.021014306317606923,484.0,0.6674000178463757,3032
568,47,2,37.24007600906349,0.7448015201812699,0.7923420427460316,47,2,47,47,3,0.021014306317605147,484.0,0.5847999709658325,3032
569,47,2,37.219061702745904,0.7443812340549181,0.7918949298456576,47,2,47,47,3,0.021014306317605147,484.0,0.6353000062517822,3032
570,47,2,37.198047396428315,0.7439609479285663,0.7914478169452833,47,2,47,47,3,0.021014306317606923,484.0,0.7188000017777085,3032
571,47,2,37.17703309011073,0.7435406618022147,0.7910007040449091,47,2,47,47,3,0.021014306317605147,484.0,0.7224999717436731,3032
572,47,2,37.156018783793144,0.7431203756758629,0.7905535911445348,47,2,47,47,3,0.021014306317605147,484.0,0.5821999511681497,3032
573,47,2,37.135004477475555,0.742700089549511,0.7901064782441607,47,2,47,47,3,0.021014306317606923,484.0,0.7631000480614603,3032
574,47,2,37.113990171157965,0.7422798034231594,0.7896593653437863,47,2,47,47,3,0.021014306317606923,484.0,0.5946999881416559,3032
575,47,2,37.09297586484037,0.7418595172968074,0.7892122524434121,47,2,47,47,3,0.021014306317605147,484.0,0.5986000178381801,3032
576,47,2,37.07196155852278,0.7414392311704556,0.7887651395430378,47,2,47,47,3,0.021014306317606923,484.0,0.5336999893188477,3032
577,47,2,37.050947252205205,0.7410189450441041,0.7883180266426636,47,2,47,47,3,0.021014306317605147,484.0,0.584700028412044,3032
578,47,2,37.02993294588761,0.7405986589177522,0.7878709137422893,47,2,47,47,3,0.0210143063176087,484.0,0.35529996966943145,3032
579,47,2,37.00891863957002,0.7401783727914004,0.7874238008419153,47,2,47,47,3,0.021014306317605147,484.0,0.548899988643825,3032
580,47,2,36.98790433325244,0.7397580866650487,0.7869766879415412,47,2,47,47,3,0.021014306317605147,484.0,0.6613000296056271,3032
581,47,2,36.96689002693485,0.739337800538697,0.7865295750411668,47,2,47,47,3,0.021014306317605147,484.0,0.6257999921217561,3032
582,47,2,36.94587572061726,0.7389175144123452,0.7860824621407928,47,2,47,47,3,0.021014306317606923,484.0,0.6428000051528215,3032
583,47,2,36.92486141429966,0.7384972282859933,0.7856353492404183,47,2,47,47,3,0.021014306317606923,484.0,0.5435000057332218,3032
584,47,2,36.90384710798208,0.7380769421596416,0.7851882363400443,47,2,47,47,3,0.021014306317605147,484.0,0.4962999955751002,3032
585,47,2,36.88283280166449,0.7376566560332898,0.7847411234396698,47,2,47,47,3,0.021014306317605147,484.0,0.6288000149652362,3032
586,47,2,36.8618184953469,0.7372363699069381,0.7842940105392956,47,2,47,47,3,0.021014306317606923,484.0,0.5113999941386282,3032
587,47,2,36.840804189029306,0.7368160837805862,0.7838468976389216,47,2,47,47,3,0.021014306317605147,484.0,0.5984000163152814,3032
588,47,2,36.819789882711724,0.7363957976542345,0.7833997847385477,47,2,47,47,3,0.021014306317605147,484.0,0.7044000085443258,3032
589,47,2,36.798775576394135,0.7359755115278827,0.7829526718381731,47,2,47,47,3,0.0210143063176087,484.0,0.5734000005759299,3032
590,47,2,36.777761270076546,0.735555225401531,0.782505558937799,47,2,47,47,3,0.021014306317606923,484.0,0.5608999636024237,3032
591,47,2,36.756746963758964,0.7351349392751793,0.7820584460374248,47,2,47,47,3,0.021014306317605147,484.0,0.5314000300131738,3032
592,47,2,36.73573265744137,0.7347146531488273,0.7816113331370502,47,2,47,47,3,0.021014306317605147,484.0,0.6688000285066664,3032
593,47,2,36.71471835112378,0.7342943670224755,0.7811642202366761,47,2,47,47,3,0.021014306317605147,484.0,0.7582000107504427,3032
594,47,2,36.69370404480619,0.7338740808961238,0.7807171073363021,47,2,47,47,3,0.0210143063176087,484.0,0.7098999922163785,3032
595,47,2,36.67268973848861,0.7334537947697721,0.7802699944359279,47,2,47,47,3,0.021014306317605147,484.0,0.5979000125080347,3032
596,47,2,36.65167543217102,0.7330335086434203,0.7798228815355536,47,2,47,47,3,0.021014306317605147,484.0,0.43070001993328333,3032
597,47,2,36.63066112585343,0.7326132225170686,0.7793757686351793,47,2,47,47,3,0.021014306317605147,484.0,0.3776000230573118,3032
598,47,2,36.60964681953583,0.7321929363907167,0.778928655734805,47,2,47,47,3,0.021014306317606923,484.0,0.5341999931260943,3032
599,47,2,36.58863251321825,0.731772650264365,0.7784815428344308,47,2,47,47,3,0.021014306317606923,484.0,0.7345000049099326,3032
600,47,2,36.56761820690066,0.7313523641380132,0.7780344299340566,47,2,47,47,3,0.021014306317605147,484.0,0.3576000453904271,3032
601,47,2,36.54660390058307,0.7309320780116615,0.7775873170336823,47,2,47,47,3,0.021014306317605147,484.0,0.534099992364645,3032
602,47,2,36.52558959426549,0.7305117918853098,0.7771402041333084,47,2,47,47,3,0.021014306317606923,484.0,0.6218000198714435,3032
603,47,2,36.5045752879479,0.730091505758958,0.7766930912329341,47,2,47,47,3,0.021014306317606923,484.0,0.5868999869562685,3032
604,47,2,36.483560981630305,0.7296712196326061,0.7762459783325598,47,2,47,47,3,0.021014306317606923,484.0,0.6698999786749482,3032
605,47,2,36.462546675312716,0.7292509335062544,0.7757988654321852,47,2,47,47,3,0.021014306317605147,484.0,0.6782000418752432,3032
606,47,2,36.44153236899514,0.7288306473799028,0.7753517525318113,47,2,47,47,3,0.021014306317606923,484.0,0.5542000290006399,3032
607,47,2,36.420518062677544,0.7284103612535509,0.774904639631437,47,2,47,47,3,0.021014306317605147,484.0,0.6965000065974891,3032
608,47,2,36.39950375635995,0.7279900751271989,0.7744575267310627,47,2,47,47,3,0.021014306317605147,484.0,0.5446000141091645,3032
609,47,2,36.378489450042366,0.7275697890008473,0.7740104138306885,47,2,47,47,3,0.021014306317605147,484.0,0.513700011651963,3032
610,47,2,36.35747514372477,0.7271495028744954,0.7735633009303144,47,2,47,47,3,0.0210143063176087,484.0,0.6588000105693936,3032
611,47,2,36.33646083740719,0.7267292167481437,0.7731161880299402,47,2,47,47,3,0.021014306317605147,484.0,0.3629999700933695,3032
612,47,2,36.3154465310896,0.726308930621792,0.7726690751295657,47,2,47,47,3,0.021014306317605147,484.0,0.4325999761931598,3032
613,47,2,36.29443222477201,0.7258886444954402,0.7722219622291917,47,2,47,47,3,0.021014306317605147,484.0,0.5475999787449837,3032
614,47,2,36.27341791845443,0.7254683583690885,0.7717748493288173,47,2,47,47,3,0.021014306317606923,484.0,0.6138999597169459,3032
615,47,2,36.25240361213683,0.7250480722427366,0.7713277364284432,47,2,47,47,3,0.021014306317606923,484.0,0.741700001526624,3032
616,47,2,36.23138930581924,0.7246277861163848,0.770880623528069,47,2,47,47,3,0.021014306317606923,484.0,0.5978000117465854,3032
617,47,2,36.21037499950165,0.7242074999900331,0.7704335106276947,47,2,47,47,3,0.021014306317605147,484.0,0.672199996188283,3032
618,47,2,36.18936069318407,0.7237872138636814,0.7699863977273207,47,2,47,47,3,0.021014306317606923,484.0,0.7203000131994486,3032
619,47,2,36.16834638686648,0.7233669277373296,0.7695392848269462,47,2,47,47,3,0.021014306317605147,484.0,0.6694999756291509,3032
620,47,2,36.14733208054888,0.7229466416109775,0.7690921719265722,47,2,47,47,3,0.021014306317606923,484.0,0.6751999608241022,3032
621,47,2,36.1263177742313,0.7225263554846261,0.7686450590261978,47,2,47,47,3,0.021014306317605147,484.0,0.6591999554075301,3032
622,47,2,36.10496308132354,0.7220992616264708,0.7681907038579479,47,2,47,47,3,0.02135469290777614,484.0,0.6913000252097845,3032
623,47,2,36.08360838841579,0.7216721677683158,0.7677363486896976,47,2,47,47,3,0.021354692907772588,484.0,1.1649999651126564,3032
624,47,2,36.06225369550804,0.7212450739101608,0.7672819935214477,47,2,47,47,3,0.021354692907774364,484.0,0.728700018953532,3032
625,47,2,36.040899002600284,0.7208179800520057,0.7668276383531976,47,2,47,47,3,0.021354692907774364,484.0,0.666600011754781,3032
626,47,2,36.019544309692535,0.7203908861938507,0.7663732831849476,47,2,47,47,3,0.021354692907777917,484.0,0.6661000079475343,3032
627,47,2,35.99818961678478,0.7199637923356955,0.7659189280166974,47,2,47,47,3,0.021354692907772588,484.0,0.595899997279048,3032
628,47,2,35.97683492387703,0.7195366984775405,0.7654645728484474,47,2,47,47,3,0.021354692907774364,484.0,0.6571999983862042,3032
629,47,2,35.955480230969265,0.7191096046193853,0.7650102176801972,47,2,47,47,3,0.021354692907774364,484.0,0.6714999908581376,3032
630,47,2,35.93412553806151,0.7186825107612301,0.7645558625119472,47,2,47,47,3,0.02135469290777614,484.0,0.637899967841804,3032
631,47,2,35.91277084515376,0.7182554169030752,0.7641015073436972,47,2,47,47,3,0.021354692907774364,484.0,0.6549999816343188,3032
632,47,2,35.89141615224601,0.7178283230449202,0.7636471521754472,47,2,47,47,3,0.021354692907774364,484.0,0.7190999458543956,3032
633,47,2,35.87006145933826,0.7174012291867652,0.763192797007197,47,2,47,47,3,0.021354692907774364,484.0,0.6267999997362494,3032
634,47,2,35.84830747909709,0.7169661495819417,0.762729946363768,47,2,47,47,3,0.02175398024119346,484.0,0.6825000164099038,3032
635,47,2,35.82695278618933,0.7165390557237866,0.7622755911955177,47,2,47,47,3,0.021354692907774364,484.0,0.7114000036381185,3032
636,47,2,35.805598093281574,0.7161119618656315,0.7618212360272676,47,2,47,47,3,0.021354692907774364,484.0,0.6933999829925597,3030
637,47,2,35.784243400373825,0.7156848680074765,0.7613668808590173,47,2,47,47,3,0.021354692907774364,484.0,0.5605000187642872,3030
638,47,2,35.76288870746607,0.7152577741493213,0.7609125256907674,47,2,47,47,3,0.02135469290777614,484.0,0.5413999897427857,3030
639,47,2,35.74153401455832,0.7148306802911664,0.7604581705225173,47,2,47,47,3,0.021354692907774364,484.0,0.686099985614419,3030
640,47,2,35.72017932165056,0.7144035864330113,0.7600038153542673,47,2,47,47,3,0.021354692907772588,484.0,0.5510000046342611,3030
641,47,2,35.698824628742805,0.7139764925748561,0.7595494601860171,47,2,47,47,3,0.021354692907774364,484.0,0.5347999976947904,3030
642,47,2,35.677469935835056,0.7135493987167011,0.7590951050177671,47,2,47,47,3,0.021354692907777917,484.0,0.6674000178463757,3030
643,47,2,35.6561152429273,0.713122304858546,0.7586407498495169,47,2,47,47,3,0.021354692907774364,484.0,0.7933999877423048,3030
644,47,2,35.63476055001955,0.712695211000391,0.758186394681267,47,2,47,47,3,0.021354692907772588,484.0,0.8206000202335417,3030
645,47,2,35.61340585711179,0.7122681171422358,0.7577320395130167,47,2,47,47,3,0.021354692907774364,484.0,0.6140000186860561,3030
646,47,2,35.59205116420404,0.7118410232840807,0.7572776843447667,47,2,47,47,3,0.02135469290777614,484.0,0.563700043130666,3030
647,47,2,35.57069647129629,0.7114139294259257,0.7568233291765167,47,2,47,47,3,0.02135469290777614,484.0,0.5554999806918204,3030
648,47,2,35.54934177838853,0.7109868355677706,0.7563689740082667,47,2,47,47,3,0.021354692907772588,484.0,0.561899971216917,3030
649,47,2,35.52798708548078,0.7105597417096157,0.7559146188400166,47,2,47,47,3,0.021354692907774364,484.0,0.6776999798603356,3028
650,47,2,35.50663239257302,0.7101326478514604,0.7554602636717663,47,2,47,47,3,0.02135469290777614,484.0,0.6745000137016177,3028
651,47,2,35.48527769966527,0.7097055539933054,0.7550059085035163,47,2,47,47,3,0.021354692907774364,484.0,0.851699966005981,3028
652,47,2,35.463523719424096,0.7092704743884819,0.7545430578600872,47,2,47,47,3,0.021753980241191684,484.0,1.3263000291772187,3028
653,47,2,35.442169026516346,0.7088433805303269,0.7540887026918371,47,2,47,47,3,0.02135469290777614,484.0,0.5673000123351812,3028
654,47,2,35.4208143336086,0.7084162866721719,0.7536343475235872,47,2,47,47,3,0.02135469290777614,484.0,0.8171999943442643,3028
655,47,2,35.39945964070084,0.7079891928140168,0.7531799923553368,47,2,47,47,3,0.021354692907774364,484.0,0.6692999741062522,3028
656,47,2,35.378104947793084,0.7075620989558616,0.7527256371870871,47,2,47,47,3,0.021354692907772588,484.0,0.7300000288523734,3028
657,47,2,35.356750254885334,0.7071350050977067,0.7522712820188369,47,2,47,47,3,0.021354692907774364,484.0,0.7091999868862331,3028
658,47,2,35.33539556197758,0.7067079112395516,0.7518169268505868,47,2,47,47,3,0.021354692907777917,484.0,0.6988000241108239,3028
659,47,2,35.31404086906983,0.7062808173813966,0.7513625716823368,47,2,47,47,3,0.021354692907774364,484.0,0.6630999851040542,3028
660,47,2,35.292686176162064,0.7058537235232413,0.7509082165140867,47,2,47,47,3,0.021354692907772588,484.0,0.6834000232629478,3028
661,47,2,35.271331483254315,0.7054266296650863,0.7504538613458365,47,2,47,47,3,0.021354692907774364,484.0,0.6645999965257943,3028
662,47,2,35.249976790346565,0.7049995358069313,0.7499995061775866,47,2,47,47,3,0.02135469290777614,484.0,0.5536999669857323,3028
663,47,2,35.228622097438816,0.7045724419487763,0.7495451510093365,47,2,47,47,3,0.02135469290777614,484.0,0.6894999532960355,3028
664,47,2,35.20726740453106,0.7041453480906212,0.7490907958410864,47,2,47,47,3,0.021354692907772588,484.0,0.6973000126890838,3028
665,47,2,35.1859127116233,0.703718254232466,0.7486364406728361,47,2,47,47,3,0.021354692907774364,484.0,0.6529999664053321,3028
666,47,2,35.164558018715546,0.7032911603743109,0.7481820855045861,47,2,47,47,3,0.02135469290777614,484.0,0.6556999869644642,3028
667,47,2,35.1432033258078,0.702864066516156,0.7477277303363361,47,2,47,47,3,0.021354692907774364,484.0,0.6457999697886407,3028
668,47,2,35.12184863290004,0.7024369726580008,0.747273375168086,47,2,47,47,3,0.021354692907774364,484.0,0.6398999830707908,3028
669,47,2,35.10049393999228,0.7020098787998457,0.7468190199998358,47,2,47,47,3,0.021354692907774364,484.0,1.0516999755054712,3028
670,47,2,35.079139247084534,0.7015827849416907,0.7463646648315857,47,2,47,47,3,0.02135469290777614,484.0,0.8756999741308391,3028
671,47,2,35.057784554176784,0.7011556910835357,0.7459103096633358,47,2,47,47,3,0.021354692907774364,484.0,0.595899997279048,3028
672,46,2,35.03701780120694,0.7007403560241389,0.7616743000262379,46,1,46,33,3,0.020766752969860747,674.0,0.6326999864540994,3028
673,46,2,35.01633819798947,0.7003267639597894,0.7612247434345537,46,2,46,46,3,0.020679603217491405,474.0,0.7601999677717686,2914
674,46,2,34.99565859477199,0.6999131718954398,0.7607751868428693,46,2,46,46,3,0.020679603217494957,474.0,0.5566999898292124,2911
675,46,2,34.974978991554515,0.6994995798310903,0.7603256302511852,46,2,46,46,3,0.020679603217494957,474.0,0.7366999634541571,2911
676,46,2,34.95429938833704,0.6990859877667408,0.7598760736595009,46,2,46,46,3,0.020679603217494957,474.0,0.5639000446535647,2911
677,46,2,34.933619785119575,0.6986723957023915,0.7594265170678168,46,2,46,46,3,0.02067960321749318,474.0,0.715400034096092,2911
678,46,2,34.9129401819021,0.698258803638042,0.7589769604761326,46,2,46,46,3,0.02067960321749318,474.0,0.6900000153109431,2911
679,46,2,34.892260578684606,0.6978452115736922,0.7585274038844483,46,2,46,46,3,0.020679603217494957,474.0,0.5534999654628336,2911
680,46,2,34.87158097546715,0.697431619509343,0.758077847292764,46,2,46,46,3,0.020679603217494957,474.0,0.5174999823793769,2911
681,46,2,34.85090137224967,0.6970180274449934,0.7576282907010797,46,2,46,46,3,0.020679603217491405,474.0,0.628999958280474,2911
682,46,2,34.8302217690322,0.696604435380644,0.7571787341093956,46,2,46,46,3,0.020679603217494957,474.0,0.4854999715462327,2911
683,46,2,34.809542165814726,0.6961908433162945,0.7567291775177113,46,2,46,46,3,0.020679603217494957,474.0,0.6888000061735511,2911
684,46,2,34.788862562597245,0.6957772512519449,0.7562796209260271,46,2,46,46,3,0.020679603217494957,474.0,0.6428000051528215,2911
685,46,2,34.76818295937977,0.6953636591875955,0.7558300643343429,46,2,46,46,3,0.02067960321749318,474.0,0.6439999560825527,2911
686,46,2,34.74750335616229,0.6949500671232458,0.7553805077426585,46,2,46,46,3,0.02067960321749318,474.0,0.6327000446617603,2911
687,46,2,34.72682375294482,0.6945364750588964,0.7549309511509743,46,2,46,46,3,0.020679603217494957,474.0,0.640600046608597,2911
688,46,2,34.70614414972734,0.6941228829945468,0.7544813945592901,46,2,46,46,3,0.020679603217494957,474.0,1.3058000477030873,2911
689,46,2,34.68546454650986,0.6937092909301973,0.7540318379676058,46,2,46,46,3,0.020679603217491405,474.0,0.7445000228472054,2911
690,46,2,34.66478494329239,0.6932956988658477,0.7535822813759215,46,2,46,46,3,0.020679603217494957,474.0,0.6912999670021236,2911
691,46,2,34.644105340074915,0.6928821068014983,0.7531327247842373,46,2,46,46,3,0.020679603217494957,474.0,0.6540000322274864,2911
692,46,2,34.62342573685744,0.6924685147371489,0.7526831681925532,46,2,46,46,3,0.020679603217494957,474.0,0.6509000086225569,2911
693,46,2,34.60274613363996,0.6920549226727992,0.7522336116008689,46,2,46,46,3,0.02067960321749318,474.0,0.6482999888248742,2911
694,46,2,34.58206653042248,0.6916413306084496,0.7517840550091845,46,2,46,46,3,0.02067960321749318,474.0,0.6569999968633056,2911
695,46,2,34.561386927205014,0.6912277385441002,0.7513344984175003,46,2,46,46,3,0.020679603217494957,474.0,0.6693999748677015,2911
696,46,2,34.54070732398753,0.6908141464797507,0.7508849418258161,46,2,46,46,3,0.020679603217494957,474.0,0.6750000175088644,2911
697,46,2,34.52002772077006,0.6904005544154012,0.7504353852341318,46,2,46,46,3,0.02067960321749318,474.0,1.1872000177390873,2911
698,46,2,34.49934811755259,0.6899869623510518,0.7499858286424477,46,2,46,46,3,0.02067960321749318,474.0,0.5610000225715339,2911
699,46,2,34.47866851433511,0.6895733702867023,0.7495362720507635,46,2,46,46,3,0.020679603217494957,474.0,0.7860999903641641,2914
700,46,2,34.45798891111763,0.6891597782223526,0.7490867154590789,46,2,46,46,3,0.020679603217494957,474.0,0.5668000085279346,2914
701,46,2,34.43691002056674,0.6887382004113348,0.7486284787079726,46,2,46,46,3,0.0210788905509105,474.0,0.5412000464275479,2914
702,46,2,34.41623041734927,0.6883246083469854,0.7481789221162884,46,2,46,46,3,0.02067960321749318,474.0,0.6939999875612557,2914
703,46,2,34.395550814131795,0.6879110162826358,0.7477293655246042,46,2,46,46,3,0.020679603217494957,474.0,1.0740000288933516,2914
704,46,2,34.374871210914314,0.6874974242182863,0.7472798089329197,46,2,46,46,3,0.020679603217494957,474.0,0.5424999981187284,2914
705,46,2,34.35419160769684,0.6870838321539368,0.7468302523412357,46,2,46,46,3,0.02067960321749318,474.0,0.5730999982915819,2914
706,46,2,34.33351200447937,0.6866702400895873,0.7463806957495516,46,2,46,46,3,0.02067960321749318,474.0,0.7913999725133181,2914
707,46,2,34.312832401261886,0.6862566480252377,0.7459311391578671,46,2,46,46,3,0.020679603217494957,474.0,0.5388000281527638,2914
708,46,2,34.29215279804441,0.6858430559608882,0.7454815825661829,46,2,46,46,3,0.020679603217494957,474.0,0.7766000344417989,2914
709,46,2,34.27147319482693,0.6854294638965386,0.7450320259744987,46,2,46,46,3,0.02067960321749318,474.0,0.672800000756979,2914
710,46,2,34.25079359160946,0.6850158718321891,0.7445824693828144,46,2,46,46,3,0.02067960321749318,474.0,0.5791000439785421,2914
711,46,2,34.230113988391984,0.6846022797678397,0.7441329127911303,46,2,46,46,3,0.020679603217494957,474.0,0.8051999611780047,2914
712,46,2,34.20943438517452,0.6841886877034904,0.743683356199446,46,2,46,46,3,0.020679603217494957,474.0,0.7391999824903905,2914
713,46,2,34.188754781957044,0.6837750956391409,0.7432337996077618,46,2,46,46,3,0.02067960321749318,474.0,0.5539999692700803,2914
714,46,2,34.168075178739564,0.6833615035747913,0.7427842430160773,46,2,46,46,3,0.02067960321749318,474.0,0.6822000141255558,2914
715,46,2,34.14739557552208,0.6829479115104417,0.7423346864243932,46,2,46,46,3,0.020679603217494957,474.0,1.4728999813087285,2914
716,45,2,34.13067342226356,0.6826134684452713,0.7584594093836348,45,1,45,12,3,0.016722153258534433,254.0,0.7458999752998352,2914
717,45,2,34.11033208000326,0.6822066416000652,0.758007379555628,45,2,45,45,3,0.02034134226032336,464.0,0.6107999943196774,2808
718,45,2,34.08999073774296,0.6817998147548592,0.7575553497276215,45,2,45,45,3,0.02034134226032336,464.0,0.553899968508631,2808
719,45,2,34.06964939548266,0.6813929879096531,0.7571033198996144,45,2,45,45,3,0.02034134226032336,464.0,0.7501999498344958,2808
720,45,2,34.04930805322235,0.680986161064447,0.7566512900716079,45,2,45,45,3,0.02034134226032336,464.0,0.6223000236786902,2808
721,45,2,34.02896671096205,0.680579334219241,0.7561992602436012,45,2,45,45,3,0.02034134226032336,464.0,0.6794000510126352,2808
722,45,2,34.00862536870174,0.6801725073740349,0.7557472304155944,45,2,45,45,3,0.02034134226032336,464.0,0.5973000079393387,2808
723,45,2,33.988284026441434,0.6797656805288287,0.7552952005875875,45,2,45,45,3,0.02034134226032336,464.0,0.5922999698668718,2808
724,45,2,33.96794268418114,0.6793588536836228,0.7548431707595809,45,2,45,45,3,0.02034134226032691,464.0,0.5908999592065811,2808
725,45,2,33.94760134192083,0.6789520268384166,0.754391140931574,45,2,45,45,3,0.020341342260319806,464.0,0.5699999746866524,2808
726,45,2,33.927259999660535,0.6785451999932107,0.7539391111035675,45,2,45,45,3,0.02034134226032336,464.0,0.9666999685578048,2808
727,45,2,33.90691865740023,0.6781383731480046,0.7534870812755607,45,2,45,45,3,0.02034134226032691,464.0,0.707099970895797,2808
728,45,2,33.886577315139924,0.6777315463027985,0.7530350514475539,45,2,45,45,3,0.02034134226032336,464.0,0.5637999856844544,2808
729,45,2,33.866235972879615,0.6773247194575923,0.752583021619547,45,2,45,45,3,0.020341342260319806,464.0,0.5437000072561204,2808
730,45,2,33.84589463061931,0.6769178926123862,0.7521309917915403,45,2,45,45,3,0.02034134226032691,464.0,0.5778000340797007,2808
731,45,2,33.82555328835901,0.6765110657671802,0.7516789619635336,45,2,45,45,3,0.02034134226032336,464.0,0.6327999872155488,2808
732,45,2,33.80521194609871,0.6761042389219741,0.7512269321355268,45,2,45,45,3,0.02034134226032336,464.0,0.6625999812968075,2808
733,45,2,33.78487060383841,0.6756974120767681,0.75077490230752,45,2,45,45,3,0.02034134226032336,464.0,0.6674000178463757,2808
734,45,2,33.7645292615781,0.6752905852315619,0.7503228724795132,45,2,45,45,3,0.02034134226032336,464.0,0.5540000274777412,2808
735,45,2,33.7441879193178,0.6748837583863561,0.7498708426515067,45,2,45,45,3,0.02034134226032336,464.0,0.5872999900020659,2808
736,45,2,33.723846577057486,0.6744769315411497,0.7494188128234996,45,2,45,45,3,0.02034134226032336,464.0,0.6568999961018562,2808
737,45,2,33.70350523479719,0.6740701046959439,0.7489667829954931,45,2,45,45,3,0.02034134226032336,464.0,0.8193999528884888,2808
738,45,2,33.68316389253688,0.6736632778507377,0.7485147531674863,45,2,45,45,3,0.02034134226032336,464.0,0.49920001765713096,2808
739,45,2,33.66282255027658,0.6732564510055316,0.7480627233394795,45,2,45,45,3,0.02034134226032336,464.0,0.8686999790370464,2808
740,45,2,33.64248120801628,0.6728496241603256,0.7476106935114728,45,2,45,45,3,0.020341342260319806,464.0,0.8387000416405499,2808
741,45,2,33.622139865755976,0.6724427973151195,0.7471586636834662,45,2,45,45,3,0.020341342260316253,464.0,0.6017999839968979,2808
742,45,2,33.60179852349567,0.6720359704699134,0.7467066338554592,45,2,45,45,3,0.020341342260316253,464.0,0.5603000172413886,2808
743,45,2,33.58145718123536,0.6716291436247072,0.7462546040274524,45,2,45,45,3,0.020341342260319806,464.0,0.6463999743573368,2808
744,45,2,33.561115838975056,0.6712223167795011,0.7458025741994457,45,2,45,45,3,0.020341342260316253,464.0,0.6948999944142997,2808
745,45,2,33.540774496714754,0.6708154899342951,0.745350544371439,45,2,45,45,3,0.020341342260316253,464.0,0.5746000097133219,2808
746,45,2,33.52043315445445,0.6704086630890891,0.7448985145434323,45,2,45,45,3,0.020341342260319806,464.0,0.6992999697104096,2808
747,45,2,33.50009181219415,0.670001836243883,0.7444464847154255,45,2,45,45,3,0.020341342260316253,464.0,0.6951999966986477,2808
748,45,2,33.47975046993384,0.6695950093986768,0.7439944548874187,45,2,45,45,3,0.020341342260316253,464.0,0.6337999948300421,2808
749,45,2,33.45940912767354,0.6691881825534708,0.7435424250594119,45,2,45,45,3,0.020341342260319806,464.0,0.6306999712251127,2808
750,45,2,33.43906778541323,0.6687813557082646,0.7430903952314053,45,2,45,45,3,0.020341342260316253,464.0,0.5243999767117202,2808
751,45,2,33.418726443152934,0.6683745288630587,0.7426383654033986,45,2,45,45,3,0.020341342260316253,464.0,0.6361000123433769,2808
752,45,2,33.398385100892625,0.6679677020178525,0.7421863355753918,45,2,45,45,3,0.020341342260316253,464.0,0.631699978839606,2808
753,45,2,33.378043758632316,0.6675608751726463,0.741734305747385,45,2,45,45,3,0.020341342260319806,464.0,1.0064999805763364,2808
754,45,2,33.35770241637202,0.6671540483274404,0.7412822759193782,45,2,45,45,3,0.020341342260316253,464.0,0.9728000150062144,2808
755,45,2,33.33736107411172,0.6667472214822344,0.7408302460913715,45,2,45,45,3,0.020341342260316253,464.0,0.6789000472053885,2808
756,45,2,33.31701973185141,0.6663403946370282,0.7403782162633646,45,2,45,45,3,0.020341342260319806,464.0,0.652099959552288,2808
757,45,2,33.29667838959111,0.6659335677918221,0.7399261864353579,45,2,45,45,3,0.020341342260316253,464.0,0.7149000302888453,2808
758,45,2,33.2763370473308,0.665526740946616,0.739474156607351,45,2,45,45,3,0.020341342260316253,464.0,0.589400005992502,2808
759,45,2,33.2559957050705,0.6651199141014099,0.7390221267793444,45,2,45,45,3,0.020341342260319806,464.0,0.6469999789260328,2808
760,45,2,33.235654362810195,0.6647130872562039,0.7385700969513377,45,2,45,45,3,0.020341342260316253,464.0,0.6653000018559396,2808
761,45,2,33.21531302054989,0.6643062604109978,0.738118067123331,45,2,45,45,3,0.020341342260316253,464.0,0.6204000092111528,2808
762,45,2,33.19497167828959,0.6638994335657918,0.7376660372953242,45,2,45,45,3,0.020341342260316253,464.0,0.6779999821446836,2808
763,45,2,33.17463033602928,0.6634926067205856,0.7372140074673174,45,2,45,45,3,0.020341342260319806,464.0,0.8357000187970698,2808
764,45,2,33.15428899376898,0.6630857798753795,0.7367619776393105,45,2,45,45,3,0.020341342260316253,464.0,1.0556000052019954,2808
765,45,2,33.13394765150868,0.6626789530301735,0.736309947811304,45,2,45,45,3,0.020341342260319806,464.0,1.9335999968461692,2808
766,45,2,33.113606309248375,0.6622721261849676,0.7358579179832972,45,2,45,45,3,0.020341342260316253,464.0,0.6146999658085406,2808
767,45,2,33.09326496698807,0.6618652993397615,0.7354058881552905,45,2,45,45,3,0.020341342260316253,464.0,0.7013999857008457,2808
768,45,2,33.07292362472776,0.6614584724945551,0.7349538583272834,45,2,45,45,3,0.020341342260316253,464.0,0.5943000433035195,2808
769,45,2,33.05258228246746,0.6610516456493493,0.7345018284992769,45,2,45,45,3,0.02034134226032336,464.0,0.582900014705956,2808
770,44,2,33.03354535570176,0.6606709071140352,0.7507623944477675,44,1,44,18,3,0.019036926765707562,374.0,0.6842999719083309,2808
771,44,2,33.01366714386054,0.6602733428772107,0.7503106169059213,44,2,44,44,3,0.01987821184123817,454.0,0.5807999987155199,2706
772,44,2,32.993788932019314,0.6598757786403863,0.7498588393640752,44,2,44,44,3,0.01987821184123817,454.0,0.6744000129401684,2711
773,44,2,32.9739107201781,0.6594782144035619,0.7494070618222295,44,2,44,44,3,0.01987821184123817,454.0,1.0118999634869397,2711
774,44,2,32.95403250833687,0.6590806501667374,0.7489552842803835,44,2,44,44,3,0.019878211841241722,454.0,2.813700004480779,2711
775,44,2,32.93415429649565,0.658683085929913,0.7485035067385373,44,2,44,44,3,0.01987821184123817,454.0,0.6613999721594155,2711
776,44,2,32.914276084654425,0.6582855216930885,0.7480517291966913,44,2,44,44,3,0.01987821184123817,454.0,0.7447000243701041,2711
777,44,2,32.894397872813194,0.6578879574562638,0.7475999516548453,44,2,44,44,3,0.01987821184123817,454.0,0.6950999959371984,2711
778,44,2,32.87451966097197,0.6574903932194394,0.7471481741129993,44,2,44,44,3,0.01987821184123817,454.0,0.7311999797821045,2711
779,44,2,32.85464144913075,0.657092828982615,0.7466963965711535,44,2,44,44,3,0.019878211841241722,454.0,0.6768000312149525,2711
780,44,2,32.83476323728953,0.6566952647457905,0.7462446190293075,44,2,44,44,3,0.01987821184123817,454.0,0.7075999747030437,2711
781,44,2,32.814885025448305,0.6562977005089661,0.7457928414874615,44,2,44,44,3,0.01987821184123817,454.0,1.2324000126682222,2711
782,44,2,32.79500681360708,0.6559001362721416,0.7453410639456155,44,2,44,44,3,0.01987821184123817,454.0,0.5640999879688025,2711
783,44,2,32.77512860176586,0.6555025720353171,0.7448892864037695,44,2,44,44,3,0.01987821184123817,454.0,0.7272000075317919,2711
784,44,2,32.75525038992463,0.6551050077984927,0.7444375088619235,44,2,44,44,3,0.01987821184123817,454.0,1.5290000010281801,2711
785,44,2,32.73537217808341,0.6547074435616682,0.7439857313200775,44,2,44,44,3,0.01987821184123817,454.0,1.5549000236205757,2711
786,44,2,32.715493966242185,0.6543098793248437,0.7435339537782315,44,2,44,44,3,0.01987821184123817,454.0,0.6528000230900943,2711
787,44,2,32.69561575440096,0.6539123150880193,0.7430821762363856,44,2,44,44,3,0.01987821184123817,454.0,1.0325000039301813,2711
788,44,2,32.67573754255974,0.6535147508511947,0.7426303986945395,44,2,44,44,3,0.01987821184123817,454.0,0.5787999834865332,2711
789,44,2,32.65585933071852,0.6531171866143705,0.7421786211526936,44,2,44,44,3,0.019878211841241722,454.0,0.6347000016830862,2711
790,44,2,32.6359811188773,0.6527196223775459,0.7417268436108476,44,2,44,44,3,0.01987821184123817,454.0,0.7217000238597393,2711
791,44,2,32.61610290703607,0.6523220581407214,0.7412750660690016,44,2,44,44,3,0.01987821184123817,454.0,0.8393999887630343,2711
792,44,2,32.59622469519485,0.651924493903897,0.7408232885271558,44,2,44,44,3,0.019878211841241722,454.0,0.5756000173278153,2711
793,44,2,32.576346483353625,0.6515269296670725,0.7403715109853096,44,2,44,44,3,0.01987821184123817,454.0,0.6969000096432865,2711
794,44,2,32.5564682715124,0.651129365430248,0.7399197334434636,44,2,44,44,3,0.01987821184123817,454.0,0.7445999654009938,2711
795,44,2,32.53659005967118,0.6507318011934236,0.7394679559016176,44,2,44,44,3,0.01987821184123817,454.0,0.8539999835193157,2711
796,44,2,32.51671184782995,0.6503342369565991,0.7390161783597716,44,2,44,44,3,0.01987821184123817,454.0,0.6358000100590289,2711
797,44,2,32.496833635988736,0.6499366727197747,0.7385644008179258,44,2,44,44,3,0.019878211841241722,454.0,1.081799971871078,2711
798,44,2,32.47695542414751,0.6495391084829503,0.7381126232760798,44,2,44,44,3,0.019878211841234616,454.0,0.5642999894917011,2711
799,44,2,32.45707721230629,0.6491415442461258,0.7376608457342338,44,2,44,44,3,0.01987821184123817,454.0,0.5768000264652073,2711
800,44,2,32.437199000465064,0.6487439800093013,0.7372090681923879,44,2,44,44,3,0.01987821184123817,454.0,0.5581999430432916,2711
801,44,2,32.41732078862384,0.6483464157724768,0.7367572906505419,44,2,44,44,3,0.01987821184123817,454.0,1.1015000054612756,2711
802,44,2,32.39739659592335,0.6479479319184669,0.7363044680891668,44,2,44,44,3,0.01992419270051471,454.0,0.5735000013373792,2711
803,44,2,32.377472403222846,0.6475494480644569,0.7358516455277919,44,2,44,44,3,0.01992419270051471,454.0,0.6382999708876014,2711
804,44,2,32.35754821052235,0.647150964210447,0.7353988229664171,44,2,44,44,3,0.019924192700511156,454.0,0.5525000160560012,2711
805,44,2,32.33762401782186,0.6467524803564372,0.7349460004050422,44,2,44,44,3,0.019924192700518262,454.0,0.8768999832682312,2711
806,44,2,32.31769982512136,0.6463539965024272,0.7344931778436674,44,2,44,44,3,0.01992419270051471,454.0,0.6067999638617039,2711
807,44,2,32.29777563242086,0.6459555126484172,0.7340403552822923,44,2,44,44,3,0.019924192700511156,454.0,0.6588000105693936,2711
808,44,2,32.277851439720365,0.6455570287944074,0.7335875327209174,44,2,44,44,3,0.01992419270051471,454.0,0.7283999584615231,2711
809,44,2,32.25792724701987,0.6451585449403975,0.7331347101595423,44,2,44,44,3,0.01992419270051471,454.0,0.6796999950893223,2711
810,44,2,32.23800305431938,0.6447600610863876,0.7326818875981677,44,2,44,44,3,0.019924192700511156,454.0,0.7483999943360686,2711
811,44,2,32.21807886161888,0.6443615772323775,0.7322290650367926,44,2,44,44,3,0.01992419270051471,454.0,0.568399962503463,2711
812,44,2,32.19815466891838,0.6439630933783675,0.7317762424754176,44,2,44,44,3,0.01992419270051471,454.0,0.7507000118494034,2711
813,44,2,32.17823047621789,0.6435646095243578,0.7313234199140429,44,2,44,44,3,0.01992419270051471,454.0,1.121999986935407,2711
814,44,2,32.15830628351739,0.6431661256703478,0.730870597352668,44,2,44,44,3,0.019924192700507604,454.0,0.6138000171631575,2711
815,44,2,32.1383820908169,0.6427676418163379,0.7304177747912931,44,2,44,44,3,0.01992419270051471,454.0,0.6417999975383282,2711
816,44,2,32.1184578981164,0.642369157962328,0.7299649522299181,44,2,44,44,3,0.01992419270051471,454.0,0.5568999913521111,2711
817,44,2,32.0985337054159,0.6419706741083181,0.7295121296685433,44,2,44,44,3,0.019924192700511156,454.0,0.5401999806053936,2711
818,44,2,32.07860951271541,0.6415721902543082,0.7290593071071684,44,2,44,44,3,0.01992419270051471,454.0,0.5664000054821372,2711
819,44,2,32.05868532001491,0.6411737064002981,0.7286064845457932,44,2,44,44,3,0.01992419270051471,454.0,0.714499969035387,2711
820,44,2,32.03876112731441,0.6407752225462882,0.7281536619844186,44,2,44,44,3,0.019924192700511156,454.0,0.6712999893352389,2711
821,44,2,32.018836934613915,0.6403767386922783,0.7277008394230435,44,2,44,44,3,0.019924192700518262,454.0,0.6369000184349716,2711
822,44,2,31.998912741913422,0.6399782548382684,0.7272480168616687,44,2,44,44,3,0.01992419270051471,454.0,0.5696999724023044,2711
823,44,2,31.97898854921292,0.6395797709842584,0.7267951943002937,44,2,44,44,3,0.01992419270051471,454.0,1.6324999742209911,2711
824,44,2,31.959064356512428,0.6391812871302486,0.726342371738919,44,2,44,44,3,0.019924192700511156,454.0,0.7407999946735799,2711
825,44,2,31.939140163811935,0.6387828032762387,0.7258895491775439,44,2,44,44,3,0.01992419270051471,454.0,0.5418999935500324,2711
826,44,2,31.919215971111438,0.6383843194222287,0.7254367266161691,44,2,44,44,3,0.01992419270051471,454.0,0.6670000148005784,2711
827,44,2,31.89929177841094,0.6379858355682189,0.7249839040547941,44,2,44,44,3,0.019924192700511156,454.0,0.5338999908417463,2711
828,44,2,31.879367585710447,0.637587351714209,0.7245310814934193,44,2,44,44,3,0.01992419270051471,454.0,0.610699993558228,2711
829,44,2,31.859443393009947,0.6371888678601989,0.7240782589320444,44,2,44,44,3,0.01992419270051471,454.0,0.590600015129894,2711
830,44,2,31.83951920030945,0.636790384006189,0.7236254363706693,44,2,44,44,3,0.019924192700507604,454.0,1.319000031799078,2711
831,44,2,31.81959500760896,0.6363919001521792,0.7231726138092944,44,2,44,44,3,0.01992419270051471,454.0,0.999899988528341,2711
832,44,2,31.79967081490846,0.6359934162981692,0.7227197912479194,44,2,44,44,3,0.01992419270051471,454.0,0.9828000329434872,2711
833,44,2,31.779746622207963,0.6355949324441592,0.7222669686865447,44,2,44,44,3,0.01992419270051471,454.0,0.5390000296756625,2711
834,44,2,31.759822429507466,0.6351964485901493,0.7218141461251697,44,2,44,44,3,0.019924192700511156,454.0,0.6362000131048262,2711
835,44,2,31.73989823680697,0.6347979647361394,0.7213613235637948,44,2,44,44,3,0.01992419270051471,454.0,0.8647000067867339,2711
836,44,2,31.719974044106472,0.6343994808821294,0.7209085010024199,44,2,44,44,3,0.01992419270051471,454.0,0.8148999768309295,2711
837,44,2,31.700049851405975,0.6340009970281195,0.720455678441045,44,2,44,44,3,0.01992419270051471,454.0,0.5795000470243394,2711
838,44,2,31.680125658705485,0.6336025131741096,0.7200028558796702,44,2,44,44,3,0.01992419270051471,454.0,0.5295999580994248,2711
839,44,2,31.660201466004988,0.6332040293200998,0.7195500333182951,44,2,44,44,3,0.01992419270051471,454.0,0.48320001224055886,2711
840,44,2,31.640277273304484,0.6328055454660897,0.7190972107569202,44,2,44,44,3,0.019924192700511156,454.0,0.6649999995715916,2711
841,44,2,31.620353080603994,0.6324070616120799,0.7186443881955453,44,2,44,44,3,0.01992419270051471,454.0,0.5710999830625951,2711
842,44,2,31.600428887903497,0.63200857775807,0.7181915656341704,44,2,44,44,3,0.01992419270051471,454.0,0.5361000075936317,2711
843,44,2,31.580504695203004,0.6316100939040601,0.7177387430727955,44,2,44,44,3,0.01992419270051471,454.0,0.6134000141173601,2711
844,44,2,31.560580502502503,0.6312116100500501,0.7172859205114205,44,2,44,44,3,0.019924192700511156,454.0,0.595899997279048,2711
845,44,2,31.540656309802007,0.6308131261960401,0.7168330979500457,44,2,44,44,3,0.01992419270051471,454.0,0.6839999696239829,2711
846,44,2,31.520732117101513,0.6304146423420303,0.7163802753886709,44,2,44,44,3,0.019924192700511156,454.0,0.8470999891869724,2711
847,44,2,31.500807924401016,0.6300161584880203,0.7159274528272958,44,2,44,44,3,0.019924192700511156,454.0,0.638800032902509,2711
848,44,2,31.48088373170052,0.6296176746340104,0.7154746302659208,44,2,44,44,3,0.01992419270051471,454.0,0.5853999755345285,2711
849,44,2,31.460959539000026,0.6292191907800005,0.715021807704546,44,2,44,44,3,0.01992419270051471,454.0,1.1149999918416142,2711
850,44,2,31.441035346299525,0.6288207069259905,0.714568985143171,44,2,44,44,3,0.019924192700511156,454.0,0.8302999776788056,2711
851,44,2,31.421111153599032,0.6284222230719806,0.7141161625817961,44,2,44,44,3,0.01992419270051471,454.0,0.5316000315360725,2711
852,44,2,31.40118696089853,0.6280237392179706,0.7136633400204213,44,2,44,44,3,0.01992419270051471,454.0,1.1150999926030636,2711
853,44,2,31.381262768198038,0.6276252553639607,0.7132105174590464,44,2,44,44,3,0.01992419270051471,454.0,0.5468000308610499,2711
854,44,2,31.361338575497545,0.6272267715099509,0.7127576948976714,44,2,44,44,3,0.01992419270051471,454.0,0.87420002091676,2711
855,44,2,31.341414382797044,0.6268282876559409,0.7123048723362965,44,2,44,44,3,0.01992419270051471,454.0,0.552999961655587,2710
856,44,2,31.32149019009655,0.626429803801931,0.7118520497749217,44,2,44,44,3,0.01992419270051471,454.0,0.7739999564364552,2710
857,44,2,31.301565997396054,0.626031319947921,0.7113992272135466,44,2,44,44,3,0.019924192700511156,454.0,0.5426999996416271,2710
858,44,2,31.281641804695557,0.6256328360939112,0.7109464046521717,44,2,44,44,3,0.01992419270051471,454.0,0.6246999837458134,2710
859,44,2,31.26171761199506,0.6252343522399012,0.7104935820907968,44,2,44,44,3,0.01992419270051471,454.0,0.6483999895863235,2710
860,44,2,31.241793419294567,0.6248358683858913,0.7100407595294219,44,2,44,44,3,0.019924192700511156,454.0,0.5546999746002257,2710
861,44,2,31.22186922659407,0.6244373845318814,0.709587936968047,44,2,44,44,3,0.01992419270051471,454.0,0.6137000164017081,2710
862,44,2,31.20194503389357,0.6240389006778714,0.7091351144066721,44,2,44,44,3,0.019924192700511156,454.0,0.6899000145494938,2710
863,44,2,31.18202084119308,0.6236404168238616,0.7086822918452972,44,2,44,44,3,0.01992419270051471,454.0,0.6304000271484256,2710
864,44,2,31.162096648492582,0.6232419329698516,0.7082294692839223,44,2,44,44,3,0.019924192700511156,454.0,0.6308000301942229,2710
865,44,2,31.142172455792085,0.6228434491158417,0.7077766467225474,44,2,44,44,3,0.01992419270051471,454.0,0.5849999724887311,2710
866,44,2,31.12224826309159,0.6224449652618318,0.7073238241611723,44,2,44,44,3,0.01992419270051471,454.0,0.591500021982938,2710
867,44,2,31.10232407039109,0.6220464814078218,0.7068710015997974,44,2,44,44,3,0.019924192700500498,454.0,0.672499998472631,2710
868,44,2,31.082399877690595,0.6216479975538118,0.7064181790384226,44,2,44,44,3,0.019924192700479182,454.0,0.6416999967768788,2710
869,44,2,31.062475684990094,0.6212495136998019,0.7059653564770477,44,2,44,44,3,0.019924192700482735,454.0,0.6275000050663948,2710
870,44,2,31.042551492289604,0.6208510298457921,0.7055125339156729,44,2,44,44,3,0.019924192700472076,454.0,0.7113000028766692,2710
871,44,2,31.022627299589107,0.6204525459917821,0.7050597113542979,44,2,44,44,3,0.01992419270047563,454.0,0.6809000042267144,2710
872,44,2,31.002703106888607,0.6200540621377721,0.704606888792923,44,2,44,44,3,0.019924192700479182,454.0,0.5389000289142132,2710
873,44,2,30.982778914188117,0.6196555782837624,0.7041540662315481,44,2,44,44,3,0.019924192700479182,454.0,0.6684000254608691,2710
874,44,2,30.962854721487616,0.6192570944297523,0.7037012436701732,44,2,44,44,3,0.019924192700472076,454.0,0.5846999702043831,2710
875,44,2,30.942930528787123,0.6188586105757424,0.7032484211087983,44,2,44,44,3,0.01992419270047563,454.0,0.6375000230036676,2710
876,44,2,30.923006336086623,0.6184601267217325,0.7027955985474234,44,2,44,44,3,0.019924192700479182,454.0,0.6767000304535031,2710
877,44,2,30.903082143386126,0.6180616428677225,0.7023427759860484,44,2,44,44,3,0.01992419270047563,454.0,1.8496999982744455,2710
878,44,2,30.883157950685632,0.6176631590137126,0.7018899534246734,44,2,44,44,3,0.019924192700472076,454.0,0.5381000228226185,2710
879,44,2,30.86323375798513,0.6172646751597026,0.7014371308632984,44,2,44,44,3,0.01992419270047563,454.0,0.5321000353433192,2710
880,44,2,30.843309565284635,0.6168661913056926,0.7009843083019235,44,2,44,44,3,0.01992419270047563,454.0,0.6461000302806497,2710
881,44,2,30.82338537258414,0.6164677074516828,0.7005314857405487,44,2,44,44,3,0.019924192700479182,454.0,0.6324000423774123,2710
882,44,2,30.80346117988364,0.6160692235976728,0.7000786631791738,44,2,44,44,3,0.01992419270047563,454.0,0.6330999894998968,2710
883,44,2,30.783536987183144,0.6156707397436629,0.6996258406177988,44,2,44,44,3,0.01992419270047563,454.0,0.618099991697818,2710
884,44,2,30.763612794482647,0.615272255889653,0.6991730180564238,44,2,44,44,3,0.01992419270047563,454.0,0.5142000154592097,2710
885,44,2,30.743688601782157,0.6148737720356432,0.6987201954950489,44,2,44,44,3,0.019924192700482735,454.0,0.5652999971061945,2710
886,44,2,30.723764409081657,0.6144752881816331,0.698267372933674,44,2,44,44,3,0.01992419270047563,454.0,0.9518000297248363,2710
887,44,2,30.703840216381156,0.6140768043276231,0.6978145503722991,44,2,44,44,3,0.019924192700472076,454.0,0.5292999558150768,2710
888,44,2,30.683916023680666,0.6136783204736134,0.6973617278109242,44,2,44,44,3,0.019924192700479182,454.0,0.7405999931506813,2710
889,44,2,30.663991830980166,0.6132798366196033,0.6969089052495492,44,2,44,44,3,0.019924192700479182,454.0,0.7102000527083874,2710
890,44,2,30.64406763827967,0.6128813527655934,0.6964560826881743,44,2,44,44,3,0.019924192700472076,454.0,0.6605999660678208,2710
891,44,2,30.624143445579172,0.6124828689115834,0.6960032601267993,44,2,44,44,3,0.01992419270047563,454.0,0.5806999979540706,2710
892,44,2,30.60421925287868,0.6120843850575736,0.6955504375654246,44,2,44,44,3,0.019924192700479182,454.0,0.6225000252015889,2710
893,44,2,30.584295060178178,0.6116859012035636,0.6950976150040495,44,2,44,44,3,0.019924192700479182,454.0,0.6205000099726021,2710
894,44,2,30.56437086747768,0.6112874173495536,0.6946447924426745,44,2,44,44,3,0.019924192700468524,454.0,0.623999978415668,2710
895,44,2,30.544446674777188,0.6108889334955437,0.6941919698812997,44,2,44,44,3,0.01992419270047563,454.0,0.6371000199578702,2710
896,44,2,30.524522482076687,0.6104904496415338,0.6937391473199247,44,2,44,44,3,0.019924192700479182,454.0,0.4998999647796154,2710
897,44,2,30.504598289376194,0.6100919657875239,0.6932863247585498,44,2,44,44,3,0.01992419270047563,454.0,0.9384999866597354,2710
898,44,2,30.484674096675693,0.6096934819335139,0.6928335021971749,44,2,44,44,3,0.01992419270047563,454.0,0.5864000413566828,2710
899,44,2,30.464749903975196,0.6092949980795039,0.6923806796358,44,2,44,44,3,0.01992419270047563,454.0,0.6499000010080636,2710
900,44,2,30.4448257112747,0.608896514225494,0.6919278570744251,44,2,44,44,3,0.019924192700479182,454.0,0.527900003362447,2710
901,44,2,30.424901518574206,0.6084980303714841,0.69147503451305,44,2,44,44,3,0.019924192700479182,454.0,0.6363000138662755,2710
902,44,2,30.404977325873713,0.6080995465174742,0.6910222119516752,44,2,44,44,3,0.01992419270047563,454.0,0.5348999984562397,2710
903,44,2,30.385053133173212,0.6077010626634642,0.6905693893903003,44,2,44,44,3,0.01992419270047563,454.0,0.8037000079639256,2710
904,44,2,30.365128940472708,0.6073025788094542,0.6901165668289253,44,2,44,44,3,0.01992419270047563,454.0,0.5645999917760491,2710
905,44,2,30.345204747772218,0.6069040949554444,0.6896637442675504,44,2,44,44,3,0.019924192700479182,454.0,0.6441000150516629,2710
906,44,2,30.32528055507172,0.6065056111014344,0.6892109217061755,44,2,44,44,3,0.01992419270047563,454.0,0.5499999970197678,2710
907,44,2,30.30535636237122,0.6061071272474244,0.6887580991448006,44,2,44,44,3,0.019924192700472076,454.0,0.6463999743573368,2709
908,44,2,30.285432169670724,0.6057086433934145,0.6883052765834256,44,2,44,44,3,0.019924192700479182,454.0,0.5207000067457557,2709
909,44,2,30.265507976970227,0.6053101595394046,0.6878524540220506,44,2,44,44,3,0.019924192700479182,454.0,0.9477999992668629,2709
910,44,2,30.24558378426973,0.6049116756853946,0.6873996314606757,44,2,44,44,3,0.019924192700472076,454.0,0.5415999912656844,2709
911,44,2,30.225659591569233,0.6045131918313846,0.6869468088993007,44,2,44,44,3,0.019924192700472076,454.0,0.636399956420064,2709
912,44,2,30.205735398868732,0.6041147079773747,0.6864939863379257,44,2,44,44,3,0.019924192700479182,454.0,0.6491999956779182,2709
913,44,2,30.18581120616824,0.6037162241233648,0.6860411637765508,44,2,44,44,3,0.019924192700479182,454.0,0.6142000202089548,2709
914,44,2,30.165887013467742,0.6033177402693548,0.6855883412151759,44,2,44,44,3,0.019924192700472076,454.0,0.5839000223204494,2709
915,44,2,30.14596282076724,0.6029192564153448,0.6851355186538008,44,2,44,44,3,0.01992419270047563,454.0,0.5756000173278153,2709
916,44,2,30.12603862806674,0.6025207725613348,0.684682696092426,44,2,44,44,3,0.019924192700479182,454.0,0.6463999743573368,2709
917,44,2,30.106114435366248,0.602122288707325,0.6842298735310511,44,2,44,44,3,0.019924192700479182,454.0,0.5843999679200351,2709
918,44,2,30.08619024266575,0.601723804853315,0.6837770509696761,44,2,44,44,3,0.01992419270047563,454.0,0.610999995842576,2709
919,44,2,30.06626604996525,0.601325320999305,0.6833242284083011,44,2,44,44,3,0.01992419270047563,454.0,0.7087000412866473,2709
920,44,2,30.046341857264757,0.6009268371452952,0.6828714058469263,44,2,44,44,3,0.019924192700479182,454.0,0.5901000113226473,2709
921,44,2,30.02641766456426,0.6005283532912852,0.6824185832855514,44,2,44,44,3,0.01992419270047563,454.0,0.6552999839186668,2709
922,44,2,30.006493471863763,0.6001298694372753,0.6819657607241764,44,2,44,44,3,0.01992419270047563,454.0,0.6936999852769077,2709
923,44,2,29.986569279163263,0.5997313855832652,0.6815129381628013,44,2,44,44,3,0.01992419270047563,454.0,0.5445000133477151,2709
924,44,2,29.966645086462762,0.5993329017292552,0.6810601156014265,44,2,44,44,3,0.01992419270047563,454.0,0.8623999892733991,2709
925,44,2,29.94672089376227,0.5989344178752454,0.6806072930400516,44,2,44,44,3,0.019924192700479182,454.0,0.5544000305235386,2709
926,44,2,29.92679670106177,0.5985359340212354,0.6801544704786766,44,2,44,44,3,0.019924192700472076,454.0,0.5367999547161162,2709
927,43,2,29.907386248843952,0.5981477249768791,0.6955206104382314,43,1,43,23,3,0.019410452217801577,474.0,0.5262999911792576,2709
928,43,2,29.88786278898421,0.5977572557796842,0.695066576488005,43,2,43,43,3,0.019523459859719594,444.0,0.618099991697818,2613
929,43,2,29.868521645854457,0.5973704329170891,0.6946167824617315,43,2,43,43,3,0.019341143129729232,444.0,0.6473999819718301,2615
930,43,2,29.8491805027247,0.596983610054494,0.6941669884354583,43,2,43,43,3,0.019341143129732785,444.0,0.9578000172041357,2615
931,43,2,29.829839359594946,0.5965967871918989,0.6937171944091848,43,2,43,43,3,0.019341143129729232,444.0,0.6300999666564167,2615
932,43,2,29.81049821646519,0.5962099643293038,0.6932674003829115,43,2,43,43,3,0.01934114312972568,444.0,0.5926000303588808,2615
933,43,2,29.791157073335437,0.5958231414667088,0.692817606356638,43,2,43,43,3,0.019341143129729232,444.0,0.6214000168256462,2615
934,43,2,29.771815930205673,0.5954363186041135,0.6923678123303645,43,2,43,43,3,0.019341143129732785,444.0,0.6089000380598009,2615
935,43,2,29.75247478707592,0.5950494957415183,0.6919180183040912,43,2,43,43,3,0.019341143129729232,444.0,0.6454999675042927,2615
936,43,2,29.733133643946168,0.5946626728789234,0.6914682242778178,43,2,43,43,3,0.019341143129729232,444.0,0.5874999915249646,2615
937,43,2,29.71379250081641,0.5942758500163282,0.6910184302515444,43,2,43,43,3,0.019341143129729232,444.0,0.6238999776542187,2615
938,43,2,29.694451357686653,0.593889027153733,0.6905686362252711,43,2,43,43,3,0.019341143129736338,444.0,0.631700037047267,2615
939,43,2,29.6751102145569,0.593502204291138,0.6901188421989977,43,2,43,43,3,0.019341143129729232,444.0,0.6200000061653554,2615
940,43,2,29.655769071427144,0.5931153814285429,0.6896690481727241,43,2,43,43,3,0.01934114312972568,444.0,0.5795999895781279,2615
941,43,2,29.636427928297387,0.5927285585659477,0.6892192541464509,43,2,43,43,3,0.019341143129729232,444.0,0.5793999880552292,2615
942,43,2,29.617086785167633,0.5923417357033527,0.6887694601201775,43,2,43,43,3,0.019341143129732785,444.0,0.5234999698586762,2615
943,43,2,29.597745642037875,0.5919549128407575,0.6883196660939039,43,2,43,43,3,0.019341143129729232,444.0,0.8491000044159591,2615
944,43,2,29.57840449890812,0.5915680899781625,0.6878698720676306,43,2,43,43,3,0.019341143129729232,444.0,0.5727999960072339,2615
945,43,2,29.559063355778363,0.5911812671155673,0.6874200780413573,43,2,43,43,3,0.019341143129729232,444.0,0.5418999935500324,2615
946,43,2,29.539722212648606,0.5907944442529721,0.686970284015084,43,2,43,43,3,0.019341143129732785,444.0,0.603599997702986,2615
947,43,2,29.52038106951885,0.5904076213903771,0.6865204899888105,43,2,43,43,3,0.019341143129732785,444.0,0.6848000339232385,2615
948,43,2,29.501039926389097,0.590020798527782,0.6860706959625371,43,2,43,43,3,0.01934114312972568,444.0,0.5387000273913145,2615
949,43,2,29.481698783259343,0.5896339756651868,0.6856209019362638,43,2,43,43,3,0.019341143129729232,444.0,0.5562999867834151,2615
950,43,2,29.462357640129582,0.5892471528025917,0.6851711079099903,43,2,43,43,3,0.019341143129732785,444.0,0.8465999853797257,2615
951,43,2,29.443016496999824,0.5888603299399965,0.6847213138837168,43,2,43,43,3,0.019341143129729232,444.0,0.5610999651253223,2615
952,43,2,29.423675353870074,0.5884735070774014,0.6842715198574436,43,2,43,43,3,0.019341143129729232,444.0,0.6256999913603067,2615
953,43,2,29.40433421074032,0.5880866842148064,0.6838217258311702,43,2,43,43,3,0.019341143129729232,444.0,0.6529000238515437,2615
954,43,2,29.38499306761056,0.5876998613522112,0.6833719318048967,43,2,43,43,3,0.019341143129732785,444.0,0.6701000384055078,2615
955,43,2,29.365651924480805,0.5873130384896161,0.6829221377786233,43,2,43,43,3,0.019341143129729232,444.0,0.47069997526705265,2615
956,43,2,29.34631078135105,0.586926215627021,0.6824723437523499,43,2,43,43,3,0.019341143129729232,444.0,0.4990000161342323,2615
957,43,2,29.326969638221296,0.5865393927644259,0.6820225497260767,43,2,43,43,3,0.019341143129729232,444.0,0.5872999900020659,2615
958,43,2,29.30762849509154,0.5861525699018307,0.6815727556998032,43,2,43,43,3,0.019341143129732785,444.0,0.4924999666400254,2615
959,43,2,29.28828735196178,0.5857657470392357,0.6811229616735298,43,2,43,43,3,0.019341143129729232,444.0,0.618099991697818,2615
960,43,2,29.268946208832023,0.5853789241766405,0.6806731676472565,43,2,43,43,3,0.019341143129729232,444.0,0.6049000076018274,2615
961,43,2,29.24960506570227,0.5849921013140453,0.6802233736209831,43,2,43,43,3,0.019341143129729232,444.0,0.5456000217236578,2615
962,43,2,29.23026392257252,0.5846052784514504,0.6797735795947097,43,2,43,43,3,0.019341143129732785,444.0,0.616899982560426,2615
963,43,2,29.21092277944276,0.5842184555888552,0.6793237855684363,43,2,43,43,3,0.019341143129729232,444.0,0.5092999781481922,2615
964,43,2,29.191581636313003,0.58383163272626,0.678873991542163,43,2,43,43,3,0.019341143129729232,444.0,0.5382000235840678,2615
965,43,2,29.17224049318325,0.583444809863665,0.6784241975158896,43,2,43,43,3,0.01934114312972568,444.0,0.5139999557286501,2615
966,43,2,29.15289935005349,0.5830579870010698,0.6779744034896159,43,2,43,43,3,0.019341143129732785,444.0,0.6853000377304852,2615
967,43,2,29.13355820692373,0.5826711641384746,0.6775246094633427,43,2,43,43,3,0.019341143129732785,444.0,0.6206000107340515,2615
968,43,2,29.11421706379398,0.5822843412758796,0.6770748154370693,43,2,43,43,3,0.019341143129729232,444.0,0.6395999807864428,2615
969,43,2,29.094875920664226,0.5818975184132845,0.676625021410796,43,2,43,43,3,0.019341143129729232,444.0,0.7102999952621758,2615
970,43,2,29.075534777534465,0.5815106955506892,0.6761752273845225,43,2,43,43,3,0.019341143129732785,444.0,0.603299995418638,2615
971,43,2,29.05619363440471,0.5811238726880942,0.6757254333582491,43,2,43,43,3,0.019341143129729232,444.0,1.0711000068113208,2615
972,43,2,29.036852491274956,0.5807370498254991,0.6752756393319757,43,2,43,43,3,0.019341143129729232,444.0,0.6766000296920538,2615
973,43,2,29.017511348145202,0.5803502269629041,0.6748258453057023,43,2,43,43,3,0.01934114312972568,444.0,0.6516000139527023,2615
974,43,2,28.998170205015445,0.5799634041003089,0.6743760512794289,43,2,43,43,3,0.019341143129732785,444.0,0.6357000092975795,2615
975,43,2,28.978829061885687,0.5795765812377137,0.6739262572531555,43,2,43,43,3,0.019341143129729232,444.0,0.6613999721594155,2615
976,43,2,28.95948791875593,0.5791897583751185,0.6734764632268821,43,2,43,43,3,0.019341143129729232,444.0,0.6671000155620277,2615
977,43,2,28.940146775626175,0.5788029355125235,0.6730266692006088,43,2,43,43,3,0.019341143129732785,444.0,0.6026000482961535,2615
978,43,2,28.920805632496425,0.5784161126499285,0.6725768751743355,43,2,43,43,3,0.019341143129732785,444.0,0.7023999933153391,2615
979,43,2,28.901464489366667,0.5780292897873334,0.6721270811480621,43,2,43,43,3,0.019341143129729232,444.0,0.4955999902449548,2615
980,43,2,28.88212334623691,0.5776424669247382,0.6716772871217885,43,2,43,43,3,0.019341143129729232,444.0,0.5345999961718917,2615
981,43,2,28.862782203107155,0.5772556440621431,0.6712274930955153,43,2,43,43,3,0.01934114312972568,444.0,0.5625999765470624,2615
982,43,2,28.8434410599774,0.5768688211995481,0.6707776990692417,43,2,43,43,3,0.019341143129732785,444.0,0.5556000396609306,2615
983,43,2,28.82409991684764,0.5764819983369528,0.6703279050429682,43,2,43,43,3,0.019341143129729232,444.0,0.6880000000819564,2615
984,43,2,28.804758773717886,0.5760951754743577,0.669878111016695,43,2,43,43,3,0.019341143129729232,444.0,0.6402999861165881,2615
985,43,2,28.78541763058813,0.5757083526117627,0.6694283169904216,43,2,43,43,3,0.019341143129729232,444.0,0.5341999931260943,2615
986,43,2,28.766076487458374,0.5753215297491675,0.6689785229641482,43,2,43,43,3,0.019341143129736338,444.0,0.5908000166527927,2615
987,43,2,28.746735344328616,0.5749347068865723,0.6685287289378748,43,2,43,43,3,0.019341143129729232,444.0,0.6473999819718301,2615
988,43,2,28.72739420119886,0.5745478840239772,0.6680789349116014,43,2,43,43,3,0.019341143129729232,444.0,1.014099980238825,2615
989,43,2,28.70805305806911,0.5741610611613822,0.6676291408853281,43,2,43,43,3,0.01934114312972568,444.0,0.527900003362447,2615
990,43,2,28.688711914939354,0.573774238298787,0.6671793468590548,43,2,43,43,3,0.019341143129732785,444.0,0.6886000046506524,2615
991,43,2,28.669370771809596,0.573387415436192,0.6667295528327812,43,2,43,43,3,0.019341143129729232,444.0,0.577600032556802,2615
992,43,2,28.650029628679835,0.5730005925735967,0.6662797588065079,43,2,43,43,3,0.019341143129729232,444.0,0.48800004879012704,2615
993,43,2,28.63068848555008,0.5726137697110016,0.6658299647802345,43,2,43,43,3,0.019341143129729232,444.0,0.574599951505661,2615
994,43,2,28.61134734242033,0.5722269468484066,0.6653801707539612,43,2,43,43,3,0.019341143129732785,444.0,0.5732999998144805,2615
995,43,2,28.592006199290573,0.5718401239858114,0.6649303767276876,43,2,43,43,3,0.019341143129729232,444.0,0.831599987577647,2615
996,43,2,28.572665056160815,0.5714533011232164,0.6644805827014143,43,2,43,43,3,0.019341143129732785,444.0,0.5356000037863851,2615
997,43,2,28.55332391303106,0.5710664782606212,0.664030788675141,43,2,43,43,3,0.01934114312972568,444.0,0.6546000367961824,2615
998,43,2,28.533982769901296,0.5706796553980259,0.6635809946488673,43,2,43,43,3,0.019341143129732785,444.0,0.6241999799385667,2615
999,43,2,28.514641626771542,0.5702928325354308,0.663131200622594,43,2,43,43,3,0.019341143129729232,444.0,0.5281000048853457,2615
1000,43,2,28.495300483641785,0.5699060096728357,0.6626814065963207,43,2,43,43,3,0.019341143129729232,444.0,0.5434000049717724,2615
1001,43,2,28.47595934051203,0.5695191868102406,0.6622316125700473,43,2,43,43,3,0.019341143129729232,444.0,1.0662999702617526,2615
1002,43,2,28.456618197382273,0.5691323639476454,0.6617818185437738,43,2,43,43,3,0.019341143129732785,444.0,0.4975000047124922,2615
1003,43,2,28.437277054252515,0.5687455410850503,0.6613320245175004,43,2,43,43,3,0.019341143129729232,444.0,0.8346000104211271,2615
1004,43,2,28.417935911122758,0.5683587182224552,0.660882230491227,43,2,43,43,3,0.01934114312972568,444.0,0.8123000152409077,2615
1005,43,2,28.398594767993004,0.56797189535986,0.6604324364649536,43,2,43,43,3,0.019341143129729232,444.0,0.4458999610505998,2615
1006,43,2,28.379253624863246,0.5675850724972649,0.6599826424386801,43,2,43,43,3,0.019341143129736338,444.0,0.7438999600708485,2615
1007,43,2,28.359912481733488,0.5671982496346698,0.6595328484124067,43,2,43,43,3,0.019341143129729232,444.0,0.6292000180110335,2615
1008,43,2,28.340571338603734,0.5668114267720746,0.6590830543861332,43,2,43,43,3,0.019341143129729232,444.0,0.596500001847744,2615
1009,43,2,28.321230195473973,0.5664246039094795,0.6586332603598599,43,2,43,43,3,0.019341143129729232,444.0,0.5287000094540417,2615
1010,43,2,28.301889052344222,0.5660377810468844,0.6581834663335866,43,2,43,43,3,0.019341143129732785,444.0,0.5191999953240156,2615
1011,43,2,28.28254790921446,0.5656509581842892,0.657733672307313,43,2,43,43,3,0.019341143129729232,444.0,0.5959999980404973,2615
1012,43,2,28.263206766084707,0.5652641353216942,0.6572838782810397,43,2,43,43,3,0.01934114312972568,444.0,0.6099999882280827,2615
1013,43,2,28.243865622954946,0.5648773124590989,0.6568340842547663,43,2,43,43,3,0.019341143129729232,444.0,0.7618999807164073,2615
1014,43,2,28.22452447982519,0.5644904895965038,0.6563842902284927,43,2,43,43,3,0.019341143129732785,444.0,0.6705999840050936,2615
1015,43,2,28.20518333669543,0.5641036667339087,0.6559344962022193,43,2,43,43,3,0.019341143129729232,444.0,0.5993000231683254,2615
1016,43,2,28.185842193565676,0.5637168438713135,0.655484702175946,43,2,43,43,3,0.019341143129732785,444.0,1.001399999950081,2615
1017,43,2,28.166501050435922,0.5633300210087184,0.6550349081496726,43,2,43,43,3,0.019341143129729232,444.0,0.5232000257819891,2615
1018,43,2,28.14715990730616,0.5629431981461233,0.6545851141233991,43,2,43,43,3,0.019341143129732785,444.0,0.6022999878041446,2615
1019,43,2,28.127818764176407,0.5625563752835281,0.6541353200971257,43,2,43,43,3,0.019341143129729232,444.0,0.6246999837458134,2615
1020,43,2,28.108477621046646,0.5621695524209329,0.6536855260708523,43,2,43,43,3,0.01934114312972568,444.0,2.132499997969717,2615
1021,43,2,28.089136477916895,0.5617827295583379,0.653235732044579,43,2,43,43,3,0.019341143129729232,444.0,0.7996999775059521,2615
1022,43,2,28.069795334787134,0.5613959066957427,0.6527859380183055,43,2,43,43,3,0.019341143129732785,444.0,0.6554000428877771,2615
1023,43,2,28.05045419165738,0.5610090838331476,0.652336143992032,43,2,43,43,3,0.019341143129729232,444.0,0.5381999653764069,2615
1024,43,2,28.031113048527622,0.5606222609705525,0.6518863499657587,43,2,43,43,3,0.019341143129729232,444.0,0.6918000290170312,2615
1025,43,2,28.011771905397865,0.5602354381079573,0.6514365559394854,43,2,43,43,3,0.019341143129732785,444.0,0.6300000241026282,2615
1026,42,2,27.99694653002598,0.5599389306005196,0.6665939650006185,42,1,42,7,3,0.014825375371870564,154.0,0.512800004798919,2615
1027,42,2,27.977879232612192,0.5595575846522438,0.6661399817288617,42,2,42,42,3,0.01906729741376978,434.0,0.5232000257819891,2507
1028,42,2,27.958811935198398,0.5591762387039679,0.6656859984571047,42,2,42,42,3,0.01906729741376978,434.0,0.6250999867916107,2507
1029,42,2,27.93974463778462,0.5587948927556924,0.665232015185348,42,2,42,42,3,0.019067297413773332,434.0,0.5838999641127884,2507
1030,42,2,27.92067734037083,0.5584135468074166,0.6647780319135912,42,2,42,42,3,0.01906729741376978,434.0,0.6175999878905714,2507
1031,42,2,27.90150347848855,0.558030069569771,0.6643215113925846,42,2,42,42,3,0.01917386188226544,434.0,0.6069999653846025,2507
1032,42,2,27.882436181074763,0.5576487236214952,0.6638675281208277,42,2,42,42,3,0.01906729741376978,434.0,0.6190999993123114,2507
1033,42,2,27.86336888366097,0.5572673776732194,0.6634135448490708,42,2,42,42,3,0.019067297413773332,434.0,0.9272000170312822,2507
1034,42,2,27.84430158624719,0.5568860317249438,0.6629595615773141,42,2,42,42,3,0.01906729741376978,434.0,0.5704999784938991,2507
1035,42,2,27.82512772436491,0.5565025544872982,0.6625030410563074,42,2,42,42,3,0.01917386188226544,434.0,0.5250999820418656,2507
1036,42,2,27.80606042695112,0.5561212085390224,0.6620490577845504,42,2,42,42,3,0.019067297413773332,434.0,0.5070000188425183,2507
1037,42,2,27.786993129537333,0.5557398625907467,0.6615950745127936,42,2,42,42,3,0.01906729741376978,434.0,0.7195000071078539,2507
1038,42,2,27.767925832123545,0.5553585166424709,0.6611410912410367,42,2,42,42,3,0.019067297413773332,434.0,0.7049000123515725,2507
1039,42,2,27.74885853470976,0.5549771706941953,0.6606871079692801,42,2,42,42,3,0.01906729741376978,434.0,0.5295000155456364,2507
1040,42,2,27.72968467282748,0.5545936934565496,0.6602305874482733,42,2,42,42,3,0.01917386188226544,434.0,0.7105000549927354,2507
1041,42,2,27.71061737541369,0.5542123475082739,0.6597766041765164,42,2,42,42,3,0.01906729741376978,434.0,0.547699979506433,2507
1042,42,2,27.691550077999906,0.5538310015599981,0.6593226209047597,42,2,42,42,3,0.019067297413773332,434.0,0.5754000158049166,2507
1043,42,2,27.67248278058612,0.5534496556117223,0.6588686376330027,42,2,42,42,3,0.019067297413766227,434.0,0.5402000388130546,2507
1044,42,2,27.65341548317233,0.5530683096634467,0.658414654361246,42,2,42,42,3,0.019067297413773332,434.0,0.5996999680064619,2507
1045,42,2,27.63424162129005,0.552684832425801,0.6579581338402394,42,2,42,42,3,0.01917386188226544,434.0,0.4979000077582896,2507
1046,42,2,27.615067759407772,0.5523013551881555,0.6575016133192326,42,2,42,42,3,0.019173861882268994,434.0,0.9884000173769891,2507
1047,42,2,27.596000461993988,0.5519200092398797,0.6570476300474759,42,2,42,42,3,0.019067297413766227,434.0,0.6978000164963305,2507
1048,42,2,27.576933164580193,0.5515386632916038,0.656593646775719,42,2,42,42,3,0.019067297413773332,434.0,0.6102999905124307,2507
1049,41,2,27.560128790691458,0.5512025758138291,0.6721982631875966,41,1,41,17,3,0.016804373888732016,354.0,0.554499973077327,2507
1050,41,2,27.54116334600225,0.550823266920045,0.6717356913659085,41,2,41,41,3,0.018965444689186484,424.0,0.6081999745219946,2409
1051,41,2,27.522197901313042,0.5504439580262609,0.6712731195442206,41,2,41,41,3,0.018965444689190036,424.0,0.5895999493077397,2409
1052,41,2,27.50323245662384,0.5500646491324769,0.6708105477225328,41,2,41,41,3,0.018965444689186484,424.0,0.5620000301860273,2409
1053,41,2,27.484267011934637,0.5496853402386928,0.6703479759008449,41,2,41,41,3,0.01896544468919359,424.0,0.5559999844990671,2409
1054,41,2,27.465301567245433,0.5493060313449086,0.669885404079157,41,2,41,41,3,0.018965444689186484,424.0,0.5744999507442117,2409
1055,41,2,27.446336122556232,0.5489267224511246,0.669422832257469,41,2,41,41,3,0.018965444689190036,424.0,0.6305999704636633,2409
1056,41,2,27.42737067786703,0.5485474135573406,0.6689602604357812,41,2,41,41,3,0.018965444689190036,424.0,0.6328999879769981,2409
1057,41,2,27.408405233177824,0.5481681046635565,0.6684976886140933,41,2,41,41,3,0.018965444689190036,424.0,0.8725000079721212,2409
1058,41,2,27.389439788488616,0.5477887957697724,0.6680351167924053,41,2,41,41,3,0.018965444689186484,424.0,0.6011999794282019,2409
1059,41,2,27.370474343799415,0.5474094868759883,0.6675725449707174,41,2,41,41,3,0.018965444689186484,424.0,0.673700007610023,2409
1060,41,2,27.351508899110208,0.5470301779822041,0.6671099731490294,41,2,41,41,3,0.018965444689190036,424.0,0.6635000463575125,2409
1061,41,2,27.332543454421007,0.5466508690884201,0.6666474013273417,41,2,41,41,3,0.018965444689190036,424.0,0.6599000189453363,2409
1062,41,2,27.313578009731803,0.5462715601946361,0.6661848295056537,41,2,41,41,3,0.018965444689186484,424.0,0.7111000013537705,2409
1063,41,2,27.294612565042602,0.5458922513008521,0.6657222576839659,41,2,41,41,3,0.01896544468919359,424.0,0.6625000387430191,2409
1064,41,2,27.275647120353394,0.5455129424070679,0.6652596858622779,41,2,41,41,3,0.018965444689186484,424.0,0.645300024189055,2409
1065,41,2,27.256681675664193,0.5451336335132839,0.6647971140405899,41,2,41,41,3,0.018965444689190036,424.0,0.5288999527692795,2409
1066,41,2,27.237716230974986,0.5447543246194997,0.6643345422189021,41,2,41,41,3,0.018965444689190036,424.0,1.2063999893143773,2409
1067,41,2,27.21875078628578,0.5443750157257157,0.6638719703972141,41,2,41,41,3,0.018965444689190036,424.0,0.6835000240243971,2409
1068,41,2,27.199785341596577,0.5439957068319315,0.6634093985755264,41,2,41,41,3,0.018965444689186484,424.0,0.6609000265598297,2409
1069,41,2,27.180819896907373,0.5436163979381474,0.6629468267538383,41,2,41,41,3,0.018965444689190036,424.0,0.6605999660678208,2409
1070,41,2,27.16185445221817,0.5432370890443634,0.6624842549321505,41,2,41,41,3,0.018965444689186484,424.0,0.513100007083267,2409
1071,41,2,27.142889007528964,0.5428577801505793,0.6620216831104625,41,2,41,41,3,0.018965444689190036,424.0,0.5830000154674053,2409
1072,41,2,27.123923562839764,0.5424784712567953,0.6615591112887748,41,2,41,41,3,0.018965444689190036,424.0,2.468499995302409,2409
1073,41,2,27.10495811815056,0.5420991623630111,0.6610965394670868,41,2,41,41,3,0.018965444689190036,424.0,0.5976999527774751,2409
1074,41,2,27.08599267346135,0.541719853469227,0.6606339676453988,41,2,41,41,3,0.018965444689186484,424.0,0.6865999894216657,2409
1075,41,2,27.067027228772147,0.5413405445754429,0.6601713958237109,41,2,41,41,3,0.018965444689190036,424.0,0.6066999631002545,2409
1076,41,2,27.048061784082943,0.5409612356816589,0.659708824002023,41,2,41,41,3,0.018965444689190036,424.0,0.49619999481365085,2409
1077,41,2,27.029840579932998,0.5405968115986599,0.6592644043886097,41,2,41,41,3,0.018221204149931225,424.0,1.9758999696932733,2409
1078,41,2,27.01161937578305,0.5402323875156609,0.6588199847751963,41,2,41,41,3,0.018221204149920567,424.0,0.6895000115036964,2409
1079,41,2,26.9933981716331,0.539867963432662,0.658375565161783,41,2,41,41,3,0.018221204149931225,424.0,0.6525000208057463,2409
1080,41,2,26.975176967483147,0.539503539349663,0.6579311455483694,41,2,41,41,3,0.018221204149927672,424.0,1.1351000284776092,2409
1081,41,2,26.956955763333198,0.5391391152666639,0.6574867259349562,41,2,41,41,3,0.018221204149931225,424.0,0.5494999932125211,2409
1082,41,2,26.93873455918325,0.5387746911836649,0.6570423063215427,41,2,41,41,3,0.01822120414992412,424.0,0.5969000048935413,2409
1083,41,2,26.920513355033297,0.538410267100666,0.6565978867081292,41,2,41,41,3,0.018221204149927672,424.0,0.5505000008270144,2409
1084,41,2,26.90229215088335,0.538045843017667,0.656153467094716,41,2,41,41,3,0.018221204149927672,424.0,0.5566999898292124,2409
1085,41,2,26.884070946733402,0.537681418934668,0.6557090474813025,41,2,41,41,3,0.018221204149941883,424.0,0.6904000183567405,2409
1086,41,2,26.865849742583453,0.5373169948516691,0.6552646278678891,41,2,41,41,3,0.018221204149931225,424.0,1.33050000295043,2409
1087,41,2,26.847628538433504,0.5369525707686701,0.6548202082544757,41,2,41,41,3,0.018221204149934778,424.0,0.6454000249505043,2409
1088,41,2,26.82940733428356,0.5365881466856712,0.6543757886410623,41,2,41,41,3,0.018221204149941883,424.0,0.6949999951757491,2409
1089,41,2,26.811186130133606,0.5362237226026721,0.6539313690276489,41,2,41,41,3,0.01822120414993833,424.0,0.7760000298731029,2409
1090,41,2,26.792964925983657,0.5358592985196732,0.6534869494142356,41,2,41,41,3,0.018221204149934778,424.0,0.7588999578729272,2409
1091,41,2,26.77474372183371,0.5354948744366742,0.6530425298008221,41,2,41,41,3,0.018221204149931225,424.0,0.6646999972872436,2409
1092,41,2,26.75652251768376,0.5351304503536752,0.6525981101874088,41,2,41,41,3,0.018221204149941883,424.0,0.6542999763041735,2409
1093,41,2,26.73830131353381,0.5347660262706762,0.6521536905739953,41,2,41,41,3,0.01822120414993833,424.0,0.636699958704412,2409
1094,41,2,26.72008010938386,0.5344016021876772,0.6517092709605818,41,2,41,41,3,0.018221204149934778,424.0,0.7243000436574221,2409
1095,41,2,26.701858905233912,0.5340371781046782,0.6512648513471686,41,2,41,41,3,0.018221204149934778,424.0,1.0084999958053231,2409
1096,41,2,26.683637701083963,0.5336727540216792,0.6508204317337553,41,2,41,41,3,0.01822120414993833,424.0,0.7027999963611364,2409
1097,41,2,26.66541649693401,0.5333083299386803,0.6503760121203418,41,2,41,41,3,0.01822120414993833,424.0,0.6373999640345573,2409
1098,41,2,26.647195292784062,0.5329439058556812,0.6499315925069284,41,2,41,41,3,0.01822120414993833,424.0,0.6779000395908952,2409
1099,41,2,26.628974088634113,0.5325794817726822,0.649487172893515,41,2,41,41,3,0.018221204149934778,424.0,0.6517000147141516,2409
1100,41,2,26.610752884484164,0.5322150576896832,0.6490427532801015,41,2,41,41,3,0.018221204149934778,424.0,1.2614000006578863,2409
1101,41,2,26.592531680334215,0.5318506336066843,0.6485983336666882,41,2,41,41,3,0.018221204149941883,424.0,0.6638000486418605,2409
1102,41,2,26.57431047618427,0.5314862095236854,0.6481539140532748,41,2,41,41,3,0.018221204149934778,424.0,0.6248000427149236,2409
1103,41,2,26.556089272034317,0.5311217854406863,0.6477094944398615,41,2,41,41,3,0.018221204149934778,424.0,0.6212000153027475,2409
1104,41,2,26.537868067884364,0.5307573613576873,0.647265074826448,41,2,41,41,3,0.01822120414993833,424.0,0.5926999729126692,2409
1105,41,2,26.519646863734415,0.5303929372746883,0.6468206552130346,41,2,41,41,3,0.01822120414993833,424.0,0.6275000050663948,2409
1106,41,2,26.50142565958447,0.5300285131916894,0.6463762355996212,41,2,41,41,3,0.018221204149934778,424.0,0.8776999893598258,2409
1107,41,2,26.48320445543452,0.5296640891086905,0.6459318159862079,41,2,41,41,3,0.018221204149934778,424.0,0.5314999725669622,2409
1108,41,2,26.464983251284572,0.5292996650256915,0.6454873963727944,41,2,41,41,3,0.018221204149941883,424.0,1.0751999798230827,2409
1109,41,2,26.446762047134623,0.5289352409426925,0.645042976759381,41,2,41,41,3,0.018221204149934778,424.0,0.630799971986562,2409
1110,41,2,26.428540842984674,0.5285708168596934,0.6445985571459676,41,2,41,41,3,0.018221204149934778,424.0,0.5498999962583184,2409
1111,41,2,26.41031963883472,0.5282063927766945,0.6441541375325541,41,2,41,41,3,0.01822120414993833,424.0,0.6271000020205975,2409
1112,41,2,26.39209843468477,0.5278419686936954,0.6437097179191408,41,2,41,41,3,0.01822120414993833,424.0,0.6596000166609883,2409
1113,41,2,26.373877230534823,0.5274775446106965,0.6432652983057275,41,2,41,41,3,0.018221204149934778,424.0,0.5254000425338745,2409
1114,41,2,26.355656026384874,0.5271131205276975,0.642820878692314,41,2,41,41,3,0.01822120414993833,424.0,0.6074999691918492,2409
1115,41,2,26.337434822234922,0.5267486964446985,0.6423764590789005,41,2,41,41,3,0.018221204149934778,424.0,0.6144999642856419,2409
1116,41,2,26.319213618084977,0.5263842723616995,0.6419320394654873,41,2,41,41,3,0.01822120414993833,424.0,0.9763999842107296,2409
1117,41,2,26.300992413935024,0.5260198482787005,0.6414876198520738,41,2,41,41,3,0.018221204149941883,424.0,0.6084000342525542,2409
1118,41,2,26.282771209785075,0.5256554241957015,0.6410432002386603,41,2,41,41,3,0.018221204149931225,424.0,0.5076000234112144,2409
1119,41,2,26.264550005635126,0.5252910001127025,0.640598780625247,41,2,41,41,3,0.018221204149934778,424.0,0.32919994555413723,2409
1120,41,2,26.246328801485177,0.5249265760297035,0.6401543610118335,41,2,41,41,3,0.01822120414993833,424.0,0.47199998516589403,2409
1121,41,2,26.228107597335228,0.5245621519467045,0.6397099413984202,41,2,41,41,3,0.018221204149941883,424.0,0.3912000101990998,2409
1122,41,2,26.209886393185275,0.5241977278637056,0.6392655217850067,41,2,41,41,3,0.018221204149931225,424.0,0.4957999917678535,2409
1123,41,2,26.19166518903533,0.5238333037807066,0.6388211021715934,41,2,41,41,3,0.018221204149934778,424.0,0.47800003085285425,2409
1124,41,2,26.17344398488538,0.5234688796977076,0.63837668255818,41,2,41,41,3,0.018221204149941883,424.0,0.6806000019423664,2409
1125,41,2,26.15522278073543,0.5231044556147085,0.6379322629447666,41,2,41,41,3,0.01822120414993833,424.0,0.464599987026304,2409
1126,41,2,26.137001576585483,0.5227400315317097,0.6374878433313531,41,2,41,41,3,0.018221204149934778,424.0,0.6280000088736415,2409
1127,41,2,26.118780372435534,0.5223756074487107,0.6370434237179398,41,2,41,41,3,0.018221204149934778,424.0,0.5758999614045024,2409
1128,41,2,26.100559168285578,0.5220111833657115,0.6365990041045264,41,2,41,41,3,0.01822120414993833,424.0,0.6322000408545136,2409
1129,41,2,26.08233796413563,0.5216467592827125,0.636154584491113,41,2,41,41,3,0.01822120414993833,424.0,0.6034999969415367,2409
1130,41,2,26.064116759985684,0.5212823351997137,0.6357101648776996,41,2,41,41,3,0.01822120414993833,424.0,0.6197000038810074,2409
1131,41,2,26.045895555835735,0.5209179111167147,0.6352657452642863,41,2,41,41,3,0.018221204149931225,424.0,0.4963999963365495,2409
1132,41,2,26.027674351685782,0.5205534870337156,0.6348213256508727,41,2,41,41,3,0.01822120414993833,424.0,0.633200048469007,2409
1133,41,2,26.00945314753583,0.5201890629507165,0.6343769060374592,41,2,41,41,3,0.018221204149941883,424.0,0.5233000265434384,2409
1134,41,2,25.991231943385884,0.5198246388677177,0.633932486424046,41,2,41,41,3,0.018221204149934778,424.0,0.6235000328160822,2409
1135,41,2,25.973010739235935,0.5194602147847187,0.6334880668106325,41,2,41,41,3,0.018221204149931225,424.0,0.5923000280745327,2409
1136,41,2,25.954789535085986,0.5190957907017197,0.6330436471972191,41,2,41,41,3,0.018221204149941883,424.0,0.4217000096105039,2409
1137,41,2,25.93656833093604,0.5187313666187208,0.6325992275838057,41,2,41,41,3,0.01822120414993833,424.0,0.5482000415213406,2409
1138,41,2,25.918347126786088,0.5183669425357218,0.6321548079703923,41,2,41,41,3,0.018221204149934778,424.0,0.4094999749213457,2409
1139,41,2,25.900125922636136,0.5180025184527227,0.6317103883569789,41,2,41,41,3,0.018221204149934778,424.0,0.5253999843262136,2409
1140,41,2,25.881904718486187,0.5176380943697237,0.6312659687435656,41,2,41,41,3,0.01822120414993833,424.0,0.6091000395826995,2409
1141,41,2,25.86368351433624,0.5172736702867248,0.6308215491301521,41,2,41,41,3,0.01822120414993833,424.0,0.6455000257119536,2409
1142,41,2,25.845462310186292,0.5169092462037258,0.6303771295167387,41,2,41,41,3,0.018221204149934778,424.0,0.47830003313720226,2409
1143,41,2,25.827241106036336,0.5165448221207267,0.6299327099033254,41,2,41,41,3,0.01822120414993833,424.0,0.547999981790781,2409
1144,41,2,25.809019901886387,0.5161803980377278,0.6294882902899119,41,2,41,41,3,0.018221204149934778,424.0,0.4488999838940799,2409
1145,41,2,25.790798697736438,0.5158159739547288,0.6290438706764986,41,2,41,41,3,0.01822120414993833,424.0,0.49179996130988,2409
1146,41,2,25.77257749358649,0.5154515498717298,0.6285994510630852,41,2,41,41,3,0.01822120414993833,424.0,0.49000000581145287,2409
1147,41,2,25.75435628943654,0.5150871257887308,0.6281550314496717,41,2,41,41,3,0.018221204149934778,424.0,0.5854999762959778,2409
1148,41,2,25.736135085286595,0.5147227017057319,0.6277106118362583,41,2,41,41,3,0.01822120414993833,424.0,0.8526999736204743,2409
1149,41,2,25.717913881136642,0.5143582776227329,0.627266192222845,41,2,41,41,3,0.01822120414993833,424.0,0.6064000190235674,2409
1150,41,2,25.69969267698669,0.5139938535397338,0.6268217726094315,41,2,41,41,3,0.018221204149934778,424.0,0.5869999877177179,2409
1151,41,2,25.68147147283674,0.5136294294567348,0.626377352996018,41,2,41,41,3,0.018221204149934778,424.0,0.5790999857708812,2409
1152,41,2,25.663250268686795,0.5132650053737359,0.6259329333826047,41,2,41,41,3,0.018221204149941883,424.0,0.6068000220693648,2409
1153,41,2,25.645029064536843,0.5129005812907369,0.6254885137691912,41,2,41,41,3,0.018221204149934778,424.0,0.5852000322192907,2409
1154,41,2,25.62680786038689,0.5125361572077378,0.6250440941557779,41,2,41,41,3,0.018221204149934778,424.0,0.5869999877177179,2409
1155,41,2,25.608586656236945,0.5121717331247388,0.6245996745423644,41,2,41,41,3,0.018221204149934778,424.0,0.6098999874666333,2409
1156,41,2,25.590365452086992,0.5118073090417399,0.6241552549289511,41,2,41,41,3,0.018221204149941883,424.0,0.5719000473618507,2409
1157,41,2,25.572144247937043,0.5114428849587409,0.6237108353155376,41,2,41,41,3,0.01822120414993833,424.0,0.6119000026956201,2409
1158,41,2,25.55392304378709,0.5110784608757418,0.623266415702124,41,2,41,41,3,0.018221204149931225,424.0,0.5892000044696033,2409
1159,41,2,25.53570183963714,0.5107140367927429,0.6228219960887108,41,2,41,41,3,0.01822120414993833,424.0,0.685799983330071,2409
1160,41,2,25.517480635487193,0.5103496127097439,0.6223775764752973,41,2,41,41,3,0.01822120414993833,424.0,0.5882999976165593,2409
1161,41,2,25.499259431337236,0.5099851886267447,0.6219331568618839,41,2,41,41,3,0.01822120414993833,424.0,0.5815000040456653,2409
1162,41,2,25.48103822718729,0.5096207645437458,0.6214887372484705,41,2,41,41,3,0.018221204149934778,424.0,0.5729999975301325,2409
1163,41,2,25.46281702303734,0.5092563404607467,0.6210443176350571,41,2,41,41,3,0.018221204149934778,424.0,0.5226999637670815,2409
1164,41,2,25.44459581888739,0.5088919163777478,0.6205998980216436,41,2,41,41,3,0.01822120414993833,424.0,0.6229999708011746,2409
1165,41,2,25.426374614737437,0.5085274922947487,0.6201554784082302,41,2,41,41,3,0.018221204149941883,424.0,0.5869999877177179,2409
1166,41,2,25.40815341058749,0.5081630682117498,0.6197110587948169,41,2,41,41,3,0.018221204149934778,424.0,0.6095000426284969,2409
1167,41,2,25.389932206437543,0.5077986441287509,0.6192666391814035,41,2,41,41,3,0.018221204149931225,424.0,0.6300000241026282,2409
1168,41,2,25.371711002287586,0.5074342200457518,0.6188222195679899,41,2,41,41,3,0.01822120414993833,424.0,0.5533999647013843,2409
1169,41,2,25.353489798137637,0.5070697959627527,0.6183777999545765,41,2,41,41,3,0.018221204149941883,424.0,0.9581999620422721,2409
1170,41,2,25.335268593987692,0.5067053718797538,0.6179333803411632,41,2,41,41,3,0.018221204149934778,424.0,0.8539000409655273,2409
1171,41,2,25.31704738983774,0.5063409477967548,0.6174889607277496,41,2,41,41,3,0.018221204149931225,424.0,1.7336999881081283,2409
1172,41,2,25.298826185687787,0.5059765237137558,0.6170445411143363,41,2,41,41,3,0.018221204149941883,424.0,0.521100009791553,2409
1173,41,2,25.28060498153784,0.5056120996307568,0.6166001215009229,41,2,41,41,3,0.01822120414993833,424.0,0.5011999746784568,2409
1174,41,2,25.262383777387893,0.5052476755477578,0.6161557018875095,41,2,41,41,3,0.018221204149934778,424.0,0.7236999808810651,2409
1175,41,2,25.244162573237936,0.5048832514647588,0.615711282274096,41,2,41,41,3,0.01822120414993833,424.0,0.5674000130966306,2409
1176,41,2,25.225941369087984,0.5045188273817597,0.6152668626606826,41,2,41,41,3,0.018221204149934778,424.0,0.41370000690221786,2409
1177,41,2,25.20772016493804,0.5041544032987608,0.6148224430472692,41,2,41,41,3,0.01822120414993833,424.0,0.3291000030003488,2409
1178,41,2,25.18949896078809,0.5037899792157617,0.6143780234338557,41,2,41,41,3,0.01822120414993833,424.0,0.3874999820254743,2409
1179,41,2,25.171277756638133,0.5034255551327627,0.6139336038204424,41,2,41,41,3,0.018221204149934778,424.0,0.6447000196203589,2409
1180,41,2,25.153056552488188,0.5030611310497638,0.613489184207029,41,2,41,41,3,0.018221204149934778,424.0,0.5270999972708523,2409
1181,41,2,25.13483534833824,0.5026967069667648,0.6130447645936156,41,2,41,41,3,0.018221204149941883,424.0,0.41259999852627516,2409
1182,41,2,25.11661414418829,0.5023322828837657,0.6126003449802021,41,2,41,41,3,0.018221204149934778,424.0,0.31079998007044196,2409
1183,41,2,25.098392940038337,0.5019678588007668,0.6121559253667888,41,2,41,41,3,0.018221204149934778,424.0,0.554199970792979,2409
1184,41,2,25.08017173588839,0.5016034347177678,0.6117115057533753,41,2,41,41,3,0.01822120414993833,424.0,0.4813999985344708,2409
1185,41,2,25.06195053173844,0.5012390106347688,0.6112670861399618,41,2,41,41,3,0.01822120414993833,424.0,0.5645999917760491,2409
1186,41,2,25.043729327588487,0.5008745865517698,0.6108226665265485,41,2,41,41,3,0.018221204149934778,424.0,0.5972000071778893,2409
1187,40,2,25.026026374716107,0.5005205274943222,0.6256506593679027,40,1,40,11,3,0.017702952872369337,234.0,0.6506999488919973,2409
1188,40,2,25.007532179484766,0.5001506435896953,0.6251883044871192,40,2,40,40,3,0.01849419523133733,414.0,0.567499955650419,2309
1189,40,2,24.98903798425343,0.4997807596850686,0.6247259496063358,40,2,40,40,3,0.018494195231330224,414.0,0.5933000356890261,2309
1190,40,2,24.97054378902209,0.49941087578044185,0.6242635947255523,40,2,40,40,3,0.018494195231333777,414.0,0.6252999883145094,2309
1191,40,2,24.95204959379075,0.499040991875815,0.6238012398447689,40,2,40,40,3,0.018494195231330224,414.0,0.6374000222422183,2309
1192,40,2,24.93355539855941,0.4986711079711882,0.6233388849639854,40,2,40,40,3,0.018494195231333777,414.0,0.3505999920889735,2309
1193,40,2,24.915061203328072,0.49830122406656147,0.6228765300832018,40,2,40,40,3,0.018494195231330224,414.0,0.3896999987773597,2309
1194,40,2,24.89656700809674,0.49793134016193474,0.6224141752024185,40,2,40,40,3,0.018494195231333777,414.0,0.40170003194361925,2309
1195,40,2,24.878072812865398,0.49756145625730797,0.621951820321635,40,2,40,40,3,0.018494195231333777,414.0,0.603299995418638,2309
1196,40,2,24.859578617634064,0.4971915723526813,0.6214894654408515,40,2,40,40,3,0.01849419523133733,414.0,0.7292000227607787,2309
1197,40,2,24.841084422402723,0.49682168844805447,0.6210271105600681,40,2,40,40,3,0.018494195231330224,414.0,0.5726999952457845,2309
1198,39,2,24.822756880042906,0.49645513760085813,0.6364809456421258,40,1,40,28,3,0.018327542359813265,574.0,0.5561999860219657,2309
1199,39,2,24.805076599258285,0.4961015319851657,0.6360276051091868,39,2,39,39,3,0.0176802807846137,404.0,0.6767000304535031,2214
1200,39,2,24.787396318473657,0.4957479263694731,0.6355742645762478,39,2,39,39,3,0.0176802807846137,404.0,0.5197999998927116,2214
1201,39,2,24.769716037689037,0.49539432075378076,0.6351209240433086,39,2,39,39,3,0.017680280784617253,404.0,0.6060000159777701,2214
1202,39,2,24.752035756904416,0.49504071513808834,0.6346675835103697,39,2,39,39,3,0.017680280784610147,404.0,1.018499955534935,2214
1203,39,2,24.734355476119795,0.4946871095223959,0.6342142429774307,39,2,39,39,3,0.017680280784606595,404.0,0.535300001502037,2214
1204,39,2,24.71667519533517,0.4943335039067034,0.6337609024444916,39,2,39,39,3,0.0176802807846137,404.0,0.4477999755181372,2214
1205,39,2,24.69899491455055,0.493979898291011,0.6333075619115526,39,2,39,39,3,0.017680280784617253,404.0,0.38029998540878296,2214
1206,39,2,24.681314633765933,0.49362629267531866,0.6328542213786137,39,2,39,39,3,0.017680280784610147,404.0,0.484099960885942,2214
1207,39,2,24.66363435298131,0.4932726870596262,0.6324008808456746,39,2,39,39,3,0.0176802807846137,404.0,0.5919000250287354,2214
1208,39,2,24.645954072196684,0.4929190814439337,0.6319475403127354,39,2,39,39,3,0.0176802807846137,404.0,0.603299995418638,2214
1209,39,2,24.62827379141206,0.4925654758282412,0.6314941997797963,39,2,39,39,3,0.017680280784617253,404.0,0.6345000001601875,2214
1210,39,2,24.610593510627442,0.49221187021254886,0.6310408592468575,39,2,39,39,3,0.017680280784610147,404.0,0.6000000284984708,2214
1211,39,2,24.592913229842818,0.49185826459685633,0.6305875187139184,39,2,39,39,3,0.0176802807846137,404.0,0.6134999566711485,2214
1212,39,2,24.575232949058194,0.49150465898116386,0.6301341781809794,39,2,39,39,3,0.0176802807846137,404.0,0.6028999923728406,2214
1213,39,2,24.557552668273573,0.49115105336547143,0.6296808376480403,39,2,39,39,3,0.017680280784617253,404.0,0.6166999810375273,2214
1214,39,2,24.539872387488952,0.490797447749779,0.6292274971151013,39,2,39,39,3,0.017680280784610147,404.0,0.9303999831900001,2214
1215,39,2,24.52219210670433,0.49044384213408665,0.6287741565821623,39,2,39,39,3,0.0176802807846137,404.0,0.5359999486245215,2214
1216,39,2,24.504511825919703,0.49009023651839406,0.6283208160492232,39,2,39,39,3,0.0176802807846137,404.0,0.6040000007487833,2214
1217,39,2,24.486831545135082,0.48973663090270164,0.6278674755162841,39,2,39,39,3,0.017680280784617253,404.0,0.5978000117465854,2214
1218,39,2,24.469151264350465,0.4893830252870093,0.6274141349833451,39,2,39,39,3,0.017680280784610147,404.0,0.658900011330843,2214
1219,39,2,24.45147098356584,0.4890294196713168,0.6269607944504061,39,2,39,39,3,0.0176802807846137,404.0,0.6701000384055078,2214
1220,39,2,24.433790702781216,0.4886758140556243,0.6265074539174671,39,2,39,39,3,0.017680280784610147,404.0,0.6225000252015889,2214
1221,39,2,24.416110421996596,0.4883222084399319,0.626054113384528,39,2,39,39,3,0.017680280784617253,404.0,0.59120001969859,2214
1222,39,2,24.398430141211975,0.4879686028242395,0.6256007728515891,39,2,39,39,3,0.017680280784610147,404.0,0.6075999699532986,2214
1223,39,2,24.38074986042735,0.487614997208547,0.6251474323186499,39,2,39,39,3,0.0176802807846137,404.0,0.6096000433899462,2214
1224,39,2,24.363069579642723,0.4872613915928545,0.6246940917857108,39,2,39,39,3,0.0176802807846137,404.0,0.9286999702453613,2214
1225,39,2,24.3453892988581,0.48690778597716206,0.6242407512527717,39,2,39,39,3,0.017680280784617253,404.0,0.5626999773085117,2214
1226,39,2,24.327709018073485,0.4865541803614697,0.6237874107198329,39,2,39,39,3,0.017680280784610147,404.0,0.8726000087335706,2214
1227,39,2,24.310028737288857,0.48620057474577716,0.6233340701868938,39,2,39,39,3,0.0176802807846137,404.0,0.4898000042885542,2214
1228,39,2,24.292348456504236,0.48584696913008474,0.6228807296539548,39,2,39,39,3,0.0176802807846137,404.0,0.6345000001601875,2214
1229,39,2,24.27466817571961,0.4854933635143922,0.6224273891210157,39,2,39,39,3,0.017680280784617253,404.0,0.5458999658003449,2214
1230,39,2,24.256987894934987,0.48513975789869973,0.6219740485880766,39,2,39,39,3,0.017680280784606595,404.0,0.5575999966822565,2214
1231,39,2,24.23930761415037,0.4847861522830074,0.6215207080551377,39,2,39,39,3,0.0176802807846137,404.0,0.6739000091329217,2214
1232,39,2,24.221627333365745,0.4844325466673149,0.6210673675221986,39,2,39,39,3,0.0176802807846137,404.0,0.5775000317953527,2214
1233,39,2,24.20394705258112,0.4840789410516224,0.6206140269892594,39,2,39,39,3,0.017680280784617253,404.0,0.6280000088736415,2214
1234,39,2,24.1862667717965,0.48372533543593,0.6201606864563204,39,2,39,39,3,0.017680280784610147,404.0,0.5658000009134412,2214
1235,39,2,24.168586491011876,0.4833717298202375,0.6197073459233814,39,2,39,39,3,0.0176802807846137,404.0,0.5054000066593289,2214
1236,39,2,24.150906210227255,0.4830181242045451,0.6192540053904424,39,2,39,39,3,0.017680280784610147,404.0,0.4675000091083348,2214
1237,39,2,24.13322592944263,0.4826645185888526,0.6188006648575034,39,2,39,39,3,0.017680280784617253,404.0,0.40040002204477787,2214
1238,39,2,24.11554564865801,0.4823109129731602,0.6183473243245644,39,2,39,39,3,0.017680280784610147,404.0,0.3034999826923013,2214
1239,39,2,24.097865367873386,0.4819573073574677,0.6178939837916253,39,2,39,39,3,0.0176802807846137,404.0,0.520500005222857,2214
1240,39,2,24.08018508708876,0.48160370174177525,0.6174406432586862,39,2,39,39,3,0.0176802807846137,404.0,0.560399959795177,2214
1241,39,2,24.062504806304137,0.4812500961260827,0.616987302725747,39,2,39,39,3,0.017680280784617253,404.0,0.7880000048317015,2214
1242,39,2,24.04482452551952,0.4808964905103904,0.6165339621928082,39,2,39,39,3,0.017680280784610147,404.0,0.5843999679200351,2214
1243,39,2,24.027144244734895,0.48054288489469793,0.6160806216598691,39,2,39,39,3,0.0176802807846137,404.0,0.5477000377140939,2214
1244,39,2,24.00946396395027,0.4801892792790054,0.6156272811269301,39,2,39,39,3,0.0176802807846137,404.0,0.6137000164017081,2214
1245,39,2,23.991783683165647,0.4798356736633129,0.6151739405939909,39,2,39,39,3,0.017680280784617253,404.0,0.5463000270538032,2214
1246,39,2,23.974103402381026,0.4794820680476205,0.6147206000610519,39,2,39,39,3,0.017680280784610147,404.0,0.617199984844774,2214
1247,39,2,23.956423121596405,0.4791284624319281,0.6142672595281129,39,2,39,39,3,0.0176802807846137,404.0,0.8777999901212752,2214
1248,39,2,23.93874284081178,0.4787748568162356,0.6138139189951739,39,2,39,39,3,0.0176802807846137,404.0,0.6988999666646123,2214
1249,39,2,23.92106256002716,0.4784212512005432,0.6133605784622348,39,2,39,39,3,0.017680280784617253,404.0,0.9615999879315495,2214
1250,39,2,23.90338227924254,0.47806764558485076,0.6129072379292958,39,2,39,39,3,0.017680280784610147,404.0,0.49080001190304756,2214
1251,39,2,23.885701998457915,0.4777140399691583,0.6124538973963567,39,2,39,39,3,0.017680280784610147,404.0,0.5148000200279057,2214
1252,39,2,23.868021717673294,0.47736043435346587,0.6120005568634176,39,2,39,39,3,0.0176802807846137,404.0,0.49840001156553626,2214
1253,39,2,23.85034143688867,0.4770068287377734,0.6115472163304787,39,2,39,39,3,0.017680280784617253,404.0,0.5500999977812171,2214
1254,39,2,23.83266115610405,0.47665322312208097,0.6110938757975397,39,2,39,39,3,0.017680280784610147,404.0,0.477299967315048,2214
1255,39,2,23.814980875319424,0.4762996175063885,0.6106405352646006,39,2,39,39,3,0.0176802807846137,404.0,0.7079000351950526,2214
1256,39,2,23.7973005945348,0.475946011890696,0.6101871947316615,39,2,39,39,3,0.017680280784610147,404.0,0.6176999886520207,2214
1257,39,2,23.77962031375018,0.4755924062750036,0.6097338541987225,39,2,39,39,3,0.017680280784617253,404.0,0.6047000060789287,2214
1258,39,2,23.76194003296556,0.4752388006593112,0.6092805136657836,39,2,39,39,3,0.017680280784610147,404.0,0.5972000071778893,2214
1259,39,2,23.744259752180938,0.47488519504361876,0.6088271731328445,39,2,39,39,3,0.0176802807846137,404.0,0.5675000138580799,2214
1260,39,2,23.72657947139631,0.47453158942792617,0.6083738325999055,39,2,39,39,3,0.0176802807846137,404.0,0.5719999899156392,2214
1261,39,2,23.70889919061169,0.47417798381223375,0.6079204920669663,39,2,39,39,3,0.017680280784617253,404.0,0.6634999881498516,2214
1262,39,2,23.691218909827068,0.4738243781965414,0.6074671515340274,39,2,39,39,3,0.017680280784610147,404.0,0.554799975361675,2214
1263,39,2,23.673538629042447,0.47347077258084896,0.6070138110010885,39,2,39,39,3,0.0176802807846137,404.0,0.5124000017531216,2214
1264,39,2,23.655858348257823,0.47311716696515643,0.6065604704681494,39,2,39,39,3,0.0176802807846137,404.0,0.5855999770574272,2214
1265,39,2,23.6381780674732,0.47276356134946396,0.6061071299352101,39,2,39,39,3,0.017680280784617253,404.0,0.8146000327542424,2214
1266,38,2,23.62274858191758,0.4724549716383516,0.6216512784715151,38,1,38,17,3,0.015429485555610967,354.0,0.7637999951839447,2214
1267,38,2,23.605127920764204,0.4721025584152841,0.621187576862216,38,2,38,38,3,0.017620661153365802,394.0,0.7489999989047647,2128
1268,38,2,23.58750725961083,0.47175014519221664,0.6207238752529166,38,2,38,38,3,0.017620661153369355,394.0,0.4659999976865947,2128
1269,38,2,23.569886598457458,0.47139773196914914,0.6202601736436172,38,2,38,38,3,0.017620661153369355,394.0,0.5406999844126403,2128
1270,38,2,23.552265937304078,0.4710453187460816,0.619796472034318,38,2,38,38,3,0.017620661153365802,394.0,0.506300013512373,2128
1271,38,2,23.534645276150712,0.47069290552301424,0.6193327704250187,38,2,38,38,3,0.01762066115336225,394.0,0.5844999686814845,2128
1272,38,2,23.517024614997336,0.47034049229994673,0.6188690688157192,38,2,38,38,3,0.017620661153372907,394.0,0.6991999689489603,2128
1273,38,2,23.49940395384396,0.4699880790768792,0.61840536720642,38,2,38,38,3,0.017620661153369355,394.0,0.8508999599143863,2128
1274,38,2,23.48178329269059,0.4696356658538118,0.6179416655971206,38,2,38,38,3,0.017620661153365802,394.0,0.5271999980323017,2128
1275,38,2,23.464162631537214,0.4692832526307443,0.6174779639878214,38,2,38,38,3,0.01762066115336225,394.0,0.5908999592065811,2128
1276,38,2,23.446541970383837,0.46893083940767677,0.617014262378522,38,2,38,38,3,0.017620661153369355,394.0,0.7539999787695706,2128
1277,38,2,23.42892130923047,0.46857842618460943,0.6165505607692229,38,2,38,38,3,0.017620661153369355,394.0,1.0523999808356166,2128
1278,38,2,23.41130064807709,0.4682260129615418,0.6160868591599235,38,2,38,38,3,0.01762066115336225,394.0,0.7169999880716205,2128
1279,38,2,23.39367998692372,0.46787359973847437,0.6156231575506242,38,2,38,38,3,0.017620661153365802,394.0,0.6508000078611076,2128
1280,38,2,23.376059325770342,0.46752118651540686,0.6151594559413248,38,2,38,38,3,0.017620661153372907,394.0,0.6101999897509813,2128
1281,38,2,23.358438664616973,0.46716877329233947,0.6146957543320255,38,2,38,38,3,0.017620661153365802,394.0,0.6349000032059848,2128
1282,38,2,23.3408180034636,0.466816360069272,0.6142320527227263,38,2,38,38,3,0.017620661153365802,394.0,0.6290000164881349,2128
1283,38,2,23.323197342310223,0.46646394684620446,0.613768351113427,38,2,38,38,3,0.017620661153365802,394.0,0.6092999828979373,2128
1284,38,2,23.30557668115685,0.466111533623137,0.6133046495041277,38,2,38,38,3,0.017620661153369355,394.0,0.6797999958507717,2128
1285,38,2,23.287956020003477,0.46575912040006956,0.6128409478948283,38,2,38,38,3,0.017620661153369355,394.0,0.582600012421608,2128
1286,38,2,23.270335358850097,0.46540670717700194,0.6123772462855289,38,2,38,38,3,0.017620661153365802,394.0,0.6766000296920538,2128
1287,38,2,23.25271469769673,0.4650542939539346,0.6119135446762298,38,2,38,38,3,0.01762066115336225,394.0,1.151900039985776,2128
1288,38,2,23.23509403654336,0.46470188073086716,0.6114498430669303,38,2,38,38,3,0.017620661153372907,394.0,0.46880001900717616,2128
1289,38,2,23.217473375389982,0.46434946750779965,0.610986141457631,38,2,38,38,3,0.017620661153369355,394.0,0.5870999884791672,2128
1290,38,2,23.19985271423661,0.4639970542847322,0.6105224398483318,38,2,38,38,3,0.017620661153365802,394.0,0.5920000257901847,2128
1291,38,2,23.182232053083236,0.46364464106166475,0.6100587382390326,38,2,38,38,3,0.017620661153358697,394.0,0.5528000183403492,2128
1292,38,2,23.164611391929856,0.46329222783859714,0.609595036629733,38,2,38,38,3,0.017620661153372907,394.0,0.5431000026874244,2128
1293,38,2,23.14699073077649,0.4629398146155298,0.6091313350204338,38,2,38,38,3,0.017620661153369355,394.0,0.5992000224068761,2128
1294,38,2,23.12937006962311,0.46258740139246224,0.6086676334111346,38,2,38,38,3,0.01762066115336225,394.0,0.5650999955832958,2128
1295,38,2,23.111749408469738,0.46223498816939473,0.6082039318018352,38,2,38,38,3,0.017620661153365802,394.0,0.5571999936364591,2128
1296,38,2,23.09412874731636,0.46188257494632723,0.6077402301925359,38,2,38,38,3,0.017620661153372907,394.0,0.6445000180974603,2128
1297,38,2,23.076508086162992,0.46153016172325984,0.6072765285832367,38,2,38,38,3,0.017620661153365802,394.0,0.6040000007487833,2128
1298,38,2,23.05888742500962,0.4611777485001924,0.6068128269739372,38,2,38,38,3,0.017620661153365802,394.0,0.603299995418638,2128
1299,38,2,23.041266763856243,0.4608253352771248,0.606349125364638,38,2,38,38,3,0.017620661153365802,394.0,0.5453000194393098,2128
1300,38,2,23.02364610270287,0.4604729220540574,0.6058854237553387,38,2,38,38,3,0.017620661153369355,394.0,0.5664000054821372,2128
1301,38,2,23.006025441549497,0.4601205088309899,0.6054217221460393,38,2,38,38,3,0.017620661153369355,394.0,0.6284000119194388,2128
1302,38,2,22.988404780396117,0.4597680956079223,0.60495802053674,38,2,38,38,3,0.017620661153365802,394.0,0.6217000191099942,2128
1303,38,2,22.97078411924275,0.45941568238485503,0.6044943189274408,38,2,38,38,3,0.01762066115336225,394.0,0.6372000207193196,2128
1304,38,2,22.95316345808937,0.4590632691617874,0.6040306173181413,38,2,38,38,3,0.017620661153372907,394.0,0.6199000054039061,2128
1305,38,2,22.935542796935998,0.45871085593871996,0.6035669157088419,38,2,38,38,3,0.017620661153369355,394.0,0.61779998941347,2128
1306,38,2,22.917922135782625,0.4583584427156525,0.6031032140995427,38,2,38,38,3,0.01762066115336225,394.0,0.678699987474829,2128
1307,38,2,22.90030147462925,0.45800602949258495,0.6026395124902435,38,2,38,38,3,0.01762066115336225,394.0,0.5019999807700515,2128
1308,38,2,22.882680813475872,0.45765361626951745,0.602175810880944,38,2,38,38,3,0.017620661153372907,394.0,0.5900999531149864,2128
1309,38,2,22.865060152322503,0.45730120304645006,0.6017121092716448,38,2,38,38,3,0.017620661153369355,394.0,0.6073000258766115,2128
1310,38,2,22.84743949116913,0.4569487898233826,0.6012484076623453,38,2,38,38,3,0.01762066115336225,394.0,0.5831000162288547,2128
1311,38,2,22.82981883001575,0.456596376600315,0.6007847060530461,38,2,38,38,3,0.017620661153365802,394.0,0.5431000026874244,2128
1312,38,2,22.81219816886238,0.4562439633772476,0.6003210044437467,38,2,38,38,3,0.017620661153372907,394.0,0.5487999878823757,2128
1313,38,2,22.794577507709004,0.4558915501541801,0.5998573028344474,38,2,38,38,3,0.017620661153365802,394.0,0.7008000393398106,2128
1314,38,2,22.776956846555628,0.45553913693111253,0.5993936012251482,38,2,38,38,3,0.017620661153365802,394.0,0.6275000050663948,2128
1315,38,2,22.759336185402258,0.45518672370804514,0.5989298996158489,38,2,38,38,3,0.017620661153365802,394.0,0.5973999504931271,2128
1316,38,2,22.74171552424888,0.45483431048497763,0.5984661980065495,38,2,38,38,3,0.017620661153369355,394.0,0.6000000284984708,2128
1317,38,2,22.72409486309551,0.4544818972619102,0.5980024963972501,38,2,38,38,3,0.017620661153369355,394.0,0.805900024715811,2128
1318,38,2,22.70647420194213,0.45412948403884257,0.5975387947879508,38,2,38,38,3,0.017620661153365802,394.0,0.5914999637752771,2128
1319,38,2,22.68885354078876,0.4537770708157752,0.5970750931786517,38,2,38,38,3,0.01762066115336225,394.0,0.6082999752834439,2128
1320,38,2,22.671232879635383,0.45342465759270767,0.5966113915693521,38,2,38,38,3,0.017620661153372907,394.0,0.6009999779053032,2128
1321,38,2,22.65361221848201,0.4530722443696402,0.5961476899600529,38,2,38,38,3,0.017620661153365802,394.0,0.6256999913603067,2128
1322,38,2,22.635991557328634,0.45271983114657266,0.5956839883507535,38,2,38,38,3,0.017620661153365802,394.0,0.6067000213079154,2128
1323,38,2,22.61837089617526,0.4523674179235052,0.5952202867414542,38,2,38,38,3,0.01762066115336225,394.0,0.60299999313429,2128
1324,38,2,22.600750235021884,0.4520150047004377,0.5947565851321548,38,2,38,38,3,0.017620661153372907,394.0,0.6074000266380608,2128
1325,38,2,22.583129573868515,0.4516625914773703,0.5942928835228557,38,2,38,38,3,0.017620661153369355,394.0,0.645900028757751,2128
1326,38,2,22.56550891271514,0.45131017825430275,0.5938291819135563,38,2,38,38,3,0.01762066115336225,394.0,0.540899985935539,2128
1327,38,2,22.547888251561762,0.45095776503123525,0.5933654803042568,38,2,38,38,3,0.017620661153365802,394.0,0.5658000009134412,2128
1328,38,2,22.530267590408386,0.4506053518081677,0.5929017786949575,38,2,38,38,3,0.017620661153372907,394.0,0.9362000273540616,2128
1329,38,2,22.512646929255016,0.45025293858510035,0.5924380770856582,38,2,38,38,3,0.017620661153365802,394.0,0.5321000353433192,2128
1330,38,2,22.495026268101643,0.44990052536203284,0.5919743754763589,38,2,38,38,3,0.017620661153365802,394.0,0.5021000397391617,2128
1331,38,2,22.477405606948267,0.44954811213896534,0.5915106738670598,38,2,38,38,3,0.017620661153365802,394.0,0.9488000068813562,2128
1332,38,2,22.459784945794894,0.4491956989158979,0.5910469722577604,38,2,38,38,3,0.017620661153369355,394.0,0.4724000464193523,2128
1333,38,2,22.44216428464152,0.44884328569283044,0.590583270648461,38,2,38,38,3,0.017620661153369355,394.0,0.622799969278276,2128
1334,38,2,22.42454362348814,0.4484908724697628,0.5901195690391616,38,2,38,38,3,0.017620661153365802,394.0,0.5242000333964825,2128
1335,38,2,22.40692296233477,0.44813845924669543,0.5896558674298624,38,2,38,38,3,0.01762066115336225,394.0,0.49840001156553626,2128
1336,38,2,22.389302301181395,0.4477860460236279,0.589192165820563,38,2,38,38,3,0.017620661153369355,394.0,0.582000007852912,2128
1337,38,2,22.371681640028022,0.4474336328005604,0.5887284642112636,38,2,38,38,3,0.017620661153369355,394.0,0.40359998820349574,2128
1338,38,2,22.354060978874646,0.4470812195774929,0.5882647626019644,38,2,38,38,3,0.017620661153365802,394.0,0.37429999792948365,2128
1339,38,2,22.336440317721273,0.44672880635442547,0.587801060992665,38,2,38,38,3,0.01762066115336225,394.0,0.8963000145740807,2128
1340,38,2,22.318819656567896,0.4463763931313579,0.5873373593833656,38,2,38,38,3,0.017620661153372907,394.0,1.0375999845564365,2128
1341,38,2,22.301198995414527,0.44602397990829057,0.5868736577740665,38,2,38,38,3,0.017620661153369355,394.0,0.5506000015884638,2128
1342,38,2,22.28357833426115,0.445671566685223,0.586409956164767,38,2,38,38,3,0.01762066115336225,394.0,0.5185999907553196,2128
1343,38,2,22.265957673107774,0.4453191534621555,0.5859462545554678,38,2,38,38,3,0.017620661153365802,394.0,0.604800006840378,2128
1344,38,2,22.248337011954398,0.44496674023908794,0.5854825529461684,38,2,38,38,3,0.017620661153372907,394.0,0.6169000407680869,2128
1345,38,2,22.23071635080103,0.44461432701602055,0.585018851336869,38,2,38,38,3,0.017620661153365802,394.0,0.6405999884009361,2128
1346,38,2,22.213095689647655,0.4442619137929531,0.5845551497275698,38,2,38,38,3,0.017620661153365802,394.0,0.6641999934799969,2128
1347,38,2,22.19547502849428,0.4439095005698856,0.5840914481182705,38,2,38,38,3,0.017620661153365802,394.0,0.5893999477848411,2128
1348,38,2,22.177854367340906,0.44355708734681815,0.5836277465089712,38,2,38,38,3,0.017620661153369355,394.0,0.560399959795177,2128
1349,38,2,22.160233706187533,0.44320467412375064,0.5831640448996719,38,2,38,38,3,0.017620661153369355,394.0,0.6284000119194388,2128
1350,38,2,22.142613045034153,0.4428522609006831,0.5827003432903725,38,2,38,38,3,0.017620661153365802,394.0,0.6046000053174794,2128
1351,38,2,22.124992383880784,0.4424998476776157,0.5822366416810734,38,2,38,38,3,0.01762066115336225,394.0,0.7711999933235347,2128
1352,38,2,22.10737172272741,0.44214743445454824,0.5817729400717738,38,2,38,38,3,0.017620661153369355,394.0,0.6099999882280827,2128
1353,38,2,22.089751061574034,0.4417950212314807,0.5813092384624745,38,2,38,38,3,0.017620661153369355,394.0,0.5990000208839774,2128
1354,37,2,22.076321438074775,0.4415264287614955,0.596657336164183,37,1,37,17,3,0.013429623499256138,354.0,0.6306000286713243,2128
1355,37,2,22.059196280502146,0.44118392561004294,0.5961944940676256,37,2,37,37,3,0.017125157572621674,384.0,0.5719999899156392,2042
1356,37,2,22.04207112292952,0.4408414224585904,0.5957316519710683,37,2,37,37,3,0.017125157572621674,384.0,0.6572999991476536,2042
1357,37,2,22.0249459653569,0.44049891930713797,0.5952688098745108,37,2,37,37,3,0.017125157572621674,384.0,0.5743000074289739,2042
1358,37,2,22.007820807784274,0.44015641615568546,0.5948059677779532,37,2,37,37,3,0.01712515757261812,384.0,0.5753000150434673,2042
1359,37,2,21.990695650211645,0.4398139130042329,0.5943431256813957,37,2,37,37,3,0.01712515757261812,384.0,0.576100021135062,2042
1360,37,2,21.97357049263902,0.4394714098527804,0.5938802835848384,37,2,37,37,3,0.017125157572621674,384.0,0.6134000141173601,2042
1361,37,2,21.95644533506639,0.4391289067013278,0.5934174414882808,37,2,37,37,3,0.017125157572621674,384.0,0.6065000197850168,2042
1362,37,2,21.939320177493766,0.4387864035498753,0.5929545993917235,37,2,37,37,3,0.017125157572621674,384.0,0.5509000038728118,2042
1363,37,2,21.922195019921137,0.43844390039842274,0.592491757295166,37,2,37,37,3,0.01712515757261812,384.0,0.45680004404857755,2042
1364,37,2,21.90506986234852,0.4381013972469704,0.5920289151986086,37,2,37,37,3,0.017125157572621674,384.0,0.45329995919018984,2042
1365,37,2,21.88794470477589,0.4377588940955178,0.5915660731020509,37,2,37,37,3,0.01712515757261812,384.0,0.5827000131830573,2042
1366,37,2,21.87081954720326,0.4374163909440652,0.5911032310054934,37,2,37,37,3,0.017125157572621674,384.0,0.5690999678336084,2042
1367,37,2,21.85369438963064,0.4370738877926128,0.5906403889089362,37,2,37,37,3,0.017125157572621674,384.0,0.7162999827414751,2042
1368,37,2,21.83656923205801,0.43673138464116024,0.5901775468123787,37,2,37,37,3,0.01712515757261812,384.0,0.5651999963447452,2042
1369,37,2,21.819444074485382,0.43638888148970767,0.589714704715821,37,2,37,37,3,0.017125157572621674,384.0,0.5379999638535082,2042
1370,37,2,21.802318916912757,0.43604637833825516,0.5892518626192637,37,2,37,37,3,0.01712515757261812,384.0,0.5572999943979084,2042
1371,37,2,21.78519375934013,0.43570387518680265,0.5887890205227062,37,2,37,37,3,0.017125157572621674,384.0,0.5245999782346189,2042
1372,37,2,21.768068601767503,0.4353613720353501,0.5883261784261488,37,2,37,37,3,0.017125157572621674,384.0,0.5363000091165304,2042
1373,37,2,21.75094344419488,0.4350188688838976,0.5878633363295913,37,2,37,37,3,0.017125157572621674,384.0,0.6278000073507428,2042
1374,37,2,21.733818286622256,0.4346763657324451,0.5874004942330339,37,2,37,37,3,0.01712515757261812,384.0,0.8526000310666859,2042
1375,37,2,21.716693129049627,0.43433386258099255,0.5869376521364763,37,2,37,37,3,0.01712515757261812,384.0,0.6473999819718301,2042
1376,37,2,21.699567971477002,0.43399135942954004,0.586474810039919,37,2,37,37,3,0.017125157572621674,384.0,0.5394000327214599,2042
1377,37,2,21.682442813904373,0.43364885627808747,0.5860119679433615,37,2,37,37,3,0.017125157572621674,384.0,0.4517999477684498,2042
1378,37,2,21.665317656331748,0.43330635312663496,0.5855491258468041,37,2,37,37,3,0.017125157572621674,384.0,0.8466000435873866,2042
1379,37,2,21.64819249875912,0.4329638499751824,0.5850862837502465,37,2,37,37,3,0.01712515757261812,384.0,0.5104999872855842,2042
1380,37,2,21.631067341186498,0.43262134682372994,0.5846234416536891,37,2,37,37,3,0.017125157572621674,384.0,0.47939998330548406,2042
1381,37,2,21.613942183613872,0.4322788436722774,0.5841605995571315,37,2,37,37,3,0.01712515757261812,384.0,0.4602000117301941,2042
1382,37,2,21.596817026041244,0.43193634052082486,0.5836977574605742,37,2,37,37,3,0.017125157572621674,384.0,0.44329999946057796,2042
1383,37,2,21.579691868468622,0.43159383736937246,0.583234915364017,37,2,37,37,3,0.017125157572621674,384.0,0.49920001765713096,2042
1384,37,2,21.562566710895993,0.43125133421791984,0.5827720732674593,37,2,37,37,3,0.01712515757261812,384.0,0.5107999895699322,2042
1385,37,2,21.545441553323364,0.43090883106646727,0.5823092311709017,37,2,37,37,3,0.017125157572621674,384.0,0.6556000444106758,2042
1386,37,2,21.52831639575074,0.43056632791501476,0.5818463890743443,37,2,37,37,3,0.01712515757261812,384.0,0.5006999708712101,2042
1387,37,2,21.511191238178114,0.4302238247635623,0.5813835469777867,37,2,37,37,3,0.017125157572621674,384.0,0.5880999960936606,2042
1388,37,2,21.494066080605485,0.4298813216121097,0.5809207048812294,37,2,37,37,3,0.017125157572621674,384.0,0.5714999861083925,2042
1389,37,2,21.476940923032863,0.4295388184606573,0.5804578627846719,37,2,37,37,3,0.017125157572621674,384.0,0.6404000450856984,2042
1390,37,2,21.459815765460238,0.42919631530920477,0.5799950206881146,37,2,37,37,3,0.01712515757261812,384.0,0.5901000113226473,2042
1391,37,2,21.44269060788761,0.4288538121577522,0.579532178591557,37,2,37,37,3,0.01712515757261812,384.0,0.6114999996498227,2042
1392,37,2,21.425565450314984,0.4285113090062997,0.5790693364949996,37,2,37,37,3,0.017125157572621674,384.0,0.6972000119276345,2042
1393,37,2,21.408440292742355,0.4281688058548471,0.578606494398442,37,2,37,37,3,0.017125157572621674,384.0,0.5932999774813652,2042
1394,37,2,21.39131513516973,0.4278263027033946,0.5781436523018846,37,2,37,37,3,0.017125157572621674,384.0,0.49729994498193264,2042
1395,37,2,21.3741899775971,0.42748379955194205,0.577680810205327,37,2,37,37,3,0.01712515757261812,384.0,0.5710999830625951,2042
1396,37,2,21.357064820024476,0.42714129640048953,0.5772179681087697,37,2,37,37,3,0.017125157572621674,384.0,0.4972000024281442,2042
1397,37,2,21.339939662451854,0.4267987932490371,0.5767551260122121,37,2,37,37,3,0.01712515757261812,384.0,0.582600012421608,2042
1398,37,2,21.322814504879222,0.42645629009758446,0.5762922839156547,37,2,37,37,3,0.017125157572621674,384.0,0.5409000441431999,2042
1399,37,2,21.3056893473066,0.426113786946132,0.5758294418190975,37,2,37,37,3,0.017125157572621674,384.0,0.5924999713897705,2042
1400,37,2,21.288564189733975,0.4257712837946795,0.5753665997225399,37,2,37,37,3,0.01712515757261812,384.0,0.6070000235922635,2042
1401,37,2,21.271439032161346,0.4254287806432269,0.5749037576259822,37,2,37,37,3,0.017125157572621674,384.0,0.5717999883927405,2042
1402,37,2,21.25431387458872,0.4250862774917744,0.5744409155294248,37,2,37,37,3,0.01712515757261812,384.0,0.5999999702908099,2042
1403,37,2,21.237188717016092,0.42474377434032184,0.5739780734328673,37,2,37,37,3,0.017125157572621674,384.0,0.5940999835729599,2042
1404,37,2,21.220063559443464,0.4244012711888693,0.5735152313363099,37,2,37,37,3,0.017125157572621674,384.0,0.5962000577710569,2042
1405,37,2,21.202938401870846,0.42405876803741693,0.5730523892397525,37,2,37,37,3,0.017125157572621674,384.0,0.5703999777324498,2042
1406,37,2,21.185813244298217,0.4237162648859643,0.5725895471431951,37,2,37,37,3,0.01712515757261812,384.0,0.4881999921053648,2042
1407,37,2,21.168688086725588,0.42337376173451174,0.5721267050466375,37,2,37,37,3,0.01712515757261812,384.0,0.46529999235644937,2042
1408,37,2,21.151562929152966,0.42303125858305934,0.5716638629500802,37,2,37,37,3,0.017125157572621674,384.0,0.6626999820582569,2042
1409,37,2,21.134437771580338,0.4226887554316068,0.5712010208535226,37,2,37,37,3,0.01712515757261812,384.0,0.3937000292353332,2042
1410,37,2,21.117312614007712,0.42234625228015427,0.5707381787569652,37,2,37,37,3,0.017125157572625227,384.0,0.5288999527692795,2042
1411,37,2,21.100187456435084,0.42200374912870164,0.5702753366604076,37,2,37,37,3,0.01712515757261812,384.0,0.5835999618284404,2042
1412,37,2,21.08306229886246,0.4216612459772492,0.5698124945638503,37,2,37,37,3,0.017125157572621674,384.0,0.5446000141091645,2042
1413,37,2,21.06593714128983,0.42131874282579657,0.5693496524672927,37,2,37,37,3,0.01712515757261812,384.0,0.5667000077664852,2042
1414,37,2,21.0488119837172,0.420976239674344,0.5688868103707353,37,2,37,37,3,0.017125157572621674,384.0,0.47879997873678803,2042
1415,37,2,21.031686826144583,0.42063373652289165,0.568423968274178,37,2,37,37,3,0.017125157572621674,384.0,0.4254000377841294,2042
1416,37,2,21.014561668571957,0.42029123337143914,0.5679611261776205,37,2,37,37,3,0.01712515757261812,384.0,0.5448000156320632,2042
1417,37,2,20.99743651099933,0.4199487302199866,0.567498284081063,37,2,37,37,3,0.017125157572621674,384.0,0.5674000130966306,2042
1418,37,2,20.9803113534267,0.419606227068534,0.5670354419845055,37,2,37,37,3,0.01712515757261812,384.0,0.624599982984364,2042
1419,36,2,20.96506798341191,0.41930135966823817,0.5823629995392197,36,1,36,18,3,0.015243370014793811,374.0,0.4825000069104135,2042
1420,36,2,20.948551956083147,0.41897103912166295,0.5819042210023097,36,2,36,36,3,0.016516027328751903,374.0,0.5955000524409115,1950
1421,36,2,20.93203592875439,0.41864071857508783,0.5814454424653998,36,2,36,36,3,0.016516027328755456,374.0,0.61039999127388,1946
1422,36,2,20.915519901425625,0.4183103980285125,0.5809866639284896,36,2,36,36,3,0.016516027328755456,374.0,0.5792999872937799,1946
1423,36,2,20.89900387409687,0.4179800774819374,0.5805278853915797,36,2,36,36,3,0.016516027328751903,374.0,0.7405999931506813,1946
1424,36,2,20.88248784676811,0.4176497569353622,0.5800691068546697,36,2,36,36,3,0.016516027328751903,374.0,0.5094999796710908,1946
1425,36,2,20.865971819439352,0.41731943638878705,0.5796103283177598,36,2,36,36,3,0.016516027328755456,374.0,0.589100003708154,1946
1426,36,2,20.849455792110593,0.4169891158422119,0.5791515497808498,36,2,36,36,3,0.016516027328751903,374.0,0.5307999672368169,1946
1427,36,2,20.832939764781834,0.41665879529563665,0.5786927712439398,36,2,36,36,3,0.016516027328751903,374.0,0.6990000256337225,1946
1428,36,2,20.81642373745307,0.41632847474906143,0.5782339927070298,36,2,36,36,3,0.016516027328751903,374.0,0.4926000256091356,1946
1429,36,2,20.799907710124312,0.41599815420248626,0.5777752141701198,36,2,36,36,3,0.016516027328755456,374.0,0.6192000000737607,1946
1430,36,2,20.783391682795557,0.41566783365591115,0.5773164356332099,36,2,36,36,3,0.016516027328755456,374.0,0.5200000014156103,1946
1431,36,2,20.766875655466794,0.41533751310933587,0.5768576570963,36,2,36,36,3,0.016516027328751903,374.0,0.5473000346682966,1946
1432,36,2,20.750359628138032,0.41500719256276064,0.57639887855939,36,2,36,36,3,0.016516027328751903,374.0,0.5305999657139182,1946
1433,36,2,20.733843600809276,0.4146768720161855,0.5759401000224798,36,2,36,36,3,0.016516027328755456,374.0,0.525799987372011,1946
1434,36,2,20.717327573480514,0.4143465514696103,0.57548132148557,36,2,36,36,3,0.016516027328751903,374.0,0.5185999907553196,1946
1435,36,2,20.700811546151762,0.41401623092303524,0.57502254294866,36,2,36,36,3,0.016516027328751903,374.0,0.5821000086143613,1946
1436,36,2,20.684295518822996,0.4136859103764599,0.5745637644117499,36,2,36,36,3,0.016516027328751903,374.0,0.5650999955832958,1946
1437,36,2,20.667779491494244,0.41335558982988485,0.5741049858748399,36,2,36,36,3,0.016516027328755456,374.0,0.5640999879688025,1946
1438,36,2,20.65126346416548,0.4130252692833096,0.57364620733793,36,2,36,36,3,0.016516027328755456,374.0,0.6099000456742942,1946
1439,36,2,20.63474743683672,0.4126949487367344,0.57318742880102,36,2,36,36,3,0.016516027328751903,374.0,0.5533999647013843,1946
1440,36,2,20.618231409507963,0.4123646281901593,0.57272865026411,36,2,36,36,3,0.016516027328751903,374.0,0.5471999756991863,1946
1441,36,2,20.601715382179204,0.41203430764358406,0.5722698717272002,36,2,36,36,3,0.016516027328755456,374.0,0.6066000205464661,1946
1442,36,2,20.58519935485044,0.41170398709700884,0.57181109319029,36,2,36,36,3,0.016516027328751903,374.0,0.573999946936965,1946
1443,36,2,20.568683327521686,0.4113736665504337,0.5713523146533802,36,2,36,36,3,0.016516027328751903,374.0,0.609199982136488,1946
1444,36,2,20.552167300192924,0.4110433460038585,0.5708935361164701,36,2,36,36,3,0.016516027328751903,374.0,0.7786999922245741,1946
1445,36,2,20.535651272864165,0.4107130254572833,0.5704347575795601,36,2,36,36,3,0.016516027328755456,374.0,0.6199000054039061,1946
1446,36,2,20.519135245535406,0.4103827049107081,0.5699759790426502,36,2,36,36,3,0.016516027328755456,374.0,0.5463000270538032,1946
1447,36,2,20.502619218206647,0.41005238436413294,0.5695172005057403,36,2,36,36,3,0.016516027328751903,374.0,0.5552999791689217,1946
1448,36,2,20.486103190877884,0.40972206381755766,0.5690584219688302,36,2,36,36,3,0.016516027328751903,374.0,0.5947999889031053,1946
1449,36,2,20.46958716354913,0.4093917432709826,0.5685996434319203,36,2,36,36,3,0.016516027328755456,374.0,0.5434000049717724,1946
1450,36,2,20.45307113622037,0.4090614227244074,0.5681408648950101,36,2,36,36,3,0.016516027328751903,374.0,0.6020000437274575,1946
1451,36,2,20.43655510889161,0.4087311021778322,0.5676820863581002,36,2,36,36,3,0.016516027328751903,374.0,0.615999975707382,1946
1452,36,2,20.420039081562848,0.408400781631257,0.5672233078211903,36,2,36,36,3,0.016516027328751903,374.0,0.5691000260412693,1946
1453,36,2,20.403523054234096,0.4080704610846819,0.5667645292842803,36,2,36,36,3,0.016516027328755456,374.0,0.6000999710522592,1946
1454,36,2,20.38700702690533,0.4077401405381066,0.5663057507473703,36,2,36,36,3,0.016516027328755456,374.0,0.74230000609532,1946
1455,36,2,20.37049099957657,0.4074098199915314,0.5658469722104603,36,2,36,36,3,0.016516027328751903,374.0,0.5164999747648835,1946
1456,36,2,20.353974972247816,0.4070794994449563,0.5653881936735503,36,2,36,36,3,0.016516027328751903,374.0,0.47770002856850624,1946
1457,36,2,20.337458944919053,0.4067491788983811,0.5649294151366404,36,2,36,36,3,0.016516027328755456,374.0,0.5933999782428145,1946
1458,36,2,20.320942917590298,0.40641885835180597,0.5644706365997304,36,2,36,36,3,0.016516027328751903,374.0,0.5651999963447452,1946
1459,36,2,20.30442689026154,0.4060885378052308,0.5640118580628205,36,2,36,36,3,0.016516027328751903,374.0,0.6687999702990055,1946
1460,36,2,20.287910862932776,0.4057582172586555,0.5635530795259104,36,2,36,36,3,0.016516027328751903,374.0,0.3621999640017748,1946
1461,36,2,20.27139483560402,0.4054278967120804,0.5630943009890005,36,2,36,36,3,0.016516027328755456,374.0,0.3149000112898648,1946
1462,36,2,20.254878808275254,0.40509757616550507,0.5626355224520906,36,2,36,36,3,0.016516027328755456,374.0,0.623399973846972,1946
1463,36,2,20.2383627809465,0.40476725561892996,0.5621767439151806,36,2,36,36,3,0.016516027328751903,374.0,0.44899998465552926,1946
1464,36,2,20.22184675361774,0.4044369350723548,0.5617179653782707,36,2,36,36,3,0.016516027328751903,374.0,0.44430000707507133,1946
1465,36,2,20.205330726288977,0.40410661452577956,0.5612591868413604,36,2,36,36,3,0.016516027328755456,374.0,0.519900000654161,1946
1466,36,2,20.188814698960222,0.40377629397920445,0.5608004083044507,36,2,36,36,3,0.016516027328751903,374.0,0.6043000030331314,1946
1467,36,2,20.172298671631463,0.4034459734326293,0.5603416297675406,36,2,36,36,3,0.016516027328751903,374.0,0.5866000428795815,1946
1468,36,2,20.155782644302704,0.40311565288605405,0.5598828512306306,36,2,36,36,3,0.016516027328751903,374.0,0.5582999438047409,1946
1469,36,2,20.139266616973945,0.4027853323394789,0.5594240726937207,36,2,36,36,3,0.016516027328755456,374.0,0.6028999923728406,1946
1470,36,2,20.122750589645186,0.4024550117929037,0.5589652941568107,36,2,36,36,3,0.016516027328755456,374.0,0.4186000442132354,1946
1471,36,2,20.106234562316427,0.40212469124632855,0.5585065156199006,36,2,36,36,3,0.016516027328751903,374.0,0.49589999252930284,1946
1472,36,2,20.089718534987664,0.40179437069975327,0.5580477370829906,36,2,36,36,3,0.016516027328751903,374.0,0.5046000005677342,1946
1473,36,2,20.073202507658905,0.4014640501531781,0.5575889585460808,36,2,36,36,3,0.016516027328755456,374.0,0.6244999822229147,1946
1474,36,2,20.056686480330143,0.4011337296066029,0.5571301800091706,36,2,36,36,3,0.016516027328751903,374.0,0.4594000056385994,1946
1475,36,2,20.040170453001387,0.40080340906002776,0.5566714014722609,36,2,36,36,3,0.016516027328751903,374.0,0.6735999486409128,1946
1476,36,2,20.02365442567263,0.4004730885134526,0.5562126229353507,36,2,36,36,3,0.016516027328751903,374.0,0.5314999725669622,1946
1477,36,2,20.00713839834387,0.40014276796687737,0.5557538443984408,36,2,36,36,3,0.016516027328755456,374.0,0.6754999631084502,1946
1478,36,2,19.990622371015107,0.39981244742030214,0.5552950658615309,36,2,36,36,3,0.016516027328755456,374.0,0.5701000336557627,1946
1479,36,2,19.974106343686348,0.399482126873727,0.554836287324621,36,2,36,36,3,0.016516027328751903,374.0,0.561900029424578,1946
1480,36,2,19.95759031635759,0.39915180632715175,0.5543775087877107,36,2,36,36,3,0.016516027328751903,374.0,0.6738000083714724,1946
1481,36,2,19.94107428902883,0.3988214857805766,0.5539187302508009,36,2,36,36,3,0.016516027328755456,374.0,0.4896000027656555,1946
1482,36,2,19.92455826170007,0.3984911652340014,0.5534599517138908,36,2,36,36,3,0.016516027328751903,374.0,0.5836000200361013,1946
1483,36,2,19.90804223437131,0.39816084468742624,0.5530011731769808,36,2,36,36,3,0.016516027328751903,374.0,0.602699990849942,1946
1484,36,2,19.89152620704255,0.39783052414085096,0.5525423946400708,36,2,36,36,3,0.016516027328751903,374.0,0.576100021135062,1946
1485,36,2,19.875010179713794,0.39750020359427585,0.5520836161031609,36,2,36,36,3,0.016516027328755456,374.0,0.692899979185313,1946
1486,36,2,19.85849415238503,0.3971698830477006,0.5516248375662509,36,2,36,36,3,0.016516027328755456,374.0,0.5046000005677342,1946
1487,36,2,19.841978125056272,0.39683956250112545,0.5511660590293409,36,2,36,36,3,0.016516027328751903,374.0,0.5922000273130834,1946
1488,36,2,19.825462097727517,0.39650924195455034,0.5507072804924309,36,2,36,36,3,0.016516027328751903,374.0,0.59120001969859,1946
1489,36,2,19.808946070398754,0.39617892140797506,0.550248501955521,36,2,36,36,3,0.016516027328755456,374.0,0.6186000537127256,1946
1490,36,2,19.79243004306999,0.39584860086139984,0.549789723418611,36,2,36,36,3,0.016516027328751903,374.0,0.6839999696239829,1946
1491,36,2,19.775914015741233,0.39551828031482467,0.549330944881701,36,2,36,36,3,0.016516027328751903,374.0,0.43839996214956045,1946
1492,36,2,19.759397988412474,0.3951879597682495,0.548872166344791,36,2,36,36,3,0.016516027328751903,374.0,0.5713999853469431,1946
1493,36,2,19.742881961083715,0.3948576392216743,0.548413387807881,36,2,36,36,3,0.016516027328755456,374.0,0.5979000125080347,1946
1494,36,2,19.72636593375496,0.39452731867509916,0.5479546092709711,36,2,36,36,3,0.016516027328755456,374.0,0.5917999660596251,1946
1495,36,2,19.709849906426196,0.39419699812852393,0.547495830734061,36,2,36,36,3,0.016516027328751903,374.0,0.6496999994851649,1946
1496,36,2,19.693333879097434,0.39386667758194865,0.547037052197151,36,2,36,36,3,0.016516027328751903,374.0,0.5908000166527927,1946
1497,36,2,19.67681785176868,0.3935363570353736,0.5465782736602409,36,2,36,36,3,0.016516027328755456,374.0,0.610099988989532,1946
1498,36,2,19.660301824439916,0.3932060364887983,0.5461194951233309,36,2,36,36,3,0.016516027328751903,374.0,0.6618999759666622,1946
1499,36,2,19.64378579711116,0.3928757159422232,0.545660716586421,36,2,36,36,3,0.016516027328751903,374.0,0.5638999864459038,1946
1500,36,2,19.627269769782398,0.392545395395648,0.545201938049511,36,2,36,36,3,0.016516027328751903,374.0,0.6281000096350908,1946
1501,36,2,19.61075374245364,0.39221507484907275,0.544743159512601,36,2,36,36,3,0.016516027328755456,374.0,0.5356000037863851,1946
1502,36,2,19.594237715124876,0.39188475430249753,0.544284380975691,36,2,36,36,3,0.016516027328755456,374.0,0.5584000027738512,1946
1503,36,2,19.577721687796117,0.39155443375592236,0.5438256024387811,36,2,36,36,3,0.016516027328751903,374.0,0.5631999811157584,1946
1504,36,2,19.56120566046736,0.3912241132093472,0.543366823901871,36,2,36,36,3,0.016516027328751903,374.0,0.6959000020287931,1946
1505,36,2,19.5446896331386,0.39089379266277197,0.5429080453649612,36,2,36,36,3,0.016516027328755456,374.0,0.9391999919898808,1946
1506,36,2,19.528173605809833,0.3905634721161967,0.5424492668280511,36,2,36,36,3,0.016516027328751903,374.0,0.5345000536181033,1946
1507,36,2,19.511657578481074,0.39023315156962146,0.541990488291141,36,2,36,36,3,0.016516027328751903,374.0,0.555399979930371,1946
1508,36,2,19.49514155115232,0.38990283102304635,0.5415317097542309,36,2,36,36,3,0.016516027328751903,374.0,0.5899000097997487,1946
1509,36,2,19.478625523823556,0.3895725104764711,0.541072931217321,36,2,36,36,3,0.016516027328755456,374.0,0.875400030054152,1946
1510,36,2,19.462109496494797,0.38924218992989595,0.540614152680411,36,2,36,36,3,0.016516027328755456,374.0,0.5762000218965113,1946
1511,36,2,19.445593469166038,0.3889118693833208,0.540155374143501,36,2,36,36,3,0.016516027328751903,374.0,0.4971000016666949,1946
1512,36,2,19.429077441837276,0.3885815488367455,0.5396965956065909,36,2,36,36,3,0.016516027328751903,374.0,0.5719999899156392,1946
1513,36,2,19.412561414508517,0.38825122829017034,0.539237817069681,36,2,36,36,3,0.016516027328755456,374.0,0.5955999949947,1946
1514,36,2,19.396045387179754,0.38792090774359506,0.538779038532771,36,2,36,36,3,0.016516027328751903,374.0,0.5616000271402299,1946
1515,36,2,19.379529359850995,0.3875905871970199,0.538320259995861,36,2,36,36,3,0.016516027328751903,374.0,0.494200037792325,1946
1516,36,2,19.363013332522236,0.3872602666504447,0.537861481458951,36,2,36,36,3,0.016516027328751903,374.0,0.47309999354183674,1946
1517,36,2,19.346497305193477,0.38692994610386955,0.5374027029220411,36,2,36,36,3,0.016516027328755456,374.0,0.5541000282391906,1946
1518,36,2,19.32998127786471,0.3865996255572942,0.5369439243851308,36,2,36,36,3,0.016516027328755456,374.0,0.597700010985136,1946
1519,36,2,19.313465250535955,0.3862693050107191,0.5364851458482209,36,2,36,36,3,0.016516027328751903,374.0,0.5663000047206879,1946
1520,36,2,19.296949223207196,0.38593898446414393,0.5360263673113109,36,2,36,36,3,0.016516027328751903,374.0,0.4857999738305807,1946
1521,36,2,19.280433195878434,0.38560866391756865,0.5355675887744009,36,2,36,36,3,0.016516027328755456,374.0,0.5765999667346478,1946
1522,36,2,19.263917168549675,0.3852783433709935,0.535108810237491,36,2,36,36,3,0.016516027328751903,374.0,0.6474999827332795,1946
1523,36,2,19.247401141220916,0.3849480228244183,0.534650031700581,36,2,36,36,3,0.016516027328751903,374.0,0.4683000151999295,1946
1524,36,2,19.230885113892153,0.3846177022778431,0.5341912531636709,36,2,36,36,3,0.016516027328751903,374.0,0.5638999864459038,1946
1525,36,2,19.214369086563394,0.38428738173126786,0.533732474626761,36,2,36,36,3,0.016516027328755456,374.0,0.6001999718137085,1946
1526,36,2,19.197853059234635,0.3839570611846927,0.533273696089851,36,2,36,36,3,0.016516027328755456,374.0,0.5646999925374985,1946
1527,36,2,19.181337031905876,0.3836267406381175,0.532814917552941,36,2,36,36,3,0.016516027328751903,374.0,0.6057000136934221,1946
1528,36,2,19.164821004577114,0.3832964200915423,0.5323561390160311,36,2,36,36,3,0.016516027328751903,374.0,0.5390000296756625,1946
1529,36,2,19.14830497724835,0.382966099544967,0.5318973604791208,36,2,36,36,3,0.016516027328755456,374.0,0.5506000015884638,1946
1530,36,2,19.131788949919596,0.3826357789983919,0.5314385819422109,36,2,36,36,3,0.016516027328751903,374.0,0.588800001423806,1946
1531,36,2,19.115272922590837,0.38230545845181674,0.5309798034053009,36,2,36,36,3,0.016516027328751903,374.0,1.0500000207684934,1946
1532,36,2,19.09875689526207,0.3819751379052414,0.5305210248683909,36,2,36,36,3,0.016516027328751903,374.0,0.38270000368356705,1946
1533,36,2,19.08224086793331,0.38164481735866623,0.5300622463314809,36,2,36,36,3,0.016516027328755456,374.0,0.34300005063414574,1946
1534,36,2,19.065724840604556,0.3813144968120911,0.5296034677945709,36,2,36,36,3,0.016516027328755456,374.0,0.3114999854005873,1946
1535,36,2,19.049208813275794,0.3809841762655159,0.5291446892576608,36,2,36,36,3,0.016516027328751903,374.0,0.5461000255309045,1946
1536,36,2,19.03269278594703,0.3806538557189406,0.5286859107207509,36,2,36,36,3,0.016516027328751903,374.0,0.5205999477766454,1946
1537,36,2,19.016176758618275,0.3803235351723655,0.5282271321838411,36,2,36,36,3,0.016516027328755456,374.0,0.6011999794282019,1946
1538,36,2,18.99966073128951,0.37999321462579017,0.5277683536469309,36,2,36,36,3,0.016516027328751903,374.0,0.5532000213861465,1946
1539,35,2,18.985439292511202,0.37970878585022405,0.5424411226431772,35,1,35,20,3,0.01422143877830706,414.0,0.5661000031977892,1946
1540,35,2,18.96943922915807,0.3793887845831614,0.541983977975945,35,2,35,35,3,0.016000063353125427,364.0,0.6222000229172409,1855
1541,35,2,18.95343916580494,0.37906878331609883,0.5415268333087127,35,2,35,35,3,0.016000063353121874,364.0,0.575199956074357,1855
1542,35,2,18.937439102451812,0.3787487820490362,0.5410696886414803,35,2,35,35,3,0.016000063353125427,364.0,0.6818000110797584,1855
1543,35,2,18.921439039098683,0.3784287807819737,0.5406125439742482,35,2,35,35,3,0.016000063353121874,364.0,0.6132000125944614,1855
1544,35,2,18.905438975745554,0.37810877951491106,0.5401553993070157,35,2,35,35,3,0.016000063353121874,364.0,0.611600000411272,1855
1545,35,2,18.889438912392425,0.3777887782478485,0.5396982546397835,35,2,35,35,3,0.016000063353121874,364.0,0.5241999751888216,1855
1546,35,2,18.873438849039292,0.37746877698078585,0.5392411099725513,35,2,35,35,3,0.016000063353125427,364.0,0.5832999595440924,1855
1547,35,2,18.85743878568616,0.3771487757137232,0.5387839653053189,35,2,35,35,3,0.016000063353121874,364.0,1.202200015541166,1855
1548,35,2,18.841438722333034,0.3768287744466607,0.5383268206380867,35,2,35,35,3,0.016000063353125427,364.0,0.5771000287495553,1855
1549,35,2,18.825438658979905,0.37650877317959813,0.5378696759708543,35,2,35,35,3,0.01600006335311832,364.0,0.6461999728344381,1855
1550,35,2,18.80943859562677,0.3761887719125354,0.5374125313036221,35,2,35,35,3,0.016000063353125427,364.0,0.5441000103019178,1855
1551,35,2,18.793438532273644,0.37586877064547286,0.53695538663639,35,2,35,35,3,0.016000063353121874,364.0,0.597400008700788,1855
1552,35,2,18.777438468920515,0.3755487693784103,0.5364982419691575,35,2,35,35,3,0.01600006335312898,364.0,0.6228999700397253,1855
1553,35,2,18.761438405567382,0.37522876811134764,0.5360410973019252,35,2,35,35,3,0.016000063353121874,364.0,0.5766000249423087,1855
1554,35,2,18.745438342214253,0.3749087668442851,0.5355839526346929,35,2,35,35,3,0.016000063353121874,364.0,0.6758999661542475,1855
1555,35,2,18.729438278861128,0.37458876557722254,0.5351268079674607,35,2,35,35,3,0.016000063353121874,364.0,0.6443000165745616,1855
1556,34,2,18.71682229716179,0.37433644594323584,0.550494773445935,34,1,34,15,3,0.012615981699333645,314.0,0.6627999828197062,1855
1557,34,2,18.701121470473527,0.37402242940947056,0.550032984425692,34,2,34,34,3,0.01570082668825279,354.0,0.6195000023581088,1769
1558,34,2,18.685406211784645,0.3737081242356929,0.5495707709348427,34,2,34,34,3,0.01571525868887136,354.0,0.6157000316306949,1771
1559,34,2,18.669705385096385,0.3733941077019277,0.5491089819145994,34,2,34,34,3,0.015700826688249236,354.0,0.5795999895781279,1768
1560,34,2,18.654004558408122,0.37308009116816243,0.5486471928943565,34,2,34,34,3,0.015700826688259895,354.0,0.616599980276078,1768
1561,34,2,18.638303731719862,0.37276607463439726,0.5481854038741136,34,2,34,34,3,0.015700826688249236,354.0,0.4963999963365495,1768
1562,34,2,18.6226029050316,0.372452058100632,0.5477236148538706,34,2,34,34,3,0.015700826688256342,354.0,0.5232999683357775,1768
1563,34,2,18.606902078343335,0.3721380415668667,0.5472618258336275,34,2,34,34,3,0.015700826688245684,354.0,0.47420000191777945,1768
1564,34,2,18.591201251655068,0.37182402503310136,0.5468000368133844,34,2,34,34,3,0.015700826688259895,354.0,0.644699961412698,1768
1565,34,2,18.57550042496681,0.3715100084993362,0.5463382477931414,34,2,34,34,3,0.015700826688249236,354.0,0.512500002514571,1768
1566,34,2,18.559799598278545,0.3711959919655709,0.5458764587728984,34,2,34,34,3,0.015700826688256342,354.0,0.48379995860159397,1768
1567,34,2,18.544098771590285,0.3708819754318057,0.5454146697526553,34,2,34,34,3,0.015700826688249236,354.0,0.5012000328861177,1768
1568,34,2,18.528397944902018,0.37056795889804034,0.5449528807324124,34,2,34,34,3,0.015700826688259895,354.0,0.5309999687597156,1768
1569,34,2,18.512697118213758,0.37025394236427517,0.5444910917121694,34,2,34,34,3,0.015700826688245684,354.0,0.5919999675825238,1768
1570,34,2,18.496996291525498,0.36993992583050994,0.5440293026919263,34,2,34,34,3,0.015700826688256342,354.0,0.742600008379668,1768
1571,34,2,18.481295464837235,0.3696259092967447,0.5435675136716833,34,2,34,34,3,0.01570082668825279,354.0,0.47740002628415823,1768
1572,34,2,18.465594638148968,0.3693118927629794,0.5431057246514402,34,2,34,34,3,0.015700826688259895,354.0,0.5559999844990671,1768
1573,34,2,18.449893811460708,0.36899787622921415,0.5426439356311974,34,2,34,34,3,0.015700826688249236,354.0,0.4898000042885542,1768
1574,34,2,18.434192984772444,0.36868385969544887,0.5421821466109542,34,2,34,34,3,0.01570082668825279,354.0,0.5860999808646739,1768
1575,34,2,18.41849215808418,0.36836984316168364,0.5417203575907112,34,2,34,34,3,0.015700826688249236,354.0,0.6253999890759587,1768
1576,34,2,18.402791331395917,0.36805582662791836,0.5412585685704682,34,2,34,34,3,0.015700826688259895,354.0,0.49840001156553626,1768
1577,34,2,18.387090504707654,0.3677418100941531,0.5407967795502251,34,2,34,34,3,0.015700826688249236,354.0,0.7335999980568886,1768
1578,34,2,18.371389678019394,0.3674277935603879,0.5403349905299821,34,2,34,34,3,0.015700826688256342,354.0,0.5101999850012362,1768
1579,34,2,18.35568885133113,0.3671137770266226,0.5398732015097392,34,2,34,34,3,0.015700826688245684,354.0,0.4683999577537179,1768
1580,34,2,18.339988024642864,0.3667997604928573,0.5394114124894961,34,2,34,34,3,0.015700826688259895,354.0,1.047199999447912,1768
1581,34,2,18.324287197954607,0.36648574395909217,0.5389496234692531,34,2,34,34,3,0.015700826688249236,354.0,0.4422999918460846,1768
1582,34,2,18.308586371266337,0.3661717274253267,0.5384878344490102,34,2,34,34,3,0.015700826688256342,354.0,0.42450003093108535,1768
1583,34,2,18.292885544578077,0.36585771089156155,0.538026045428767,34,2,34,34,3,0.015700826688249236,354.0,0.5643999902531505,1768
1584,34,2,18.277184717889813,0.36554369435779627,0.537564256408524,34,2,34,34,3,0.015700826688259895,354.0,0.5243000341579318,1768
1585,34,2,18.26148389120155,0.365229677824031,0.5371024673882809,34,2,34,34,3,0.015700826688245684,354.0,0.548900046851486,1768
1586,34,2,18.24578306451329,0.3649156612902658,0.536640678368038,34,2,34,34,3,0.015700826688256342,354.0,0.5138000124134123,1768
1587,34,2,18.23008223782503,0.3646016447565006,0.5361788893477949,34,2,34,34,3,0.015700826688249236,354.0,0.5122000002302229,1768
1588,34,2,18.21438141113676,0.3642876282227352,0.5357171003275517,34,2,34,34,3,0.015700826688259895,354.0,0.5445999559015036,1768
1589,34,2,18.198680584448503,0.3639736116889701,0.535255311307309,34,2,34,34,3,0.015700826688249236,354.0,0.5080000264570117,1768
1590,34,2,18.182979757760236,0.36365959515520474,0.5347935222870658,34,2,34,34,3,0.01570082668825279,354.0,0.5218000151216984,1768
1591,34,2,18.167278931071973,0.36334557862143946,0.5343317332668227,34,2,34,34,3,0.015700826688249236,354.0,0.6554000428877771,1768
1592,34,2,18.151578104383713,0.3630315620876743,0.5338699442465797,34,2,34,34,3,0.015700826688259895,354.0,0.5946000455878675,1768
1593,34,2,18.135877277695446,0.3627175455539089,0.5334081552263367,34,2,34,34,3,0.015700826688249236,354.0,0.5412999889813364,1768
1594,34,2,18.120176451007186,0.3624035290201437,0.5329463662060937,34,2,34,34,3,0.015700826688259895,354.0,0.5487999878823757,1768
1595,34,2,18.104475624318926,0.36208951248637855,0.5324845771858506,34,2,34,34,3,0.015700826688245684,354.0,0.590600015129894,1768
1596,34,2,18.088774797630656,0.3617754959526131,0.5320227881656076,34,2,34,34,3,0.015700826688259895,354.0,1.0940000065602362,1768
1597,34,2,18.0730739709424,0.361461479418848,0.5315609991453647,34,2,34,34,3,0.015700826688249236,354.0,0.5475000361911952,1768
1598,34,2,18.057373144254136,0.3611474628850827,0.5310992101251216,34,2,34,34,3,0.015700826688256342,354.0,0.5321000353433192,1768
1599,34,2,18.04167231756587,0.36083344635131737,0.5306374211048785,34,2,34,34,3,0.015700826688249236,354.0,0.5727999960072339,1768
1600,34,2,18.02597149087761,0.3605194298175522,0.5301756320846356,34,2,34,34,3,0.015700826688259895,354.0,0.5995999672450125,1768
1601,34,2,18.010270664189342,0.36020541328378686,0.5297138430643924,34,2,34,34,3,0.015700826688245684,354.0,0.5781000363640487,1768
1602,34,2,17.994569837501082,0.35989139675002163,0.5292520540441494,34,2,34,34,3,0.015700826688259895,354.0,0.5633000400848687,1768
1603,34,2,17.97886901081282,0.35957738021625635,0.5287902650239065,34,2,34,34,3,0.015700826688245684,354.0,0.6537999724969268,1768
1604,34,2,17.96316818412455,0.359263363682491,0.5283284760036633,34,2,34,34,3,0.015700826688259895,354.0,0.5598000134341419,1768
1605,34,2,17.94746735743629,0.35894934714872584,0.5278666869834204,34,2,34,34,3,0.015700826688245684,354.0,0.5416999920271337,1768
1606,34,2,17.93176653074803,0.35863533061496056,0.5274048979631774,34,2,34,34,3,0.015700826688259895,354.0,0.5628999788314104,1768
1607,34,2,17.916065704059765,0.3583213140811953,0.5269431089429343,34,2,34,34,3,0.015700826688245684,354.0,0.5724999937228858,1768
1608,34,2,17.9003648773715,0.35800729754743005,0.5264813199226912,34,2,34,34,3,0.015700826688259895,354.0,0.49679999938234687,1768
1609,34,2,17.884664050683238,0.35769328101366477,0.5260195309024481,34,2,34,34,3,0.015700826688245684,354.0,0.46900002053007483,1768
1610,34,2,17.868963223994978,0.35737926447989954,0.5255577418822053,34,2,34,34,3,0.015700826688259895,354.0,0.5577999982051551,1768
1611,34,2,17.85326239730671,0.3570652479461342,0.5250959528619622,34,2,34,34,3,0.015700826688245684,354.0,0.5645999917760491,1768
1612,34,2,17.837561570618448,0.356751231412369,0.524634163841719,34,2,34,34,3,0.015700826688259895,354.0,0.5800000508315861,1768
1613,34,2,17.82186074393019,0.3564372148786038,0.5241723748214762,34,2,34,34,3,0.01570082668825279,354.0,0.59120001969859,1768
1614,34,2,17.80615991724192,0.3561231983448384,0.523710585801233,34,2,34,34,3,0.01570082668825279,354.0,0.5666000070050359,1768
1615,34,2,17.79045909055366,0.35580918181107324,0.52324879678099,34,2,34,34,3,0.015700826688245684,354.0,0.5690999678336084,1768
1616,34,2,17.774758263865397,0.35549516527730796,0.5227870077607469,34,2,34,34,3,0.015700826688259895,354.0,0.5323999794200063,1768
1617,34,2,17.759057437177134,0.3551811487435427,0.522325218740504,34,2,34,34,3,0.01570082668825279,354.0,0.5508000031113625,1768
1618,34,2,17.74335661048887,0.3548671322097774,0.5218634297202609,34,2,34,34,3,0.015700826688259895,354.0,0.5874999915249646,1768
1619,34,2,17.72765578380061,0.3545531156760122,0.5214016407000178,34,2,34,34,3,0.015700826688245684,354.0,0.4124999977648258,1768
1620,34,2,17.711954957112344,0.3542390991422469,0.5209398516797749,34,2,34,34,3,0.015700826688259895,354.0,0.540299981366843,1768
1621,34,2,17.696254130424084,0.35392508260848166,0.5204780626595319,34,2,34,34,3,0.015700826688245684,354.0,0.5442000110633671,1768
1622,34,2,17.68055330373582,0.35361106607471643,0.5200162736392888,34,2,34,34,3,0.015700826688259895,354.0,0.5203000036999583,1768
1623,34,2,17.664852477047553,0.3532970495409511,0.5195544846190457,34,2,34,34,3,0.015700826688245684,354.0,0.5622999742627144,1768
1624,34,2,17.64915165035929,0.3529830330071858,0.5190926955988027,34,2,34,34,3,0.015700826688259895,354.0,0.4138000076636672,1768
1625,34,2,17.63345082367103,0.3526690164734206,0.5186309065785597,34,2,34,34,3,0.015700826688245684,354.0,0.4756999551318586,1768
1626,34,2,17.617749996982766,0.35235499993965536,0.5181691175583166,34,2,34,34,3,0.015700826688259895,354.0,0.498599954880774,1768
1627,34,2,17.602049170294503,0.3520409834058901,0.5177073285380737,34,2,34,34,3,0.015700826688245684,354.0,0.5354000022634864,1768
1628,34,2,17.586348343606236,0.35172696687212474,0.5172455395178306,34,2,34,34,3,0.015700826688259895,354.0,0.5280000041238964,1768
1629,34,2,17.570647516917976,0.3514129503383595,0.5167837504975875,34,2,34,34,3,0.01570082668825279,354.0,0.533199985511601,1768
1630,34,2,17.554946690229713,0.3510989338045942,0.5163219614773444,34,2,34,34,3,0.01570082668825279,354.0,0.567799957934767,1768
1631,34,2,17.539245863541446,0.3507849172708289,0.5158601724571015,34,2,34,34,3,0.015700826688259895,354.0,0.5356000037863851,1768
1632,34,2,17.523545036853186,0.3504709007370637,0.5153983834368584,34,2,34,34,3,0.015700826688259895,354.0,0.5389999714680016,1768
1633,34,2,17.507844210164922,0.35015688420329844,0.5149365944166153,34,2,34,34,3,0.015700826688259895,354.0,0.5893000052310526,1768
1634,34,2,17.49214338347666,0.34984286766953315,0.5144748053963724,34,2,34,34,3,0.015700826688259895,354.0,0.5300999619066715,1768
1635,34,2,17.476442556788395,0.3495288511357679,0.5140130163761293,34,2,34,34,3,0.015700826688259895,354.0,0.5289000109769404,1768
1636,34,2,17.46074173010013,0.3492148346020026,0.5135512273558862,34,2,34,34,3,0.015700826688259895,354.0,0.5858000367879868,1768
1637,34,2,17.445040903411872,0.3489008180682374,0.5130894383356432,34,2,34,34,3,0.015700826688259895,354.0,0.5595000111497939,1768
1638,34,2,17.429340076723605,0.3485868015344721,0.5126276493154002,34,2,34,34,3,0.015700826688259895,354.0,0.5571999936364591,1768
1639,34,2,17.41363925003534,0.34827278500070685,0.5121658602951571,34,2,34,34,3,0.015700826688259895,354.0,0.5606000195257366,1768
1640,34,2,17.39793842334708,0.3479587684669416,0.511704071274914,34,2,34,34,3,0.015700826688267,354.0,0.5416999920271337,1768
1641,34,2,17.382237596658815,0.3476447519331763,0.511242282254671,34,2,34,34,3,0.015700826688259895,354.0,0.5403000395745039,1768
1642,34,2,17.366536769970555,0.3473307353994111,0.5107804932344281,34,2,34,34,3,0.015700826688259895,354.0,0.5594000103883445,1768
1643,34,2,17.35083594328229,0.34701671886564583,0.5103187042141849,34,2,34,34,3,0.015700826688259895,354.0,0.5377999623306096,1768
1644,34,2,17.335135116594024,0.3467027023318805,0.5098569151939419,34,2,34,34,3,0.015700826688259895,354.0,0.5294000147841871,1768
1645,34,2,17.319434289905765,0.34638868579811527,0.5093951261736989,34,2,34,34,3,0.015700826688259895,354.0,0.5592000088654459,1768
1646,34,2,17.303733463217498,0.34607466926434993,0.5089333371534558,34,2,34,34,3,0.015700826688259895,354.0,0.5235000280663371,1768
1647,34,2,17.288032636529234,0.3457606527305847,0.5084715481332127,34,2,34,34,3,0.015700826688259895,354.0,0.5285999504849315,1768
1648,34,2,17.27233180984097,0.3454466361968194,0.5080097591129697,34,2,34,34,3,0.015700826688259895,354.0,0.5933000356890261,1768
1649,34,2,17.256630983152707,0.34513261966305414,0.5075479700927266,34,2,34,34,3,0.015700826688259895,354.0,0.7511000148952007,1768
1650,34,2,17.240930156464444,0.34481860312928886,0.5070861810724836,34,2,34,34,3,0.015700826688259895,354.0,0.49840001156553626,1768
1651,34,2,17.22522932977618,0.34450458659552363,0.5066243920522405,34,2,34,34,3,0.015700826688259895,354.0,0.574299949221313,1768
1652,34,2,17.209528503087913,0.34419057006175824,0.5061626030319974,34,2,34,34,3,0.015700826688259895,354.0,0.5822000093758106,1768
1653,34,2,17.193827676399653,0.34387655352799307,0.5057008140117545,34,2,34,34,3,0.015700826688259895,354.0,0.5869999877177179,1768
1654,34,2,17.17812684971139,0.3435625369942278,0.5052390249915115,34,2,34,34,3,0.015700826688259895,354.0,0.5816000048071146,1768
1655,34,2,17.162426023023123,0.34324852046046245,0.5047772359712684,34,2,34,34,3,0.015700826688259895,354.0,0.44759997399523854,1768
1656,34,2,17.14672519633486,0.34293450392669717,0.5043154469510253,34,2,34,34,3,0.015700826688259895,354.0,0.5428000004030764,1768
1657,34,2,17.131024369646596,0.34262048739293194,0.5038536579307822,34,2,34,34,3,0.015700826688259895,354.0,0.5371000152081251,1768
1658,34,2,17.115323542958333,0.34230647085916666,0.5033918689105392,34,2,34,34,3,0.015700826688259895,354.0,0.5358000053092837,1768
1659,34,2,17.09962271627007,0.3419924543254014,0.5029300798902963,34,2,34,34,3,0.015700826688259895,354.0,0.555399979930371,1768
1660,34,2,17.083921889581806,0.3416784377916361,0.5024682908700531,34,2,34,34,3,0.015700826688267,354.0,0.5490999901667237,1768
1661,34,2,17.068221062893542,0.34136442125787086,0.5020065018498101,34,2,34,34,3,0.015700826688259895,354.0,0.5261999904178083,1768
1662,34,2,17.052520236205275,0.3410504047241055,0.5015447128295669,34,2,34,34,3,0.01570082668825279,354.0,0.49240002408623695,1768
1663,34,2,17.036819409517012,0.34073638819034024,0.501082923809324,34,2,34,34,3,0.015700826688259895,354.0,0.5879999953322113,1768
1664,34,2,17.02111858282875,0.34042237165657496,0.5006211347890809,34,2,34,34,3,0.015700826688267,354.0,0.5533000221475959,1768
1665,34,2,17.005417756140485,0.3401083551228097,0.5001593457688378,34,2,34,34,3,0.015700826688259895,354.0,0.6881000008434057,1768
1666,34,2,16.989716929452218,0.33979433858904434,0.4996975567485946,34,2,34,34,3,0.015700826688259895,354.0,0.5528000183403492,1768
1667,34,2,16.974016102763958,0.33948032205527917,0.4992357677283517,34,2,34,34,3,0.015700826688259895,354.0,0.5662000039592385,1768
1668,34,2,16.95831527607569,0.33916630552151383,0.4987739787081086,34,2,34,34,3,0.015700826688259895,354.0,0.5286000086925924,1768
1669,34,2,16.942614449387428,0.33885228898774855,0.4983121896878655,34,2,34,34,3,0.015700826688259895,354.0,0.5415999912656844,1768
1670,34,2,16.92691362269916,0.3385382724539832,0.4978504006676224,34,2,34,34,3,0.015700826688259895,354.0,0.4951999871991575,1768
1671,34,2,16.9112127960109,0.338224255920218,0.4973886116473794,34,2,34,34,3,0.015700826688259895,354.0,0.45140000293031335,1768
1672,34,2,16.895511969322637,0.33791023938645276,0.4969268226271363,34,2,34,34,3,0.015700826688267,354.0,0.5579999997280538,1768
1673,34,2,16.87981114263437,0.3375962228526874,0.49646503360689326,34,2,34,34,3,0.01570082668825279,354.0,0.5678000161424279,1768
1674,34,2,16.864110315946107,0.33728220631892214,0.4960032445866502,34,2,34,34,3,0.015700826688259895,354.0,0.4962999955751002,1768
1675,34,2,16.848409489257843,0.33696818978515686,0.4955414555664073,34,2,34,34,3,0.015700826688259895,354.0,0.6671999581158161,1768
1676,34,2,16.832708662569576,0.3366541732513915,0.49507966654616403,34,2,34,34,3,0.015700826688267,354.0,0.4521000082604587,1768
1677,34,2,16.817007835881316,0.33634015671762635,0.49461787752592107,34,2,34,34,3,0.015700826688259895,354.0,0.5262999911792576,1768
1678,34,2,16.801307009193053,0.33602614018386107,0.49415608850567805,34,2,34,34,3,0.01570082668825279,354.0,0.6163999787531793,1768
1679,34,2,16.785606182504786,0.33571212365009573,0.49369429948543486,34,2,34,34,3,0.015700826688259895,354.0,0.618099991697818,1768
1680,34,2,16.769905355816523,0.33539810711633045,0.49323251046519184,34,2,34,34,3,0.015700826688267,354.0,0.45110000064596534,1768
1681,34,2,16.75420452912826,0.33508409058256516,0.4927707214449487,34,2,34,34,3,0.015700826688259895,354.0,0.47039997298270464,1768
1682,34,2,16.738503702439992,0.3347700740487998,0.49230893242470575,34,2,34,34,3,0.015700826688259895,354.0,0.30020001577213407,1768
1683,34,2,16.722802875751732,0.33445605751503465,0.4918471434044627,34,2,34,34,3,0.01570082668825279,354.0,0.2744999947026372,1768
1684,34,2,16.70710204906346,0.3341420409812692,0.4913853543842195,34,2,34,34,3,0.015700826688267,354.0,0.4358000005595386,1768
1685,34,2,16.691401222375205,0.3338280244475041,0.4909235653639765,34,2,34,34,3,0.015700826688259895,354.0,0.42779999785125256,1768
1686,34,2,16.67570039568694,0.33351400791373875,0.4904617763437335,34,2,34,34,3,0.015700826688259895,354.0,0.575799960643053,1768
1687,34,2,16.659999568998675,0.33319999137997347,0.4899999873234904,34,2,34,34,3,0.015700826688259895,354.0,0.5019000382162631,1768
1688,34,2,16.64429874231041,0.33288597484620824,0.4895381983032473,34,2,34,34,3,0.015700826688259895,354.0,0.6007999763824046,1768
1689,34,2,16.628597915622144,0.3325719583124429,0.4890764092830042,34,2,34,34,3,0.015700826688259895,354.0,0.5449000163935125,1768
1690,34,2,16.61289708893388,0.3322579417786776,0.4886146202627612,34,2,34,34,3,0.015700826688259895,354.0,0.5321000353433192,1768
1691,34,2,16.597196262245618,0.33194392524491234,0.4881528312425182,34,2,34,34,3,0.015700826688259895,354.0,0.5154000245966017,1768
1692,34,2,16.58149543555735,0.331629908711147,0.487691042222275,34,2,34,34,3,0.015700826688267,354.0,0.5450000171549618,1768
1693,34,2,16.56579460886909,0.33131589217738183,0.4872292532020321,34,2,34,34,3,0.01570082668825279,354.0,0.4988000146113336,1768
1694,34,2,16.550093782180824,0.3310018756436165,0.48676746418178896,34,2,34,34,3,0.015700826688259895,354.0,0.42669998947530985,1768
1695,34,2,16.53439295549256,0.3306878591098512,0.4863056751615459,34,2,34,34,3,0.015700826688267,354.0,0.4391000256873667,1768
1696,34,2,16.518692128804297,0.33037384257608593,0.48584388614130286,34,2,34,34,3,0.01570082668825279,354.0,0.4486000398173928,1768
1697,34,2,16.502991302116033,0.33005982604232065,0.4853820971210598,34,2,34,34,3,0.015700826688267,354.0,0.5424999981187284,1768
1698,33,2,16.489696701976712,0.3297939340395342,0.49968777884777915,33,1,33,15,3,0.013294600139317936,314.0,0.3836000105366111,1768
1699,33,2,16.47442309550014,0.3294884619100028,0.4992249422878829,33,2,33,33,3,0.015273606476561952,344.0,0.3730999887920916,1678
1700,33,2,16.459149489023563,0.3291829897804713,0.49876210572798674,33,2,33,33,3,0.015273606476569057,344.0,0.5978000117465854,1678
1701,33,2,16.443875882546987,0.32887751765093975,0.49829926916809053,33,2,33,33,3,0.015273606476561952,344.0,0.5680000176653266,1678
1702,33,2,16.42860227607041,0.32857204552140823,0.49783643260819427,33,2,33,33,3,0.015273606476561952,344.0,0.5795999895781279,1678
1703,33,2,16.41332866959383,0.3282665733918766,0.497373596048298,33,2,33,33,3,0.015273606476569057,344.0,0.5954999942332506,1678
1704,33,2,16.39805506311726,0.3279611012623452,0.49691075948840174,33,2,33,33,3,0.015273606476561952,344.0,0.5532000213861465,1678
1705,33,2,16.382781456640682,0.32765562913281365,0.49644792292850554,33,2,33,33,3,0.015273606476561952,344.0,0.6053000106476247,1678
1706,33,2,16.367507850164102,0.32735015700328207,0.49598508636860916,33,2,33,33,3,0.015273606476569057,344.0,0.5662000039592385,1678
1707,33,2,16.35223424368753,0.3270446848737506,0.4955222498087129,33,2,33,33,3,0.015273606476561952,344.0,0.5005999701097608,1678
1708,33,2,16.336960637210954,0.3267392127442191,0.4950594132488168,33,2,33,33,3,0.015273606476561952,344.0,0.584100023843348,1678
1709,33,2,16.321687030734374,0.3264337406146875,0.49459657668892054,33,2,33,33,3,0.015273606476569057,344.0,0.5852999747730792,1678
1710,33,2,16.3064134242578,0.326128268485156,0.49413374012902417,33,2,33,33,3,0.015273606476561952,344.0,0.5802999949082732,1678
1711,33,2,16.291139817781225,0.3258227963556245,0.493670903569128,33,2,33,33,3,0.015273606476561952,344.0,0.5931999767199159,1678
1712,33,2,16.27586621130465,0.325517324226093,0.4932080670092318,33,2,33,33,3,0.015273606476569057,344.0,0.5784000386483967,1678
1713,33,2,16.260592604828073,0.32521185209656145,0.49274523044933555,33,2,33,33,3,0.015273606476561952,344.0,0.6311999750323594,1678
1714,33,2,16.245318998351493,0.32490637996702987,0.4922823938894393,33,2,33,33,3,0.015273606476561952,344.0,0.5930000334046781,1678
1715,33,2,16.230045391874917,0.32460090783749834,0.491819557329543,33,2,33,33,3,0.015273606476561952,344.0,0.5744000081904233,1678
1716,33,2,16.214771785398344,0.3242954357079669,0.4913567207696467,33,2,33,33,3,0.015273606476569057,344.0,0.5573999951593578,1678
1717,33,2,16.199498178921765,0.3239899635784353,0.49089388420975044,33,2,33,33,3,0.015273606476561952,344.0,0.5846000276505947,1678
1718,33,2,16.18422457244519,0.32368449144890377,0.4904310476498543,33,2,33,33,3,0.015273606476561952,344.0,0.5621000309474766,1678
1719,33,2,16.168950965968616,0.3233790193193723,0.4899682110899581,33,2,33,33,3,0.015273606476569057,344.0,0.5549000343307853,1678
1720,33,2,16.153677359492036,0.3230735471898407,0.4895053745300618,33,2,33,33,3,0.015273606476561952,344.0,0.5749000119976699,1678
1721,33,2,16.138403753015464,0.32276807506030925,0.48904253797016556,33,2,33,33,3,0.015273606476561952,344.0,0.514600018505007,1678
1722,33,2,16.123130146538884,0.32246260293077766,0.4885797014102692,33,2,33,33,3,0.015273606476569057,344.0,0.5138000124134123,1678
1723,33,2,16.10785654006231,0.32215713080124625,0.4881168648503731,33,2,33,33,3,0.015273606476561952,344.0,0.5922000273130834,1678
1724,33,2,16.092582933585735,0.3218516586717147,0.4876540282904767,33,2,33,33,3,0.015273606476561952,344.0,0.5079999682493508,1678
1725,33,2,16.077309327109155,0.3215461865421831,0.48719119173058056,33,2,33,33,3,0.015273606476569057,344.0,0.5890000029467046,1678
1726,33,2,16.062035720632583,0.3212407144126517,0.4867283551706843,33,2,33,33,3,0.015273606476561952,344.0,0.5636000423692167,1678
1727,33,2,16.046762114156007,0.32093524228312015,0.4862655186107881,33,2,33,33,3,0.015273606476561952,344.0,0.6123000057414174,1678
1728,33,2,16.03148850767943,0.3206297701535886,0.4858026820508917,33,2,33,33,3,0.015273606476569057,344.0,0.5636000423692167,1678
1729,33,2,16.016214901202854,0.3203242980240571,0.48533984549099557,33,2,33,33,3,0.015273606476561952,344.0,0.5566999898292124,1678
1730,33,2,16.000941294726275,0.3200188258945255,0.48487700893109925,33,2,33,33,3,0.015273606476561952,344.0,0.6253000465221703,1678
1731,33,2,15.985667688249698,0.319713353764994,0.484414172371203,33,2,33,33,3,0.015273606476561952,344.0,0.5720000481233001,1678
1732,33,2,15.970394081773122,0.31940788163546247,0.4839513358113067,33,2,33,33,3,0.015273606476569057,344.0,0.5616000271402299,1678
1733,33,2,15.955120475296546,0.31910240950593094,0.4834884992514105,33,2,33,33,3,0.015273606476561952,344.0,0.5873999907635152,1678
1734,33,2,15.93984686881997,0.3187969373763994,0.48302566269151426,33,2,33,33,3,0.015273606476561952,344.0,0.5383000243455172,1678
1735,33,2,15.924573262343388,0.3184914652468678,0.48256282613161794,33,2,33,33,3,0.015273606476569057,344.0,0.5892000044696033,1678
1736,33,2,15.909299655866812,0.31818599311733625,0.48209998957172157,33,2,33,33,3,0.015273606476561952,344.0,0.555099977646023,1678
1737,33,2,15.894026049390236,0.3178805209878047,0.48163715301182547,33,2,33,33,3,0.015273606476561952,344.0,0.4732999950647354,1678
1738,33,2,15.87875244291366,0.3175750488582732,0.48117431645192915,33,2,33,33,3,0.015273606476569057,344.0,0.5803999956697226,1678
1739,33,2,15.863478836437086,0.31726957672874173,0.48071147989203283,33,2,33,33,3,0.015273606476561952,344.0,0.5538000259548426,1678
1740,33,2,15.84820522996051,0.3169641045992102,0.48024864333213657,33,2,33,33,3,0.015273606476561952,344.0,0.5669000092893839,1678
1741,33,2,15.832931623483931,0.3166586324696786,0.4797858067722404,33,2,33,33,3,0.015273606476569057,344.0,0.603599997702986,1678
1742,33,2,15.817658017007354,0.31635316034014704,0.47932297021234405,33,2,33,33,3,0.015273606476561952,344.0,0.5452999612316489,1678
1743,33,2,15.802384410530777,0.3160476882106156,0.4788601336524478,33,2,33,33,3,0.015273606476561952,344.0,0.5749000119976699,1678
1744,33,2,15.787110804054201,0.31574221608108405,0.47839729709255147,33,2,33,33,3,0.015273606476569057,344.0,0.3606000100262463,1678
1745,33,2,15.771837197577623,0.31543674395155247,0.4779344605326553,33,2,33,33,3,0.015273606476561952,344.0,0.29360002372413874,1678
1746,33,2,15.756563591101047,0.31513127182202094,0.477471623972759,33,2,33,33,3,0.015273606476561952,344.0,0.3373000072315335,1678
1747,33,2,15.741289984624471,0.3148257996924894,0.47700878741286273,33,2,33,33,3,0.015273606476569057,344.0,0.40060002356767654,1678
1748,33,2,15.726016378147895,0.3145203275629579,0.4765459508529665,33,2,33,33,3,0.015273606476569057,344.0,0.2992000081576407,1678
1749,33,2,15.710742771671319,0.31421485543342637,0.47608311429307026,33,2,33,33,3,0.015273606476561952,344.0,0.61039999127388,1678
1750,33,2,15.695469165194737,0.31390938330389473,0.47562027773317395,33,2,33,33,3,0.015273606476561952,344.0,0.6945999921299517,1678
1751,33,2,15.680195558718161,0.3136039111743632,0.4751574411732777,33,2,33,33,3,0.015273606476569057,344.0,0.4686000174842775,1678
1752,33,2,15.664921952241585,0.3132984390448317,0.47469460461338137,33,2,33,33,3,0.015273606476561952,344.0,0.5729999975301325,1678
1753,33,2,15.649648345765009,0.31299296691530015,0.47423176805348516,33,2,33,33,3,0.015273606476561952,344.0,0.5506000015884638,1678
1754,33,2,15.634374739288432,0.3126874947857686,0.47376893149358884,33,2,33,33,3,0.015273606476569057,344.0,0.5568999913521111,1678
1755,33,2,15.619101132811856,0.3123820226562371,0.47330609493369263,33,2,33,33,3,0.015273606476561952,344.0,0.5369000136852264,1678
1756,33,2,15.603827526335282,0.31207655052670563,0.47284325837379637,33,2,33,33,3,0.015273606476561952,344.0,0.5419000517576933,1678
1757,33,2,15.588553919858702,0.31177107839717405,0.4723804218139001,33,2,33,33,3,0.015273606476569057,344.0,0.567799957934767,1678
1758,33,2,15.573280313382128,0.3114656062676426,0.4719175852540038,33,2,33,33,3,0.015273606476561952,344.0,0.5366000114008784,1678
1759,33,2,15.55800670690555,0.311160134138111,0.47145474869410753,33,2,33,33,3,0.015273606476561952,344.0,0.5326999817043543,1678
1760,33,2,15.542733100428972,0.3108546620085794,0.4709919121342112,33,2,33,33,3,0.015273606476569057,344.0,0.5909999599680305,1678
1761,33,2,15.527459493952396,0.3105491898790479,0.470529075574315,33,2,33,33,3,0.015273606476561952,344.0,0.5111999926157296,1678
1762,33,2,15.51218588747582,0.31024371774951637,0.4700662390144188,33,2,33,33,3,0.015273606476561952,344.0,0.484999967738986,1678
1763,33,2,15.496912280999243,0.30993824561998484,0.4696034024545225,33,2,33,33,3,0.015273606476561952,344.0,0.5771000287495553,1678
1764,33,2,15.481638674522666,0.3096327734904533,0.4691405658946262,33,2,33,33,3,0.015273606476569057,344.0,0.5769000272266567,1678
1765,33,2,15.46636506804609,0.3093273013609218,0.46867772933472995,33,2,33,33,3,0.015273606476561952,344.0,0.5608999636024237,1678
1766,33,2,15.451091461569511,0.3090218292313902,0.4682148927748337,33,2,33,33,3,0.015273606476561952,344.0,0.533499987795949,1678
1767,33,2,15.435817855092933,0.3087163571018587,0.46775205621493743,33,2,33,33,3,0.015273606476569057,344.0,0.44270005309954286,1678
1768,33,2,15.420544248616357,0.30841088497232716,0.4672892196550411,33,2,33,33,3,0.015273606476561952,344.0,0.458399998024106,1678
1769,33,2,15.405270642139781,0.30810541284279563,0.46682638309514496,33,2,33,33,3,0.015273606476561952,344.0,0.5570999928750098,1678
1770,33,2,15.389997035663203,0.30779994071326405,0.46636354653524864,33,2,33,33,3,0.015273606476569057,344.0,0.48400001833215356,1678
1771,33,2,15.374723429186627,0.3074944685837325,0.4659007099753523,33,2,33,33,3,0.015273606476561952,344.0,0.6217999616637826,1678
1772,33,2,15.359449822710053,0.30718899645420106,0.4654378734154561,33,2,33,33,3,0.015273606476561952,344.0,0.5630999803543091,1678
1773,33,2,15.344176216233476,0.30688352432466953,0.4649750368555599,33,2,33,33,3,0.015273606476569057,344.0,0.47400000039488077,1678
1774,33,2,15.328902609756899,0.30657805219513795,0.4645122002956636,33,2,33,33,3,0.015273606476561952,344.0,0.44679996790364385,1678
1775,33,2,15.31362900328032,0.3062725800656064,0.4640493637357673,33,2,33,33,3,0.015273606476561952,344.0,0.6054000114090741,1678
1776,33,2,15.298355396803744,0.3059671079360749,0.46358652717587107,33,2,33,33,3,0.015273606476569057,344.0,0.7147000287659466,1678
1777,33,2,15.283081790327168,0.3056616358065434,0.4631236906159748,33,2,33,33,3,0.015273606476561952,344.0,0.477599969599396,1678
1778,33,2,15.26780818385059,0.3053561636770118,0.46266085405607854,33,2,33,33,3,0.015273606476561952,344.0,0.6025999900884926,1678
1779,33,2,15.252534577374016,0.3050506915474803,0.4621980174961822,33,2,33,33,3,0.015273606476561952,344.0,0.5544000305235386,1678
1780,33,2,15.23726097089744,0.3047452194179488,0.461735180936286,33,2,33,33,3,0.015273606476569057,344.0,0.5576999974437058,1678
1781,33,2,15.22198736442086,0.3044397472884172,0.4612723443763898,33,2,33,33,3,0.015273606476561952,344.0,0.680800003465265,1678
1782,33,2,15.206713757944282,0.30413427515888564,0.4608095078164935,33,2,33,33,3,0.015273606476561952,344.0,0.5707999807782471,1678
1783,33,2,15.191440151467706,0.3038288030293541,0.46034667125659723,33,2,33,33,3,0.015273606476569057,344.0,0.5605999613180757,1678
1784,33,2,15.17616654499113,0.3035233308998226,0.45988383469670097,33,2,33,33,3,0.015273606476561952,344.0,0.8415999473072588,1678
1785,33,2,15.160892938514555,0.3032178587702911,0.4594209981368047,33,2,33,33,3,0.015273606476561952,344.0,0.5617000279016793,1678
1786,33,2,15.145619332037978,0.30291238664075953,0.45895816157690844,33,2,33,33,3,0.015273606476569057,344.0,0.5711999838240445,1678
1787,33,2,15.130345725561401,0.302606914511228,0.4584953250170122,33,2,33,33,3,0.015273606476561952,344.0,0.5926000303588808,1678
1788,33,2,15.115072119084827,0.30230144238169654,0.45803248845711597,33,2,33,33,3,0.015273606476561952,344.0,0.5577999982051551,1678
1789,32,2,15.10075303398313,0.3020150606796626,0.47189853231197276,32,1,32,15,3,0.014319085101689666,314.0,0.5291000124998391,1678
1790,32,2,15.085907014370656,0.3017181402874131,0.47143459419908307,32,2,32,32,3,0.014846019612456018,334.0,0.5460000247694552,1598
1791,32,2,15.071060994758188,0.30142121989516374,0.4709706560861934,32,2,32,32,3,0.014846019612463124,334.0,0.497999950312078,1598
1792,32,2,15.056214975145716,0.3011242995029143,0.4705067179733037,32,2,32,32,3,0.014846019612463124,334.0,0.4759000148624182,1598
1793,32,2,15.041368955533247,0.3008273791106649,0.470042779860414,32,2,32,32,3,0.01484601961247023,334.0,0.5051000043749809,1598
1794,32,2,15.026522935920779,0.3005304587184156,0.4695788417475243,32,2,32,32,3,0.014846019612456018,334.0,0.49190002027899027,1598
1795,32,2,15.011676916308307,0.3002335383261661,0.4691149036346346,32,2,32,32,3,0.014846019612456018,334.0,0.49669999862089753,1598
1796,32,2,14.996830896695837,0.29993661793391674,0.4686509655217449,32,2,32,32,3,0.014846019612463124,334.0,0.5044999998062849,1598
1797,32,2,14.981984877083367,0.2996396975416673,0.4681870274088552,32,2,32,32,3,0.014846019612463124,334.0,0.5106999888084829,1598
1798,32,2,14.967138857470898,0.299342777149418,0.4677230892959655,32,2,32,32,3,0.014846019612456018,334.0,0.5107999895699322,1598
1799,32,2,14.952292837858426,0.29904585675716855,0.4672591511830758,32,2,32,32,3,0.01484601961247023,334.0,0.31289999606087804,1598
1800,32,2,14.937446818245954,0.29874893636491906,0.4667952130701861,32,2,32,32,3,0.014846019612463124,334.0,0.40520000038668513,1598
1801,32,2,14.922600798633486,0.29845201597266974,0.4663312749572964,32,2,32,32,3,0.014846019612463124,334.0,0.5062000127509236,1598
1802,32,2,14.907754779021014,0.29815509558042025,0.46586733684440673,32,2,32,32,3,0.014846019612448913,334.0,0.5307000246830285,1598
1803,32,2,14.892908759408545,0.2978581751881709,0.465403398731517,32,2,32,32,3,0.014846019612463124,334.0,0.3866999759338796,1598
1804,32,2,14.878062739796073,0.29756125479592144,0.46493946061862734,32,2,32,32,3,0.01484601961247023,334.0,0.4170999745838344,1598
1805,32,2,14.863216720183605,0.2972643344036721,0.46447552250573754,32,2,32,32,3,0.014846019612456018,334.0,0.40279998211190104,1598
1806,32,2,14.848370700571131,0.2969674140114226,0.46401158439284784,32,2,32,32,3,0.014846019612463124,334.0,0.5030999891459942,1598
1807,32,2,14.833524680958664,0.2966704936191733,0.4635476462799582,32,2,32,32,3,0.014846019612463124,334.0,0.5046000005677342,1598
1808,32,2,14.81867866134619,0.2963735732269238,0.46308370816706845,32,2,32,32,3,0.014846019612463124,334.0,0.540899985935539,1598
1809,32,2,14.803832641733718,0.2960766528346744,0.46261977005417876,32,2,32,32,3,0.014846019612463124,334.0,0.5021999822929502,1598
1810,32,2,14.78898662212125,0.295779732442425,0.46215583194128906,32,2,32,32,3,0.014846019612456018,334.0,0.4904000088572502,1598
1811,32,2,14.774140602508778,0.29548281205017557,0.4616918938283993,32,2,32,32,3,0.014846019612463124,334.0,0.5178000428713858,1598
1812,32,2,14.75929458289631,0.2951858916579262,0.46122795571550956,32,2,32,32,3,0.014846019612463124,334.0,0.5141000146977603,1598
1813,32,2,14.744448563283838,0.29488897126567676,0.46076401760261987,32,2,32,32,3,0.014846019612456018,334.0,0.45629998203366995,1598
1814,32,2,14.729602543671364,0.29459205087342727,0.4603000794897302,32,2,32,32,3,0.014846019612463124,334.0,1.005800033453852,1598
1815,32,2,14.714756524058897,0.29429513048117795,0.4598361413768405,32,2,32,32,3,0.01484601961247023,334.0,0.41500001680105925,1598
1816,32,2,14.699910504446423,0.29399821008892846,0.4593722032639508,32,2,32,32,3,0.014846019612456018,334.0,0.5836000200361013,1598
1817,32,2,14.685064484833955,0.2937012896966791,0.4589082651510611,32,2,32,32,3,0.014846019612463124,334.0,0.41170004988089204,1598
1818,32,2,14.670218465221483,0.29340436930442965,0.4584443270381714,32,2,32,32,3,0.014846019612456018,334.0,0.38519996451213956,1598
1819,32,2,14.65537244560901,0.2931074489121802,0.45798038892528165,32,2,32,32,3,0.014846019612463124,334.0,0.39840000681579113,1598
1820,32,2,14.640526425996542,0.29281052851993083,0.4575164508123919,32,2,32,32,3,0.014846019612463124,334.0,0.5345999961718917,1598
1821,32,2,14.62568040638407,0.2925136081276814,0.4570525126995022,32,2,32,32,3,0.014846019612463124,334.0,0.5310999695211649,1598
1822,32,2,14.610834386771597,0.2922166877354319,0.4565885745866125,32,2,32,32,3,0.014846019612463124,334.0,0.6411999929696321,1598
1823,32,2,14.59598836715913,0.2919197673431826,0.4561246364737228,32,2,32,32,3,0.014846019612456018,334.0,0.5085000302642584,1598
1824,32,2,14.581142347546658,0.29162284695093316,0.455660698360833,32,2,32,32,3,0.014846019612463124,334.0,0.46959996689110994,1598
1825,32,2,14.56629632793419,0.2913259265586838,0.4551967602479433,32,2,32,32,3,0.01484601961247023,334.0,0.4309999640099704,1598
1826,32,2,14.551450308321716,0.2910290061664343,0.4547328221350536,32,2,32,32,3,0.014846019612456018,334.0,0.6868999917060137,1598
1827,32,2,14.536604288709245,0.2907320857741849,0.4542688840221639,32,2,32,32,3,0.014846019612456018,334.0,0.5197999998927116,1598
1828,32,2,14.521758269096775,0.2904351653819355,0.4538049459092742,32,2,32,32,3,0.014846019612463124,334.0,0.5114999949000776,1598
1829,32,2,14.506912249484303,0.29013824498968604,0.45334100779638453,32,2,32,32,3,0.014846019612463124,334.0,0.45739999040961266,1598
1830,32,2,14.492066229871831,0.2898413245974366,0.4528770696834948,32,2,32,32,3,0.014846019612463124,334.0,0.5011999746784568,1598
1831,32,2,14.477220210259363,0.28954440420518723,0.45241313157060503,32,2,32,32,3,0.014846019612463124,334.0,0.48909999895840883,1598
1832,32,2,14.462374190646889,0.2892474838129378,0.45194919345771534,32,2,32,32,3,0.014846019612463124,334.0,0.5700000328943133,1598
1833,32,2,14.447528171034422,0.2889505634206884,0.45148525534482564,32,2,32,32,3,0.014846019612463124,334.0,0.3725999849848449,1598
1834,32,2,14.432682151421949,0.288653643028439,0.45102131723193595,32,2,32,32,3,0.014846019612448913,334.0,0.3084999625571072,1598
1835,32,2,14.417836131809478,0.28835672263618956,0.45055737911904614,32,2,32,32,3,0.014846019612463124,334.0,0.532899983227253,1598
1836,32,2,14.402990112197008,0.2880598022439402,0.4500934410061565,32,2,32,32,3,0.01484601961247023,334.0,0.4427999956533313,1598
1837,32,2,14.388144092584536,0.28776288185169074,0.44962950289326675,32,2,32,32,3,0.014846019612463124,334.0,0.4214000073261559,1598
1838,32,2,14.373298072972064,0.28746596145944125,0.44916556478037706,32,2,32,32,3,0.014846019612456018,334.0,0.49950001994147897,1598
1839,32,2,14.358452053359594,0.2871690410671919,0.44870162666748736,32,2,32,32,3,0.014846019612463124,334.0,0.4963999963365495,1598
1840,32,2,14.343606033747122,0.28687212067494244,0.4482376885545976,32,2,32,32,3,0.014846019612463124,334.0,0.5153999663889408,1598
1841,32,2,14.328760014134655,0.2865752002826931,0.4477737504417079,32,2,32,32,3,0.014846019612463124,334.0,0.520500005222857,1598
1842,32,2,14.313913994522181,0.28627827989044363,0.44730981232881817,32,2,32,32,3,0.014846019612456018,334.0,0.4975000047124922,1598
1843,32,2,14.299067974909711,0.2859813594981942,0.4468458742159285,32,2,32,32,3,0.014846019612463124,334.0,0.6896000122651458,1598
1844,32,2,14.284221955297241,0.2856844391059448,0.4463819361030388,32,2,32,32,3,0.014846019612463124,334.0,0.4236000240780413,1598
1845,32,2,14.269375935684769,0.2853875187136954,0.44591799799014903,32,2,32,32,3,0.014846019612456018,334.0,0.43029995867982507,1598
1846,32,2,14.254529916072297,0.28509059832144595,0.44545405987725933,32,2,32,32,3,0.014846019612463124,334.0,0.5177000421099365,1598
1847,32,2,14.239683896459828,0.2847936779291966,0.4449901217643696,32,2,32,32,3,0.01484601961247023,334.0,0.4637000383809209,1598
1848,32,2,14.224837876847355,0.2844967575369471,0.44452618365147983,32,2,32,32,3,0.014846019612463124,334.0,0.5510000046342611,1598
1849,32,2,14.209991857234886,0.2841998371446977,0.4440622455385902,32,2,32,32,3,0.014846019612456018,334.0,0.5460000247694552,1598
1850,32,2,14.195145837622414,0.2839029167524483,0.44359830742570044,32,2,32,32,3,0.014846019612456018,334.0,0.4898000042885542,1598
1851,32,2,14.180299818009942,0.28360599636019884,0.4431343693128107,32,2,32,32,3,0.014846019612463124,334.0,0.4167999722994864,1598
1852,32,2,14.165453798397474,0.28330907596794946,0.44267043119992106,32,2,32,32,3,0.014846019612463124,334.0,0.5061000119894743,1598
1853,32,2,14.150607778785002,0.28301215557570003,0.4422064930870313,32,2,32,32,3,0.014846019612463124,334.0,0.5367000121623278,1598
1854,32,2,14.13576175917253,0.2827152351834506,0.44174255497414155,32,2,32,32,3,0.014846019612463124,334.0,0.5119999987073243,1598
1855,32,2,14.120915739560058,0.28241831479120116,0.4412786168612518,32,2,32,32,3,0.014846019612463124,334.0,0.49180001951754093,1598
1856,32,2,14.106069719947588,0.28212139439895173,0.4408146787483621,32,2,32,32,3,0.014846019612456018,334.0,0.5278000026009977,1598
1857,32,2,14.091223700335117,0.28182447400670235,0.4403507406354724,32,2,32,32,3,0.01484601961247023,334.0,0.4934000317007303,1598
1858,32,2,14.076377680722647,0.2815275536144529,0.43988680252258267,32,2,32,32,3,0.014846019612456018,334.0,0.5305000231601298,1598
1859,32,2,14.061531661110175,0.2812306332222035,0.4394228644096929,32,2,32,32,3,0.014846019612463124,334.0,0.49290002789348364,1598
1860,32,2,14.046685641497705,0.2809337128299541,0.4389589262968033,32,2,32,32,3,0.014846019612456018,334.0,0.4906000103801489,1598
1861,32,2,14.031839621885235,0.2806367924377047,0.4384949881839135,32,2,32,32,3,0.014846019612463124,334.0,0.43760001426562667,1598
1862,32,2,14.01699360227276,0.28033987204545524,0.43803105007102383,32,2,32,32,3,0.014846019612463124,334.0,0.4276999970898032,1598
1863,31,2,14.003506073391373,0.28007012146782745,0.4517260023674636,31,1,31,14,3,0.013487528881384492,294.0,0.46419998398050666,1598
1864,31,2,13.989078420653499,0.27978156841307,0.451260594214629,31,2,31,31,3,0.01442765273787927,324.0,0.29940000968053937,1520
1865,31,2,13.97465076791563,0.2794930153583126,0.4507951860617945,31,2,31,31,3,0.014427652737872165,324.0,0.4916999605484307,1520
1866,31,2,13.960223115177758,0.27920446230355517,0.45032977790896,31,2,31,31,3,0.01442765273787927,324.0,0.5173999816179276,1520
1867,31,2,13.945795462439886,0.2789159092487977,0.44986436975612537,31,2,31,31,3,0.014427652737872165,324.0,0.5585000035353005,1520
1868,31,2,13.931367809702017,0.27862735619404033,0.44939896160329085,31,2,31,31,3,0.01442765273787927,324.0,0.3030999796465039,1520
1869,31,2,13.916940156964145,0.2783388031392829,0.4489335534504563,31,2,31,31,3,0.014427652737872165,324.0,0.2750999992713332,1520
1870,31,2,13.902512504226273,0.27805025008452544,0.44846814529762175,31,2,31,31,3,0.014427652737886376,324.0,0.32629998167976737,1520
1871,31,2,13.888084851488404,0.2777616970297681,0.4480027371447872,31,2,31,31,3,0.014427652737872165,324.0,0.5721999914385378,1520
1872,31,2,13.873657198750532,0.27747314397501066,0.44753732899195264,31,2,31,31,3,0.01442765273787927,324.0,0.40850002551451325,1520
1873,31,2,13.859229546012664,0.27718459092025327,0.4470719208391181,31,2,31,31,3,0.014427652737872165,324.0,0.40879996959120035,1520
1874,31,2,13.844801893274791,0.2768960378654958,0.4466065126862836,31,2,31,31,3,0.01442765273787927,324.0,0.47990004532039165,1520
1875,31,2,13.83037424053692,0.2766074848107384,0.4461411045334491,31,2,31,31,3,0.01442765273787927,324.0,0.5062000127509236,1520
1876,31,2,13.81594658779905,0.276318931755981,0.44567569638061455,31,2,31,31,3,0.014427652737872165,324.0,0.8444999693892896,1520
1877,31,2,13.801518935061178,0.27603037870122354,0.44521028822778,31,2,31,31,3,0.014427652737872165,324.0,0.4600000102072954,1520
1878,31,2,13.787091282323308,0.27574182564646615,0.44474488007494534,31,2,31,31,3,0.01442765273787927,324.0,0.5779999773949385,1520
1879,31,2,13.77266362958544,0.27545327259170876,0.44427947192211087,31,2,31,31,3,0.01442765273787927,324.0,0.4159999662078917,1520
1880,31,2,13.758235976847565,0.2751647195369513,0.4438140637692763,31,2,31,31,3,0.014427652737872165,324.0,0.7485999958589673,1520
1881,31,2,13.743808324109697,0.27487616648219393,0.44334865561644177,31,2,31,31,3,0.01442765273787927,324.0,0.46359997941181064,1520
1882,31,2,13.729380671371825,0.2745876134274365,0.4428832474636072,31,2,31,31,3,0.01442765273787927,324.0,0.5969000048935413,1520
1883,31,2,13.714953018633953,0.27429906037267904,0.44241783931077266,31,2,31,31,3,0.01442765273787927,324.0,0.4379999591037631,1520
1884,31,2,13.700525365896082,0.27401050731792165,0.4419524311579381,31,2,31,31,3,0.014427652737872165,324.0,0.5036999937146902,1520
1885,31,2,13.686097713158212,0.27372195426316426,0.4414870230051036,31,2,31,31,3,0.014427652737872165,324.0,0.4381999606266618,1520
1886,30,2,13.67457842007943,0.2734915684015886,0.4558192806693144,30,1,30,14,3,0.011519293078791293,294.0,0.5518000107258558,1520
1887,30,2,13.661073655446257,0.27322147310892514,0.45536912184820866,30,2,30,30,3,0.01350476463316852,314.0,0.43349998304620385,1441
1888,30,2,13.647568890813087,0.2729513778162617,0.45491896302710283,30,2,30,30,3,0.01350476463315431,314.0,0.36120001459494233,1441
1889,30,2,13.634064126179915,0.2726812825235983,0.4544688042059971,30,2,30,30,3,0.013504764633161415,314.0,0.31919998582452536,1441
1890,30,2,13.620559361546743,0.2724111872309349,0.4540186453848914,30,2,30,30,3,0.01350476463316852,314.0,0.44870004057884216,1441
1891,30,2,13.60705459691357,0.2721410919382714,0.4535684865637857,30,2,30,30,3,0.013504764633161415,314.0,0.4401999758556485,1441
1892,30,2,13.593549832280399,0.271870996645608,0.45311832774267996,30,2,30,30,3,0.013504764633161415,314.0,0.43050001841038465,1441
1893,30,2,13.580045067647227,0.2716009013529445,0.4526681689215742,30,2,30,30,3,0.01350476463315431,314.0,0.44760003220289946,1441
1894,30,2,13.566540303014055,0.2713308060602811,0.4522180101004685,30,2,30,30,3,0.01350476463316852,314.0,0.5171999800950289,1441
1895,30,2,13.553035538380882,0.2710607107676177,0.4517678512793628,30,2,30,30,3,0.01350476463316852,314.0,0.4683000151999295,1441
1896,30,2,13.53953077374771,0.2707906154749542,0.45131769245825704,30,2,30,30,3,0.013504764633147204,314.0,0.4539000219665468,1441
1897,30,2,13.52602600911454,0.2705205201822908,0.4508675336371513,30,2,30,30,3,0.013504764633161415,314.0,0.43539999751374125,1441
1898,30,2,13.51252124448137,0.2702504248896274,0.45041737481604555,30,2,30,30,3,0.01350476463316852,314.0,0.5158999701961875,1441
1899,30,2,13.499016479848194,0.2699803295969639,0.44996721599493983,30,2,30,30,3,0.013504764633161415,314.0,0.520800007507205,1441
1900,30,2,13.485511715215022,0.26971023430430047,0.449517057173834,30,2,30,30,3,0.013504764633161415,314.0,0.5068000173196197,1441
1901,30,2,13.47200695058185,0.269440139011637,0.44906689835272834,30,2,30,30,3,0.01350476463315431,314.0,0.4572999896481633,1441
1902,30,2,13.45850218594868,0.2691700437189736,0.4486167395316227,30,2,30,30,3,0.01350476463316852,314.0,0.5167999770492315,1441
1903,30,2,13.444997421315506,0.2688999484263101,0.44816658071051685,30,2,30,30,3,0.01350476463316852,314.0,0.5170999793335795,1441
1904,30,2,13.431492656682336,0.26862985313364673,0.4477164218894111,30,2,30,30,3,0.01350476463315431,314.0,0.8889999589882791,1441
1905,30,2,13.41798789204916,0.2683597578409832,0.44726626306830536,30,2,30,30,3,0.013504764633161415,314.0,0.4460999625734985,1441
1906,30,2,13.40448312741599,0.2680896625483198,0.4468161042471996,30,2,30,30,3,0.01350476463316852,314.0,0.5568999913521111,1441
1907,30,2,13.390978362782818,0.26781956725565637,0.4463659454260939,30,2,30,30,3,0.013504764633161415,314.0,0.3562999772839248,1441
1908,30,2,13.377473598149646,0.2675494719629929,0.4459157866049882,30,2,30,30,3,0.013504764633161415,314.0,0.4189000464975834,1441
1909,30,2,13.363968833516473,0.26727937667032947,0.4454656277838824,30,2,30,30,3,0.01350476463315431,314.0,0.43489999370649457,1441
1910,30,2,13.350464068883301,0.26700928137766605,0.4450154689627767,30,2,30,30,3,0.01350476463316852,314.0,0.5506000015884638,1441
1911,30,2,13.336959304250128,0.2667391860850026,0.444565310141671,30,2,30,30,3,0.013504764633161415,314.0,0.43979997280985117,1441
1912,30,2,13.323454539616955,0.2664690907923391,0.4441151513205651,30,2,30,30,3,0.01350476463315431,314.0,0.4764999612234533,1441
1913,30,2,13.309949774983782,0.26619899549967563,0.44366499249945945,30,2,30,30,3,0.013504764633161415,314.0,0.41390000842511654,1441
1914,30,2,13.296445010350611,0.2659289002070122,0.44321483367835374,30,2,30,30,3,0.01350476463316852,314.0,0.48450002213940024,1441
1915,30,2,13.282940245717437,0.26565880491434873,0.44276467485724796,30,2,30,30,3,0.013504764633161415,314.0,0.49840001156553626,1441
1916,30,2,13.269435481084267,0.26538870962168537,0.4423145160361422,30,2,30,30,3,0.013504764633161415,314.0,0.47910003922879696,1441
1917,30,2,13.255930716451095,0.2651186143290219,0.4418643572150364,30,2,30,30,3,0.01350476463315431,314.0,0.49890001537278295,1441
1918,30,2,13.242425951817921,0.2648485190363584,0.44141419839393065,30,2,30,30,3,0.01350476463316852,314.0,0.7932999869808555,1441
1919,30,2,13.228921187184747,0.26457842374369495,0.440964039572825,30,2,30,30,3,0.01350476463316852,314.0,0.4550999728962779,1441
1920,30,2,13.215416422551575,0.2643083284510315,0.44051388075171916,30,2,30,30,3,0.013504764633147204,314.0,0.410800043027848,1441
1921,30,2,13.201911657918403,0.26403823315836805,0.4400637219306134,30,2,30,30,3,0.013504764633161415,314.0,0.4224999574944377,1441
1922,30,2,13.188406893285231,0.26376813786570463,0.43961356310950767,30,2,30,30,3,0.01350476463316852,314.0,0.3893000539392233,1441
1923,30,2,13.17490212865206,0.26349804257304116,0.43916340428840195,30,2,30,30,3,0.013504764633161415,314.0,0.380899989977479,1441
1924,30,2,13.161397364018885,0.2632279472803777,0.4387132454672962,30,2,30,30,3,0.013504764633161415,314.0,0.4868999822065234,1441
1925,30,2,13.147892599385713,0.26295785198771426,0.4382630866461904,30,2,30,30,3,0.01350476463315431,314.0,0.40010001976042986,1441
1926,30,2,13.13438783475254,0.2626877566950508,0.43781292782508463,30,2,30,30,3,0.01350476463316852,314.0,0.408099964261055,1441
1927,30,2,13.120883070119365,0.2624176614023873,0.43736276900397897,30,2,30,30,3,0.01350476463316852,314.0,0.47939998330548406,1441
1928,30,2,13.107378305486195,0.2621475661097239,0.4369126101828732,30,2,30,30,3,0.01350476463315431,314.0,0.547699979506433,1441
1929,30,2,13.093873540853021,0.2618774708170604,0.4364624513617674,30,2,30,30,3,0.013504764633161415,314.0,0.46119996113702655,1441
1930,30,2,13.080368776219851,0.261607375524397,0.4360122925406617,30,2,30,30,3,0.01350476463316852,314.0,0.4974999465048313,1441
1931,30,2,13.066864011586677,0.2613372802317335,0.4355621337195558,30,2,30,30,3,0.013504764633161415,314.0,0.5405000410974026,1441
1932,30,2,13.053359246953505,0.2610671849390701,0.43511197489845005,30,2,30,30,3,0.013504764633161415,314.0,0.4773000255227089,1441
1933,30,2,13.039854482320333,0.2607970896464067,0.4346618160773444,30,2,30,30,3,0.01350476463315431,314.0,0.41529996087774634,1441
1934,30,2,13.02634971768716,0.26052699435374316,0.4342116572562386,30,2,30,30,3,0.01350476463316852,314.0,0.5219000158831477,1441
1935,30,2,13.012844953053985,0.2602568990610797,0.4337614984351329,30,2,30,30,3,0.01350476463316852,314.0,0.5348999984562397,1441
1936,30,2,12.999340188420813,0.25998680376841626,0.433311339614027,30,2,30,30,3,0.01350476463315431,314.0,0.5265999934636056,1441
1937,30,2,12.985835423787638,0.25971670847575273,0.43286118079292124,30,2,30,30,3,0.013504764633161415,314.0,0.4761999589391053,1441
1938,30,2,12.972330659154467,0.25944661318308937,0.43241102197181547,30,2,30,30,3,0.01350476463316852,314.0,0.4036999889649451,1441
1939,30,2,12.958825894521292,0.25917651789042584,0.43196086315070975,30,2,30,30,3,0.013504764633161415,314.0,0.48539997078478336,1441
1940,30,2,12.94532112988812,0.2589064225977624,0.431510704329604,30,2,30,30,3,0.013504764633161415,314.0,0.457499991171062,1441
1941,30,2,12.931816365254946,0.2586363273050989,0.43106054550849815,30,2,30,30,3,0.01350476463315431,314.0,0.4807999939657748,1441
1942,30,2,12.918311600621772,0.2583662320124354,0.4306103866873924,30,2,30,30,3,0.01350476463316852,314.0,0.5197999998927116,1441
1943,30,2,12.904806835988598,0.25809613671977194,0.4301602278662867,30,2,30,30,3,0.013504764633161415,314.0,1.1909999884665012,1441
1944,30,2,12.891302071355426,0.2578260414271085,0.42971006904518083,30,2,30,30,3,0.01350476463315431,314.0,0.3515999997034669,1441
1945,30,2,12.877797306722252,0.25755594613444505,0.42925991022407506,30,2,30,30,3,0.01350476463315431,314.0,0.42810000013560057,1441
1946,30,2,12.864292542089078,0.25728585084178157,0.4288097514029693,30,2,30,30,3,0.01350476463316852,314.0,0.5038999952375889,1441
1947,30,2,12.850787777455906,0.25701575554911815,0.42835959258186357,30,2,30,30,3,0.013504764633161415,314.0,1.0521000367589295,1441
1948,30,2,12.837283012822732,0.2567456602564546,0.42790943376075774,30,2,30,30,3,0.013504764633161415,314.0,0.4727999912574887,1441
1949,30,2,12.823778248189559,0.25647556496379115,0.427459274939652,30,2,30,30,3,0.01350476463315431,314.0,0.3586999955587089,1441
1950,30,2,12.810273483556385,0.2562054696711277,0.42700911611854614,30,2,30,30,3,0.01350476463316852,314.0,0.42610004311427474,1441
1951,30,2,12.79676871892321,0.2559353743784642,0.4265589572974404,30,2,30,30,3,0.01350476463316852,314.0,0.46529999235644937,1441
1952,30,2,12.783263954290039,0.2556652790858008,0.4261087984763345,30,2,30,30,3,0.01350476463315431,314.0,0.49000000581145287,1441
1953,30,2,12.769759189656865,0.2553951837931373,0.4256586396552288,30,2,30,30,3,0.013504764633161415,314.0,0.49100001342594624,1441
1954,30,2,12.756254425023693,0.2551250885004739,0.42520848083412305,30,2,30,30,3,0.01350476463316852,314.0,0.5681000184267759,1441
1955,30,2,12.742749660390519,0.25485499320781035,0.4247583220130173,30,2,30,30,3,0.013504764633161415,314.0,1.2122999760322273,1441
1956,30,2,12.729244895757343,0.2545848979151469,0.42430816319191156,30,2,30,30,3,0.013504764633161415,314.0,0.5652999971061945,1441
1957,30,2,12.71574013112417,0.2543148026224834,0.4238580043708057,30,2,30,30,3,0.01350476463315431,314.0,0.37910003447905183,1441
1958,30,2,12.702235366490997,0.25404470732981993,0.4234078455496999,30,2,30,30,3,0.01350476463316852,314.0,0.4070000140927732,1441
1959,30,2,12.688730601857824,0.25377461203715646,0.4229576867285942,30,2,30,30,3,0.01350476463316852,314.0,0.4172999761067331,1441
1960,30,2,12.675225837224652,0.25350451674449304,0.4225075279074884,30,2,30,30,3,0.01350476463315431,314.0,0.5433000042103231,1441
1961,30,2,12.661721072591478,0.25323442145182956,0.4220573690863826,30,2,30,30,3,0.013504764633161415,314.0,0.6197999464347959,1441
1962,30,2,12.648216307958304,0.2529643261591661,0.4216072102652768,30,2,30,30,3,0.01350476463316852,314.0,0.48970000352710485,1441
1963,30,2,12.634711543325128,0.25269423086650256,0.4211570514441709,30,2,30,30,3,0.013504764633161415,314.0,0.5005000275559723,1441
1964,30,2,12.621206778691956,0.25242413557383914,0.42070689262306515,30,2,30,30,3,0.013504764633161415,314.0,0.5324000376276672,1441
1965,30,2,12.607702014058782,0.25215404028117566,0.42025673380195944,30,2,30,30,3,0.01350476463315431,314.0,0.5019000382162631,1441
1966,30,2,12.59419724942561,0.2518839449885122,0.41980657498085366,30,2,30,30,3,0.01350476463316852,314.0,0.4922999651171267,1441
1967,30,2,12.580692484792436,0.2516138496958487,0.4193564161597479,30,2,30,30,3,0.01350476463316852,314.0,0.9068999788723886,1441
1968,30,2,12.567187720159263,0.25134375440318524,0.41890625733864206,30,2,30,30,3,0.01350476463315431,314.0,0.42669998947530985,1441
1969,30,2,12.553682955526087,0.25107365911052176,0.41845609851753623,30,2,30,30,3,0.01350476463315431,314.0,0.5072999629192054,1441
1970,30,2,12.540178190892915,0.2508035638178583,0.41800593969643046,30,2,30,30,3,0.01350476463316852,314.0,0.5287000094540417,1441
1971,30,2,12.526673426259741,0.2505334685251948,0.4175557808753247,30,2,30,30,3,0.013504764633161415,314.0,0.5253999843262136,1441
1972,30,2,12.513168661626569,0.2502633732325314,0.41710562205421897,30,2,30,30,3,0.013504764633161415,314.0,0.4974000039510429,1441
1973,30,2,12.499663896993395,0.2499932779398679,0.4166554632331131,30,2,30,30,3,0.01350476463315431,314.0,0.4163000266999006,1441
1974,30,2,12.486159132360221,0.24972318264720442,0.41620530441200737,30,2,30,30,3,0.01350476463316852,314.0,0.47850003466010094,1441
1975,30,2,12.472654367727047,0.24945308735454094,0.41575514559090165,30,2,30,30,3,0.01350476463316852,314.0,0.5100999842397869,1441
1976,30,2,12.459149603093874,0.24918299206187747,0.41530498676979577,30,2,30,30,3,0.013504764633147204,314.0,0.49380003474652767,1441
1977,30,2,12.4456448384607,0.248912896769214,0.41485482794869005,30,2,30,30,3,0.013504764633161415,314.0,0.527900003362447,1441
1978,30,2,12.432140073827528,0.24864280147655055,0.4144046691275843,30,2,30,30,3,0.01350476463316852,314.0,0.5188999930396676,1441
1979,29,2,12.422508803815768,0.24845017607631537,0.42836237254537124,29,1,29,6,3,0.009631270011752235,134.0,0.5430000019259751,1441
1980,29,1,12.408583805748975,0.2481716761149795,0.4278822001982405,29,1,29,29,2,0.013924998066791261,594.0,0.33299997448921204,1338
1981,29,1,12.394658807682188,0.24789317615364376,0.42740202785110987,29,1,29,29,2,0.013924998066784156,594.0,0.42749999556690454,1338
1982,29,1,12.380733809615393,0.24761467619230784,0.426921855503979,29,1,29,29,2,0.013924998066791261,594.0,0.6405999884009361,1338
1983,29,1,12.366808811548601,0.24733617623097204,0.42644168315684833,29,1,29,29,2,0.013924998066784156,594.0,0.43320003896951675,1338
1984,29,1,12.35288381348181,0.2470576762696362,0.4259615108097176,29,1,29,29,2,0.013924998066791261,594.0,0.6469999789260328,1338
1985,29,1,12.338958815415019,0.24677917630830037,0.4254813384625869,29,1,29,29,2,0.013924998066791261,594.0,0.42150000808760524,1338
1986,29,1,12.325033817348228,0.24650067634696454,0.42500116611545613,29,1,29,29,2,0.013924998066791261,594.0,0.4773999680764973,1338
1987,29,1,12.311108819281435,0.24622217638562868,0.4245209937683253,29,1,29,29,2,0.013924998066784156,594.0,0.7020999910309911,1338
1988,29,1,12.297183821214645,0.2459436764242929,0.4240408214211946,29,1,29,29,2,0.013924998066791261,594.0,0.4741000011563301,1338
1989,29,1,12.283258823147852,0.24566517646295705,0.42356064907406393,29,1,29,29,2,0.013924998066784156,594.0,0.3964999923482537,1338
1990,29,1,12.269333825081063,0.24538667650162124,0.42308047672693305,29,1,29,29,2,0.013924998066798366,594.0,0.6431000074371696,1338
1991,29,1,12.25540882701427,0.24510817654028538,0.4226003043798024,29,1,29,29,2,0.013924998066784156,594.0,0.33270003041252494,1338
1992,29,1,12.24148382894748,0.2448296765789496,0.4221201320326717,29,1,29,29,2,0.013924998066791261,594.0,0.28310000197961926,1338
1993,29,1,12.227558830880685,0.24455117661761372,0.421639959685541,29,1,29,29,2,0.01392499806677705,594.0,0.2579999854788184,1338
1994,29,1,12.213633832813898,0.24427267665627794,0.42115978733841025,29,1,29,29,2,0.013924998066791261,594.0,0.2666999935172498,1338
1995,29,1,12.199708834747105,0.24399417669494208,0.4206796149912795,29,1,29,29,2,0.013924998066784156,594.0,0.3071000101044774,1338
1996,29,1,12.185783836680312,0.24371567673360622,0.4201994426441486,29,1,29,29,2,0.013924998066791261,594.0,0.5122000002302229,1338
1997,29,1,12.171858838613522,0.24343717677227045,0.419719270297018,29,1,29,29,2,0.013924998066784156,594.0,0.4186999867670238,1338
1998,29,1,12.15793384054673,0.24315867681093462,0.4192390979498873,29,1,29,29,2,0.013924998066791261,594.0,0.4123999970033765,1338
1999,29,1,12.14400884247994,0.24288017684959878,0.41875892560275657,29,1,29,29,2,0.013924998066784156,594.0,0.44599996181204915,1338
2000,28,1,12.131284108086405,0.24262568216172808,0.4332601467173715,28,0,28,0,2,0.012724734393543713,0.0,0.4697000258602202,1338
2001,28,1,12.118252833187402,0.24236505666374802,0.43279474404240714,28,1,28,28,2,0.01303127489897804,574.0,0.38380001205950975,1263
2002,28,1,12.1052215582884,0.24210443116576802,0.4323293413674429,28,1,28,28,2,0.013031274898992251,574.0,0.4681999562308192,1263
2003,28,1,12.092190283389398,0.24184380566778796,0.4318639386924784,28,1,28,28,2,0.013031274898992251,574.0,0.513100007083267,1263
2004,28,1,12.079159008490397,0.24158318016980793,0.4313985360175142,28,1,28,28,2,0.013031274898992251,574.0,0.40309998439624906,1263
2005,28,1,12.066127733591394,0.24132255467182787,0.4309331333425498,28,1,28,28,2,0.013031274898985146,574.0,0.4770000232383609,1263
2006,28,1,12.05309645869239,0.2410619291738478,0.4304677306675854,28,1,28,28,2,0.013031274898992251,574.0,0.7523000240325928,1263
2007,28,1,12.04006518379339,0.2408013036758678,0.4300023279926211,28,1,28,28,2,0.01303127489897804,574.0,0.4732999950647354,1263
2008,28,1,12.027033908894387,0.24054067817788774,0.4295369253176567,28,1,28,28,2,0.013031274898999357,574.0,0.6405999884009361,1263
2009,28,1,12.014002633995384,0.24028005267990768,0.4290715226426923,28,1,28,28,2,0.013031274898985146,574.0,0.4697000258602202,1263
2010,28,1,12.000971359096384,0.2400194271819277,0.428606119967728,28,1,28,28,2,0.013031274898992251,574.0,0.513100007083267,1263
2011,28,1,11.98794008419738,0.2397588016839476,0.42814071729276365,28,1,28,28,2,0.013031274898985146,574.0,0.8928999886848032,1263
2012,28,1,11.974908809298379,0.23949817618596758,0.42767531461779923,28,1,28,28,2,0.013031274898992251,574.0,0.47400000039488077,1263
2013,28,1,11.961877534399376,0.23923755068798752,0.4272099119428349,28,1,28,28,2,0.013031274898992251,574.0,0.3695000195875764,1263
2014,28,1,11.948846259500375,0.2389769251900075,0.4267445092678705,28,1,28,28,2,0.013031274898992251,574.0,0.3828000044450164,1263
2015,28,1,11.935814984601372,0.23871629969202743,0.42627910659290613,28,1,28,28,2,0.01303127489897804,574.0,0.44999999227002263,1263
2016,28,1,11.92278370970237,0.23845567419404742,0.4258137039179418,28,1,28,28,2,0.013031274898992251,574.0,0.47019997145980597,1263
2017,28,1,11.909752434803368,0.23819504869606736,0.4253483012429774,28,1,28,28,2,0.013031274898985146,574.0,0.5249999812804163,1263
2018,28,1,11.896721159904367,0.23793442319808733,0.4248828985680131,28,1,28,28,2,0.013031274898992251,574.0,0.37020002491772175,1263
2019,28,1,11.883689885005365,0.2376737977001073,0.4244174958930487,28,1,28,28,2,0.013031274898985146,574.0,0.4876999882981181,1263
2020,28,1,11.870658610106364,0.2374131722021273,0.42395209321808436,28,1,28,28,2,0.013031274898992251,574.0,0.5006999708712101,1263
2021,28,1,11.857627335207361,0.23715254670414723,0.4234866905431201,28,1,28,28,2,0.013031274898985146,574.0,0.514600018505007,1263
2022,28,1,11.844596060308358,0.23689192120616717,0.4230212878681557,28,1,28,28,2,0.013031274898999357,574.0,0.4827000084333122,1263
2023,28,1,11.831564785409357,0.23663129570818714,0.42255588519319126,28,1,28,28,2,0.01303127489897804,574.0,0.39790000300854445,1263
2024,28,1,11.818533510510356,0.23637067021020713,0.422090482518227,28,1,28,28,2,0.013031274898992251,574.0,0.2609000075608492,1263
2025,27,1,11.811169387251168,0.23622338774502336,0.43745071804633956,27,0,27,0,2,0.007364123259186783,0.0,0.41879998752847314,1263
2026,27,1,11.798512415227345,0.23597024830454688,0.43698194130471646,27,1,27,27,2,0.012656972023833646,554.0,0.6131000118330121,1190
2027,27,1,11.78585544320352,0.2357171088640704,0.4365131645630933,27,1,27,27,2,0.01265697202382654,554.0,0.5594000103883445,1190
2028,27,1,11.773198471179693,0.23546396942359388,0.43604438782147015,27,1,27,27,2,0.01265697202382654,554.0,0.3966999938711524,1190
2029,27,1,11.760541499155869,0.23521082998311738,0.43557561107984694,27,1,27,27,2,0.01265697202382654,554.0,0.3643999807536602,1190
2030,27,1,11.747884527132046,0.2349576905426409,0.4351068343382239,27,1,27,27,2,0.01265697202382654,554.0,0.3567999810911715,1190
2031,27,1,11.735227555108219,0.23470455110216437,0.4346380575966006,27,1,27,27,2,0.012656972023833646,554.0,0.3893999964930117,1190
2032,27,1,11.722570583084394,0.2344514116616879,0.43416928085497764,27,1,27,27,2,0.012656972023833646,554.0,0.4493999877013266,1190
2033,27,1,11.709913611060571,0.23419827222121142,0.4337005041133544,27,1,27,27,2,0.012656972023819435,554.0,0.47500000800937414,1190
2034,27,1,11.697256639036747,0.23394513278073492,0.4332317273717314,27,1,27,27,2,0.01265697202382654,554.0,0.458399998024106,1190
2035,27,1,11.684599667012918,0.23369199334025836,0.43276295063010817,27,1,27,27,2,0.012656972023833646,554.0,0.4534999607130885,1190
2036,27,1,11.671942694989095,0.23343885389978192,0.43229417388848507,27,1,27,27,2,0.01265697202382654,554.0,0.4296000115573406,1190
2037,27,1,11.65928572296527,0.23318571445930542,0.4318253971468618,27,1,27,27,2,0.012656972023833646,554.0,0.4498999915085733,1190
2038,27,1,11.646628750941446,0.2329325750188289,0.4313566204052388,27,1,27,27,2,0.012656972023819435,554.0,0.42479997500777245,1190
2039,27,1,11.633971778917621,0.2326794355783524,0.4308878436636156,27,1,27,27,2,0.01265697202382654,554.0,0.43130002450197935,1190
2040,27,1,11.621314806893798,0.23242629613787597,0.43041906692199244,27,1,27,27,2,0.012656972023833646,554.0,0.45849999878555536,1190
2041,27,1,11.60865783486997,0.23217315669739938,0.42995029018036923,27,1,27,27,2,0.01265697202382654,554.0,0.4827999509871006,1190
2042,27,1,11.596000862846145,0.2319200172569229,0.42948151343874613,27,1,27,27,2,0.012656972023833646,554.0,0.43889996595680714,1190
2043,27,1,11.58334389082232,0.2316668778164464,0.42901273669712303,27,1,27,27,2,0.01265697202382654,554.0,0.367300002835691,1190
2044,27,1,11.570686918798497,0.23141373837596993,0.4285439599554998,27,1,27,27,2,0.012656972023819435,554.0,0.4385000211186707,1190
2045,27,1,11.55802994677467,0.2311605989354934,0.42807518321387666,27,1,27,27,2,0.012656972023833646,554.0,0.5029999883845448,1190
2046,27,1,11.545372974750848,0.23090745949501695,0.4276064064722536,27,1,27,27,2,0.012656972023833646,554.0,0.5528000183403492,1190
2047,27,1,11.532716002727021,0.23065432005454042,0.4271376297306304,27,1,27,27,2,0.01265697202382654,554.0,0.5103999865241349,1190
2048,27,1,11.520059030703194,0.2304011806140639,0.42666885298900725,27,1,27,27,2,0.01265697202382654,554.0,0.5003000260330737,1190
2049,27,1,11.50740205867937,0.2301480411735874,0.42620007624738404,27,1,27,27,2,0.01265697202382654,554.0,0.4469999694265425,1190
2050,27,1,11.494745086655545,0.2298949017331109,0.425731299505761,27,1,27,27,2,0.01265697202382654,554.0,0.9217000333592296,1190
2051,27,1,11.48208811463172,0.22964176229263442,0.4252625227641378,27,1,27,27,2,0.012656972023833646,554.0,0.521700014360249,1190
2052,27,1,11.469431142607897,0.22938862285215794,0.4247937460225147,27,1,27,27,2,0.012656972023819435,554.0,0.5108000477775931,1190
2053,27,1,11.45677417058407,0.2291354834116814,0.42432496928089153,27,1,27,27,2,0.012656972023833646,554.0,0.46880001900717616,1190
2054,27,1,11.444117198560246,0.2288823439712049,0.4238561925392684,27,1,27,27,2,0.012656972023833646,554.0,0.609199982136488,1190
2055,27,1,11.431460226536421,0.22862920453072844,0.4233874157976452,27,1,27,27,2,0.012656972023819435,554.0,0.4883999936282635,1190
2056,27,1,11.418803254512596,0.22837606509025193,0.42291863905602206,27,1,27,27,2,0.012656972023833646,554.0,0.39840000681579113,1190
2057,27,1,11.406146282488772,0.22812292564977543,0.4224498623143989,27,1,27,27,2,0.01265697202382654,554.0,0.40520000038668513,1190
2058,27,1,11.393489310464947,0.22786978620929893,0.4219810855727758,27,1,27,27,2,0.01265697202382654,554.0,0.45410002348944545,1190
2059,27,1,11.380832338441122,0.22761664676882243,0.42151230883115276,27,1,27,27,2,0.012656972023833646,554.0,0.43000001460313797,1190
2060,27,1,11.368175366417297,0.22736350732834595,0.42104353208952955,27,1,27,27,2,0.01265697202382654,554.0,0.42370002483949065,1190
2061,27,1,11.35551839439347,0.22711036788786942,0.42057475534790634,27,1,27,27,2,0.012656972023819435,554.0,0.4925999674014747,1190
2062,27,1,11.342861422369646,0.22685722844739292,0.42010597860628324,27,1,27,27,2,0.012656972023833646,554.0,0.4884999943897128,1190
2063,27,1,11.330204450345821,0.22660408900691642,0.41963720186465997,27,1,27,27,2,0.01265697202382654,554.0,0.48069999320432544,1190
2064,27,1,11.317547478321996,0.22635094956643992,0.419168425123037,27,1,27,27,2,0.012656972023833646,554.0,0.46790001215413213,1190
2065,27,1,11.304890506298173,0.22609781012596347,0.41869964838141377,27,1,27,27,2,0.01265697202382654,554.0,0.9464000468142331,1190
2066,27,1,11.292233534274349,0.22584467068548697,0.4182308716397906,27,1,27,27,2,0.012656972023819435,554.0,0.4787000361829996,1190
2067,27,1,11.27957656225052,0.2255915312450104,0.4177620948981674,27,1,27,27,2,0.012656972023833646,554.0,0.5255000432953238,1190
2068,27,1,11.266919590226696,0.2253383918045339,0.4172933181565443,27,1,27,27,2,0.012656972023833646,554.0,0.48160000005736947,1190
2069,27,1,11.254262618202869,0.22508525236405738,0.41682454141492103,27,1,27,27,2,0.01265697202382654,554.0,0.4792999825440347,1190
2070,27,1,11.241605646179044,0.22483211292358088,0.41635576467329793,27,1,27,27,2,0.012656972023819435,554.0,0.5000000237487257,1190
2071,27,1,11.228948674155218,0.22457897348310435,0.4158869879316748,27,1,27,27,2,0.012656972023833646,554.0,0.5039999959990382,1190
2072,27,1,11.216291702131393,0.22432583404262785,0.4154182111900517,27,1,27,27,2,0.01265697202382654,554.0,0.8227999787777662,1190
2073,27,1,11.203634730107566,0.22407269460215132,0.4149494344484283,27,1,27,27,2,0.012656972023833646,554.0,0.42039999971166253,1190
2074,27,1,11.19097775808374,0.2238195551616748,0.4144806577068052,27,1,27,27,2,0.01265697202382654,554.0,0.4867999814450741,1190
2075,27,1,11.178320786059915,0.2235664157211983,0.41401188096518204,27,1,27,27,2,0.01265697202382654,554.0,0.5054999492131174,1190
2076,27,1,11.165663814036089,0.22331327628072178,0.4135431042235589,27,1,27,27,2,0.01265697202382654,554.0,0.9583000210113823,1190
2077,27,1,11.153006842012264,0.22306013684024528,0.4130743274819357,27,1,27,27,2,0.01265697202382654,554.0,0.598300015553832,1190
2078,27,1,11.140349869988441,0.2228069973997688,0.4126055507403126,27,1,27,27,2,0.012656972023833646,554.0,0.5512000061571598,1190
2079,27,1,11.127692897964613,0.22255385795929225,0.41213677399868937,27,1,27,27,2,0.012656972023833646,554.0,0.4915000172331929,1190
2080,27,1,11.115035925940786,0.22230071851881572,0.41166799725706615,27,1,27,27,2,0.012656972023819435,554.0,0.4529999569058418,1190
2081,27,1,11.102378953916961,0.22204757907833922,0.41119922051544294,27,1,27,27,2,0.01265697202382654,554.0,0.7792999967932701,1190
2082,27,1,11.089721981893135,0.2217944396378627,0.4107304437738198,27,1,27,27,2,0.012656972023833646,554.0,0.4005000228062272,1190
2083,27,1,11.07706500986931,0.2215413001973862,0.4102616670321966,27,1,27,27,2,0.01265697202382654,554.0,0.4731999943032861,1190
2084,27,1,11.064408037845483,0.22128816075690966,0.4097928902905735,27,1,27,27,2,0.01265697202382654,554.0,0.46800001291558146,1190
2085,27,1,11.051751065821659,0.22103502131643318,0.4093241135489503,27,1,27,27,2,0.012656972023833646,554.0,0.46419998398050666,1190
2086,27,1,11.039094093797832,0.22078188187595665,0.4088553368073271,27,1,27,27,2,0.01265697202382654,554.0,0.5022999830543995,1190
2087,27,1,11.026437121774006,0.22052874243548012,0.4083865600657039,27,1,27,27,2,0.01265697202382654,554.0,0.525799987372011,1190
2088,27,1,11.01378014975018,0.22027560299500362,0.4079177833240808,27,1,27,27,2,0.01265697202382654,554.0,0.48889999743551016,1190
2089,27,1,11.001123177726354,0.2200224635545271,0.4074490065824575,27,1,27,27,2,0.01265697202382654,554.0,0.4931000294163823,1190
2090,27,1,10.98846620570253,0.2197693241140506,0.40698022984083443,27,1,27,27,2,0.012656972023833646,554.0,0.47420000191777945,1190
2091,27,1,10.975809233678703,0.21951618467357406,0.4065114530992113,27,1,27,27,2,0.01265697202382654,554.0,0.39170001400634646,1190
2092,27,1,10.963152261654876,0.21926304523309753,0.406042676357588,27,1,27,27,2,0.01265697202382654,554.0,0.4867999814450741,1190
2093,27,1,10.95049528963105,0.219009905792621,0.4055738996159648,27,1,27,27,2,0.01265697202382654,554.0,0.597700010985136,1190
2094,27,1,10.937838317607225,0.2187567663521445,0.40510512287434175,27,1,27,27,2,0.01265697202382654,554.0,0.37079997127875686,1190
2095,27,1,10.925181345583399,0.21850362691166797,0.4046363461327185,27,1,27,27,2,0.012656972023833646,554.0,0.3868999774567783,1190
2096,27,1,10.912524373559574,0.21825048747119147,0.4041675693910953,27,1,27,27,2,0.012656972023833646,554.0,0.40740001713857055,1190
2097,27,1,10.899867401535747,0.21799734803071494,0.40369879264947217,27,1,27,27,2,0.012656972023819435,554.0,0.44710002839565277,1190
2098,27,1,10.887210429511924,0.2177442085902385,0.40323001590784896,27,1,27,27,2,0.01265697202382654,554.0,0.39870000910013914,1190
2099,27,1,10.874553457488094,0.21749106914976188,0.4027612391662258,27,1,27,27,2,0.01265697202382654,554.0,0.42240001494064927,1190
2100,27,1,10.861896485464271,0.21723792970928543,0.4022924624246027,27,1,27,27,2,0.012656972023833646,554.0,0.3784999717026949,1190
2101,27,1,10.849239513440443,0.21698479026880885,0.40182368568297944,27,1,27,27,2,0.012656972023833646,554.0,0.5029999883845448,1190
2102,27,1,10.83658254141662,0.2167316508283324,0.4013549089413563,27,1,27,27,2,0.01265697202381233,554.0,0.411400047596544,1190
2103,27,1,10.823925569392795,0.2164785113878559,0.40088613219973307,27,1,27,27,2,0.012656972023833646,554.0,0.3758000093512237,1190
2104,27,1,10.81126859736897,0.2162253719473794,0.40041735545811,27,1,27,27,2,0.012656972023833646,554.0,0.2511999919079244,1190
2105,27,1,10.798611625345142,0.21597223250690284,0.39994857871648676,27,1,27,27,2,0.01265697202382654,554.0,0.4822000046260655,1190
2106,27,1,10.785954653321317,0.21571909306642634,0.3994798019748636,27,1,27,27,2,0.012656972023833646,554.0,0.7782999891787767,1190
2107,27,1,10.77329768129749,0.2154659536259498,0.3990110252332404,27,1,27,27,2,0.01265697202382654,554.0,0.37869997322559357,1190
2108,26,1,10.764161624528125,0.2152832324905625,0.41400621632800483,26,0,26,0,2,0.009136056769364131,0.0,0.3869999782182276,1190
2109,26,1,10.752002424506554,0.21504004849013106,0.4135385547887136,26,1,26,26,2,0.012159200021571337,534.0,0.5323999794200063,1119
2110,26,1,10.739843224484982,0.21479686448969965,0.41307089324942237,26,1,26,26,2,0.012159200021564232,534.0,0.48589997459203005,1119
2111,26,1,10.727684024463413,0.21455368048926826,0.41260323171013125,26,1,26,26,2,0.012159200021542915,534.0,0.457499991171062,1119
2112,26,1,10.715524824441843,0.21431049648883685,0.4121355701708402,26,1,26,26,2,0.012159200021571337,534.0,0.41969999438151717,1119
2113,26,1,10.703365624420272,0.21406731248840544,0.41166790863154884,26,1,26,26,2,0.012159200021571337,534.0,0.39930001366883516,1119
2114,26,1,10.691206424398702,0.21382412848797405,0.4112002470922578,26,1,26,26,2,0.01215920002155002,534.0,0.3562000347301364,1119
2115,26,1,10.67904722437713,0.2135809444875426,0.41073258555296654,26,1,26,26,2,0.012159200021557126,534.0,0.3695000195875764,1119
2116,26,1,10.666888024355561,0.21333776048711123,0.4102649240136754,26,1,26,26,2,0.012159200021571337,534.0,0.3654999891296029,1119
2117,26,1,10.654728824333988,0.21309457648667976,0.40979726247438425,26,1,26,26,2,0.012159200021564232,534.0,0.438000017311424,1119
2118,26,1,10.64256962431242,0.2128513924862484,0.4093296009350931,26,1,26,26,2,0.01215920002155002,534.0,0.4466999671421945,1119
2119,26,1,10.63041042429085,0.21260820848581702,0.40886193939580195,26,1,26,26,2,0.012159200021564232,534.0,0.4406999796628952,1119
2120,26,1,10.618251224269276,0.21236502448538552,0.4083942778565106,26,1,26,26,2,0.012159200021564232,534.0,0.5237000295892358,1119
2121,26,1,10.606092024247708,0.21212184048495417,0.40792661631721955,26,1,26,26,2,0.012159200021564232,534.0,0.5986000178381801,1119
2122,26,1,10.593932824226137,0.21187865648452273,0.4074589547779283,26,1,26,26,2,0.012159200021557126,534.0,0.527600001078099,1119
2123,26,1,10.581773624204567,0.21163547248409134,0.40699129323863714,26,1,26,26,2,0.012159200021557126,534.0,0.4943999811075628,1119
2124,26,1,10.569614424182996,0.21139228848365993,0.4065236316993459,26,1,26,26,2,0.012159200021564232,534.0,0.4604999558068812,1119
2125,26,1,10.557455224161425,0.2111491044832285,0.40605597016005485,26,1,26,26,2,0.012159200021564232,534.0,0.4602000117301941,1119
2126,26,1,10.545296024139853,0.21090592048279708,0.40558830862076356,26,1,26,26,2,0.012159200021557126,534.0,0.45900000259280205,1119
2127,26,1,10.533136824118285,0.21066273648236572,0.40512064708147244,26,1,26,26,2,0.012159200021557126,534.0,0.4463000223040581,1119
2128,26,1,10.520977624096714,0.21041955248193428,0.4046529855421813,26,1,26,26,2,0.012159200021564232,534.0,0.45980000868439674,1119
2129,26,1,10.508818424075143,0.21017636848150287,0.4041853240028901,26,1,26,26,2,0.012159200021564232,534.0,0.46390003990381956,1119
2130,26,1,10.496659224053571,0.20993318448107143,0.4037176624635989,26,1,26,26,2,0.012159200021557126,534.0,0.44380000326782465,1119
2131,26,1,10.484500024032002,0.20969000048064004,0.40325000092430774,26,1,26,26,2,0.012159200021557126,534.0,0.45140000293031335,1119
2132,26,1,10.47234082401043,0.2094468164802086,0.40278233938501656,26,1,26,26,2,0.012159200021571337,534.0,0.4600000102072954,1119
2133,26,1,10.46018162398886,0.2092036324797772,0.40231467784572533,26,1,26,26,2,0.012159200021564232,534.0,0.44979999074712396,1119
2134,26,1,10.44802242396729,0.2089604484793458,0.4018470163064342,26,1,26,26,2,0.01215920002155002,534.0,0.4501999937929213,1119
2135,26,1,10.43586322394572,0.2087172644789144,0.4013793547671431,26,1,26,26,2,0.012159200021564232,534.0,0.4634000360965729,1119
2136,26,1,10.423704023924147,0.20847408047848293,0.40091169322785186,26,1,26,26,2,0.012159200021564232,534.0,0.5501999985426664,1119
2137,26,1,10.411544823902577,0.20823089647805154,0.4004440316885606,26,1,26,26,2,0.012159200021557126,534.0,0.4675999516621232,1119
2138,26,1,10.399385623881008,0.20798771247762016,0.3999763701492695,26,1,26,26,2,0.012159200021564232,534.0,0.48230000538751483,1119
2139,26,1,10.387226423859435,0.2077445284771887,0.3995087086099783,26,1,26,26,2,0.012159200021564232,534.0,0.46419998398050666,1119
2140,26,1,10.375067223837867,0.20750134447675733,0.3990410470706871,26,1,26,26,2,0.01215920002155002,534.0,0.49400003626942635,1119
2141,26,1,10.362908023816294,0.20725816047632586,0.39857338553139593,26,1,26,26,2,0.012159200021571337,534.0,0.45760005014017224,1119
2142,26,1,10.350748823794722,0.20701497647589445,0.39810572399210475,26,1,26,26,2,0.012159200021564232,534.0,0.6768999737687409,1119
2143,26,1,10.338589623773153,0.20677179247546307,0.3976380624528136,26,1,26,26,2,0.012159200021542915,534.0,0.4167999722994864,1119
2144,26,1,10.326430423751585,0.2065286084750317,0.39717040091352246,26,1,26,26,2,0.012159200021571337,534.0,0.4093999741598964,1119
2145,26,1,10.314271223730012,0.20628542447460024,0.39670273937423123,26,1,26,26,2,0.012159200021571337,534.0,0.5247999797575176,1119
2146,26,1,10.302112023708442,0.20604224047416886,0.3962350778349401,26,1,26,26,2,0.012159200021557126,534.0,0.451600004453212,1119
2147,26,1,10.289952823686871,0.20579905647373742,0.3957674162956489,26,1,26,26,2,0.01215920002155002,534.0,0.8155000396072865,1119
2148,26,1,10.2777936236653,0.205555872473306,0.3952997547563577,26,1,26,26,2,0.012159200021571337,534.0,0.7153000333346426,1119
2149,26,1,10.265634423643728,0.20531268847287457,0.39483209321706647,26,1,26,26,2,0.012159200021564232,534.0,0.5017999792471528,1119
2150,26,1,10.253475223622159,0.20506950447244318,0.39436443167777535,26,1,26,26,2,0.012159200021557126,534.0,0.4379000165499747,1119
2151,26,1,10.241316023600588,0.20482632047201174,0.3938967701384841,26,1,26,26,2,0.012159200021557126,534.0,0.48290000995621085,1119
2152,26,1,10.229156823579014,0.2045831364715803,0.3934291085991929,26,1,26,26,2,0.012159200021564232,534.0,0.3428999916650355,1119
2153,26,1,10.216997623557445,0.2043399524711489,0.3929614470599017,26,1,26,26,2,0.012159200021564232,534.0,0.27160003082826734,1119
2154,26,1,10.204838423535874,0.20409676847071748,0.3924937855206104,26,1,26,26,2,0.012159200021557126,534.0,0.3997000167146325,1119
2155,26,1,10.192679223514302,0.20385358447028604,0.3920261239813193,26,1,26,26,2,0.012159200021557126,534.0,0.4151000175625086,1119
2156,26,1,10.180520023492729,0.20361040046985457,0.391558462442028,26,1,26,26,2,0.012159200021564232,534.0,0.40229997830465436,1119
2157,26,1,10.168360823471158,0.20336721646942316,0.3910908009027369,26,1,26,26,2,0.012159200021571337,534.0,0.4000000189989805,1119
2158,26,1,10.156201623449585,0.2031240324689917,0.39062313936344556,26,1,26,26,2,0.01215920002155002,534.0,0.4458000184968114,1119
2159,26,1,10.144042423428017,0.20288084846856033,0.39015547782415444,26,1,26,26,2,0.012159200021557126,534.0,0.43590000132098794,1119
2160,26,1,10.131883223406444,0.20263766446812886,0.3896878162848632,26,1,26,26,2,0.012159200021564232,534.0,0.3825000021606684,1119
2161,26,1,10.119724023384872,0.20239448046769745,0.38922015474557203,26,1,26,26,2,0.012159200021564232,534.0,0.5177000421099365,1119
2162,26,1,10.107564823363301,0.202151296467266,0.3887524932062808,26,1,26,26,2,0.012159200021564232,534.0,0.48729998525232077,1119
2163,26,1,10.095405623341732,0.20190811246683463,0.3882848316669896,26,1,26,26,2,0.01215920002155002,534.0,0.40690001333132386,1119
2164,26,1,10.083246423320158,0.20166492846640316,0.3878171701276984,26,1,26,26,2,0.012159200021571337,534.0,0.5025999853387475,1119
2165,26,1,10.071087223298585,0.20142174446597172,0.3873495085884072,26,1,26,26,2,0.012159200021564232,534.0,0.4029000410810113,1119
2166,26,1,10.058928023277014,0.20117856046554028,0.386881847049116,26,1,26,26,2,0.01215920002155002,534.0,0.4363000043667853,1119
2167,26,1,10.046768823255443,0.20093537646510884,0.38641418550982476,26,1,26,26,2,0.012159200021564232,534.0,0.40090002585202456,1119
2168,26,1,10.034609623233871,0.20069219246467743,0.38594652397053353,26,1,26,26,2,0.012159200021571337,534.0,0.5071000196039677,1119
2169,26,1,10.0224504232123,0.200449008464246,0.3854788624312423,26,1,26,26,2,0.01215920002155002,534.0,0.7243999862112105,1119
2170,26,1,10.01029122319073,0.2002058244638146,0.3850112008919512,26,1,26,26,2,0.012159200021564232,534.0,0.40200003422796726,1119
2171,26,1,9.998132023169157,0.19996264046338313,0.3845435393526599,26,1,26,26,2,0.012159200021564232,534.0,0.5691999685950577,1119
2172,26,1,9.985972823147588,0.19971945646295175,0.38407587781336877,26,1,26,26,2,0.01215920002155002,534.0,0.35170000046491623,1119
2173,25,1,9.974225971072908,0.19948451942145817,0.3989690388429164,26,1,26,25,2,0.011746852074672631,534.0,0.31209998996928334,1119
2174,25,1,9.962542625131173,0.19925085250262345,0.3985017050052469,25,1,25,25,2,0.011683345941726486,514.0,0.38330000825226307,1038
2175,25,1,9.950859279189437,0.19901718558378875,0.3980343711675774,25,1,25,25,2,0.011683345941726486,514.0,0.4558999789878726,1038
2176,25,1,9.939175933247702,0.19878351866495403,0.39756703732990806,25,1,25,25,2,0.011683345941726486,514.0,0.38320000749081373,1038
2177,25,1,9.927492587305965,0.1985498517461193,0.3970997034922386,25,1,25,25,2,0.01168334594171938,514.0,0.4561000387184322,1038
2178,25,1,9.91580924136423,0.19831618482728458,0.39663236965456916,25,1,25,25,2,0.011683345941733592,514.0,0.25619997177273035,1038
2179,25,1,9.904125895422494,0.19808251790844988,0.3961650358168997,25,1,25,25,2,0.011683345941712275,514.0,0.4456000169739127,1038
2180,25,1,9.892442549480759,0.19784885098961516,0.3956977019792303,25,1,25,25,2,0.011683345941733592,514.0,0.38700003642588854,1038
2181,25,1,9.88075920353902,0.19761518407078038,0.39523036814156076,25,1,25,25,2,0.011683345941726486,514.0,0.25560002541169524,1038
2182,25,1,9.869075857597286,0.1973815171519457,0.39476303430389137,25,1,25,25,2,0.011683345941726486,514.0,0.7325999904423952,1038
2183,25,1,9.85739251165555,0.19714785023311102,0.394295700466222,25,1,25,25,2,0.011683345941726486,514.0,0.4113999893888831,1038
2184,25,1,9.845709165713812,0.19691418331427624,0.39382836662855253,25,1,25,25,2,0.01168334594171938,514.0,0.4686000174842775,1038
2185,25,1,9.834025819772076,0.19668051639544154,0.3933610327908831,25,1,25,25,2,0.011683345941733592,514.0,0.8937999955378473,1038
2186,25,1,9.822342473830341,0.19644684947660682,0.3928936989532137,25,1,25,25,2,0.011683345941712275,514.0,0.40390004869550467,1038
2187,25,1,9.810659127888606,0.19621318255777212,0.3924263651155442,25,1,25,25,2,0.011683345941733592,514.0,0.2560000284574926,1038
2188,25,1,9.798975781946869,0.19597951563893737,0.3919590312778748,25,1,25,25,2,0.01168334594171938,514.0,0.25450001703575253,1038
2189,25,1,9.787292436005133,0.19574584872010267,0.39149169744020534,25,1,25,25,2,0.011683345941733592,514.0,0.23100001271814108,1038
2190,25,1,9.775609090063396,0.19551218180126792,0.39102436360253584,25,1,25,25,2,0.011683345941726486,514.0,0.284800014924258,1038
2191,25,1,9.763925744121662,0.19527851488243325,0.39055702976486645,25,1,25,25,2,0.01168334594171938,514.0,0.39870000910013914,1038
2192,25,1,9.752242398179925,0.1950448479635985,0.3900896959271971,25,1,25,25,2,0.011683345941733592,514.0,0.3847999614663422,1038
2193,25,1,9.74055905223819,0.1948111810447638,0.38962236208952755,25,1,25,25,2,0.01168334594171938,514.0,0.2610000083222985,1038
2194,24,1,9.73128281591025,0.194625656318205,0.4054701173295938,24,0,24,0,2,0.009276236327927734,0.0,0.5061000119894743,1038
2195,24,1,9.720414000749734,0.1944082800149947,0.40501725003123895,24,1,24,24,2,0.010868815160513634,494.0,0.4763000179082155,975
2196,24,1,9.709545185589217,0.19419090371178435,0.404564382732884,24,1,24,24,2,0.010868815160506529,494.0,0.4197999951429665,975
2197,24,1,9.698676370428698,0.19397352740857396,0.40411151543452917,24,1,24,24,2,0.010868815160506529,494.0,0.44680002611130476,975
2198,24,1,9.687807555268183,0.19375615110536365,0.4036586481361743,24,1,24,24,2,0.01086881516052074,494.0,0.4358000005595386,975
2199,24,1,9.676938740107664,0.19353877480215328,0.4032057808378194,24,1,24,24,2,0.010868815160506529,494.0,0.5088999751023948,975
2200,24,1,9.666069924947148,0.19332139849894298,0.4027529135394645,24,1,24,24,2,0.010868815160513634,494.0,0.40800002170726657,975
2201,24,1,9.655201109786631,0.19310402219573264,0.40230004624110965,24,1,24,24,2,0.010868815160499423,494.0,0.4683000151999295,975
2202,24,1,9.644332294626114,0.19288664589252227,0.40184717894275473,24,1,24,24,2,0.010868815160513634,494.0,0.361700018402189,975
2203,24,1,9.633463479465597,0.19266926958931194,0.40139431164439987,24,1,24,24,2,0.010868815160513634,494.0,0.3828000044450164,975
2204,24,1,9.62259466430508,0.1924518932861016,0.400941444346045,24,1,24,24,2,0.010868815160506529,494.0,0.45470002805814147,975
2205,24,1,9.611725849144564,0.1922345169828913,0.4004885770476901,24,1,24,24,2,0.010868815160506529,494.0,0.37670001620426774,975
2206,24,1,9.600857033984045,0.1920171406796809,0.4000357097493352,24,1,24,24,2,0.010868815160506529,494.0,0.39520004065707326,975
2207,24,1,9.589988218823528,0.19179976437647056,0.39958284245098036,24,1,24,24,2,0.01086881516052074,494.0,0.5254999850876629,975
2208,24,1,9.579119403663013,0.19158238807326025,0.39912997515262544,24,1,24,24,2,0.010868815160506529,494.0,0.443600001744926,975
2209,24,1,9.568250588502492,0.19136501177004983,0.3986771078542706,24,1,24,24,2,0.010868815160506529,494.0,0.41199999395757914,975
2210,24,1,9.557381773341977,0.19114763546683952,0.3982242405559157,24,1,24,24,2,0.010868815160513634,494.0,0.4474000306800008,975
2211,24,1,9.54651295818146,0.19093025916362918,0.39777137325756073,24,1,24,24,2,0.010868815160513634,494.0,0.5953000509180129,975
2212,24,1,9.53564414302094,0.19071288286041882,0.39731850595920587,24,1,24,24,2,0.010868815160506529,494.0,0.2699000178836286,975
2213,24,1,9.524775327860423,0.19049550655720845,0.39686563866085095,24,1,24,24,2,0.010868815160506529,494.0,0.4627000307664275,975
2214,24,1,9.513906512699903,0.19027813025399806,0.39641277136249603,24,1,24,24,2,0.010868815160513634,494.0,0.3071000101044774,975
2215,24,1,9.503037697539385,0.1900607539507877,0.3959599040641411,24,1,24,24,2,0.010868815160506529,494.0,0.507200020365417,975
2216,24,1,9.492168882378868,0.18984337764757736,0.3955070367657862,24,1,24,24,2,0.010868815160513634,494.0,0.38300000596791506,975
2217,24,1,9.48130006721835,0.189626001344367,0.39505416946743127,24,1,24,24,2,0.010868815160499423,494.0,0.3861000295728445,975
2218,24,1,9.470431252057832,0.18940862504115663,0.39460130216907635,24,1,24,24,2,0.010868815160513634,494.0,0.45250001130625606,975
2219,24,1,9.459562436897315,0.1891912487379463,0.39414843487072143,24,1,24,24,2,0.01086881516052074,494.0,0.5034999921917915,975
2220,24,1,9.448693621736798,0.18897387243473596,0.39369556757236657,24,1,24,24,2,0.010868815160506529,494.0,0.539399974513799,975
2221,24,1,9.437824806576279,0.18875649613152556,0.3932427002740117,24,1,24,24,2,0.010868815160506529,494.0,0.9670999716036022,975
2222,24,1,9.426955991415763,0.18853911982831525,0.3927898329756568,24,1,24,24,2,0.010868815160506529,494.0,0.4847000236622989,975
2223,24,1,9.416087176255244,0.1883217435251049,0.39233696567730186,24,1,24,24,2,0.01086881516052074,494.0,0.2601000014692545,975
2224,24,1,9.405218361094725,0.1881043672218945,0.39188409837894694,24,1,24,24,2,0.010868815160499423,494.0,0.2809999859891832,975
2225,24,1,9.39434954593421,0.1878869909186842,0.391431231080592,24,1,24,24,2,0.010868815160506529,494.0,1.1132999788969755,975
2226,24,1,9.383480730773691,0.18766961461547382,0.3909783637822371,24,1,24,24,2,0.010868815160513634,494.0,0.39790000300854445,975
2227,24,1,9.372611915613174,0.18745223831226349,0.39052549648388224,24,1,24,24,2,0.010868815160513634,494.0,0.3370000049471855,975
2228,24,1,9.361743100452657,0.18723486200905312,0.3900726291855274,24,1,24,24,2,0.010868815160506529,494.0,0.2513999934308231,975
2229,24,1,9.350874285292136,0.18701748570584273,0.3896197618871724,24,1,24,24,2,0.010868815160499423,494.0,0.7207000162452459,975
2230,24,1,9.34000547013162,0.18680010940263242,0.3891668945888174,24,1,24,24,2,0.010868815160527845,494.0,0.3884999896399677,975
2231,24,1,9.329136654971101,0.18658273309942203,0.3887140272904626,24,1,24,24,2,0.010868815160506529,494.0,0.4629000322893262,975
2232,24,1,9.318267839810584,0.1863653567962117,0.3882611599921077,24,1,24,24,2,0.010868815160506529,494.0,0.4836000152863562,975
2233,24,1,9.307399024650067,0.18614798049300135,0.3878082926937528,24,1,24,24,2,0.010868815160506529,494.0,0.37159997737035155,975
2234,24,1,9.29653020948955,0.185930604189791,0.38735542539539786,24,1,24,24,2,0.010868815160513634,494.0,0.3483000327832997,975
2235,24,1,9.285661394329033,0.18571322788658065,0.38690255809704305,24,1,24,24,2,0.010868815160513634,494.0,0.4199999966658652,975
2236,24,1,9.274792579168514,0.18549585158337029,0.3864496907986881,24,1,24,24,2,0.010868815160506529,494.0,0.526099989656359,975
2237,24,1,9.263923764007997,0.18527847528015992,0.3859968235003332,24,1,24,24,2,0.010868815160506529,494.0,0.4450000124052167,975
2238,24,1,9.25305494884748,0.18506109897694958,0.38554395620197823,24,1,24,24,2,0.010868815160506529,494.0,0.40280004031956196,975
2239,24,1,9.24218613368696,0.18484372267373922,0.38509108890362337,24,1,24,24,2,0.01086881516052074,494.0,0.4393000272102654,975
2240,24,1,9.231317318526445,0.1846263463705289,0.38463822160526845,24,1,24,24,2,0.010868815160499423,494.0,0.46900002053007483,975
2241,24,1,9.220448503365924,0.1844089700673185,0.3841853543069136,24,1,24,24,2,0.010868815160513634,494.0,0.4915000172331929,975
2242,24,1,9.209579688205409,0.18419159376410818,0.3837324870085586,24,1,24,24,2,0.010868815160513634,494.0,0.4564999835565686,975
2243,24,1,9.19871087304489,0.1839742174608978,0.3832796197102037,24,1,24,24,2,0.010868815160513634,494.0,0.5397999775595963,975
2244,24,1,9.187842057884371,0.18375684115768742,0.38282675241184877,24,1,24,24,2,0.010868815160506529,494.0,0.5813000025227666,975
2245,24,1,9.176973242723856,0.1835394648544771,0.38237388511349396,24,1,24,24,2,0.010868815160499423,494.0,0.39840000681579113,975
2246,24,1,9.166104427563337,0.18332208855126672,0.38192101781513904,24,1,24,24,2,0.01086881516052074,494.0,1.0793000110425055,975
2247,24,1,9.155235612402818,0.18310471224805636,0.3814681505167841,24,1,24,24,2,0.010868815160506529,494.0,0.3774000215344131,975
2248,24,1,9.1443667972423,0.18288733594484602,0.38101528321842926,24,1,24,24,2,0.010868815160506529,494.0,0.3467000206001103,975
2249,24,1,9.133497982081783,0.18266995964163565,0.3805624159200744,24,1,24,24,2,0.010868815160506529,494.0,0.3155000158585608,975
2250,24,1,9.122629166921264,0.1824525833384253,0.3801095486217194,24,1,24,24,2,0.010868815160513634,494.0,0.44189998880028725,975
2251,24,1,9.111760351760747,0.18223520703521495,0.37965668132336455,24,1,24,24,2,0.010868815160513634,494.0,0.43070001993328333,975
2252,24,1,9.100891536600232,0.18201783073200464,0.3792038140250096,24,1,24,24,2,0.010868815160513634,494.0,0.4592000041157007,975
2253,24,1,9.090022721439713,0.18180045442879425,0.37875094672665477,24,1,24,24,2,0.010868815160506529,494.0,0.5898999515920877,975
2254,24,1,9.079153906279195,0.1815830781255839,0.3782980794282998,24,1,24,24,2,0.010868815160506529,494.0,0.3721999819390476,975
2255,23,1,9.070999322780713,0.18141998645561425,0.39439127490350917,23,0,23,0,2,0.00815458349848086,0.0,0.457199988886714,975
2256,23,1,9.06055022235342,0.1812110044470684,0.39393696618927915,23,1,23,23,2,0.0104491004272802,474.0,0.6075000273995101,910
2257,23,1,9.050101121926128,0.18100202243852256,0.393482657475049,23,1,23,23,2,0.01044910042726599,474.0,0.40060002356767654,910
2258,23,1,9.039652021498835,0.1807930404299767,0.39302834876081894,23,1,23,23,2,0.0104491004272802,474.0,0.3714999766089022,910
2259,23,1,9.029202921071542,0.18058405842143085,0.3925740400465888,23,1,23,23,2,0.0104491004272802,474.0,0.3429999924264848,910
2260,23,1,9.01875382064425,0.180375076412885,0.39211973133235867,23,1,23,23,2,0.010449100427273095,474.0,0.3417999832890928,910
2261,23,1,9.008304720216955,0.18016609440433912,0.3916654226181285,23,1,23,23,2,0.0104491004272802,474.0,0.3803999861702323,910
2262,23,1,8.997855619789664,0.1799571123957933,0.3912111139038985,23,1,23,23,2,0.0104491004272802,474.0,1.18680001469329,910
2263,23,1,8.987406519362372,0.17974813038724743,0.3907568051896683,23,1,23,23,2,0.01044910042726599,474.0,0.4167999722994864,910
2264,23,1,8.97695741893508,0.17953914837870158,0.39030249647543824,23,1,23,23,2,0.0104491004272802,474.0,0.6690000300295651,910
2265,23,1,8.966508318507788,0.17933016637015575,0.3898481877612081,23,1,23,23,2,0.0104491004272802,474.0,0.37080002948641777,910
2266,23,1,8.956059218080494,0.17912118436160987,0.3893938790469779,23,1,23,23,2,0.010449100427273095,474.0,0.3782999701797962,910
2267,23,1,8.945610117653201,0.17891220235306401,0.3889395703327479,23,1,23,23,2,0.0104491004272802,474.0,0.4298000130802393,910
2268,23,1,8.935161017225909,0.17870322034451816,0.3884852616185178,23,1,23,23,2,0.010449100427273095,474.0,0.44459995115175843,910
2269,23,1,8.924711916798614,0.17849423833597228,0.3880309529042876,23,1,23,23,2,0.010449100427273095,474.0,0.42799999937415123,910
2270,23,1,8.914262816371322,0.17828525632742642,0.38757664419005755,23,1,23,23,2,0.0104491004272802,474.0,0.37100003100931644,910
2271,23,1,8.90381371594403,0.17807627431888062,0.38712233547582736,23,1,23,23,2,0.0104491004272802,474.0,0.4249000339768827,910
2272,23,1,8.893364615516738,0.17786729231033477,0.3866680267615973,23,1,23,23,2,0.010449100427273095,474.0,0.5283000064082444,910
2273,23,1,8.882915515089447,0.17765831030178894,0.38621371804736726,23,1,23,23,2,0.0104491004272802,474.0,0.5231000250205398,910
2274,23,1,8.872466414662155,0.17744932829324309,0.3857594093331372,23,1,23,23,2,0.010449100427273095,474.0,0.49679999938234687,910
2275,23,1,8.86201731423486,0.1772403462846972,0.38530510061890694,23,1,23,23,2,0.010449100427273095,474.0,0.47420000191777945,910
2276,23,1,8.85156821380757,0.17703136427615138,0.38485079190467686,23,1,23,23,2,0.0104491004272802,474.0,0.5480000399984419,910
2277,23,1,8.841119113380277,0.17682238226760552,0.3843964831904467,23,1,23,23,2,0.010449100427273095,474.0,0.444800010882318,910
2278,23,1,8.83067001295298,0.1766134002590596,0.38394217447621665,23,1,23,23,2,0.0104491004272802,474.0,0.35280000884085894,910
2279,23,1,8.82022091252569,0.17640441825051378,0.3834878657619865,23,1,23,23,2,0.010449100427273095,474.0,0.4243000294081867,910
2280,23,1,8.809771812098397,0.17619543624196793,0.3830335570477565,23,1,23,23,2,0.010449100427273095,474.0,0.46800001291558146,910
2281,23,1,8.799322711671104,0.17598645423342207,0.3825792483335263,23,1,23,23,2,0.0104491004272802,474.0,0.3698000218719244,910
2282,23,1,8.788873611243812,0.17577747222487625,0.38212493961929617,23,1,23,23,2,0.0104491004272802,474.0,0.3521000035107136,910
2283,23,1,8.77842451081652,0.17556849021633042,0.38167063090506614,23,1,23,23,2,0.010449100427273095,474.0,0.5335999885573983,910
2284,23,1,8.767975410389228,0.17535950820778456,0.381216322190836,23,1,23,23,2,0.0104491004272802,474.0,0.5136000108905137,910
2285,23,1,8.757526309961936,0.1751505261992387,0.3807620134766058,23,1,23,23,2,0.010449100427273095,474.0,0.5200000014156103,910
2286,23,1,8.747077209534643,0.17494154419069285,0.3803077047623758,23,1,23,23,2,0.010449100427273095,474.0,0.4295000107958913,910
2287,23,1,8.736628109107349,0.17473256218214697,0.3798533960481456,23,1,23,23,2,0.0104491004272802,474.0,0.44299999717622995,910
2288,23,1,8.726179008680056,0.17452358017360112,0.3793990873339155,23,1,23,23,2,0.0104491004272802,474.0,0.46089995885267854,910
2289,23,1,8.715729908252763,0.17431459816505526,0.37894477861968545,23,1,23,23,2,0.010449100427273095,474.0,0.42370002483949065,910
2290,23,1,8.70528080782547,0.1741056161565094,0.37849046990545526,23,1,23,23,2,0.010449100427273095,474.0,0.4881999921053648,910
2291,23,1,8.694831707398176,0.17389663414796352,0.3780361611912251,23,1,23,23,2,0.0104491004272802,474.0,0.506900018081069,910
2292,23,1,8.684382606970884,0.17368765213941767,0.37758185247699494,23,1,23,23,2,0.010449100427273095,474.0,0.4744000034406781,910
2293,23,1,8.673933506543591,0.17347867013087181,0.3771275437627648,23,1,23,23,2,0.010449100427273095,474.0,0.5849999724887311,910
2294,23,1,8.663484406116298,0.17326968812232596,0.3766732350485348,23,1,23,23,2,0.010449100427287306,474.0,0.501600035931915,910
2295,23,1,8.653035305689004,0.17306070611378008,0.37621892633430454,23,1,23,23,2,0.010449100427273095,474.0,0.48370001604780555,910
2296,23,1,8.642586205261711,0.17285172410523422,0.3757646176200744,23,1,23,23,2,0.010449100427273095,474.0,0.4667000030167401,910
2297,23,1,8.632137104834419,0.17264274209668837,0.37531030890584427,23,1,23,23,2,0.0104491004272802,474.0,0.45570003567263484,910
2298,23,1,8.621688004407124,0.17243376008814248,0.3748560001916141,23,1,23,23,2,0.010449100427273095,474.0,0.48040004912763834,910
2299,23,1,8.611238903979832,0.17222477807959663,0.374401691477384,23,1,23,23,2,0.0104491004272802,474.0,0.4632999771274626,910
2300,23,1,8.600789803552539,0.17201579607105077,0.37394738276315387,23,1,23,23,2,0.0104491004272802,474.0,0.45930000487715006,910
2301,23,1,8.590340703125245,0.1718068140625049,0.3734930740489236,23,1,23,23,2,0.01044910042726599,474.0,0.450699997600168,910
2302,23,1,8.579891602697952,0.17159783205395904,0.37303876533469355,23,1,23,23,2,0.0104491004272802,474.0,0.5627999780699611,910
2303,23,1,8.569442502270658,0.17138885004541315,0.37258445662046336,23,1,23,23,2,0.0104491004272802,474.0,0.43080002069473267,910
2304,23,1,8.558993401843367,0.17117986803686733,0.37213014790623333,23,1,23,23,2,0.010449100427273095,474.0,0.4372000112198293,910
2305,23,1,8.548544301416072,0.17097088602832144,0.3716758391920032,23,1,23,23,2,0.0104491004272802,474.0,0.5357999471016228,910
2306,23,1,8.53809520098878,0.1707619040197756,0.37122153047777295,23,1,23,23,2,0.010449100427273095,474.0,0.470799976028502,910
2307,23,1,8.527646100561485,0.1705529220112297,0.3707672217635428,23,1,23,23,2,0.010449100427273095,474.0,0.34139998024329543,910
2308,23,1,8.517197000134194,0.17034394000268388,0.37031291304931274,23,1,23,23,2,0.0104491004272802,474.0,0.4352999967522919,910
2309,23,1,8.5067478997069,0.170134957994138,0.3698586043350826,23,1,23,23,2,0.010449100427273095,474.0,0.40030002128332853,910
2310,23,1,8.496298799279606,0.16992597598559211,0.3694042956208525,23,1,23,23,2,0.0104491004272802,474.0,0.3388000186532736,910
2311,23,1,8.485849698852311,0.16971699397704623,0.36894998690662223,23,1,23,23,2,0.0104491004272802,474.0,0.3219999489374459,910
2312,23,1,8.475400598425018,0.16950801196850038,0.3684956781923921,23,1,23,23,2,0.01044910042726599,474.0,0.4123999970033765,910
2313,23,1,8.464951497997726,0.16929902995995452,0.368041369478162,23,1,23,23,2,0.0104491004272802,474.0,0.6613999721594155,910
2314,23,1,8.454502397570431,0.16909004795140864,0.3675870607639319,23,1,23,23,2,0.0104491004272802,474.0,0.42289996054023504,910
2315,23,1,8.444053297143142,0.16888106594286284,0.36713275204970186,23,1,23,23,2,0.010449100427273095,474.0,0.46980002662166953,910
2316,23,1,8.433604196715848,0.16867208393431696,0.36667844333547167,23,1,23,23,2,0.0104491004272802,474.0,0.45089999912306666,910
2317,23,1,8.423155096288554,0.16846310192577107,0.3662241346212415,23,1,23,23,2,0.0104491004272802,474.0,0.4547999706119299,910
2318,23,1,8.41270599586126,0.16825411991722522,0.36576982590701135,23,1,23,23,2,0.01044910042726599,474.0,0.4485000390559435,910
2319,23,1,8.402256895433968,0.16804513790867937,0.36531551719278116,23,1,23,23,2,0.0104491004272802,474.0,0.4729999927803874,910
2320,23,1,8.391807795006674,0.16783615590013348,0.364861208478551,23,1,23,23,2,0.0104491004272802,474.0,0.43999997433274984,910
2321,23,1,8.381358694579381,0.16762717389158763,0.36440689976432095,23,1,23,23,2,0.010449100427273095,474.0,0.41390000842511654,910
2322,23,1,8.370909594152087,0.16741819188304174,0.3639525910500908,23,1,23,23,2,0.010449100427273095,474.0,0.43710001045838,910
2323,23,1,8.360460493724794,0.1672092098744959,0.3634982823358606,23,1,23,23,2,0.0104491004272802,474.0,0.29719999292865396,910
2324,23,1,8.350011393297502,0.16700022786595003,0.36304397362163043,23,1,23,23,2,0.010449100427273095,474.0,0.400999968405813,910
2325,23,1,8.339562292870207,0.16679124585740415,0.3625896649074004,23,1,23,23,2,0.0104491004272802,474.0,0.396600051317364,910
2326,23,1,8.329113192442916,0.16658226384885833,0.3621353561931703,23,1,23,23,2,0.0104491004272802,474.0,0.4810999962501228,910
2327,23,1,8.318664092015622,0.16637328184031244,0.3616810474789401,23,1,23,23,2,0.010449100427273095,474.0,0.4932999727316201,910
2328,23,1,8.30821499158833,0.1661642998317666,0.36122673876470995,23,1,23,23,2,0.0104491004272802,474.0,0.38300000596791506,910
2329,23,1,8.297765891161037,0.16595531782322073,0.3607724300504799,23,1,23,23,2,0.010449100427273095,474.0,0.4914000164717436,910
2330,23,1,8.287316790733742,0.16574633581467485,0.36031812133624974,23,1,23,23,2,0.010449100427273095,474.0,0.4531000158749521,910
2331,23,1,8.276867690306451,0.16553735380612902,0.3598638126220196,23,1,23,23,2,0.0104491004272802,474.0,0.451600004453212,910
2332,23,1,8.266418589879157,0.16532837179758314,0.35940950390778953,23,1,23,23,2,0.0104491004272802,474.0,0.4116999916732311,910
2333,23,1,8.255969489451864,0.16511938978903729,0.35895519519355923,23,1,23,23,2,0.010449100427273095,474.0,0.4047999973408878,910
2334,23,1,8.24552038902457,0.1649104077804914,0.3585008864793292,23,1,23,23,2,0.010449100427273095,474.0,0.4073000163771212,910
2335,23,1,8.235071288597277,0.16470142577194555,0.358046577765099,23,1,23,23,2,0.0104491004272802,474.0,0.5698999739252031,910
2336,23,1,8.224622188169985,0.1644924437633997,0.3575922690508689,23,1,23,23,2,0.010449100427273095,474.0,0.5156999686732888,910
2337,22,1,8.217590880072875,0.16435181760145748,0.37352685818513065,22,0,22,0,2,0.007031308097104727,0.0,0.4392999690026045,910
2338,22,1,8.20735138169715,0.16414702763394298,0.3730614264407795,22,1,22,22,2,0.01023949837572502,454.0,0.5782000371254981,859
2339,22,1,8.197111883321424,0.1639422376664285,0.3725959946964284,22,1,22,22,2,0.010239498375732126,454.0,0.4903000080958009,859
2340,22,1,8.186872384945701,0.16373744769891402,0.37213056295207725,22,1,22,22,2,0.01023949837572502,454.0,0.3910000086762011,859
2341,22,1,8.176632886569978,0.16353265773139955,0.37166513120772626,22,1,22,22,2,0.010239498375717915,454.0,0.47530001029372215,859
2342,22,1,8.166393388194251,0.16332786776388503,0.37119969946337505,22,1,22,22,2,0.01023949837572502,454.0,0.42429997120052576,859
2343,22,1,8.156153889818526,0.16312307779637053,0.3707342677190239,22,1,22,22,2,0.01023949837572502,454.0,0.4059000057168305,859
2344,22,1,8.145914391442803,0.16291828782885606,0.37026883597467286,22,1,22,22,2,0.01023949837572502,454.0,0.46040001325309277,859
2345,22,1,8.13567489306708,0.1627134978613416,0.3698034042303217,22,1,22,22,2,0.010239498375717915,454.0,0.4734999965876341,859
2346,22,1,8.125435394691355,0.1625087078938271,0.3693379724859707,22,1,22,22,2,0.01023949837572502,454.0,0.3803000436164439,859
2347,22,1,8.11519589631563,0.1623039179263126,0.3688725407416196,22,1,22,22,2,0.01023949837572502,454.0,0.5017000366933644,859
2348,22,1,8.104956397939906,0.16209912795879813,0.3684071089972685,22,1,22,22,2,0.01023949837572502,454.0,0.5531999631784856,859
2349,22,1,8.094716899564183,0.16189433799128367,0.3679416772529173,22,1,22,22,2,0.010239498375717915,454.0,0.47120003728196025,859
2350,22,1,8.084477401188458,0.16168954802376917,0.3674762455085663,22,1,22,22,2,0.010239498375732126,454.0,0.41849998524412513,859
2351,22,1,8.074237902812733,0.16148475805625467,0.36701081376421524,22,1,22,22,2,0.01023949837572502,454.0,0.4255000385455787,859
2352,22,1,8.06399840443701,0.1612799680887402,0.3665453820198641,22,1,22,22,2,0.01023949837572502,454.0,0.4524000105448067,859
2353,22,1,8.053758906061287,0.16107517812122574,0.36607995027551304,22,1,22,22,2,0.010239498375717915,454.0,0.4068000125698745,859
2354,22,1,8.043519407685562,0.16087038815371124,0.3656145185311619,22,1,22,22,2,0.01023949837572502,454.0,0.3988000098615885,859
2355,22,1,8.033279909309837,0.16066559818619675,0.36514908678681074,22,1,22,22,2,0.010239498375732126,454.0,0.49489998491480947,859
2356,22,1,8.023040410934113,0.16046080821868228,0.36468365504245964,22,1,22,22,2,0.01023949837572502,454.0,0.45789999421685934,859
2357,22,1,8.012800912558388,0.16025601825116775,0.36421822329810866,22,1,22,22,2,0.010239498375717915,454.0,0.4893000004813075,859
2358,22,1,8.002561414182665,0.1600512282836533,0.36375279155375745,22,1,22,22,2,0.01023949837572502,454.0,0.4700000281445682,859
2359,22,1,7.99232191580694,0.1598464383161388,0.36328735980940635,22,1,22,22,2,0.01023949837572502,454.0,0.49510004464536905,859
2360,22,1,7.982082417431216,0.15964164834862432,0.36282192806505525,22,1,22,22,2,0.01023949837572502,454.0,0.5855000345036387,859
2361,22,1,7.971842919055492,0.15943685838110983,0.36235649632070416,22,1,22,22,2,0.010239498375717915,454.0,0.4627000307664275,859
2362,22,1,7.961603420679768,0.15923206841359536,0.3618910645763531,22,1,22,22,2,0.01023949837572502,454.0,0.46519999159500003,859
2363,22,1,7.951363922304043,0.15902727844608086,0.36142563283200196,22,1,22,22,2,0.01023949837572502,454.0,0.46719994861632586,859
2364,22,1,7.9411244239283185,0.15882248847856636,0.36096020108765087,22,1,22,22,2,0.01023949837572502,454.0,0.42699999175965786,859
2365,22,1,7.930884925552594,0.1586176985110519,0.3604947693432997,22,1,22,22,2,0.010239498375717915,454.0,0.4441999481059611,859
2366,22,1,7.9206454271768685,0.15841290854353737,0.36002933759894856,22,1,22,22,2,0.010239498375732126,454.0,0.4752000095322728,859
2367,22,1,7.910405928801143,0.15820811857602285,0.3595639058545974,22,1,22,22,2,0.01023949837572502,454.0,0.4857000312767923,859
2368,22,1,7.900166430425419,0.15800332860850838,0.3590984741102463,22,1,22,22,2,0.01023949837572502,454.0,0.589099945500493,859
2369,22,1,7.889926932049694,0.15779853864099389,0.3586330423658952,22,1,22,22,2,0.010239498375717915,454.0,0.4805999924428761,859
2370,22,1,7.879687433673969,0.1575937486734794,0.3581676106215441,22,1,22,22,2,0.01023949837572502,454.0,0.4629999748431146,859
2371,22,1,7.869447935298244,0.1573889587059649,0.35770217887719286,22,1,22,22,2,0.010239498375732126,454.0,0.4539999645203352,859
2372,22,1,7.859208436922519,0.1571841687384504,0.35723674713284176,22,1,22,22,2,0.01023949837572502,454.0,0.5702999769710004,859
2373,22,1,7.848968938546795,0.1569793787709359,0.3567713153884907,22,1,22,22,2,0.010239498375717915,454.0,0.3755000070668757,859
2374,22,1,7.83872944017107,0.1567745888034214,0.35630588364413956,22,1,22,22,2,0.01023949837572502,454.0,0.41070004226639867,859
2375,22,1,7.828489941795344,0.15656979883590688,0.35584045189978836,22,1,22,22,2,0.01023949837572502,454.0,0.4395999712869525,859
2376,22,1,7.818250443419621,0.1563650088683924,0.35537502015543726,22,1,22,22,2,0.01023949837572502,454.0,0.44569995952770114,859
2377,22,1,7.808010945043896,0.15616021890087792,0.3549095884110861,22,1,22,22,2,0.010239498375717915,454.0,0.4314000252634287,859
2378,22,1,7.797771446668171,0.15595542893336342,0.35444415666673507,22,1,22,22,2,0.01023949837572502,454.0,0.4420999903231859,859
2379,22,1,7.787531948292446,0.15575063896584893,0.3539787249223839,22,1,22,22,2,0.01023949837572502,454.0,0.5027999868616462,859
2380,22,1,7.777292449916721,0.15554584899833443,0.35351329317803276,22,1,22,22,2,0.01023949837572502,454.0,0.430300016887486,859
2381,22,1,7.767052951540997,0.15534105903081993,0.3530478614336816,22,1,22,22,2,0.010239498375717915,454.0,0.3790999762713909,859
2382,22,1,7.756813453165271,0.1551362690633054,0.35258242968933046,22,1,22,22,2,0.010239498375732126,454.0,0.45220000902190804,859
2383,22,1,7.746573954789545,0.15493147909579089,0.35211699794497936,22,1,22,22,2,0.01023949837572502,454.0,0.49509998643770814,859
2384,22,1,7.736334456413822,0.15472668912827645,0.3516515662006282,22,1,22,22,2,0.01023949837572502,454.0,0.45659998431801796,859
2385,22,1,7.726094958038097,0.15452189916076192,0.3511861344562771,22,1,22,22,2,0.010239498375717915,454.0,0.4483000375330448,859
2386,22,1,7.715855459662372,0.15431710919324743,0.35072070271192596,22,1,22,22,2,0.01023949837572502,454.0,0.4923000233247876,859
2387,22,1,7.705615961286647,0.15411231922573293,0.35025527096757475,22,1,22,22,2,0.010239498375732126,454.0,0.45759999193251133,859
2388,22,1,7.695376462910922,0.15390752925821843,0.3497898392232237,22,1,22,22,2,0.01023949837572502,454.0,0.4493000451475382,859
2389,22,1,7.6851369645351975,0.15370273929070394,0.34932440747887267,22,1,22,22,2,0.010239498375717915,454.0,0.5571999936364591,859
2390,22,1,7.6748974661594715,0.15349794932318944,0.34885897573452146,22,1,22,22,2,0.01023949837572502,454.0,0.5306000239215791,859
2391,22,1,7.6646579677837465,0.15329315935567492,0.3483935439901703,22,1,22,22,2,0.01023949837572502,454.0,0.4317000275477767,859
2392,22,1,7.654418469408023,0.15308836938816048,0.3479281122458192,22,1,22,22,2,0.01023949837572502,454.0,0.44870004057884216,859
2393,22,1,7.644178971032298,0.15288357942064595,0.34746268050146806,22,1,22,22,2,0.01023949837572502,454.0,0.42749999556690454,859
2394,22,1,7.633939472656573,0.15267878945313146,0.346997248757117,22,1,22,22,2,0.010239498375717915,454.0,0.39900001138448715,859
2395,22,1,7.623699974280848,0.15247399948561696,0.34653181701276586,22,1,22,22,2,0.01023949837572502,454.0,0.4084000247530639,859
2396,22,1,7.613460475905123,0.15226920951810247,0.3460663852684147,22,1,22,22,2,0.01023949837572502,454.0,0.5318000330589712,859
2397,22,1,7.603220977529399,0.15206441955058797,0.34560095352406356,22,1,22,22,2,0.010239498375717915,454.0,0.7161000394262373,859
2398,22,1,7.592981479153673,0.15185962958307347,0.3451355217797124,22,1,22,22,2,0.010239498375732126,454.0,0.7986000273376703,859
2399,22,1,7.582741980777947,0.15165483961555895,0.34467009003536125,22,1,22,22,2,0.01023949837572502,454.0,0.40140002965927124,859
2400,22,1,7.572502482402224,0.15145004964804448,0.34420465829101016,22,1,22,22,2,0.01023949837572502,454.0,0.4518000059761107,859
2401,22,1,7.562262984026499,0.15124525968053,0.34373922654665906,22,1,22,22,2,0.010239498375717915,454.0,0.37369999336078763,859
2402,22,1,7.552023485650774,0.1510404697130155,0.34327379480230796,22,1,22,22,2,0.01023949837572502,454.0,0.34820003202185035,859
2403,22,1,7.541783987275049,0.15083567974550097,0.34280836305795676,22,1,22,22,2,0.010239498375732126,454.0,0.42669998947530985,859
2404,22,1,7.531544488899324,0.15063088977798647,0.34234293131360566,22,1,22,22,2,0.01023949837572502,454.0,0.5530999624170363,859
2405,22,1,7.521304990523601,0.150426099810472,0.34187749956925456,22,1,22,22,2,0.010239498375717915,454.0,0.42130000656470656,859
2406,22,1,7.511065492147875,0.1502213098429575,0.3414120678249034,22,1,22,22,2,0.01023949837572502,454.0,0.37399999564513564,859
2407,22,1,7.500825993772151,0.150016519875443,0.3409466360805523,22,1,22,22,2,0.01023949837572502,454.0,0.3860999713651836,859
2408,22,1,7.490586495396426,0.14981172990792851,0.34048120433620116,22,1,22,22,2,0.01023949837572502,454.0,0.5133999511599541,859
2409,22,1,7.4803469970207015,0.14960693994041402,0.34001577259185,22,1,22,22,2,0.01023949837572502,454.0,0.44450000859797,859
2410,22,1,7.470107498644977,0.14940214997289955,0.33955034084749897,22,1,22,22,2,0.010239498375717915,454.0,0.45170000521466136,859
2411,22,1,7.4598680002692515,0.14919736000538503,0.3390849091031478,22,1,22,22,2,0.01023949837572502,454.0,0.5028999876230955,859
2412,22,1,7.449628501893527,0.14899257003787056,0.3386194773587967,22,1,22,22,2,0.01023949837572502,454.0,0.5496999947354198,859
2413,22,1,7.439389003517803,0.14878778007035606,0.33815404561444556,22,1,22,22,2,0.010239498375717915,454.0,0.3910000086762011,859
2414,22,1,7.429149505142077,0.14858299010284154,0.33768861387009436,22,1,22,22,2,0.010239498375732126,454.0,0.39870000910013914,859
2415,21,1,7.420306015674272,0.14840612031348543,0.35334790550829864,21,0,21,0,2,0.00884348946780733,0.0,0.4220000118948519,859
2416,21,1,7.410715555669261,0.14821431111338523,0.35289121693663156,21,1,21,21,2,0.009590460005000523,434.0,0.5527000175788999,790
2417,21,1,7.401125095664251,0.14802250191328503,0.3524345283649643,21,1,21,21,2,0.009590460005007628,434.0,0.39140001172199845,790
2418,21,1,7.39153463565924,0.1478306927131848,0.35197783979329716,21,1,21,21,2,0.009590460005000523,434.0,0.4540000227279961,790
2419,21,1,7.38194417565423,0.1476388835130846,0.35152115122162997,21,1,21,21,2,0.009590460005000523,434.0,0.44759997399523854,790
2420,21,1,7.372353715649218,0.14744707431298434,0.35106446264996277,21,1,21,21,2,0.009590460005000523,434.0,0.5950000486336648,790
2421,21,1,7.362763255644207,0.14725526511288414,0.3506077740782956,21,1,21,21,2,0.009590460005000523,434.0,0.4477999755181372,790
2422,21,1,7.353172795639197,0.14706345591278394,0.35015108550662843,21,1,21,21,2,0.009590460005007628,434.0,0.43890002416446805,790
2423,21,1,7.343582335634186,0.1468716467126837,0.3496943969349612,21,1,21,21,2,0.009590460005007628,434.0,0.4384999629110098,790
2424,21,1,7.333991875629174,0.14667983751258348,0.34923770836329404,21,1,21,21,2,0.009590460005000523,434.0,0.4344999906606972,790
2425,21,1,7.3244014156241635,0.14648802831248328,0.3487810197916268,21,1,21,21,2,0.009590460005000523,434.0,0.4369000089354813,790
2426,21,1,7.314810955619153,0.14629621911238305,0.34832433121995965,21,1,21,21,2,0.009590460005007628,434.0,0.44029997661709785,790
2427,21,1,7.305220495614141,0.14610440991228282,0.34786764264829245,21,1,21,21,2,0.009590460005007628,434.0,0.4512999439612031,790
2428,21,1,7.29563003560913,0.1459126007121826,0.34741095407662526,21,1,21,21,2,0.009590460005000523,434.0,0.4450000124052167,790
2429,21,1,7.2860395756041205,0.14572079151208242,0.3469542655049581,21,1,21,21,2,0.009590460005000523,434.0,0.4854000289924443,790
2430,21,1,7.276449115599109,0.1455289823119822,0.34649757693329086,21,1,21,21,2,0.009590460005000523,434.0,0.4045999958179891,790
2431,21,1,7.266858655594098,0.14533717311188196,0.34604088836162367,21,1,21,21,2,0.009590460005014734,434.0,0.354900024831295,790
2432,21,1,7.257268195589087,0.14514536391178173,0.3455841997899566,21,1,21,21,2,0.009590460005000523,434.0,0.3887999919243157,790
2433,21,1,7.247677735584078,0.14495355471168156,0.34512751121828933,21,1,21,21,2,0.009590460005000523,434.0,0.4059000057168305,790
2434,21,1,7.2380872755790655,0.1447617455115813,0.3446708226466222,21,1,21,21,2,0.009590460005000523,434.0,0.4735999973490834,790
2435,21,1,7.228496815574055,0.1445699363114811,0.344214134074955,21,1,21,21,2,0.009590460005000523,434.0,0.4095000331290066,790
2436,21,1,7.218906355569044,0.14437812711138087,0.3437574455032878,21,1,21,21,2,0.009590460005007628,434.0,0.4021000349894166,790
2437,21,1,7.209315895564033,0.14418631791128067,0.3433007569316206,21,1,21,21,2,0.009590460005000523,434.0,0.4531000158749521,790
2438,21,1,7.199725435559022,0.14399450871118044,0.3428440683599534,21,1,21,21,2,0.009590460005000523,434.0,0.42559998109936714,790
2439,21,1,7.1901349755540105,0.1438026995110802,0.34238737978828626,21,1,21,21,2,0.009590460005007628,434.0,0.4276999970898032,790
2440,21,1,7.180544515548999,0.14361089031097998,0.34193069121661906,21,1,21,21,2,0.009590460005000523,434.0,0.4285000031813979,790
2441,21,1,7.170954055543988,0.14341908111087975,0.3414740026449518,21,1,21,21,2,0.009590460005007628,434.0,0.443900004029274,790
2442,21,1,7.161363595538977,0.14322727191077955,0.3410173140732846,21,1,21,21,2,0.009590460005000523,434.0,0.37840002914890647,790
2443,21,1,7.151773135533965,0.1430354627106793,0.34056062550161736,21,1,21,21,2,0.009590460005007628,434.0,0.5395000334829092,790
2444,21,1,7.142182675528953,0.14284365351057907,0.34010393692995017,21,1,21,21,2,0.009590460005000523,434.0,0.41019998025149107,790
2445,21,1,7.1325922155239425,0.14265184431047884,0.33964724835828297,21,1,21,21,2,0.009590460005000523,434.0,0.7941000512801111,790
2446,21,1,7.1230017555189304,0.1424600351103786,0.3391905597866157,21,1,21,21,2,0.009590460005007628,434.0,0.4608000162988901,790
2447,21,1,7.113411295513919,0.14226822591027838,0.3387338712149485,21,1,21,21,2,0.009590460005007628,434.0,0.45250001130625606,790
2448,21,1,7.103820835508908,0.14207641671017815,0.3382771826432814,21,1,21,21,2,0.009590460005000523,434.0,0.4434000002220273,790
2449,21,1,7.094230375503898,0.14188460751007795,0.3378204940716142,21,1,21,21,2,0.009590460005000523,434.0,0.4562000394798815,790
2450,21,1,7.084639915498886,0.14169279830997772,0.3373638054999469,21,1,21,21,2,0.009590460005007628,434.0,0.576100021135062,790
2451,21,1,7.075049455493874,0.14150098910987746,0.3369071169282797,21,1,21,21,2,0.009590460005000523,434.0,0.4658999969251454,790
2452,21,1,7.065458995488862,0.14130917990977723,0.3364504283566125,21,1,21,21,2,0.009590460005000523,434.0,0.49049995141103864,790
2453,21,1,7.055868535483851,0.14111737070967703,0.3359937397849453,21,1,21,21,2,0.009590460005000523,434.0,0.48670003889128566,790
2454,21,1,7.046278075478839,0.14092556150957677,0.33553705121327804,21,1,21,21,2,0.009590460005000523,434.0,0.4602000117301941,790
2455,21,1,7.036687615473828,0.14073375230947657,0.33508036264161084,21,1,21,21,2,0.009590460005014734,434.0,0.4422999918460846,790
2456,21,1,7.027097155468816,0.14054194310937632,0.33462367406994364,21,1,21,21,2,0.009590460005000523,434.0,0.4434000002220273,790
2457,21,1,7.017506695463805,0.1403501339092761,0.3341669854982764,21,1,21,21,2,0.009590460005000523,434.0,0.39359997026622295,790
2458,21,1,7.007916235458794,0.14015832470917589,0.3337102969266092,21,1,21,21,2,0.009590460005000523,434.0,0.46339997788891196,790
2459,21,1,6.998325775453782,0.13996651550907566,0.333253608354942,21,1,21,21,2,0.009590460005007628,434.0,0.4504999960772693,790
2460,21,1,6.988735315448771,0.13977470630897543,0.3327969197832748,21,1,21,21,2,0.009590460005007628,434.0,0.45570003567263484,790
2461,21,1,6.979144855443761,0.13958289710887523,0.3323402312116076,21,1,21,21,2,0.009590460005000523,434.0,0.49899995792657137,790
2462,21,1,6.969554395438748,0.13939108790877497,0.33188354263994035,21,1,21,21,2,0.009590460005000523,434.0,0.41119998786598444,790
2463,21,1,6.959963935433737,0.13919927870867474,0.33142685406827316,21,1,21,21,2,0.009590460005007628,434.0,0.4542000242508948,790
2464,21,1,6.950373475428726,0.1390074695085745,0.330970165496606,21,1,21,21,2,0.009590460005000523,434.0,0.40819996502250433,790
2465,21,1,6.9407830154237145,0.13881566030847428,0.33051347692493876,21,1,21,21,2,0.009590460005007628,434.0,0.36619999445974827,790
2466,21,1,6.931192555418702,0.13862385110837405,0.33005678835327157,21,1,21,21,2,0.009590460005000523,434.0,0.4317000275477767,790
2467,21,1,6.921602095413691,0.13843204190827382,0.3296000997816043,21,1,21,21,2,0.009590460005000523,434.0,0.458399998024106,790
2468,21,1,6.912011635408679,0.1382402327081736,0.3291434112099371,21,1,21,21,2,0.009590460005000523,434.0,0.4162000259384513,790
2469,21,1,6.902421175403668,0.13804842350807336,0.3286867226382699,21,1,21,21,2,0.009590460005000523,434.0,0.4256999818608165,790
2470,21,1,6.892830715398657,0.13785661430797314,0.3282300340666027,21,1,21,21,2,0.009590460005007628,434.0,0.4124999977648258,790
2471,21,1,6.883240255393646,0.1376648051078729,0.32777334549493553,21,1,21,21,2,0.009590460005007628,434.0,0.3994999569840729,790
2472,21,1,6.8736497953886335,0.13747299590777268,0.3273166569232683,21,1,21,21,2,0.009590460005000523,434.0,0.46829995699226856,790
2473,21,1,6.864059335383623,0.13728118670767248,0.3268599683516011,21,1,21,21,2,0.009590460005000523,434.0,0.4534000181593001,790
2474,21,1,6.854468875378612,0.13708937750757225,0.3264032797799339,21,1,21,21,2,0.009590460005014734,434.0,0.470499973744154,790
2475,21,1,6.8448784153736,0.136897568307472,0.3259465912082667,21,1,21,21,2,0.009590460005000523,434.0,0.45689998660236597,790
2476,21,1,6.835287955368587,0.13670575910737173,0.32548990263659944,21,1,21,21,2,0.009590460005000523,434.0,0.44249999336898327,790
2477,21,1,6.825697495363578,0.13651394990727156,0.32503321406493224,21,1,21,21,2,0.009590460005000523,434.0,0.6538999732583761,790
2478,21,1,6.8161070353585655,0.1363221407071713,0.32457652549326493,21,1,21,21,2,0.009590460005000523,434.0,0.3986000083386898,790
2479,21,1,6.806516575353554,0.1361303315070711,0.32411983692159774,21,1,21,21,2,0.009590460005014734,434.0,0.44979999074712396,790
2480,21,1,6.796926115348542,0.13593852230697084,0.32366314834993065,21,1,21,21,2,0.009590460005000523,434.0,0.48970000352710485,790
2481,21,1,6.787335655343532,0.13574671310687064,0.32320645977826346,21,1,21,21,2,0.009590460005000523,434.0,0.43020001612603664,790
2482,21,1,6.77774519533852,0.13555490390677039,0.3227497712065962,21,1,21,21,2,0.009590460005000523,434.0,0.3861000295728445,790
2483,21,1,6.76815473533351,0.13536309470667018,0.322293082634929,21,1,21,21,2,0.009590460005000523,434.0,0.3434999962337315,790
2484,21,1,6.758564275328498,0.13517128550656995,0.3218363940632618,21,1,21,21,2,0.009590460005007628,434.0,0.45380002120509744,790
2485,21,1,6.748973815323487,0.13497947630646975,0.3213797054915946,21,1,21,21,2,0.009590460005000523,434.0,0.4059000057168305,790
2486,21,1,6.739383355318474,0.1347876671063695,0.3209230169199274,21,1,21,21,2,0.009590460005000523,434.0,0.3502999898046255,790
2487,21,1,6.729792895313464,0.13459585790626927,0.32046632834826017,21,1,21,21,2,0.009590460005007628,434.0,0.3662999952211976,790
2488,21,1,6.720202435308453,0.13440404870616907,0.32000963977659297,21,1,21,21,2,0.009590460005000523,434.0,0.25340000865980983,790
2489,21,1,6.710611975303442,0.13421223950606884,0.3195529512049258,21,1,21,21,2,0.009590460005007628,434.0,0.4851999692618847,790
2490,21,1,6.7010215152984305,0.1340204303059686,0.3190962626332586,21,1,21,21,2,0.009590460005007628,434.0,0.4490999854169786,790
2491,21,1,6.691431055293418,0.13382862110586838,0.3186395740615914,21,1,21,21,2,0.009590460005000523,434.0,0.4621000261977315,790
2492,20,1,6.684717814048746,0.13369435628097492,0.3342358907024373,20,0,20,0,2,0.006713241244668211,0.0,0.6061000167392194,790
2493,20,1,6.675643759972679,0.13351287519945357,0.3337821879986339,20,1,20,20,2,0.009074054076066318,414.0,0.7274000090546906,727
2494,20,1,6.666569705896609,0.13333139411793218,0.33332848529483045,20,1,20,20,2,0.009074054076052107,414.0,0.4160000244155526,727
2495,20,1,6.65749565182054,0.1331499130364108,0.33287478259102693,20,1,20,20,2,0.009074054076059213,414.0,0.3884999896399677,727
2496,20,1,6.64842159774447,0.1329684319548894,0.33242107988722347,20,1,20,20,2,0.009074054076066318,414.0,0.416700029745698,727
2497,20,1,6.639347543668401,0.132786950873368,0.33196737718342006,20,1,20,20,2,0.009074054076059213,414.0,0.4629999748431146,727
2498,20,1,6.630273489592332,0.13260546979184665,0.33151367447961655,20,1,20,20,2,0.009074054076059213,414.0,0.4172999761067331,727
2499,20,1,6.621199435516262,0.13242398871032524,0.3310599717758131,20,1,20,20,2,0.009074054076059213,414.0,0.44350000098347664,727
2500,20,1,6.612125381440192,0.13224250762880385,0.33060626907200963,20,1,20,20,2,0.009074054076066318,414.0,0.4105999832972884,727
2501,20,1,6.603051327364124,0.13206102654728247,0.3301525663682062,20,1,20,20,2,0.009074054076059213,414.0,0.4344000481069088,727
2502,20,1,6.593977273288054,0.13187954546576108,0.3296988636644027,20,1,20,20,2,0.009074054076059213,414.0,0.4070999566465616,727
2503,20,1,6.584903219211983,0.13169806438423967,0.3292451609605992,20,1,20,20,2,0.009074054076066318,414.0,0.41290000081062317,727
2504,20,1,6.575829165135914,0.1315165833027183,0.3287914582567958,20,1,20,20,2,0.009074054076059213,414.0,0.4089000285603106,727
2505,20,1,6.566755111059845,0.1313351022211969,0.32833775555299227,20,1,20,20,2,0.009074054076059213,414.0,0.41859998600557446,727
2506,20,1,6.557681056983775,0.1311536211396755,0.3278840528491887,20,1,20,20,2,0.009074054076066318,414.0,0.410800043027848,727
2507,20,1,6.548607002907706,0.1309721400581541,0.32743035014538524,20,1,20,20,2,0.009074054076066318,414.0,0.4146999563090503,727
2508,20,1,6.539532948831634,0.13079065897663267,0.3269766474415817,20,1,20,20,2,0.009074054076059213,414.0,0.48479996621608734,727
2509,20,1,6.530458894755566,0.1306091778951113,0.3265229447377783,20,1,20,20,2,0.009074054076066318,414.0,0.4453000146895647,727
2510,20,1,6.521384840679496,0.13042769681358993,0.32606924203397475,20,1,20,20,2,0.009074054076052107,414.0,0.48749998677521944,727
2511,20,1,6.512310786603425,0.13024621573206852,0.3256155393301713,20,1,20,20,2,0.009074054076059213,414.0,0.4552999744191766,727
2512,20,1,6.503236732527356,0.13006473465054713,0.32516183662636783,20,1,20,20,2,0.009074054076066318,414.0,0.43840002035722136,727
2513,20,1,6.4941626784512865,0.12988325356902572,0.3247081339225643,20,1,20,20,2,0.009074054076059213,414.0,0.4719000426121056,727
2514,20,1,6.485088624375217,0.12970177248750434,0.32425443121876085,20,1,20,20,2,0.009074054076059213,414.0,0.4260999849066138,727
2515,20,1,6.476014570299146,0.12952029140598292,0.32380072851495734,20,1,20,20,2,0.009074054076066318,414.0,0.5025999853387475,727
2516,20,1,6.466940516223076,0.1293388103244615,0.3233470258111538,20,1,20,20,2,0.009074054076059213,414.0,0.35420001950114965,727
2517,20,1,6.457866462147008,0.12915732924294016,0.3228933231073504,20,1,20,20,2,0.009074054076059213,414.0,0.41089998558163643,727
2518,20,1,6.448792408070938,0.12897584816141877,0.3224396204035469,20,1,20,20,2,0.009074054076059213,414.0,0.41989999590441585,727
2519,20,1,6.439718353994867,0.12879436707989733,0.3219859176997434,20,1,20,20,2,0.009074054076066318,414.0,0.4406000371091068,727
2520,20,1,6.430644299918798,0.12861288599837598,0.3215322149959399,20,1,20,20,2,0.009074054076059213,414.0,0.42449997272342443,727
2521,20,1,6.4215702458427275,0.12843140491685456,0.32107851229213646,20,1,20,20,2,0.009074054076059213,414.0,0.4507999983616173,727
2522,20,1,6.412496191766658,0.12824992383533315,0.3206248095883329,20,1,20,20,2,0.009074054076066318,414.0,0.5003000260330737,727
2523,20,1,6.403422137690589,0.12806844275381177,0.3201711068845294,20,1,20,20,2,0.009074054076059213,414.0,0.4628999740816653,727
2524,20,1,6.394348083614518,0.12788696167229036,0.3197174041807259,20,1,20,20,2,0.009074054076059213,414.0,0.34199998481199145,727
2525,20,1,6.38527402953845,0.127705480590769,0.3192637014769225,20,1,20,20,2,0.009074054076066318,414.0,0.4096999764442444,727
2526,20,1,6.37619997546238,0.1275239995092476,0.318809998773119,20,1,20,20,2,0.009074054076052107,414.0,0.42269995901733637,727
2527,20,1,6.367125921386309,0.12734251842772618,0.3183562960693154,20,1,20,20,2,0.009074054076059213,414.0,0.41319994488731027,727
2528,20,1,6.358051867310239,0.1271610373462048,0.31790259336551197,20,1,20,20,2,0.009074054076066318,414.0,0.7027999963611364,727
2529,20,1,6.34897781323417,0.1269795562646834,0.3174488906617085,20,1,20,20,2,0.009074054076059213,414.0,0.4434000002220273,727
2530,20,1,6.3399037591581,0.126798075183162,0.31699518795790504,20,1,20,20,2,0.009074054076059213,414.0,0.36230002297088504,727
2531,20,1,6.33082970508203,0.12661659410164058,0.3165414852541015,20,1,20,20,2,0.009074054076066318,414.0,0.38519996451213956,727
2532,20,1,6.321755651005959,0.12643511302011917,0.316087782550298,20,1,20,20,2,0.009074054076059213,414.0,0.48069999320432544,727
2533,20,1,6.312681596929891,0.12625363193859782,0.3156340798464946,20,1,20,20,2,0.009074054076059213,414.0,0.4268999909982085,727
2534,20,1,6.303607542853821,0.12607215085707643,0.31518037714269104,20,1,20,20,2,0.009074054076066318,414.0,0.4484999808482826,727
2535,20,1,6.29453348877775,0.125890669775555,0.3147266744388876,20,1,20,20,2,0.009074054076059213,414.0,0.4161999677307904,727
2536,20,1,6.285459434701681,0.12570918869403364,0.31427297173508406,20,1,20,20,2,0.009074054076059213,414.0,0.44210004853084683,727
2537,20,1,6.276385380625611,0.12552770761251222,0.31381926903128055,20,1,20,20,2,0.009074054076059213,414.0,0.5137999542057514,727
2538,20,1,6.2673113265495415,0.12534622653099084,0.31336556632747703,20,1,20,20,2,0.009074054076066318,414.0,0.39899995317682624,727
2539,20,1,6.258237272473472,0.12516474544946943,0.31291186362367357,20,1,20,20,2,0.009074054076059213,414.0,0.4167999722994864,727
2540,20,1,6.249163218397401,0.12498326436794802,0.31245816091987005,20,1,20,20,2,0.009074054076066318,414.0,0.43049996020272374,727
2541,20,1,6.240089164321333,0.12480178328642666,0.3120044582160666,20,1,20,20,2,0.009074054076066318,414.0,0.43489999370649457,727
2542,20,1,6.231015110245263,0.12462030220490526,0.31155075551226313,20,1,20,20,2,0.009074054076052107,414.0,0.4338999860920012,727
2543,20,1,6.221941056169193,0.12443882112338386,0.3110970528084596,20,1,20,20,2,0.009074054076059213,414.0,0.42589998338371515,727
2544,20,1,6.212867002093123,0.12425734004186247,0.3106433501046561,20,1,20,20,2,0.009074054076066318,414.0,0.4488999838940799,727
2545,20,1,6.203792948017054,0.12407585896034108,0.3101896474008527,20,1,20,20,2,0.009074054076059213,414.0,0.4569999873638153,727
2546,20,1,6.194718893940983,0.12389437787881967,0.3097359446970492,20,1,20,20,2,0.009074054076059213,414.0,0.37019996671006083,727
2547,20,1,6.1856448398649135,0.12371289679729827,0.3092822419932457,20,1,20,20,2,0.009074054076066318,414.0,0.45139994472265244,727
2548,20,1,6.176570785788843,0.12353141571577686,0.3088285392894422,20,1,20,20,2,0.009074054076059213,414.0,0.3893999964930117,727
2549,20,1,6.167496731712776,0.12334993463425552,0.3083748365856388,20,1,20,20,2,0.009074054076059213,414.0,0.4013999714516103,727
2550,20,1,6.158422677636705,0.12316845355273409,0.3079211338818353,20,1,20,20,2,0.009074054076066318,414.0,0.45039999531582,727
2551,20,1,6.149348623560635,0.1229869724712127,0.30746743117803177,20,1,20,20,2,0.009074054076059213,414.0,0.4542999668046832,727
2552,20,1,6.140274569484566,0.12280549138969132,0.3070137284742283,20,1,20,20,2,0.009074054076059213,414.0,0.5268999957479537,727
2553,20,1,6.131200515408495,0.1226240103081699,0.30656002577042485,20,1,20,20,2,0.009074054076066318,414.0,0.36399997770786285,727
2554,20,1,6.122126461332426,0.12244252922664853,0.3061063230666213,20,1,20,20,2,0.009074054076059213,414.0,0.3529999521560967,727
2555,20,1,6.113052407256357,0.12226104814512714,0.3056526203628178,20,1,20,20,2,0.009074054076059213,414.0,0.43530005495995283,727
2556,20,1,6.103978353180286,0.12207956706360572,0.3051989176590143,20,1,20,20,2,0.009074054076059213,414.0,0.4284000024199486,727
2557,20,1,6.0949042991042175,0.12189808598208435,0.3047452149552109,20,1,20,20,2,0.009074054076066318,414.0,0.42259995825588703,727
2558,19,1,6.089717847219908,0.12179435694439816,0.32051146564315297,19,0,19,0,2,0.005186451884306109,0.0,0.4458999610505998,727
2559,19,1,6.081208091384889,0.12162416182769778,0.3200635837570994,19,1,19,19,2,0.008509755835007127,394.0,0.43160002678632736,670
2560,19,1,6.072698335549871,0.12145396671099742,0.3196157018710459,19,1,19,19,2,0.008509755835007127,394.0,0.5666000070050359,670
2561,19,1,6.064188579714854,0.12128377159429707,0.3191678199849923,19,1,19,19,2,0.008509755835007127,394.0,0.3781999694183469,670
2562,19,1,6.055678823879836,0.12111357647759671,0.31871993809893867,19,1,19,19,2,0.008509755835014232,394.0,0.37700001848861575,670
2563,19,1,6.047169068044818,0.12094338136089636,0.3182720562128851,19,1,19,19,2,0.008509755835007127,394.0,0.4629000322893262,670
2564,19,1,6.0386593122098,0.120773186244196,0.3178241743268316,19,1,19,19,2,0.008509755834992916,394.0,0.42070000199601054,670
2565,19,1,6.0301495563747824,0.12060299112749565,0.31737629244077803,19,1,19,19,2,0.008509755835007127,394.0,0.4398999735713005,670
2566,19,1,6.021639800539765,0.12043279601079529,0.3169284105547245,19,1,19,19,2,0.008509755835014232,394.0,0.41310000233352184,670
2567,19,1,6.013130044704748,0.12026260089409496,0.31648052866867094,19,1,19,19,2,0.008509755835007127,394.0,0.547399977222085,670
2568,19,1,6.00462028886973,0.1200924057773946,0.3160326467826174,19,1,19,19,2,0.008509755835000021,394.0,0.3629999700933695,670
2569,19,1,5.996110533034712,0.11992221066069425,0.3155847648965638,19,1,19,19,2,0.008509755835007127,394.0,0.37540000630542636,670
2570,19,1,5.987600777199694,0.1197520155439939,0.3151368830105103,19,1,19,19,2,0.008509755835014232,394.0,0.3869999782182276,670
2571,19,1,5.979091021364677,0.11958182042729354,0.3146890011244567,19,1,19,19,2,0.008509755835007127,394.0,0.49780000699684024,670
2572,19,1,5.97058126552966,0.1194116253105932,0.31424111923840314,19,1,19,19,2,0.008509755835000021,394.0,0.3005999606102705,670
2573,19,1,5.962071509694642,0.11924143019389284,0.31379323735234954,19,1,19,19,2,0.008509755835014232,394.0,0.3372000064700842,670
2574,19,1,5.953561753859624,0.11907123507719249,0.313345355466296,19,1,19,19,2,0.008509755835014232,394.0,0.2562999725341797,670
2575,19,1,5.945051998024606,0.11890103996049213,0.31289747358024245,19,1,19,19,2,0.008509755834992916,394.0,0.28389994986355305,670
2576,19,1,5.936542242189589,0.11873084484379177,0.3124495916941889,19,1,19,19,2,0.008509755835000021,394.0,0.36420003743842244,670
2577,19,1,5.92803248635457,0.1185606497270914,0.3120017098081353,19,1,19,19,2,0.008509755835014232,394.0,0.40879996959120035,670
2578,19,1,5.919547970095269,0.11839095940190537,0.31155515632080355,19,1,19,19,2,0.00848451625929414,394.0,0.7466999813914299,670
2579,19,1,5.91103821426025,0.118220764285205,0.31110727443475,19,1,19,19,2,0.008509755835000021,394.0,0.3677000058814883,670
2580,19,1,5.902528458425233,0.11805056916850466,0.31065939254869646,19,1,19,19,2,0.008509755835007127,394.0,0.4325999761931598,670
2581,19,1,5.89404394216593,0.1178808788433186,0.31021283906136476,19,1,19,19,2,0.00848451625929414,394.0,0.3803999861702323,670
2582,19,1,5.885534186330911,0.11771068372661823,0.30976495717531116,19,1,19,19,2,0.008509755835007127,394.0,0.3800999838858843,670
2583,19,1,5.877024430495895,0.1175404886099179,0.30931707528925767,19,1,19,19,2,0.008509755835007127,394.0,0.42039999971166253,670
2584,19,1,5.868514674660877,0.11737029349321754,0.30886919340320407,19,1,19,19,2,0.008509755835014232,394.0,0.41610002517700195,670
2585,19,1,5.86000491882586,0.1172000983765172,0.3084213115171506,19,1,19,19,2,0.008509755835000021,394.0,0.3540999605320394,670
2586,19,1,5.851495162990842,0.11702990325981684,0.307973429631097,19,1,19,19,2,0.008509755834992916,394.0,0.3301000106148422,670
2587,19,1,5.842985407155825,0.1168597081431165,0.30752554774504337,19,1,19,19,2,0.008509755835014232,394.0,0.4138000076636672,670
2588,19,1,5.8344756513208065,0.11668951302641613,0.3070776658589898,19,1,19,19,2,0.008509755835014232,394.0,0.470499973744154,670
2589,19,1,5.82596589548579,0.11651931790971579,0.3066297839729363,19,1,19,19,2,0.008509755835007127,394.0,0.4490000428631902,670
2590,19,1,5.817456139650771,0.11634912279301542,0.3061819020868827,19,1,19,19,2,0.008509755835000021,394.0,0.45460002729669213,670
2591,19,1,5.808946383815754,0.11617892767631507,0.3057340202008291,19,1,19,19,2,0.008509755835007127,394.0,0.32220000866800547,670
2592,19,1,5.800436627980735,0.1160087325596147,0.3052861383147755,19,1,19,19,2,0.008509755835014232,394.0,0.3803000436164439,670
2593,19,1,5.7919268721457176,0.11583853744291435,0.30483825642872203,19,1,19,19,2,0.008509755835007127,394.0,0.45769999269396067,670
2594,19,1,5.7834171163107,0.115668342326214,0.30439037454266843,19,1,19,19,2,0.008509755835000021,394.0,0.36609999369829893,670
2595,19,1,5.774907360475683,0.11549814720951365,0.3039424926566149,19,1,19,19,2,0.008509755835014232,394.0,0.3831000067293644,670
2596,19,1,5.766397604640665,0.1153279520928133,0.3034946107705613,19,1,19,19,2,0.008509755835000021,394.0,0.4498999915085733,670
2597,19,1,5.757887848805647,0.11515775697611294,0.3030467288845078,19,1,19,19,2,0.008509755835007127,394.0,0.43459999142214656,670
2598,19,1,5.749378092970628,0.11498756185941256,0.30259884699845413,19,1,19,19,2,0.008509755835000021,394.0,0.43159996857866645,670
2599,19,1,5.740868337135611,0.11481736674271222,0.3021509651124006,19,1,19,19,2,0.008509755835014232,394.0,0.43809995986521244,670
2600,19,1,5.732358581300593,0.11464717162601186,0.301703083226347,19,1,19,19,2,0.008509755835014232,394.0,0.44440000783652067,670
2601,19,1,5.723848825465574,0.11447697650931149,0.30125520134029343,19,1,19,19,2,0.008509755834992916,394.0,0.41039998177438974,670
2602,19,1,5.715339069630556,0.11430678139261112,0.3008073194542398,19,1,19,19,2,0.008509755835007127,394.0,0.39989996002987027,670
2603,19,1,5.706829313795538,0.11413658627591076,0.30035943756818617,19,1,19,19,2,0.008509755835014232,394.0,0.44079998042434454,670
2604,19,1,5.698344797536236,0.11396689595072472,0.2999128840808545,19,1,19,19,2,0.00848451625929414,394.0,0.4491000436246395,670
2605,19,1,5.689835041701219,0.11379670083402438,0.299465002194801,19,1,19,19,2,0.008509755835000021,394.0,0.47109997831285,670
2606,19,1,5.6813252858661984,0.11362650571732397,0.2990171203087473,19,1,19,19,2,0.008509755835014232,394.0,0.44710002839565277,670
2607,19,1,5.672815530031181,0.11345631060062361,0.2985692384226937,19,1,19,19,2,0.008509755835000021,394.0,0.4718999844044447,670
2608,19,1,5.664305774196163,0.11328611548392326,0.2981213565366401,19,1,19,19,2,0.008509755835007127,394.0,0.4340999876148999,670
2609,19,1,5.655796018361145,0.1131159203672229,0.2976734746505865,19,1,19,19,2,0.008509755835000021,394.0,0.42559998109936714,670
2610,19,1,5.647286262526126,0.11294572525052253,0.2972255927645329,19,1,19,19,2,0.008509755835014232,394.0,0.43000001460313797,670
2611,19,1,5.638776506691108,0.11277553013382216,0.2967777108784794,19,1,19,19,2,0.008509755835014232,394.0,0.4233999643474817,670
2612,19,1,5.63026675085609,0.1126053350171218,0.29632982899242577,19,1,19,19,2,0.008509755834992916,394.0,0.4330999800004065,670
2613,19,1,5.621756995021072,0.11243513990042145,0.29588194710637217,19,1,19,19,2,0.008509755835007127,394.0,0.39439997635781765,670
2614,19,1,5.6132472391860535,0.11226494478372107,0.2954340652203186,19,1,19,19,2,0.008509755835014232,394.0,0.3505000495351851,670
2615,19,1,5.604737483351036,0.11209474966702071,0.294986183334265,19,1,19,19,2,0.008509755835014232,394.0,0.348400033544749,670
2616,19,1,5.596227727516017,0.11192455455032034,0.29453830144821136,19,1,19,19,2,0.008509755835000021,394.0,0.39770000148564577,670
2617,19,1,5.587717971680999,0.11175435943361998,0.2940904195621579,19,1,19,19,2,0.008509755835000021,394.0,0.3451000084169209,670
2618,19,1,5.579208215845981,0.11158416431691962,0.29364253767610426,19,1,19,19,2,0.008509755835007127,394.0,0.3457000129856169,670
2619,19,1,5.570698460010963,0.11141396920021926,0.29319465579005066,19,1,19,19,2,0.008509755835014232,394.0,0.44680002611130476,670
2620,19,1,5.562188704175944,0.11124377408351888,0.29274677390399706,19,1,19,19,2,0.008509755835000021,394.0,0.4168000305071473,670
2621,19,1,5.5536789483409255,0.1110735789668185,0.2922988920179435,19,1,19,19,2,0.008509755835007127,394.0,0.4467000253498554,670
2622,19,1,5.545169192505907,0.11090338385011814,0.29185101013188985,19,1,19,19,2,0.008509755835007127,394.0,0.43759995605796576,670
2623,19,1,5.536659436670889,0.11073318873341778,0.29140312824583625,19,1,19,19,2,0.008509755835007127,394.0,0.3445000038482249,670
2624,19,1,5.52814968083587,0.11056299361671741,0.2909552463597827,19,1,19,19,2,0.008509755835007127,394.0,0.37289998726919293,670
2625,19,1,5.519639925000853,0.11039279850001707,0.2905073644737291,19,1,19,19,2,0.008509755835007127,394.0,0.4545999690890312,670
2626,19,1,5.511130169165834,0.11022260338331667,0.29005948258767544,19,1,19,19,2,0.008509755835014232,394.0,0.40469999657943845,670
2627,19,1,5.502620413330817,0.11005240826661634,0.28961160070162195,19,1,19,19,2,0.008509755835007127,394.0,0.3641000366769731,670
2628,19,1,5.494110657495798,0.10988221314991596,0.28916371881556835,19,1,19,19,2,0.008509755834992916,394.0,0.402199977543205,670
2629,19,1,5.485600901660781,0.10971201803321563,0.28871583692951475,19,1,19,19,2,0.008509755835007127,394.0,0.4490999854169786,670
2630,19,1,5.477091145825762,0.10954182291651524,0.2882679550434612,19,1,19,19,2,0.008509755835014232,394.0,0.41909998981282115,670
2631,19,1,5.468581389990744,0.10937162779981488,0.2878200731574076,19,1,19,19,2,0.008509755835007127,394.0,0.5448000156320632,670
2632,19,1,5.460096873731442,0.10920193747462884,0.2873735196700759,19,1,19,19,2,0.008484516259287034,394.0,0.3730999887920916,670
2633,19,1,5.451587117896423,0.10903174235792847,0.2869256377840223,19,1,19,19,2,0.008509755835007127,394.0,0.394799979403615,670
2634,19,1,5.4430773620614055,0.10886154724122811,0.28647775589796876,19,1,19,19,2,0.008509755835007127,394.0,0.40600000647827983,670
2635,19,1,5.434567606226387,0.10869135212452774,0.2860298740119151,19,1,19,19,2,0.008509755835007127,394.0,0.5038999952375889,670
2636,19,1,5.426057850391369,0.10852115700782738,0.28558199212586155,19,1,19,19,2,0.008509755835007127,394.0,0.36750000435858965,670
2637,19,1,5.41754809455635,0.108350961891127,0.2851341102398079,19,1,19,19,2,0.008509755835014232,394.0,0.35830005072057247,670
2638,19,1,5.4090383387213326,0.10818076677442665,0.2846862283537543,19,1,19,19,2,0.008509755835007127,394.0,0.5772999720647931,670
2639,19,1,5.400528582886314,0.10801057165772628,0.2842383464677007,19,1,19,19,2,0.008509755834992916,394.0,0.7026000530458987,670
2640,19,1,5.392018827051296,0.10784037654102592,0.28379046458164714,19,1,19,19,2,0.008509755835007127,394.0,0.3559999749995768,670
2641,19,1,5.383509071216277,0.10767018142432555,0.28334258269559354,19,1,19,19,2,0.008509755835014232,394.0,0.34639996010810137,670
2642,19,1,5.37499931538126,0.1074999863076252,0.28289470080954005,19,1,19,19,2,0.008509755835007127,394.0,0.3457000129856169,670
2643,19,1,5.366489559546241,0.10732979119092483,0.2824468189234864,19,1,19,19,2,0.008509755835007127,394.0,0.4132000030949712,670
2644,19,1,5.357979803711223,0.10715959607422447,0.28199893703743284,19,1,19,19,2,0.008509755835000021,394.0,0.4288000054657459,670
2645,19,1,5.349470047876205,0.10698940095752411,0.28155105515137924,19,1,19,19,2,0.008509755835007127,394.0,0.4067000118084252,670
2646,19,1,5.3409602920411885,0.10681920584082377,0.2811031732653257,19,1,19,19,2,0.008509755835014232,394.0,0.7127000135369599,670
2647,19,1,5.332475775781885,0.10664951551563769,0.28065661977799394,19,1,19,19,2,0.008484516259287034,394.0,0.4743000026792288,670
2648,19,1,5.323966019946868,0.10647932039893736,0.2802087378919404,19,1,19,19,2,0.008509755835014232,394.0,0.7255999953486025,670
2649,19,1,5.31545626411185,0.106309125282237,0.2797608560058868,19,1,19,19,2,0.008509755835000021,394.0,0.5322000361047685,670
2650,19,1,5.306946508276832,0.10613893016553665,0.27931297411983325,19,1,19,19,2,0.008509755835000021,394.0,0.47229998745024204,670
2651,19,1,5.298436752441813,0.10596873504883625,0.2788650922337796,19,1,19,19,2,0.008509755835007127,394.0,0.458399998024106,670
2652,19,1,5.289926996606795,0.1057985399321359,0.27841721034772604,19,1,19,19,2,0.008509755835014232,394.0,0.4241999704390764,670
2653,19,1,5.281417240771776,0.10562834481543552,0.27796932846167244,19,1,19,19,2,0.008509755835007127,394.0,0.4611000185832381,670
2654,19,1,5.272907484936758,0.10545814969873517,0.27752144657561884,19,1,19,19,2,0.008509755835000021,394.0,0.3648999845609069,670
2655,19,1,5.2643977291017405,0.10528795458203481,0.27707356468956523,19,1,19,19,2,0.008509755835007127,394.0,0.29200001154094934,670
2656,19,1,5.255887973266724,0.10511775946533447,0.27662568280351174,19,1,19,19,2,0.008509755835007127,394.0,0.268799951300025,670
2657,19,1,5.247378217431704,0.10494756434863409,0.2761778009174581,19,1,19,19,2,0.008509755835014232,394.0,0.40089996764436364,670
2658,18,1,5.241851737043962,0.10483703474087924,0.29121398539133125,18,0,18,0,2,0.005526480387736399,0.0,0.3635999746620655,670
2659,18,1,5.233807713207261,0.10467615426414521,0.29076709517818117,18,1,18,18,2,0.008044023836689007,374.0,0.4206000012345612,627
2660,18,1,5.225763689370559,0.10451527378741117,0.290320204965031,18,1,18,18,2,0.008044023836681902,374.0,0.4222000134177506,627
2661,18,1,5.217719665533858,0.10435439331067715,0.28987331475188094,18,1,18,18,2,0.008044023836696113,374.0,0.4248999757692218,627
2662,18,1,5.209675641697157,0.10419351283394312,0.2894264245387309,18,1,18,18,2,0.008044023836696113,374.0,0.443600001744926,627
2663,18,1,5.201631617860454,0.10403263235720908,0.28897953432558077,18,1,18,18,2,0.008044023836681902,374.0,0.4017999744974077,627
2664,18,1,5.193587594023753,0.10387175188047505,0.28853264411243074,18,1,18,18,2,0.008044023836696113,374.0,0.4197999951429665,627
2665,18,1,5.1855435701870505,0.10371087140374101,0.28808575389928065,18,1,18,18,2,0.008044023836689007,374.0,0.4141000099480152,627
2666,18,1,5.17749954635035,0.103549990927007,0.2876388636861306,18,1,18,18,2,0.008044023836689007,374.0,0.4333999822847545,627
2667,18,1,5.1694555225136485,0.10338911045027296,0.2871919734729805,18,1,18,18,2,0.008044023836689007,374.0,0.4088999703526497,627
2668,18,1,5.161411498676947,0.10322822997353893,0.28674508325983034,18,1,18,18,2,0.008044023836696113,374.0,0.42380002560094,627
2669,18,1,5.153367474840246,0.1030673494968049,0.2862981930466803,18,1,18,18,2,0.008044023836689007,374.0,0.46990002738311887,627
2670,18,1,5.145323451003545,0.1029064690200709,0.2858513028335302,18,1,18,18,2,0.008044023836689007,374.0,0.25129999266937375,627
2671,18,1,5.137279427166843,0.10274558854333686,0.28540441262038013,18,1,18,18,2,0.008044023836689007,374.0,0.40339998668059707,627
2672,18,1,5.12923540333014,0.1025847080666028,0.28495752240723005,18,1,18,18,2,0.008044023836689007,374.0,0.22810004884377122,627
2673,18,1,5.121191379493438,0.10242382758986876,0.28451063219407996,18,1,18,18,2,0.008044023836696113,374.0,0.3709000302478671,627
2674,18,1,5.113147355656738,0.10226294711313477,0.28406374198092993,18,1,18,18,2,0.008044023836689007,374.0,0.4827000084333122,627
2675,18,1,5.105103331820036,0.10210206663640072,0.28361685176777984,18,1,18,18,2,0.008044023836689007,374.0,0.458099995739758,627
2676,18,1,5.0970593079833355,0.10194118615966671,0.2831699615546297,18,1,18,18,2,0.008044023836689007,374.0,0.4526000120677054,627
2677,18,1,5.089015284146633,0.10178030568293267,0.2827230713414796,18,1,18,18,2,0.008044023836689007,374.0,0.5097999819554389,627
2678,18,1,5.080971260309933,0.10161942520619865,0.2822761811283296,18,1,18,18,2,0.008044023836696113,374.0,0.43840002035722136,627
2679,18,1,5.07292723647323,0.10145854472946461,0.28182929091517944,18,1,18,18,2,0.008044023836689007,374.0,0.45169994700700045,627
2680,18,1,5.064883212636528,0.10129766425273055,0.28138240070202936,18,1,18,18,2,0.008044023836689007,374.0,0.5268999957479537,627
2681,18,1,5.056839188799827,0.10113678377599655,0.28093551048887927,18,1,18,18,2,0.008044023836689007,374.0,0.35930000012740493,627
2682,18,1,5.048795164963126,0.10097590329926252,0.28048862027572924,18,1,18,18,2,0.008044023836689007,374.0,0.4181999829597771,627
2683,18,1,5.0407511411264245,0.1008150228225285,0.28004173006257915,18,1,18,18,2,0.008044023836696113,374.0,0.5459000240080059,627
2684,18,1,5.032707117289723,0.10065414234579446,0.27959483984942907,18,1,18,18,2,0.008044023836689007,374.0,0.3776999656111002,627
2685,18,1,5.024663093453021,0.10049326186906042,0.2791479496362789,18,1,18,18,2,0.008044023836689007,374.0,0.3923000185750425,627
2686,18,1,5.01661906961632,0.1003323813923264,0.27870105942312895,18,1,18,18,2,0.008044023836696113,374.0,0.3492000396363437,627
2687,18,1,5.008575045779618,0.10017150091559236,0.27825416920997875,18,1,18,18,2,0.008044023836681902,374.0,0.394199974834919,627
2688,18,1,5.000531021942916,0.10001062043885833,0.27780727899682867,18,1,18,18,2,0.008044023836689007,374.0,0.5123000009916723,627
2689,18,1,4.992486998106214,0.09984973996212428,0.27736038878367864,18,1,18,18,2,0.008044023836696113,374.0,0.24969998048618436,627
2690,18,1,4.9844429742695135,0.09968885948539027,0.27691349857052855,18,1,18,18,2,0.008044023836696113,374.0,0.37239998346194625,627
2691,18,1,4.976398950432813,0.09952797900865626,0.27646660835737846,18,1,18,18,2,0.008044023836681902,374.0,0.5654999986290932,627
2692,18,1,4.968354926596111,0.09936709853192222,0.2760197181442284,18,1,18,18,2,0.008044023836689007,374.0,0.3651999868452549,627
2693,18,1,4.96031090275941,0.0992062180551882,0.2755728279310783,18,1,18,18,2,0.008044023836696113,374.0,0.23559998953714967,627
2694,18,1,4.952266878922709,0.09904533757845417,0.27512593771792826,18,1,18,18,2,0.008044023836689007,374.0,0.39870000910013914,627
2695,18,1,4.9442228550860055,0.09888445710172011,0.27467904750477806,18,1,18,18,2,0.008044023836689007,374.0,0.3366999444551766,627
2696,18,1,4.936178831249305,0.0987235766249861,0.274232157291628,18,1,18,18,2,0.008044023836696113,374.0,0.533799990080297,627
2697,18,1,4.928134807412603,0.09856269614825205,0.27378526707847795,18,1,18,18,2,0.008044023836681902,374.0,0.3597000031732023,627
2698,18,1,4.920090783575902,0.09840181567151804,0.2733383768653279,18,1,18,18,2,0.008044023836689007,374.0,0.40610000723972917,627
2699,18,1,4.912046759739201,0.09824093519478401,0.27289148665217783,18,1,18,18,2,0.008044023836696113,374.0,0.4068000125698745,627
2700,18,1,4.904002735902498,0.09808005471804997,0.2724445964390277,18,1,18,18,2,0.008044023836696113,374.0,0.5234000273048878,627
2701,18,1,4.895958712065798,0.09791917424131595,0.27199770622587766,18,1,18,18,2,0.008044023836681902,374.0,0.35280000884085894,627
2702,18,1,4.887914688229096,0.09775829376458192,0.27155081601272757,18,1,18,18,2,0.008044023836696113,374.0,0.35060005029663444,627
2703,18,1,4.879870664392395,0.09759741328784789,0.2711039257995774,18,1,18,18,2,0.008044023836689007,374.0,0.4744000034406781,627
2704,18,1,4.8718266405556925,0.09743653281111385,0.27065703558642734,18,1,18,18,2,0.008044023836681902,374.0,0.46579999616369605,627
2705,18,1,4.86378261671899,0.0972756523343798,0.27021014537327726,18,1,18,18,2,0.008044023836696113,374.0,0.43349998304620385,627
2706,18,1,4.8557385928822905,0.0971147718576458,0.2697632551601272,18,1,18,18,2,0.008044023836696113,374.0,0.44739997247233987,627
2707,18,1,4.847694569045589,0.09695389138091177,0.2693163649469772,18,1,18,18,2,0.008044023836689007,374.0,0.4214999498799443,627
2708,18,1,4.839650545208888,0.09679301090417775,0.2688694747338271,18,1,18,18,2,0.008044023836681902,374.0,0.40799996349960566,627
2709,18,1,4.831606521372186,0.09663213042744373,0.268422584520677,18,1,18,18,2,0.008044023836696113,374.0,0.41800003964453936,627
2710,18,1,4.823562497535486,0.09647124995070971,0.267975694307527,18,1,18,18,2,0.008044023836689007,374.0,0.4597000079229474,627
2711,18,1,4.815518473698782,0.09631036947397564,0.2675288040943768,18,1,18,18,2,0.008044023836689007,374.0,0.3273999900557101,627
2712,18,1,4.807474449862082,0.09614948899724164,0.2670819138812267,18,1,18,18,2,0.008044023836696113,374.0,0.39549998473376036,627
2713,18,1,4.79943042602538,0.09598860852050761,0.2666350236680766,18,1,18,18,2,0.008044023836689007,374.0,0.43000001460313797,627
2714,18,1,4.79138640218868,0.0958277280437736,0.26618813345492665,18,1,18,18,2,0.008044023836681902,374.0,0.39840000681579113,627
2715,18,1,4.783342378351978,0.09566684756703957,0.2657412432417765,18,1,18,18,2,0.008044023836696113,374.0,0.43459999142214656,627
2716,18,1,4.775298354515277,0.09550596709030554,0.2652943530286265,18,1,18,18,2,0.008044023836696113,374.0,0.8236999856308103,627
2717,18,1,4.767254330678575,0.0953450866135715,0.2648474628154764,18,1,18,18,2,0.008044023836689007,374.0,0.3483999753370881,627
2718,18,1,4.759210306841874,0.09518420613683748,0.2644005726023264,18,1,18,18,2,0.008044023836689007,374.0,0.40030002128332853,627
2719,18,1,4.751166283005172,0.09502332566010344,0.2639536823891762,18,1,18,18,2,0.008044023836689007,374.0,0.38189999759197235,627
2720,17,1,4.745233348199453,0.09490466696398907,0.27913137342349725,17,0,17,0,2,0.005932934805706225,0.0,0.43479999294504523,627
2721,17,1,4.737630379594436,0.09475260759188872,0.2786841399761433,17,1,17,17,2,0.007602968605013416,354.0,0.8815999608486891,578
2722,17,1,4.73002741098942,0.0946005482197884,0.27823690652878935,17,1,17,17,2,0.007602968605013416,354.0,0.3922999603673816,578
2723,17,1,4.722424442384403,0.09444848884768806,0.27778967308143543,17,1,17,17,2,0.0076029686050063106,354.0,0.36669999826699495,578
2724,16,1,4.717189745147603,0.09434379490295206,0.2948243590717251,16,0,16,0,2,0.005234697236801367,0.0,0.34950004192069173,578
2725,16,1,4.709904204857789,0.09419808409715578,0.29436901280361183,16,1,16,16,2,0.007285540289807102,334.0,1.0207999730482697,531
2726,16,1,4.702618664567976,0.09405237329135951,0.29391366653549855,16,1,16,16,2,0.007285540289807102,334.0,0.5953999934718013,531
2727,16,1,4.695333124278165,0.0939066624855633,0.2934583202673853,16,1,16,16,2,0.007285540289799997,334.0,0.41640002746134996,531
2728,16,1,4.688047583988352,0.09376095167976704,0.293002973999272,16,1,16,16,2,0.007285540289799997,334.0,0.39929995546117425,531
2729,16,1,4.6807620436985395,0.09361524087397079,0.2925476277311587,16,1,16,16,2,0.007285540289807102,334.0,0.6111999973654747,531
2730,16,1,4.673476503408728,0.09346953006817456,0.29209228146304544,16,1,16,16,2,0.007285540289799997,334.0,0.5970999482087791,531
2731,16,1,4.666190963118916,0.09332381926237832,0.29163693519493217,16,1,16,16,2,0.007285540289814207,334.0,0.3893999964930117,531
2732,16,1,4.658905422829103,0.09317810845658206,0.29118158892681895,16,1,16,16,2,0.007285540289799997,334.0,0.49180001951754093,531
2733,16,1,4.65161988253929,0.0930323976507858,0.2907262426587056,16,1,16,16,2,0.007285540289807102,334.0,0.519900000654161,531
2734,16,1,4.644334342249477,0.09288668684498955,0.29027089639059234,16,1,16,16,2,0.007285540289799997,334.0,0.33299997448921204,531
2735,16,1,4.637048801959665,0.0927409760391933,0.28981555012247906,16,1,16,16,2,0.007285540289799997,334.0,0.5510000046342611,531
2736,16,1,4.629763261669853,0.09259526523339706,0.2893602038543658,16,1,16,16,2,0.007285540289814207,334.0,0.6129000103101134,531
2737,16,1,4.622477721380041,0.09244955442760082,0.2889048575862525,16,1,16,16,2,0.007285540289792891,334.0,0.31179998768493533,531
2738,16,1,4.615192181090228,0.09230384362180455,0.28844951131813923,16,1,16,16,2,0.007285540289814207,334.0,0.3608999541029334,531
2739,16,1,4.607906640800415,0.0921581328160083,0.287994165050026,16,1,16,16,2,0.007285540289792891,334.0,0.35039999056607485,531
2740,16,1,4.600621100510604,0.09201242201021208,0.2875388187819127,16,1,16,16,2,0.007285540289814207,334.0,0.40119996992871165,531
2741,16,1,4.59333556022079,0.09186671120441581,0.28708347251379945,16,1,16,16,2,0.007285540289807102,334.0,0.5083999712951481,531
2742,16,1,4.586050019930978,0.09172100039861956,0.2866281262456861,16,1,16,16,2,0.007285540289799997,334.0,0.347200024407357,531
2743,16,1,4.578764479641166,0.09157528959282332,0.2861727799775729,16,1,16,16,2,0.007285540289807102,334.0,0.3284999984316528,531
2744,16,1,4.571478939351353,0.09142957878702707,0.28571743370945957,16,1,16,16,2,0.007285540289792891,334.0,0.4045999958179891,531
2745,16,1,4.564193399061541,0.09128386798123081,0.2852620874413463,16,1,16,16,2,0.007285540289814207,334.0,0.4083000239916146,531
2746,16,1,4.556907858771728,0.09113815717543457,0.284806741173233,16,1,16,16,2,0.007285540289799997,334.0,0.3994000144302845,531
2747,16,1,4.549622318481916,0.09099244636963831,0.2843513949051197,16,1,16,16,2,0.007285540289807102,334.0,0.49679999938234687,531
2748,16,1,4.5423367781921025,0.09084673556384205,0.28389604863700635,16,1,16,16,2,0.007285540289799997,334.0,0.35499996738508344,531
2749,16,1,4.535051237902289,0.09070102475804578,0.28344070236889307,16,1,16,16,2,0.007285540289807102,334.0,0.34870003582909703,531
2750,16,1,4.527765697612476,0.09055531395224951,0.2829853561007798,16,1,16,16,2,0.007285540289807102,334.0,0.4799999878741801,531
2751,16,1,4.5204801573226625,0.09040960314645324,0.2825300098326665,16,1,16,16,2,0.007285540289799997,334.0,0.33900002017617226,531
2752,16,1,4.513194617032851,0.09026389234065701,0.2820746635645532,16,1,16,16,2,0.007285540289807102,334.0,0.32920000376179814,531
2753,16,1,4.505909076743038,0.09011818153486076,0.28161931729643985,16,1,16,16,2,0.007285540289799997,334.0,0.5435000057332218,531
2754,16,1,4.498623536453225,0.0899724707290645,0.2811639710283266,16,1,16,16,2,0.007285540289807102,334.0,0.8146999753080308,531
2755,16,1,4.491337996163412,0.08982675992326823,0.2807086247602133,16,1,16,16,2,0.007285540289799997,334.0,0.3610999556258321,531
2756,16,1,4.4840524558735995,0.08968104911747199,0.28025327849209997,16,1,16,16,2,0.007285540289814207,334.0,0.403400044888258,531
2757,16,1,4.476766915583787,0.08953533831167575,0.2797979322239867,16,1,16,16,2,0.007285540289792891,334.0,0.3677000058814883,531
2758,16,1,4.469481375293974,0.08938962750587948,0.27934258595587336,16,1,16,16,2,0.007285540289814207,334.0,0.5242999759502709,531
2759,16,1,4.462195835004161,0.08924391670008322,0.2788872396877601,16,1,16,16,2,0.007285540289799997,334.0,0.49920001765713096,531
2760,16,1,4.454910294714348,0.08909820589428696,0.2784318934196468,16,1,16,16,2,0.007285540289799997,334.0,0.408999971114099,531
2761,16,1,4.4476247544245355,0.08895249508849071,0.27797654715153347,16,1,16,16,2,0.007285540289807102,334.0,0.38079998921602964,531
2762,16,1,4.440339214134723,0.08880678428269446,0.27752120088342014,16,1,16,16,2,0.007285540289799997,334.0,0.3744999994523823,531
2763,16,1,4.433053673844911,0.08866107347689821,0.27706585461530686,16,1,16,16,2,0.007285540289814207,334.0,0.37779996637254953,531
2764,16,1,4.425768133555097,0.08851536267110195,0.2766105083471936,16,1,16,16,2,0.007285540289792891,334.0,0.609499984420836,531
2765,16,1,4.418482593265285,0.0883696518653057,0.27615516207908025,16,1,16,16,2,0.007285540289814207,334.0,0.3771000192500651,531
2766,16,1,4.411197052975471,0.08822394105950941,0.2756998158109669,16,1,16,16,2,0.007285540289792891,334.0,0.3353999927639961,531
2767,16,1,4.403911512685657,0.08807823025371314,0.27524446954285364,16,1,16,16,2,0.007285540289807102,334.0,0.37759996484965086,531
2768,16,1,4.396625972395846,0.08793251944791691,0.27478912327474037,16,1,16,16,2,0.007285540289814207,334.0,0.41229999624192715,531
2769,16,1,4.3893404321060325,0.08778680864212066,0.2743337770066271,16,1,16,16,2,0.007285540289792891,334.0,0.37779996637254953,531
2770,16,1,4.38205489181622,0.0876410978363244,0.27387843073851376,16,1,16,16,2,0.007285540289814207,334.0,0.37810002686455846,531
2771,16,1,4.374769351526407,0.08749538703052813,0.2734230844704005,16,1,16,16,2,0.007285540289792891,334.0,0.37019996671006083,531
2772,16,1,4.367483811236594,0.08734967622473189,0.27296773820228715,16,1,16,16,2,0.007285540289814207,334.0,0.3687999560497701,531
2773,16,1,4.360198270946782,0.08720396541893564,0.27251239193417387,16,1,16,16,2,0.007285540289799997,334.0,0.5197999998927116,531
2774,16,1,4.352912730656969,0.08705825461313937,0.27205704566606054,16,1,16,16,2,0.007285540289807102,334.0,0.39659999310970306,531
2775,16,1,4.345627190367156,0.08691254380734312,0.27160169939794726,16,1,16,16,2,0.007285540289799997,334.0,0.33160002203658223,531
2776,16,1,4.338341650077343,0.08676683300154686,0.27114635312983393,16,1,16,16,2,0.007285540289799997,334.0,0.3567999810911715,531
2777,16,1,4.33105610978753,0.0866211221957506,0.27069100686172065,16,1,16,16,2,0.007285540289814207,334.0,0.3285999991931021,531
2778,16,1,4.323770569497718,0.08647541138995436,0.2702356605936074,16,1,16,16,2,0.007285540289799997,334.0,0.3762999549508095,531
2779,16,1,4.3164850292079056,0.0863297005841581,0.26978031432549404,16,1,16,16,2,0.007285540289807102,334.0,0.41769997915253043,531
2780,16,1,4.309199488918092,0.08618398977836185,0.2693249680573807,16,1,16,16,2,0.007285540289799997,334.0,0.32809999538585544,531
2781,16,1,4.301913948628279,0.08603827897256558,0.26886962178926743,16,1,16,16,2,0.007285540289807102,334.0,0.40140002965927124,531
2782,16,1,4.294628408338466,0.08589256816676931,0.26841427552115416,16,1,16,16,2,0.007285540289799997,334.0,0.35940000088885427,531
2783,16,1,4.287342868048653,0.08574685736097307,0.2679589292530409,16,1,16,16,2,0.007285540289807102,334.0,0.3429999924264848,531
2784,16,1,4.280057327758841,0.08560114655517681,0.26750358298492755,16,1,16,16,2,0.007285540289799997,334.0,0.3277999931015074,531
2785,16,1,4.272771787469027,0.08545543574938055,0.2670482367168142,16,1,16,16,2,0.007285540289807102,334.0,0.42690004920586944,531
2786,16,1,4.265486247179215,0.0853097249435843,0.26659289044870094,16,1,16,16,2,0.007285540289807102,334.0,0.4019000334665179,531
2787,16,1,4.258200706889402,0.08516401413778803,0.26613754418058766,16,1,16,16,2,0.007285540289799997,334.0,0.38949999725446105,531
2788,16,1,4.250915166599589,0.08501830333199178,0.2656821979124743,16,1,16,16,2,0.007285540289807102,334.0,0.3955999854952097,531
2789,16,1,4.243629626309777,0.08487259252619554,0.26522685164436105,16,1,16,16,2,0.007285540289799997,334.0,0.3855000250041485,531
2790,16,1,4.2363440860199635,0.08472688172039927,0.2647715053762477,16,1,16,16,2,0.007285540289814207,334.0,0.6402999861165881,531
2791,16,1,4.229058545730152,0.08458117091460304,0.26431615910813444,16,1,16,16,2,0.007285540289792891,334.0,0.5020999815315008,531
2792,16,1,4.221773005440339,0.08443546010880677,0.26386081284002116,16,1,16,16,2,0.007285540289807102,334.0,0.36040000850334764,531
2793,16,1,4.214487465150525,0.0842897493030105,0.2634054665719079,16,1,16,16,2,0.007285540289807102,334.0,0.40089996764436364,531
2794,16,1,4.207201924860713,0.08414403849721426,0.26295012030379455,16,1,16,16,2,0.007285540289799997,334.0,0.39469997864216566,531
2795,16,1,4.1999163845709,0.083998327691418,0.2624947740356812,16,1,16,16,2,0.007285540289814207,334.0,0.39299996569752693,531
2796,16,1,4.192630844281088,0.08385261688562176,0.26203942776756795,16,1,16,16,2,0.007285540289792891,334.0,0.39519998244941235,531
2797,16,1,4.185345303991275,0.08370690607982549,0.26158408149945467,16,1,16,16,2,0.007285540289814207,334.0,0.40040002204477787,531
2798,16,1,4.178059763701461,0.08356119527402922,0.2611287352313414,16,1,16,16,2,0.007285540289792891,334.0,0.5802999949082732,531
2799,16,1,4.170774223411649,0.08341548446823298,0.2606733889632281,16,1,16,16,2,0.007285540289807102,334.0,0.31859998125582933,531
2800,16,1,4.1634886831218365,0.08326977366243674,0.2602180426951148,16,1,16,16,2,0.007285540289807102,334.0,0.31990004936233163,531
2801,16,1,4.156203142832024,0.08312406285664048,0.25976269642700145,16,1,16,16,2,0.007285540289799997,334.0,0.3347999881953001,531
2802,16,1,4.148917602542211,0.08297835205084421,0.2593073501588882,16,1,16,16,2,0.007285540289814207,334.0,0.3383000148460269,531
2803,16,1,4.141632062252398,0.08283264124504797,0.2588520038907749,16,1,16,16,2,0.007285540289792891,334.0,0.37570000858977437,531
2804,16,1,4.134346521962586,0.08268693043925172,0.2583966576226616,16,1,16,16,2,0.007285540289814207,334.0,0.36880001425743103,531
2805,16,1,4.127060981672773,0.08254121963345545,0.25794131135454834,16,1,16,16,2,0.007285540289799997,334.0,0.38409995613619685,531
2806,16,1,4.11977544138296,0.0823955088276592,0.257485965086435,16,1,16,16,2,0.007285540289807102,334.0,0.4062000080011785,531
2807,16,1,4.112489901093148,0.08224979802186295,0.25703061881832173,16,1,16,16,2,0.007285540289799997,334.0,0.37830002838745713,531
2808,16,1,4.105204360803335,0.08210408721606671,0.25657527255020846,16,1,16,16,2,0.007285540289799997,334.0,0.5861999816261232,531
2809,16,1,4.097918820513522,0.08195837641027044,0.2561199262820951,16,1,16,16,2,0.007285540289807102,334.0,0.4119000514037907,531
2810,16,1,4.0906332802237095,0.08181266560447419,0.25566458001398185,16,1,16,16,2,0.007285540289807102,334.0,0.3383000148460269,531
2811,16,1,4.083347739933897,0.08166695479867794,0.25520923374586857,16,1,16,16,2,0.007285540289807102,334.0,0.41060004150494933,531
2812,16,1,4.076062199644085,0.08152124399288169,0.25475388747775524,16,1,16,16,2,0.007285540289799997,334.0,0.3635999746620655,531
2813,15,1,4.070901614133164,0.08141803228266328,0.2713934409422109,15,0,15,0,2,0.005160585510921578,0.0,0.45059999683871865,531
2814,15,1,4.064147340285737,0.08128294680571474,0.2709431560190491,15,1,15,15,2,0.006754273847420222,314.0,0.36509998608380556,478
2815,15,1,4.05739306643831,0.08114786132876621,0.2704928710958873,15,1,15,15,2,0.006754273847420222,314.0,0.45739999040961266,478
2816,15,1,4.050638792590883,0.08101277585181765,0.2700425861727256,15,1,15,15,2,0.006754273847413117,314.0,0.43349998304620385,478
2817,15,1,4.043884518743457,0.08087769037486915,0.26959230124956374,15,1,15,15,2,0.006754273847441539,314.0,0.4029999836347997,478
2818,15,1,4.037130244896031,0.08074260489792062,0.269142016326402,15,1,15,15,2,0.006754273847420222,314.0,0.41799998143687844,478
2819,15,1,4.030375971048604,0.08060751942097207,0.26869173140324026,15,1,15,15,2,0.006754273847420222,314.0,0.4156999639235437,478
2820,15,1,4.023621697201176,0.08047243394402352,0.26824144648007847,15,1,15,15,2,0.006754273847420222,314.0,0.4564000410027802,478
2821,15,1,4.01686742335375,0.08033734846707499,0.2677911615569167,15,1,15,15,2,0.006754273847434433,314.0,0.40880002779886127,478
2822,15,1,4.010113149506323,0.08020226299012646,0.26734087663375483,15,1,15,15,2,0.006754273847420222,314.0,0.4369000089354813,478
2823,15,1,4.003358875658897,0.08006717751317793,0.26689059171059315,15,1,15,15,2,0.006754273847427328,314.0,0.4075000179000199,478
2824,15,1,3.99660460181147,0.0799320920362294,0.26644030678743136,15,1,15,15,2,0.006754273847413117,314.0,0.4040999920107424,478
2825,15,1,3.989850327964043,0.07979700655928086,0.26599002186426957,15,1,15,15,2,0.006754273847434433,314.0,0.39170001400634646,478
2826,15,1,3.9830960541166163,0.07966192108233233,0.2655397369411078,15,1,15,15,2,0.006754273847427328,314.0,0.4075000179000199,478
2827,15,1,3.97634178026919,0.0795268356053838,0.265089452017946,15,1,15,15,2,0.006754273847420222,314.0,0.44000003254041076,478
2828,15,1,3.969587506421763,0.07939175012843526,0.2646391670947842,15,1,15,15,2,0.006754273847413117,314.0,0.40909997187554836,478
2829,15,1,3.9628332325743365,0.07925666465148673,0.26418888217162245,15,1,15,15,2,0.006754273847441539,314.0,0.8850999874994159,478
2830,15,1,3.9560789587269096,0.07912157917453819,0.26373859724846066,15,1,15,15,2,0.006754273847420222,314.0,0.37319998955354095,478
2831,15,1,3.9493246848794827,0.07898649369758966,0.26328831232529887,15,1,15,15,2,0.006754273847420222,314.0,0.38320000749081373,478
2832,15,1,3.942570411032056,0.07885140822064111,0.2628380274021371,15,1,15,15,2,0.006754273847420222,314.0,0.3469999646767974,478
2833,15,1,3.93581613718463,0.0787163227436926,0.2623877424789753,15,1,15,15,2,0.006754273847427328,314.0,0.35090005258098245,478
2834,15,1,3.929061863337203,0.07858123726674406,0.2619374575558135,15,1,15,15,2,0.006754273847427328,314.0,0.3381000133231282,478
2835,15,1,3.922307589489776,0.07844615178979553,0.26148717263265175,15,1,15,15,2,0.006754273847420222,314.0,0.42799999937415123,478
2836,15,1,3.9155533156423483,0.07831106631284697,0.2610368877094899,15,1,15,15,2,0.006754273847420222,314.0,0.43599994387477636,478
2837,15,1,3.9087990417949223,0.07817598083589844,0.26058660278632817,15,1,15,15,2,0.006754273847427328,314.0,0.3306999569758773,478
2838,15,1,3.902044767947495,0.0780408953589499,0.2601363178631663,15,1,15,15,2,0.006754273847427328,314.0,0.42130000656470656,478
2839,15,1,3.8952904941000677,0.07790580988200135,0.2596860329400045,15,1,15,15,2,0.006754273847427328,314.0,0.40960003389045596,478
2840,15,1,3.888536220252641,0.07777072440505281,0.25923574801684274,15,1,15,15,2,0.006754273847413117,314.0,0.3068000078201294,478
2841,15,1,3.881781946405214,0.07763563892810428,0.2587854630936809,15,1,15,15,2,0.006754273847427328,314.0,0.37050002720206976,478
2842,15,1,3.875027672557786,0.07750055345115572,0.2583351781705191,15,1,15,15,2,0.006754273847434433,314.0,0.42039999971166253,478
2843,15,1,3.8682733987103592,0.07736546797420718,0.2578848932473573,15,1,15,15,2,0.006754273847420222,314.0,0.45709998812526464,478
2844,15,1,3.8615191248629315,0.07723038249725862,0.25743460832419546,15,1,15,15,2,0.006754273847413117,314.0,0.521700014360249,478
2845,15,1,3.854764851015505,0.0770952970203101,0.25698432340103367,15,1,15,15,2,0.006754273847434433,314.0,0.3321000258438289,478
2846,15,1,3.848010577168078,0.07696021154336156,0.2565340384778718,15,1,15,15,2,0.006754273847427328,314.0,0.3315999638289213,478
2847,15,1,3.84125630332065,0.076825126066413,0.25608375355470997,15,1,15,15,2,0.006754273847420222,314.0,0.29390002600848675,478
2848,15,1,3.8345020294732235,0.07669004058946446,0.25563346863154823,15,1,15,15,2,0.006754273847413117,314.0,0.43180002830922604,478
2849,15,1,3.827747755625796,0.07655495511251592,0.2551831837083864,15,1,15,15,2,0.006754273847434433,314.0,0.4417000454850495,478
2850,15,1,3.820993481778369,0.07641986963556738,0.2547328987852246,15,1,15,15,2,0.006754273847427328,314.0,0.45960000716149807,478
2851,15,1,3.814239207930942,0.07628478415861883,0.2542826138620628,15,1,15,15,2,0.006754273847420222,314.0,0.35990000469610095,478
2852,15,1,3.807484934083514,0.07614969868167028,0.25383232893890095,15,1,15,15,2,0.006754273847420222,314.0,0.4564999835565686,478
2853,15,1,3.8007306602360877,0.07601461320472175,0.2533820440157392,15,1,15,15,2,0.006754273847427328,314.0,0.40419999277219176,478
2854,15,1,3.793976386388661,0.07587952772777322,0.2529317590925773,15,1,15,15,2,0.006754273847427328,314.0,0.5443000118248165,478
2855,15,1,3.787222112541233,0.07574444225082466,0.2524814741694155,15,1,15,15,2,0.006754273847427328,314.0,0.42050000047311187,478
2856,15,1,3.7804678386938058,0.07560935677387612,0.2520311892462538,15,1,15,15,2,0.006754273847413117,314.0,0.7457000319845974,478
2857,15,1,3.7737135648463793,0.07547427129692759,0.2515809043230919,15,1,15,15,2,0.006754273847427328,314.0,0.4358000005595386,478
2858,15,1,3.766959290998952,0.07533918581997905,0.25113061939993014,15,1,15,15,2,0.006754273847434433,314.0,0.40089996764436364,478
2859,15,1,3.760205017151524,0.07520410034303049,0.2506803344767683,15,1,15,15,2,0.006754273847420222,314.0,0.3918000147677958,478
2860,15,1,3.7534507433040973,0.07506901486608195,0.2502300495536065,15,1,15,15,2,0.006754273847413117,314.0,0.40090002585202456,478
2861,15,1,3.74669646945667,0.0749339293891334,0.24977976463044468,15,1,15,15,2,0.006754273847434433,314.0,0.3972999984398484,478
2862,15,1,3.739942195609243,0.07479884391218486,0.24932947970728286,15,1,15,15,2,0.006754273847427328,314.0,0.38709997897967696,478
2863,15,1,3.7331879217618162,0.07466375843523633,0.24887919478412102,15,1,15,15,2,0.006754273847420222,314.0,0.42450003093108535,478
2864,15,1,3.7264336479143885,0.07452867295828777,0.24842890986095925,15,1,15,15,2,0.006754273847420222,314.0,0.3980000037699938,478
2865,15,1,3.7196793740669616,0.07439358748133923,0.24797862493779743,15,1,15,15,2,0.006754273847427328,314.0,0.4048999981023371,478
2866,15,1,3.7129251002195347,0.0742585020043907,0.24752834001463558,15,1,15,15,2,0.006754273847420222,314.0,0.3929000231437385,478
2867,15,1,3.7061708263721074,0.07412341652744214,0.24707805509147385,15,1,15,15,2,0.006754273847427328,314.0,0.38510002195835114,478
2868,15,1,3.69941655252468,0.0739883310504936,0.246627770168312,15,1,15,15,2,0.006754273847420222,314.0,1.076200045645237,478
2869,15,1,3.692662278677253,0.07385324557354506,0.24617748524515023,15,1,15,15,2,0.006754273847427328,314.0,0.4206000012345612,478
2870,15,1,3.685908004829826,0.07371816009659651,0.2457272003219884,15,1,15,15,2,0.006754273847420222,314.0,0.4037999897263944,478
2871,15,1,3.6791537309823985,0.07358307461964797,0.24527691539882654,15,1,15,15,2,0.006754273847434433,314.0,0.4064000095240772,478
2872,15,1,3.6723994571349716,0.07344798914269943,0.2448266304756648,15,1,15,15,2,0.006754273847413117,314.0,0.36319997161626816,478
2873,15,1,3.6656451832875447,0.0733129036657509,0.24437634555250293,15,1,15,15,2,0.006754273847427328,314.0,0.4453000146895647,478
2874,15,1,3.658890909440117,0.07317781818880234,0.24392606062934113,15,1,15,15,2,0.006754273847427328,314.0,0.3404999733902514,478
2875,15,1,3.65213663559269,0.0730427327118538,0.24347577570617934,15,1,15,15,2,0.006754273847427328,314.0,0.32679998548701406,478
2876,15,1,3.6453823617452623,0.07290764723490524,0.24302549078301752,15,1,15,15,2,0.006754273847413117,314.0,0.3205999964848161,478
2877,15,1,3.638628087897836,0.07277256175795671,0.24257520585985573,15,1,15,15,2,0.006754273847434433,314.0,0.39629999082535505,478
2878,15,1,3.631873814050409,0.07263747628100818,0.24212492093669388,15,1,15,15,2,0.006754273847420222,314.0,0.3848000196740031,478
2879,15,1,3.6251195402029808,0.07250239080405961,0.24167463601353206,15,1,15,15,2,0.006754273847427328,314.0,0.38709997897967696,478
2880,15,1,3.6183652663555543,0.07236730532711108,0.24122435109037033,15,1,15,15,2,0.006754273847413117,314.0,0.4434000002220273,478
2881,15,1,3.611610992508127,0.07223221985016254,0.24077406616720848,15,1,15,15,2,0.006754273847434433,314.0,0.4124999977648258,478
2882,15,1,3.6048567186606997,0.072097134373214,0.24032378124404666,15,1,15,15,2,0.006754273847420222,314.0,0.4100000369362533,478
2883,15,1,3.5981024448132732,0.07196204889626547,0.2398734963208849,15,1,15,15,2,0.006754273847427328,314.0,0.3324000281281769,478
2884,15,1,3.591348170965845,0.0718269634193169,0.23942321139772302,15,1,15,15,2,0.006754273847420222,314.0,0.39679999463260174,478
2885,15,1,3.584593897118419,0.07169187794236838,0.23897292647456128,15,1,15,15,2,0.006754273847427328,314.0,0.48019998939707875,478
2886,15,1,3.5778396232709917,0.07155679246541984,0.23852264155139938,15,1,15,15,2,0.006754273847420222,314.0,0.7469000411219895,478
2887,15,1,3.571085349423564,0.07142170698847128,0.23807235662823759,15,1,15,15,2,0.006754273847434433,314.0,0.317899975925684,478
2888,15,1,3.5643310755761375,0.07128662151152275,0.23762207170507582,15,1,15,15,2,0.006754273847413117,314.0,0.3312999615445733,478
2889,15,1,3.55757680172871,0.0711515360345742,0.23717178678191395,15,1,15,15,2,0.006754273847427328,314.0,0.36149995867162943,478
2890,15,1,3.550822527881283,0.07101645055762566,0.23672150185875218,15,1,15,15,2,0.006754273847427328,314.0,0.8477999945171177,478
2891,15,1,3.5440682540338555,0.0708813650806771,0.2362712169355904,15,1,15,15,2,0.006754273847427328,314.0,0.38819998735561967,478
2892,15,1,3.537313980186428,0.07074627960372856,0.23582093201242857,15,1,15,15,2,0.006754273847413117,314.0,0.3635000321082771,478
2893,15,1,3.5305597063390017,0.07061119412678003,0.23537064708926678,15,1,15,15,2,0.006754273847434433,314.0,0.35529996966943145,478
2894,15,1,3.523805432491575,0.0704761086498315,0.23492036216610493,15,1,15,15,2,0.006754273847420222,314.0,0.3913000109605491,478
2895,15,1,3.517051158644147,0.07034102317288295,0.23447007724294314,15,1,15,15,2,0.006754273847420222,314.0,0.4228000179864466,478
2896,15,1,3.51029688479672,0.0702059376959344,0.23401979231978137,15,1,15,15,2,0.006754273847427328,314.0,0.44510001316666603,478
2897,15,1,3.5035426109492933,0.07007085221898586,0.23356950739661955,15,1,15,15,2,0.006754273847427328,314.0,0.5505000008270144,478
2898,15,1,3.4967883371018664,0.06993576674203733,0.23311922247345776,15,1,15,15,2,0.006754273847420222,314.0,0.9431000216864049,478
2899,15,1,3.490034063254439,0.06980068126508879,0.23266893755029597,15,1,15,15,2,0.006754273847420222,314.0,0.4311999655328691,478
2900,15,1,3.4832797894070118,0.06966559578814023,0.23221865262713412,15,1,15,15,2,0.006754273847427328,314.0,0.5005000275559723,478
2901,15,1,3.4765255155595853,0.0695305103111917,0.23176836770397238,15,1,15,15,2,0.006754273847427328,314.0,0.3837000112980604,478
2902,15,1,3.4697712417121584,0.06939542483424317,0.2313180827808105,15,1,15,15,2,0.006754273847420222,314.0,0.3766999579966068,478
2903,15,1,3.4630169678647307,0.06926033935729461,0.23086779785764872,15,1,15,15,2,0.006754273847427328,314.0,0.31729997135698795,478
2904,15,1,3.4562626940173042,0.06912525388034609,0.23041751293448698,15,1,15,15,2,0.006754273847420222,314.0,0.41879998752847314,478
2905,15,1,3.4495084201698774,0.06899016840339754,0.2299672280113251,15,1,15,15,2,0.006754273847427328,314.0,0.34389999927952886,478
2906,15,1,3.4427541463224505,0.06885508292644901,0.2295169430881633,15,1,15,15,2,0.006754273847427328,314.0,0.3489000373519957,478
2907,15,1,3.4359998724750227,0.06871999744950046,0.22906665816500155,15,1,15,15,2,0.006754273847420222,314.0,0.3622999647632241,478
2908,15,1,3.429245598627596,0.06858491197255191,0.22861637324183973,15,1,15,15,2,0.006754273847420222,314.0,0.3426999901421368,478
2909,15,1,3.4224913247801685,0.06844982649560337,0.22816608831867793,15,1,15,15,2,0.006754273847434433,314.0,0.3842000151053071,478
2910,14,1,3.4167382559811355,0.0683347651196227,0.24405273257008112,14,0,14,0,2,0.005753068799030814,0.0,0.396600051317364,478
2911,14,1,3.4103228425829357,0.06820645685165871,0.24359448875592396,14,1,14,14,2,0.006415413398187297,294.0,0.3701000241562724,435
2912,14,1,3.4039074291847364,0.06807814858369472,0.2431362449417669,14,1,14,14,2,0.006415413398187297,294.0,0.36150001687929034,435
2913,14,1,3.3974920157865367,0.06794984031573073,0.24267800112760973,14,1,14,14,2,0.006415413398201508,294.0,0.4199999966658652,435
2914,14,1,3.3910766023883374,0.06782153204776675,0.24221975731345266,14,1,14,14,2,0.006415413398194403,294.0,0.36259996704757214,435
2915,14,1,3.3846611889901372,0.06769322377980275,0.2417615134992955,14,1,14,14,2,0.006415413398194403,294.0,0.3624000237323344,435
2916,14,1,3.3782457755919384,0.06756491551183877,0.2413032696851384,14,1,14,14,2,0.006415413398187297,294.0,0.4990000161342323,435
2917,14,1,3.3718303621937373,0.06743660724387475,0.24084502587098125,14,1,14,14,2,0.006415413398194403,294.0,0.34069997491315007,435
2918,14,1,3.365414948795538,0.06730829897591076,0.24038678205682415,14,1,14,14,2,0.006415413398201508,294.0,0.3429000498726964,435
2919,14,1,3.358999535397339,0.06717999070794678,0.23992853824266702,14,1,14,14,2,0.006415413398187297,294.0,0.3966999938711524,435
2920,14,1,3.352584121999139,0.06705168243998277,0.23947029442850992,14,1,14,14,2,0.006415413398194403,294.0,0.39199995808303356,435
2921,14,1,3.3461687086009393,0.06692337417201878,0.2390120506143528,14,1,14,14,2,0.006415413398194403,294.0,0.43509999522939324,435
2922,14,1,3.33975329520274,0.0667950659040548,0.23855380680019572,14,1,14,14,2,0.006415413398194403,294.0,0.3831000067293644,435
2923,14,1,3.3333378818045403,0.06666675763609081,0.23809556298603857,14,1,14,14,2,0.006415413398194403,294.0,0.3952999832108617,435
2924,14,1,3.326922468406341,0.06653844936812682,0.2376373191718815,14,1,14,14,2,0.006415413398180192,294.0,0.3850000211969018,435
2925,14,1,3.320507055008141,0.06641014110016281,0.23717907535772434,14,1,14,14,2,0.006415413398201508,294.0,0.4770999657921493,435
2926,14,1,3.314091641609941,0.06628183283219882,0.2367208315435672,14,1,14,14,2,0.006415413398201508,294.0,0.36020000698044896,435
2927,14,1,3.307676228211742,0.06615352456423483,0.23626258772941008,14,1,14,14,2,0.006415413398187297,294.0,0.3600000054575503,435
2928,14,1,3.3012608148135425,0.06602521629627085,0.235804343915253,14,1,14,14,2,0.006415413398187297,294.0,0.41040003998205066,435
2929,14,1,3.2948454014153423,0.06589690802830685,0.23534610010109588,14,1,14,14,2,0.006415413398194403,294.0,0.40820002323016524,435
2930,14,1,3.2884299880171435,0.06576859976034287,0.23488785628693878,14,1,14,14,2,0.006415413398201508,294.0,0.4267999902367592,435
2931,14,1,3.2820145746189433,0.06564029149237886,0.23442961247278166,14,1,14,14,2,0.006415413398194403,294.0,0.42210001265630126,435
2932,14,1,3.275599161220744,0.06551198322441489,0.23397136865862458,14,1,14,14,2,0.006415413398187297,294.0,0.40120002813637257,435
2933,14,1,3.2691837478225443,0.06538367495645088,0.23351312484446737,14,1,14,14,2,0.006415413398194403,294.0,0.39350002771243453,435
2934,14,1,3.262768334424344,0.06525536668848689,0.23305488103031033,14,1,14,14,2,0.006415413398194403,294.0,0.44299999717622995,435
2935,14,1,3.256352921026145,0.0651270584205229,0.23259663721615317,14,1,14,14,2,0.006415413398194403,294.0,0.3081000177189708,435
2936,14,1,3.2499375076279455,0.0649987501525589,0.2321383934019961,14,1,14,14,2,0.006415413398194403,294.0,0.3197999903932214,435
2937,14,1,3.2435220942297454,0.06487044188459491,0.23168014958783895,14,1,14,14,2,0.006415413398194403,294.0,0.38100004894658923,435
2938,14,1,3.237106680831546,0.06474213361663092,0.23122190577368182,14,1,14,14,2,0.006415413398194403,294.0,0.39980001747608185,435
2939,14,1,3.230691267433346,0.06461382534866691,0.23076366195952472,14,1,14,14,2,0.006415413398187297,294.0,0.3918000147677958,435
2940,14,1,3.224275854035147,0.06448551708070294,0.23030541814536762,14,1,14,14,2,0.006415413398187297,294.0,0.41009997949004173,435
2941,14,1,3.217860440636947,0.06435720881273893,0.2298471743312105,14,1,14,14,2,0.006415413398201508,294.0,0.3819999983534217,435
2942,14,1,3.2114450272387476,0.06422890054477495,0.2293889305170534,14,1,14,14,2,0.006415413398201508,294.0,0.3912000101990998,435
2943,14,1,3.205029613840548,0.06410059227681096,0.22893068670289624,14,1,14,14,2,0.006415413398180192,294.0,0.394499977119267,435
2944,14,1,3.1986142004423486,0.06397228400884697,0.2284724428887392,14,1,14,14,2,0.006415413398194403,294.0,0.36130001535639167,435
2945,14,1,3.192198787044149,0.06384397574088298,0.22801419907458204,14,1,14,14,2,0.006415413398194403,294.0,0.3142000059597194,435
2946,14,1,3.1857833736459495,0.06371566747291899,0.22755595526042496,14,1,14,14,2,0.006415413398201508,294.0,0.381199992261827,435
2947,14,1,3.1793679602477494,0.063587359204955,0.2270977114462678,14,1,14,14,2,0.006415413398194403,294.0,0.41470001451671124,435
2948,14,1,3.1729525468495505,0.06345905093699102,0.22663946763211068,14,1,14,14,2,0.006415413398180192,294.0,0.37869997322559357,435
2949,14,1,3.16653713345135,0.063330742669027,0.22618122381795355,14,1,14,14,2,0.006415413398194403,294.0,0.3888000501319766,435
2950,14,1,3.1601217200531506,0.06320243440106302,0.22572298000379648,14,1,14,14,2,0.006415413398201508,294.0,0.3763000131584704,435
2951,14,1,3.1537063066549518,0.06307412613309904,0.22526473618963935,14,1,14,14,2,0.006415413398194403,294.0,0.39220001781359315,435
2952,14,1,3.1472908932567516,0.06294581786513503,0.22480649237548225,14,1,14,14,2,0.006415413398194403,294.0,0.4396000294946134,435
2953,14,1,3.140875479858552,0.06281750959717104,0.22434824856132513,14,1,14,14,2,0.006415413398187297,294.0,0.41879998752847314,435
2954,14,1,3.1344600664603526,0.06268920132920705,0.22389000474716805,14,1,14,14,2,0.006415413398194403,294.0,0.43000001460313797,435
2955,14,1,3.128044653062153,0.06256089306124306,0.2234317609330109,14,1,14,14,2,0.006415413398194403,294.0,0.4042999935336411,435
2956,14,1,3.1216292396639536,0.062432584793279074,0.22297351711885383,14,1,14,14,2,0.006415413398187297,294.0,0.4188999882899225,435
2957,14,1,3.1152138262657534,0.06230427652531507,0.22251527330469667,14,1,14,14,2,0.006415413398201508,294.0,0.3907000063918531,435
2958,14,1,3.1087984128675537,0.062175968257351076,0.22205702949053954,14,1,14,14,2,0.006415413398194403,294.0,0.42530003702268004,435
2959,14,1,3.1023829994693544,0.062047659989387084,0.22159878567638241,14,1,14,14,2,0.006415413398187297,294.0,0.3981000045314431,435
2960,14,1,3.095967586071155,0.0619193517214231,0.22114054186222534,14,1,14,14,2,0.006415413398194403,294.0,0.5791999865323305,435
2961,14,1,3.089552172672955,0.0617910434534591,0.22068229804806822,14,1,14,14,2,0.006415413398194403,294.0,0.39870000910013914,435
2962,14,1,3.083136759274756,0.06166273518549512,0.22022405423391112,14,1,14,14,2,0.006415413398201508,294.0,0.38240000139921904,435
2963,14,1,3.076721345876556,0.06153442691753112,0.219765810419754,14,1,14,14,2,0.006415413398187297,294.0,0.3796000382862985,435
2964,14,1,3.070305932478357,0.06140611864956714,0.21930756660559694,14,1,14,14,2,0.006415413398187297,294.0,0.3636000328697264,435
2965,14,1,3.0638905190801573,0.06127781038160315,0.2188493227914398,14,1,14,14,2,0.006415413398194403,294.0,0.3630999708548188,435
2966,14,1,3.0574751056819576,0.06114950211363915,0.21839107897728272,14,1,14,14,2,0.006415413398201508,294.0,0.3771000192500651,435
2967,14,1,3.0510596922837583,0.06102119384567516,0.21793283516312556,14,1,14,14,2,0.006415413398194403,294.0,0.5145000177435577,435
2968,14,1,3.044644278885559,0.06089288557771118,0.2174745913489685,14,1,14,14,2,0.006415413398180192,294.0,0.720399955753237,435
2969,14,1,3.038228865487359,0.06076457730974718,0.21701634753481133,14,1,14,14,2,0.006415413398201508,294.0,0.39840000681579113,435
2970,14,1,3.03181345208916,0.0606362690417832,0.21655810372065426,14,1,14,14,2,0.006415413398194403,294.0,0.4219000111334026,435
2971,14,1,3.0253980386909607,0.06050796077381922,0.21609985990649716,14,1,14,14,2,0.006415413398194403,294.0,0.6085000350140035,435
2972,14,1,3.018982625292761,0.06037965250585522,0.21564161609234003,14,1,14,14,2,0.006415413398187297,294.0,0.46389998169615865,435
2973,14,1,3.0125672118945612,0.060251344237891226,0.2151833722781829,14,1,14,14,2,0.006415413398194403,294.0,0.3684999537654221,435
2974,14,1,3.0061517984963615,0.06012303596992723,0.21472512846402583,14,1,14,14,2,0.006415413398201508,294.0,0.4133000038564205,435
2975,14,1,2.999736385098162,0.05999472770196324,0.21426688464986873,14,1,14,14,2,0.006415413398187297,294.0,0.4440000047907233,435
2976,14,1,2.993320971699963,0.05986641943399926,0.21380864083571163,14,1,14,14,2,0.006415413398194403,294.0,0.40140002965927124,435
2977,14,1,2.986905558301763,0.059738111166035265,0.2133503970215545,14,1,14,14,2,0.006415413398194403,294.0,0.3434999962337315,435
2978,14,1,2.9804901449035643,0.05960980289807129,0.21289215320739743,14,1,14,14,2,0.006415413398194403,294.0,0.33879996044561267,435
2979,14,1,2.974074731505364,0.05948149463010728,0.2124339093932403,14,1,14,14,2,0.006415413398194403,294.0,0.4068000125698745,435
2980,13,1,2.969265022656856,0.05938530045313712,0.22840500174283507,13,0,13,0,2,0.004809708848505068,0.0,0.4021000349894166,435
2981,13,1,2.963335390803251,0.059266707816065016,0.2279488762156347,13,1,13,13,2,0.005929631853604178,274.0,0.401899975258857,390
2982,13,1,2.957405758949646,0.05914811517899292,0.2274927506884343,13,1,13,13,2,0.005929631853597073,274.0,0.38949999725446105,390
2983,13,1,2.951476127096041,0.059029522541920815,0.22703662516123393,13,1,13,13,2,0.005929631853604178,274.0,0.3765999572351575,390
2984,13,1,2.9455464952424357,0.05891092990484872,0.22658049963403354,13,1,13,13,2,0.0059296318536112835,274.0,0.38869999116286635,390
2985,13,1,2.9396168633888307,0.05879233726777661,0.22612437410683317,13,1,13,13,2,0.005929631853604178,274.0,0.39299996569752693,390
2986,13,1,2.933687231535226,0.05867374463070452,0.22566824857963277,13,1,13,13,2,0.005929631853597073,274.0,0.4761999589391053,390
2987,13,1,2.9277575996816205,0.05855515199363241,0.22521212305243238,13,1,13,13,2,0.0059296318536112835,274.0,0.30700000934302807,390
2988,13,1,2.921827967828016,0.058436559356560315,0.22475599752523198,13,1,13,13,2,0.0059296318536112835,274.0,0.31259999377653,390
2989,13,1,2.915898335974411,0.05831796671948822,0.2242998719980316,13,1,13,13,2,0.005929631853604178,274.0,0.430600019171834,390
2990,13,1,2.9099687041208058,0.058199374082416114,0.22384374647083122,13,1,13,13,2,0.005929631853597073,274.0,0.38189999759197235,390
2991,13,1,2.904039072267201,0.058080781445344024,0.2233876209436309,13,1,13,13,2,0.0059296318536112835,274.0,0.3798999823629856,390
2992,13,1,2.898109440413596,0.05796218880827192,0.22293149541643043,13,1,13,13,2,0.005929631853604178,274.0,0.3711000317707658,390
2993,13,1,2.892179808559991,0.05784359617119982,0.22247536988923006,13,1,13,13,2,0.005929631853597073,274.0,0.38300000596791506,390
2994,13,1,2.886250176706386,0.05772500353412772,0.22201924436202972,13,1,13,13,2,0.0059296318536112835,274.0,0.39599998854100704,390
2995,13,1,2.880320544852781,0.05760641089705562,0.22156311883482932,13,1,13,13,2,0.005929631853604178,274.0,0.3418999840505421,390
2996,13,1,2.8743909129991763,0.057487818259983524,0.22110699330762895,13,1,13,13,2,0.005929631853604178,274.0,0.3055000561289489,390
2997,13,1,2.868461281145571,0.05736922562291143,0.22065086778042856,13,1,13,13,2,0.005929631853597073,274.0,0.4132000030949712,390
2998,13,1,2.8625316492919657,0.057250632985839316,0.22019474225322813,13,1,13,13,2,0.0059296318536112835,274.0,0.3713999758474529,390
2999,13,1,2.8566020174383606,0.05713204034876721,0.21973861672602774,13,1,13,13,2,0.005929631853604178,274.0,0.3782999701797962,390
3000,13,1,2.8506723855847556,0.057013447711695114,0.21928249119882734,13,1,13,13,2,0.005929631853597073,274.0,0.3578000469133258,390
3001,13,1,2.8447427537311505,0.05689485507462301,0.21882636567162697,13,1,13,13,2,0.0059296318536112835,274.0,0.3281999961473048,390
3002,13,1,2.8388131218775454,0.056776262437550906,0.21837024014442658,13,1,13,13,2,0.005929631853604178,274.0,0.33549999352544546,390
3003,13,1,2.832883490023941,0.056657669800478816,0.21791411461722618,13,1,13,13,2,0.005929631853604178,274.0,0.43430004734545946,390
3004,13,1,2.8269538581703353,0.056539077163406705,0.21745798909002578,13,1,13,13,2,0.005929631853604178,274.0,0.39519998244941235,390
3005,13,1,2.821024226316731,0.05642048452633462,0.21700186356282547,13,1,13,13,2,0.0059296318536112835,274.0,0.43020001612603664,390
3006,13,1,2.815094594463125,0.056301891889262504,0.21654573803562502,13,1,13,13,2,0.005929631853604178,274.0,0.3491999814286828,390
3007,13,1,2.8091649626095205,0.05618329925219041,0.21608961250842468,13,1,13,13,2,0.005929631853604178,274.0,0.3826000029221177,390
3008,13,1,2.8032353307559155,0.05606470661511831,0.2156334869812243,13,1,13,13,2,0.005929631853604178,274.0,0.4036999889649451,390
3009,13,1,2.7973056989023104,0.055946113978046205,0.2151773614540239,13,1,13,13,2,0.005929631853604178,274.0,0.387699983548373,390
3010,13,1,2.7913760670487053,0.05582752134097411,0.21472123592682352,13,1,13,13,2,0.005929631853604178,274.0,0.3709000302478671,390
3011,13,1,2.7854464351951007,0.05570892870390201,0.21426511039962312,13,1,13,13,2,0.005929631853597073,274.0,0.4168000305071473,390
3012,13,1,2.7795168033414956,0.055590336066829914,0.21380898487242275,13,1,13,13,2,0.0059296318536112835,274.0,0.36830001045018435,390
3013,13,1,2.7735871714878906,0.05547174342975781,0.21335285934522236,13,1,13,13,2,0.005929631853604178,274.0,0.3871999797411263,390
3014,13,1,2.7675086209191835,0.05535017241838367,0.21288527853224484,13,1,13,13,2,0.006078550568695107,274.0,0.387999985832721,390
3015,13,1,2.7615789890655784,0.05523157978131157,0.21242915300504445,13,1,13,13,2,0.005929631853604178,274.0,0.3855000250041485,390
3016,13,1,2.7556493572119733,0.05511298714423947,0.21197302747784408,13,1,13,13,2,0.005929631853604178,274.0,0.3727999865077436,390
3017,13,1,2.749719725358368,0.05499439450716736,0.2115169019506437,13,1,13,13,2,0.005929631853604178,274.0,0.33710000570863485,390
3018,13,1,2.743790093504763,0.05487580187009526,0.21106077642344329,13,1,13,13,2,0.005929631853604178,274.0,0.36580004962161183,390
3019,13,1,2.737860461651158,0.054757209233023164,0.21060465089624295,13,1,13,13,2,0.0059296318536112835,274.0,0.35449996357783675,390
3020,13,1,2.731781911082451,0.05463563822164902,0.21013707008326546,13,1,13,13,2,0.006078550568702212,274.0,0.3989000106230378,390
3021,13,1,2.725852279228846,0.05451704558457692,0.20968094455606506,13,1,13,13,2,0.005929631853597073,274.0,0.8750999695621431,390
3022,13,1,2.719773728660139,0.054395474573202776,0.20921336374308755,13,1,13,13,2,0.006078550568702212,274.0,0.41179999243468046,390
3023,13,1,2.7138440968065334,0.054276881936130665,0.20875723821588718,13,1,13,13,2,0.005929631853604178,274.0,0.39739999920129776,390
3024,13,1,2.7079144649529283,0.05415828929905857,0.20830111268868678,13,1,13,13,2,0.005929631853604178,274.0,0.3132999991066754,390
3025,13,1,2.7019848330993237,0.05403969666198647,0.20784498716148642,13,1,13,13,2,0.005929631853604178,274.0,0.2813000464811921,390
3026,13,1,2.6960552012457186,0.053921104024914374,0.20738886163428605,13,1,13,13,2,0.005929631853604178,274.0,0.22609997540712357,390
3027,13,1,2.6901255693921136,0.05380251138784227,0.20693273610708565,13,1,13,13,2,0.005929631853604178,274.0,0.45600003795698285,390
3028,13,1,2.6841959375385085,0.05368391875077017,0.20647661057988526,13,1,13,13,2,0.005929631853604178,274.0,0.3597000031732023,390
3029,13,1,2.678117386969801,0.05356234773939602,0.20600902976690777,13,1,13,13,2,0.006078550568695107,274.0,0.3296999493613839,390
3030,13,1,2.6721877551161963,0.05344375510232393,0.2055529042397074,13,1,13,13,2,0.0059296318536112835,274.0,0.3502000472508371,390
3031,13,1,2.6662581232625913,0.053325162465251826,0.20509677871250703,13,1,13,13,2,0.005929631853597073,274.0,0.40200003422796726,390
3032,13,1,2.660328491408986,0.05320656982817972,0.20464065318530664,13,1,13,13,2,0.005929631853604178,274.0,0.3735999925993383,390
3033,13,1,2.654398859555381,0.053087977191107624,0.20418452765810624,13,1,13,13,2,0.0059296318536112835,274.0,0.40060002356767654,390
3034,13,1,2.648469227701776,0.05296938455403552,0.20372840213090584,13,1,13,13,2,0.005929631853604178,274.0,0.4656999954022467,390
3035,13,1,2.642539595848171,0.05285079191696342,0.20327227660370545,13,1,13,13,2,0.005929631853597073,274.0,0.2209999947808683,390
3036,13,1,2.636609963994566,0.05273219927989132,0.20281615107650508,13,1,13,13,2,0.005929631853604178,274.0,0.26459997752681375,390
3037,13,1,2.630680332140961,0.052613606642819215,0.20236002554930468,13,1,13,13,2,0.005929631853618389,274.0,0.29009999707341194,390
3038,13,1,2.624750700287356,0.05249501400574712,0.2019039000221043,13,1,13,13,2,0.005929631853604178,274.0,0.35200000274926424,390
3039,13,1,2.6188210684337507,0.052376421368675014,0.20144777449490386,13,1,13,13,2,0.005929631853597073,274.0,0.3829000052064657,390
3040,13,1,2.612891436580145,0.0522578287316029,0.20099164896770352,13,1,13,13,2,0.0059296318536112835,274.0,0.3388000186532736,390
3041,13,1,2.6069618047265406,0.05213923609453081,0.20053552344050313,13,1,13,13,2,0.005929631853604178,274.0,0.4107999848201871,390
3042,13,1,2.601032172872936,0.05202064345745872,0.20007939791330273,13,1,13,13,2,0.005929631853597073,274.0,0.40310004260390997,390
3043,13,1,2.595102541019331,0.05190205082038662,0.1996232723861024,13,1,13,13,2,0.005929631853604178,274.0,0.4455000162124634,390
3044,13,1,2.589172909165726,0.051783458183314514,0.19916714685890197,13,1,13,13,2,0.0059296318536112835,274.0,0.40610000723972917,390
3045,13,1,2.583243277312121,0.05166486554624242,0.1987110213317016,13,1,13,13,2,0.005929631853604178,274.0,0.4056000034324825,390
3046,13,1,2.5773136454585157,0.05154627290917031,0.19825489580450123,13,1,13,13,2,0.005929631853597073,274.0,0.368200009688735,390
3047,13,1,2.5713840136049106,0.051427680272098215,0.1977987702773008,13,1,13,13,2,0.005929631853604178,274.0,0.35640003625303507,390
3048,13,1,2.5654543817513056,0.05130908763502611,0.19734264475010047,13,1,13,13,2,0.0059296318536112835,274.0,0.41610002517700195,390
3049,13,1,2.559524749897701,0.05119049499795402,0.19688651922290007,13,1,13,13,2,0.005929631853597073,274.0,0.38540002424269915,390
3050,13,1,2.5535951180440963,0.051071902360881924,0.19643039369569967,13,1,13,13,2,0.005929631853604178,274.0,0.4159000236541033,390
3051,13,1,2.5476654861904913,0.05095330972380983,0.19597426816849933,13,1,13,13,2,0.0059296318536112835,274.0,0.4197999951429665,390
3052,13,1,2.541735854336886,0.05083471708673772,0.19551814264129894,13,1,13,13,2,0.0059296318536112835,274.0,0.4091000300832093,390
3053,13,1,2.535806222483281,0.050716124449665625,0.19506201711409854,13,1,13,13,2,0.005929631853597073,274.0,0.4409999819472432,390
3054,13,1,2.5298765906296756,0.050597531812593514,0.1946058915868982,13,1,13,13,2,0.005929631853604178,274.0,0.4034999874420464,390
3055,13,1,2.523946958776071,0.05047893917552142,0.19414976605969775,13,1,13,13,2,0.0059296318536112835,274.0,0.29880000511184335,390
3056,13,1,2.518017326922466,0.05036034653844932,0.19369364053249738,13,1,13,13,2,0.005929631853604178,274.0,0.3294000052846968,390
3057,13,1,2.512087695068861,0.050241753901377216,0.193237515005297,13,1,13,13,2,0.005929631853597073,274.0,0.21169998217374086,390
3058,13,1,2.5061580632152562,0.050123161264305126,0.1927813894780966,13,1,13,13,2,0.0059296318536112835,274.0,0.20320003386586905,390
3059,13,1,2.500228431361651,0.05000456862723302,0.19232526395089625,13,1,13,13,2,0.005929631853604178,274.0,0.37640001391991973,390
3060,13,1,2.494298799508046,0.049885975990160925,0.19186913842369585,13,1,13,13,2,0.005929631853597073,274.0,0.39659999310970306,390
3061,13,1,2.4883691676544415,0.04976738335308883,0.1914130128964955,13,1,13,13,2,0.005929631853604178,274.0,0.3986000083386898,390
3062,12,1,2.48255452576984,0.049651090515396804,0.20687954381415333,13,0,13,0,2,0.00581464188460501,0.0,0.3905000048689544,390
3063,12,1,2.4770844673657826,0.04954168934731565,0.20642370561381526,12,1,12,12,2,0.005470058404050349,254.0,0.44600002001971006,343
3064,12,1,2.4716144089617256,0.049432288179234514,0.20596786741347714,12,1,12,12,2,0.005470058404050349,254.0,0.424100027885288,343
3065,12,1,2.466144350557669,0.04932288701115338,0.20551202921313907,12,1,12,12,2,0.005470058404050349,254.0,0.666900014039129,343
3066,12,1,2.460674292153612,0.04921348584307224,0.205056191012801,12,1,12,12,2,0.005470058404050349,254.0,0.5743999499827623,343
3067,12,1,2.455204233749555,0.0491040846749911,0.2046003528124629,12,1,12,12,2,0.005470058404057454,254.0,0.40059996536001563,343
3068,12,1,2.4497341753454984,0.04899468350690997,0.2041445146121248,12,1,12,12,2,0.005470058404050349,254.0,0.3629999700933695,343
3069,12,1,2.444264116941441,0.04888528233882882,0.20368867641178676,12,1,12,12,2,0.005470058404057454,254.0,0.361100013833493,343
3070,12,1,2.4387940585373844,0.04877588117074769,0.20323283821144864,12,1,12,12,2,0.005470058404050349,254.0,0.40439999429509044,343
3071,12,1,2.4333240001333265,0.04866648000266653,0.20277700001111057,12,1,12,12,2,0.005470058404050349,254.0,0.5678000161424279,343
3072,12,1,2.4278539417292695,0.04855707883458539,0.20232116181077253,12,1,12,12,2,0.005470058404057454,254.0,0.37650001468136907,343
3073,12,1,2.422383883325213,0.048447677666504256,0.20186532361043444,12,1,12,12,2,0.005470058404043243,254.0,0.30070001957938075,343
3074,12,1,2.4169138249211564,0.04833827649842313,0.20140948541009632,12,1,12,12,2,0.005470058404050349,254.0,0.32679998548701406,343
3075,12,1,2.411443766517099,0.04822887533034198,0.20095364720975825,12,1,12,12,2,0.005470058404050349,254.0,0.39300002390518785,343
3076,12,1,2.4059737081130423,0.048119474162260846,0.20049780900942019,12,1,12,12,2,0.005470058404050349,254.0,0.3601000062189996,343
3077,12,1,2.4005036497089853,0.048010072994179705,0.20004197080908212,12,1,12,12,2,0.005470058404050349,254.0,0.3588999970816076,343
3078,12,1,2.3950335913049283,0.04790067182609856,0.19958613260874403,12,1,12,12,2,0.005470058404057454,254.0,0.3323000273667276,343
3079,12,1,2.389563532900871,0.047791270658017415,0.19913029440840593,12,1,12,12,2,0.005470058404057454,254.0,0.48619997687637806,343
3080,12,1,2.3840934744968143,0.04768186948993629,0.19867445620806787,12,1,12,12,2,0.005470058404050349,254.0,0.39380002999678254,343
3081,12,1,2.378623416092757,0.04757246832185514,0.19821861800772977,12,1,12,12,2,0.005470058404050349,254.0,0.37789996713399887,343
3082,12,1,2.3731533576887003,0.047463067153774005,0.19776277980739165,12,1,12,12,2,0.005470058404050349,254.0,0.35960000241175294,343
3083,12,1,2.3676832992846433,0.047353665985692864,0.19730694160705356,12,1,12,12,2,0.005470058404057454,254.0,0.39409997407346964,343
3084,12,1,2.3622132408805863,0.04724426481761172,0.19685110340671552,12,1,12,12,2,0.005470058404050349,254.0,0.4099999787285924,343
3085,12,1,2.3567431824765293,0.04713486364953059,0.19639526520637748,12,1,12,12,2,0.005470058404050349,254.0,0.4220000118948519,343
3086,12,1,2.3512731240724722,0.04702546248144945,0.19593942700603936,12,1,12,12,2,0.005470058404050349,254.0,0.39820000529289246,343
3087,12,1,2.3458030656684152,0.046916061313368305,0.19548358880570127,12,1,12,12,2,0.005470058404050349,254.0,0.39879995165392756,343
3088,12,1,2.3403330072643582,0.046806660145287164,0.19502775060536318,12,1,12,12,2,0.005470058404057454,254.0,0.3993999562226236,343
3089,12,1,2.334862948860301,0.04669725897720602,0.19457191240502514,12,1,12,12,2,0.005470058404050349,254.0,0.40580000495538116,343
3090,12,1,2.329392890456244,0.04658785780912488,0.19411607420468702,12,1,12,12,2,0.005470058404050349,254.0,0.5881999968551099,343
3091,12,1,2.323922832052187,0.04647845664104375,0.19366023600434892,12,1,12,12,2,0.005470058404050349,254.0,0.27680001221597195,343
3092,12,1,2.31845277364813,0.046369055472962606,0.19320439780401086,12,1,12,12,2,0.005470058404050349,254.0,0.41959999362006783,343
3093,12,1,2.3129827152440736,0.04625965430488147,0.19274855960367276,12,1,12,12,2,0.005470058404050349,254.0,0.3624000237323344,343
3094,12,1,2.307512656840016,0.04615025313680032,0.19229272140333467,12,1,12,12,2,0.005470058404057454,254.0,0.2449000021442771,343
3095,12,1,2.302042598435959,0.04604085196871918,0.1918368832029966,12,1,12,12,2,0.005470058404050349,254.0,0.20640000002458692,343
3096,12,1,2.296572540031902,0.04593145080063804,0.1913810450026585,12,1,12,12,2,0.005470058404050349,254.0,0.3281999961473048,343
3097,12,1,2.2911024816278456,0.04582204963255691,0.19092520680232042,12,1,12,12,2,0.005470058404050349,254.0,0.33760000951588154,343
3098,12,1,2.285632423223788,0.045712648464475765,0.19046936860198235,12,1,12,12,2,0.005470058404050349,254.0,0.3664999967440963,343
3099,12,1,2.2801623648197316,0.04560324729639463,0.19001353040164426,12,1,12,12,2,0.0054700584040645595,254.0,0.4007999668829143,343
3100,12,1,2.274692306415674,0.04549384612831348,0.18955769220130617,12,1,12,12,2,0.005470058404050349,254.0,0.4042999935336411,343
3101,12,1,2.2692222480116175,0.04538444496023235,0.18910185400096813,12,1,12,12,2,0.005470058404050349,254.0,0.48909999895840883,343
3102,12,1,2.26375218960756,0.0452750437921512,0.18864601580063,12,1,12,12,2,0.005470058404050349,254.0,0.34339999547228217,343
3103,12,1,2.258282131203503,0.04516564262407006,0.1881901776002919,12,1,12,12,2,0.005470058404050349,254.0,0.35289995139464736,343
3104,12,1,2.252812072799446,0.045056241455988924,0.18773433939995385,12,1,12,12,2,0.005470058404050349,254.0,0.4180999821983278,343
3105,12,1,2.247342014395389,0.04494684028790778,0.18727850119961578,12,1,12,12,2,0.005470058404050349,254.0,0.3871999797411263,343
3106,12,1,2.241871955991332,0.04483743911982664,0.18682266299927766,12,1,12,12,2,0.005470058404050349,254.0,0.4351999959908426,343
3107,12,1,2.236401897587275,0.0447280379517455,0.1863668247989396,12,1,12,12,2,0.005470058404050349,254.0,0.6022000452503562,343
3108,12,1,2.230931839183218,0.04461863678366436,0.1859109865986015,12,1,12,12,2,0.005470058404050349,254.0,0.4068000125698745,343
3109,12,1,2.2254617807791615,0.04450923561558323,0.1854551483982634,12,1,12,12,2,0.005470058404057454,254.0,0.3360999980941415,343
3110,12,1,2.219991722375104,0.04439983444750208,0.18499931019792537,12,1,12,12,2,0.005470058404057454,254.0,0.410200038459152,343
3111,12,1,2.214521663971047,0.04429043327942094,0.18454347199758728,12,1,12,12,2,0.005470058404050349,254.0,0.3197999903932214,343
3112,12,1,2.20905160556699,0.0441810321113398,0.18408763379724916,12,1,12,12,2,0.005470058404050349,254.0,0.28989999555051327,343
3113,12,1,2.2035815471629334,0.044071630943258666,0.18363179559691112,12,1,12,12,2,0.005470058404050349,254.0,0.48370001604780555,343
3114,12,1,2.1981114887588764,0.043962229775177525,0.18317595739657302,12,1,12,12,2,0.005470058404050349,254.0,0.41740003507584333,343
3115,12,1,2.19264143035482,0.0438528286070964,0.18272011919623496,12,1,12,12,2,0.005470058404057454,254.0,0.31699996907263994,343
3116,12,1,2.187171371950763,0.043743427439015256,0.1822642809958969,12,1,12,12,2,0.005470058404050349,254.0,0.3323000273667276,343
3117,12,1,2.181701313546706,0.043634026270934115,0.18180844279555883,12,1,12,12,2,0.005470058404050349,254.0,0.29799999902024865,343
3118,12,1,2.176231255142649,0.043524625102852973,0.18135260459522073,12,1,12,12,2,0.005470058404050349,254.0,0.37289998726919293,343
3119,12,1,2.1707611967385914,0.043415223934771825,0.1808967663948826,12,1,12,12,2,0.005470058404057454,254.0,0.23889995645731688,343
3120,12,1,2.165291138334535,0.0433058227666907,0.18044092819454458,12,1,12,12,2,0.005470058404057454,254.0,0.36619999445974827,343
3121,12,1,2.159821079930478,0.043196421598609556,0.1799850899942065,12,1,12,12,2,0.005470058404043243,254.0,0.35390001721680164,343
3122,12,1,2.1543510215264208,0.043087020430528415,0.1795292517938684,12,1,12,12,2,0.005470058404050349,254.0,0.34929998219013214,343
3123,12,1,2.148880963122364,0.04297761926244728,0.17907341359353035,12,1,12,12,2,0.005470058404050349,254.0,0.22410001838579774,343
3124,12,1,2.1434109047183068,0.04286821809436613,0.17861757539319223,12,1,12,12,2,0.005470058404050349,254.0,0.21270004799589515,343
3125,12,1,2.13794084631425,0.042758816926285005,0.1781617371928542,12,1,12,12,2,0.005470058404057454,254.0,0.26569998590275645,343
3126,12,1,2.1324707879101927,0.04264941575820386,0.17770589899251613,12,1,12,12,2,0.005470058404050349,254.0,0.3657999914139509,343
3127,12,1,2.127000729506136,0.04254001459012272,0.17725006079217806,12,1,12,12,2,0.005470058404050349,254.0,0.3173999721184373,343
3128,12,1,2.1215306711020787,0.042430613422041574,0.17679422259183997,12,1,12,12,2,0.005470058404050349,254.0,0.37590001011267304,343
3129,12,1,2.116060612698022,0.04232121225396044,0.17633838439150185,12,1,12,12,2,0.005470058404057454,254.0,0.39579998701810837,343
3130,12,1,2.110590554293965,0.042211811085879306,0.1758825461911638,12,1,12,12,2,0.005470058404050349,254.0,0.4271000507287681,343
3131,11,1,2.1061585634706548,0.0421231712694131,0.19146896031551408,11,0,11,0,2,0.004431990823306364,0.0,0.41880004573613405,343
3132,11,1,2.1011754534421523,0.04202350906884304,0.19101595031292293,11,1,11,11,2,0.004983110028504711,234.0,0.41560002136975527,306
3133,11,1,2.09619234341365,0.041923846868272996,0.1905629403103318,11,1,11,11,2,0.0049831100284905006,234.0,0.32380002085119486,306
3134,11,1,2.0912092333851473,0.04182418466770295,0.19010993030774068,11,1,11,11,2,0.004983110028497606,234.0,0.33769995206966996,306
3135,11,1,2.086226123356645,0.041724522467132895,0.18965692030514952,11,1,11,11,2,0.0049831100284905006,234.0,0.3027000348083675,306
3136,11,1,2.0812430133281423,0.04162486026656285,0.1892039103025584,11,1,11,11,2,0.004983110028497606,234.0,0.32729998929426074,306
3137,11,1,2.0762599032996403,0.04152519806599281,0.18875090029996724,11,1,11,11,2,0.004983110028497606,234.0,0.3847000189125538,306
3138,11,1,2.0712767932711373,0.04142553586542275,0.18829789029737612,11,1,11,11,2,0.004983110028497606,234.0,0.3276999923400581,306
3139,11,1,2.0662936832426353,0.04132587366485271,0.187844880294785,11,1,11,11,2,0.0049831100284905006,234.0,0.2514999941922724,306
3140,11,1,2.061310573214133,0.04122621146428265,0.1873918702921939,11,1,11,11,2,0.004983110028497606,234.0,0.23559998953714967,306
3141,11,1,2.05632746318563,0.0411265492637126,0.18693886028960274,11,1,11,11,2,0.004983110028497606,234.0,0.47500000800937414,306
3142,11,1,2.051344353157128,0.04102688706314256,0.18648585028701162,11,1,11,11,2,0.004983110028497606,234.0,0.24159997701644897,306
3143,11,1,2.046361243128625,0.0409272248625725,0.18603284028442044,11,1,11,11,2,0.004983110028497606,234.0,0.2490000333636999,306
3144,11,1,2.041378133100123,0.04082756266200246,0.18557983028182934,11,1,11,11,2,0.0049831100284905006,234.0,0.42810000013560057,306
3145,11,1,2.0363950230716203,0.040727900461432404,0.1851268202792382,11,1,11,11,2,0.004983110028497606,234.0,0.4160000244155526,306
3146,11,1,2.031411913043118,0.04062823826086236,0.1846738102766471,11,1,11,11,2,0.004983110028497606,234.0,0.39980001747608185,306
3147,11,1,2.026428803014616,0.040528576060292316,0.18422080027405593,11,1,11,11,2,0.004983110028497606,234.0,0.3681999514810741,306
3148,11,1,2.0214456929861133,0.04042891385972227,0.18376779027146484,11,1,11,11,2,0.004983110028497606,234.0,0.6880000000819564,306
3149,11,1,2.016462582957611,0.040329251659152215,0.1833147802688737,11,1,11,11,2,0.004983110028497606,234.0,0.46279997332021594,306
3150,11,1,2.0114794729291083,0.04022958945858217,0.1828617702662826,11,1,11,11,2,0.0049831100284905006,234.0,0.2658000448718667,306
3151,11,1,2.006496362900606,0.040129927258012114,0.18240876026369143,11,1,11,11,2,0.004983110028497606,234.0,0.9879000135697424,306
3152,11,1,2.0015132528721034,0.04003026505744207,0.1819557502611003,11,1,11,11,2,0.004983110028497606,234.0,0.32869999995455146,306
3153,11,1,1.9965301428436009,0.03993060285687202,0.18150274025850918,11,1,11,11,2,0.004983110028497606,234.0,0.347800028976053,306
3154,11,1,1.9915470328150986,0.03983094065630197,0.18104973025591806,11,1,11,11,2,0.004983110028497606,234.0,0.43130002450197935,306
3155,11,1,1.9865639227865963,0.039731278455731926,0.1805967202533269,11,1,11,11,2,0.0049831100284905006,234.0,0.382099999114871,306
3156,11,1,1.9815808127580936,0.03963161625516187,0.18014371025073578,11,1,11,11,2,0.004983110028497606,234.0,0.38029998540878296,306
3157,11,1,1.9765977027295911,0.039531954054591825,0.17969070024814468,11,1,11,11,2,0.004983110028497606,234.0,0.6063999608159065,306
3158,11,1,1.9716145927010884,0.03943229185402177,0.17923769024555355,11,1,11,11,2,0.004983110028497606,234.0,0.3228999557904899,306
3159,11,1,1.9666314826725864,0.039332629653451724,0.1787846802429624,11,1,11,11,2,0.004983110028497606,234.0,0.2688000095076859,306
3160,11,1,1.961648372644084,0.039232967452881684,0.17833167024037128,11,1,11,11,2,0.0049831100284905006,234.0,0.8430000161752105,306
3161,11,1,1.9566652626155814,0.03913330525231163,0.17787866023778015,11,1,11,11,2,0.004983110028497606,234.0,0.40660001104697585,306
3162,11,1,1.951682152587079,0.03903364305174158,0.177425650235189,11,1,11,11,2,0.004983110028497606,234.0,0.3355999942868948,306
3163,11,1,1.9466990425585768,0.038933980851171536,0.1769726402325979,11,1,11,11,2,0.004983110028497606,234.0,0.47859997721388936,306
3164,11,1,1.9417159325300744,0.03883431865060149,0.17651963023000675,11,1,11,11,2,0.004983110028504711,234.0,0.438000017311424,306
3165,11,1,1.9367328225015719,0.038734656450031435,0.17606662022741565,11,1,11,11,2,0.0049831100284905006,234.0,0.39389997255057096,306
3166,11,1,1.9317497124730691,0.03863499424946138,0.1756136102248245,11,1,11,11,2,0.0049831100284905006,234.0,0.3917999565601349,306
3167,11,1,1.9267666024445669,0.03853533204889134,0.17516060022223334,11,1,11,11,2,0.004983110028497606,234.0,0.4057000041939318,306
3168,11,1,1.9217834924160646,0.038435669848321294,0.17470759021964224,11,1,11,11,2,0.004983110028497606,234.0,0.4132000030949712,306
3169,11,1,1.916800382387562,0.03833600764775124,0.1742545802170511,11,1,11,11,2,0.004983110028497606,234.0,0.48099999548867345,306
3170,11,1,1.9118172723590596,0.03823634544718119,0.17380157021445997,11,1,11,11,2,0.004983110028497606,234.0,0.3915000124834478,306
3171,11,1,1.9068341623305574,0.038136683246611146,0.1733485602118688,11,1,11,11,2,0.0049831100284905006,234.0,0.38679997669532895,306
3172,11,1,1.9018510523020546,0.03803702104604109,0.1728955502092777,11,1,11,11,2,0.004983110028497606,234.0,0.4123999970033765,306
3173,11,1,1.8966601089166748,0.03793320217833349,0.17242364626515225,11,1,11,11,2,0.005190943385372293,234.0,0.3809999907389283,306
3174,11,1,1.8916769988881725,0.03783353997776345,0.17197063626256112,11,1,11,11,2,0.004983110028497606,234.0,0.36940001882612705,306
3175,11,1,1.88669388885967,0.0377338777771934,0.17151762625997002,11,1,11,11,2,0.004983110028497606,234.0,0.380899989977479,306
3176,11,1,1.8817107788311678,0.03763421557662336,0.1710646162573789,11,1,11,11,2,0.0049831100284905006,234.0,0.37700001848861575,306
3177,11,1,1.876727668802665,0.0375345533760533,0.17061160625478775,11,1,11,11,2,0.004983110028497606,234.0,0.4469999694265425,306
3178,11,1,1.871744558774163,0.03743489117548326,0.17015859625219662,11,1,11,11,2,0.004983110028497606,234.0,0.35419996129348874,306
3179,11,1,1.8667614487456605,0.03733522897491321,0.16970558624960547,11,1,11,11,2,0.004983110028497606,234.0,0.5520000122487545,306
3180,11,1,1.8617783387171578,0.03723556677434316,0.16925257624701437,11,1,11,11,2,0.004983110028504711,234.0,0.4980000085197389,306
3181,11,1,1.8567952286886555,0.03713590457377311,0.16879956624442324,11,1,11,11,2,0.0049831100284905006,234.0,0.41340000461786985,306
3182,11,1,1.8518121186601533,0.03703624237320306,0.1683465562418321,11,1,11,11,2,0.004983110028497606,234.0,0.3963999915868044,306
3183,11,1,1.8468290086316508,0.036936580172633016,0.167893546239241,11,1,11,11,2,0.004983110028497606,234.0,0.39519998244941235,306
3184,11,1,1.8418458986031487,0.036836917972062976,0.1674405362366499,11,1,11,11,2,0.0049831100284905006,234.0,0.395099981687963,306
3185,11,1,1.836862788574646,0.03673725577149292,0.16698752623405874,11,1,11,11,2,0.004983110028497606,234.0,0.3910000086762011,306
3186,11,1,1.831879678546144,0.03663759357092288,0.16653451623146762,11,1,11,11,2,0.0049831100284905006,234.0,0.33549999352544546,306
3187,11,1,1.8268965685176415,0.03653793137035283,0.1660815062288765,11,1,11,11,2,0.004983110028497606,234.0,0.3798000398091972,306
3188,11,1,1.8219134584891388,0.036438269169782773,0.1656284962262854,11,1,11,11,2,0.004983110028497606,234.0,0.3606000100262463,306
3189,11,1,1.8169303484606367,0.03633860696921273,0.16517548622369424,11,1,11,11,2,0.004983110028497606,234.0,0.38050004513934255,306
3190,11,1,1.811947238432134,0.03623894476864268,0.16472247622110311,11,1,11,11,2,0.004983110028497606,234.0,0.37269998574629426,306
3191,11,1,1.806964128403632,0.03613928256807264,0.164269466218512,11,1,11,11,2,0.004983110028497606,234.0,0.42290001874789596,306
3192,11,1,1.8019810183751297,0.03603962036750259,0.1638164562159209,11,1,11,11,2,0.0049831100284905006,234.0,0.39870000910013914,306
3193,11,1,1.7969979083466272,0.035939958166932545,0.16336344621332974,11,1,11,11,2,0.004983110028497606,234.0,0.40010001976042986,306
3194,11,1,1.792014798318125,0.0358402959663625,0.1629104362107386,11,1,11,11,2,0.004983110028497606,234.0,0.3784999717026949,306
3195,11,1,1.7870316882896224,0.03574063376579245,0.1624574262081475,11,1,11,11,2,0.004983110028497606,234.0,1.0477000032551587,306
3196,11,1,1.78204857826112,0.0356409715652224,0.1620044162055564,11,1,11,11,2,0.004983110028497606,234.0,0.4252000362612307,306
3197,11,1,1.777065468232618,0.03554130936465236,0.16155140620296524,11,1,11,11,2,0.004983110028497606,234.0,0.4178999806754291,306
3198,11,1,1.7720823582041152,0.0354416471640823,0.16109839620037414,11,1,11,11,2,0.004983110028497606,234.0,0.38809998659417033,306
3199,11,1,1.7670992481756131,0.03534198496351226,0.16064538619778299,11,1,11,11,2,0.004983110028497606,234.0,0.37640001391991973,306
3200,11,1,1.7621161381471107,0.035242322762942216,0.1601923761951919,11,1,11,11,2,0.0049831100284905006,234.0,0.4075000179000199,306
3201,11,1,1.7571330281186084,0.03514266056237217,0.15973936619260073,11,1,11,11,2,0.004983110028497606,234.0,0.37780002458021045,306
3202,11,1,1.752149918090106,0.035042998361802115,0.15928635619000964,11,1,11,11,2,0.0049831100284905006,234.0,0.8170999935828149,306
3203,11,1,1.7471668080616034,0.03494333616123207,0.15883334618741854,11,1,11,11,2,0.004983110028497606,234.0,0.29779999749735,306
3204,10,1,1.744610274980014,0.03489220549960028,0.17446102749800144,10,0,10,0,2,0.002556533081587986,0.0,0.29449997236952186,306
3205,10,1,1.7398635671260512,0.03479727134252102,0.17398635671260512,10,1,10,10,2,0.004746707853961141,214.0,0.3618999617174268,267
3206,10,1,1.7351168592720883,0.034702337185441766,0.17351168592720884,10,1,10,10,2,0.00474670785394693,214.0,0.3527000080794096,267
3207,10,1,1.7303701514181256,0.03460740302836251,0.17303701514181255,10,1,10,10,2,0.004746707853961141,214.0,0.3459000145085156,267
3208,10,1,1.7256234435641626,0.03451246887128325,0.1725623443564163,10,1,10,10,2,0.004746707853961141,214.0,0.3507000510580838,267
3209,10,1,1.7208767357101997,0.034417534714203994,0.17208767357102,10,1,10,10,2,0.004746707853961141,214.0,0.34690002212300897,267
3210,10,1,1.716130027856237,0.034322600557124744,0.1716130027856237,10,1,10,10,2,0.00474670785394693,214.0,0.34249998861923814,267
3211,10,1,1.711383320002274,0.03422766640004548,0.1711383320002274,10,1,10,10,2,0.00474670785394693,214.0,0.5768999690189958,267
3212,10,1,1.7066366121483112,0.03413273224296622,0.17066366121483115,10,1,10,10,2,0.004746707853961141,214.0,0.3445000038482249,267
3213,10,1,1.7018899042943483,0.034037798085886965,0.17018899042943483,10,1,10,10,2,0.004746707853954035,214.0,0.30989997321739793,267
3214,10,1,1.6971431964403856,0.033942863928807715,0.16971431964403855,10,1,10,10,2,0.004746707853961141,214.0,0.3375000087544322,267
3215,10,1,1.6923964885864227,0.03384792977172845,0.16923964885864226,10,1,10,10,2,0.004746707853954035,214.0,0.4036999889649451,267
3216,10,1,1.6876497807324597,0.033752995614649194,0.168764978073246,10,1,10,10,2,0.004746707853954035,214.0,0.46170002315193415,267
3217,10,1,1.682903072878497,0.03365806145756994,0.16829030728784972,10,1,10,10,2,0.004746707853961141,214.0,0.8219999726861715,267
3218,10,1,1.6781563650245341,0.033563127300490686,0.1678156365024534,10,1,10,10,2,0.004746707853954035,214.0,0.31939998734742403,267
3219,10,1,1.6734096571705712,0.03346819314341142,0.16734096571705712,10,1,10,10,2,0.00474670785394693,214.0,0.3381000133231282,267
3220,10,1,1.6686629493166085,0.03337325898633217,0.16686629493166089,10,1,10,10,2,0.004746707853961141,214.0,0.3478999715298414,267
3221,10,1,1.6639162414626456,0.033278324829252914,0.16639162414626457,10,1,10,10,2,0.004746707853968246,214.0,0.36479998379945755,267
3222,10,1,1.6591695336086827,0.03318339067217366,0.16591695336086826,10,1,10,10,2,0.00474670785394693,214.0,0.4839000175707042,267
3223,10,1,1.65442282575472,0.0330884565150944,0.165442282575472,10,1,10,10,2,0.004746707853954035,214.0,0.4825000069104135,267
3224,10,1,1.649676117900757,0.03299352235801514,0.16496761179007574,10,1,10,10,2,0.004746707853961141,214.0,0.33299997448921204,267
3225,10,1,1.6449294100467942,0.032898588200935885,0.16449294100467943,10,1,10,10,2,0.004746707853961141,214.0,0.4212000058032572,267
3226,10,1,1.6401827021928315,0.03280365404385663,0.1640182702192831,10,1,10,10,2,0.00474670785394693,214.0,0.5102999857626855,267
3227,10,1,1.6354359943388685,0.03270871988677737,0.16354359943388685,10,1,10,10,2,0.00474670785394693,214.0,0.4847000236622989,267
3228,10,1,1.6306892864849054,0.03261378572969811,0.1630689286484906,10,1,10,10,2,0.004746707853968246,214.0,0.38049998693168163,267
3229,10,1,1.625942578630943,0.032518851572618857,0.16259425786309428,10,1,10,10,2,0.004746707853954035,214.0,0.36750000435858965,267
3230,10,1,1.6211958707769798,0.0324239174155396,0.162119587077698,10,1,10,10,2,0.004746707853954035,214.0,0.44600002001971006,267
3231,10,1,1.616449162923017,0.03232898325846034,0.1616449162923017,10,1,10,10,2,0.004746707853954035,214.0,0.33190002432093024,267
3232,10,1,1.611702455069054,0.03223404910138108,0.1611702455069054,10,1,10,10,2,0.004746707853954035,214.0,0.6523999618366361,267
3233,10,1,1.6069557472150915,0.03213911494430183,0.16069557472150914,10,1,10,10,2,0.004746707853961141,214.0,0.3662999952211976,267
3234,10,1,1.6022090393611284,0.03204418078722257,0.16022090393611282,10,1,10,10,2,0.004746707853954035,214.0,0.47289999201893806,267
3235,10,1,1.5974623315071659,0.03194924663014332,0.15974623315071657,10,1,10,10,2,0.004746707853954035,214.0,0.31289999606087804,267
3236,10,1,1.592715623653203,0.031854312473064056,0.1592715623653203,10,1,10,10,2,0.004746707853961141,214.0,0.3000000142492354,267
3237,10,1,1.58796891579924,0.0317593783159848,0.158796891579924,10,1,10,10,2,0.004746707853961141,214.0,0.3717999788932502,267
3238,10,1,1.5832222079452773,0.03166444415890555,0.15832222079452776,10,1,10,10,2,0.004746707853954035,214.0,0.7718999986536801,267
3239,10,1,1.5784755000913144,0.03156951000182629,0.15784755000913145,10,1,10,10,2,0.00474670785394693,214.0,0.3540999605320394,267
3240,10,1,1.5737287922373517,0.031474575844747034,0.15737287922373516,10,1,10,10,2,0.004746707853961141,214.0,0.228899996727705,267
3241,10,1,1.5689820843833886,0.03137964168766777,0.15689820843833888,10,1,10,10,2,0.004746707853961141,214.0,0.20350003615021706,267
3242,10,1,1.5642353765294261,0.03128470753058852,0.15642353765294262,10,1,10,10,2,0.004746707853954035,214.0,0.4802999901585281,267
3243,10,1,1.5594886686754632,0.031189773373509266,0.15594886686754633,10,1,10,10,2,0.004746707853954035,214.0,0.41689997306093574,267
3244,10,1,1.5547419608215005,0.031094839216430012,0.15547419608215005,10,1,10,10,2,0.004746707853954035,214.0,0.3405000315979123,267
3245,10,1,1.5499952529675374,0.030999905059350748,0.15499952529675376,10,1,10,10,2,0.004746707853954035,214.0,0.34059997415170074,267
3246,10,1,1.5452485451135747,0.030904970902271494,0.1545248545113575,10,1,10,10,2,0.004746707853954035,214.0,0.3722999827004969,267
3247,10,1,1.540501837259612,0.03081003674519224,0.1540501837259612,10,1,10,10,2,0.004746707853954035,214.0,0.3991000121459365,267
3248,10,1,1.535755129405649,0.030715102588112983,0.15357551294056493,10,1,10,10,2,0.004746707853954035,214.0,0.38379995385184884,267
3249,10,1,1.5310084215516864,0.030620168431033726,0.15310084215516867,10,1,10,10,2,0.004746707853968246,214.0,0.3763000131584704,267
3250,10,1,1.5262617136977235,0.03052523427395447,0.15262617136977236,10,1,10,10,2,0.004746707853954035,214.0,0.43489999370649457,267
3251,10,1,1.5215150058437608,0.030430300116875215,0.15215150058437607,10,1,10,10,2,0.00474670785394693,214.0,0.39650005055591464,267
3252,10,1,1.5167682979897978,0.030335365959795958,0.1516768297989798,10,1,10,10,2,0.004746707853961141,214.0,0.4712999798357487,267
3253,10,1,1.5120215901358351,0.030240431802716704,0.15120215901358353,10,1,10,10,2,0.004746707853961141,214.0,0.3934000269509852,267
3254,10,1,1.5072748822818722,0.030145497645637443,0.1507274882281872,10,1,10,10,2,0.00474670785394693,214.0,0.3132999991066754,267
3255,10,1,1.5025281744279095,0.03005056348855819,0.15025281744279095,10,1,10,10,2,0.004746707853954035,214.0,0.3087000222876668,267
3256,10,1,1.4977814665739466,0.029955629331478932,0.1497781466573947,10,1,10,10,2,0.004746707853968246,214.0,0.39359997026622295,267
3257,10,1,1.493034758719984,0.02986069517439968,0.1493034758719984,10,1,10,10,2,0.004746707853961141,214.0,0.36910001654177904,267
3258,9,1,1.4896971070900278,0.029793942141800554,0.16552190078778084,9,0,9,0,2,0.003337651629941263,0.0,0.36589999217540026,267
3259,9,1,1.485590589195858,0.02971181178391716,0.16506562102176198,9,1,9,9,2,0.004106517894172157,194.0,0.3651999868452549,226
3260,9,1,1.4814840713016884,0.02962968142603377,0.1646093412557431,9,1,9,9,2,0.004106517894150841,194.0,0.3671000013127923,226
3261,9,1,1.4773775534075186,0.029547551068150373,0.16415306148972428,9,1,9,9,2,0.004106517894172157,194.0,0.4273999948054552,226
3262,9,1,1.473271035513349,0.02946542071026698,0.16369678172370544,9,1,9,9,2,0.004106517894172157,194.0,0.4143000114709139,226
3263,9,1,1.4691645176191792,0.029383290352383584,0.16324050195768655,9,1,9,9,2,0.0041065178941650515,194.0,0.38540002424269915,226
3264,9,1,1.4650579997250093,0.029301159994500184,0.1627842221916677,9,1,9,9,2,0.0041065178941650515,194.0,0.41179999243468046,226
3265,9,1,1.4609514818308398,0.029219029636616795,0.16232794242564885,9,1,9,9,2,0.0041065178941650515,194.0,0.3647000412456691,226
3266,9,1,1.45684496393667,0.029136899278733402,0.16187166265963,9,1,9,9,2,0.004106517894172157,194.0,0.36289996933192015,226
3267,9,1,1.4527384460425004,0.029054768920850006,0.16141538289361113,9,1,9,9,2,0.004106517894157946,194.0,0.3684999537654221,226
3268,9,1,1.4486319281483304,0.02897263856296661,0.16095910312759226,9,1,9,9,2,0.0041065178941650515,194.0,0.3578999894671142,226
3269,9,1,1.444525410254161,0.02889050820508322,0.1605028233615734,9,1,9,9,2,0.0041065178941650515,194.0,0.3621999640017748,226
3270,9,1,1.4404188923599912,0.028808377847199824,0.16004654359555456,9,1,9,9,2,0.004106517894172157,194.0,0.3643999807536602,226
3271,9,1,1.4363123744658213,0.028726247489316424,0.1595902638295357,9,1,9,9,2,0.004106517894172157,194.0,0.36969996290281415,226
3272,9,1,1.4322058565716516,0.02864411713143303,0.15913398406351684,9,1,9,9,2,0.0041065178941650515,194.0,0.4005000228062272,226
3273,9,1,1.428099338677482,0.028561986773549642,0.15867770429749797,9,1,9,9,2,0.0041065178941650515,194.0,0.37789996713399887,226
3274,9,1,1.4239928207833121,0.028479856415666242,0.15822142453147914,9,1,9,9,2,0.0041065178941650515,194.0,0.35990000469610095,226
3275,9,1,1.4198863028891422,0.028397726057782843,0.15776514476546027,9,1,9,9,2,0.0041065178941650515,194.0,0.3643999807536602,226
3276,9,1,1.415779784994973,0.028315595699899457,0.1573088649994414,9,1,9,9,2,0.0041065178941650515,194.0,0.3725999849848449,226
3277,9,1,1.4116732671008032,0.028233465342016064,0.15685258523342255,9,1,9,9,2,0.0041065178941650515,194.0,0.36349997390061617,226
3278,9,1,1.4075667492066333,0.028151334984132664,0.15639630546740368,9,1,9,9,2,0.0041065178941650515,194.0,0.3719999804161489,226
3279,9,1,1.4034602313124636,0.02806920462624927,0.15594002570138485,9,1,9,9,2,0.004106517894172157,194.0,0.3865999751724303,226
3280,9,1,1.3993537134182938,0.027987074268365875,0.15548374593536599,9,1,9,9,2,0.004106517894172157,194.0,0.35719998413696885,226
3281,9,1,1.3952471955241241,0.027904943910482483,0.15502746616934712,9,1,9,9,2,0.004106517894157946,194.0,0.36939996061846614,226
3282,9,1,1.3911406776299542,0.027822813552599083,0.15457118640332826,9,1,9,9,2,0.004106517894172157,194.0,0.46740000834688544,226
3283,9,1,1.3870341597357845,0.02774068319471569,0.15411490663730942,9,1,9,9,2,0.0041065178941650515,194.0,0.3218000056222081,226
3284,9,1,1.382927641841615,0.0276585528368323,0.15365862687129056,9,1,9,9,2,0.0041065178941650515,194.0,0.3102999762631953,226
3285,9,1,1.378821123947445,0.0275764224789489,0.1532023471052717,9,1,9,9,2,0.0041065178941650515,194.0,0.3758000093512237,226
3286,9,1,1.3747146060532756,0.027494292121065512,0.15274606733925283,9,1,9,9,2,0.0041065178941650515,194.0,0.37510000402107835,226
3287,9,1,1.3706080881591058,0.027412161763182116,0.15228978757323397,9,1,9,9,2,0.004106517894172157,194.0,0.40149997221305966,226
3288,9,1,1.3665015702649361,0.027330031405298723,0.15183350780721513,9,1,9,9,2,0.0041065178941650515,194.0,0.3687000134959817,226
3289,9,1,1.3623950523707664,0.027247901047415327,0.15137722804119627,9,1,9,9,2,0.004106517894172157,194.0,0.36639999598264694,226
3290,9,1,1.3582885344765967,0.027165770689531934,0.1509209482751774,9,1,9,9,2,0.004106517894157946,194.0,0.4298000130802393,226
3291,9,1,1.3541820165824268,0.027083640331648534,0.15046466850915854,9,1,9,9,2,0.004106517894172157,194.0,0.3757999511435628,226
3292,9,1,1.3500754986882573,0.027001509973765145,0.1500083887431397,9,1,9,9,2,0.004106517894157946,194.0,0.4839000175707042,226
3293,9,1,1.3459689807940878,0.026919379615881756,0.14955210897712085,9,1,9,9,2,0.004106517894172157,194.0,0.3588999970816076,226
3294,9,1,1.341862462899918,0.026837249257998363,0.14909582921110198,9,1,9,9,2,0.0041065178941650515,194.0,0.32300001475960016,226
3295,9,1,1.3377559450057483,0.026755118900114967,0.14863954944508312,9,1,9,9,2,0.0041065178941650515,194.0,0.38410001434385777,226
3296,9,1,1.3336494271115784,0.026672988542231567,0.14818326967906426,9,1,9,9,2,0.004106517894172157,194.0,0.411100045312196,226
3297,9,1,1.3295429092174091,0.026590858184348184,0.14772698991304545,9,1,9,9,2,0.0041065178941650515,194.0,0.3836000105366111,226
3298,9,1,1.3254363913232392,0.026508727826464785,0.14727071014702658,9,1,9,9,2,0.0041065178941650515,194.0,0.38240000139921904,226
3299,9,1,1.3213298734290695,0.02642659746858139,0.14681443038100772,9,1,9,9,2,0.004106517894157946,194.0,0.4141000099480152,226
3300,9,1,1.3172233555349,0.026344467110698,0.14635815061498889,9,1,9,9,2,0.004106517894172157,194.0,0.387699983548373,226
3301,9,1,1.31311683764073,0.0262623367528146,0.14590187084897,9,1,9,9,2,0.0041065178941650515,194.0,0.38600002881139517,226
3302,9,1,1.3090103197465606,0.02618020639493121,0.1454455910829512,9,1,9,9,2,0.004106517894172157,194.0,0.4539000219665468,226
3303,9,1,1.3049038018523909,0.026098076037047818,0.14498931131693232,9,1,9,9,2,0.0041065178941650515,194.0,0.36539998836815357,226
3304,9,1,1.3007972839582211,0.02601594567916442,0.14453303155091346,9,1,9,9,2,0.0041065178941650515,194.0,0.30319998040795326,226
3305,9,1,1.2966907660640516,0.025933815321281032,0.1440767517848946,9,1,9,9,2,0.004106517894172157,194.0,0.30120002338662744,226
3306,9,1,1.2925842481698817,0.025851684963397636,0.14362047201887573,9,1,9,9,2,0.0041065178941650515,194.0,0.3579000476747751,226
3307,9,1,1.288477730275712,0.02576955460551424,0.1431641922528569,9,1,9,9,2,0.004106517894157946,194.0,0.40200003422796726,226
3308,9,1,1.2843712123815425,0.02568742424763085,0.14270791248683806,9,1,9,9,2,0.0041065178941650515,194.0,0.3895999980159104,226
3309,9,1,1.2802646944873726,0.02560529388974745,0.1422516327208192,9,1,9,9,2,0.004106517894172157,194.0,0.3648999845609069,226
3310,9,1,1.276158176593203,0.02552316353186406,0.14179535295480034,9,1,9,9,2,0.004106517894172157,194.0,0.39000000106170774,226
3311,9,1,1.2720516586990334,0.02544103317398067,0.14133907318878147,9,1,9,9,2,0.004106517894157946,194.0,0.35479996586218476,226
3312,9,1,1.2679451408048639,0.025358902816097276,0.14088279342276266,9,1,9,9,2,0.004106517894172157,194.0,0.4954999894835055,226
3313,9,1,1.2638386229106942,0.025276772458213883,0.14042651365674377,9,1,9,9,2,0.0041065178941650515,194.0,0.28760003624483943,226
3314,9,1,1.2597321050165242,0.025194642100330483,0.13997023389072494,9,1,9,9,2,0.004106517894172157,194.0,0.3161000204272568,226
3315,9,1,1.2556255871223547,0.025112511742447094,0.13951395412470607,9,1,9,9,2,0.004106517894157946,194.0,0.3443000023253262,226
3316,9,1,1.251519069228185,0.0250303813845637,0.1390576743586872,9,1,9,9,2,0.0041065178941650515,194.0,0.34110003616660833,226
3317,9,1,1.247412551334015,0.0249482510266803,0.13860139459266838,9,1,9,9,2,0.0041065178941650515,194.0,0.37590001011267304,226
3318,9,1,1.2433060334398456,0.024866120668796912,0.1381451148266495,9,1,9,9,2,0.004106517894172157,194.0,0.34420000156387687,226
3319,8,1,1.2405493265502912,0.024810986531005823,0.15506866581878637,8,0,8,0,2,0.0027567068895635316,0.0,0.33380003878846765,226
3320,8,1,1.236940005239742,0.024738800104794838,0.15461750065496774,8,1,8,8,2,0.003609321310541702,174.0,0.3377000102773309,183
3321,8,1,1.2333306839291927,0.024666613678583853,0.15416633549114905,8,1,8,8,2,0.0036093213105345967,174.0,0.33170002279803157,183
3322,8,1,1.2297213626186432,0.024594427252372864,0.1537151703273304,8,1,8,8,2,0.0036093213105488076,174.0,0.3284999984316528,183
3323,8,1,1.2261120413080941,0.024522240826161883,0.15326400516351177,8,1,8,8,2,0.0036093213105488076,174.0,0.3236000193282962,183
3324,8,1,1.222502719997545,0.024450054399950898,0.1528128399996931,8,1,8,8,2,0.0036093213105488076,174.0,0.36539998836815357,183
3325,8,1,1.2188933986869956,0.024377867973739913,0.15236167483587446,8,1,8,8,2,0.003609321310541702,174.0,0.28440001187846065,183
3326,8,1,1.2152840773764464,0.024305681547528928,0.1519105096720558,8,1,8,8,2,0.0036093213105488076,174.0,0.28170004952698946,183
3327,8,1,1.2116747560658971,0.024233495121317943,0.15145934450823714,8,1,8,8,2,0.0036093213105488076,174.0,0.38539996603503823,183
3328,8,1,1.2080654347553477,0.024161308695106954,0.1510081793444185,8,1,8,8,2,0.003609321310541702,174.0,0.3569999826140702,183
3329,8,1,1.2044561134447986,0.024089122268895972,0.15055701418059986,8,1,8,8,2,0.0036093213105488076,174.0,0.34630001755431294,183
3330,8,1,1.2008467921342494,0.024016935842684987,0.15010584901678117,8,1,8,8,2,0.003609321310541702,174.0,0.3409999771974981,183
3331,8,1,1.1972374708237001,0.023944749416474002,0.14965468385296254,8,1,8,8,2,0.003609321310555913,174.0,0.33279997296631336,183
3332,8,1,1.1936281495131509,0.023872562990263017,0.1492035186891439,8,1,8,8,2,0.003609321310541702,174.0,0.3952999832108617,183
3333,8,1,1.1900188282026019,0.023800376564052036,0.1487523535253252,8,1,8,8,2,0.0036093213105488076,174.0,0.38020004285499454,183
3334,8,1,1.1864095068920524,0.023728190137841047,0.14830118836150655,8,1,8,8,2,0.003609321310541702,174.0,0.3375000087544322,183
3335,8,1,1.1828001855815031,0.023656003711630062,0.1478500231976879,8,1,8,8,2,0.003609321310555913,174.0,0.35689998185262084,183
3336,8,1,1.1791908642709539,0.023583817285419077,0.14739885803386926,8,1,8,8,2,0.003609321310541702,174.0,0.4153999616391957,183
3337,8,1,1.1755815429604048,0.023511630859208096,0.14694769287005058,8,1,8,8,2,0.0036093213105345967,174.0,0.38379995385184884,183
3338,8,1,1.1719722216498556,0.02343944443299711,0.14649652770623195,8,1,8,8,2,0.0036093213105488076,174.0,0.374700000975281,183
3339,8,1,1.1683629003393061,0.023367258006786122,0.1460453625424133,8,1,8,8,2,0.0036093213105488076,174.0,0.40660001104697585,183
3340,8,1,1.1647535790287569,0.023295071580575137,0.14559419737859464,8,1,8,8,2,0.0036093213105488076,174.0,0.3701000241562724,183
3341,8,1,1.1611442577182078,0.023222885154364156,0.14514303221477598,8,1,8,8,2,0.003609321310541702,174.0,0.36100001307204366,183
3342,8,1,1.1575349364076584,0.023150698728153167,0.14469186705095732,8,1,8,8,2,0.0036093213105488076,174.0,0.4463999648578465,183
3343,8,1,1.1539256150971093,0.023078512301942185,0.14424070188713867,8,1,8,8,2,0.0036093213105488076,174.0,0.3945000353269279,183
3344,8,1,1.15031629378656,0.0230063258757312,0.14378953672332,8,1,8,8,2,0.003609321310541702,174.0,0.39300002390518785,183
3345,8,1,1.1467069724760108,0.022934139449520215,0.14333837155950135,8,1,8,8,2,0.0036093213105488076,174.0,0.4171000327914953,183
3346,8,1,1.1430976511654616,0.02286195302330923,0.1428872063956827,8,1,8,8,2,0.003609321310541702,174.0,0.39309996645897627,183
3347,8,1,1.1394883298549123,0.022789766597098245,0.14243604123186404,8,1,8,8,2,0.003609321310555913,174.0,0.39629999082535505,183
3348,8,1,1.135879008544363,0.02271758017088726,0.14198487606804538,8,1,8,8,2,0.003609321310541702,174.0,0.3464999608695507,183
3349,8,1,1.132269687233814,0.022645393744676282,0.14153371090422673,8,1,8,8,2,0.0036093213105488076,174.0,0.3272000467404723,183
3350,8,1,1.1286603659232648,0.022573207318465297,0.14108254574040807,8,1,8,8,2,0.003609321310541702,174.0,0.3787000314332545,183
3351,8,1,1.1250510446127155,0.022501020892254312,0.14063138057658942,8,1,8,8,2,0.003609321310555913,174.0,0.40850002551451325,183
3352,8,1,1.121441723302166,0.02242883446604332,0.1401802154127708,8,1,8,8,2,0.003609321310541702,174.0,0.3772000200115144,183
3353,8,1,1.117832401991617,0.022356648039832342,0.1397290502489521,8,1,8,8,2,0.0036093213105345967,174.0,0.381499994546175,183
3354,8,1,1.1142230806810678,0.022284461613621357,0.13927788508513347,8,1,8,8,2,0.0036093213105488076,174.0,0.3991000121459365,183
3355,8,1,1.1106137593705185,0.022212275187410372,0.13882671992131482,8,1,8,8,2,0.0036093213105488076,174.0,0.3677000058814883,183
3356,8,1,1.1070044380599693,0.022140088761199387,0.1383755547574962,8,1,8,8,2,0.0036093213105488076,174.0,0.680800003465265,183
3357,8,1,1.1033951167494203,0.022067902334988405,0.13792438959367753,8,1,8,8,2,0.003609321310541702,174.0,0.34980004420503974,183
3358,8,1,1.099785795438871,0.02199571590877742,0.13747322442985888,8,1,8,8,2,0.0036093213105488076,174.0,0.3005000180564821,183
3359,8,1,1.0961764741283218,0.021923529482566435,0.13702205926604022,8,1,8,8,2,0.0036093213105488076,174.0,0.22460002219304442,183
3360,8,1,1.0925671528177725,0.02185134305635545,0.13657089410222156,8,1,8,8,2,0.003609321310541702,174.0,0.22059999173507094,183
3361,8,1,1.0889578315072233,0.021779156630144465,0.1361197289384029,8,1,8,8,2,0.0036093213105488076,174.0,0.22260000696405768,183
3362,8,1,1.085348510196674,0.02170697020393348,0.13566856377458425,8,1,8,8,2,0.003609321310541702,174.0,0.34139998024329543,183
3363,8,1,1.081739188886125,0.0216347837777225,0.13521739861076562,8,1,8,8,2,0.003609321310555913,174.0,0.3418000414967537,183
3364,8,1,1.0781298675755757,0.021562597351511514,0.13476623344694696,8,1,8,8,2,0.003609321310541702,174.0,0.3952999832108617,183
3365,8,1,1.0745205462650265,0.02149041092530053,0.1343150682831283,8,1,8,8,2,0.0036093213105488076,174.0,0.3238999634049833,183
3366,8,1,1.0709112249544772,0.021418224499089544,0.13386390311930965,8,1,8,8,2,0.003609321310541702,174.0,0.3089999663643539,183
3367,8,1,1.0673019036439282,0.021346038072878562,0.13341273795549102,8,1,8,8,2,0.003609321310555913,174.0,0.31109998235479,183
3368,8,1,1.063692582333379,0.021273851646667577,0.13296157279167237,8,1,8,8,2,0.003609321310541702,174.0,0.3150000120513141,183
3369,8,1,1.0600832610228297,0.021201665220456592,0.1325104076278537,8,1,8,8,2,0.0036093213105345967,174.0,0.34309999318793416,183
3370,8,1,1.0564739397122804,0.021129478794245607,0.13205924246403505,8,1,8,8,2,0.0036093213105488076,174.0,0.3389000194147229,183
3371,8,1,1.0528646184017312,0.021057292368034622,0.1316080773002164,8,1,8,8,2,0.0036093213105488076,174.0,0.3369000041857362,183
3372,8,1,1.049255297091182,0.020985105941823637,0.13115691213639774,8,1,8,8,2,0.0036093213105488076,174.0,0.37379999412223697,183
3373,8,1,1.045645975780633,0.02091291951561266,0.13070574697257908,8,1,8,8,2,0.003609321310541702,174.0,0.22549997083842754,183
3374,8,1,1.0420366544700836,0.020840733089401674,0.13025458180876043,8,1,8,8,2,0.0036093213105488076,174.0,0.3842999576590955,183
3375,8,1,1.0384273331595344,0.02076854666319069,0.1298034166449418,8,1,8,8,2,0.0036093213105488076,174.0,0.36149995867162943,183
3376,8,1,1.0348180118489851,0.020696360236979704,0.12935225148112317,8,1,8,8,2,0.003609321310541702,174.0,0.36449998151510954,183
3377,8,1,1.0312086905384361,0.020624173810768722,0.12890108631730451,8,1,8,8,2,0.0036093213105488076,174.0,0.5329999839887023,183
3378,8,1,1.0275993692278869,0.020551987384557737,0.12844992115348586,8,1,8,8,2,0.003609321310541702,174.0,0.36149995867162943,183
3379,8,1,1.0239900479173376,0.020479800958346752,0.1279987559896672,8,1,8,8,2,0.003609321310555913,174.0,0.2962000435218215,183
3380,8,1,1.0203807266067886,0.02040761453213577,0.12754759082584857,8,1,8,8,2,0.003609321310541702,174.0,0.5671000108122826,183
3381,8,1,1.0167714052962393,0.020335428105924785,0.12709642566202992,8,1,8,8,2,0.0036093213105488076,174.0,0.3056999994441867,183
3382,8,1,1.01316208398569,0.0202632416797138,0.12664526049821126,8,1,8,8,2,0.003609321310541702,174.0,0.32190000638365746,183
3383,8,1,1.009552762675141,0.020191055253502822,0.12619409533439263,8,1,8,8,2,0.003609321310555913,174.0,0.305800000205636,183
3384,8,1,1.0059434413645918,0.020118868827291837,0.12574293017057397,8,1,8,8,2,0.003609321310541702,174.0,0.28689997270703316,183
3385,8,1,1.0023341200540425,0.020046682401080852,0.12529176500675532,8,1,8,8,2,0.0036093213105345967,174.0,0.31759997364133596,183
3386,8,1,0.9987247987434934,0.019974495974869867,0.12484059984293668,8,1,8,8,2,0.0036093213105488076,174.0,0.35310001112520695,183
3387,8,1,0.9951154774329444,0.01990230954865889,0.12438943467911803,8,1,8,8,2,0.0036093213105488076,174.0,0.3659999929368496,183
3388,8,1,0.991506156122395,0.0198301231224479,0.1239382695152994,8,1,8,8,2,0.0036093213105488076,174.0,0.5945999873802066,183
3389,8,1,0.987896834811846,0.01975793669623692,0.12348710435148075,8,1,8,8,2,0.003609321310541702,174.0,0.436800008174032,183
3390,8,1,0.9842875135012967,0.019685750270025934,0.12303593918766209,8,1,8,8,2,0.0036093213105488076,174.0,0.32269995426759124,183
3391,8,1,0.9806781921907476,0.019613563843814952,0.12258477402384346,8,1,8,8,2,0.0036093213105488076,174.0,0.5418999935500324,183
3392,8,1,0.9770688708801984,0.019541377417603967,0.12213360886002482,8,1,8,8,2,0.003609321310541702,174.0,0.33569999504834414,183
3393,8,1,0.9734595495696493,0.019469190991392986,0.12168244369620616,8,1,8,8,2,0.0036093213105488076,174.0,0.38270000368356705,183
3394,8,1,0.9698502282591002,0.019397004565182004,0.12123127853238751,8,1,8,8,2,0.003609321310541702,174.0,0.31779997516423464,183
3395,8,1,0.966240906948551,0.01932481813897102,0.12078011336856886,8,1,8,8,2,0.003609321310555913,174.0,0.2858999650925398,183
3396,8,1,0.9626315856380019,0.019252631712760038,0.12032894820475024,8,1,8,8,2,0.003609321310541702,174.0,0.2969999914057553,183
3397,8,1,0.9590222643274526,0.019180445286549053,0.11987778304093158,8,1,8,8,2,0.0036093213105488076,174.0,0.35230000503361225,183
3398,8,1,0.9554129430169036,0.01910825886033807,0.11942661787711292,8,1,8,8,2,0.003609321310541702,174.0,0.3656999906525016,183
3399,8,1,0.9518036217063544,0.019036072434127086,0.1189754527132943,8,1,8,8,2,0.003609321310555913,174.0,0.40520000038668513,183
3400,8,1,0.9481943003958051,0.0189638860079161,0.11852428754947565,8,1,8,8,2,0.003609321310541702,174.0,0.4178999806754291,183
3401,8,1,0.9445849790852561,0.018891699581705123,0.11807312238565701,8,1,8,8,2,0.0036093213105345967,174.0,0.39900001138448715,183
3402,8,1,0.9409756577747068,0.018819513155494138,0.11762195722183835,8,1,8,8,2,0.0036093213105488076,174.0,0.39460003608837724,183
3403,8,1,0.9373663364641577,0.018747326729283153,0.11717079205801971,8,1,8,8,2,0.0036093213105488076,174.0,0.38629997288808227,183
3404,8,1,0.9337570151536083,0.018675140303072168,0.11671962689420107,8,1,8,8,2,0.0036093213105488076,174.0,0.3488999791443348,183
3405,8,1,0.9301476938430593,0.018602953876861186,0.11626846173038241,8,1,8,8,2,0.003609321310541702,174.0,0.35440002102404833,183
3406,8,1,0.92653837253251,0.0185307674506502,0.11581729656656375,8,1,8,8,2,0.0036093213105488076,174.0,0.23850001161918044,183
3407,8,1,0.922929051221961,0.01845858102443922,0.11536613140274511,8,1,8,8,2,0.0036093213105488076,174.0,0.20680000307038426,183
3408,7,1,0.9194474109104043,0.018388948218208086,0.13134963013005777,8,0,8,0,2,0.0034816403115556227,0.0,0.32920000376179814,183
3409,7,1,0.9163651874822926,0.018327303749645852,0.13090931249747037,7,1,7,7,2,0.0030822234281089322,154.0,0.39080000715330243,146
3410,7,1,0.913282964054181,0.018265659281083618,0.130468994864883,7,1,7,7,2,0.003082223428101827,154.0,0.3793999785557389,146
3411,7,1,0.9102007406260693,0.018204014812521385,0.1300286772322956,7,1,7,7,2,0.0030822234281160377,154.0,0.47369999811053276,146
3412,7,1,0.9071185171979576,0.01814237034395915,0.1295883595997082,7,1,7,7,2,0.003082223428101827,154.0,0.38320000749081373,146
3413,7,1,0.9040362937698461,0.01808072587539692,0.12914804196712085,7,1,7,7,2,0.0030822234281089322,154.0,0.31070003751665354,146
3414,7,1,0.9009540703417342,0.018019081406834683,0.12870772433453348,7,1,7,7,2,0.0030822234281089322,154.0,0.5703000351786613,146
3415,7,1,0.8978718469136227,0.017957436938272453,0.12826740670194609,7,1,7,7,2,0.0030822234281160377,154.0,0.3203999949619174,146
3416,7,1,0.8947896234855109,0.01789579246971022,0.1278270890693587,7,1,7,7,2,0.003082223428101827,154.0,0.30890002381056547,146
3417,7,1,0.8917074000573992,0.017834148001147986,0.12738677143677132,7,1,7,7,2,0.003082223428101827,154.0,0.401899975258857,146
3418,7,1,0.8886251766292876,0.017772503532585752,0.12694645380418396,7,1,7,7,2,0.0030822234281160377,154.0,0.33189996611326933,146
3419,7,1,0.885542953201176,0.01771085906402352,0.1265061361715966,7,1,7,7,2,0.0030822234281160377,154.0,0.31839997973293066,146
3420,7,1,0.8824607297730643,0.017649214595461288,0.1260658185390092,7,1,7,7,2,0.0030822234280947214,154.0,0.29180001001805067,146
3421,7,1,0.8793785063449527,0.017587570126899054,0.1256255009064218,7,1,7,7,2,0.0030822234281160377,154.0,0.3296000068075955,146
3422,7,1,0.876296282916841,0.01752592565833682,0.1251851832738344,7,1,7,7,2,0.0030822234281089322,154.0,0.38649997441098094,146
3423,7,1,0.8732140594887293,0.017464281189774587,0.12474486564124707,7,1,7,7,2,0.0030822234281089322,154.0,0.6320999818854034,146
3424,7,1,0.8701318360606176,0.017402636721212353,0.12430454800865966,7,1,7,7,2,0.003082223428101827,154.0,0.35799999022856355,146
3425,7,1,0.867049612632506,0.01734099225265012,0.12386423037607229,7,1,7,7,2,0.0030822234281089322,154.0,0.3402999718673527,146
3426,7,1,0.8639673892043943,0.017279347784087885,0.1234239127434849,7,1,7,7,2,0.0030822234281089322,154.0,0.3375000087544322,146
3427,7,1,0.8608851657762826,0.01721770331552565,0.12298359511089753,7,1,7,7,2,0.0030822234281160377,154.0,0.335100048687309,146
3428,7,1,0.857802942348171,0.01715605884696342,0.12254327747831015,7,1,7,7,2,0.003082223428101827,154.0,1.171100011561066,146
3429,7,1,0.8547207189200594,0.017094414378401188,0.12210295984572277,7,1,7,7,2,0.0030822234281089322,154.0,0.3929000231437385,146
3430,7,1,0.8516384954919478,0.017032769909838957,0.12166264221313539,7,1,7,7,2,0.0030822234281089322,154.0,0.3515999997034669,146
3431,7,1,0.8485562720638361,0.016971125441276724,0.12122232458054802,7,1,7,7,2,0.0030822234281160377,154.0,0.34249998861923814,146
3432,7,1,0.8454740486357244,0.016909480972714486,0.12078200694796062,7,1,7,7,2,0.003082223428101827,154.0,0.37570000858977437,146
3433,7,1,0.8423918252076128,0.016847836504152256,0.12034168931537326,7,1,7,7,2,0.0030822234281089322,154.0,0.3401999711059034,146
3434,7,1,0.8393096017795011,0.016786192035590022,0.11990137168278588,7,1,7,7,2,0.0030822234281089322,154.0,0.3353999927639961,146
3435,7,1,0.8362273783513894,0.01672454756702779,0.1194610540501985,7,1,7,7,2,0.0030822234281160377,154.0,0.338899961207062,146
3436,7,1,0.8331451549232778,0.016662903098465555,0.1190207364176111,7,1,7,7,2,0.0030822234280947214,154.0,0.3380999551154673,146
3437,7,1,0.8300629314951661,0.01660125862990332,0.11858041878502375,7,1,7,7,2,0.0030822234281160377,154.0,0.3320000250823796,146
3438,7,1,0.8269807080670545,0.01653961416134109,0.11814010115243635,7,1,7,7,2,0.0030822234281089322,154.0,0.334200041834265,146
3439,7,1,0.8238984846389428,0.016477969692778857,0.11769978351984897,7,1,7,7,2,0.0030822234281089322,154.0,0.36179996095597744,146
3440,7,1,0.8208162612108311,0.01641632522421662,0.11725946588726159,7,1,7,7,2,0.0030822234281089322,154.0,0.332099967636168,146
3441,7,1,0.8177340377827196,0.016354680755654393,0.11681914825467422,7,1,7,7,2,0.0030822234281089322,154.0,0.3378000110387802,146
3442,7,1,0.8146518143546079,0.016293036287092156,0.11637883062208684,7,1,7,7,2,0.003082223428101827,154.0,0.3328000311739743,146
3443,7,1,0.8115695909264962,0.016231391818529922,0.11593851298949945,7,1,7,7,2,0.0030822234281160377,154.0,0.3341999836266041,146
3444,7,1,0.8084873674983845,0.01616974734996769,0.11549819535691207,7,1,7,7,2,0.003082223428101827,154.0,0.35280000884085894,146
3445,6,1,0.8064536710752985,0.01612907342150597,0.13440894517921642,6,0,6,0,2,0.0020336964230835974,0.0,0.4138000076636672,146
3446,6,1,0.8038384298753659,0.01607676859750732,0.1339730716458943,6,1,6,6,2,0.002615241199926288,134.0,0.32890000147745013,107
3447,6,1,0.8012231886754332,0.016024463773508663,0.1335371981125722,6,1,6,6,2,0.0026152411999333935,134.0,0.24909997591748834,107
3448,6,1,0.7986079474755005,0.01597215894951001,0.13310132457925009,6,1,6,6,2,0.002615241199926288,134.0,0.1938999630510807,107
3449,6,1,0.7959927062755678,0.015919854125511355,0.13266545104592797,6,1,6,6,2,0.0026152411999333935,134.0,0.34339999547228217,107
3450,6,1,0.793377465075635,0.0158675493015127,0.13222957751260583,6,1,6,6,2,0.0026152411999191827,134.0,0.30370004242286086,107
3451,6,1,0.7907622238757024,0.01581524447751405,0.13179370397928372,6,1,6,6,2,0.002615241199926288,134.0,0.2943999716080725,107
3452,6,1,0.7881469826757698,0.015762939653515395,0.1313578304459616,6,1,6,6,2,0.002615241199926288,134.0,0.5089999758638442,107
3453,6,1,0.7855317414758369,0.015710634829516738,0.1309219569126395,6,1,6,6,2,0.0026152411999333935,134.0,0.43569999979808927,107
3454,6,1,0.7829165002759043,0.015658330005518088,0.13048608337931736,6,1,6,6,2,0.002615241199926288,134.0,0.4988000146113336,107
3455,6,1,0.7803012590759716,0.015606025181519432,0.13005020984599527,6,1,6,6,2,0.002615241199926288,134.0,0.4886999959126115,107
3456,6,1,0.7776860178760389,0.015553720357520777,0.12961433631267313,6,1,6,6,2,0.0026152411999333935,134.0,0.5919000250287354,107
3457,6,1,0.7750707766761062,0.015501415533522125,0.12917846277935105,6,1,6,6,2,0.0026152411999191827,134.0,0.3427000483497977,107
3458,6,1,0.7724555354761734,0.015449110709523468,0.1287425892460289,6,1,6,6,2,0.0026152411999333935,134.0,0.30670000705868006,107
3459,6,1,0.7698402942762408,0.015396805885524816,0.1283067157127068,6,1,6,6,2,0.002615241199926288,134.0,0.3357999958097935,107
3460,6,1,0.7672250530763082,0.015344501061526163,0.12787084217938469,6,1,6,6,2,0.002615241199926288,134.0,0.3869999782182276,107
3461,6,1,0.7646098118763753,0.015292196237527507,0.12743496864606255,6,1,6,6,2,0.002615241199926288,134.0,0.39000000106170774,107
3462,6,1,0.7619945706764428,0.015239891413528857,0.12699909511274046,6,1,6,6,2,0.002615241199926288,134.0,0.7731000077910721,107
3463,6,1,0.7593793294765101,0.015187586589530202,0.12656322157941835,6,1,6,6,2,0.002615241199926288,134.0,0.37999998312443495,107
3464,6,1,0.7567640882765774,0.015135281765531548,0.12612734804609624,6,1,6,6,2,0.0026152411999333935,134.0,0.43840002035722136,107
3465,6,1,0.7541488470766449,0.015082976941532898,0.12569147451277415,6,1,6,6,2,0.002615241199926288,134.0,0.3201999934390187,107
3466,6,1,0.751533605876712,0.015030672117534241,0.12525560097945201,6,1,6,6,2,0.002615241199926288,134.0,0.2856000210158527,107
3467,6,1,0.7489183646767794,0.014978367293535588,0.1248197274461299,6,1,6,6,2,0.002615241199926288,134.0,0.2766000106930733,107
3468,6,1,0.7463031234768469,0.014926062469536937,0.1243838539128078,6,1,6,6,2,0.002615241199926288,134.0,0.4784000338986516,107
3469,6,1,0.7436878822769141,0.014873757645538282,0.12394798037948569,6,1,6,6,2,0.0026152411999333935,134.0,0.43100002221763134,107
3470,6,1,0.7410726410769816,0.014821452821539632,0.12351210684616358,6,1,6,6,2,0.002615241199926288,134.0,0.38139999378472567,107
3471,6,1,0.7384573998770488,0.014769147997540977,0.12307623331284147,6,1,6,6,2,0.002615241199926288,134.0,0.374099996406585,107
3472,6,1,0.7358421586771161,0.014716843173542321,0.12264035977951937,6,1,6,6,2,0.002615241199926288,134.0,0.37150003481656313,107
3473,6,1,0.7332269174771836,0.014664538349543671,0.12220448624619724,6,1,6,6,2,0.002615241199926288,134.0,0.38679997669532895,107
3474,6,1,0.7306116762772508,0.014612233525545016,0.12176861271287513,6,1,6,6,2,0.0026152411999333935,134.0,0.3713999758474529,107
3475,6,1,0.7279964350773183,0.014559928701546366,0.12133273917955302,6,1,6,6,2,0.002615241199926288,134.0,0.36890001501888037,107
3476,6,1,0.7253811938773856,0.014507623877547712,0.12089686564623092,6,1,6,6,2,0.002615241199926288,134.0,0.864699948579073,107
3477,6,1,0.7227659526774528,0.014455319053549055,0.1204609921129088,6,1,6,6,2,0.002615241199926288,134.0,0.3856000257655978,107
3478,6,1,0.7201507114775203,0.014403014229550405,0.1200251185795867,6,1,6,6,2,0.002615241199926288,134.0,0.28849998489022255,107
3479,6,1,0.7175354702775876,0.014350709405551752,0.1195892450462646,6,1,6,6,2,0.0026152411999191827,134.0,0.652400020044297,107
3480,6,1,0.7149202290776548,0.014298404581553096,0.11915337151294249,6,1,6,6,2,0.002615241199940499,134.0,0.4257999826222658,107
3481,6,1,0.7123049878777223,0.014246099757554446,0.11871749797962035,6,1,6,6,2,0.002615241199926288,134.0,0.31620002118870616,107
3482,6,1,0.7096897466777895,0.01419379493355579,0.11828162444629825,6,1,6,6,2,0.002615241199926288,134.0,0.9633000008761883,107
3483,6,1,0.7070745054778569,0.014141490109557137,0.11784575091297615,6,1,6,6,2,0.002615241199926288,134.0,0.40119996992871165,107
3484,6,1,0.7044592642779243,0.014089185285558485,0.11740987737965404,6,1,6,6,2,0.002615241199926288,134.0,0.34280004911124706,107
3485,6,1,0.7018440230779915,0.01403688046155983,0.11697400384633194,6,1,6,6,2,0.0026152411999333935,134.0,0.4551000311039388,107
3486,6,1,0.699228781878059,0.01398457563756118,0.11653813031300982,6,1,6,6,2,0.0026152411999191827,134.0,1.038899994455278,107
3487,6,1,0.6966135406781262,0.013932270813562525,0.11610225677968772,6,1,6,6,2,0.0026152411999333935,134.0,0.3888000501319766,107
3488,6,1,0.6939982994781936,0.013879965989563871,0.11566638324636559,6,1,6,6,2,0.002615241199926288,134.0,0.3038999857380986,107
3489,6,1,0.6913830582782611,0.013827661165565221,0.1152305097130435,6,1,6,6,2,0.002615241199926288,134.0,0.29260001610964537,107
3490,6,1,0.6887678170783282,0.013775356341566564,0.11479463617972137,6,1,6,6,2,0.0026152411999333935,134.0,0.28440001187846065,107
3491,5,1,0.6865345581964604,0.013730691163929207,0.13730691163929204,6,1,6,5,2,0.002233258881865652,134.0,0.2587000490166247,107
3492,5,1,0.6843734016771007,0.013687468033542014,0.13687468033542013,5,1,5,5,2,0.002161156519356666,114.0,0.2305000089108944,74
3493,5,1,0.682212245157741,0.013644244903154822,0.1364424490315482,5,1,5,5,2,0.0021611565193495608,114.0,0.3381000133231282,74
3494,5,1,0.6800510886383815,0.013601021772767629,0.13601021772767627,5,1,5,5,2,0.002161156519356666,114.0,0.2856000210158527,74
3495,5,1,0.6778899321190217,0.013557798642380435,0.13557798642380434,5,1,5,5,2,0.002161156519356666,114.0,0.3209999995306134,74
3496,5,1,0.675728775599662,0.01351457551199324,0.13514575511993243,5,1,5,5,2,0.002161156519356666,114.0,0.3060000017285347,74
3497,5,1,0.6735676190803025,0.01347135238160605,0.13471352381606047,5,1,5,5,2,0.002161156519356666,114.0,0.33350003650411963,74
3498,5,1,0.6714064625609428,0.013428129251218857,0.13428129251218857,5,1,5,5,2,0.0021611565193495608,114.0,0.3597000031732023,74
3499,5,1,0.669245306041583,0.013384906120831661,0.13384906120831663,5,1,5,5,2,0.0021611565193637716,114.0,0.3834000090137124,74
3500,5,1,0.6670841495222235,0.01334168299044447,0.13341682990444473,5,1,5,5,2,0.0021611565193495608,114.0,0.36180001916363835,74
3501,5,1,0.664922993002864,0.01329845986005728,0.1329845986005728,5,1,5,5,2,0.002161156519356666,114.0,0.35369995748624206,74
3502,5,1,0.6627618364835043,0.013255236729670085,0.13255236729670086,5,1,5,5,2,0.002161156519356666,114.0,0.3785000299103558,74
3503,5,1,0.6606006799641446,0.013212013599282892,0.13212013599282893,5,1,5,5,2,0.002161156519356666,114.0,0.3459000145085156,74
3504,5,1,0.658439523444785,0.0131687904688957,0.13168790468895702,5,1,5,5,2,0.002161156519356666,114.0,0.35149999894201756,74
3505,5,1,0.6562783669254254,0.013125567338508509,0.13125567338508506,5,1,5,5,2,0.002161156519356666,114.0,0.5381000228226185,74
3506,5,1,0.6541172104060657,0.013082344208121315,0.13082344208121316,5,1,5,5,2,0.0021611565193637716,114.0,0.3690000157803297,74
3507,5,1,0.6519560538867062,0.013039121077734124,0.13039121077734123,5,1,5,5,2,0.0021611565193495608,114.0,0.31269999453797936,74
3508,5,1,0.6497948973673465,0.012995897947346931,0.1299589794734693,5,1,5,5,2,0.0021611565193637716,114.0,0.27840002439916134,74
3509,5,1,0.6476337408479869,0.012952674816959737,0.12952674816959736,5,1,5,5,2,0.0021611565193495608,114.0,0.3519000019878149,74
3510,5,1,0.6454725843286273,0.012909451686572546,0.12909451686572543,5,1,5,5,2,0.002161156519356666,114.0,0.6349000032059848,74
3511,5,1,0.6433114278092675,0.01286622855618535,0.1286622855618535,5,1,5,5,2,0.002161156519356666,114.0,0.2954999799840152,74
3512,5,1,0.6411502712899079,0.012823005425798157,0.1282300542579816,5,1,5,5,2,0.0021611565193495608,114.0,0.3525000065565109,74
3513,5,1,0.6389891147705483,0.012779782295410966,0.12779782295410963,5,1,5,5,2,0.0021611565193637716,114.0,0.3389000194147229,74
3514,5,1,0.6368279582511887,0.012736559165023774,0.12736559165023772,5,1,5,5,2,0.0021611565193495608,114.0,0.298700004350394,74
3515,5,1,0.6346668017318289,0.012693336034636578,0.1269333603463658,5,1,5,5,2,0.0021611565193637716,114.0,0.359599944204092,74
3516,5,1,0.6325056452124694,0.012650112904249389,0.1265011290424939,5,1,5,5,2,0.0021611565193495608,114.0,0.5588000058196485,74
3517,5,1,0.6303444886931098,0.012606889773862196,0.12606889773862195,5,1,5,5,2,0.0021611565193637716,114.0,0.2820999943651259,74
3518,5,1,0.6281833321737502,0.012563666643475004,0.12563666643475002,5,1,5,5,2,0.0021611565193495608,114.0,0.3176000318489969,74
3519,5,1,0.6260221756543906,0.012520443513087811,0.12520443513087812,5,1,5,5,2,0.0021611565193495608,114.0,0.3334999782964587,74
3520,5,1,0.623861019135031,0.01247722038270062,0.1247722038270062,5,1,5,5,2,0.0021611565193637716,114.0,0.29150000773370266,74
3521,5,1,0.6216998626156715,0.01243399725231343,0.12433997252313427,5,1,5,5,2,0.002161156519356666,114.0,0.2354000462219119,74
3522,5,1,0.6195387060963118,0.012390774121926235,0.12390774121926233,5,1,5,5,2,0.0021611565193637716,114.0,0.20560005214065313,74
3523,5,1,0.6173775495769522,0.012347550991539044,0.12347550991539043,5,1,5,5,2,0.0021611565193495608,114.0,0.317899975925684,74
3524,5,1,0.6152163930575926,0.012304327861151852,0.12304327861151851,5,1,5,5,2,0.0021611565193637716,114.0,0.43129996629431844,74
3525,5,1,0.6130552365382329,0.012261104730764659,0.12261104730764658,5,1,5,5,2,0.0021611565193495608,114.0,0.27469999622553587,74
3526,5,1,0.6108940800188734,0.012217881600377466,0.12217881600377464,5,1,5,5,2,0.0021611565193495608,114.0,0.422299955971539,74
3527,5,1,0.6087329234995137,0.012174658469990274,0.12174658469990274,5,1,5,5,2,0.0021611565193637716,114.0,0.38730003871023655,74
3528,5,1,0.6065717669801541,0.012131435339603083,0.12131435339603083,5,1,5,5,2,0.0021611565193495608,114.0,0.374399998690933,74
3529,5,1,0.6044106104607946,0.012088212209215892,0.1208821220921589,5,1,5,5,2,0.0021611565193637716,114.0,0.3738999948836863,74
3530,5,1,0.6022494539414349,0.012044989078828698,0.12044989078828697,5,1,5,5,2,0.0021611565193495608,114.0,0.3801999846473336,74
3531,5,1,0.6000882974220753,0.012001765948441505,0.12001765948441505,5,1,5,5,2,0.0021611565193637716,114.0,0.34909998066723347,74
3532,5,1,0.5979271409027157,0.011958542818054314,0.11958542818054314,5,1,5,5,2,0.0021611565193495608,114.0,0.34689996391534805,74
3533,5,1,0.595765984383356,0.01191531968766712,0.11915319687667121,5,1,5,5,2,0.002161156519356666,114.0,0.3504999913275242,74
3534,5,1,0.5936048278639965,0.01187209655727993,0.11872096557279928,5,1,5,5,2,0.002161156519356666,114.0,0.3920000162906945,74
3535,5,1,0.5914436713446368,0.011828873426892737,0.11828873426892736,5,1,5,5,2,0.0021611565193495608,114.0,0.3130999975837767,74
3536,5,1,0.5892825148252773,0.011785650296505546,0.11785650296505545,5,1,5,5,2,0.0021611565193637716,114.0,0.3305000136606395,74
3537,5,1,0.5871213583059177,0.011742427166118355,0.11742427166118352,5,1,5,5,2,0.002161156519356666,114.0,0.3238999634049833,74
3538,5,1,0.584960201786558,0.01169920403573116,0.11699204035731159,5,1,5,5,2,0.0021611565193637716,114.0,0.3060000017285347,74
3539,5,1,0.5827990452671984,0.011655980905343968,0.11655980905343968,5,1,5,5,2,0.0021611565193495608,114.0,0.5134999519214034,74
3540,5,1,0.5806378887478388,0.011612757774956777,0.11612757774956776,5,1,5,5,2,0.002161156519356666,114.0,0.37050002720206976,74
3541,5,1,0.5784767322284792,0.011569534644569583,0.11569534644569583,5,1,5,5,2,0.002161156519356666,114.0,0.3722999827004969,74
3542,5,1,0.5763155757091196,0.011526311514182392,0.1152631151418239,5,1,5,5,2,0.0021611565193495608,114.0,0.3692000173032284,74
3543,5,1,0.57415441918976,0.0114830883837952,0.114830883837952,5,1,5,5,2,0.0021611565193637716,114.0,0.35260000731796026,74
3544,5,1,0.5719932626704003,0.011439865253408005,0.11439865253408008,5,1,5,5,2,0.0021611565193495608,114.0,0.38490002043545246,74
3545,5,1,0.5698321061510409,0.011396642123020818,0.11396642123020814,5,1,5,5,2,0.002161156519356666,114.0,0.36339997313916683,74
3546,5,1,0.5676709496316812,0.011353418992633623,0.11353418992633621,5,1,5,5,2,0.002161156519356666,114.0,0.28360000578686595,74
3547,5,1,0.5655097931123215,0.01131019586224643,0.1131019586224643,5,1,5,5,2,0.002161156519356666,114.0,0.28279999969527125,74
3548,5,1,0.563348636592962,0.01126697273185924,0.1126697273185924,5,1,5,5,2,0.002161156519356666,114.0,0.3583999932743609,74
3549,5,1,0.5611874800736023,0.011223749601472046,0.11223749601472047,5,1,5,5,2,0.0021611565193495608,114.0,0.3633000305853784,74
3550,5,1,0.5590263235542428,0.011180526471084855,0.11180526471084855,5,1,5,5,2,0.0021611565193637716,114.0,0.3005000180564821,74
3551,5,1,0.5568651670348831,0.011137303340697662,0.11137303340697662,5,1,5,5,2,0.0021611565193495608,114.0,0.2877999795600772,74
3552,5,1,0.5547040105155234,0.011094080210310468,0.11094080210310471,5,1,5,5,2,0.0021611565193637716,114.0,0.35719998413696885,74
3553,5,1,0.552542853996164,0.01105085707992328,0.11050857079923278,5,1,5,5,2,0.002161156519356666,114.0,0.2791999722830951,74
3554,5,1,0.5503816974768043,0.011007633949536086,0.11007633949536086,5,1,5,5,2,0.002161156519356666,114.0,0.2992000081576407,74
3555,5,1,0.5482205409574448,0.010964410819148895,0.10964410819148895,5,1,5,5,2,0.002161156519356666,114.0,0.3466999623924494,74
3556,5,1,0.5460593844380852,0.010921187688761705,0.10921187688761705,5,1,5,5,2,0.002161156519356666,114.0,0.3298999508842826,74
3557,5,1,0.5438982279187257,0.010877964558374514,0.10877964558374513,5,1,5,5,2,0.002161156519356666,114.0,0.3424000460654497,74
3558,5,1,0.5417370713993661,0.010834741427987323,0.1083474142798732,5,1,5,5,2,0.0021611565193495608,114.0,0.2691000117920339,74
3559,5,1,0.5395759148800064,0.010791518297600129,0.10791518297600129,5,1,5,5,2,0.002161156519356666,114.0,0.3294000052846968,74
3560,5,1,0.5374147583606469,0.010748295167212938,0.10748295167212937,5,1,5,5,2,0.002161156519356666,114.0,0.34139998024329543,74
3561,5,1,0.5352536018412873,0.010705072036825747,0.1070507203682575,5,1,5,5,2,0.002161156519356666,114.0,0.35260000731796026,74
3562,5,1,0.5330924453219278,0.010661848906438556,0.10661848906438556,5,1,5,5,2,0.002161156519356666,114.0,0.36810000892728567,74
3563,5,1,0.5309312888025681,0.010618625776051362,0.10618625776051364,5,1,5,5,2,0.002161156519356666,114.0,0.3948000376112759,74
3564,5,1,0.5287701322832087,0.010575402645664174,0.10575402645664174,5,1,5,5,2,0.002161156519356666,114.0,0.3771000192500651,74
3565,4,1,0.5270799720267167,0.010541599440534335,0.1317699930066792,4,0,4,0,2,0.001690160256487161,0.0,0.311999989207834,74
3566,4,1,0.525424300941554,0.01050848601883108,0.1313560752353885,4,1,4,4,2,0.001655671085160293,94.0,0.27160003082826734,47
3567,4,1,0.5237686298563914,0.010475372597127828,0.13094215746409787,4,1,4,4,2,0.0016556710851673984,94.0,0.3174000303260982,47
3568,4,1,0.5221129587712288,0.010442259175424575,0.1305282396928072,4,1,4,4,2,0.0016556710851531875,94.0,0.25370001094415784,47
3569,4,1,0.5204572876860661,0.010409145753721323,0.1301143219215165,4,1,4,4,2,0.001655671085160293,94.0,0.24470000062137842,47
3570,4,1,0.5188016166009035,0.01037603233201807,0.12970040415022588,4,1,4,4,2,0.0016556710851745038,94.0,0.3341999836266041,47
3571,4,1,0.5171459455157408,0.010342918910314816,0.1292864863789352,4,1,4,4,2,0.0016556710851531875,94.0,0.33250002888962626,47
3572,4,1,0.5154902744305782,0.010309805488611563,0.12887256860764457,4,1,4,4,2,0.001655671085160293,94.0,0.38810004480183125,47
3573,4,1,0.5138346033454156,0.010276692066908313,0.12845865083635388,4,1,4,4,2,0.0016556710851673984,94.0,0.34600001526996493,47
3574,4,1,0.5121789322602529,0.010243578645205057,0.12804473306506325,4,1,4,4,2,0.001655671085160293,94.0,0.31450000824406743,47
3575,4,1,0.5105232611750903,0.010210465223501806,0.12763081529377257,4,1,4,4,2,0.001655671085160293,94.0,0.4425999941304326,47
3576,4,1,0.5088675900899277,0.010177351801798552,0.12721689752248191,4,1,4,4,2,0.0016556710851531875,94.0,0.34559995401650667,47
3577,4,1,0.507211919004765,0.0101442383800953,0.12680297975119126,4,1,4,4,2,0.0016556710851673984,94.0,0.3037999849766493,47
3578,4,1,0.5055562479196024,0.010111124958392049,0.12638906197990057,4,1,4,4,2,0.0016556710851673984,94.0,0.588800001423806,47
3579,4,1,0.5039005768344397,0.010078011536688794,0.12597514420860995,4,1,4,4,2,0.001655671085146082,94.0,0.41959999362006783,47
3580,4,1,0.502244905749277,0.01004489811498554,0.12556122643731926,4,1,4,4,2,0.001655671085160293,94.0,0.311399984639138,47
3581,4,1,0.5005892346641145,0.01001178469328229,0.12514730866602863,4,1,4,4,2,0.0016556710851673984,94.0,0.3548999666236341,47
3582,4,1,0.4989335635789518,0.009978671271579037,0.12473339089473796,4,1,4,4,2,0.001655671085160293,94.0,0.3034999826923013,47
3583,4,1,0.4972778924937892,0.009945557849875783,0.12431947312344731,4,1,4,4,2,0.001655671085160293,94.0,0.33220002660527825,47
3584,4,1,0.49562222140862655,0.009912444428172532,0.12390555535215664,4,1,4,4,2,0.001655671085160293,94.0,0.2978999982587993,47
3585,4,1,0.4939665503234639,0.009879331006469278,0.12349163758086597,4,1,4,4,2,0.001655671085160293,94.0,0.3021999727934599,47
3586,4,1,0.4923108792383013,0.009846217584766026,0.12307771980957531,4,1,4,4,2,0.0016556710851745038,94.0,0.8218999719247222,47
3587,4,1,0.49065520815313857,0.009813104163062771,0.12266380203828466,4,1,4,4,2,0.0016556710851531875,94.0,0.3369000041857362,47
3588,4,1,0.48899953706797594,0.00977999074135952,0.122249884266994,4,1,4,4,2,0.0016556710851531875,94.0,0.3102999762631953,47
3589,4,1,0.48734386598281343,0.009746877319656268,0.12183596649570334,4,1,4,4,2,0.0016556710851745038,94.0,0.42179995216429234,47
3590,4,1,0.4856881948976507,0.009713763897953014,0.12142204872441269,4,1,4,4,2,0.001655671085160293,94.0,0.33549999352544546,47
3591,4,1,0.48403252381248807,0.00968065047624976,0.12100813095312203,4,1,4,4,2,0.0016556710851531875,94.0,0.2919000107795,47
3592,4,1,0.48237685272732544,0.009647537054546509,0.12059421318183136,4,1,4,4,2,0.001655671085160293,94.0,0.3130999975837767,47
3593,4,1,0.4807211816421628,0.009614423632843256,0.12018029541054069,4,1,4,4,2,0.0016556710851673984,94.0,0.3711000317707658,47
3594,4,1,0.4790655105570002,0.009581310211140004,0.11976637763925004,4,1,4,4,2,0.001655671085160293,94.0,0.34359999699518085,47
3595,4,1,0.47740983947183746,0.009548196789436749,0.11935245986795938,4,1,4,4,2,0.0016556710851531875,94.0,0.3980000037699938,47
3596,4,1,0.47575416838667484,0.009515083367733497,0.11893854209666872,4,1,4,4,2,0.001655671085160293,94.0,0.3519000019878149,47
3597,4,1,0.4740984973015123,0.009481969946030247,0.11852462432537807,4,1,4,4,2,0.001655671085160293,94.0,0.34440000308677554,47
3598,4,1,0.4724428262163496,0.009448856524326992,0.11811070655408741,4,1,4,4,2,0.0016556710851673984,94.0,0.34769997000694275,47
3599,4,1,0.47078715513118696,0.00941574310262374,0.11769678878279675,4,1,4,4,2,0.001655671085160293,94.0,0.7276999531313777,47
3600,4,1,0.46913148404602434,0.009382629680920487,0.11728287101150608,4,1,4,4,2,0.001655671085160293,94.0,0.480000046081841,47
3601,4,1,0.4674758129608617,0.009349516259217235,0.11686895324021541,4,1,4,4,2,0.001655671085160293,94.0,0.3601000062189996,47
3602,4,1,0.4658201418756991,0.009316402837513981,0.11645503546892476,4,1,4,4,2,0.0016556710851673984,94.0,0.29090000316500664,47
3603,4,1,0.46416447079053635,0.009283289415810726,0.1160411176976341,4,1,4,4,2,0.001655671085160293,94.0,0.3182999789714813,47
3604,4,1,0.46250879970537373,0.009250175994107475,0.11562719992634345,4,1,4,4,2,0.0016556710851531875,94.0,0.29910000739619136,47
3605,4,1,0.4608531286202112,0.009217062572404225,0.11521328215505279,4,1,4,4,2,0.0016556710851673984,94.0,1.0094000026583672,47
3606,4,1,0.45919745753504854,0.009183949150700971,0.11479936438376213,4,1,4,4,2,0.0016556710851673984,94.0,0.3457000129856169,47
3607,4,1,0.4575417864498859,0.009150835728997718,0.11438544661247148,4,1,4,4,2,0.0016556710851531875,94.0,0.30120002338662744,47
3608,4,1,0.45588611536472334,0.009117722307294468,0.11397152884118082,4,1,4,4,2,0.001655671085160293,94.0,0.3714999766089022,47
3609,4,1,0.4542304442795607,0.009084608885591214,0.11355761106989017,4,1,4,4,2,0.0016556710851673984,94.0,0.5450000171549618,47
3610,4,1,0.4525747731943981,0.009051495463887962,0.11314369329859952,4,1,4,4,2,0.0016556710851531875,94.0,0.6202999502420425,47
3611,4,1,0.4509191021092354,0.009018382042184709,0.11272977552730887,4,1,4,4,2,0.0016556710851531875,94.0,0.36319997161626816,47
3612,4,1,0.44926343102407285,0.008985268620481457,0.11231585775601821,4,1,4,4,2,0.0016556710851673984,94.0,0.3040999872609973,47
3613,4,1,0.4476077599389103,0.008952155198778206,0.11190193998472757,4,1,4,4,2,0.001655671085160293,94.0,0.3429999924264848,47
3614,4,1,0.4459520888537476,0.008919041777074952,0.11148802221343691,4,1,4,4,2,0.0016556710851673984,94.0,0.4208000027574599,47
3615,4,1,0.444296417768585,0.008885928355371699,0.11107410444214626,4,1,4,4,2,0.001655671085160293,94.0,0.3373000072315335,47
3616,4,1,0.4426407466834224,0.008852814933668449,0.1106601866708556,4,1,4,4,2,0.0016556710851531875,94.0,0.2873000339604914,47
3617,4,1,0.44098507559825983,0.008819701511965197,0.11024626889956494,4,1,4,4,2,0.0016556710851673984,94.0,0.2896999940276146,47
3618,4,1,0.43932940451309715,0.008786588090261943,0.10983235112827429,4,1,4,4,2,0.0016556710851673984,94.0,0.33870001789182425,47
3619,4,1,0.4376737334279345,0.00875347466855869,0.10941843335698363,4,1,4,4,2,0.0016556710851531875,94.0,0.38029998540878296,47
3620,4,1,0.4360180623427719,0.008720361246855438,0.10900451558569298,4,1,4,4,2,0.001655671085160293,94.0,0.3344999859109521,47
3621,4,1,0.43436239125760934,0.008687247825152187,0.10859059781440232,4,1,4,4,2,0.0016556710851673984,94.0,0.3238999634049833,47
3622,4,1,0.43270672017244666,0.008654134403448933,0.10817668004311166,4,1,4,4,2,0.001655671085160293,94.0,0.6074000266380608,47
3623,4,1,0.43105104908728403,0.008621020981745681,0.10776276227182101,4,1,4,4,2,0.001655671085160293,94.0,0.3801000420935452,47
3624,4,1,0.42939537800212146,0.00858790756004243,0.10734884450053035,4,1,4,4,2,0.001655671085160293,94.0,0.29740005265921354,47
3625,4,1,0.42773970691695884,0.008554794138339176,0.1069349267292397,4,1,4,4,2,0.001655671085160293,94.0,0.29230001382529736,47
3626,4,1,0.4260840358317962,0.008521680716635924,0.10652100895794905,4,1,4,4,2,0.0016556710851673984,94.0,0.34770002821460366,47
3627,4,1,0.42442836474663354,0.008488567294932671,0.1061070911866584,4,1,4,4,2,0.001655671085146082,94.0,0.36150001687929034,47
3628,4,1,0.42277269366147097,0.00845545387322942,0.10569317341536774,4,1,4,4,2,0.0016556710851673984,94.0,0.3554000286385417,47
3629,4,1,0.4211170225763084,0.008422340451526168,0.1052792556440771,4,1,4,4,2,0.001655671085160293,94.0,0.3649999853223562,47
3630,4,1,0.4194613514911457,0.008389227029822914,0.10486533787278644,4,1,4,4,2,0.001655671085160293,94.0,0.3119000466540456,47
3631,4,1,0.4178056804059831,0.008356113608119662,0.10445142010149579,4,1,4,4,2,0.0016556710851673984,94.0,0.3141000051982701,47
3632,4,1,0.4161500093208205,0.00832300018641641,0.10403750233020513,4,1,4,4,2,0.0016556710851531875,94.0,0.8514999644830823,47
3633,4,1,0.41449433823565796,0.008289886764713159,0.10362358455891447,4,1,4,4,2,0.001655671085160293,94.0,0.665700004901737,47
3634,4,1,0.41283866715049533,0.008256773343009907,0.10320966678762383,4,1,4,4,2,0.0016556710851745038,94.0,0.41310000233352184,47
3635,4,1,0.4111829960653327,0.008223659921306654,0.10279574901633319,4,1,4,4,2,0.0016556710851531875,94.0,0.3603000077418983,47
3636,4,1,0.40952732498017014,0.008190546499603402,0.10238183124504253,4,1,4,4,2,0.0016556710851531875,94.0,0.35009998828172684,47
3637,4,1,0.40787165389500757,0.008157433077900152,0.10196791347375189,4,1,4,4,2,0.0016556710851745038,94.0,0.33279997296631336,47
3638,4,1,0.40621598280984494,0.008124319656196899,0.10155399570246125,4,1,4,4,2,0.001655671085160293,94.0,0.33489998895674944,47
3639,4,1,0.4045603117246824,0.008091206234493647,0.1011400779311706,4,1,4,4,2,0.0016556710851531875,94.0,0.33080001594498754,47
3640,4,1,0.4029046406395198,0.008058092812790397,0.10072616015987994,4,1,4,4,2,0.0016556710851673984,94.0,0.3912999527528882,47
3641,4,1,0.4012489695543572,0.008024979391087143,0.1003122423885893,4,1,4,4,2,0.001655671085160293,94.0,0.48700004117563367,47
3642,4,1,0.3995932984691946,0.007991865969383892,0.09989832461729865,4,1,4,4,2,0.001655671085160293,94.0,0.37640001391991973,47
3643,4,1,0.397937627384032,0.00795875254768064,0.099484406846008,4,1,4,4,2,0.0016556710851531875,94.0,0.44490001164376736,47
3644,4,1,0.3962819562988694,0.007925639125977388,0.09907048907471735,4,1,4,4,2,0.001655671085160293,94.0,0.33169996459037066,47
3645,4,1,0.39462628521370685,0.007892525704274136,0.0986565713034267,4,1,4,4,2,0.0016556710851673984,94.0,0.4612999618984759,47
3646,4,1,0.3929706141285442,0.007859412282570885,0.09824265353213607,4,1,4,4,2,0.001655671085160293,94.0,0.3081999602727592,47
3647,4,1,0.39131494304338166,0.007826298860867633,0.09782873576084541,4,1,4,4,2,0.001655671085160293,94.0,0.304599991068244,47
3648,4,1,0.3896592719582191,0.007793185439164382,0.09741481798955476,4,1,4,4,2,0.001655671085160293,94.0,0.2885999856516719,47
3649,4,1,0.38800360087305646,0.00776007201746113,0.09700090021826412,4,1,4,4,2,0.001655671085160293,94.0,0.3573999856598675,47
3650,4,1,0.3863479297878939,0.007726958595757878,0.09658698244697347,4,1,4,4,2,0.0016556710851673984,94.0,0.37160003557801247,47
3651,4,1,0.38469225870273127,0.007693845174054625,0.09617306467568282,4,1,4,4,2,0.001655671085160293,94.0,0.36940001882612705,47
3652,4,1,0.3830365876175687,0.007660731752351374,0.09575914690439218,4,1,4,4,2,0.0016556710851531875,94.0,0.3664999967440963,47
3653,4,1,0.38138091653240613,0.007627618330648123,0.09534522913310153,4,1,4,4,2,0.0016556710851673984,94.0,0.3530000103637576,47
3654,4,1,0.3797252454472435,0.00759450490894487,0.09493131136181088,4,1,4,4,2,0.0016556710851673984,94.0,0.36320002982392907,47
3655,4,1,0.37806957436208094,0.007561391487241619,0.09451739359052024,4,1,4,4,2,0.0016556710851531875,94.0,0.39270002162083983,47
3656,4,1,0.37641390327691837,0.0075282780655383675,0.09410347581922959,4,1,4,4,2,0.0016556710851673984,94.0,0.34849997609853745,47
3657,4,1,0.37475823219175575,0.007495164643835115,0.09368955804793894,4,1,4,4,2,0.001655671085160293,94.0,0.8190000080503523,47
3658,4,1,0.3731025611065932,0.007462051222131863,0.09327564027664828,4,1,4,4,2,0.0016556710851531875,94.0,0.3717999788932502,47
3659,4,1,0.37144689002143055,0.0074289378004286115,0.09286172250535764,4,1,4,4,2,0.001655671085160293,94.0,0.37020002491772175,47
3660,4,1,0.36979121893626793,0.007395824378725359,0.092447804734067,4,1,4,4,2,0.001655671085160293,94.0,0.3483000327832997,47
3661,4,1,0.36813554785110536,0.007362710957022107,0.09203388696277634,4,1,4,4,2,0.001655671085160293,94.0,0.361700018402189,47
3662,4,1,0.3664798767659428,0.007329597535318855,0.0916199691914857,4,1,4,4,2,0.0016556710851673984,94.0,0.3377000102773309,47
3663,4,1,0.36482420568078017,0.007296484113615604,0.09120605142019506,4,1,4,4,2,0.001655671085160293,94.0,0.45029999455437064,47
3664,4,1,0.3631685345956176,0.007263370691912352,0.0907921336489044,4,1,4,4,2,0.0016556710851531875,94.0,0.35440002102404833,47
3665,4,1,0.36151286351045503,0.0072302572702091,0.09037821587761374,4,1,4,4,2,0.0016556710851673984,94.0,0.3446000046096742,47
3666,4,1,0.3598571924252924,0.0071971438485058485,0.0899642981063231,4,1,4,4,2,0.0016556710851673984,94.0,0.3649000427685678,47
3667,4,1,0.3582015213401298,0.007164030426802596,0.08955038033503246,4,1,4,4,2,0.0016556710851531875,94.0,0.3496999852359295,47
3668,4,1,0.3565458502549672,0.007130917005099344,0.0891364625637418,4,1,4,4,2,0.001655671085160293,94.0,0.3476000274531543,47
3669,4,1,0.35489017916980464,0.0070978035833960925,0.08872254479245116,4,1,4,4,2,0.0016556710851673984,94.0,0.2998000127263367,47
3670,3,1,0.3532939373511175,0.0070658787470223505,0.11776464578370584,4,0,4,0,2,0.0015962418186887817,0.0,0.36070001078769565,47
3671,3,1,0.3520335434907452,0.007040670869814905,0.11734451449691508,3,1,3,3,2,0.0012603938603703568,74.0,0.2877999795600772,26
3672,3,1,0.35077314963037287,0.007015462992607457,0.11692438321012431,3,1,3,3,2,0.0012603938603632514,74.0,0.35500002559274435,26
3673,3,1,0.3495127557700006,0.006990255115400012,0.11650425192333354,3,1,3,3,2,0.0012603938603703568,74.0,0.38599997060373425,26
3674,3,1,0.3482523619096283,0.006965047238192567,0.11608412063654278,3,1,3,3,2,0.0012603938603774623,74.0,0.3496999852359295,26
3675,3,1,0.346991968049256,0.006939839360985121,0.11566398934975201,3,1,3,3,2,0.0012603938603703568,74.0,0.3456000122241676,26
3676,3,1,0.3457315741888838,0.006914631483777676,0.11524385806296124,3,1,3,3,2,0.0012603938603703568,74.0,0.35550002939999104,26
3677,3,1,0.34447118032851143,0.0068894236065702285,0.11482372677617048,3,1,3,3,2,0.0012603938603632514,74.0,0.37399999564513564,26
3678,3,1,0.34321078646813913,0.006864215729362783,0.11440359548937971,3,1,3,3,2,0.0012603938603703568,74.0,0.348400033544749,26
3679,3,1,0.34195039260776683,0.006839007852155337,0.11398346420258894,3,1,3,3,2,0.0012603938603774623,74.0,0.3451000084169209,26
3680,3,1,0.3406899987473945,0.0068137999749478895,0.11356333291579818,3,1,3,3,2,0.0012603938603703568,74.0,0.7266000029630959,26
3681,3,1,0.33942960488702223,0.006788592097740445,0.11314320162900741,3,1,3,3,2,0.0012603938603703568,74.0,0.30120002338662744,26
3682,3,1,0.33816921102664993,0.006763384220532999,0.11272307034221664,3,1,3,3,2,0.0012603938603703568,74.0,0.29779999749735,26
3683,3,1,0.33690881716627763,0.006738176343325552,0.11230293905542588,3,1,3,3,2,0.0012603938603632514,74.0,0.4354999982751906,26
3684,3,1,0.3356484233059054,0.006712968466118107,0.11188280776863511,3,1,3,3,2,0.0012603938603703568,74.0,0.3771000192500651,26
3685,3,1,0.33438802944553303,0.006687760588910661,0.11146267648184434,3,1,3,3,2,0.0012603938603774623,74.0,0.3386000171303749,26
3686,3,1,0.33312763558516073,0.006662552711703215,0.11104254519505358,3,1,3,3,2,0.0012603938603703568,74.0,0.2902999985963106,26
3687,3,1,0.33186724172478843,0.006637344834495768,0.11062241390826281,3,1,3,3,2,0.0012603938603703568,74.0,0.26950001483783126,26
3688,3,1,0.33060684786441613,0.006612136957288323,0.11020228262147204,3,1,3,3,2,0.0012603938603632514,74.0,0.2954999799840152,26
3689,3,1,0.32934645400404383,0.006586929080080877,0.10978215133468128,3,1,3,3,2,0.0012603938603703568,74.0,0.28799998108297586,26
3690,3,1,0.32808606014367153,0.00656172120287343,0.10936202004789052,3,1,3,3,2,0.0012603938603774623,74.0,0.2825999981723726,26
3691,3,1,0.32682566628329923,0.0065365133256659845,0.10894188876109974,3,1,3,3,2,0.0012603938603703568,74.0,0.28310000197961926,26
3692,3,1,0.32556527242292693,0.006511305448458539,0.10852175747430898,3,1,3,3,2,0.0012603938603703568,74.0,0.34359999699518085,26
3693,3,1,0.32430487856255463,0.006486097571251093,0.10810162618751822,3,1,3,3,2,0.0012603938603632514,74.0,0.3505999920889735,26
3694,3,1,0.32304448470218233,0.006460889694043646,0.10768149490072744,3,1,3,3,2,0.0012603938603703568,74.0,0.3369000041857362,26
3695,3,1,0.32178409084181003,0.006435681816836201,0.10726136361393668,3,1,3,3,2,0.0012603938603774623,74.0,0.3397000255063176,26
3696,3,1,0.32052369698143773,0.006410473939628755,0.10684123232714592,3,1,3,3,2,0.0012603938603703568,74.0,0.3758000093512237,26
3697,3,1,0.31926330312106543,0.006385266062421308,0.10642110104035514,3,1,3,3,2,0.0012603938603703568,74.0,0.3377000102773309,26
3698,3,1,0.31800290926069313,0.0063600581852138625,0.10600096975356438,3,1,3,3,2,0.0012603938603632514,74.0,0.32750004902482033,26
3699,3,1,0.31674251540032083,0.006334850308006417,0.10558083846677362,3,1,3,3,2,0.0012603938603703568,74.0,0.4192999913357198,26
3700,3,1,0.31548212153994853,0.006309642430798971,0.10516070717998284,3,1,3,3,2,0.0012603938603703568,74.0,0.458399998024106,26
3701,3,1,0.31422172767957623,0.006284434553591524,0.10474057589319208,3,1,3,3,2,0.0012603938603774623,74.0,0.29609998455271125,26
3702,3,1,0.31296133381920394,0.006259226676384079,0.10432044460640132,3,1,3,3,2,0.0012603938603703568,74.0,0.291600008495152,26
3703,3,1,0.31170093995883164,0.006234018799176633,0.10390031331961054,3,1,3,3,2,0.0012603938603703568,74.0,0.33249997068196535,26
3704,3,1,0.31044054609845934,0.006208810921969187,0.10348018203281978,3,1,3,3,2,0.0012603938603632514,74.0,0.40530000114813447,26
3705,3,1,0.30918015223808704,0.0061836030447617405,0.10306005074602902,3,1,3,3,2,0.0012603938603703568,74.0,0.32110000029206276,26
3706,3,1,0.30791975837771474,0.006158395167554295,0.10263991945923824,3,1,3,3,2,0.0012603938603774623,74.0,0.3203999949619174,26
3707,3,1,0.30665936451734244,0.006133187290346849,0.10221978817244748,3,1,3,3,2,0.0012603938603703568,74.0,0.8951000054366887,26
3708,3,1,0.30539897065697014,0.006107979413139402,0.10179965688565672,3,1,3,3,2,0.0012603938603703568,74.0,0.3383999573998153,26
3709,3,1,0.30413857679659784,0.006082771535931957,0.10137952559886594,3,1,3,3,2,0.0012603938603632514,74.0,0.3208999987691641,26
3710,3,1,0.30287818293622554,0.006057563658724511,0.10095939431207518,3,1,3,3,2,0.0012603938603703568,74.0,0.3007999621331692,26
3711,3,1,0.30161778907585324,0.006032355781517065,0.10053926302528442,3,1,3,3,2,0.0012603938603774623,74.0,0.3588999970816076,26
3712,3,1,0.30035739521548094,0.0060071479043096185,0.10011913173849364,3,1,3,3,2,0.0012603938603703568,74.0,0.35799999022856355,26
3713,3,1,0.29909700135510864,0.005981940027102173,0.09969900045170288,3,1,3,3,2,0.0012603938603703568,74.0,0.36860001273453236,26
3714,3,1,0.29783660749473634,0.005956732149894727,0.09927886916491212,3,1,3,3,2,0.0012603938603703568,74.0,0.3561999765224755,26
3715,3,1,0.29657621363436404,0.00593152427268728,0.09885873787812134,3,1,3,3,2,0.0012603938603632514,74.0,0.35339995520189404,26
3716,3,1,0.29531581977399174,0.005906316395479835,0.09843860659133058,3,1,3,3,2,0.0012603938603703568,74.0,0.4490999854169786,26
3717,3,1,0.29405542591361944,0.005881108518272389,0.09801847530453982,3,1,3,3,2,0.0012603938603774623,74.0,0.3198999911546707,26
3718,3,1,0.29279503205324714,0.005855900641064943,0.09759834401774904,3,1,3,3,2,0.0012603938603703568,74.0,0.332099967636168,26
3719,3,1,0.29153463819287484,0.0058306927638574965,0.09717821273095828,3,1,3,3,2,0.0012603938603703568,74.0,0.2874999772757292,26
3720,3,1,0.29027424433250254,0.005805484886650051,0.09675808144416752,3,1,3,3,2,0.0012603938603632514,74.0,0.2894999925047159,26
3721,3,1,0.28901385047213024,0.005780277009442605,0.09633795015737674,3,1,3,3,2,0.0012603938603703568,74.0,0.29200001154094934,26
3722,3,1,0.28775345661175794,0.005755069132235158,0.09591781887058598,3,1,3,3,2,0.0012603938603774623,74.0,0.43539999751374125,26
3723,3,1,0.28649306275138564,0.005729861255027713,0.09549768758379522,3,1,3,3,2,0.0012603938603703568,74.0,0.3616000176407397,26
3724,3,1,0.28523266889101334,0.005704653377820267,0.09507755629700444,3,1,3,3,2,0.0012603938603703568,74.0,0.29440002981573343,26
3725,3,1,0.28397227503064104,0.005679445500612821,0.09465742501021368,3,1,3,3,2,0.0012603938603632514,74.0,0.28929999098181725,26
3726,3,1,0.28271188117026874,0.0056542376234053745,0.09423729372342292,3,1,3,3,2,0.0012603938603703568,74.0,0.37350005004554987,26
3727,3,1,0.28145148730989644,0.005629029746197929,0.09381716243663214,3,1,3,3,2,0.0012603938603774623,74.0,0.30449999030679464,26
3728,3,1,0.28019109344952414,0.005603821868990483,0.09339703114984138,3,1,3,3,2,0.0012603938603703568,74.0,0.28490001568570733,26
3729,3,1,0.27893069958915184,0.005578613991783037,0.09297689986305062,3,1,3,3,2,0.0012603938603703568,74.0,0.34930004039779305,26
3730,3,1,0.27767030572877954,0.005553406114575591,0.09255676857625984,3,1,3,3,2,0.0012603938603632514,74.0,0.34680002136155963,26
3731,3,1,0.27640991186840724,0.005528198237368145,0.09213663728946908,3,1,3,3,2,0.0012603938603703568,74.0,0.3063000040128827,26
3732,3,1,0.27514951800803494,0.005502990360160699,0.09171650600267832,3,1,3,3,2,0.0012603938603703568,74.0,0.27409999165683985,26
3733,3,1,0.27388912414766264,0.0054777824829532525,0.09129637471588754,3,1,3,3,2,0.0012603938603774623,74.0,0.30720001086592674,26
3734,3,1,0.27262873028729034,0.005452574605745807,0.09087624342909678,3,1,3,3,2,0.0012603938603703568,74.0,0.3220000071451068,26
3735,3,1,0.27136833642691804,0.005427366728538361,0.09045611214230602,3,1,3,3,2,0.0012603938603703568,74.0,0.46060001477599144,26
3736,3,1,0.27010794256654574,0.005402158851330915,0.09003598085551524,3,1,3,3,2,0.0012603938603632514,74.0,0.3730999887920916,26
3737,3,1,0.26884754870617344,0.005376950974123469,0.08961584956872448,3,1,3,3,2,0.0012603938603703568,74.0,0.32809999538585544,26
3738,3,1,0.26758715484580115,0.005351743096916023,0.08919571828193372,3,1,3,3,2,0.0012603938603774623,74.0,0.22439996246248484,26
3739,3,1,0.26632676098542885,0.005326535219708577,0.08877558699514294,3,1,3,3,2,0.0012603938603703568,74.0,0.18880004063248634,26
3740,3,1,0.2650663671250566,0.005301327342501132,0.08835545570835218,3,1,3,3,2,0.0012603938603703568,74.0,0.21029997151345015,26
3741,3,1,0.2638059732646843,0.005276119465293686,0.08793532442156143,3,1,3,3,2,0.0012603938603632514,74.0,0.8249999955296516,26
3742,3,1,0.26254557940431206,0.005250911588086241,0.08751519313477069,3,1,3,3,2,0.0012603938603703568,74.0,0.32400002237409353,26
3743,3,1,0.26128518554393976,0.005225703710878795,0.08709506184797992,3,1,3,3,2,0.0012603938603774623,74.0,0.33140002051368356,26
3744,3,1,0.2600247916835675,0.00520049583367135,0.08667493056118918,3,1,3,3,2,0.0012603938603703568,74.0,0.3393999650143087,26
3745,3,1,0.25876439782319527,0.005175287956463905,0.08625479927439843,3,1,3,3,2,0.0012603938603703568,74.0,0.4083000239916146,26
3746,3,1,0.257504003962823,0.00515008007925646,0.08583466798760768,3,1,3,3,2,0.0012603938603703568,74.0,0.37750002229586244,26
3747,3,1,0.2562436101024507,0.005124872202049015,0.08541453670081693,3,1,3,3,2,0.0012603938603632514,74.0,0.3011000226251781,26
3748,3,1,0.25498321624207854,0.005099664324841571,0.08499440541402616,3,1,3,3,2,0.0012603938603703568,74.0,0.2880000392906368,26
3749,3,1,0.25372282238170624,0.005074456447634125,0.08457427412723541,3,1,3,3,2,0.0012603938603774623,74.0,0.3046999918296933,26
3750,3,1,0.252462428521334,0.00504924857042668,0.08415414284044466,3,1,3,3,2,0.0012603938603703568,74.0,0.2804999821819365,26
3751,3,1,0.2512020346609617,0.005024040693219234,0.0837340115536539,3,1,3,3,2,0.0012603938603703568,74.0,0.2809999859891832,26
3752,3,1,0.24994164080058948,0.004998832816011789,0.08331388026686315,3,1,3,3,2,0.0012603938603632514,74.0,0.3448000061325729,26
3753,3,1,0.2486812469402172,0.004973624938804344,0.0828937489800724,3,1,3,3,2,0.0012603938603703568,74.0,0.43299997923895717,26
3754,3,1,0.24742085307984496,0.0049484170615968995,0.08247361769328165,3,1,3,3,2,0.0012603938603774623,74.0,0.561299966648221,26
3755,3,1,0.24616045921947266,0.004923209184389453,0.08205348640649089,3,1,3,3,2,0.0012603938603703568,74.0,0.34770002821460366,26
3756,3,1,0.24490006535910044,0.004898001307182009,0.08163335511970014,3,1,3,3,2,0.0012603938603703568,74.0,0.624299980700016,26
3757,3,1,0.24363967149872817,0.004872793429974563,0.0812132238329094,3,1,3,3,2,0.0012603938603632514,74.0,0.3887999919243157,26
3758,3,1,0.24237927763835593,0.004847585552767118,0.08079309254611865,3,1,3,3,2,0.0012603938603703568,74.0,0.3591999993659556,26
3759,3,1,0.24111888377798363,0.0048223776755596725,0.08037296125932789,3,1,3,3,2,0.0012603938603774623,74.0,0.32240001019090414,26
3760,3,1,0.2398584899176114,0.0047971697983522285,0.07995282997253712,3,1,3,3,2,0.0012603938603703568,74.0,0.31099998159334064,26
3761,3,1,0.23859809605723914,0.004771961921144783,0.07953269868574638,3,1,3,3,2,0.0012603938603703568,74.0,0.332399969920516,26
3762,3,1,0.2373377021968669,0.004746754043937338,0.07911256739895563,3,1,3,3,2,0.0012603938603632514,74.0,0.32049999572336674,26
3763,3,1,0.2360773083364946,0.004721546166729892,0.07869243611216488,3,1,3,3,2,0.0012603938603703568,74.0,0.3217000048607588,26
3764,3,1,0.23481691447612238,0.004696338289522447,0.07827230482537412,3,1,3,3,2,0.0012603938603703568,74.0,0.3540999605320394,26
3765,3,1,0.2335565206157501,0.004671130412315002,0.07785217353858337,3,1,3,3,2,0.0012603938603774623,74.0,0.381199992261827,26
3766,3,1,0.23229612675537786,0.0046459225351075575,0.07743204225179262,3,1,3,3,2,0.0012603938603703568,74.0,0.37750002229586244,26
3767,3,1,0.23103573289500556,0.004620714657900111,0.07701191096500186,3,1,3,3,2,0.0012603938603703568,74.0,0.37210003938525915,26
3768,3,1,0.22977533903463335,0.004595506780692667,0.07659177967821111,3,1,3,3,2,0.0012603938603632514,74.0,0.7008000393398106,26
3769,3,1,0.22851494517426107,0.004570298903485221,0.07617164839142036,3,1,3,3,2,0.0012603938603774623,74.0,0.4124999977648258,26
3770,3,1,0.22725455131388883,0.004545091026277776,0.07575151710462961,3,1,3,3,2,0.0012603938603774623,74.0,0.32300001475960016,26
3771,3,1,0.22599415745351653,0.0045198831490703304,0.07533138581783885,3,1,3,3,2,0.0012603938603703568,74.0,0.3114999854005873,26
3772,3,1,0.22473376359314431,0.004494675271862886,0.07491125453104809,3,1,3,3,2,0.0012603938603703568,74.0,0.4219000111334026,26
3773,3,1,0.22347336973277201,0.004469467394655441,0.07449112324425734,3,1,3,3,2,0.0012603938603632514,74.0,0.39359997026622295,26
3774,3,1,0.22221297587239977,0.004444259517447996,0.0740709919574666,3,1,3,3,2,0.0012603938603703568,74.0,0.360800011549145,26
3775,3,1,0.2209525820120275,0.00441905164024055,0.07365086067067583,3,1,3,3,2,0.0012603938603774623,74.0,0.33219996839761734,26
3776,3,1,0.21969218815165525,0.004393843763033105,0.07323072938388508,3,1,3,3,2,0.0012603938603703568,74.0,0.34010002855211496,26
3777,3,1,0.21843179429128298,0.004368635885825659,0.07281059809709432,3,1,3,3,2,0.0012603938603703568,74.0,0.3312000189907849,26
3778,3,1,0.21717140043091074,0.0043434280086182145,0.07239046681030357,3,1,3,3,2,0.0012603938603632514,74.0,0.3233000170439482,26
3779,3,1,0.21591100657053844,0.004318220131410769,0.07197033552351283,3,1,3,3,2,0.0012603938603703568,74.0,0.3349999897181988,26
3780,3,1,0.21465061271016622,0.004293012254203325,0.07155020423672206,3,1,3,3,2,0.0012603938603774623,74.0,0.3226000117138028,26
3781,3,1,0.21339021884979392,0.004267804376995878,0.0711300729499313,3,1,3,3,2,0.0012603938603703568,74.0,0.40309998439624906,26
3782,3,1,0.2121298249894217,0.004242596499788434,0.07070994166314055,3,1,3,3,2,0.0012603938603703568,74.0,0.33740000799298286,26
3783,3,1,0.2108694311290494,0.004217388622580988,0.0702898103763498,3,1,3,3,2,0.0012603938603703568,74.0,0.29659998835995793,26
3784,3,1,0.20960903726867716,0.0041921807453735435,0.06986967908955906,3,1,3,3,2,0.0012603938603632514,74.0,0.33980002626776695,26
3785,3,1,0.2083486434083049,0.004166972868166098,0.0694495478027683,3,1,3,3,2,0.0012603938603703568,74.0,0.39110000943765044,26
3786,3,1,0.20708824954793265,0.004141764990958653,0.06902941651597755,3,1,3,3,2,0.0012603938603774623,74.0,0.3577999887056649,26
3787,3,1,0.20582785568756037,0.004116557113751207,0.06860928522918679,3,1,3,3,2,0.0012603938603703568,74.0,0.46169996494427323,26
3788,3,1,0.20456746182718813,0.004091349236543762,0.06818915394239604,3,1,3,3,2,0.0012603938603703568,74.0,0.3719000378623605,26
3789,3,1,0.20330706796681583,0.0040661413593363165,0.06776902265560529,3,1,3,3,2,0.0012603938603632514,74.0,0.31289999606087804,26
3790,2,1,0.20252299871507223,0.004050459974301444,0.10126149935753612,2,0,2,0,2,0.0007840692517433467,0.0,0.3239000216126442,26
3791,2,1,0.20170318682417543,0.004034063736483509,0.10085159341208771,2,1,2,2,2,0.000819811890892197,54.0,0.27630000840872526,11
3792,2,1,0.20088337493327862,0.004017667498665572,0.10044168746663931,2,1,2,2,2,0.0008198118909064078,54.0,0.2749999985098839,11
3793,2,1,0.20006356304238182,0.004001271260847637,0.10003178152119091,2,1,2,2,2,0.0008198118908993024,54.0,0.27540000155568123,11
3794,2,1,0.19924375115148502,0.0039848750230297,0.09962187557574251,2,1,2,2,2,0.0008198118908993024,54.0,0.33279997296631336,11
3795,2,1,0.1984239392605882,0.003968478785211765,0.0992119696302941,2,1,2,2,2,0.0008198118908993024,54.0,0.32590003684163094,11
3796,2,1,0.1976041273696914,0.003952082547393828,0.0988020636848457,2,1,2,2,2,0.000819811890892197,54.0,0.37830002838745713,11
3797,2,1,0.1967843154787946,0.003935686309575892,0.0983921577393973,2,1,2,2,2,0.0008198118909064078,54.0,0.34410000080242753,11
3798,2,1,0.1959645035878978,0.003919290071757956,0.0979822517939489,2,1,2,2,2,0.000819811890892197,54.0,0.374700000975281,11
3799,2,1,0.195144691697001,0.00390289383394002,0.0975723458485005,2,1,2,2,2,0.000819811890892197,54.0,0.34389999927952886,11
3800,2,1,0.1943248798061042,0.0038864975961220836,0.0971624399030521,2,1,2,2,2,0.0008198118909064078,54.0,0.3769000177271664,11
3801,2,1,0.19350506791520738,0.0038701013583041476,0.09675253395760369,2,1,2,2,2,0.0008198118909064078,54.0,0.33919996349141,11
3802,2,1,0.19268525602431058,0.0038537051204862115,0.09634262801215529,2,1,2,2,2,0.0008198118908993024,54.0,0.3567999810911715,11
3803,2,1,0.19186544413341378,0.0038373088826682755,0.09593272206670689,2,1,2,2,2,0.0008198118908850915,54.0,0.33920002169907093,11
3804,2,1,0.19104563224251697,0.0038209126448503395,0.09552281612125849,2,1,2,2,2,0.0008198118909064078,54.0,0.38519996451213956,11
3805,2,1,0.19022582035162017,0.0038045164070324034,0.09511291017581008,2,1,2,2,2,0.0008198118909064078,54.0,0.4783999756909907,11
3806,2,1,0.18940600846072336,0.0037881201692144674,0.09470300423036168,2,1,2,2,2,0.0008198118908850915,54.0,0.3720000386238098,11
3807,2,1,0.18858619656982656,0.0037717239313965313,0.09429309828491328,2,1,2,2,2,0.0008198118908993024,54.0,0.3141000051982701,11
3808,2,1,0.18776638467892975,0.003755327693578595,0.09388319233946488,2,1,2,2,2,0.0008198118908993024,54.0,0.3117000451311469,11
3809,2,1,0.18694657278803295,0.003738931455760659,0.09347328639401647,2,1,2,2,2,0.0008198118909064078,54.0,0.19809999503195286,11
3810,2,1,0.18612676089713615,0.003722535217942723,0.09306338044856807,2,1,2,2,2,0.0008198118908993024,54.0,0.21029997151345015,11
3811,2,1,0.18530694900623934,0.0037061389801247868,0.09265347450311967,2,1,2,2,2,0.000819811890892197,54.0,0.18559995805844665,11
3812,2,1,0.18448713711534254,0.0036897427423068507,0.09224356855767127,2,1,2,2,2,0.0008198118908993024,54.0,0.27870002668350935,11
3813,2,1,0.18366732522444573,0.0036733465044889147,0.09183366261222287,2,1,2,2,2,0.0008198118908993024,54.0,0.30559999868273735,11
3814,2,1,0.18284751333354893,0.0036569502666709787,0.09142375666677446,2,1,2,2,2,0.0008198118908993024,54.0,0.31070003751665354,11
3815,2,1,0.18202770144265212,0.0036405540288530426,0.09101385072132606,2,1,2,2,2,0.000819811890892197,54.0,0.3301000106148422,11
3816,2,1,0.18120788955175532,0.0036241577910351066,0.09060394477587766,2,1,2,2,2,0.0008198118908993024,54.0,0.25200005620718,11
3817,2,1,0.18038807766085851,0.00360776155321717,0.09019403883042926,2,1,2,2,2,0.0008198118909135133,54.0,0.22950000129640102,11
3818,2,1,0.1795682657699617,0.003591365315399234,0.08978413288498086,2,1,2,2,2,0.000819811890892197,54.0,0.25079998886212707,11
3819,2,1,0.1787484538790649,0.003574969077581298,0.08937422693953245,2,1,2,2,2,0.000819811890892197,54.0,0.2245000214315951,11
3820,2,1,0.1779286419881681,0.003558572839763362,0.08896432099408405,2,1,2,2,2,0.0008198118908993024,54.0,0.22029998945072293,11
3821,2,1,0.1771088300972713,0.003542176601945426,0.08855441504863565,2,1,2,2,2,0.0008198118909064078,54.0,0.31269999453797936,11
3822,2,1,0.1762890182063745,0.00352578036412749,0.08814450910318725,2,1,2,2,2,0.000819811890892197,54.0,0.37209998117759824,11
3823,2,1,0.1754692063154777,0.003509384126309554,0.08773460315773884,2,1,2,2,2,0.000819811890892197,54.0,0.3417999832890928,11
3824,2,1,0.17464939442458088,0.003492987888491618,0.08732469721229044,2,1,2,2,2,0.0008198118909064078,54.0,0.3291000030003488,11
3825,2,1,0.17382958253368408,0.0034765916506736814,0.08691479126684204,2,1,2,2,2,0.0008198118908993024,54.0,0.3496999852359295,11
3826,2,1,0.17300977064278728,0.0034601954128557454,0.08650488532139364,2,1,2,2,2,0.0008198118908993024,54.0,0.34229998709633946,11
3827,2,1,0.17218995875189047,0.0034437991750378093,0.08609497937594524,2,1,2,2,2,0.0008198118908993024,54.0,0.39620004827156663,11
3828,2,1,0.17137014686099367,0.0034274029372198733,0.08568507343049683,2,1,2,2,2,0.000819811890892197,54.0,0.3609000123105943,11
3829,2,1,0.17055033497009686,0.0034110066994019373,0.08527516748504843,2,1,2,2,2,0.0008198118909064078,54.0,0.3772000200115144,11
3830,2,1,0.16973052307920006,0.0033946104615840012,0.08486526153960003,2,1,2,2,2,0.000819811890892197,54.0,0.3496999852359295,11
3831,2,1,0.16891071118830325,0.003378214223766065,0.08445535559415163,2,1,2,2,2,0.000819811890892197,54.0,0.32320001628249884,11
3832,2,1,0.16809089929740645,0.003361817985948129,0.08404544964870322,2,1,2,2,2,0.0008198118909064078,54.0,0.34929998219013214,11
3833,2,1,0.16727108740650964,0.0033454217481301927,0.08363554370325482,2,1,2,2,2,0.0008198118909064078,54.0,0.3664999967440963,11
3834,2,1,0.16645127551561284,0.0033290255103122566,0.08322563775780642,2,1,2,2,2,0.000819811890892197,54.0,0.4487999831326306,11
3835,2,1,0.16563146362471604,0.0033126292724943206,0.08281573181235802,2,1,2,2,2,0.000819811890892197,54.0,0.4409999819472432,11
3836,2,1,0.16481165173381923,0.0032962330346763846,0.08240582586690962,2,1,2,2,2,0.0008198118909064078,54.0,0.2832000027410686,11
3837,2,1,0.16399183984292243,0.0032798367968584485,0.08199591992146121,2,1,2,2,2,0.0008198118909064078,54.0,0.25560002541169524,11
3838,2,1,0.16317202795202562,0.0032634405590405125,0.08158601397601281,2,1,2,2,2,0.0008198118908850915,54.0,0.29500003438442945,11
3839,2,1,0.16235221606112882,0.0032470443212225765,0.08117610803056441,2,1,2,2,2,0.0008198118908993024,54.0,0.27949997456744313,11
3840,2,1,0.161532404170232,0.0032306480834046404,0.080766202085116,2,1,2,2,2,0.0008198118908993024,54.0,0.36369997542351484,11
3841,2,1,0.1607125922793352,0.0032142518455867044,0.0803562961396676,2,1,2,2,2,0.0008198118909064078,54.0,0.36399997770786285,11
3842,2,1,0.1598927803884384,0.003197855607768768,0.0799463901942192,2,1,2,2,2,0.000819811890892197,54.0,0.3399000270292163,11
3843,2,1,0.1590729684975416,0.003181459369950832,0.0795364842487708,2,1,2,2,2,0.0008198118908993024,54.0,0.3306999569758773,11
3844,2,1,0.1582531566066448,0.003165063132132896,0.0791265783033224,2,1,2,2,2,0.0008198118908993024,54.0,0.3499000449664891,11
3845,2,1,0.157433344715748,0.00314866689431496,0.078716672357874,2,1,2,2,2,0.0008198118908993024,54.0,0.39409997407346964,11
3846,2,1,0.1566135328248512,0.0031322706564970238,0.0783067664124256,2,1,2,2,2,0.0008198118908993024,54.0,0.32839999767020345,11
3847,2,1,0.15579372093395438,0.0031158744186790877,0.07789686046697719,2,1,2,2,2,0.0008198118908850915,54.0,0.33849995816126466,11
3848,2,1,0.15497390904305758,0.0030994781808611517,0.07748695452152879,2,1,2,2,2,0.0008198118909064078,54.0,0.5606000195257366,11
3849,2,1,0.15415409715216077,0.0030830819430432157,0.07707704857608039,2,1,2,2,2,0.0008198118909135133,54.0,0.31939998734742403,11
3850,2,1,0.15333428526126397,0.003066685705225279,0.07666714263063198,2,1,2,2,2,0.0008198118908850915,54.0,0.24909997591748834,11
3851,2,1,0.15251447337036717,0.003050289467407343,0.07625723668518358,2,1,2,2,2,0.0008198118908993024,54.0,0.18659996567294002,11
3852,2,1,0.15169466147947036,0.003033893229589407,0.07584733073973518,2,1,2,2,2,0.0008198118908993024,54.0,0.2484000287950039,11
3853,2,1,0.15087484958857356,0.003017496991771471,0.07543742479428678,2,1,2,2,2,0.0008198118909064078,54.0,0.17929996829479933,11
3854,2,1,0.15005503769767675,0.003001100753953535,0.07502751884883838,2,1,2,2,2,0.000819811890892197,54.0,0.24590000975877047,11
3855,2,1,0.14923522580677995,0.002984704516135599,0.07461761290338997,2,1,2,2,2,0.000819811890892197,54.0,0.29499997617676854,11
3856,2,1,0.14841541391588314,0.002968308278317663,0.07420770695794157,2,1,2,2,2,0.0008198118909064078,54.0,0.2756000030785799,11
3857,2,1,0.14759560202498634,0.002951912040499727,0.07379780101249317,2,1,2,2,2,0.0008198118908993024,54.0,0.3649000427685678,11
3858,2,1,0.14677579013408953,0.0029355158026817905,0.07338789506704477,2,1,2,2,2,0.0008198118908993024,54.0,0.36610005190595984,11
3859,2,1,0.14595597824319273,0.0029191195648638544,0.07297798912159636,2,1,2,2,2,0.0008198118908993024,54.0,0.3352999920025468,11
3860,2,1,0.14513616635229593,0.0029027233270459184,0.07256808317614796,2,1,2,2,2,0.000819811890892197,54.0,0.3173999721184373,11
3861,2,1,0.14431635446139912,0.0028863270892279824,0.07215817723069956,2,1,2,2,2,0.0008198118909064078,54.0,0.37099997280165553,11
3862,2,1,0.14349654257050232,0.0028699308514100463,0.07174827128525116,2,1,2,2,2,0.000819811890892197,54.0,0.34359999699518085,11
3863,2,1,0.1426767306796055,0.0028535346135921103,0.07133836533980276,2,1,2,2,2,0.000819811890892197,54.0,0.4668000037781894,11
3864,2,1,0.1418569187887087,0.0028371383757741743,0.07092845939435435,2,1,2,2,2,0.0008198118909064078,54.0,0.4333000397309661,11
3865,2,1,0.1410371068978119,0.0028207421379562382,0.07051855344890595,2,1,2,2,2,0.0008198118909064078,54.0,0.37889997474849224,11
3866,2,1,0.1402172950069151,0.002804345900138302,0.07010864750345755,2,1,2,2,2,0.0008198118908993024,54.0,0.39270002162083983,11
3867,2,1,0.1393974831160183,0.0027879496623203657,0.06969874155800915,2,1,2,2,2,0.0008198118908850915,54.0,0.32920000376179814,11
3868,2,1,0.1385776712251215,0.0027715534245024297,0.06928883561256075,2,1,2,2,2,0.0008198118909064078,54.0,0.2924999571405351,11
3869,2,1,0.13775785933422469,0.0027551571866844937,0.06887892966711234,2,1,2,2,2,0.0008198118908993024,54.0,0.30339998193085194,11
3870,2,1,0.13693804744332788,0.0027387609488665576,0.06846902372166394,2,1,2,2,2,0.000819811890892197,54.0,0.3560000332072377,11
3871,2,1,0.13611823555243108,0.0027223647110486216,0.06805911777621554,2,1,2,2,2,0.0008198118908993024,54.0,0.4827000084333122,11
3872,2,1,0.13529842366153427,0.0027059684732306855,0.06764921183076714,2,1,2,2,2,0.0008198118908993024,54.0,0.3176000318489969,11
3873,2,1,0.13447861177063747,0.0026895722354127495,0.06723930588531873,2,1,2,2,2,0.0008198118909064078,54.0,0.43379998533055186,11
3874,2,1,0.13365879987974066,0.0026731759975948135,0.06682939993987033,2,1,2,2,2,0.000819811890892197,54.0,0.32649998320266604,11
3875,2,1,0.13283898798884386,0.002656779759776877,0.06641949399442193,2,1,2,2,2,0.0008198118908993024,54.0,0.341300037689507,11
3876,2,1,0.13201917609794706,0.002640383521958941,0.06600958804897353,2,1,2,2,2,0.0008198118908993024,54.0,0.39110000943765044,11
3877,2,1,0.13119936420705025,0.002623987284141005,0.06559968210352513,2,1,2,2,2,0.0008198118908993024,54.0,0.3342999843880534,11
3878,2,1,0.13037955231615345,0.002607591046323069,0.06518977615807672,2,1,2,2,2,0.0008198118908993024,54.0,0.3360999980941415,11
3879,2,1,0.12955974042525664,0.002591194808505133,0.06477987021262832,2,1,2,2,2,0.0008198118908850915,54.0,0.3304999554529786,11
3880,2,1,0.12873992853435984,0.002574798570687197,0.06436996426717992,2,1,2,2,2,0.0008198118909064078,54.0,0.36560004809871316,11
3881,2,1,0.12792011664346303,0.002558402332869261,0.06396005832173152,2,1,2,2,2,0.0008198118909135133,54.0,0.3353999927639961,11
3882,2,1,0.12710030475256623,0.0025420060950513248,0.06355015237628311,2,1,2,2,2,0.000819811890892197,54.0,0.4039999912492931,11
3883,2,1,0.12628049286166942,0.0025256098572333883,0.06314024643083471,2,1,2,2,2,0.000819811890892197,54.0,0.31240005046129227,11
3884,2,1,0.12546068097077262,0.0025092136194154522,0.06273034048538631,2,1,2,2,2,0.0008198118908993024,54.0,0.29779999749735,11
3885,2,1,0.12464086907987582,0.002492817381597516,0.06232043453993791,2,1,2,2,2,0.0008198118909064078,54.0,0.2704000216908753,11
3886,2,1,0.12382105718897901,0.00247642114377958,0.061910528594489506,2,1,2,2,2,0.000819811890892197,54.0,0.47369999811053276,11
3887,2,1,0.1230012452980822,0.002460024905961644,0.0615006226490411,2,1,2,2,2,0.000819811890892197,54.0,0.3845000173896551,11
3888,2,1,0.1221814334071854,0.002443628668143708,0.0610907167035927,2,1,2,2,2,0.0008198118909064078,54.0,0.3418999840505421,11
3889,2,1,0.12136162151628861,0.002427232430325772,0.060680810758144306,2,1,2,2,2,0.0008198118908993024,54.0,0.30239997431635857,11
3890,2,1,0.12054180962539181,0.002410836192507836,0.060270904812695904,2,1,2,2,2,0.0008198118908993024,54.0,0.2818000502884388,11
3891,2,1,0.11972199773449502,0.0023944399546899004,0.05986099886724751,2,1,2,2,2,0.000819811890892197,54.0,0.3816999960690737,11
3892,2,1,0.11890218584359821,0.0023780437168719644,0.059451092921799106,2,1,2,2,2,0.0008198118908993024,54.0,0.5194999976083636,11
3893,2,1,0.11808237395270142,0.0023616474790540284,0.05904118697635071,2,1,2,2,2,0.0008198118909064078,54.0,0.3195999888703227,11
3894,2,1,0.11726256206180462,0.0023452512412360923,0.05863128103090231,2,1,2,2,2,0.000819811890892197,54.0,0.2967999898828566,11
3895,2,1,0.11644275017090783,0.0023288550034181567,0.058221375085453914,2,1,2,2,2,0.000819811890892197,54.0,0.3163000219501555,11
3896,2,1,0.11562293828001102,0.0023124587656002202,0.05781146914000551,2,1,2,2,2,0.0008198118908993024,54.0,0.28310000197961926,11
3897,2,1,0.11480312638911423,0.0022960625277822846,0.057401563194557116,2,1,2,2,2,0.0008198118909135133,54.0,0.3496999852359295,11
3898,2,1,0.11398331449821743,0.0022796662899643486,0.056991657249108714,2,1,2,2,2,0.000819811890892197,54.0,0.34680002136155963,11
3899,2,1,0.11316350260732064,0.0022632700521464126,0.05658175130366032,2,1,2,2,2,0.000819811890892197,54.0,0.3692000173032284,11
3900,2,1,0.11234369071642383,0.0022468738143284765,0.056171845358211916,2,1,2,2,2,0.0008198118909064078,54.0,0.3467000206001103,11
3901,2,1,0.11152387882552704,0.002230477576510541,0.05576193941276352,2,1,2,2,2,0.0008198118908993024,54.0,0.35200000274926424,11
3902,2,1,0.11070406693463024,0.002214081338692605,0.05535203346731512,2,1,2,2,2,0.000819811890892197,54.0,0.4178999806754291,11
3903,2,1,0.10988425504373345,0.002197685100874669,0.054942127521866724,2,1,2,2,2,0.0008198118908993024,54.0,0.29479997465386987,11
3904,2,1,0.10906444315283664,0.002181288863056733,0.05453222157641832,2,1,2,2,2,0.0008198118908993024,54.0,0.2557000261731446,11
3905,2,1,0.10824463126193985,0.0021648926252387972,0.054122315630969926,2,1,2,2,2,0.0008198118909064078,54.0,0.29180001001805067,11
3906,2,1,0.10742481937104305,0.0021484963874208608,0.053712409685521524,2,1,2,2,2,0.000819811890892197,54.0,0.334800046402961,11
3907,2,1,0.10660500748014626,0.002132100149602925,0.05330250374007313,2,1,2,2,2,0.0008198118908993024,54.0,0.3375000087544322,11
3908,2,1,0.10578519558924945,0.002115703911784989,0.05289259779462473,2,1,2,2,2,0.0008198118908993024,54.0,0.3063000040128827,11
3909,2,1,0.10496538369835266,0.002099307673967053,0.05248269184917633,2,1,2,2,2,0.0008198118908993024,54.0,0.30640000477433205,11
3910,2,1,0.10414557180745586,0.002082911436149117,0.05207278590372793,2,1,2,2,2,0.0008198118908993024,54.0,0.3030999796465039,11
3911,2,1,0.10332575991655907,0.0020665151983311814,0.051662879958279534,2,1,2,2,2,0.0008198118908850915,54.0,0.3893000539392233,11
3912,2,1,0.10250594802566226,0.0020501189605132454,0.05125297401283113,2,1,2,2,2,0.0008198118909064078,54.0,0.4005000228062272,11
3913,2,1,0.10168613613476547,0.0020337227226953094,0.050843068067382736,2,1,2,2,2,0.0008198118909135133,54.0,0.3624999662861228,11
3914,2,1,0.10086632424386867,0.0020173264848773733,0.050433162121934334,2,1,2,2,2,0.0008198118908850915,54.0,0.2956000389531255,11
3915,2,1,0.10004651235297188,0.0020009302470594377,0.05002325617648594,2,1,2,2,2,0.0008198118908993024,54.0,0.3649999853223562,11
3916,2,1,0.09922670046207507,0.0019845340092415013,0.04961335023103754,2,1,2,2,2,0.0008198118908993024,54.0,0.2937999670393765,11
3917,2,1,0.09840688857117827,0.0019681377714235652,0.049203444285589135,2,1,2,2,2,0.0008198118909064078,54.0,0.38079998921602964,11
3918,2,1,0.09758707668028148,0.0019517415336056296,0.04879353834014074,2,1,2,2,2,0.0008198118908850915,54.0,0.3425999893806875,11
3919,2,1,0.09676726478938467,0.0019353452957876936,0.04838363239469234,2,1,2,2,2,0.0008198118908993024,54.0,0.3019000287167728,11
3920,2,1,0.09594745289848787,0.0019189490579697573,0.047973726449243935,2,1,2,2,2,0.0008198118909064078,54.0,0.28879998717457056,11
3921,2,1,0.09512764100759108,0.0019025528201518215,0.04756382050379554,2,1,2,2,2,0.0008198118908993024,54.0,0.27299998328089714,11
3922,2,1,0.09430782911669428,0.0018861565823338855,0.04715391455834714,2,1,2,2,2,0.0008198118908993024,54.0,0.31129998387768865,11
3923,2,1,0.09348801722579747,0.0018697603445159494,0.046744008612898735,2,1,2,2,2,0.000819811890892197,54.0,0.29090000316500664,11
3924,2,1,0.09266820533490068,0.0018533641066980136,0.04633410266745034,2,1,2,2,2,0.0008198118908993024,54.0,0.3804000443778932,11
3925,2,1,0.09184839344400388,0.0018369678688800776,0.04592419672200194,2,1,2,2,2,0.0008198118909064078,54.0,0.2044999855570495,11
3926,2,1,0.09102858155310709,0.0018205716310621418,0.04551429077655354,2,1,2,2,2,0.000819811890892197,54.0,0.1873000292107463,11
3927,2,1,0.09020876966221028,0.0018041753932442055,0.04510438483110514,2,1,2,2,2,0.000819811890892197,54.0,0.17640000442042947,11
3928,2,1,0.08938895777131348,0.0017877791554262695,0.04469447888565674,2,1,2,2,2,0.0008198118908993024,54.0,0.17579999985173345,11
3929,2,1,0.08856914588041667,0.0017713829176083334,0.044284572940208336,2,1,2,2,2,0.0008198118909135133,54.0,0.4175999783910811,11
3930,2,1,0.08774933398951988,0.0017549866797903976,0.04387466699475994,2,1,2,2,2,0.0008198118908993024,54.0,0.29969995375722647,11
3931,2,1,0.08692952209862308,0.0017385904419724616,0.04346476104931154,2,1,2,2,2,0.0008198118908850915,54.0,0.2251000260002911,11
3932,2,1,0.08610971020772627,0.0017221942041545256,0.043054855103863136,2,1,2,2,2,0.0008198118909064078,54.0,0.35280000884085894,11
3933,2,1,0.08528989831682947,0.0017057979663365893,0.042644949158414734,2,1,2,2,2,0.0008198118908993024,54.0,0.36509998608380556,11
3934,2,1,0.08447008642593268,0.0016894017285186535,0.04223504321296634,2,1,2,2,2,0.000819811890892197,54.0,0.2991999499499798,11
3935,2,1,0.08365027453503587,0.0016730054907007175,0.04182513726751794,2,1,2,2,2,0.0008198118908993024,54.0,0.33359997905790806,11
3936,2,1,0.08283046264413907,0.0016566092528827814,0.041415231322069535,2,1,2,2,2,0.0008198118908993024,54.0,0.3124999930150807,11
3937,2,1,0.08201065075324226,0.0016402130150648454,0.04100532537662113,2,1,2,2,2,0.0008198118909064078,54.0,0.3550999681465328,11
3938,2,1,0.08119083886234546,0.0016238167772469091,0.04059541943117273,2,1,2,2,2,0.000819811890892197,54.0,0.347500026691705,11
3939,2,1,0.08037102697144867,0.0016074205394289733,0.040185513485724335,2,1,2,2,2,0.0008198118908993024,54.0,0.3763000131584704,11
3940,1,1,0.0801069986108758,0.001602139972217516,0.0801069986108758,1,0,1,0,2,0.00026402836056860224,0.0,0.36609999369829893,11
3941,1,1,0.07978153460995686,0.0015956306921991372,0.07978153460995686,1,1,1,1,1,0.000325464000923148,34.0,0.2245999639853835,2
3942,1,1,0.07945607060903793,0.0015891214121807587,0.07945607060903793,1,1,1,1,1,0.000325464000923148,34.0,0.847299990709871,2
3943,1,1,0.079130606608119,0.0015826121321623802,0.079130606608119,1,1,1,1,1,0.00032546400091604255,34.0,0.19689998589456081,2
3944,1,1,0.07880514260720008,0.0015761028521440014,0.07880514260720008,1,1,1,1,1,0.000325464000923148,34.0,0.20329997641965747,2
3945,1,1,0.07847967860628115,0.001569593572125623,0.07847967860628115,1,1,1,1,1,0.00032546400091604255,34.0,0.21039997227489948,2
3946,1,1,0.07815421460536222,0.0015630842921072444,0.07815421460536222,1,1,1,1,1,0.000325464000923148,34.0,0.311399984639138,2
3947,1,1,0.07782875060444329,0.0015565750120888659,0.07782875060444329,1,1,1,1,1,0.00032546400091604255,34.0,0.5321999778971076,2
3948,1,1,0.07750328660352436,0.0015500657320704871,0.07750328660352436,1,1,1,1,1,0.000325464000923148,34.0,0.26890001026913524,2
3949,1,1,0.07717782260260543,0.0015435564520521086,0.07717782260260543,1,1,1,1,1,0.00032546400091604255,34.0,0.2690000110305846,2
3950,1,1,0.0768523586016865,0.00153704717203373,0.0768523586016865,1,1,1,1,1,0.000325464000923148,34.0,0.17339998157694936,2
3951,1,1,0.07652689460076757,0.0015305378920153516,0.07652689460076757,1,1,1,1,1,0.000325464000923148,34.0,0.1705000177025795,2
3952,1,1,0.07620143059984864,0.0015240286119969728,0.07620143059984864,1,1,1,1,1,0.00032546400091604255,34.0,0.1666999887675047,2
3953,1,1,0.07587596659892971,0.0015175193319785943,0.07587596659892971,1,1,1,1,1,0.000325464000923148,34.0,0.1577999792061746,2
3954,1,1,0.07555050259801079,0.0015110100519602158,0.07555050259801079,1,1,1,1,1,0.00032546400091604255,34.0,0.16330002108588815,2
3955,1,1,0.07522503859709186,0.001504500771941837,0.07522503859709186,1,1,1,1,1,0.000325464000923148,34.0,0.15879998682066798,2
3956,1,1,0.07489957459617293,0.0014979914919234585,0.07489957459617293,1,1,1,1,1,0.00032546400091604255,34.0,0.15959999291226268,2
3957,1,1,0.074574110595254,0.00149148221190508,0.074574110595254,1,1,1,1,1,0.000325464000923148,34.0,0.2484000287950039,2
3958,1,1,0.07424864659433507,0.0014849729318867015,0.07424864659433507,1,1,1,1,1,0.00032546400091604255,34.0,0.22650003666058183,2
3959,1,1,0.07392318259341614,0.0014784636518683227,0.07392318259341614,1,1,1,1,1,0.000325464000923148,34.0,0.21379999816417694,2
3960,1,1,0.07359771859249721,0.0014719543718499442,0.07359771859249721,1,1,1,1,1,0.000325464000923148,34.0,0.3032999811694026,2
3961,1,1,0.07327225459157828,0.0014654450918315657,0.07327225459157828,1,1,1,1,1,0.00032546400091604255,34.0,0.21410000044852495,2
3962,1,1,0.07294679059065935,0.001458935811813187,0.07294679059065935,1,1,1,1,1,0.000325464000923148,34.0,0.201700022444129,2
3963,1,1,0.07262132658974042,0.0014524265317948084,0.07262132658974042,1,1,1,1,1,0.00032546400091604255,34.0,0.19779999274760485,2
3964,1,1,0.0722958625888215,0.00144591725177643,0.0722958625888215,1,1,1,1,1,0.000325464000923148,34.0,0.19620003877207637,2
3965,1,1,0.07197039858790256,0.0014394079717580514,0.07197039858790256,1,1,1,1,1,0.00032546400091604255,34.0,0.202300027012825,2
3966,1,1,0.07164493458698364,0.0014328986917396726,0.07164493458698364,1,1,1,1,1,0.000325464000923148,34.0,0.19210000755265355,2
3967,1,1,0.0713194705860647,0.0014263894117212941,0.0713194705860647,1,1,1,1,1,0.000325464000923148,34.0,0.20920002134516835,2
3968,1,1,0.07099400658514578,0.0014198801317029156,0.07099400658514578,1,1,1,1,1,0.00032546400091604255,34.0,0.19500002963468432,2
3969,1,1,0.07066854258422685,0.0014133708516845369,0.07066854258422685,1,1,1,1,1,0.000325464000923148,34.0,0.19880000036209822,2
3970,1,1,0.07034307858330792,0.0014068615716661583,0.07034307858330792,1,1,1,1,1,0.00032546400091604255,34.0,0.1971000456251204,2
3971,1,1,0.07001761458238899,0.0014003522916477798,0.07001761458238899,1,1,1,1,1,0.000325464000923148,34.0,0.19719998817890882,2
3972,1,1,0.06969215058147006,0.0013938430116294013,0.06969215058147006,1,1,1,1,1,0.00032546400091604255,34.0,0.19400002202019095,2
3973,1,1,0.06936668658055113,0.0013873337316110226,0.06936668658055113,1,1,1,1,1,0.000325464000923148,34.0,0.202000024728477,2
3974,1,1,0.0690412225796322,0.001380824451592644,0.0690412225796322,1,1,1,1,1,0.000325464000923148,34.0,0.2012000186368823,2
3975,1,1,0.06871575857871327,0.0013743151715742655,0.06871575857871327,1,1,1,1,1,0.00032546400091604255,34.0,0.18800003454089165,2
3976,1,1,0.06839029457779434,0.001367805891555887,0.06839029457779434,1,1,1,1,1,0.000325464000923148,34.0,0.19340001745149493,2
3977,1,1,0.06806483057687542,0.0013612966115375083,0.06806483057687542,1,1,1,1,1,0.00032546400091604255,34.0,0.20380003843456507,2
3978,1,1,0.06773936657595649,0.0013547873315191297,0.06773936657595649,1,1,1,1,1,0.000325464000923148,34.0,0.2744999947026372,2
3979,1,1,0.06741390257503756,0.0013482780515007512,0.06741390257503756,1,1,1,1,1,0.00032546400091604255,34.0,0.20479998784139752,2
3980,1,1,0.06708843857411863,0.0013417687714823725,0.06708843857411863,1,1,1,1,1,0.000325464000923148,34.0,0.1640000264160335,2
3981,1,1,0.0667629745731997,0.001335259491463994,0.0667629745731997,1,1,1,1,1,0.00032546400091604255,34.0,0.11580000864341855,2
3982,1,1,0.06643751057228077,0.0013287502114456154,0.06643751057228077,1,1,1,1,1,0.000325464000923148,34.0,0.10349997319281101,2
3983,1,1,0.06611204657136184,0.001322240931427237,0.06611204657136184,1,1,1,1,1,0.000325464000923148,34.0,0.10090001160278916,2
3984,1,1,0.06578658257044291,0.0013157316514088582,0.06578658257044291,1,1,1,1,1,0.00032546400091604255,34.0,0.09950000094249845,2
3985,1,1,0.06546111856952398,0.0013092223713904796,0.06546111856952398,1,1,1,1,1,0.000325464000923148,34.0,0.10010000551119447,2
3986,1,1,0.06513565456860505,0.0013027130913721011,0.06513565456860505,1,1,1,1,1,0.00032546400091604255,34.0,0.14720001490786672,2
3987,1,1,0.06481019056768612,0.0012962038113537224,0.06481019056768612,1,1,1,1,1,0.000325464000923148,34.0,0.21520000882446766,2
3988,1,1,0.0644847265667672,0.0012896945313353439,0.0644847265667672,1,1,1,1,1,0.00032546400091604255,34.0,0.6910000229254365,2
3989,1,1,0.06415926256584827,0.0012831852513169653,0.06415926256584827,1,1,1,1,1,0.000325464000923148,34.0,0.18099998123943806,2
3990,1,1,0.06383379856492934,0.0012766759712985868,0.06383379856492934,1,1,1,1,1,0.00032546400091604255,34.0,0.1753999968059361,2
3991,1,1,0.06350833456401041,0.001270166691280208,0.06350833456401041,1,1,1,1,1,0.000325464000923148,34.0,0.16709999181330204,2
3992,1,1,0.06318287056309148,0.0012636574112618296,0.06318287056309148,1,1,1,1,1,0.000325464000923148,34.0,0.20330003462731838,2
3993,1,1,0.06285740656217255,0.001257148131243451,0.06285740656217255,1,1,1,1,1,0.00032546400091604255,34.0,0.19599997904151678,2
3994,1,1,0.06253194256125362,0.0012506388512250723,0.06253194256125362,1,1,1,1,1,0.000325464000923148,34.0,0.1993000041693449,2
3995,1,1,0.0622064785603347,0.001244129571206694,0.0622064785603347,1,1,1,1,1,0.00032546400091604255,34.0,0.19620003877207637,2
3996,1,1,0.06188101455941577,0.0012376202911883155,0.06188101455941577,1,1,1,1,1,0.000325464000923148,34.0,0.19340001745149493,2
3997,1,1,0.06155555055849684,0.0012311110111699367,0.06155555055849684,1,1,1,1,1,0.00032546400091604255,34.0,0.20999996922910213,2
3998,1,1,0.06123008655757791,0.0012246017311515582,0.06123008655757791,1,1,1,1,1,0.000325464000923148,34.0,0.19759999122470617,2
3999,1,1,0.06090462255665898,0.0012180924511331797,0.06090462255665898,1,1,1,1,1,0.000325464000923148,34.0,0.4898000042885542,2
4000,1,1,0.06057915855574005,0.001211583171114801,0.06057915855574005,1,1,1,1,1,0.00032546400091604255,34.0,0.2148000057786703,2
4001,1,1,0.06025369455482112,0.0012050738910964224,0.06025369455482112,1,1,1,1,1,0.000325464000923148,34.0,0.18289999570697546,2
4002,1,1,0.059928230553902194,0.001198564611078044,0.059928230553902194,1,1,1,1,1,0.00032546400091604255,34.0,0.18239999189972878,2
4003,1,1,0.059602766552983265,0.0011920553310596654,0.059602766552983265,1,1,1,1,1,0.000325464000923148,34.0,0.16719999257475138,2
4004,1,1,0.059277302552064336,0.0011855460510412866,0.059277302552064336,1,1,1,1,1,0.00032546400091604255,34.0,0.1735000405460596,2
4005,1,1,0.05895183855114541,0.0011790367710229081,0.05895183855114541,1,1,1,1,1,0.000325464000923148,34.0,0.17980003030970693,2
4006,1,1,0.05862637455022648,0.0011725274910045296,0.05862637455022648,1,1,1,1,1,0.000325464000923148,34.0,0.19779999274760485,2
4007,1,1,0.05830091054930755,0.0011660182109861509,0.05830091054930755,1,1,1,1,1,0.00032546400091604255,34.0,0.23020000662654638,2
4008,1,1,0.05797544654838862,0.0011595089309677723,0.05797544654838862,1,1,1,1,1,0.000325464000923148,34.0,0.2750999992713332,2
4009,1,1,0.05764998254746969,0.0011529996509493938,0.05764998254746969,1,1,1,1,1,0.00032546400091604255,34.0,0.17129996558651328,2
4010,1,1,0.05732451854655076,0.0011464903709310153,0.05732451854655076,1,1,1,1,1,0.000325464000923148,34.0,0.1846000086516142,2
4011,1,1,0.05699905454563183,0.0011399810909126366,0.05699905454563183,1,1,1,1,1,0.00032546400091604255,34.0,0.1784000196494162,2
4012,1,1,0.0566735905447129,0.001133471810894258,0.0566735905447129,1,1,1,1,1,0.000325464000923148,34.0,0.1691999495960772,2
4013,1,1,0.056348126543793974,0.0011269625308758795,0.056348126543793974,1,1,1,1,1,0.00032546400091604255,34.0,0.24279998615384102,2
4014,1,1,0.056022662542875044,0.001120453250857501,0.056022662542875044,1,1,1,1,1,0.000325464000923148,34.0,0.2389000146649778,2
4015,1,1,0.055697198541956115,0.0011139439708391223,0.055697198541956115,1,1,1,1,1,0.000325464000923148,34.0,0.2098999684676528,2
4016,1,1,0.055371734541037186,0.0011074346908207437,0.055371734541037186,1,1,1,1,1,0.00032546400091604255,34.0,0.21600001491606236,2
4017,1,1,0.05504627054011826,0.0011009254108023652,0.05504627054011826,1,1,1,1,1,0.000325464000923148,34.0,0.2069000038318336,2
4018,1,1,0.05472080653919933,0.0010944161307839865,0.05472080653919933,1,1,1,1,1,0.00032546400091604255,34.0,0.20240002777427435,2
4019,1,1,0.0543953425382804,0.001087906850765608,0.0543953425382804,1,1,1,1,1,0.000325464000923148,34.0,0.2072000061161816,2
4020,1,1,0.05406987853736147,0.0010813975707472294,0.05406987853736147,1,1,1,1,1,0.00032546400091604255,34.0,0.20589999621734023,2
4021,1,1,0.05374441453644254,0.001074888290728851,0.05374441453644254,1,1,1,1,1,0.000325464000923148,34.0,0.2057999954558909,2
4022,1,1,0.05341895053552361,0.0010683790107104722,0.05341895053552361,1,1,1,1,1,0.00032546400091604255,34.0,0.20160002168267965,2
4023,1,1,0.05309348653460468,0.0010618697306920936,0.05309348653460468,1,1,1,1,1,0.000325464000923148,34.0,0.20300003234297037,2
4024,1,1,0.05276802253368575,0.0010553604506737151,0.05276802253368575,1,1,1,1,1,0.000325464000923148,34.0,0.20460004452615976,2
4025,1,1,0.052442558532766824,0.0010488511706553364,0.052442558532766824,1,1,1,1,1,0.00032546400091604255,34.0,0.22739998530596495,2
4026,1,1,0.052117094531847895,0.0010423418906369579,0.052117094531847895,1,1,1,1,1,0.000325464000923148,34.0,0.21540001034736633,2
4027,1,1,0.051791630530928966,0.0010358326106185793,0.051791630530928966,1,1,1,1,1,0.00032546400091604255,34.0,0.2125999890267849,2
4028,1,1,0.05146616653001004,0.0010293233306002008,0.05146616653001004,1,1,1,1,1,0.000325464000923148,34.0,0.21250004647299647,2
4029,1,1,0.05114070252909111,0.001022814050581822,0.05114070252909111,1,1,1,1,1,0.00032546400091604255,34.0,0.19749999046325684,2
4030,1,1,0.05081523852817218,0.0010163047705634436,0.05081523852817218,1,1,1,1,1,0.000325464000923148,34.0,0.19500002963468432,2
4031,1,1,0.05048977452725325,0.001009795490545065,0.05048977452725325,1,1,1,1,1,0.000325464000923148,34.0,0.2452000044286251,2
4032,1,1,0.05016431052633432,0.0010032862105266863,0.05016431052633432,1,1,1,1,1,0.00032546400091604255,34.0,0.22659997921437025,2
4033,1,1,0.04983884652541539,0.0009967769305083078,0.04983884652541539,1,1,1,1,1,0.000325464000923148,34.0,0.20340003538876772,2
4034,1,1,0.04951338252449646,0.0009902676504899293,0.04951338252449646,1,1,1,1,1,0.00032546400091604255,34.0,0.20870001753792167,2
4035,1,1,0.04918791852357753,0.0009837583704715507,0.04918791852357753,1,1,1,1,1,0.000325464000923148,34.0,0.1996000064536929,2
4036,1,1,0.048862454522658604,0.000977249090453172,0.048862454522658604,1,1,1,1,1,0.00032546400091604255,34.0,0.19839999731630087,2
4037,1,1,0.048536990521739674,0.0009707398104347935,0.048536990521739674,1,1,1,1,1,0.000325464000923148,34.0,0.2079999540001154,2
4038,1,1,0.048211526520820745,0.000964230530416415,0.048211526520820745,1,1,1,1,1,0.000325464000923148,34.0,0.33599999733269215,2
4039,1,1,0.047886062519901816,0.0009577212503980363,0.047886062519901816,1,1,1,1,1,0.00032546400091604255,34.0,0.30449999030679464,2
4040,1,1,0.04756059851898289,0.0009512119703796577,0.04756059851898289,1,1,1,1,1,0.000325464000923148,34.0,0.1965999836102128,2
4041,1,1,0.04723513451806396,0.0009447026903612792,0.04723513451806396,1,1,1,1,1,0.00032546400091604255,34.0,0.18470000941306353,2
4042,1,1,0.04690967051714503,0.0009381934103429005,0.04690967051714503,1,1,1,1,1,0.000325464000923148,34.0,0.17849996220320463,2
4043,1,1,0.0465842065162261,0.000931684130324522,0.0465842065162261,1,1,1,1,1,0.00032546400091604255,34.0,0.19719998817890882,2
4044,1,1,0.04625874251530717,0.0009251748503061434,0.04625874251530717,1,1,1,1,1,0.000325464000923148,34.0,0.17229997320100665,2
4045,1,1,0.04593327851438824,0.0009186655702877649,0.04593327851438824,1,1,1,1,1,0.00032546400091604255,34.0,0.1724000321701169,2
4046,1,1,0.04560781451346931,0.0009121562902693862,0.04560781451346931,1,1,1,1,1,0.000325464000923148,34.0,0.20929996389895678,2
4047,1,1,0.04528235051255038,0.0009056470102510077,0.04528235051255038,1,1,1,1,1,0.000325464000923148,34.0,0.23609999334439635,2
4048,1,1,0.044956886511631454,0.0008991377302326291,0.044956886511631454,1,1,1,1,1,0.00032546400091604255,34.0,0.21049997303634882,2
4049,1,1,0.044631422510712525,0.0008926284502142504,0.044631422510712525,1,1,1,1,1,0.000325464000923148,34.0,0.20539999241009355,2
4050,1,1,0.044305958509793596,0.0008861191701958719,0.044305958509793596,1,1,1,1,1,0.00032546400091604255,34.0,0.22770004579797387,2
4051,1,1,0.04398049450887467,0.0008796098901774933,0.04398049450887467,1,1,1,1,1,0.000325464000923148,34.0,0.20059995586052537,2
4052,1,1,0.04365503050795574,0.0008731006101591148,0.04365503050795574,1,1,1,1,1,0.00032546400091604255,34.0,0.20220002625137568,2
4053,1,1,0.04332956650703681,0.0008665913301407361,0.04332956650703681,1,1,1,1,1,0.000325464000923148,34.0,0.3168000257574022,2
4054,1,1,0.04300410250611788,0.0008600820501223576,0.04300410250611788,1,1,1,1,1,0.00032546400091604255,34.0,0.20589999621734023,2
4055,1,1,0.04267863850519895,0.000853572770103979,0.04267863850519895,1,1,1,1,1,0.000325464000923148,34.0,0.20319997565820813,2
4056,1,1,0.04235317450428002,0.0008470634900856005,0.04235317450428002,1,1,1,1,1,0.000325464000923148,34.0,0.6148999673314393,2
4057,1,1,0.04202771050336109,0.0008405542100672218,0.04202771050336109,1,1,1,1,1,0.00032546400091604255,34.0,0.21119997836649418,2
4058,1,1,0.04170224650244216,0.0008340449300488432,0.04170224650244216,1,1,1,1,1,0.000325464000923148,34.0,0.1601999974809587,2
4059,1,1,0.041376782501523234,0.0008275356500304647,0.041376782501523234,1,1,1,1,1,0.00032546400091604255,34.0,0.21700002253055573,2
4060,1,1,0.041051318500604304,0.0008210263700120861,0.041051318500604304,1,1,1,1,1,0.000325464000923148,34.0,0.1637000241316855,2
4061,1,1,0.040725854499685375,0.0008145170899937075,0.040725854499685375,1,1,1,1,1,0.00032546400091604255,34.0,0.1640000264160335,2
4062,1,1,0.040400390498766446,0.0008080078099753289,0.040400390498766446,1,1,1,1,1,0.000325464000923148,34.0,0.19749999046325684,2
4063,1,1,0.04007492649784752,0.0008014985299569504,0.04007492649784752,1,1,1,1,1,0.000325464000923148,34.0,0.19890000112354755,2
4064,1,1,0.03974946249692859,0.0007949892499385718,0.03974946249692859,1,1,1,1,1,0.00032546400091604255,34.0,0.19230000907555223,2
4065,1,1,0.03942399849600966,0.0007884799699201931,0.03942399849600966,1,1,1,1,1,0.000325464000923148,34.0,0.19109999993816018,2
4066,1,1,0.03909853449509073,0.0007819706899018146,0.03909853449509073,1,1,1,1,1,0.00032546400091604255,34.0,0.19639998208731413,2
4067,1,1,0.0387730704941718,0.000775461409883436,0.0387730704941718,1,1,1,1,1,0.000325464000923148,34.0,0.19670004257932305,2
4068,1,1,0.03844760649325287,0.0007689521298650574,0.03844760649325287,1,1,1,1,1,0.00032546400091604255,34.0,0.19230000907555223,2
4069,1,1,0.03812214249233394,0.0007624428498466788,0.03812214249233394,1,1,1,1,1,0.000325464000923148,34.0,0.19920000340789557,2
4070,1,1,0.03779667849141501,0.0007559335698283003,0.03779667849141501,1,1,1,1,1,0.000325464000923148,34.0,0.19150000298395753,2
4071,1,1,0.037471214490496084,0.0007494242898099217,0.037471214490496084,1,1,1,1,1,0.00032546400091604255,34.0,0.21680002100765705,2
4072,1,1,0.037145750489577155,0.0007429150097915431,0.037145750489577155,1,1,1,1,1,0.000325464000923148,34.0,0.19639998208731413,2
4073,1,1,0.036820286488658226,0.0007364057297731645,0.036820286488658226,1,1,1,1,1,0.00032546400091604255,34.0,0.1990000018849969,2
4074,1,1,0.0364948224877393,0.0007298964497547859,0.0364948224877393,1,1,1,1,1,0.000325464000923148,34.0,0.22270000772550702,2
4075,1,1,0.03616935848682037,0.0007233871697364074,0.03616935848682037,1,1,1,1,1,0.00032546400091604255,34.0,0.19349996000528336,2
4076,1,1,0.03584389448590144,0.0007168778897180287,0.03584389448590144,1,1,1,1,1,0.000325464000923148,34.0,0.19539997447282076,2
4077,1,1,0.03551843048498251,0.0007103686096996502,0.03551843048498251,1,1,1,1,1,0.00032546400091604255,34.0,0.768599973525852,2
4078,1,1,0.03519296648406358,0.0007038593296812716,0.03519296648406358,1,1,1,1,1,0.000325464000923148,34.0,0.20050001330673695,2
4079,1,1,0.03486750248314465,0.0006973500496628931,0.03486750248314465,1,1,1,1,1,0.000325464000923148,34.0,0.18470000941306353,2
4080,1,1,0.03454203848222572,0.0006908407696445144,0.03454203848222572,1,1,1,1,1,0.00032546400091604255,34.0,0.965600018389523,2
4081,1,1,0.03421657448130679,0.0006843314896261359,0.03421657448130679,1,1,1,1,1,0.000325464000923148,34.0,0.20890001906082034,2
4082,1,1,0.033891110480387864,0.0006778222096077573,0.033891110480387864,1,1,1,1,1,0.00032546400091604255,34.0,0.28119998751208186,2
4083,1,1,0.033565646479468934,0.0006713129295893786,0.033565646479468934,1,1,1,1,1,0.000325464000923148,34.0,0.1618000096641481,2
4084,1,1,0.033240182478550005,0.0006648036495710001,0.033240182478550005,1,1,1,1,1,0.00032546400091604255,34.0,0.16240001423284411,2
4085,1,1,0.032914718477631076,0.0006582943695526215,0.032914718477631076,1,1,1,1,1,0.000325464000923148,34.0,0.19069999689236283,2
4086,1,1,0.03258925447671215,0.000651785089534243,0.03258925447671215,1,1,1,1,1,0.00032546400091604255,34.0,0.18129998352378607,2
4087,1,1,0.03226379047579322,0.0006452758095158643,0.03226379047579322,1,1,1,1,1,0.000325464000923148,34.0,0.19099999917671084,2
4088,1,1,0.03193832647487429,0.0006387665294974858,0.03193832647487429,1,1,1,1,1,0.000325464000923148,34.0,0.17439998919144273,2
4089,1,1,0.03161286247395536,0.0006322572494791072,0.03161286247395536,1,1,1,1,1,0.00032546400091604255,34.0,0.20060001406818628,2
4090,1,1,0.03128739847303643,0.0006257479694607286,0.03128739847303643,1,1,1,1,1,0.000325464000923148,34.0,0.19310001516714692,2
4091,1,1,0.0309619344721175,0.00061923868944235,0.0309619344721175,1,1,1,1,1,0.00032546400091604255,34.0,0.17360004130750895,2
4092,1,1,0.030636470471198576,0.0006127294094239715,0.030636470471198576,1,1,1,1,1,0.000325464000923148,34.0,0.2577000414021313,2
4093,1,1,0.03031100647027965,0.000606220129405593,0.03031100647027965,1,1,1,1,1,0.00032546400091604255,34.0,0.25800004368647933,2
4094,1,1,0.029985542469360724,0.0005997108493872145,0.029985542469360724,1,1,1,1,1,0.000325464000923148,34.0,0.1753999968059361,2
4095,1,1,0.0296600784684418,0.000593201569368836,0.0296600784684418,1,1,1,1,1,0.000325464000923148,34.0,0.1699999556876719,2
4096,1,1,0.029334614467522873,0.0005866922893504574,0.029334614467522873,1,1,1,1,1,0.00032546400091604255,34.0,0.2297000028192997,2
4097,1,1,0.029009150466603947,0.0005801830093320789,0.029009150466603947,1,1,1,1,1,0.000325464000923148,34.0,0.2068999456241727,2
4098,1,1,0.02868368646568502,0.0005736737293137004,0.02868368646568502,1,1,1,1,1,0.00032546400091604255,34.0,0.21300005028024316,2
4099,1,1,0.028358222464766096,0.000567164449295322,0.028358222464766096,1,1,1,1,1,0.000325464000923148,34.0,0.23330003023147583,2
4100,1,1,0.02803275846384717,0.0005606551692769434,0.02803275846384717,1,1,1,1,1,0.00032546400091604255,34.0,0.1984999980777502,2
4101,1,1,0.027707294462928245,0.0005541458892585649,0.027707294462928245,1,1,1,1,1,0.000325464000923148,34.0,0.19650004105642438,2
4102,1,1,0.02738183046200932,0.0005476366092401864,0.02738183046200932,1,1,1,1,1,0.000325464000923148,34.0,0.221800000872463,2
4103,1,1,0.027056366461090393,0.0005411273292218079,0.027056366461090393,1,1,1,1,1,0.00032546400091604255,34.0,0.20539999241009355,2
4104,1,1,0.026730902460171468,0.0005346180492034294,0.026730902460171468,1,1,1,1,1,0.000325464000923148,34.0,0.20870001753792167,2
4105,1,1,0.026405438459252542,0.0005281087691850508,0.026405438459252542,1,1,1,1,1,0.00032546400091604255,34.0,0.22760004503652453,2
4106,1,1,0.026079974458333616,0.0005215994891666723,0.026079974458333616,1,1,1,1,1,0.000325464000923148,34.0,0.20629999926313758,2
4107,1,1,0.02575451045741469,0.0005150902091482938,0.02575451045741469,1,1,1,1,1,0.00032546400091604255,34.0,0.20139996195212007,2
4108,1,1,0.025429046456495765,0.0005085809291299153,0.025429046456495765,1,1,1,1,1,0.000325464000923148,34.0,0.28959999326616526,2
4109,1,1,0.02510358245557684,0.0005020716491115367,0.02510358245557684,1,1,1,1,1,0.00032546400091604255,34.0,0.21470000501722097,2
4110,1,1,0.024778118454657914,0.0004955623690931582,0.024778118454657914,1,1,1,1,1,0.000325464000923148,34.0,0.19809999503195286,2
4111,1,1,0.024452654453738988,0.0004890530890747798,0.024452654453738988,1,1,1,1,1,0.000325464000923148,34.0,0.20190002396702766,2
4112,1,1,0.024127190452820062,0.00048254380905640124,0.024127190452820062,1,1,1,1,1,0.00032546400091604255,34.0,0.18500001169741154,2
4113,1,1,0.023801726451901137,0.0004760345290380227,0.023801726451901137,1,1,1,1,1,0.000325464000923148,34.0,0.18149998504668474,2
4114,1,1,0.02347626245098221,0.00046952524901964425,0.02347626245098221,1,1,1,1,1,0.00032546400091604255,34.0,0.18010003259405494,2
4115,1,1,0.023150798450063285,0.0004630159690012657,0.023150798450063285,1,1,1,1,1,0.000325464000923148,34.0,0.1773000112734735,2
4116,1,1,0.02282533444914436,0.0004565066889828872,0.02282533444914436,1,1,1,1,1,0.00032546400091604255,34.0,0.23440003860741854,2
4117,1,1,0.022499870448225434,0.0004499974089645087,0.022499870448225434,1,1,1,1,1,0.000325464000923148,34.0,0.27140002930536866,2
4118,1,1,0.02217440644730651,0.00044348812894613016,0.02217440644730651,1,1,1,1,1,0.00032546400091604255,34.0,0.2950999769382179,2
4119,1,1,0.021848942446387583,0.00043697884892775164,0.021848942446387583,1,1,1,1,1,0.000325464000923148,34.0,0.17889996524900198,2
4120,1,1,0.021523478445468657,0.0004304695689093731,0.021523478445468657,1,1,1,1,1,0.000325464000923148,34.0,0.17640000442042947,2
4121,1,1,0.02119801444454973,0.00042396028889099465,0.02119801444454973,1,1,1,1,1,0.00032546400091604255,34.0,0.16769999638199806,2
4122,1,1,0.020872550443630806,0.00041745100887261613,0.020872550443630806,1,1,1,1,1,0.000325464000923148,34.0,0.2313000150024891,2
4123,1,1,0.02054708644271188,0.0004109417288542376,0.02054708644271188,1,1,1,1,1,0.00032546400091604255,34.0,0.21729996660724282,2
4124,1,1,0.020221622441792955,0.0004044324488358591,0.020221622441792955,1,1,1,1,1,0.000325464000923148,34.0,0.23579999106004834,2
4125,1,1,0.01989615844087403,0.00039792316881748056,0.01989615844087403,1,1,1,1,1,0.00032546400091604255,34.0,0.21270004799589515,2
4126,1,1,0.019570694439955103,0.00039141388879910204,0.019570694439955103,1,1,1,1,1,0.000325464000923148,34.0,0.20780001068487763,2
4127,1,1,0.019245230439036178,0.00038490460878072357,0.019245230439036178,1,1,1,1,1,0.000325464000923148,34.0,0.21010002819821239,2
4128,1,1,0.018919766438117252,0.00037839532876234505,0.018919766438117252,1,1,1,1,1,0.00032546400091604255,34.0,0.188700039871037,2
4129,1,1,0.018594302437198326,0.00037188604874396653,0.018594302437198326,1,1,1,1,1,0.000325464000923148,34.0,0.1721000298857689,2
4130,1,1,0.0182688384362794,0.000365376768725588,0.0182688384362794,1,1,1,1,1,0.00032546400091604255,34.0,0.20050001330673695,2
4131,1,1,0.017943374435360475,0.0003588674887072095,0.017943374435360475,1,1,1,1,1,0.000325464000923148,34.0,0.18390000332146883,2
4132,1,1,0.01761791043444155,0.00035235820868883096,0.01761791043444155,1,1,1,1,1,0.00032546400091604255,34.0,0.1970999874174595,2
4133,1,1,0.017292446433522624,0.0003458489286704525,0.017292446433522624,1,1,1,1,1,0.000325464000923148,34.0,0.284800014924258,2
4134,1,1,0.016966982432603698,0.000339339648652074,0.016966982432603698,1,1,1,1,1,0.000325464000923148,34.0,0.17959997057914734,2
4135,1,1,0.016641518431684772,0.00033283036863369545,0.016641518431684772,1,1,1,1,1,0.00032546400091604255,34.0,0.18610002007335424,2
4136,1,1,0.016316054430765847,0.00032632108861531693,0.016316054430765847,1,1,1,1,1,0.000325464000923148,34.0,0.242499983869493,2
4137,1,1,0.01599059042984692,0.0003198118085969384,0.01599059042984692,1,1,1,1,1,0.00032546400091604255,34.0,0.2164000179618597,2
4138,1,1,0.015665126428927995,0.0003133025285785599,0.015665126428927995,1,1,1,1,1,0.000325464000923148,34.0,0.21119997836649418,2
4139,1,1,0.01533966242800907,0.0003067932485601814,0.01533966242800907,1,1,1,1,1,0.00032546400091604255,34.0,0.2115000388585031,2
4140,1,1,0.015014198427090144,0.0003002839685418029,0.015014198427090144,1,1,1,1,1,0.000325464000923148,34.0,0.208800018299371,2
4141,1,1,0.014688734426171218,0.0002937746885234244,0.014688734426171218,1,1,1,1,1,0.00032546400091604255,34.0,0.20730000687763095,2
4142,1,1,0.014363270425252293,0.00028726540850504585,0.014363270425252293,1,1,1,1,1,0.000325464000923148,34.0,0.2101999707520008,2
4143,1,1,0.014037806424333367,0.00028075612848666733,0.014037806424333367,1,1,1,1,1,0.000325464000923148,34.0,0.21500000730156898,2
4144,1,1,0.013712342423414441,0.0002742468484682888,0.013712342423414441,1,1,1,1,1,0.00032546400091604255,34.0,0.28870004462078214,2
4145,1,1,0.013386878422495516,0.0002677375684499103,0.013386878422495516,1,1,1,1,1,0.000325464000923148,34.0,0.17740001203492284,2
4146,1,1,0.01306141442157659,0.0002612282884315318,0.01306141442157659,1,1,1,1,1,0.00032546400091604255,34.0,0.15650002751499414,2
4147,1,1,0.012735950420657664,0.0002547190084131533,0.012735950420657664,1,1,1,1,1,0.000325464000923148,34.0,0.1610000035725534,2
4148,1,1,0.012410486419738739,0.0002482097283947748,0.012410486419738739,1,1,1,1,1,0.00032546400091604255,34.0,0.18539995653554797,2
4149,1,1,0.012085022418819813,0.00024170044837639625,0.012085022418819813,1,1,1,1,1,0.000325464000923148,34.0,0.17180002760142088,2
4150,1,1,0.011759558417900887,0.00023519116835801776,0.011759558417900887,1,1,1,1,1,0.00032546400091604255,34.0,0.18769997404888272,2
4151,1,1,0.011434094416981962,0.00022868188833963924,0.011434094416981962,1,1,1,1,1,0.000325464000923148,34.0,0.23929995950311422,2
4152,1,1,0.011108630416063036,0.00022217260832126071,0.011108630416063036,1,1,1,1,1,0.000325464000923148,34.0,0.21840003319084644,2
4153,1,1,0.01078316641514411,0.00021566332830288222,0.01078316641514411,1,1,1,1,1,0.00032546400091604255,34.0,0.21299999207258224,2
4154,1,1,0.010457702414225185,0.0002091540482845037,0.010457702414225185,1,1,1,1,1,0.000325464000923148,34.0,0.20790001144632697,2
4155,1,1,0.010132238413306259,0.00020264476826612518,0.010132238413306259,1,1,1,1,1,0.00032546400091604255,34.0,0.20429998403415084,2
4156,1,1,0.009806774412387333,0.00019613548824774665,0.009806774412387333,1,1,1,1,1,0.000325464000923148,34.0,0.22009998792782426,2
4157,1,1,0.009481310411468408,0.00018962620822936816,0.009481310411468408,1,1,1,1,1,0.00032546400091604255,34.0,0.23589999182149768,2
4158,1,1,0.009155846410549482,0.00018311692821098964,0.009155846410549482,1,1,1,1,1,0.000325464000923148,34.0,0.1582999830134213,2
4159,1,1,0.008830382409630556,0.00017660764819261112,0.008830382409630556,1,1,1,1,1,0.000325464000923148,34.0,0.20650000078603625,2
4160,1,1,0.00850491840871163,0.00017009836817423262,0.00850491840871163,1,1,1,1,1,0.00032546400091604255,34.0,0.21849997574463487,2
4161,1,1,0.008179454407792705,0.0001635890881558541,0.008179454407792705,1,1,1,1,1,0.000325464000923148,34.0,0.20190002396702766,2
4162,1,1,0.00785399040687378,0.00015707980813747558,0.00785399040687378,1,1,1,1,1,0.00032546400091604255,34.0,0.5207000067457557,2
4163,1,1,0.007528526405954853,0.00015057052811909706,0.007528526405954853,1,1,1,1,1,0.000325464000923148,34.0,0.18999999156221747,2
4164,1,1,0.007203062405035926,0.00014406124810071853,0.007203062405035926,1,1,1,1,1,0.00032546400091604255,34.0,0.1996000064536929,2
4165,1,1,0.006877598404117,0.00013755196808233998,0.006877598404117,1,1,1,1,1,0.000325464000923148,34.0,0.1996000064536929,2
4166,1,1,0.006552134403198073,0.00013104268806396146,0.006552134403198073,1,1,1,1,1,0.000325464000923148,34.0,0.18859998090192676,2
4167,1,1,0.006226670402279147,0.00012453340804558294,0.006226670402279147,1,1,1,1,1,0.00032546400091604255,34.0,0.20640000002458692,2
4168,1,1,0.00590120640136022,0.0001180241280272044,0.00590120640136022,1,1,1,1,1,0.000325464000923148,34.0,0.2052999916486442,2
4169,1,1,0.005575742400441294,0.00011151484800882587,0.005575742400441294,1,1,1,1,1,0.00032546400091604255,34.0,0.20809995476156473,2
4170,1,1,0.005250278399522367,0.00010500556799044735,0.005250278399522367,1,1,1,1,1,0.000325464000923148,34.0,0.20599999697878957,2
4171,1,1,0.004924814398603441,9.849628797206881e-05,0.004924814398603441,1,1,1,1,1,0.00032546400091604255,34.0,0.23800000781193376,2
4172,1,1,0.004599350397684514,9.198700795369028e-05,0.004599350397684514,1,1,1,1,1,0.000325464000923148,34.0,0.20380003843456507,2
4173,1,1,0.004273886396765588,8.547772793531175e-05,0.004273886396765588,1,1,1,1,1,0.00032546400091604255,34.0,0.19210000755265355,2
4174,1,1,0.003948422395846661,7.896844791693322e-05,0.003948422395846661,1,1,1,1,1,0.000325464000923148,34.0,0.16310001956298947,2
4175,1,1,0.0036229583949277345,7.245916789855468e-05,0.0036229583949277345,1,1,1,1,1,0.000325464000923148,34.0,0.15360000543296337,2
4176,1,1,0.003297494394008808,6.594988788017616e-05,0.003297494394008808,1,1,1,1,1,0.00032546400091604255,34.0,0.1401000190526247,2
4177,1,1,0.0029720303930898815,5.9440607861797627e-05,0.0029720303930898815,1,1,1,1,1,0.000325464000923148,34.0,0.10639999527484179,2
4178,1,1,0.002646566392170955,5.29313278434191e-05,0.002646566392170955,1,1,1,1,1,0.00032546400091604255,34.0,0.1088999561034143,2
4179,1,1,0.0023211023912520284,4.642204782504057e-05,0.0023211023912520284,1,1,1,1,1,0.000325464000923148,34.0,0.10269996710121632,2
4180,1,1,0.001995638390333102,3.991276780666204e-05,0.001995638390333102,1,1,1,1,1,0.00032546400091604255,34.0,0.11280004400759935,2
4181,1,1,0.0016701743894141751,3.3403487788283505e-05,0.0016701743894141751,1,1,1,1,1,0.000325464000923148,34.0,0.10210002074018121,2
4182,1,1,0.0013447103884952484,2.6894207769904966e-05,0.0013447103884952484,1,1,1,1,1,0.00032546400091604255,34.0,0.10090001160278916,2
4183,1,1,0.0010192463875763216,2.0384927751526434e-05,0.0010192463875763216,1,1,1,1,1,0.000325464000923148,34.0,0.09869999485090375,2
4184,1,1,0.0006937823866573949,1.3875647733147899e-05,0.0006937823866573949,1,1,1,1,1,0.000325464000923148,34.0,0.20820001373067498,2
4185,1,1,0.00036831838573846815,7.366367714769363e-06,0.00036831838573846815,1,1,1,1,1,0.00032546400091604255,34.0,0.2512000501155853,2
4186,1,1,4.2854384819541406e-05,8.570876963908282e-07,4.2854384819541406e-05,1,1,1,1,1,0.000325464000923148,34.0,0.2052999916486442,2
4187,0,1,0.0,0.0,0.0,1,0,1,0,1,4.285438481588244e-05,0.0,0.2001000102609396,2
