round,alive_nodes,num_ch,total_residual_energy,mean_residual_energy_all,mean_residual_energy_alive,packets_sent,packets_received_bs,readings_attempted,readings_delivered,control_packets,energy_consumed_round,mean_latency_ms,setup_time_ms,ops_count
0,150,0,148.40718504177136,0.9893812336118091,0.9893812336118091,150,85,150,85,0,1.592814958228659,1479.8235294117646,0.005700043402612209,0
1,150,0,146.82029284528778,0.9788019523019186,0.9788019523019186,150,85,150,85,0,1.5868921964835774,1481.0,0.004400033503770828,0
2,150,0,145.23327272600153,0.9682218181733435,0.9682218181733435,150,89,150,89,0,1.5870201192862314,1531.1573033707866,0.003400025889277458,0
3,150,0,143.59183732629495,0.957278915508633,0.957278915508633,150,84,150,84,0,1.6414353997065572,1482.0,0.0030999653972685337,0
4,150,0,141.9894677798149,0.9465964518654327,0.9465964518654327,150,86,150,86,0,1.6023695464800838,1505.3720930232557,0.002700020559132099,0
5,150,0,140.39355409167712,0.9359570272778475,0.9359570272778475,150,86,150,86,0,1.5959136881377773,1505.3720930232557,0.002100015990436077,0
6,150,0,138.81180940256561,0.9254120626837707,0.9254120626837707,150,87,150,87,0,1.5817446891115345,1499.7586206896551,0.0028999638743698597,0
7,150,0,137.22007226878975,0.9148004817919316,0.9148004817919316,150,85,150,85,0,1.5917371337758404,1521.9411764705883,0.002100015990436077,0
8,150,0,135.64355171825565,0.904290344788371,0.904290344788371,150,89,150,89,0,1.5765205505341058,1525.0898876404494,0.004200031980872154,0
9,150,0,134.00852425445242,0.8933901616963495,0.8933901616963495,150,87,150,87,0,1.6350274638032438,1476.5402298850574,0.00200001522898674,0
10,150,0,132.42403283697587,0.8828268855798391,0.8828268855798391,150,85,150,85,0,1.5844914174765492,1519.1176470588234,0.003100023604929447,0
11,150,0,130.87537458384537,0.8725024972256358,0.8725024972256358,150,88,150,88,0,1.5486582531304975,1510.6363636363637,0.0031999661587178707,0
12,150,0,129.3044106814354,0.8620294045429027,0.8620294045429027,150,85,150,85,0,1.570963902409968,1488.5294117647059,0.0030999653972685337,0
13,150,0,127.70090681727045,0.851339378781803,0.851339378781803,150,86,150,86,0,1.603503864164903,1505.3720930232557,0.003400025889277458,0
14,150,0,126.08241343637651,0.8405494229091768,0.8405494229091768,150,86,150,86,0,1.618493380893952,1499.5581395348838,0.002800021320581436,0
15,150,0,124.50354769034071,0.8300236512689381,0.8300236512689381,150,87,150,87,0,1.578865746035774,1492.632183908046,0.003400025889277458,0
16,150,0,122.94403378007759,0.819626891867184,0.819626891867184,150,88,150,88,0,1.559513910263103,1515.1818181818182,0.003200024366378784,0
17,150,0,121.3427546372398,0.8089516975815987,0.8089516975815987,150,87,150,87,0,1.6012791428377824,1516.3103448275863,0.0033999676816165447,0
18,150,0,119.77256058915097,0.7984837372610065,0.7984837372610065,150,85,150,85,0,1.5701940480888226,1481.0,0.0029999646358191967,0
19,150,0,118.17935326210295,0.7878623550806864,0.7878623550806864,150,87,150,87,0,1.5932073270479883,1508.9540229885058,0.003500026650726795,0
20,149,0,116.62483900291974,0.7774989266861316,0.7827170402880521,150,87,150,87,0,1.554514259183179,1499.7586206896551,0.003200024366378784,0
21,148,0,115.12351518394195,0.7674901012262797,0.7778615890806888,149,86,149,86,0,1.501323818977795,1478.3953488372092,0.003200024366378784,0
22,148,0,113.60414958779002,0.7573609972519335,0.7675956053229055,148,86,148,86,0,1.5193655961518928,1477.4651162790697,0.0036999699659645557,0
23,146,0,112.1665429116924,0.747776952744616,0.7682639925458383,148,87,148,87,0,1.4376066760975874,1471.0229885057472,0.0035999692045152187,0
24,144,0,110.84729955091805,0.7389819970061203,0.769772913548042,146,87,146,87,0,1.3192433607743297,1447.344827586207,0.003200024366378784,0
25,144,0,109.51177268194868,0.7300784845463245,0.7604984214024213,144,87,144,87,0,1.335526868969339,1420.9080459770114,0.003200024366378784,0
26,141,0,108.29599901248088,0.7219733267498725,0.7680567305849708,144,86,144,86,0,1.2157736694677652,1426.3023255813953,0.002800021320581436,0
27,140,0,107.09732956933553,0.7139821971289035,0.7649809254952536,141,86,141,86,0,1.1986694431453344,1393.9767441860465,0.002600019797682762,0
28,138,0,105.95497459518998,0.7063664973012665,0.7677896709796377,140,87,140,87,0,1.1423549741454906,1398.1494252873563,0.003100023604929447,0
29,137,0,104.87640714263785,0.6991760476175857,0.7655212200192543,138,87,138,87,0,1.0785674525521358,1362.057471264368,0.00300002284348011,0
30,136,0,103.82167096267165,0.6921444730844777,0.7633946394314092,137,86,137,86,0,1.05473617996617,1334.4418604651162,0.002600019797682762,0
31,136,0,102.79667099058163,0.6853111399372108,0.7558578749307473,136,87,136,87,0,1.0249999720899723,1350.103448275862,0.0028999638743698597,0
32,134,0,101.79450904749879,0.6786300603166586,0.7596605152798417,136,85,136,85,0,1.0021619430828252,1351.5882352941176,0.0028999638743698597,0
33,134,0,100.82456286966719,0.6721637524644479,0.7524221109676656,134,85,134,85,0,0.9699461778315879,1298.1764705882354,0.0026999623514711857,0
34,133,0,99.90868859126834,0.666057923941789,0.7511931473027693,134,88,134,88,0,0.9158742783988316,1328.8181818181818,0.0033999676816165447,0
35,133,0,98.94516216386023,0.6596344144257349,0.7439485876981973,133,86,133,86,0,0.9635264274080697,1316.5348837209303,0.0030999653972685337,0
36,131,0,98.05826895991842,0.6537217930661228,0.7485364042741864,133,86,133,86,0,0.8868932039417956,1314.6744186046512,0.0025999615900218487,0
37,131,0,97.16068620672698,0.6477379080448465,0.741684627532267,131,85,131,85,0,0.8975827531914149,1283.1176470588234,0.0030999653972685337,0
38,130,0,96.297213591901,0.6419814239460067,0.740747796860777,131,87,131,87,0,0.8634726148259517,1290.7931034482758,0.003400025889277458,0
39,125,0,95.46608508007243,0.6364405672004829,0.7637286806405794,130,86,130,86,0,0.8311285118285454,1294.906976744186,0.002800021320581436,0
40,124,0,94.69906648433582,0.6313271098955721,0.7637021490672244,125,84,125,84,0,0.7670185957365803,1238.4285714285713,0.003300025127828121,0
41,124,0,93.9996209859691,0.6266641399064606,0.7580614595642668,124,88,124,88,0,0.6994454983666856,1249.9545454545455,0.003300025127828121,0
42,121,0,93.28699020329378,0.6219132680219586,0.770966861184246,124,86,124,86,0,0.7126307826753333,1241.8837209302326,0.003200024366378784,0
43,120,0,92.63708672408893,0.6175805781605929,0.7719757227007411,121,85,121,85,0,0.6499034792048235,1207.5882352941176,0.00400003045797348,0
44,120,0,92.04347541971639,0.6136231694647759,0.7670289618309698,120,88,120,88,0,0.59361130437253,1196.7727272727273,0.0032999669201672077,0
45,119,0,91.43493645392545,0.6095662430261697,0.7683608105371885,120,87,120,87,0,0.6085389657909346,1184.5862068965516,0.003700028173625469,0
46,119,0,90.82918082628157,0.6055278721752105,0.7632704271116099,119,85,119,85,0,0.6057556276438518,1179.8235294117646,0.0033999676816165447,0
47,118,0,90.21790985683938,0.6014527323789293,0.7645585581088082,119,87,119,87,0,0.6112709694421454,1158.3793103448277,0.003100023604929447,0
48,118,0,89.62014019321279,0.5974676012880853,0.7594927135018031,118,84,118,84,0,0.5977696636265932,1166.5238095238096,0.003100023604929447,0
49,117,0,89.03231070719295,0.5935487380479529,0.7609599205742986,118,86,118,86,0,0.5878294860198281,1163.2790697674418,0.003500026650726795,0
50,117,0,88.47499234871975,0.5898332823247984,0.7561965158010235,117,86,117,86,0,0.5573183584732107,1143.9767441860465,0.003100023604929447,0
51,116,0,87.9297446070328,0.5861982973802187,0.7580150397157999,117,85,117,85,0,0.5452477416869428,1153.7058823529412,0.0033999676816165447,0
52,116,0,87.37822291436964,0.5825214860957977,0.7532605423652555,116,86,116,86,0,0.551521692663151,1146.3023255813953,0.002400018274784088,0
53,115,0,86.88365897606499,0.5792243931737666,0.7555100780527391,116,87,116,87,0,0.49456393830464407,1158.3793103448277,0.0032999669201672077,0
54,115,0,86.35229662699564,0.5756819775133043,0.7508895358869184,115,85,115,85,0,0.5313623490693615,1143.8235294117646,0.003100023604929447,0
55,114,0,85.84657379748589,0.5723104919832392,0.7530401210305779,115,86,115,86,0,0.505722829509736,1133.5116279069769,0.0030999653972685337,0
56,113,0,85.34759988916709,0.5689839992611139,0.755288494594399,114,84,114,84,0,0.49897390831881694,1114.6190476190477,0.003300025127828121,0
57,113,0,84.86270380371003,0.5657513586914003,0.750997378793894,113,85,113,85,0,0.4848960854570521,1101.235294117647,0.0028999638743698597,0
58,113,0,84.3500274229767,0.562333516153178,0.7464604196723601,113,84,113,84,0,0.5126763807333248,1096.5238095238096,0.0033999676816165447,0
59,111,0,83.85512005336544,0.5590341336891029,0.7554515320123011,113,84,113,84,0,0.4949073696112407,1104.3809523809523,0.002600019797682762,0
60,110,0,83.42285970383583,0.5561523980255721,0.7583896336712348,111,84,111,84,0,0.43226034952959935,1081.5238095238096,0.0033999676816165447,0
61,110,0,82.99514807478187,0.5533009871652125,0.7545013461343805,110,84,110,84,0,0.42771162905395954,1058.4285714285713,0.003400025889277458,0
62,109,0,82.56095560069375,0.5504063706712916,0.7574399596393921,110,83,110,83,0,0.4341924740881211,1067.8433734939758,0.003800028935074806,0
63,109,0,82.14793473731228,0.5476528982487485,0.7536507774065344,109,84,109,84,0,0.4130208633814618,1060.5714285714287,0.003600027412176132,0
64,109,0,81.73184480256307,0.5448789653504205,0.7498334385556245,109,84,109,84,0,0.41608993474919487,1044.3809523809523,0.002700020559132099,0
65,109,0,81.31754976982174,0.5421169984654782,0.7460325666956126,109,82,109,82,0,0.4142950327413075,1033.8292682926829,0.002900022082030773,0
66,109,0,80.91112455601547,0.5394074970401032,0.7423038950093164,109,84,109,84,0,0.4064252138062585,1060.5714285714287,0.0032999669201672077,0
67,108,0,80.51122924512185,0.5367415283008123,0.7454743448622394,109,84,109,84,0,0.39989531089358366,1044.3809523809523,0.0027999631129205227,0
68,108,0,80.0932711051515,0.53395514070101,0.7416043620847361,108,84,108,84,0,0.4179581399703238,1020.0952380952381,0.002700020559132099,0
69,108,0,79.6874427386995,0.5312496182579967,0.7378466920249953,108,82,108,82,0,0.4058283664519706,1000.6585365853658,0.003100023604929447,0
70,108,0,79.27333940907145,0.5284889293938096,0.7340124019358468,108,83,108,83,0,0.41410332962800567,1029.5301204819277,0.002800021320581436,0
71,107,0,78.87964234164123,0.5258642822776082,0.7371929190807591,108,84,108,84,0,0.39369706743019606,1025.095238095238,0.005600042641162872,0
72,107,0,78.49693413694152,0.5233128942462768,0.733616206887304,107,83,107,83,0,0.38270820469966793,1006.3975903614457,0.0034999684430658817,0
73,107,0,78.10177310389672,0.5206784873593114,0.7299231131205305,107,83,107,83,0,0.3951610330447579,1023.5060240963855,0.00300002284348011,0
74,106,0,77.71311375333767,0.5180874250222511,0.733142582578657,107,84,107,84,0,0.38865935055903833,1019.1428571428571,0.002800021320581436,0
75,106,0,77.35049976629469,0.5156699984419646,0.7297216959084407,106,84,106,84,0,0.3626139870429199,1008.1904761904761,0.002700020559132099,0
76,106,0,76.98892633155396,0.5132595088770263,0.7263106257693769,106,84,106,84,0,0.36157343474069137,1008.1904761904761,0.003700028173625469,0
77,106,0,76.62596360445382,0.5108397573630254,0.7228864490986209,106,84,106,84,0,0.362962727100097,1006.2857142857143,0.003200024366378784,0
78,105,0,76.2647737315946,0.5084318248772973,0.7263311783961393,106,84,106,84,0,0.36118987285917115,1023.9047619047619,0.00300002284348011,0
79,104,0,75.92114880723662,0.5061409920482441,0.7300110462234292,105,83,105,83,0,0.3436249243579539,990.0120481927711,0.0029999646358191967,0
80,103,0,75.58526659703313,0.5039017773135541,0.7338375397770205,104,83,104,83,0,0.3358822102034793,998.6867469879518,0.0022999593056738377,0
81,103,0,75.24060672914374,0.5016040448609582,0.7304913274674149,103,82,103,82,0,0.3446598678893338,957.0,0.003300025127828121,0
82,103,0,74.9073659634862,0.49938243975657465,0.7272559802280212,103,82,103,82,0,0.33324076565750715,968.9512195121952,0.003300025127828121,0
83,102,0,74.57950099807809,0.4971966733205206,0.7311715784125304,103,81,103,81,0,0.3278649654080539,987.3703703703703,0.002700020559132099,0
84,102,0,74.26405917260348,0.49509372781735655,0.728079011496113,102,82,102,82,0,0.3154418254745508,954.8048780487804,0.0031999661587178707,0
85,102,0,73.93136411435054,0.49287576076233697,0.7248172952387307,102,79,102,79,0,0.33269505825292356,955.7341772151899,0.003200024366378784,0
86,102,0,73.61114445304969,0.49074096302033127,0.721677886794605,102,82,102,82,0,0.32021966130078283,970.4146341463414,0.003400025889277458,0
87,102,0,73.29123361556955,0.488608224103797,0.7185415060349959,102,82,102,82,0,0.3199108374801085,954.8048780487804,0.002900022082030773,0
88,102,0,72.96510982943114,0.48643406552954094,0.7153442140140309,102,81,102,81,0,0.3261237861383677,942.1851851851852,0.00300002284348011,0
89,102,0,72.6420407052926,0.48428027136861734,0.7121768696597315,102,82,102,82,0,0.32306912413849886,954.8048780487804,0.003100023604929447,0
90,102,0,72.31628196163499,0.4821085464108999,0.7089831564866175,102,81,102,81,0,0.3257587436575875,958.9753086419753,0.003100023604929447,0
91,101,0,71.98562602994667,0.4799041735329778,0.7127289705935315,102,81,102,81,0,0.3306559316882556,958.7283950617284,0.002800021320581436,0
92,101,0,71.66907771452198,0.4777938514301465,0.709594828856653,101,81,101,81,0,0.31654831542465445,945.8888888888889,0.0033999676816165447,0
93,101,0,71.35185713032809,0.4756790475355206,0.7064540309933474,101,80,101,80,0,0.3172205841938336,946.0,0.003300025127828121,0
94,100,0,71.0363077352072,0.47357538490138135,0.710363077352072,101,80,101,80,0,0.3155493951208399,933.25,0.002800021320581436,0
95,99,0,70.73783357600733,0.47158555717338224,0.7145235714748214,100,81,100,81,0,0.29847415919985565,945.8888888888889,0.002900022082030773,0
96,99,0,70.4469323447476,0.46964621563165065,0.7115851751994704,99,81,99,81,0,0.2909012312597241,938.9753086419753,0.002500019036233425,0
97,99,0,70.15806839939053,0.46772045599593687,0.7086673575696013,99,81,99,81,0,0.2888639453570221,947.1234567901234,0.0025999615900218487,0
98,99,0,69.86045024751391,0.4657363349834261,0.7056611136112515,99,81,99,81,0,0.29761815187660545,938.9753086419753,0.002200016751885414,0
99,97,0,69.58855201349779,0.46392368008998525,0.7174077527164717,99,82,99,82,0,0.27189823401609203,950.170731707317,0.002300017513334751,0
100,96,0,69.32119562215931,0.46214130414772875,0.7220957877308259,97,80,97,80,0,0.2673563913384527,926.5,0.002100015990436077,0
101,95,0,69.0649845555186,0.460433230370124,0.7269998374265118,96,81,96,81,0,0.2562110666406454,918.4814814814815,0.002700020559132099,0
102,94,0,68.82090884246774,0.458806058949785,0.7321373281113588,95,80,95,80,0,0.2440757130508331,913.75,0.004199973773211241,0
103,93,0,68.58247147455572,0.4572164764970381,0.7374459298339324,94,80,94,80,0,0.23843736791198467,899.25,0.003500026650726795,0
104,92,0,68.34862015951686,0.45565746773011234,0.7429197843425746,93,80,93,80,0,0.2338513150388195,889.25,0.00300002284348011,0
105,92,0,68.12332967182002,0.45415553114546675,0.7404709746936958,92,80,92,80,0,0.22529048769681026,884.5,0.002600019797682762,0
106,92,0,67.90353980193592,0.45269026534623946,0.7380819543688687,92,80,92,80,0,0.21978986988405325,884.5,0.0028999638743698597,0
107,91,0,67.6800105018229,0.45120007001215273,0.7437363791409111,92,78,92,78,0,0.2235293001129861,869.3076923076923,0.003300025127828121,0
108,91,0,67.44999302779696,0.4496666201853131,0.7412087145911753,91,78,91,78,0,0.23001747402588535,882.8974358974359,0.0027999631129205227,0
109,91,0,67.22708275321435,0.4481805516880957,0.7387591511342236,91,80,91,80,0,0.22291027458255996,865.25,0.0025999615900218487,0
110,91,0,67.00914839605402,0.44672765597369346,0.7363642680885055,91,79,91,79,0,0.21793435716030274,874.2151898734177,0.0029999646358191967,0
111,91,0,66.7951712972,0.4453011419813333,0.7340128713978022,91,80,91,80,0,0.21397709885397376,885.25,0.002700020559132099,0
112,91,0,66.58280304848837,0.44388535365658915,0.731679154378993,91,79,91,79,0,0.21236824871159854,874.2151898734177,0.003200024366378784,0
113,91,0,66.36782572184414,0.44245217147896093,0.7293167661741116,91,79,91,79,0,0.21497732664417413,874.2151898734177,0.0027999631129205227,0
114,91,0,66.1571462187451,0.44104764145830067,0.7270016067993965,91,79,91,79,0,0.21067950309902983,874.2151898734177,0.002700020559132099,0
115,90,0,65.94610889142905,0.4396407259428603,0.7327345432381007,91,80,91,80,0,0.21103732731597802,885.25,0.003300025127828121,0
116,90,0,65.73972123450335,0.43826480823002234,0.7304413470500373,90,78,90,78,0,0.20638765692567063,858.7948717948718,0.0027999631129205227,0
117,90,0,65.53083654787454,0.43687224365249694,0.728120406087495,90,79,90,79,0,0.20888468662877813,870.1645569620254,0.0025999615900218487,0
118,90,0,65.32099810111534,0.4354733206741022,0.7257888677901703,90,77,90,77,0,0.2098384467591643,867.6493506493506,0.0024999608285725117,0
119,90,0,65.11650971146362,0.43411006474309083,0.7235167745718178,90,79,90,79,0,0.20448838965165805,870.1645569620254,0.0023999600671231747,0
120,90,0,64.90931760757154,0.43272878405047693,0.7212146400841281,90,80,90,80,0,0.207192103892055,881.0,0.003100023604929447,0
121,89,0,64.70947226465393,0.4313964817643595,0.7270727220747634,90,78,90,78,0,0.1998453429175413,880.5897435897435,0.003600027412176132,0
122,89,0,64.51880594505519,0.4301253729670346,0.7249304038770247,89,79,89,79,0,0.19066631959871927,871.9367088607595,0.0032999669201672077,0
123,89,0,64.32014689745223,0.4288009793163482,0.7226982797466541,89,78,89,78,0,0.19865904760293063,861.3589743589744,0.003200024366378784,0
124,89,0,64.11559513792628,0.4274373009195085,0.720399945369958,89,77,89,77,0,0.20455175952592697,849.7272727272727,0.0026999623514711857,0
125,89,0,63.90934073222583,0.42606227154817217,0.7180824801373688,89,77,89,77,0,0.2062544057004061,869.987012987013,0.002800021320581436,0
126,89,0,63.71710826249616,0.4247807217499744,0.7159225647471479,89,79,89,79,0,0.1922324697296176,871.4303797468355,0.0029999646358191967,0
127,89,0,63.51651102021959,0.4234434068014639,0.7136686631485347,89,77,89,77,0,0.20059724227654385,849.7272727272727,0.00300002284348011,0
128,89,0,63.314303130029934,0.42209535420019956,0.7113966643823588,89,78,89,78,0,0.20220789018961227,841.3589743589744,0.002600019797682762,0
129,89,0,63.11256731508355,0.4207504487672237,0.7091299698323995,89,78,89,78,0,0.20173581494633197,861.1025641025641,0.002900022082030773,0
130,89,0,62.91390925618477,0.4194260617078985,0.7068978568110648,89,78,89,78,0,0.19865805889874366,861.1025641025641,0.0029999646358191967,0
131,89,0,62.71739239031909,0.4181159492687939,0.7046898021384167,89,78,89,78,0,0.19651686586564665,861.1025641025641,0.002400018274784088,0
132,89,0,62.524256661049876,0.4168283777403325,0.7025197377646053,89,79,89,79,0,0.1931357292691871,871.9367088607595,0.002500019036233425,0
133,88,0,62.333297237179956,0.415555314914533,0.7083329231497723,89,77,89,77,0,0.1909594238698844,868.4285714285714,0.0034999684430658817,0
134,88,0,62.1433986385909,0.41428932425727266,0.7061749845294419,88,77,88,77,0,0.1898985985890107,851.8051948051948,0.0038999714888632298,0
135,88,0,61.950526172379384,0.41300350781586254,0.7039832519588566,88,77,88,77,0,0.19287246621146892,851.8051948051948,0.002700020559132099,0
136,88,0,61.758875427270596,0.411725836181804,0.7018054025826204,88,78,88,78,0,0.19165074510874547,843.4102564102565,0.002700020559132099,0
137,88,0,61.56244200342691,0.4104162800228461,0.6995732045843969,88,76,88,76,0,0.19643342384362938,840.421052631579,0.002300017513334751,0
138,88,0,61.37480354955046,0.40916535699700307,0.6974409494267099,88,77,88,77,0,0.1876384538764171,851.8051948051948,0.0029999646358191967,0
139,88,0,61.184144078551185,0.4078942938570079,0.6952743645289908,88,76,88,76,0,0.1906594709992504,840.421052631579,0.003800028935074806,0
140,88,0,60.99273181162885,0.4066182120775257,0.6930992251321461,88,77,88,77,0,0.19141226692229907,851.8051948051948,0.0032999669201672077,0
141,88,0,60.79598572274868,0.4053065714849912,0.6908634741221441,88,76,88,76,0,0.19674608888014689,842.0,0.002700020559132099,0
142,88,0,60.60497392377761,0.4040331594918507,0.6886928854974728,88,78,88,78,0,0.19101179897103293,843.4102564102565,0.003200024366378784,0
143,88,0,60.40611970443135,0.402707464696209,0.6864331784594471,88,76,88,76,0,0.19885421934623082,840.421052631579,0.003300025127828121,0
144,88,0,60.21127590276128,0.40140850601840855,0.6842190443495599,88,76,88,76,0,0.19484380167003224,840.421052631579,0.002800021320581436,0
145,88,0,60.026539643093216,0.4001769309539548,0.6821197686715138,88,77,88,77,0,0.18473625966802842,851.8051948051948,0.002600019797682762,0
146,87,0,59.82857786021688,0.3988571857347792,0.6876848029909985,88,77,88,77,0,0.1979617828763054,851.8051948051948,0.003100023604929447,0
147,87,0,59.63774651048509,0.39758497673656723,0.685491339200978,87,77,87,77,0,0.1908313497317664,846.8701298701299,0.002900022082030773,0
148,87,0,59.45077477709066,0.3963384985139377,0.683342238817134,87,77,87,77,0,0.1869717333944152,846.8701298701299,0.0031999661587178707,0
149,87,0,59.258484666866984,0.3950565644457799,0.6811320076651377,87,75,87,75,0,0.19229011022363807,842.6,0.0033999676816165447,0
150,87,0,59.074786874595674,0.3938319124973045,0.679020538788456,87,76,87,76,0,0.1836977922712606,843.8421052631579,0.002900022082030773,0
151,87,0,58.889731301692684,0.39259820867795125,0.6768934632378468,87,77,87,77,0,0.18505557290296792,846.8701298701299,0.0028999638743698597,0
152,87,0,58.71004480062557,0.39140029867083714,0.6748281011566157,87,77,87,77,0,0.1796865010670956,846.6103896103896,0.0029999646358191967,0
153,87,0,58.530437997219266,0.3902029199814618,0.6727636551404512,87,77,87,77,0,0.17960680340627277,846.8701298701299,0.003600027412176132,0
154,87,0,58.3470139200832,0.3889800928005547,0.6706553324147495,87,79,87,79,0,0.18342407713603848,848.6455696202531,0.004099973011761904,0
155,87,0,58.162051887565184,0.38774701258376787,0.668529332040979,87,77,87,77,0,0.18496203251800125,846.8701298701299,0.002900022082030773,0
156,87,0,57.98028890852519,0.3865352593901679,0.6664401023968413,87,77,87,77,0,0.1817629790399593,846.8701298701299,0.0027999631129205227,0
157,87,0,57.797500450538955,0.3853166696702597,0.6643390856383785,87,77,87,77,0,0.1827884579862058,846.8701298701299,0.003100023604929447,0
158,87,0,57.61442041596197,0.38409613610641313,0.6622347174248502,87,78,87,78,0,0.18308003457696032,838.5384615384615,0.0029999646358191967,0
159,87,0,57.43163681430896,0.38287757876205974,0.6601337564863099,87,77,87,77,0,0.18278360165297158,846.8701298701299,0.003100023604929447,0
160,87,0,57.25196346744425,0.3816797564496283,0.6580685456028076,87,77,87,77,0,0.17967334686468917,846.8701298701299,0.003100023604929447,0
161,86,0,57.06558692838434,0.3804372461892289,0.6635533363765622,87,76,87,76,0,0.1863765390598644,852.2631578947369,0.002900022082030773,0
162,86,0,56.88746222672035,0.37924974817813567,0.661482118915353,86,76,86,76,0,0.17812470166397532,837.5263157894736,0.002400018274784088,0
163,86,0,56.70939366012277,0.37806262440081845,0.6594115541874741,86,75,86,75,0,0.17806856659755965,844.4666666666667,0.002600019797682762,0
164,86,0,56.532686252400936,0.37688457501600625,0.6573568168883831,86,75,86,75,0,0.17670740772179272,837.8,0.0027999631129205227,0
165,86,0,56.35936000125818,0.37572906667505457,0.6553413953634674,86,76,86,76,0,0.1733262511427256,837.5263157894736,0.0026999623514711857,0
166,86,0,56.17714908004636,0.3745143272003091,0.6532226637214692,86,75,86,75,0,0.18221092121179083,826.3333333333334,0.003300025127828121,0
167,86,0,56.004347994756145,0.373362319965041,0.6512133487762343,86,76,86,76,0,0.1728010852901889,837.5263157894736,0.003100023604929447,0
168,86,0,55.83290449646526,0.3722193633097684,0.6492198197263405,86,77,86,77,0,0.1714434982908699,829.2077922077922,0.00300002284348011,0
169,86,0,55.65782259411379,0.37105215062742525,0.6471839836524861,86,76,86,76,0,0.17508190235143672,837.5263157894736,0.002900022082030773,0
170,85,0,55.4874172155877,0.36991611477058467,0.6527931437127965,86,75,86,75,0,0.17040537852608395,833.8,0.003200024366378784,0
171,84,0,55.31670022165138,0.36877800147767587,0.6585321454958498,85,76,85,76,0,0.17071699393628137,837.2631578947369,0.00300002284348011,0
172,84,0,55.14339451634329,0.3676226301089553,0.6564689823374202,84,75,84,75,0,0.1733057053080671,823.4,0.0030999653972685337,0
173,84,0,54.97885127920816,0.36652567519472107,0.6545101342762877,84,75,84,75,0,0.1645432371350921,823.4,0.002800021320581436,0
174,84,0,54.816657618393805,0.36544438412262537,0.6525792573618309,84,76,84,76,0,0.1621936608143386,833.8421052631579,0.0036999699659645557,0
175,84,0,54.64257545735475,0.364283836382365,0.6505068506827948,84,74,84,74,0,0.17408216103900997,812.4054054054054,0.0028999638743698597,0
176,84,0,54.47916480385375,0.3631944320256917,0.6485614857601637,84,75,84,75,0,0.16341065350098916,840.2,0.003200024366378784,0
177,84,0,54.31148481651661,0.3620765654434441,0.6465652954347215,84,75,84,75,0,0.16767998733712375,823.4,0.003600027412176132,0
178,84,0,54.14298262766249,0.36095321751774995,0.6445593169959821,84,74,84,74,0,0.16850218885409163,812.4054054054054,0.0036999699659645557,0
179,84,0,53.96967729226461,0.35979784861509745,0.6424961582412455,84,75,84,75,0,0.1733053353978562,804.2,0.002600019797682762,0
180,84,0,53.80260461282264,0.35868403075215094,0.6405071977716981,84,75,84,75,0,0.1670726794419295,823.4,0.0028999638743698597,0
181,84,0,53.633201663891036,0.3575546777592736,0.6384904959987028,84,75,84,75,0,0.16940294893160512,815.1333333333333,0.0029999646358191967,0
182,83,0,53.46599795233054,0.35643998634887025,0.6441686500280787,84,75,84,75,0,0.16720371156044678,823.4,0.0028999638743698597,0
183,83,0,53.30185529462893,0.35534570196419285,0.6421910276461316,83,75,83,75,0,0.1641426577015892,822.3333333333334,0.0031999661587178707,0
184,83,0,53.13945250596055,0.35426301670640364,0.6402343675416933,83,75,83,75,0,0.162402788668345,822.3333333333334,0.002500019036233425,0
185,83,0,52.97476499459787,0.3531650999639858,0.6382501806578057,83,74,83,74,0,0.16468751136262938,831.0540540540541,0.0037999707274138927,0
186,83,0,52.81236056350089,0.3520824037566726,0.6362935007650711,83,75,83,75,0,0.16240443109693103,822.3333333333334,0.0030999653972685337,0
187,83,0,52.63946055205275,0.350929737013685,0.6342103680970211,83,74,83,74,0,0.17290001144809253,811.5945945945946,0.003100023604929447,0
188,83,0,52.47897691614508,0.3498598461076339,0.6322768303150009,83,75,83,75,0,0.1604836359076387,822.3333333333334,0.002900022082030773,0
189,83,0,52.31752400016488,0.34878349333443254,0.6303316144598178,83,75,83,75,0,0.16145291598016343,822.3333333333334,0.00300002284348011,0
190,83,0,52.15906463566325,0.34772709757108833,0.6284224654899186,83,74,83,74,0,0.1584593645015957,819.7027027027027,0.002600019797682762,0
191,82,0,51.98980867175902,0.34659872447839346,0.6340220569726711,83,74,83,74,0,0.16925596390417752,818.6216216216217,0.002800021320581436,0
192,82,0,51.83075760080185,0.3455383840053457,0.6320824097658763,82,74,82,74,0,0.15905107095714754,811.8648648648649,0.002700020559132099,0
193,81,0,51.67878654508938,0.3445252436339292,0.6380097104332023,82,73,82,73,0,0.15197105571243696,805.4931506849315,0.003700028173625469,0
194,81,0,51.524390487175104,0.34349593658116734,0.6361035862614209,81,72,81,72,0,0.15439605791425492,790.3333333333334,0.0030999653972685337,0
195,81,0,51.376872604595256,0.34251248403063506,0.6342823778345092,81,74,81,74,0,0.14751788257979115,792.9459459459459,0.002600019797682762,0
196,80,0,51.22969528952955,0.34153130193019704,0.6403711911191194,81,73,81,73,0,0.14717731506567588,801.1095890410959,0.0032999669201672077,0
197,80,0,51.08367893132356,0.34055785954215706,0.6385459866415445,80,74,80,74,0,0.14601635820594083,789.7027027027027,0.002500019036233425,0
198,80,0,50.94049015753369,0.33960326771689126,0.636756126969171,80,72,80,72,0,0.14318877378983075,787.2777777777778,0.002900022082030773,0
199,80,0,50.79456498535387,0.3386304332356925,0.6349320623169235,80,74,80,74,0,0.14592517217978695,789.7027027027027,0.003400025889277458,0
200,80,0,50.65298231662663,0.33768654877751086,0.633162278957833,80,73,80,73,0,0.14158266872719594,797.8219178082192,0.0033999676816165447,0
201,80,0,50.50827569409331,0.33672183796062205,0.6313534461761663,80,72,80,72,0,0.1447066225332918,787.2777777777778,0.0028999638743698597,0
202,80,0,50.36096066654437,0.3357397377769625,0.6295120083318047,80,72,80,72,0,0.14731502754889902,787.2777777777778,0.00300002284348011,0
203,80,0,50.219656551313165,0.3347977103420878,0.6277457068914145,80,74,80,74,0,0.14130411523116493,807.8108108108108,0.0029999646358191967,0
204,80,0,50.07509780116037,0.3338339853410691,0.6259387225145046,80,73,80,73,0,0.1445587501527541,797.8219178082192,0.0029999646358191967,0
205,80,0,49.932142025993414,0.3328809468399561,0.6241517753249177,80,74,80,74,0,0.14295577516691083,789.7027027027027,0.0031999661587178707,0
206,80,0,49.785212337071016,0.3319014155804734,0.6223151542133878,80,73,80,73,0,0.1469296889223557,797.8219178082192,0.0034999684430658817,0
207,80,0,49.63606027475517,0.33090706849836776,0.6204507534344395,80,71,80,71,0,0.1491520623158209,786.8591549295775,0.0030999653972685337,0
208,80,0,49.49283789879798,0.3299522526586532,0.6186604737349748,80,73,80,73,0,0.14322237595715137,797.8219178082192,0.003600027412176132,0
209,79,0,49.350327103245405,0.3290021806883027,0.6246876848512076,80,73,80,73,0,0.1425107955525391,797.8219178082192,0.0030999653972685337,0
210,79,0,49.209249794182604,0.3280616652945507,0.6229018961288937,79,73,79,73,0,0.1410773090627515,797.0,0.003200024366378784,0
211,79,0,49.07118299362862,0.3271412199575241,0.621154215109223,79,73,79,73,0,0.1380668005539576,797.0,0.002900022082030773,0
212,79,0,48.93299269215956,0.32621995128106374,0.6194049707868297,79,72,79,72,0,0.13819030146902378,805.6111111111111,0.0027999631129205227,0
213,79,0,48.794938022665555,0.3252995868177704,0.6176574433248803,79,73,79,73,0,0.13805466949398237,797.0,0.0027999631129205227,0
214,79,0,48.64516455698816,0.32430109704658777,0.615761576670736,79,72,79,72,0,0.14977346567734173,803.6666666666666,0.002700020559132099,0
215,79,0,48.49639578577754,0.3233093052385169,0.6138784276680699,79,72,79,72,0,0.14876877121058385,798.6666666666666,0.00300002284348011,0
216,79,0,48.350514616668534,0.32233676411112355,0.612031830590741,79,74,79,74,0,0.14588116910896076,788.8918918918919,0.002400018274784088,0
217,79,0,48.211959054398726,0.32141306036265815,0.6102779627139078,79,74,79,74,0,0.1385555622697865,788.8918918918919,0.003800028935074806,0
218,79,0,48.07149669667754,0.320476644644517,0.6084999581857916,79,73,79,73,0,0.1404623577211339,797.0,0.029999995604157448,0
219,79,0,47.93300031265403,0.31955333541769354,0.606746839400684,79,73,79,73,0,0.1384963840234832,797.0,0.0021999585442245007,0
220,79,0,47.792698343187965,0.31861798895458643,0.6049708651036452,79,73,79,73,0,0.14030196946603724,797.0,0.0025999615900218487,0
221,79,0,47.6537404141544,0.3176916027610293,0.6032119039766379,79,73,79,73,0,0.13895792903352344,797.0,0.0027999631129205227,0
222,79,0,47.516892722807455,0.31677928481871637,0.6014796547190818,79,74,79,74,0,0.1368476913469152,788.8918918918919,0.002500019036233425,0
223,79,0,47.37793570579125,0.315852904705275,0.599720705136598,79,73,79,73,0,0.1389570170161818,797.0,0.002300017513334751,0
224,79,0,47.243050544976434,0.3149536702998429,0.5980132980376764,79,74,79,74,0,0.13488516081477542,788.8918918918919,0.002600019797682762,0
225,78,0,47.10546899669946,0.3140364599779964,0.6039162691884545,79,73,79,73,0,0.13758154827695535,797.0,0.0033999676816165447,0
226,78,0,46.971738496939416,0.3131449233129294,0.6022017756017874,78,73,78,73,0,0.13373049976001994,785.4931506849315,0.0028999638743698597,0
227,78,0,46.83275693459526,0.3122183795639684,0.6004199606999393,78,73,78,73,0,0.13898156234412795,785.4931506849315,0.003300025127828121,0
228,77,0,46.69181997667781,0.3112787998445187,0.6063872724243873,78,72,78,72,0,0.14093695791740402,786.1666666666666,0.003300025127828121,0
229,77,0,46.5544219919228,0.31036281327948534,0.6046028830119846,77,71,77,71,0,0.13739798475498333,765.4507042253521,0.003200024366378784,0
230,77,0,46.423206553025196,0.30948804368683464,0.6028987864029247,77,72,77,72,0,0.13121543889758414,775.6111111111111,0.0029999646358191967,0
231,77,0,46.29087502306213,0.30860583348708087,0.6011801951047031,77,72,77,72,0,0.13233152996303943,775.6111111111111,0.002800021320581436,0
232,77,0,46.162171960391646,0.3077478130692776,0.5995087267583332,77,72,77,72,0,0.12870306267046772,775.6111111111111,0.002700020559132099,0
233,77,0,46.030935135773944,0.3068729009051596,0.5978043524126486,77,72,77,72,0,0.13123682461767316,775.6111111111111,0.0029999646358191967,0
234,77,0,45.90061138095282,0.30600407587301875,0.5961118361162705,77,72,77,72,0,0.1303237548210916,775.6111111111111,0.002800021320581436,0
235,77,0,45.76752986986294,0.30511686579908626,0.594383504803415,77,72,77,72,0,0.13308151108984134,775.6111111111111,0.003800028935074806,0
236,77,0,45.63832801894303,0.30425552012628687,0.5927055586875718,77,72,77,72,0,0.129201850919884,775.6111111111111,0.002800021320581436,0
237,77,0,45.50640494186068,0.30337603294573784,0.5909922719722167,77,72,77,72,0,0.13192307708231965,775.6111111111111,0.0028999638743698597,0
238,76,0,45.38028899698634,0.30253525997990893,0.5971090657498203,77,72,77,72,0,0.12611594487432853,775.6111111111111,0.002900022082030773,0
239,76,0,45.25070864433732,0.3016713909622488,0.5954040611097016,76,73,76,73,0,0.12958035264900047,762.2054794520548,0.002700020559132099,0
240,76,0,45.126939089729674,0.30084626059819786,0.5937755143385485,76,71,76,71,0,0.12376955460761963,776.4366197183099,0.002600019797682762,0
241,76,0,44.99981975675389,0.29999879837835924,0.5921028915362353,76,71,76,71,0,0.1271193329757807,769.9577464788732,0.002600019797682762,0
242,76,0,44.87286945958367,0.29915246306389115,0.5904324928892588,76,71,76,71,0,0.1269502971701968,760.0985915492957,0.0030999653972685337,0
243,75,0,44.74274738040373,0.29828498253602487,0.5965699650720497,76,71,76,71,0,0.13012207917989826,761.2253521126761,0.002500019036233425,0
244,75,0,44.6212305284844,0.29747487018989605,0.5949497403797921,75,72,75,72,0,0.12151685191930994,762.0,0.0029999646358191967,0
245,75,0,44.49335680069818,0.2966223786713212,0.5932447573426425,75,71,75,71,0,0.12787372778618078,770.2394366197183,0.0027999631129205227,0
246,74,0,44.374020113663306,0.29582680075775536,0.5996489204549095,75,71,75,71,0,0.11933668703484557,760.943661971831,0.0029999646358191967,0
247,74,0,44.25625954745681,0.2950417303163787,0.5980575614521191,74,71,74,71,0,0.11776056620647068,751.9295774647887,0.003300025127828121,0
248,74,0,44.1406639773745,0.29427109318249667,0.5964954591537095,74,71,74,71,0,0.11559557008227728,751.9295774647887,0.00300002284348011,0
249,74,0,44.01946477944969,0.2934630985296646,0.5948576321547255,74,71,74,71,0,0.12119919792476708,751.9295774647887,0.002700020559132099,0
250,74,0,43.903869209367386,0.2926924613957826,0.593295529856316,74,71,74,71,0,0.11559557008227728,751.9295774647887,0.0025999615900218487,0
251,74,0,43.78079082166431,0.2918719388110954,0.5916323084008692,74,71,74,71,0,0.12307838770303192,751.9295774647887,0.0032999669201672077,0
252,74,0,43.655828877511624,0.2910388591834108,0.5899436334798868,74,71,74,71,0,0.12496194415265904,751.9295774647887,0.0031999661587178707,0
253,74,0,43.533939844944044,0.2902262656329603,0.5882964843911356,74,69,74,69,0,0.12188903256756589,741.6376811594203,0.002800021320581436,0
254,74,0,43.411825155811925,0.28941216770541284,0.5866462858893502,74,71,74,71,0,0.12211468913207568,751.9295774647887,0.0026999623514711857,0
255,74,0,43.28788851111307,0.28858592340742045,0.5849714663663927,74,70,74,70,0,0.12393664469882992,742.1428571428571,0.003100023604929447,0
256,74,0,43.16482024963136,0.28776546833087574,0.5833083817517751,74,71,74,71,0,0.12306826148164873,751.9295774647887,0.003100023604929447,0
257,74,0,43.04705359383861,0.2869803572922574,0.5817169404572785,74,71,74,71,0,0.11776665579273526,751.9295774647887,0.0027999631129205227,0
258,74,0,42.92706622379673,0.2861804414919782,0.5800954895107667,74,71,74,71,0,0.119987370041855,751.9295774647887,0.0025999615900218487,0
259,73,0,42.80779908764414,0.28538532725096094,0.5864082066800568,74,70,74,70,0,0.11926713615255835,745.5714285714286,0.002700020559132099,0
260,73,0,42.691538251082406,0.28461025500721604,0.584815592480581,73,70,73,70,0,0.11626083656167907,741.5714285714286,0.003100023604929447,0
261,73,0,42.57547328841672,0.28383648858944477,0.5832256614851605,73,70,73,70,0,0.11606496266566069,741.5714285714286,0.00300002284348011,0
262,72,0,42.4649156280594,0.283099437520396,0.5897904948341585,73,69,73,69,0,0.11055766035727288,741.3478260869565,0.003400025889277458,0
263,72,0,42.3477111271511,0.28231807418100735,0.5881626545437654,72,69,72,69,0,0.11720450090827228,731.4927536231884,0.003300025127828121,0
264,72,0,42.23210607772512,0.2815473738515008,0.5865570288572933,72,68,72,68,0,0.11560504942595173,739.9411764705883,0.0028999638743698597,0
265,72,0,42.11770271777983,0.28078468478519886,0.5849680933024977,72,69,72,69,0,0.11440335994524276,731.4927536231884,0.002700020559132099,0
266,72,0,41.99819192353017,0.2799879461568678,0.5833082211601411,72,69,72,69,0,0.11951079424963496,731.4927536231884,0.0030999653972685337,0
267,72,0,41.89006894002212,0.2792671262668141,0.5818065130558627,72,69,72,69,0,0.10812298350802507,731.4927536231884,0.002700020559132099,0
268,72,0,41.77651446749876,0.2785100964499917,0.5802293676041494,72,70,72,70,0,0.11355447252331885,723.8571428571429,0.00300002284348011,0
269,72,0,41.66216430950822,0.27774776206338814,0.5786411709653918,72,69,72,69,0,0.11435015799050063,731.4927536231884,0.002700020559132099,0
270,72,0,41.54317271044607,0.2769544847363071,0.5769885098673064,72,69,72,69,0,0.1189915990621131,731.4927536231884,0.002600019797682762,0
271,72,0,41.42822770322491,0.2761881846881661,0.5753920514336792,72,68,72,68,0,0.11494500722112377,737.5882352941177,0.002300017513334751,0
272,72,0,41.31219468653042,0.2754146312435361,0.573780481757367,72,70,72,70,0,0.11603301669444477,723.8571428571429,0.002600019797682762,0
273,72,0,41.1961938431934,0.274641292287956,0.5721693589332416,72,69,72,69,0,0.11600084333699101,731.4927536231884,0.0038999714888632298,0
274,72,0,41.089154388913876,0.2739276959260925,0.5706826998460259,72,69,72,69,0,0.10703945427948725,731.4927536231884,0.003500026650726795,0
275,72,0,40.97614391827457,0.27317429278849714,0.5691131099760357,72,69,72,69,0,0.11301047063926717,731.4927536231884,0.00300002284348011,0
276,72,0,40.86183564980322,0.2724122376653548,0.5675254951361558,72,70,72,70,0,0.11430826847131925,723.8571428571429,0.003200024366378784,0
277,71,0,40.749702380328046,0.2716646825355203,0.5739394701454652,72,67,72,67,0,0.11213326947515156,715.5074626865671,0.004399975296109915,0
278,71,0,40.6428676712101,0.27095245114140065,0.5724347559325365,71,67,71,67,0,0.10683470911791915,711.3283582089553,0.002200016751885414,0
279,71,0,40.53306628257542,0.27022044188383615,0.5708882575010622,71,67,71,67,0,0.10980138863465072,729.5373134328358,0.001900014467537403,0
280,71,0,40.420929626830954,0.269472864178873,0.5693088679835344,71,67,71,67,0,0.11213665574442189,711.3283582089553,0.002200016751885414,0
281,71,0,40.31162863667723,0.2687441909111815,0.5677694174179891,71,68,71,68,0,0.10930099015372718,721.1176470588235,0.002400018274784088,0
282,71,0,40.199986179000184,0.2679999078600012,0.5661969884366223,71,68,71,68,0,0.11164245767706404,721.1176470588235,0.002600019797682762,0
283,71,0,40.089490887755005,0.26726327258503335,0.5646407167289438,71,68,71,68,0,0.11049529124520063,721.1176470588235,0.002800021320581436,0
284,71,0,39.98145523807972,0.26654303492053144,0.5631190878602778,71,67,71,67,0,0.10803564967531543,711.3283582089553,0.002700020559132099,0
285,71,0,39.87054226113218,0.2658036150742145,0.5615569332553826,71,68,71,68,0,0.11091297694754587,721.1176470588235,0.00300002284348011,0
286,71,0,39.76142599946411,0.26507617332976074,0.5600200844994944,71,68,71,68,0,0.10911626166809185,721.1176470588235,0.002800021320581436,0
287,71,0,39.65381703815653,0.26435878025437687,0.5585044653261484,71,68,71,68,0,0.10760896130759079,721.1176470588235,0.002900022082030773,0
288,71,0,39.55128809588027,0.2636752539725351,0.5570603957166236,71,68,71,68,0,0.10252894227627962,721.1176470588235,0.0031999661587178707,0
289,71,0,39.439637732745766,0.2629309182183051,0.5554878553907855,71,68,71,68,0,0.11165036313451537,721.1176470588235,0.002700020559132099,0
290,71,0,39.33036587761906,0.26220243918412706,0.5539488151777334,71,67,71,67,0,0.1092718551267211,711.3283582089553,0.0030999653972685337,0
291,70,0,39.21718417232674,0.26144789448217826,0.5602454881760963,71,68,71,68,0,0.11318170529234806,721.1176470588235,0.003300025127828121,0
292,70,0,39.11487226447736,0.26076581509651575,0.5587838894925339,70,68,70,68,0,0.10231190784941191,710.8235294117648,0.002800021320581436,0
293,70,0,39.006886463707055,0.26004590975804703,0.5572412351958151,70,68,70,68,0,0.10798580077033648,710.8235294117648,0.001900014467537403,0
294,70,0,38.90226994688612,0.25934846631257413,0.5557467135269445,70,68,70,68,0,0.10461651682095408,710.8235294117648,0.002300017513334751,0
295,70,0,38.79408961383051,0.2586272640922034,0.5542012801975787,70,68,70,68,0,0.10818033305562835,710.8235294117648,0.002800021320581436,0
296,70,0,38.68769500446365,0.2579179666964243,0.5526813572066237,70,67,70,67,0,0.10639460936687328,708.044776119403,0.004099973011761904,0
297,70,0,38.582875768137384,0.2572191717875826,0.5511839395448199,70,68,70,68,0,0.10481923632630696,710.8235294117648,0.0016999547369778156,0
298,70,0,38.476942703780594,0.2565129513585373,0.5496706100540085,70,68,70,68,0,0.10593306435680461,710.8235294117648,0.0012999516911804676,0
299,70,0,38.369385187575034,0.2557959012505002,0.5481340741082148,70,67,70,67,0,0.1075575162055884,701.179104477612,0.002200016751885414,0
300,70,0,38.26449922758675,0.25509666151724497,0.5466357032512392,70,68,70,68,0,0.10488595998830874,710.8235294117648,0.0024999608285725117,0
301,70,0,38.16124888980847,0.2544083259320565,0.5451606984258353,70,67,70,67,0,0.10325033777829162,718.7910447761194,0.002500019036233425,0
302,70,0,38.05519417984455,0.253701294532297,0.5436456311406364,70,68,70,68,0,0.10605470996395638,710.8235294117648,0.002500019036233425,0
303,70,0,37.94938978038437,0.25299593186922914,0.5421341397197768,70,67,70,67,0,0.10580439946019737,707.4477611940298,0.002500019036233425,0
304,70,0,37.840292035110664,0.25226861356740443,0.5405756005015812,70,68,70,68,0,0.10909774527371496,710.8235294117648,0.0027999631129205227,0
305,70,0,37.73341414205718,0.25155609428038117,0.5390487734579597,70,67,70,67,0,0.10687789305350748,701.179104477612,0.002200016751885414,0
306,70,0,37.62500634447886,0.2508333756298591,0.5375000906354123,70,67,70,67,0,0.1084077975783515,701.179104477612,0.0021999585442245007,0
307,70,0,37.52421228537294,0.2501614152358196,0.5360601755053277,70,68,70,68,0,0.10079405910595085,710.8235294117648,0.002500019036233425,0
308,70,0,37.423418226267,0.24948945484178003,0.5346202603752429,70,68,70,68,0,0.10079405910596506,710.8235294117648,0.0028999638743698597,0
309,70,0,37.316293058382854,0.2487752870558857,0.533089900834041,70,68,70,68,0,0.10712516788416337,710.8235294117648,0.0020999577827751637,0
310,70,0,37.21443941078988,0.2480962627385992,0.5316348487255695,70,68,70,68,0,0.10185364759303184,710.8235294117648,0.0017999554984271526,0
311,70,0,37.109285187284605,0.24739523458189738,0.5301326455326373,70,68,70,68,0,0.1051542235052807,710.8235294117648,0.001800013706088066,0
312,70,0,37.00528801733218,0.24670192011554784,0.528646971676174,70,68,70,68,0,0.10399716995246422,710.8235294117648,0.001500011421740055,0
313,69,0,36.896811515517896,0.24597874343678597,0.5347363987756217,70,67,70,67,0,0.10847650181429458,706.5522388059702,0.001600012183189392,0
314,69,0,36.79723409132133,0.2453148939421422,0.5332932477003091,69,67,69,67,0,0.0995774241965961,700.5820895522388,0.001300009898841381,0
315,69,0,36.69382297552636,0.24462548650350907,0.5317945358771936,69,67,69,67,0,0.10341111579498374,700.5820895522388,0.001700012944638729,0
316,69,0,36.59484783813881,0.24396565225425873,0.5303601135962147,69,67,69,67,0,0.09897513738756913,700.5820895522388,0.0037999707274138927,0
317,69,0,36.49377749762158,0.24329184998414385,0.5288953260524869,69,66,69,66,0,0.1010703405172535,708.5151515151515,0.003600027412176132,0
318,69,0,36.394133529966595,0.24262755686644397,0.5274512105792262,69,67,69,67,0,0.09964396765499828,700.5820895522388,0.004099973011761904,0
319,69,0,36.28240236609964,0.24188268244066427,0.5258319183492701,69,65,69,65,0,0.11173116386697757,714.5384615384615,0.002400018274784088,0
320,69,0,36.179808451601886,0.24119872301067924,0.5243450500232157,69,66,69,66,0,0.10259391449778832,708.5151515151515,0.002900022082030773,0
321,69,0,36.06976828999214,0.24046512193328093,0.5227502650723499,69,67,69,67,0,0.11004016160975993,700.5820895522388,0.002900022082030773,0
322,69,0,35.967288656746405,0.23978192437830936,0.5212650529963249,69,66,69,66,0,0.10247963324576403,690.939393939394,0.002900022082030773,0
323,69,0,35.8587143831841,0.239058095887894,0.5196915127997697,69,67,69,67,0,0.10857427356231142,700.5820895522388,0.002800021320581436,0
324,68,0,35.76127268450203,0.23840848456334687,0.5259010688897358,69,65,69,65,0,0.09744169868210406,702.8461538461538,0.0026999623514711857,0
325,67,0,35.66329873737872,0.23775532491585813,0.5322880408563988,68,64,68,64,0,0.09797394712333585,686.375,0.001700012944638729,0
326,67,0,35.56563751150327,0.23710425007668845,0.5308304106194517,67,65,67,65,0,0.09766122587548409,680.0769230769231,0.002700020559132099,0
327,67,0,35.47064629267037,0.23647097528446911,0.529412631233886,67,65,67,65,0,0.09499121883293071,680.0769230769231,0.0027999631129205227,0
328,67,0,35.376883866217554,0.23584589244145035,0.5280131920330977,67,65,67,65,0,0.09376242645285515,680.0769230769231,0.0027999631129205227,0
329,67,0,35.27739001008983,0.23518260006726555,0.5265282091058183,67,65,67,65,0,0.09949385612773654,680.0769230769231,0.002700020559132099,0
330,67,0,35.17676484195425,0.23451176561302836,0.5250263409246904,67,65,67,65,0,0.10062516813559341,680.0769230769231,0.003100023604929447,0
331,66,0,35.07598589751572,0.23383990598343815,0.5314543317805412,67,64,67,64,0,0.10077894443855939,687.0,0.0026999623514711857,0
332,66,0,34.98213526315515,0.233214235087701,0.5300323524720477,66,64,66,64,0,0.09385063436059227,670.125,0.002800021320581436,0
333,66,0,34.88888976551466,0.23259259843676441,0.5286195419017373,66,64,66,64,0,0.09324549764052392,670.125,0.0029999646358191967,0
334,66,0,34.79725015975926,0.23198166773172837,0.5272310630266553,66,64,66,64,0,0.0916396057554465,670.125,0.002900022082030773,0
335,65,0,34.703564488144906,0.2313570965876327,0.5339009921253063,66,62,66,62,0,0.09368567161436658,661.1935483870968,0.002500019036233425,0
336,65,0,34.61069505116751,0.2307379670077834,0.5324722315564233,65,63,65,63,0,0.09286943697742345,659.8571428571429,0.003500026650726795,0
337,65,0,34.52038273518278,0.23013588490121853,0.5310828113105043,65,64,65,64,0,0.09031231598474676,652.625,0.002500019036233425,0
338,65,0,34.43393515322392,0.22955956768815947,0.5297528485111372,65,64,65,64,0,0.08644758195889324,652.625,0.0027999631129205227,0
339,65,0,34.34729008051623,0.2289819338701082,0.5284198473925577,65,63,65,63,0,0.08664507270771082,659.8571428571429,0.002900022082030773,0
340,65,0,34.262162856551996,0.22841441904367998,0.5271101977931077,65,63,65,63,0,0.08512722396426398,659.8571428571429,0.003100023604929447,0
341,65,0,34.17624978437702,0.22784166522918015,0.5257884582211849,65,63,65,63,0,0.08591307217500344,659.8571428571429,0.002600019797682762,0
342,65,0,34.084977891843685,0.22723318594562458,0.5243842752591336,65,63,65,63,0,0.09127189253337065,659.8571428571429,0.002700020559132099,0
343,63,0,33.99623302014821,0.22664155346765474,0.5396227463515589,65,62,65,62,0,0.08874487169549639,669.5806451612904,0.002800021320581436,0
344,63,0,33.910250073069065,0.22606833382046043,0.5382579376677629,63,61,63,61,0,0.08598294707917375,638.9672131147541,0.002900022082030773,0
345,63,0,33.82841893086479,0.22552279287243196,0.5369590306486474,63,62,63,62,0,0.08183114220429388,632.8064516129032,0.0024999608285725117,0
346,63,0,33.739819855957904,0.2249321323730527,0.5355526961263157,63,62,63,62,0,0.08859907490692365,632.8064516129032,0.0027999631129205227,0
347,63,0,33.6588174159918,0.224392116106612,0.5342669431109808,63,62,63,62,0,0.08100243996612733,632.8064516129032,0.0025999615900218487,0
348,63,0,33.57444441223032,0.2238296294148688,0.5329276890830209,63,62,63,62,0,0.08437300376151313,632.8064516129032,0.0032999669201672077,0
349,63,0,33.491572908707326,0.22327715272471552,0.5316122683921797,63,62,63,62,0,0.0828715035230374,632.8064516129032,0.0028999638743698597,0
350,63,0,33.407870156777335,0.22271913437851557,0.5302836532821799,63,61,63,61,0,0.0837027519300193,632.0819672131148,0.002900022082030773,0
351,63,0,33.32282156327618,0.22215214375517453,0.5289336756075584,63,62,63,62,0,0.08504859350118465,632.8064516129032,0.0024999608285725117,0
352,63,0,33.23531467786731,0.2215687645191154,0.5275446774264653,63,61,63,61,0,0.08750688540888518,638.9672131147541,0.0032999669201672077,0
353,63,0,33.15438679520261,0.22102924530135074,0.5262601078603589,63,62,63,62,0,0.0809278826647386,632.8064516129032,0.002800021320581436,0
354,62,0,33.07046956231798,0.2204697970821199,0.5333946703599676,63,61,63,61,0,0.08391723288465869,632.0819672131148,0.002400018274784088,0
355,62,0,32.983810810453704,0.21989207206969136,0.5319969485557049,62,62,62,62,0,0.08665875186430583,627.0,0.0021999585442245007,0
356,62,0,32.90060766286017,0.21933738441906778,0.5306549623041964,62,62,62,62,0,0.08320314759355085,627.0,0.002700020559132099,0
357,62,0,32.820098690909,0.21880065793939332,0.5293564304985322,62,62,62,62,0,0.0805089719512182,627.0,0.0023999600671231747,0
358,62,0,32.74272360060522,0.2182848240040348,0.5281084451710518,62,62,62,62,0,0.07737509030381773,627.0,0.002300017513334751,0
359,62,0,32.6589912722968,0.2177266084819787,0.5267579237467226,62,61,62,61,0,0.08373232830844302,622.9016393442623,0.003999972250312567,0
360,62,0,32.57703889807631,0.21718025932050875,0.5254361112592955,62,62,62,62,0,0.0819523742205206,627.0,0.00300002284348011,0
361,62,0,32.49497652861768,0.21663317685745118,0.5241125246551238,62,62,62,62,0,0.08206236945866863,627.0,0.0028999638743698597,0
362,62,0,32.41284113382139,0.21608560755880926,0.5227877602229256,62,61,62,61,0,0.08213539479632459,623.5573770491803,0.002700020559132099,0
363,62,0,32.33361377637043,0.21555742517580284,0.5215098996188778,62,62,62,62,0,0.0792273574510034,627.0,0.0024999608285725117,0
364,62,0,32.255823593720045,0.21503882395813365,0.5202552192535491,62,62,62,62,0,0.07779018265043192,627.0,0.0025999615900218487,0
365,62,0,32.17531462176887,0.21450209747845914,0.518956687447885,62,62,62,62,0,0.08050897195118978,627.0,0.002800021320581436,0
366,62,0,32.088769414221844,0.21392512942814562,0.5175607970035782,62,60,62,60,0,0.08654520754706141,631.3333333333334,0.00300002284348011,0
367,62,0,32.00708411537176,0.21338056076914508,0.5162432921834155,62,62,62,62,0,0.08168529885011822,627.0,0.002700020559132099,0
368,62,0,31.925411874439785,0.2128360791629319,0.5149259979748353,62,62,62,62,0,0.08167224093200787,627.0,0.0025999615900218487,0
369,62,0,31.847621691789406,0.2123174779452627,0.5136713176095066,62,62,62,62,0,0.0777901826504177,627.0,0.003600027412176132,0
370,62,0,31.762853715735396,0.21175235810490264,0.5123040921892806,62,62,62,62,0,0.08476797605403874,627.0,0.002800021320581436,0
371,62,0,31.68122830314165,0.21120818868761101,0.5109875532764783,62,61,62,61,0,0.0816254125937661,635.0327868852459,0.002800021320581436,0
372,62,0,31.60288340983989,0.2106858893989326,0.5097239259651596,62,62,62,62,0,0.07834489330180361,627.0,0.002400018274784088,0
373,62,0,31.52159150691371,0.2101439433794247,0.5084127662405438,62,62,62,62,0,0.08129190292621047,627.0,0.002500019036233425,0
374,62,0,31.44098875049281,0.20960659166995207,0.5071127217821422,62,62,62,62,0,0.08060275642093018,627.0,0.003100023604929447,0
375,62,0,31.361613813502835,0.20907742542335223,0.505832480862949,62,62,62,62,0,0.07937493699000697,627.0,0.0025999615900218487,0
376,62,0,31.278992564963243,0.20852661709975495,0.5044998800800522,62,61,62,61,0,0.08262124853962405,632.7377049180328,0.002600019797682762,0
377,62,0,31.19394542083281,0.2079596361388854,0.5031281519489164,62,62,62,62,0,0.08504714413047054,627.0,0.0029999646358191967,0
378,61,0,31.114568977893732,0.20743045985262487,0.5100749012769465,62,61,62,61,0,0.0793764429391075,623.5573770491803,0.0028999638743698597,0
379,61,0,31.033426696051393,0.20688951130700928,0.5087446999352687,61,60,61,60,0,0.08114228184236083,610.3333333333334,0.0038999714888632298,0
380,61,0,30.9525211558258,0.20635014103883867,0.5074183796037015,61,61,61,61,0,0.08090554022562912,617.0,0.002700020559132099,0
381,61,0,30.877912612914585,0.2058527507527639,0.5061952887363047,61,61,61,61,0,0.07460854291124974,617.0,0.002400018274784088,0
382,61,0,30.798609317566147,0.20532406211710763,0.5048952347141992,61,61,61,61,0,0.07930329534848113,617.0,0.002600019797682762,0
383,61,0,30.717584281509154,0.20478389521006102,0.5035669554345763,61,61,61,61,0,0.08102503605701372,617.0,0.0029999646358191967,0
384,61,0,30.63794658743705,0.20425297724958033,0.5022614194661812,61,61,61,61,0,0.07963769407213306,617.0,0.002700020559132099,0
385,61,0,30.558809756338277,0.2037253983755885,0.5009640943662014,61,61,61,61,0,0.07913683109880765,617.0,0.003100023604929447,0
386,61,0,30.482394694347942,0.20321596462898628,0.49971138843193347,61,61,61,61,0,0.0764150619903603,617.0,0.002700020559132099,0
387,61,0,30.40778615143673,0.20271857434291154,0.4984882975645365,61,61,61,61,0,0.07460854291124974,617.0,0.002300017513334751,0
388,61,0,30.321085011254947,0.20214056674169964,0.497066967397622,61,61,61,61,0,0.08670114018181607,617.0,0.002500019036233425,0
389,61,0,30.240111578633858,0.20160074385755905,0.4957395340759649,61,61,61,61,0,0.08097343262110712,617.0,0.0024999608285725117,0
390,61,0,30.16459977618309,0.20109733184122058,0.49450163567513256,61,61,61,61,0,0.07551180245081923,617.0,0.002900022082030773,0
391,61,0,30.0844790973689,0.20056319398245934,0.4931881819240802,61,61,61,61,0,0.08012067881421103,617.0,0.003200024366378784,0
392,61,0,30.007468673343002,0.20004979115562002,0.4919257159564426,61,61,61,61,0,0.07701042402592861,617.0,0.002700020559132099,0
393,61,0,29.92734799452881,0.19951565329685872,0.49061226220539017,61,61,61,61,0,0.08012067881421103,617.0,0.0027999631129205227,0
394,61,0,29.83888985270879,0.19892593235139192,0.4891621287329309,61,61,61,61,0,0.08845814182004119,617.0,0.0029999646358191967,0
395,61,0,29.760857346228903,0.198405715641526,0.48788290731522793,61,61,61,61,0,0.07803250647992854,617.0,0.0028999638743698597,0
396,61,0,29.681358908323844,0.1978757260554923,0.48657965423481714,61,61,61,61,0,0.07949843790508737,617.0,0.0028999638743698597,0
397,61,0,29.60499471420391,0.19736663142802607,0.4853277822000641,61,61,61,61,0,0.07636419411996087,617.0,0.0022999593056738377,0
398,60,0,29.52794224876353,0.1968529483250902,0.49213237081272554,61,60,61,60,0,0.0770524654404312,614.3333333333334,0.002900022082030773,0
399,60,0,29.446589034760947,0.196310593565073,0.49077648391268247,60,59,60,59,0,0.08135321400260409,614.6271186440678,0.0035999692045152187,0
400,60,0,29.36986013712741,0.19579906758084942,0.48949766895212343,60,60,60,60,0,0.07672889763355784,607.0,0.0024999608285725117,0
401,60,0,29.292171466350993,0.19528114310900663,0.48820285777251665,60,60,60,60,0,0.07768867077643904,607.0,0.0033999676816165447,0
402,60,0,29.21516155008703,0.19476774366724686,0.4869193591681172,60,60,60,60,0,0.07700991626400366,607.0,0.002800021320581436,0
403,60,0,29.143060755985232,0.19428707170656823,0.48571767926642057,60,60,60,60,0,0.07210079410182857,607.0,0.0030999653972685337,0
404,60,0,29.068003370117374,0.1937866891341158,0.48446672283528963,60,60,60,60,0,0.07505738586787913,607.0,0.002200016751885414,0
405,60,0,28.995902576015588,0.19330601717343726,0.4832650429335931,60,60,60,60,0,0.07210079410182857,607.0,0.0020999577827751637,0
406,60,0,28.91894352762202,0.19279295685081346,0.48198239212703375,60,60,60,60,0,0.07695904839360423,607.0,0.001500011421740055,0
407,60,0,28.840633437192356,0.19227088958128238,0.4806772239532059,60,60,60,60,0,0.07831009042968162,607.0,0.0025999615900218487,0
408,60,0,28.76455906555438,0.19176372710369585,0.4794093177592397,60,59,60,59,0,0.07607437163801478,614.6271186440678,0.00400003045797348,0
409,60,0,28.684102490793922,0.19122734993862614,0.47806837484656545,60,60,60,60,0,0.08045657476047552,607.0,0.0029999646358191967,0
410,60,0,28.61048384794868,0.19073655898632452,0.4768413974658114,60,60,60,60,0,0.07361864284527542,607.0,0.002900022082030773,0
411,60,0,28.531650750218233,0.19021100500145488,0.47552751250363723,60,60,60,60,0,0.07883309773046676,607.0,0.002200016751885414,0
412,60,0,28.4583490155591,0.189722326770394,0.47430581692598495,60,60,60,60,0,0.073301734659168,607.0,0.003600027412176132,0
413,60,0,28.38466346711771,0.18923108978078473,0.47307772445196183,60,60,60,60,0,0.07368554844141784,607.0,0.002600019797682762,0
414,60,0,28.309377860926226,0.18872918573950817,0.4718229643487704,60,60,60,60,0,0.07528560619152813,607.0,0.00200001522898674,0
415,60,0,28.227555073906007,0.18818370049270672,0.4704592512317668,60,60,60,60,0,0.08182278702022927,607.0,0.002100015990436077,0
416,60,0,28.144055579686743,0.18762703719791163,0.4690675929947791,60,59,60,59,0,0.08349949421929637,605.8135593220339,0.0017999554984271526,0
417,60,0,28.065791488635597,0.18710527659090398,0.4677631914772601,60,60,60,60,0,0.07826409105115317,607.0,0.001600012183189392,0
418,60,0,27.991288813419125,0.18660859208946085,0.4665214802236521,60,60,60,60,0,0.07450267521650744,607.0,0.001500011421740055,0
419,60,0,27.914734374198176,0.18609822916132118,0.46524557290330293,60,60,60,60,0,0.0765544392209847,607.0,0.0013999524526298046,0
420,59,0,27.838769764621187,0.18559179843080792,0.47184355533256245,60,59,60,59,0,0.07596460957701368,606.4915254237288,0.001500011421740055,0
421,59,0,27.76333707524907,0.1850889138349938,0.4705650351737129,59,59,59,59,0,0.07543268937213554,597.0,0.0016999547369778156,0
422,59,0,27.689268485831157,0.1845951232388744,0.4693096353530704,59,58,59,58,0,0.0740685894179478,593.2068965517242,0.0018999562598764896,0
423,59,0,27.614855870388546,0.18409903913592363,0.4680484045828566,59,59,59,59,0,0.07441261544262545,597.0,0.001400010660290718,0
424,59,0,27.539763282817006,0.1835984218854467,0.4667756488613052,59,59,59,59,0,0.0750925875715609,597.0,0.001500011421740055,0
425,58,0,27.46523247429134,0.18310154982860893,0.4735384909360576,59,58,59,58,0,0.0745308085256795,607.0,0.001400010660290718,0
426,58,0,27.392826147138205,0.18261884098092138,0.47229010598514143,58,58,58,58,0,0.07240632715316053,587.0,0.0015999539755284786,0
427,58,0,27.317239690973665,0.18211493127315775,0.47098689122368376,58,57,58,57,0,0.07558645616454385,583.3157894736842,0.002400018274784088,0
428,58,0,27.24650754151147,0.18164338361007645,0.46976737140537017,58,58,58,58,0,0.0707321494622164,587.0,0.001900014467537403,0
429,58,0,27.176361743402737,0.18117574495601824,0.4685579610931505,58,58,58,58,0,0.07014579810874011,587.0,0.003500026650726795,0
430,58,0,27.102290756614252,0.18068193837742835,0.4672808751140388,58,58,58,58,0,0.07407098678851298,587.0,0.0032999669201672077,0
431,58,0,27.027818371409612,0.1801854558093974,0.4659968684725796,58,58,58,58,0,0.07447238520464339,587.0,0.003100023604929447,0
432,58,0,26.957672573300876,0.17971781715533916,0.46478745816036,58,58,58,58,0,0.07014579810876853,587.0,0.004100031219422817,0
433,58,0,26.88559317152691,0.1792372878101794,0.46354470985391233,58,57,58,57,0,0.07207940177397631,582.2631578947369,0.002200016751885414,0
434,58,0,26.81552510464597,0.17877016736430648,0.4623366397352755,58,58,58,58,0,0.0700680668809639,587.0,0.002100015990436077,0
435,58,0,26.744750038584463,0.1782983335905631,0.46111637997559424,58,58,58,58,0,0.07077506606151474,587.0,0.0022999593056738377,0
436,57,0,26.677081253322783,0.1778472083554852,0.46801896935654,58,57,58,57,0,0.06766878526170217,586.1228070175439,0.003300025127828121,0
437,57,0,26.61123899885444,0.17740825999236293,0.4668638420851656,57,57,57,57,0,0.06584225446835035,577.0,0.002500019036233425,0
438,57,0,26.54419580382875,0.17696130535885832,0.4656876456812062,57,57,57,57,0,0.0670431950257182,577.0,0.002600019797682762,0
439,57,0,26.47553830966462,0.17650358873109748,0.4644831282397302,57,57,57,57,0,0.06865749416414246,577.0,0.002900022082030773,0
440,57,0,26.403534923815485,0.1760235661587699,0.46321991094413123,57,57,57,57,0,0.07200338584914334,577.0,0.0026999623514711857,0
441,56,0,26.338276082518384,0.17558850721678923,0.4703263586163997,57,56,57,56,0,0.06525884129709425,583.4285714285714,0.002400018274784088,0
442,55,0,26.27284338674266,0.17515228924495108,0.4776880615771392,56,55,56,55,0,0.06543269577574051,573.0,0.003300025127828121,0
443,55,0,26.202487899064092,0.17468325266042728,0.47640887089207445,55,55,55,55,0,0.0703554876785546,557.0,0.0028999638743698597,0
444,55,0,26.137918406518924,0.17425278937679284,0.47523488011852605,55,55,55,55,0,0.06456949254517497,557.0,0.0029999646358191967,0
445,55,0,26.07234311597304,0.1738156207731536,0.4740426021086007,55,55,55,55,0,0.06557529054589395,557.0,0.0031999661587178707,0
446,55,0,26.007412064876952,0.17338274709917967,0.4728620375432173,55,55,55,55,0,0.06493105109608166,557.0,0.0031999661587178707,0
447,55,0,25.94387308648887,0.1729591539099258,0.4717067833907067,55,55,55,55,0,0.06353897838808109,557.0,0.002700020559132099,0
448,55,0,25.88099270169402,0.1725399513446268,0.470563503667164,55,55,55,55,0,0.06288038479486602,557.0,0.002900022082030773,0
449,55,0,25.8173653863071,0.17211576924204733,0.46940664338740185,55,55,55,55,0,0.06362731538692401,557.0,0.002900022082030773,0
450,54,0,25.75719678304695,0.171714645220313,0.4769851256119806,55,54,55,54,0,0.060168603260152054,559.5925925925926,0.002700020559132099,0
451,54,0,25.693818567250744,0.17129212378167163,0.47581145494908794,54,54,54,54,0,0.06337821579620595,547.0,0.0030999653972685337,0
452,54,0,25.6342187292424,0.17089479152828266,0.47470775424522954,54,54,54,54,0,0.05959983800835289,547.0,0.002400018274784088,0
453,54,0,25.57251469113714,0.17048343127424762,0.47356508687291005,54,54,54,54,0,0.061704038105247605,547.0,0.002700020559132099,0
454,53,0,25.514098703103144,0.17009399135402095,0.48139808873779516,54,53,54,53,0,0.05841598803401382,551.7169811320755,0.002300017513334751,0
455,53,0,25.454700523285787,0.16969800348857192,0.4802773683638828,53,53,53,53,0,0.05939817981735018,537.0,0.002600019797682762,0
456,53,0,25.396516968271495,0.16931011312180996,0.47917956543908474,53,53,53,53,0,0.05818355501429551,537.0,0.002600019797682762,0
457,53,0,25.33821600192838,0.16892144001285586,0.47807954720619583,53,53,53,53,0,0.05830096634312554,537.0,0.002300017513334751,0
458,53,0,25.280032446914085,0.1685335496460939,0.4769817442813978,53,53,53,53,0,0.05818355501429551,537.0,0.002400018274784088,0
459,53,0,25.22111689136709,0.16814077927578058,0.47587013002579404,53,53,53,53,0,0.058915555547002896,537.0,0.0023999600671231747,0
460,53,0,25.163719184563536,0.16775812789709024,0.47478715442572705,53,53,53,53,0,0.05739770680355605,537.0,0.0022999593056738377,0
461,53,0,25.102233406130736,0.16734822270753824,0.473627045398693,53,53,53,53,0,0.06148577843281089,537.0,0.00200001522898674,0
462,53,0,25.042023382247333,0.16694682254831555,0.4724910072122137,53,53,53,53,0,0.06021002388341401,537.0,0.002800021320581436,0
463,53,0,24.983722415904218,0.16655814943936145,0.47139098897932485,53,53,53,53,0,0.05830096634311133,537.0,0.002400018274784088,0
464,53,0,24.920716439783714,0.1661381095985581,0.47020219697705135,53,53,53,53,0,0.0630059761204933,537.0,0.001700012944638729,0
465,52,0,24.865276619371144,0.16576851079580762,0.4781783965263683,53,52,53,52,0,0.055439820412573226,528.1538461538462,0.001500011421740055,0
466,52,0,24.807484963088967,0.16538323308725977,0.4770670185209418,52,52,52,52,0,0.05779165628217697,527.0,0.001200009137392044,0
467,52,0,24.744612218647553,0.16496408145765035,0.47585792728168375,52,52,52,52,0,0.06287274444142099,527.0,0.001200009137392044,0
468,52,0,24.684707251939784,0.1645647150129319,0.47470590869114976,52,52,52,52,0,0.05990496670776224,527.0,0.00300002284348011,0
469,51,0,24.62556346259378,0.16417042308395854,0.4828541855410547,52,51,52,51,0,0.0591437893459954,535.0392156862745,0.002100015990436077,0
470,51,0,24.567596979898667,0.1637839798659911,0.48171758784115054,51,51,51,51,0,0.05796648269512161,517.0,0.0018999562598764896,0
471,51,0,24.51071759383816,0.16340478395892105,0.4806023057615325,51,51,51,51,0,0.05687938606050125,517.0,0.001400010660290718,0
472,51,0,24.455644726856775,0.1630376315123785,0.4795224456246426,51,51,51,51,0,0.05507286698139069,517.0,0.00100000761449337,0
473,51,0,24.399668600335822,0.16266445733557214,0.47842487451638865,51,51,51,51,0,0.05597612652096018,517.0,0.001200009137392044,0
474,51,0,24.344699460437536,0.1622979964029169,0.4773470482438733,51,51,51,51,0,0.05496913989829011,517.0,0.001100008375942707,0
475,51,0,24.29004168580274,0.16193361123868494,0.47627532717260285,51,51,51,51,0,0.05465777463480492,517.0,0.001500011421740055,0
476,51,0,24.23187769155481,0.16154585127703208,0.4751348566971531,51,51,51,51,0,0.05816399424793417,517.0,0.001400010660290718,0
477,51,0,24.178005765130763,0.16118670510087174,0.4740785444143287,51,51,51,51,0,0.05387192642405125,517.0,0.001500011421740055,0
478,51,0,24.122932898149376,0.16081955265432918,0.4729986842774389,51,51,51,51,0,0.05507286698139069,517.0,0.001300009898841381,0
479,51,0,24.068275123514585,0.16045516749009722,0.4719269632061684,51,51,51,51,0,0.05465777463479071,517.0,0.001300009898841381,0
480,51,0,24.010164310981146,0.16006776207320764,0.4707875355094342,51,51,51,51,0,0.05811081253344241,517.0,0.0014999532140791416,0
481,51,0,23.953700017267224,0.15969133344844816,0.46968039249543575,51,51,51,51,0,0.05646429371392969,517.0,0.0013999524526298046,0
482,51,0,23.89982809084318,0.15933218727228787,0.46862408021261137,51,51,51,51,0,0.05387192642405125,517.0,0.001400010660290718,0
483,51,0,23.8434521341281,0.158956347560854,0.4675186692966294,51,51,51,51,0,0.05637595671508677,517.0,0.001500011421740055,0
484,51,0,23.78399351449968,0.1585599567633312,0.4663528140097976,51,50,51,50,0,0.05945861962841548,517.8,0.001400010660290718,0
485,51,0,23.727124245278816,0.15818082830185878,0.46523773029958465,51,51,51,51,0,0.056869269220868546,517.0,0.001400010660290718,0
486,51,0,23.67062103394621,0.15780414022630807,0.46412982419502374,51,51,51,51,0,0.05650321133259695,517.0,0.001600012183189392,0
487,51,0,23.61476231875408,0.1574317487916939,0.4630345552696878,51,51,51,51,0,0.05585871519214436,517.0,0.001500011421740055,0
488,51,0,23.559830803842978,0.1570655386922865,0.4619574667420191,51,51,51,51,0,0.05493151491110382,517.0,0.003700028173625469,0
489,51,0,23.50595887741893,0.1567063925161262,0.46090115445919466,51,51,51,51,0,0.05387192642405125,517.0,0.003800028935074806,0
490,50,0,23.449010686560538,0.15632673791040358,0.4689802137312107,51,50,51,50,0,0.05694819085840663,508.6,0.0032999669201672077,0
491,50,0,23.39496455841456,0.1559664303894304,0.4678992911682912,50,50,50,50,0,0.054046128145984085,507.0,0.0029999646358191967,0
492,50,0,23.341235081764033,0.1556082338784269,0.4668247016352806,50,50,50,50,0,0.053729476650545394,507.0,0.0028999638743698597,0
493,50,0,23.286993811061443,0.1552466254070763,0.46573987622122887,50,50,50,50,0,0.05424127070259033,507.0,0.0032999669201672077,0
494,50,0,23.230862453296233,0.1548724163553082,0.46461724906592466,50,50,50,50,0,0.056131357765224266,507.0,0.002700020559132099,0
495,50,0,23.175287539947895,0.15450191693298596,0.4635057507989579,50,50,50,50,0,0.05557491334833742,507.0,0.002700020559132099,0
496,50,0,23.120558102052332,0.15413705401368222,0.46241116204104665,50,50,50,50,0,0.05472943789557405,507.0,0.002800021320581436,0
497,50,0,23.06722009088931,0.1537814672725954,0.4613444018177863,50,50,50,50,0,0.05333801116302084,507.0,0.002500019036233425,0
498,50,0,23.01508302028363,0.15343388680189085,0.46030166040567266,50,50,50,50,0,0.05213707060570982,507.0,0.002700020559132099,0
499,50,0,22.958048402978854,0.153053656019859,0.45916096805957707,50,50,50,50,0,0.057034617304765334,507.0,0.002700020559132099,0
500,50,0,22.905911332373165,0.15270607554915444,0.4581182266474634,50,50,50,50,0,0.05213707060570982,507.0,0.002800021320581436,0
501,50,0,22.852573321210144,0.15235048880806762,0.457051466424203,50,50,50,50,0,0.05333801116302084,507.0,0.002300017513334751,0
502,50,0,22.798864554182966,0.1519924303612198,0.4559772910836593,50,50,50,50,0,0.05370876702718874,507.0,0.002400018274784088,0
503,50,0,22.7443256024626,0.15162883734975066,0.45488651204925207,50,49,50,49,0,0.054538951720388695,514.9591836734694,0.0026999623514711857,0
504,50,0,22.68969286627251,0.1512646191084834,0.4537938573254502,50,50,50,50,0,0.05463273619008646,507.0,0.0025999615900218487,0
505,50,0,22.63425065501258,0.15089500436675052,0.45268501310025155,50,50,50,50,0,0.055442211259943974,507.0,0.0025999615900218487,0
506,50,0,22.581210324867335,0.15054140216578224,0.4516242064973467,50,50,50,50,0,0.0530403301452651,507.0,0.0023999600671231747,0
507,50,0,22.52907325426165,0.15019382169507767,0.450581465085233,50,50,50,50,0,0.0521370706056814,507.0,0.002700020559132099,0
508,50,0,22.47424656413688,0.14982831042757921,0.44948493128273753,50,50,50,50,0,0.05482669012478425,507.0,0.002600019797682762,0
509,50,0,22.421049905044136,0.14947366603362758,0.4484209981008827,50,50,50,50,0,0.05319665909276239,507.0,0.0021999585442245007,0
510,50,0,22.368912834438454,0.14912608556292303,0.4473782566887692,50,50,50,50,0,0.0521370706056814,507.0,0.003100023604929447,0
511,49,0,22.316468551683563,0.14877645701122374,0.4554381337078278,50,49,50,49,0,0.0524442827549052,502.3061224489796,0.0024999608285725117,0
512,49,0,22.26612788331736,0.14844085255544906,0.4544107731289257,49,49,49,49,0,0.050340668366217756,497.0,0.0034999684430658817,0
513,49,0,22.215787214951156,0.14810524809967437,0.45338341255002357,49,49,49,49,0,0.050340668366217756,497.0,0.004300032742321491,0
514,49,0,22.165446546584956,0.14776964364389972,0.4523560519711216,49,49,49,49,0,0.050340668366217756,497.0,0.003700028173625469,0
515,49,0,22.111878468792305,0.14741252312528202,0.4512628258937205,49,49,49,49,0,0.053568077792661484,497.0,0.0027999631129205227,0
516,49,0,22.060336859868762,0.1470689123991251,0.45021095632385216,49,49,49,49,0,0.05154160892355719,497.0,0.002900022082030773,0
517,49,0,22.006808462177126,0.14671205641451418,0.44911854004443114,49,48,49,48,0,0.0535283976916503,504.9166666666667,0.002800021320581436,0
518,49,0,21.95526685325358,0.1463684456883572,0.44806667047456294,49,49,49,49,0,0.05154160892354298,497.0,0.002600019797682762,0
519,49,0,21.902939396119294,0.1460195959741286,0.446998763186108,49,49,49,49,0,0.05232745713431086,497.0,0.002900022082030773,0
520,49,0,21.85181287954234,0.14567875253028226,0.4459553648886191,49,49,49,49,0,0.051126516576971426,497.0,0.0027999631129205227,0
521,49,0,21.796190224367173,0.1453079348291145,0.44482020866055455,49,49,49,49,0,0.05562265517517062,497.0,0.002900022082030773,0
522,49,0,21.744946296461407,0.14496630864307605,0.4437744142134981,49,49,49,49,0,0.051243927905773035,497.0,0.002700020559132099,0
523,49,0,21.691080537650976,0.14460720358433984,0.4426751130132852,49,49,49,49,0,0.05386575881044564,497.0,0.002500019036233425,0
524,49,0,21.640739869284776,0.14427159912856516,0.4416477524343831,49,49,49,49,0,0.050340668366203545,497.0,0.0030999653972685337,0
525,49,0,21.590399200918572,0.14393599467279047,0.44062039185548113,49,49,49,49,0,0.050340668366231967,497.0,0.0015999539755284786,0
526,49,0,21.540058532552372,0.14360039021701582,0.439593031276579,49,49,49,49,0,0.050340668366203545,497.0,0.0013999524526298046,0
527,49,0,21.488594654856627,0.1432572976990442,0.4385427480582985,49,49,49,49,0,0.05146387769576677,497.0,0.001700012944638729,0
528,49,0,21.437468138279677,0.14291645425519783,0.4374993497608097,49,49,49,49,0,0.051126516576971426,497.0,0.001300009898841381,0
529,48,0,21.384755031341154,0.14256503354227437,0.44551572981960735,49,48,49,48,0,0.052713106938512055,496.1666666666667,0.001300009898841381,0
530,48,0,21.334615585185468,0.14223077056790312,0.44447115802469733,48,48,48,48,0,0.05013944615569699,487.0,0.001200009137392044,0
531,48,0,21.284046069805974,0.14189364046537317,0.4434176264542911,48,48,48,48,0,0.05056951537952159,487.0,0.001500011421740055,0
532,48,0,21.234024034979104,0.14156016023319404,0.4423755007287314,48,48,48,48,0,0.05002203482686696,487.0,0.001300009898841381,0
533,48,0,21.183171815459055,0.1412211454363937,0.4413160794887303,48,47,48,47,0,0.05085221952006691,494.8723404255319,0.001400010660290718,0
534,48,0,21.13312907100883,0.14088752714005887,0.44027352231268413,48,48,48,48,0,0.05004274445022361,487.0,0.001500011421740055,0
535,48,0,21.08347779204612,0.1405565186136408,0.43923912066762755,48,48,48,48,0,0.049651278962755896,487.0,0.001400010660290718,0
536,48,0,21.033338345890435,0.14022225563926957,0.4381945488727174,48,48,48,48,0,0.05013944615569699,487.0,0.0013999524526298046,0
537,48,0,20.983764798155526,0.13989176532103684,0.43716176662823997,48,48,48,48,0,0.04957354773492284,487.0,0.001300009898841381,0
538,48,0,20.935314459750153,0.13956876306500102,0.43615238457812816,48,48,48,48,0,0.04845033840538804,487.0,0.0027999631129205227,0
539,48,0,20.88483765247567,0.13923225101650447,0.43510078442657646,48,48,48,48,0,0.05047680727449233,487.0,0.0029999646358191967,0
540,48,0,20.834815617648804,0.13889877078432536,0.43405865870101673,48,48,48,48,0,0.05002203482686696,487.0,0.002800021320581436,0
541,48,0,20.786365279243434,0.13857576852828957,0.43304927665090487,48,48,48,48,0,0.04845033840538804,487.0,0.0021999585442245007,0
542,48,0,20.73579576386394,0.1382386384257596,0.43199574508049876,48,48,48,48,0,0.05056951537952159,487.0,0.001300009898841381,0
543,47,0,20.68790761186947,0.1379193840791298,0.44016824706105245,48,47,48,47,0,0.04788815199447072,478.27659574468083,0.001900014467537403,0
544,46,0,20.639005596076846,0.1375933706405123,0.44867403469732275,47,46,47,46,0,0.048902015792634757,477.0,0.0015999539755284786,0
545,46,0,20.590801410727224,0.13727200940484816,0.4476261176245049,46,45,46,45,0,0.048204185349618456,474.77777777777777,0.001200009137392044,0
546,46,0,20.541664891508066,0.13694443261005376,0.4465579324240884,46,46,46,46,0,0.049136519219160846,467.0,0.001600012183189392,0
547,46,0,20.495745175944315,0.1366383011729621,0.44555967773791993,46,46,46,46,0,0.045919715563769614,467.0,0.001600012183189392,0
548,46,0,20.449039612169816,0.13632693074779878,0.4445443393949961,46,46,46,46,0,0.046705563774509073,467.0,0.002600019797682762,0
549,46,0,20.400561686543888,0.13600374457695927,0.4434904714466061,46,46,46,46,0,0.04847792562594577,467.0,0.002400018274784088,0
550,46,0,20.351336830325884,0.13567557886883924,0.44242036587664957,46,46,46,46,0,0.049224856218017976,467.0,0.002800021320581436,0
551,46,0,20.3047486778802,0.135364991185868,0.4414075799539175,46,46,46,46,0,0.04658815244567904,467.0,0.002200016751885414,0
552,46,0,20.257330340741333,0.13504886893827556,0.440376746537855,46,46,46,46,0,0.047418337138878996,467.0,0.001400010660290718,0
553,45,0,20.211794109443556,0.13474529406295704,0.4491509802098567,46,45,46,45,0,0.04553623129780249,474.77777777777777,0.0013999524526298046,0
554,45,0,20.16457130414611,0.13443047536097408,0.44810158453658017,45,45,45,45,0,0.04722280529745149,457.0,0.001600012183189392,0
555,45,0,20.11918409225777,0.13412789394838512,0.4470929798279505,45,44,45,44,0,0.04538721188836803,453.3636363636364,0.002500019036233425,0
556,45,0,20.072502469224737,0.13381668312816491,0.44605561042721625,45,45,45,45,0,0.04668162303303802,457.0,0.0026999623514711857,0
557,45,0,20.027901105547144,0.13351934070364763,0.4450644690121586,45,45,45,45,0,0.04460136367760015,457.0,0.0024999608285725117,0
558,45,0,19.98329974186955,0.13322199827913034,0.44407332759710116,45,45,45,45,0,0.04460136367760015,457.0,0.0027999631129205227,0
559,45,0,19.937009270441642,0.13291339513627762,0.4430446504542587,45,45,45,45,0,0.0462904714279091,457.0,0.0025999615900218487,0
560,45,0,19.891475572894514,0.13260983715263008,0.442032790508767,45,45,45,45,0,0.04553369754717096,457.0,0.002700020559132099,0
561,44,0,19.84755369115583,0.13231702460770553,0.45108076570808725,45,44,45,44,0,0.043921881738697266,460.1818181818182,0.002400018274784088,0
562,44,0,19.805456357769273,0.13203637571846183,0.4501240081311199,44,44,44,44,0,0.04209733338657884,447.0,0.002700020559132099,0
563,44,0,19.763359024382716,0.1317557268292181,0.4491672505541527,44,44,44,44,0,0.04209733338657884,447.0,0.002400018274784088,0
564,44,0,19.71945517191703,0.13146303447944688,0.44816943572538714,44,44,44,44,0,0.0439038524656894,447.0,0.0026999623514711857,0
565,43,0,19.678826890911047,0.13119217927274032,0.45764713699793147,44,43,44,43,0,0.04062828100600768,450.0232558139535,0.002800021320581436,0
566,43,0,19.63849893747569,0.13092332624983793,0.4567092776157138,43,43,43,43,0,0.04032795343539419,437.0,0.002400018274784088,0
567,43,0,19.596481876290028,0.1306432125086002,0.4557321366579076,43,43,43,43,0,0.04201706118567472,437.0,0.002500019036233425,0
568,43,0,19.55615392285467,0.13037435948569778,0.4547942772756899,43,43,43,43,0,0.04032795343539419,437.0,0.002500019036233425,0
569,43,0,19.515825969419314,0.13010550646279542,0.45385641789347236,43,43,43,43,0,0.04032795343536577,437.0,0.0026999623514711857,0
570,43,0,19.473808908233643,0.12982539272155763,0.45287927693566626,43,43,43,43,0,0.04201706118570314,437.0,0.002400018274784088,0
571,42,0,19.434479129677825,0.12956319419785217,0.4627256935637578,43,42,43,42,0,0.03932977855583886,438.42857142857144,0.0023999600671231747,0
572,42,0,19.394094653972573,0.12929396435981716,0.4617641584279184,42,42,42,42,0,0.04038447570528092,427.0,0.002200016751885414,0
573,42,0,19.354457108859386,0.12902971405906258,0.46082040735379487,42,42,42,42,0,0.03963754511323714,427.0,0.002700020559132099,0
574,42,0,19.31587915223326,0.1287725276815551,0.4599018845769824,42,42,42,42,0,0.03857795662614194,427.0,0.002700020559132099,0
575,42,0,19.277301195607137,0.12851534130404757,0.45898336180016985,42,42,42,42,0,0.03857795662614194,427.0,0.0021999585442245007,0
576,42,0,19.23872323898101,0.12825815492654005,0.4580648390233574,42,42,42,42,0,0.03857795662617036,427.0,0.002500019036233425,0
577,42,0,19.198456174604573,0.12798970783069716,0.45710609939534697,42,42,42,42,0,0.04026706437645089,427.0,0.0024999608285725117,0
578,42,0,19.158818629491385,0.12772545752994258,0.4561623483212235,42,42,42,42,0,0.03963754511323714,427.0,0.002200016751885414,0
579,42,0,19.12024067286526,0.1274682711524351,0.455243825544411,42,42,42,42,0,0.03857795662614194,427.0,0.002500019036233425,0
580,42,0,19.080565502764895,0.12720377001843264,0.4542991786372593,42,42,42,42,0,0.03967517010039501,427.0,0.002900022082030773,0
581,42,0,19.04018102705964,0.1269345401803976,0.45333764350142,42,42,42,42,0,0.04038447570528092,427.0,0.0027999631129205227,0
582,42,0,19.001603070433514,0.1266773538028901,0.4524191207246075,42,42,42,42,0,0.03857795662617036,427.0,0.0030999653972685337,0
583,42,0,18.963025113807387,0.1264201674253826,0.451500597947795,42,42,42,42,0,0.03857795662614194,427.0,0.0027999631129205227,0
584,42,0,18.923661308970512,0.12615774205980343,0.4505633644992979,42,42,42,42,0,0.03936380483690982,427.0,0.0029999646358191967,0
585,42,0,18.883394244594076,0.1258892949639605,0.44960462487128744,42,42,42,42,0,0.04026706437647931,427.0,0.002800021320581436,0
586,42,0,18.84481628796795,0.12563210858645302,0.448686102094475,42,42,42,42,0,0.03857795662614194,427.0,0.002900022082030773,0
587,42,0,18.806238331341824,0.1253749222089455,0.44776757931766253,42,42,42,42,0,0.03857795662614194,427.0,0.0027999631129205227,0
588,42,0,18.766757115176134,0.12511171410117422,0.44682755036133653,42,42,42,42,0,0.03948121616573985,427.0,0.0025999615900218487,0
589,42,0,18.72817915855001,0.12485452772366673,0.4459090275845241,42,42,42,42,0,0.03857795662614194,427.0,0.002800021320581436,0
590,42,0,18.689601201923885,0.12459734134615924,0.4449905048077116,42,42,42,42,0,0.03857795662617036,427.0,0.003500026650726795,0
591,42,0,18.651023245297758,0.12434015496865172,0.444071982030899,42,42,42,42,0,0.03857795662614194,427.0,0.0030999653972685337,0
592,42,0,18.609696592434258,0.12406464394956172,0.44308801410557763,42,42,42,42,0,0.04132665286354609,427.0,0.00300002284348011,0
593,42,0,18.567403059188713,0.12378268706125808,0.4420810252187789,42,41,42,41,0,0.04229353324555518,433.0975609756098,0.0025999615900218487,0
594,42,0,18.52882510256259,0.1235255006837506,0.4411625024419664,42,42,42,42,0,0.03857795662614194,427.0,0.0026999623514711857,0
595,42,0,18.490247145936465,0.1232683143062431,0.44024397966515394,42,42,42,42,0,0.03857795662617036,427.0,0.002500019036233425,0
596,42,0,18.450545979980795,0.12300363986653863,0.4392987138090665,42,42,42,42,0,0.039701165955705164,427.0,0.0026999623514711857,0
597,42,0,18.411968023354667,0.12274645348903111,0.438380191032254,42,42,42,42,0,0.03857795662614194,427.0,0.0029999646358191967,0
598,42,0,18.37170095897823,0.1224780063931882,0.43742145140424377,42,42,42,42,0,0.04026706437647931,427.0,0.002200016751885414,0
599,42,0,18.33221974281254,0.12221479828541694,0.4364814224479177,42,42,42,42,0,0.03948121616571143,427.0,0.0025999615900218487,0
600,42,0,18.291952678436104,0.12194635118957403,0.43552268281990725,42,42,42,42,0,0.04026706437645089,427.0,0.002300017513334751,0
601,42,0,18.251685614059667,0.12167790409373111,0.43456394319189684,42,42,42,42,0,0.04026706437647931,427.0,0.002500019036233425,0
602,42,0,18.211262220735733,0.12140841480490489,0.4336014814460889,42,42,42,42,0,0.040423393323948176,427.0,0.002400018274784088,0
603,42,0,18.1706577952405,0.12113771863493668,0.43263470941048804,42,42,42,42,0,0.040604425495274654,427.0,0.002700020559132099,0
604,42,0,18.131293990403623,0.12087529326935749,0.43169747596199104,42,42,42,42,0,0.03936380483690982,427.0,0.00300002284348011,0
605,42,0,18.0927160337775,0.12061810689185,0.43077895318517856,42,42,42,42,0,0.03857795662614194,427.0,0.002600019797682762,0
606,42,0,18.052331558072247,0.12034887705381497,0.4298174180493392,42,42,42,42,0,0.04038447570528092,427.0,0.0027999631129205227,0
607,42,0,18.011908164748313,0.12007938776498875,0.42885495630353115,42,42,42,42,0,0.0404233933239766,427.0,0.002600019797682762,0
608,41,0,17.974030852152307,0.11982687234768205,0.43839099639395873,42,41,42,41,0,0.03787731259600946,421.8780487804878,0.002500019036233425,0
609,41,0,17.936194305779015,0.11957462870519343,0.43746815379948806,41,41,41,41,0,0.03783654637334166,417.0,0.003200024366378784,0
610,41,0,17.89728702217446,0.1193152468144964,0.4365191956627917,41,41,41,41,0,0.03890728360457274,417.0,0.0024999608285725117,0
611,41,0,17.859567887129984,0.11906378591419989,0.4355992167592679,41,41,41,41,0,0.03771913504451163,417.0,0.002200016751885414,0
612,41,0,17.821848752085508,0.11881232501390339,0.434679237855744,41,41,41,41,0,0.03771913504451163,417.0,0.001900014467537403,0
613,41,0,17.782888996382674,0.11855259330921783,0.4337289999117724,41,41,41,41,0,0.03895975570284804,417.0,0.0024999608285725117,0
614,41,0,17.7448584960747,0.11829905664049799,0.43280142673352934,41,41,41,41,0,0.03803050030799682,417.0,0.002700020559132099,0
615,41,0,17.704041674542175,0.11802694449694784,0.4318058945010287,41,41,41,41,0,0.040816821532558833,417.0,0.002800021320581436,0
616,41,0,17.66530186862932,0.11776867912419547,0.4308610211860809,41,41,41,41,0,0.03873980591288273,417.0,0.0025999615900218487,0
617,41,0,17.627308993308528,0.11751539328872353,0.4299343656904518,41,41,41,41,0,0.037992875320810526,417.0,0.002300017513334751,0
618,41,0,17.590375706474802,0.11726917137649868,0.4290335538164586,41,41,41,41,0,0.03693328683374375,417.0,0.002700020559132099,0
619,40,0,17.55314575787887,0.11702097171919247,0.43882864394697163,41,40,41,40,0,0.03722994859597861,410.0,0.0023999600671231747,0
620,40,0,17.51782616328135,0.11678550775520899,0.43794565408203373,40,40,40,40,0,0.03531959459755285,407.0,0.0021999585442245007,0
621,39,0,17.483405798084448,0.11655603865389631,0.4482924563611395,40,39,40,39,0,0.034420365196922376,402.12820512820514,0.002200016751885414,0
622,39,0,17.449695366235154,0.1163313024415677,0.4474280863137221,39,39,39,39,0,0.03371043184930045,397.0,0.0024999608285725117,0
623,39,0,17.415984934385868,0.11610656622923912,0.4465637162663043,39,39,39,39,0,0.03371043184932887,397.0,0.0027999631129205227,0
624,39,0,17.38015532556246,0.11586770217041639,0.44564500834775533,39,39,39,39,0,0.035829608823434,397.0,0.002400018274784088,0
625,39,0,17.34644489371317,0.11564296595808779,0.44478063830033787,39,39,39,39,0,0.03371043184930045,397.0,0.0025999615900218487,0
626,39,0,17.311948613653133,0.11541299075768756,0.4438961182987984,39,39,39,39,0,0.03449628006006833,397.0,0.002400018274784088,0
627,39,0,17.278238181803843,0.11518825454535896,0.4430317482513807,39,39,39,39,0,0.03371043184930045,397.0,0.0025999615900218487,0
628,39,0,17.244527749954557,0.11496351833303038,0.442167378203963,39,39,39,39,0,0.03371043184932887,397.0,0.002400018274784088,0
629,39,0,17.210817318105267,0.11473878212070178,0.4413030081565454,39,39,39,39,0,0.03371043184932887,397.0,0.002300017513334751,0
630,39,0,17.177106886255977,0.11451404590837318,0.4404386381091277,39,39,39,39,0,0.03371043184930045,397.0,0.0021999585442245007,0
631,39,0,17.14233686591963,0.11428224577279754,0.4395470991261443,39,39,39,39,0,0.034770020336367224,397.0,0.004699977580457926,0
632,39,0,17.108626434070338,0.11405750956046892,0.4386827290787267,39,39,39,39,0,0.03371043184932887,397.0,0.002500019036233425,0
633,39,0,17.07322689447074,0.11382151262980493,0.4377750485761727,39,39,39,39,0,0.0353995395996094,397.0,0.002200016751885414,0
634,39,0,17.03951646262145,0.11359677641747633,0.4369106785287551,39,39,39,39,0,0.03371043184932887,397.0,0.002400018274784088,0
635,39,0,17.005806030772163,0.11337204020514775,0.4360463084813375,39,39,39,39,0,0.03371043184930045,397.0,0.0024999608285725117,0
636,39,0,16.97040649117256,0.11313604327448373,0.4351386279787835,39,39,39,39,0,0.03539953959963782,397.0,0.002300017513334751,0
637,39,0,16.935792799783705,0.11290528533189137,0.4342510974303514,39,39,39,39,0,0.03461369138886994,397.0,0.002700020559132099,0
638,39,0,16.90208236793442,0.1126805491195628,0.4333867273829338,39,39,39,39,0,0.03371043184932887,397.0,0.002800021320581436,0
639,39,0,16.86837193608513,0.11245581290723419,0.43252235733551614,39,39,39,39,0,0.03371043184930045,397.0,0.002300017513334751,0
640,39,0,16.83206913694596,0.11221379424630641,0.4315915163319477,39,38,39,38,0,0.03630279913917889,402.7894736842105,0.0026999623514711857,0
641,39,0,16.796552186017546,0.11197701457345031,0.4306808252825011,39,39,39,39,0,0.03551695092843943,397.0,0.0031999661587178707,0
642,39,0,16.762841754168257,0.11175227836112171,0.4298164552350835,39,39,39,39,0,0.03371043184932887,397.0,0.00300002284348011,0
643,39,0,16.728228062779404,0.11152152041852936,0.4289289246866514,39,39,39,39,0,0.03461369138886994,397.0,0.002600019797682762,0
644,39,0,16.69267219423231,0.11128448129488205,0.42801723574954625,39,39,39,39,0,0.035555868547106684,397.0,0.0030999653972685337,0
645,39,0,16.656998914356393,0.11104665942904263,0.42710253626554856,39,39,39,39,0,0.035673279875936714,397.0,0.002900022082030773,0
646,39,0,16.623288482507103,0.11082192321671402,0.42623816621813077,39,39,39,39,0,0.03371043184932887,397.0,0.002300017513334751,0
647,39,0,16.588674791118247,0.11059116527412165,0.42535063566969866,39,39,39,39,0,0.03461369138886994,397.0,0.002700020559132099,0
648,39,0,16.55417851105821,0.1103611900737214,0.4244661156681593,39,39,39,39,0,0.03449628006006833,397.0,0.002800021320581436,0
649,39,0,16.520468079208925,0.11013645386139283,0.42360174562074165,39,39,39,39,0,0.03371043184932887,397.0,0.002700020559132099,0
650,39,0,16.484951128280507,0.10989967418853672,0.422691054571295,39,39,39,39,0,0.035516950928411006,397.0,0.0027999631129205227,0
651,39,0,16.45124069643122,0.10967493797620814,0.42182668452387734,39,39,39,39,0,0.03371043184932887,397.0,0.002400018274784088,0
652,39,0,16.417530264581927,0.10945020176387951,0.42096231447645965,39,39,39,39,0,0.03371043184932887,397.0,0.002400018274784088,0
653,39,0,16.382248136311144,0.10921498757540762,0.42005764452079847,39,39,39,39,0,0.03528212827080779,397.0,0.002600019797682762,0
654,39,0,16.348537704461855,0.10899025136307904,0.4191932744733809,39,39,39,39,0,0.03371043184930045,397.0,0.00300002284348011,0
655,39,0,16.314827272612565,0.10876551515075043,0.4183289044259632,39,39,39,39,0,0.03371043184930045,397.0,0.002600019797682762,0
656,39,0,16.281116840763275,0.10854077893842183,0.4174645343785455,39,39,39,39,0,0.03371043184932887,397.0,0.0024999608285725117,0
657,39,0,16.24650314937442,0.10831002099582947,0.4165770038301134,39,39,39,39,0,0.03461369138886994,397.0,0.002600019797682762,0
658,39,0,16.211733129038073,0.10807822086025382,0.41568546484713,39,39,39,39,0,0.034770020336395646,397.0,0.002800021320581436,0
659,39,0,16.176451000767287,0.10784300667178191,0.4147807948914689,39,39,39,39,0,0.03528212827080779,397.0,0.0027999631129205227,0
660,39,0,16.142740568918,0.10761827045945334,0.4139164248440512,39,39,39,39,0,0.03371043184930045,397.0,0.002400018274784088,0
661,39,0,16.10903013706871,0.10739353424712474,0.4130520547966336,39,39,39,39,0,0.03371043184930045,397.0,0.002400018274784088,0
662,39,0,16.07531970521942,0.10716879803479613,0.41218768474921585,39,39,39,39,0,0.03371043184932887,397.0,0.002700020559132099,0
663,39,0,16.041609273370135,0.10694406182246756,0.4113233147017982,39,39,39,39,0,0.03371043184932887,397.0,0.002600019797682762,0
664,39,0,16.00699558198128,0.1067133038798752,0.4104357841533661,39,39,39,39,0,0.03461369138886994,397.0,0.0024999608285725117,0
665,39,0,15.972499301921243,0.10648332867947495,0.4095512641518267,39,39,39,39,0,0.03449628006006833,397.0,0.003200024366378784,0
666,39,0,15.937217173650456,0.10624811449100303,0.4086465941961656,39,39,39,39,0,0.03528212827080779,397.0,0.0030999653972685337,0
667,39,0,15.90272089359042,0.1060181392906028,0.4077620741946261,39,39,39,39,0,0.03449628006003991,397.0,0.0027999631129205227,0
668,39,0,15.86901046174113,0.1057934030782742,0.40689770414720844,39,39,39,39,0,0.03371043184932887,397.0,0.002600019797682762,0
669,39,0,15.83530002989184,0.1055686668659456,0.4060333340997908,39,39,39,39,0,0.03371043184930045,397.0,0.005200039595365524,0
670,39,0,15.80158959804255,0.10534393065361701,0.4051689640523732,39,39,39,39,0,0.03371043184932887,397.0,0.00200001522898674,0
671,39,0,15.767879166193264,0.10511919444128842,0.4043045940049555,39,39,39,39,0,0.03371043184930045,397.0,0.0022999593056738377,0
672,38,0,15.733962406627882,0.10489308271085254,0.41405164227968116,39,38,39,38,0,0.03391675956541462,398.05263157894734,0.002400018274784088,0
673,38,0,15.698833869254681,0.10465889246169788,0.4131272070856495,38,38,38,38,0,0.03512853737319688,387.0,0.003200024366378784,0
674,38,0,15.66458388819724,0.10443055925464827,0.4122258917946643,38,38,38,38,0,0.03424998105745658,387.0,0.002900022082030773,0
675,38,0,15.631300787521848,0.10420867191681232,0.41135002072425914,38,38,38,38,0,0.033283100675419064,387.0,0.002700020559132099,0
676,38,0,15.598291427122767,0.10398860951415179,0.4104813533453359,38,38,38,38,0,0.03300936039909175,387.0,0.002900022082030773,0
677,38,0,15.566067914934433,0.10377378609956288,0.40963336618248514,38,38,38,38,0,0.03222351218835229,387.0,0.0031999661587178707,0
678,38,0,15.531843929732295,0.1035456261982153,0.4087327349929551,38,38,38,38,0,0.034223985202174845,387.0,0.0027999631129205227,0
679,38,0,15.498717158004398,0.10332478105336265,0.40786097784222103,38,38,38,38,0,0.033126771727893356,387.0,0.00300002284348011,0
680,38,0,15.46280277242045,0.10308535181613633,0.40691586243211714,38,37,38,37,0,0.03591438558396476,382.94594594594594,0.002400018274784088,0
681,38,0,15.430579260232115,0.10287052840154744,0.40606787526926613,38,38,38,38,0,0.03222351218835229,387.0,0.0025999615900218487,0
682,38,0,15.398355748043782,0.10265570498695854,0.4052198881064153,38,38,38,38,0,0.03222351218835229,387.0,0.0034999684430658817,0
683,38,0,15.365035022381207,0.10243356681587472,0.40434302690476853,38,38,38,38,0,0.033320725662605355,387.0,0.0027999631129205227,0
684,38,0,15.332811510192874,0.10221874340128582,0.40349503974191775,38,38,38,38,0,0.03222351218835229,387.0,0.002500019036233425,0
685,38,0,15.298742561306732,0.10199161707537821,0.40259848845544033,38,38,38,38,0,0.03406894888615852,387.0,0.002800021320581436,0
686,38,0,15.264947352696906,0.10176631568464604,0.40170914086044485,38,37,38,37,0,0.03379520860983121,382.94594594594594,0.002300017513334751,0
687,38,0,15.23272384050857,0.10155149227005712,0.40086115369759395,38,38,38,38,0,0.03222351218835229,387.0,0.002100015990436077,0
688,38,0,15.200500328320238,0.10133666885546826,0.40001316653474306,38,38,38,38,0,0.03222351218835229,387.0,0.002100015990436077,0
689,38,0,15.166705119710407,0.10111136746473605,0.3991238189397476,38,38,38,38,0,0.03379520860985963,387.0,0.002200016751885414,0
690,38,0,15.133578347982512,0.10089052231988341,0.39825206178901346,38,38,38,38,0,0.033126771727893356,387.0,0.00200001522898674,0
691,38,0,15.10135483579418,0.10067569890529453,0.3974040746261626,38,38,38,38,0,0.03222351218835229,387.0,0.002200016751885414,0
692,38,0,15.068228064066282,0.10045485376044189,0.39653231747542844,38,38,38,38,0,0.03312677172792178,387.0,0.002400018274784088,0
693,38,0,15.033529595916889,0.10022353063944593,0.39561919989254973,38,38,38,38,0,0.034698468149400696,387.0,0.0027999631129205227,0
694,38,0,15.001306083728556,0.10000870722485704,0.3947712127296988,38,38,38,38,0,0.03222351218835229,387.0,0.002700020559132099,0
695,38,0,14.966216463974034,0.09977477642649356,0.39384780168352723,38,37,38,37,0,0.035089619754558043,392.6756756756757,0.002300017513334751,0
696,38,0,14.9339929517857,0.09955995301190468,0.3929998145206764,38,38,38,38,0,0.03222351218835229,387.0,0.0020999577827751637,0
697,38,0,14.900709851110307,0.0993380656740687,0.39212394345027124,38,38,38,38,0,0.033283100675419064,387.0,0.002100015990436077,0
698,38,0,14.867700490711226,0.09911800327140817,0.391255276071348,38,38,38,38,0,0.03300936039909175,387.0,0.0036999699659645557,0
699,38,0,14.833670459443766,0.09889113639629178,0.3903597489327306,38,38,38,38,0,0.034030031267462846,387.0,0.00200001522898674,0
700,38,0,14.800387358768372,0.09866924905845581,0.3894838778623255,38,38,38,38,0,0.033283100675419064,387.0,0.001900014467537403,0
701,38,0,14.768163846580038,0.09845442564386692,0.3886358906994747,38,38,38,38,0,0.03222351218835229,387.0,0.002500019036233425,0
702,38,0,14.733074226825515,0.09822049484550344,0.387712479653303,38,37,38,37,0,0.03508961975452962,392.6756756756757,0.001800013706088066,0
703,38,0,14.698887866610558,0.09799258577740372,0.3868128385950147,38,38,38,38,0,0.034186360214988554,387.0,0.003300025127828121,0
704,38,0,14.666664354422224,0.09777776236281482,0.3859648514321638,38,38,38,38,0,0.03222351218835229,387.0,0.003700028173625469,0
705,38,0,14.63444084223389,0.09756293894822593,0.3851168642693129,38,38,38,38,0,0.03222351218835229,387.0,0.0024999608285725117,0
706,38,0,14.602217330045558,0.09734811553363705,0.384268877106462,38,38,38,38,0,0.03222351218835229,387.0,0.002100015990436077,0
707,38,0,14.569993817857227,0.09713329211904818,0.38342088994361123,38,38,38,38,0,0.03222351218835229,387.0,0.003100023604929447,0
708,38,0,14.537770305668893,0.09691846870445929,0.38257290278076034,38,38,38,38,0,0.03222351218835229,387.0,0.002200016751885414,0
709,38,0,14.504423584151017,0.09669615722767344,0.38169535747765837,38,38,38,38,0,0.03334672151788709,387.0,0.0024999608285725117,0
710,38,0,14.47129681242312,0.0964753120828208,0.38082360032692414,38,38,38,38,0,0.03312677172792178,387.0,0.002800021320581436,0
711,38,0,14.437384192484476,0.0962492279498965,0.3799311629601178,38,38,38,38,0,0.03391261993866124,387.0,0.0030999653972685337,0
712,38,0,14.402977882479538,0.09601985254986359,0.37902573374946147,38,38,38,38,0,0.034406310004953866,387.0,0.002900022082030773,0
713,38,0,14.370754370291206,0.09580502913527471,0.37817774658661063,38,38,38,38,0,0.03222351218835229,387.0,0.002700020559132099,0
714,38,0,14.336724339023743,0.09557816226015828,0.3772822194479933,38,38,38,38,0,0.034030031267462846,387.0,0.002500019036233425,0
715,38,0,14.303597567295846,0.09535731711530564,0.37641046229725905,38,38,38,38,0,0.03312677172792178,387.0,0.002700020559132099,0
716,38,0,14.26941120708089,0.09512940804720593,0.37551082123897067,38,38,38,38,0,0.034186360214988554,387.0,0.0024999608285725117,0
717,38,0,14.237187694892555,0.09491458463261702,0.37466283407611983,38,38,38,38,0,0.03222351218835229,387.0,0.001900014467537403,0
718,38,0,14.202371815414345,0.09468247876942897,0.3737466267214301,38,37,38,37,0,0.034815879478202305,392.6756756756757,0.001700012944638729,0
719,37,0,14.169364487237734,0.09446242991491823,0.38295579695237125,38,37,38,37,0,0.03300732817663743,381.3243243243243,0.001600012183189392,0
720,37,0,14.137744018550073,0.09425162679033382,0.3821011896905425,37,37,37,37,0,0.03162046868769153,377.0,0.001600012183189392,0
721,37,0,14.105337701651663,0.09403558467767775,0.3812253432878828,37,37,37,37,0,0.03240631689843099,377.0,0.001400010660290718,0
722,36,0,14.072846229944883,0.09381897486629921,0.39091239527624677,37,36,37,36,0,0.03249147170680544,380.8888888888889,0.0014999532140791416,0
723,36,0,14.042335191460193,0.09361556794306795,0.39006486642944976,36,36,36,36,0,0.030511038484689834,367.0,0.001300009898841381,0
724,36,0,14.011760532133017,0.09341173688088679,0.3892155703370282,36,36,36,36,0,0.030574659327214704,367.0,0.001300009898841381,0
725,36,0,13.981405822595821,0.0932093721506388,0.388372383960995,36,36,36,36,0,0.03035470953722097,367.0,0.0013999524526298046,0
726,36,0,13.949927903729083,0.0929995193581939,0.38749799732580786,36,36,36,36,0,0.03147791886675577,367.0,0.001500011421740055,0
727,36,0,13.920476453731451,0.09280317635820967,0.3866799014925403,36,36,36,36,0,0.029451449997623058,367.0,0.001400010660290718,0
728,36,0,13.89102500373382,0.09260683335822546,0.3858618056592728,36,36,36,36,0,0.0294514499976799,367.0,0.001300009898841381,0
729,36,0,13.859767034657061,0.09239844689771375,0.3849935287404739,36,36,36,36,0,0.03125796907676204,367.0,0.001300009898841381,0
730,36,0,13.830315584659427,0.09220210389772951,0.38417543290720635,36,36,36,36,0,0.02945144999765148,367.0,0.001500011421740055,0
731,36,0,13.799960875122231,0.09199973916748154,0.3833322465311731,36,36,36,36,0,0.03035470953722097,367.0,0.0013999524526298046,0
732,36,0,13.770509425124601,0.09180339616749734,0.3825141506979055,36,36,36,36,0,0.02945144999765148,367.0,0.0030999653972685337,0
733,36,0,13.739486278705474,0.09159657519136982,0.3816523966307076,36,36,36,36,0,0.0310231464191304,367.0,0.00300002284348011,0
734,36,0,13.70897524022078,0.09139316826813854,0.38080486778391065,36,36,36,36,0,0.030511038484718256,367.0,0.0024999608285725117,0
735,36,0,13.679523790223149,0.09119682526815433,0.379986771950643,36,36,36,36,0,0.02945144999765148,367.0,0.002300017513334751,0
736,36,0,13.648265821146389,0.0909884388076426,0.3791184950318442,36,36,36,36,0,0.03125796907679046,367.0,0.0029999646358191967,0
737,36,0,13.618814371148757,0.09079209580765837,0.37830039919857655,36,36,36,36,0,0.029451449997623058,367.0,0.003300025127828121,0
738,36,0,13.588577072940378,0.09059051381960252,0.3774604742483439,36,36,36,36,0,0.03023729820841936,367.0,0.002900022082030773,0
739,36,0,13.559125622942748,0.09039417081961831,0.3766423784150763,36,36,36,36,0,0.02945144999765148,367.0,0.0025999615900218487,0
740,36,0,13.527867653865986,0.09018578435910657,0.37577410149627744,36,36,36,36,0,0.03125796907676204,367.0,0.002800021320581436,0
741,36,0,13.496609684789227,0.08997739789859485,0.37490582457747856,36,35,36,35,0,0.03125796907679046,372.42857142857144,0.0028999638743698597,0
742,36,0,13.465469127041285,0.08976979418027523,0.37404080908448006,36,36,36,36,0,0.03114055774796043,367.0,0.003400025889277458,0
743,36,0,13.436017677043653,0.08957345118029102,0.3732227132512126,36,36,36,36,0,0.02945144999765148,367.0,0.003100023604929447,0
744,36,0,13.405662967506455,0.08937108645004303,0.37237952687517933,36,36,36,36,0,0.030354709537192548,367.0,0.00300002284348011,0
745,36,0,13.376211517508825,0.08917474345005884,0.37156143104191186,36,36,36,36,0,0.0294514499976799,367.0,0.0029999646358191967,0
746,36,0,13.346760067511195,0.08897840045007463,0.3707433352086443,36,36,36,36,0,0.029451449997623058,367.0,0.003200024366378784,0
747,36,0,13.315619509763252,0.08877079673175502,0.3698783197156459,36,36,36,36,0,0.03114055774796043,367.0,0.0030999653972685337,0
748,36,0,13.285264800226056,0.08856843200150703,0.36903513333961263,36,36,36,36,0,0.03035470953722097,367.0,0.002900022082030773,0
749,36,0,13.253967913530614,0.08835978609020409,0.3681657753758504,36,36,36,36,0,0.031296886695457715,367.0,0.002700020559132099,0
750,36,0,13.22282735578267,0.08815218237188446,0.36730075988285193,36,36,36,36,0,0.03114055774796043,367.0,0.002700020559132099,0
751,36,0,13.191466848244747,0.08794311232163166,0.36642963467346523,36,36,36,36,0,0.03136050753795416,367.0,0.0024999608285725117,0
752,36,0,13.162015398247117,0.08774676932164745,0.3656115388401977,36,36,36,36,0,0.02945144999765148,367.0,0.0027999631129205227,0
753,36,0,13.132563948249484,0.08755042632166322,0.3647934430069301,36,36,36,36,0,0.02945144999765148,367.0,0.0028999638743698597,0
754,36,0,13.101423390501541,0.08734282260334361,0.3639284275139317,36,36,36,36,0,0.03114055774796043,367.0,0.003400025889277458,0
755,36,0,13.070400244082414,0.08713600162721609,0.3630666734467336,36,36,36,36,0,0.0310231464191304,367.0,0.0027999631129205227,0
756,36,0,13.039889205597722,0.08693259470398482,0.3622191445999367,36,36,36,36,0,0.030511038484718256,367.0,0.002400018274784088,0
757,36,0,13.01043775560009,0.08673625170400061,0.3614010487666692,36,36,36,36,0,0.02945144999765148,367.0,0.002800021320581436,0
758,36,0,12.979140868904652,0.08652760579269768,0.3605316908029069,36,36,36,36,0,0.031296886695457715,367.0,0.002600019797682762,0
759,36,0,12.947532616945718,0.08631688411297146,0.3596536838040477,36,36,36,36,0,0.0316082519589429,367.0,0.0023999600671231747,0
760,36,0,12.918081166948086,0.08612054111298724,0.3588355879707802,36,36,36,36,0,0.02945144999765148,367.0,0.002600019797682762,0
761,36,0,12.887843868739708,0.08591895912493139,0.3579956630205474,36,36,36,36,0,0.03023729820839094,367.0,0.003100023604929447,0
762,36,0,12.855643722504702,0.08570429148336468,0.3571012145140195,36,36,36,36,0,0.032200146235027205,367.0,0.003100023604929447,0
763,36,0,12.824385753427942,0.08549590502285294,0.3562329375952207,36,36,36,36,0,0.03125796907679046,367.0,0.002500019036233425,0
764,36,0,12.792815126456189,0.08528543417637459,0.35535597573489414,36,36,36,36,0,0.03157062697175661,367.0,0.002600019797682762,0
765,36,0,12.760614980221185,0.0850707665348079,0.3544615272283662,36,36,36,36,0,0.032200146235027205,367.0,0.002900022082030773,0
766,36,0,12.731163530223554,0.08487442353482369,0.3536434313950987,36,36,36,36,0,0.02945144999765148,367.0,0.0025999615900218487,0
767,36,0,12.701712080225922,0.08467808053483948,0.3528253355618312,36,36,36,36,0,0.02945144999765148,367.0,0.002700020559132099,0
768,36,0,12.671474782017542,0.08447649854678362,0.35198541061159844,36,36,36,36,0,0.03023729820839094,367.0,0.002600019797682762,0
769,36,0,12.64202333201991,0.0842801555467994,0.35116731477833096,36,36,36,36,0,0.02945144999765148,367.0,0.00300002284348011,0
770,36,0,12.610571409008475,0.0840704760600565,0.3502936502502354,36,36,36,36,0,0.03145192301147404,367.0,0.002600019797682762,0
771,36,0,12.581119959010845,0.0838741330600723,0.34947555441696787,36,36,36,36,0,0.029451449997623058,367.0,0.002200016751885414,0
772,36,0,12.551668509013213,0.08367779006008809,0.34865745858370034,36,36,36,36,0,0.0294514499976799,367.0,0.002200016751885414,0
773,36,0,12.521431210804835,0.08347620807203224,0.3478175336334676,36,36,36,36,0,0.03023729820839094,367.0,0.002400018274784088,0
774,36,0,12.491979760807205,0.08327986507204803,0.34699943780020004,36,36,36,36,0,0.02945144999765148,367.0,0.0024999608285725117,0
775,36,0,12.460721791730442,0.08307147861153628,0.3461311608814012,36,36,36,36,0,0.03125796907676204,367.0,0.0021999585442245007,0
776,36,0,12.430147132403269,0.08286764754935512,0.3452818647889797,36,36,36,36,0,0.030574659327214704,367.0,0.002500019036233425,0
777,36,0,12.399636093918577,0.08266424062612385,0.3444343359421827,36,36,36,36,0,0.030511038484689834,367.0,0.0025999615900218487,0
778,36,0,12.36861294749945,0.08245741964999634,0.3435725818749847,36,36,36,36,0,0.03102314641915882,367.0,0.002500019036233425,0
779,36,0,12.339161497501818,0.08226107665001212,0.3427544860417172,36,36,36,36,0,0.02945144999765148,367.0,0.003300025127828121,0
780,36,0,12.307903528425058,0.08205269018950039,0.3418862091229183,36,36,36,36,0,0.03125796907676204,367.0,0.002800021320581436,0
781,36,0,12.278452078427426,0.08185634718951618,0.34106811328965075,36,36,36,36,0,0.02945144999765148,367.0,0.002600019797682762,0
782,36,0,12.249000628429796,0.08166000418953197,0.34025001745638317,36,36,36,36,0,0.02945144999765148,367.0,0.002300017513334751,0
783,36,0,12.218763330221416,0.0814584222014761,0.3394100925061505,36,36,36,36,0,0.03023729820839094,367.0,0.002500019036233425,0
784,36,0,12.189311880223784,0.0812620792014919,0.3385919966728829,36,36,36,36,0,0.0294514499976799,367.0,0.0028999638743698597,0
785,36,0,12.158288733804657,0.08105525822536438,0.3377302426056849,36,36,36,36,0,0.0310231464191304,367.0,0.0028999638743698597,0
786,36,0,12.127714074477481,0.0808514271631832,0.3368809465132634,36,36,36,36,0,0.030574659327186282,367.0,0.002800021320581436,0
787,36,0,12.098262624479851,0.08065508416319901,0.33606285067999586,36,36,36,36,0,0.02945144999765148,367.0,0.00300002284348011,0
788,36,0,12.06881117448222,0.0804587411632148,0.33524475484672833,36,36,36,36,0,0.02945144999765148,367.0,0.0026999623514711857,0
789,36,0,12.0364936169184,0.080243290779456,0.33434704491440004,36,36,36,36,0,0.032317557563828814,367.0,0.002800021320581436,0
790,36,0,12.007042166920769,0.0800469477794718,0.3335289490811325,36,36,36,36,0,0.0294514499976799,367.0,0.002600019797682762,0
791,36,0,11.975471539949016,0.07983647693299344,0.332651987220806,36,36,36,36,0,0.03157062697175661,367.0,0.002900022082030773,0
792,36,0,11.945116830411822,0.07963411220274548,0.3318088008447728,36,36,36,36,0,0.03035470953722097,367.0,0.002700020559132099,0
793,36,0,11.91460579192713,0.0794307052795142,0.3309612719979758,36,36,36,36,0,0.030511038484689834,367.0,0.002800021320581436,0
794,36,0,11.88334782285037,0.07922231881900246,0.33009299507917694,36,36,36,36,0,0.03125796907679046,367.0,0.0028999638743698597,0
795,36,0,11.853896372852738,0.07902597581901825,0.32927489924590936,36,36,36,36,0,0.02945144999765148,367.0,0.002800021320581436,0
796,36,0,11.824444922855104,0.07882963281903403,0.3284568034126418,36,36,36,36,0,0.02945144999765148,367.0,0.002700020559132099,0
797,36,0,11.794993472857476,0.07863328981904984,0.3276387075793743,36,36,36,36,0,0.02945144999765148,367.0,0.0029999646358191967,0
798,36,0,11.764756174649095,0.07843170783099397,0.3267987826291416,36,36,36,36,0,0.03023729820839094,367.0,0.00300002284348011,0
799,36,0,11.735304724651463,0.07823536483100976,0.32598068679587405,36,36,36,36,0,0.02945144999765148,367.0,0.0025999615900218487,0
800,36,0,11.705853274653833,0.07803902183102555,0.32516259096260647,36,36,36,36,0,0.02945144999765148,367.0,0.0026999623514711857,0
801,36,0,11.6764018246562,0.07784267883104133,0.324344495129339,36,36,36,36,0,0.02945144999765148,367.0,0.002700020559132099,0
802,36,0,11.64695037465857,0.07764633583105712,0.32352639929607147,36,36,36,36,0,0.02945144999765148,367.0,0.0030999653972685337,0
803,36,0,11.617498924660941,0.07744999283107294,0.3227083034628039,36,36,36,36,0,0.02945144999765148,367.0,0.002700020559132099,0
804,36,0,11.586950261189067,0.07724633507459377,0.3218597294774741,36,36,36,36,0,0.030548663471904547,367.0,0.002600019797682762,0
805,35,0,11.557407121489355,0.07704938080992903,0.33021163204255294,36,35,36,35,0,0.029543139699740095,372.42857142857144,0.00300002284348011,0
806,35,0,11.528858931031287,0.07685905954020858,0.3293959694580368,35,35,35,35,0,0.02854819045808199,357.0,0.002600019797682762,0
807,35,0,11.500310740573223,0.07666873827048816,0.32858030687352063,35,35,35,35,0,0.02854819045808199,357.0,0.0027999631129205227,0
808,35,0,11.470976701904407,0.07647317801269604,0.3277421914829831,35,35,35,35,0,0.02933403866882145,357.0,0.002600019797682762,0
809,35,0,11.44242851144634,0.07628285674297561,0.3269265288984669,35,35,35,35,0,0.02854819045808199,357.0,0.0024999608285725117,0
810,35,0,11.413880320988275,0.07609253547325516,0.3261108663139507,35,35,35,35,0,0.02854819045808199,357.0,0.002400018274784088,0
811,35,0,11.385332130530209,0.07590221420353473,0.3252952037294345,35,35,35,35,0,0.02854819045808199,357.0,0.002100015990436077,0
812,35,0,11.356783940072141,0.07571189293381428,0.32447954114491834,35,35,35,35,0,0.02854819045808199,357.0,0.002300017513334751,0
813,35,0,11.328235749614073,0.07552157166409382,0.3236638785604021,35,35,35,35,0,0.02854819045808199,357.0,0.002100015990436077,0
814,35,0,11.299687559156006,0.07533125039437337,0.3228482159758859,35,35,35,35,0,0.02854819045808199,357.0,0.002200016751885414,0
815,35,0,11.270353520487191,0.07513569013658128,0.32201010058534835,35,35,35,35,0,0.02933403866882145,357.0,0.0022999593056738377,0
816,35,0,11.240745741542064,0.07493830494361375,0.32116416404405895,35,35,35,35,0,0.029607778945148766,357.0,0.00300002284348011,0
817,34,0,11.212449082869375,0.0747496605524625,0.32977791420204045,35,34,35,34,0,0.02829665867270137,350.52941176470586,0.002600019797682762,0
818,34,0,11.184960480898368,0.07456640320598912,0.32896942590877554,34,34,34,34,0,0.027488601971015214,347.0,0.002500019036233425,0
819,34,0,11.157471878927364,0.07438314585951576,0.3281609376155107,34,34,34,34,0,0.027488601971015214,347.0,0.002800021320581436,0
820,34,0,11.129983276956356,0.07419988851304238,0.32735244932224583,34,34,34,34,0,0.027488601971015214,347.0,0.002600019797682762,0
821,34,0,11.101708826774605,0.07401139217849736,0.3265208478463119,34,34,34,34,0,0.028274450181754673,347.0,0.0030999653972685337,0
822,34,0,11.074220224803598,0.073828134832024,0.325712359553047,34,34,34,34,0,0.027488601971015214,347.0,0.002500019036233425,0
823,34,0,11.045159926411095,0.0736343995094073,0.32485764489444396,34,34,34,34,0,0.029060298392522554,347.0,0.0026999623514711857,0
824,34,0,11.017671324440089,0.07345114216293393,0.3240491566011791,34,34,34,34,0,0.027488601971015214,347.0,0.002600019797682762,0
825,34,0,10.990182722469084,0.07326788481646056,0.3232406683079142,34,34,34,34,0,0.027488601971015214,347.0,0.0029999646358191967,0
826,34,0,10.962694120498078,0.07308462746998719,0.32243218001464935,34,34,34,34,0,0.027488601971015214,347.0,0.003100023604929447,0
827,34,0,10.935205518527072,0.07290137012351382,0.32162369172138444,34,34,34,34,0,0.027488601971015214,347.0,0.002300017513334751,0
828,34,0,10.907716916556065,0.07271811277704043,0.3208152034281196,34,34,34,34,0,0.027488601971015214,347.0,0.003100023604929447,0
829,34,0,10.880228314585061,0.07253485543056708,0.32000671513485474,34,34,34,34,0,0.027488601971015214,347.0,0.002300017513334751,0
830,34,0,10.852739712614055,0.0723515980840937,0.31919822684158977,34,34,34,34,0,0.027488601971015214,347.0,0.00200001522898674,0
831,34,0,10.825251110643048,0.07216834073762032,0.318389738548325,34,34,34,34,0,0.027488601971015214,347.0,0.003300025127828121,0
832,34,0,10.797762508672042,0.07198508339114694,0.3175812502550601,34,34,34,34,0,0.027488601971015214,347.0,0.002700020559132099,0
833,34,0,10.770273906701036,0.07180182604467357,0.31677276196179527,34,34,34,34,0,0.027488601971015214,347.0,0.0019999570213258266,0
834,34,0,10.741213608308534,0.0716080907220569,0.31591804730319223,34,34,34,34,0,0.029060298392494133,347.0,0.0022999593056738377,0
835,34,0,10.712939158126781,0.07141959438751187,0.3150864458272583,34,34,34,34,0,0.028274450181754673,347.0,0.002600019797682762,0
836,34,0,10.684664707945027,0.07123109805296685,0.31425484435132434,34,34,34,34,0,0.028274450181754673,347.0,0.0019999570213258266,0
837,34,0,10.65717610597402,0.07104784070649348,0.3134463560580595,34,34,34,34,0,0.027488601971015214,347.0,0.002900022082030773,0
838,34,0,10.629687504003014,0.07086458336002009,0.3126378677647946,34,34,34,34,0,0.027488601971015214,347.0,0.0026999623514711857,0
839,34,0,10.602198902032011,0.07068132601354674,0.3118293794715297,34,34,34,34,0,0.027488601971015214,347.0,0.003200024366378784,0
840,34,0,10.574710300061003,0.07049806866707335,0.3110208911782648,34,34,34,34,0,0.027488601971015214,347.0,0.0029999646358191967,0
841,34,0,10.547221698089999,0.0703148113206,0.310212402885,34,34,34,34,0,0.027488601971015214,347.0,0.0033999676816165447,0
842,33,0,10.518940912320602,0.07012627274880401,0.3187557852218364,34,33,34,33,0,0.028280785769425165,344.8787878787879,0.002600019797682762,0
843,33,0,10.492575519679141,0.06995050346452761,0.31795683392967095,33,33,33,33,0,0.02636539264145199,337.0,0.002800021320581436,0
844,33,0,10.464638430616183,0.0697642562041079,0.31711025547321764,33,33,33,33,0,0.02793708906295933,337.0,0.002600019797682762,0
845,33,0,10.43827303797472,0.06958848691983147,0.31631130418105213,33,33,33,33,0,0.02636539264145199,337.0,0.003800028935074806,0
846,33,0,10.411907645333258,0.06941271763555505,0.31551235288888657,33,33,33,33,0,0.026365392641480412,337.0,0.002900022082030773,0
847,33,0,10.384445039217553,0.0692296335947837,0.3146801527035622,33,33,33,33,0,0.027462606115705057,337.0,0.003200024366378784,0
848,33,0,10.35807964657609,0.06905386431050727,0.3138812014113967,33,33,33,33,0,0.026365392641480412,337.0,0.0024999608285725117,0
849,33,0,10.33092840572388,0.0688728560381592,0.3130584365370873,33,33,33,33,0,0.02715124085219145,337.0,0.002200016751885414,0
850,33,0,10.304563013082419,0.0686970867538828,0.31225948524492175,33,33,33,33,0,0.026365392641480412,337.0,0.002600019797682762,0
851,33,0,10.277411772230206,0.06851607848153471,0.3114367203706124,33,33,33,33,0,0.02715124085219145,337.0,0.002300017513334751,0
852,33,0,10.251046379588745,0.0683403091972583,0.3106377690784468,33,33,33,33,0,0.026365392641480412,337.0,0.0022999593056738377,0
853,33,0,10.22468098694728,0.06816453991298187,0.30983881778628125,33,33,33,33,0,0.026365392641480412,337.0,0.002300017513334751,0
854,33,0,10.19831559430582,0.06798877062870547,0.30903986649411574,33,33,33,33,0,0.02636539264145199,337.0,0.0032999669201672077,0
855,33,0,10.171950201664359,0.06781300134442905,0.30824091520195024,33,33,33,33,0,0.02636539264145199,337.0,0.002700020559132099,0
856,33,0,10.145584809022896,0.06763723206015264,0.3074419639097846,33,33,33,33,0,0.026365392641480412,337.0,0.002700020559132099,0
857,33,0,10.119219416381434,0.06746146277587622,0.30664301261761917,33,33,33,33,0,0.026365392641480412,337.0,0.004400033503770828,0
858,33,0,10.09285402373997,0.06728569349159981,0.3058440613254536,33,33,33,33,0,0.02636539264145199,337.0,0.0029999646358191967,0
859,33,0,10.066488631098508,0.06710992420732338,0.30504511003328805,33,33,33,33,0,0.02636539264145199,337.0,0.002500019036233425,0
860,33,0,10.040123238457046,0.06693415492304697,0.3042461587411226,33,33,33,33,0,0.026365392641480412,337.0,0.003200024366378784,0
861,33,0,10.012971997604835,0.0667531466506989,0.3034233938668131,33,33,33,33,0,0.02715124085221987,337.0,0.002700020559132099,0
862,33,0,9.98660660496337,0.06657737736642247,0.30262444257464766,33,33,33,33,0,0.02636539264145199,337.0,0.002800021320581436,0
863,33,0,9.959455364111161,0.06639636909407441,0.30180167770033817,33,33,33,33,0,0.02715124085221987,337.0,0.002400018274784088,0
864,33,0,9.93230412325895,0.06621536082172633,0.30097891282602884,33,33,33,33,0,0.02715124085221987,337.0,0.002300017513334751,0
865,33,0,9.905152882406739,0.06603435254937826,0.30015614795171935,33,33,33,33,0,0.02715124085219145,337.0,0.001800013706088066,0
866,33,0,9.87800164155453,0.0658533442770302,0.29933338307741003,33,33,33,33,0,0.02715124085221987,337.0,0.001800013706088066,0
867,33,0,9.851636248913067,0.06567757499275378,0.29853443178524447,33,33,33,33,0,0.026365392641480412,337.0,0.002200016751885414,0
868,33,0,9.824485008060856,0.06549656672040571,0.2977116669109351,33,33,33,33,0,0.02715124085221987,337.0,0.0026999623514711857,0
869,33,0,9.798119615419395,0.0653207974361293,0.2969127156187695,33,33,33,33,0,0.02636539264145199,337.0,0.0022999593056738377,0
870,33,0,9.77175422277793,0.06514502815185287,0.296113764326604,33,33,33,33,0,0.02636539264145199,337.0,0.002200016751885414,0
871,33,0,9.745388830136468,0.06496925886757646,0.2953148130344384,33,33,33,33,0,0.026365392641480412,337.0,0.002100015990436077,0
872,33,0,9.718237589284257,0.06478825059522839,0.294492048160129,33,33,33,33,0,0.02715124085221987,337.0,0.002800021320581436,0
873,33,0,9.691872196642795,0.06461248131095196,0.29369309686796347,33,33,33,33,0,0.02636539264145199,337.0,0.0029999646358191967,0
874,33,0,9.665506804001332,0.06443671202667554,0.292894145575798,33,33,33,33,0,0.026365392641480412,337.0,0.0024999608285725117,0
875,33,0,9.63914141135987,0.06426094274239913,0.29209519428363245,33,33,33,33,0,0.02636539264145199,337.0,0.002600019797682762,0
876,33,0,9.612776018718407,0.06408517345812272,0.29129624299146695,33,33,33,33,0,0.026365392641480412,337.0,0.002100015990436077,0
877,33,0,9.586410626076944,0.06390940417384629,0.29049729169930133,33,33,33,33,0,0.02636539264145199,337.0,0.0019999570213258266,0
878,33,0,9.560045233435483,0.06373363488956989,0.2896983404071358,33,33,33,33,0,0.026365392641480412,337.0,0.002700020559132099,0
879,33,0,9.533679840794022,0.06355786560529349,0.2888993891149703,33,33,33,33,0,0.02636539264145199,337.0,0.002500019036233425,0
880,32,0,9.507577733741476,0.06338385155827651,0.2971118041794211,33,32,33,32,0,0.02610210705253735,327.0,0.0025999615900218487,0
881,32,0,9.482347713728377,0.06321565142485584,0.29632336605401177,32,32,32,32,0,0.025230020013111698,327.0,0.0028999638743698597,0
882,31,0,9.457776382223528,0.06305184254815685,0.305089560716888,32,31,32,31,0,0.024571331504859018,322.80645161290323,0.002900022082030773,0
883,31,0,9.43364357568467,0.06289095717123114,0.3043110830866022,31,31,31,31,0,0.02413280653885863,317.0,0.0027999631129205227,0
884,31,0,9.409510769145815,0.06273007179430543,0.3035326054563165,31,31,31,31,0,0.02413280653885863,317.0,0.00200001522898674,0
885,31,0,9.385377962606956,0.06256918641737971,0.30275412782603095,31,31,31,31,0,0.02413280653885863,317.0,0.001600012183189392,0
886,31,0,9.359673459646604,0.062397823064310694,0.3019249503111807,31,31,31,31,0,0.02570450296033755,317.0,0.001400010660290718,0
887,31,0,9.335540653107747,0.06223693768738498,0.30114647268089506,31,31,31,31,0,0.02413280653885863,317.0,0.001200009137392044,0
888,31,0,9.31140784656889,0.06207605231045927,0.30036799505060935,31,31,31,31,0,0.02413280653885863,317.0,0.001400010660290718,0
889,31,0,9.287275040030034,0.06191516693353356,0.29958951742032364,31,31,31,31,0,0.02413280653885863,317.0,0.0024999608285725117,0
890,31,0,9.26235638528043,0.0617490425685362,0.2987856898477558,31,31,31,31,0,0.02491865474959809,317.0,0.002900022082030773,0
891,31,0,9.238223578741572,0.061588157191610475,0.29800721221747006,31,31,31,31,0,0.024132806538887053,317.0,0.002800021320581436,0
892,31,0,9.214090772202717,0.06142727181468478,0.29722873458718435,31,31,31,31,0,0.02413280653883021,317.0,0.0025999615900218487,0
893,31,0,9.18917211745311,0.0612611474496874,0.29642490701461643,31,31,31,31,0,0.024918654749626512,317.0,0.0022999593056738377,0
894,31,0,9.165039310914253,0.06110026207276169,0.2956464293843307,31,31,31,31,0,0.02413280653885863,317.0,0.002200016751885414,0
895,31,0,9.140906504375398,0.06093937669583598,0.294867951754045,31,31,31,31,0,0.02413280653885863,317.0,0.002300017513334751,0
896,31,0,9.116773697836539,0.06077849131891026,0.29408947412375935,31,31,31,31,0,0.02413280653885863,317.0,0.002500019036233425,0
897,31,0,9.092640891297684,0.06061760594198456,0.29331099649347364,31,31,31,31,0,0.02413280653885863,317.0,0.002100015990436077,0
898,31,0,9.067722236548079,0.06045148157698719,0.2925071689209058,31,31,31,31,0,0.02491865474959809,317.0,0.002300017513334751,0
899,31,0,9.04358943000922,0.06029059620006147,0.2917286912906201,31,31,31,31,0,0.02413280653885863,317.0,0.002200016751885414,0
900,31,0,9.019456623470365,0.060129710823135764,0.29095021366033436,31,31,31,31,0,0.02413280653885863,317.0,0.002500019036233425,0
901,31,0,8.995323816931508,0.05996882544621005,0.2901717360300487,31,31,31,31,0,0.02413280653885863,317.0,0.0020999577827751637,0
902,30,0,8.971376866763158,0.05980917911175439,0.2990458955587719,31,30,31,30,0,0.023946950168351577,311.0,0.0023999600671231747,0
903,29,0,8.94904710957379,0.05966031406382527,0.30858783136461343,30,29,30,29,0,0.022329757189368138,313.55172413793105,0.002100015990436077,0
904,29,0,8.926343044321662,0.05950895362881108,0.30780493256281594,29,29,29,29,0,0.022704065252128203,297.0,0.00200001522898674,0
905,29,0,8.904424827280284,0.05936283218186856,0.3070491319751822,29,29,29,29,0,0.02191821704136032,297.0,0.002400018274784088,0
906,29,0,8.882506610238906,0.05921671073492604,0.3062933313875485,29,29,29,29,0,0.021918217041388743,297.0,0.0022999593056738377,0
907,29,0,8.859802544986778,0.05906535029991185,0.30551043258575095,29,29,29,29,0,0.02270406525209978,297.0,0.002400018274784088,0
908,28,0,8.83885284392693,0.05892568562617953,0.3156733158545332,29,28,29,28,0,0.02094970105986249,300.57142857142856,0.002600019797682762,0
909,27,0,8.816664408385584,0.05877776272257056,0.32654312623650317,28,26,28,26,0,0.02218843554132377,283.9230769230769,0.002300017513334751,0
910,27,0,8.796946488040803,0.05864630992027202,0.3258128328904001,27,27,27,27,0,0.01971792034478881,277.0,0.0020999577827751637,0
911,27,0,8.777228567696021,0.058514857117973475,0.32508253954429706,27,27,27,27,0,0.019717920344760387,277.0,0.002200016751885414,0
912,27,0,8.75751064735124,0.05838340431567493,0.324352246198194,27,27,27,27,0,0.019717920344760387,277.0,0.002600019797682762,0
913,27,0,8.737792727006456,0.05825195151337637,0.323621952852091,27,27,27,27,0,0.01971792034478881,277.0,0.0024999608285725117,0
914,27,0,8.718074806661674,0.05812049871107783,0.3228916595059879,27,27,27,27,0,0.01971792034478881,277.0,0.0017999554984271526,0
915,27,0,8.696785189895397,0.057978567932635984,0.322103155181311,27,26,27,26,0,0.021289616766239305,272.38461538461536,0.002900022082030773,0
916,27,0,8.677067269550614,0.057847115130337426,0.3213728618352079,27,27,27,27,0,0.01971792034478881,277.0,0.002100015990436077,0
917,27,0,8.65734934920583,0.05771566232803887,0.3206425684891049,27,27,27,27,0,0.01971792034478881,277.0,0.0022999593056738377,0
918,27,0,8.637631428861049,0.057584209525740324,0.3199122751430018,27,27,27,27,0,0.019717920344760387,277.0,0.002200016751885414,0
919,27,0,8.61634181209477,0.057442278747298466,0.3191237708183248,27,26,27,26,0,0.021289616766267727,272.38461538461536,0.002600019797682762,0
920,27,0,8.596623891749989,0.05731082594499992,0.3183934774722218,27,27,27,27,0,0.01971792034478881,277.0,0.0028999638743698597,0
921,27,0,8.576905971405207,0.05717937314270138,0.3176631841261187,27,27,27,27,0,0.019717920344760387,277.0,0.003200024366378784,0
922,27,0,8.556402202849675,0.05704268135233117,0.3169037852907287,27,27,27,27,0,0.020503768555528268,277.0,0.002800021320581436,0
923,27,0,8.536684282504893,0.056911228550032625,0.3161734919446257,27,27,27,27,0,0.019717920344760387,277.0,0.002700020559132099,0
924,27,0,8.516966362160112,0.05677977574773408,0.3154431985985226,27,27,27,27,0,0.01971792034478881,277.0,0.002700020559132099,0
925,27,0,8.496462593604582,0.05664308395736388,0.3146837997631326,27,27,27,27,0,0.020503768555499846,277.0,0.002600019797682762,0
926,27,0,8.4767446732598,0.056511631155065335,0.31395350641702957,27,27,27,27,0,0.01971792034478881,277.0,0.002800021320581436,0
927,27,0,8.457026752915016,0.05638017835276678,0.31322321307092654,27,27,27,27,0,0.01971792034478881,277.0,0.003400025889277458,0
928,27,0,8.437308832570235,0.05624872555046823,0.31249291972482357,27,27,27,27,0,0.019717920344760387,277.0,0.002600019797682762,0
929,27,0,8.417590912225453,0.05611727274816969,0.3117626263787205,27,27,27,27,0,0.019717920344760387,277.0,0.0020999577827751637,0
930,27,0,8.397872991880671,0.055985819945871144,0.31103233303261746,27,27,27,27,0,0.01971792034478881,277.0,0.002100015990436077,0
931,27,0,8.378155071535888,0.055854367143572586,0.3103020396865144,27,27,27,27,0,0.01971792034478881,277.0,0.002900022082030773,0
932,26,0,8.357420441565438,0.055716136277102916,0.3214392477525169,27,26,27,26,0,0.02073462997043407,281.61538461538464,0.002700020559132099,0
933,26,0,8.33877492742301,0.05559183284948674,0.3207221125931927,26,26,26,26,0,0.018645514142406228,267.0,0.003200024366378784,0
934,26,0,8.320129413280583,0.055467529421870554,0.3200049774338686,26,26,26,26,0,0.018645514142406228,267.0,0.002600019797682762,0
935,26,0,8.299912202716657,0.05533274801811105,0.3192273924121792,26,26,26,26,0,0.02021721056394199,267.0,0.001900014467537403,0
936,26,0,8.28126668857423,0.055208444590494864,0.318510257252855,26,26,26,26,0,0.018645514142406228,267.0,0.0024999608285725117,0
937,26,0,8.2626211744318,0.055084141162878665,0.3177931220935307,26,26,26,26,0,0.018645514142406228,267.0,0.002300017513334751,0
938,26,0,8.243975660289372,0.05495983773526248,0.3170759869342066,26,26,26,26,0,0.01864551414243465,267.0,0.002500019036233425,0
939,26,0,8.224544297936195,0.05483029531957463,0.3163286268436997,26,26,26,26,0,0.01943136235317411,267.0,0.003200024366378784,0
940,26,0,8.205898783793765,0.05470599189195843,0.3156114916843756,26,26,26,26,0,0.018645514142406228,267.0,0.002600019797682762,0
941,25,0,8.187995505976927,0.05458663670651285,0.32751982023907705,26,25,26,25,0,0.017903277816827767,263.4,0.002200016751885414,0
942,25,0,8.170412350896415,0.05446941567264277,0.3268164940358566,25,25,25,25,0,0.017583155080501456,257.0,0.0024999608285725117,0
943,25,0,8.152829195815903,0.05435219463877269,0.32611316783263616,25,25,25,25,0,0.017583155080501456,257.0,0.0031999661587178707,0
944,25,0,8.13524604073539,0.054234973604902606,0.3254098416294156,25,25,25,25,0,0.017583155080501456,257.0,0.0024999608285725117,0
945,25,0,8.117662885654878,0.054117752571032525,0.32470651542619516,25,25,25,25,0,0.017583155080501456,257.0,0.002400018274784088,0
946,25,0,8.100079730574368,0.05400053153716245,0.32400318922297466,25,25,25,25,0,0.017583155080501456,257.0,0.003300025127828121,0
947,25,0,8.082496575493854,0.05388331050329236,0.32329986301975416,25,25,25,25,0,0.017583155080501456,257.0,0.002500019036233425,0
948,25,0,8.064913420413342,0.05376608946942228,0.32259653681653366,25,25,25,25,0,0.017583155080501456,257.0,0.002700020559132099,0
949,25,0,8.046544417122083,0.05364362944748056,0.32186177668488336,25,25,25,25,0,0.018369003291269337,257.0,0.0023999600671231747,0
950,25,0,8.02896126204157,0.05352640841361046,0.32115845048166286,25,25,25,25,0,0.017583155080501456,257.0,0.001900014467537403,0
951,25,0,8.011378106961057,0.05340918737974038,0.32045512427844236,25,25,25,25,0,0.017583155080501456,257.0,0.002700020559132099,0
952,25,0,7.993794951880547,0.053291966345870315,0.31975179807522186,25,25,25,25,0,0.017583155080501456,257.0,0.0031999661587178707,0
953,25,0,7.976211796800035,0.053174745312000234,0.3190484718720014,25,25,25,25,0,0.017583155080501456,257.0,0.0027999631129205227,0
954,25,0,7.957842793508775,0.0530522852900585,0.318313711740351,25,25,25,25,0,0.018369003291240915,257.0,0.0016999547369778156,0
955,25,0,7.940259638428263,0.05293506425618842,0.31761038553713056,25,25,25,25,0,0.017583155080501456,257.0,0.001300009898841381,0
956,24,0,7.923061255629831,0.05282040837086554,0.33012755231790963,25,24,25,24,0,0.017198382798397915,252.83333333333334,0.0037999707274138927,0
957,24,0,7.906263948760067,0.052708426325067115,0.32942766453166944,24,24,24,24,0,0.016797306869761996,247.0,0.0024999608285725117,0
958,24,0,7.889466641890303,0.05259644427926869,0.3287277767454293,24,24,24,24,0,0.016797306869733575,247.0,0.0019999570213258266,0
959,24,0,7.872669335020539,0.05248446223347026,0.3280278889591891,24,24,24,24,0,0.016797306869761996,247.0,0.0019999570213258266,0
960,24,0,7.855872028150774,0.05237248018767183,0.3273280011729489,24,24,24,24,0,0.016797306869733575,247.0,0.002100015990436077,0
961,24,0,7.83907472128101,0.0522604981418734,0.3266281133867088,24,24,24,24,0,0.016797306869761996,247.0,0.0019999570213258266,0
962,24,0,7.822277414411247,0.05214851609607498,0.3259282256004686,24,24,24,24,0,0.016797306869733575,247.0,0.002800021320581436,0
963,24,0,7.805480107541483,0.05203653405027655,0.32522833781422844,24,24,24,24,0,0.016797306869761996,247.0,0.002500019036233425,0
964,24,0,7.788682800671719,0.051924552004478125,0.32452845002798825,24,24,24,24,0,0.016797306869733575,247.0,0.001900014467537403,0
965,24,0,7.771885493801954,0.051812569958679694,0.3238285622417481,24,24,24,24,0,0.016797306869761996,247.0,0.0024999608285725117,0
966,24,0,7.7550881869321895,0.05170058791288126,0.3231286744555079,24,24,24,24,0,0.016797306869733575,247.0,0.002400018274784088,0
967,24,0,7.738290880062426,0.05158860586708284,0.3224287866692677,24,24,24,24,0,0.016797306869761996,247.0,0.002500019036233425,0
968,24,0,7.721493573192662,0.051476623821284415,0.3217288988830276,24,24,24,24,0,0.016797306869733575,247.0,0.0027999631129205227,0
969,24,0,7.704696266322898,0.05136464177548599,0.32102901109678744,24,24,24,24,0,0.016797306869761996,247.0,0.0022999593056738377,0
970,24,0,7.6878989594531335,0.05125265972968756,0.32032912331054725,24,24,24,24,0,0.016797306869733575,247.0,0.0020999577827751637,0
971,24,0,7.671101652583371,0.051140677683889135,0.31962923552430705,24,24,24,24,0,0.016797306869761996,247.0,0.002300017513334751,0
972,24,0,7.654304345713605,0.0510286956380907,0.3189293477380669,24,24,24,24,0,0.016797306869733575,247.0,0.002600019797682762,0
973,24,0,7.637507038843841,0.05091671359229227,0.3182294599518267,24,24,24,24,0,0.016797306869761996,247.0,0.0026999623514711857,0
974,24,0,7.6207097319740775,0.05080473154649385,0.3175295721655866,24,24,24,24,0,0.016797306869733575,247.0,0.0022999593056738377,0
975,24,0,7.603912425104313,0.05069274950069542,0.3168296843793464,24,24,24,24,0,0.016797306869761996,247.0,0.002600019797682762,0
976,24,0,7.587115118234548,0.05058076745489699,0.31612979659310625,24,24,24,24,0,0.016797306869733575,247.0,0.003500026650726795,0
977,24,0,7.570317811364784,0.05046878540909856,0.31542990880686606,24,24,24,24,0,0.016797306869761996,247.0,0.0030999653972685337,0
978,24,0,7.5535205044950215,0.050356803363300146,0.31473002102062586,24,24,24,24,0,0.016797306869733575,247.0,0.002700020559132099,0
979,24,0,7.536723197625257,0.050244821317501714,0.3140301332343857,24,24,24,24,0,0.016797306869761996,247.0,0.002200016751885414,0
980,24,0,7.519925890755493,0.05013283927170329,0.31333024544814553,24,24,24,24,0,0.016797306869733575,247.0,0.002200016751885414,0
981,24,0,7.5031285838857285,0.05002085722590486,0.3126303576619054,24,24,24,24,0,0.016797306869761996,247.0,0.003400025889277458,0
982,24,0,7.486331277015966,0.049908875180106435,0.31193046987566525,24,24,24,24,0,0.016797306869733575,247.0,0.002900022082030773,0
983,24,0,7.469533970146202,0.04979689313430801,0.31123058208942506,24,24,24,24,0,0.016797306869761996,247.0,0.003200024366378784,0
984,24,0,7.452736663276437,0.04968491108850958,0.31053069430318486,24,24,24,24,0,0.016797306869733575,247.0,0.002500019036233425,0
985,24,0,7.4359393564066725,0.04957292904271115,0.3098308065169447,24,24,24,24,0,0.016797306869761996,247.0,0.0020999577827751637,0
986,24,0,7.41914204953691,0.04946094699691273,0.30913091873070453,24,24,24,24,0,0.016797306869733575,247.0,0.002100015990436077,0
987,24,0,7.402344742667146,0.04934896495111431,0.3084310309444644,24,24,24,24,0,0.016797306869761996,247.0,0.0026999623514711857,0
988,24,0,7.385547435797381,0.049236982905315876,0.3077311431582242,24,24,24,24,0,0.016797306869733575,247.0,0.002600019797682762,0
989,24,0,7.368750128927617,0.04912500085951745,0.30703125537198406,24,24,24,24,0,0.016797306869761996,247.0,0.002600019797682762,0
990,24,0,7.351952822057852,0.049013018813719014,0.30633136758574386,24,24,24,24,0,0.016797306869733575,247.0,0.0025999615900218487,0
991,24,0,7.335155515188089,0.04890103676792059,0.3056314797995037,24,24,24,24,0,0.016797306869761996,247.0,0.004099973011761904,0
992,24,0,7.318358208318324,0.04878905472212216,0.30493159201326353,24,24,24,24,0,0.016797306869733575,247.0,0.0030999653972685337,0
993,24,0,7.3015609014485605,0.048677072676323735,0.30423170422702334,24,24,24,24,0,0.016797306869761996,247.0,0.002600019797682762,0
994,24,0,7.284763594578797,0.04856509063052531,0.3035318164407832,24,24,24,24,0,0.016797306869733575,247.0,0.0023999600671231747,0
995,24,0,7.267966287709033,0.04845310858472689,0.30283192865454306,24,24,24,24,0,0.016797306869761996,247.0,0.002200016751885414,0
996,24,0,7.251168980839269,0.04834112653892846,0.30213204086830286,24,24,24,24,0,0.016797306869733575,247.0,0.002100015990436077,0
997,23,0,7.235031734474873,0.048233544896499156,0.31456659715108154,24,23,24,23,0,0.016137246364394287,237.8695652173913,0.002400018274784088,0
998,23,0,7.219236089327338,0.048128240595515584,0.3138798299707538,23,23,23,23,0,0.015795645147505866,237.0,0.002200016751885414,0
999,23,0,7.203440444179801,0.048022936294532005,0.3131930627904262,23,23,23,23,0,0.015795645147534287,237.0,0.002800021320581436,0
1000,23,0,7.187644799032264,0.047917631993548426,0.31250629561009846,23,23,23,23,0,0.015795645147505866,237.0,0.002600019797682762,0
1001,23,0,7.171849153884728,0.047812327692564854,0.31181952842977084,23,23,23,23,0,0.015795645147534287,237.0,0.0025999615900218487,0
1002,23,0,7.156053508737192,0.04770702339158128,0.3111327612494431,23,23,23,23,0,0.015795645147505866,237.0,0.0039000296965241432,0
1003,23,0,7.140257863589655,0.0476017190905977,0.3104459940691155,23,23,23,23,0,0.015795645147534287,237.0,0.002200016751885414,0
1004,23,0,7.124462218442119,0.047496414789614125,0.30975922688878776,23,23,23,23,0,0.015795645147505866,237.0,0.00200001522898674,0
1005,23,0,7.108666573294583,0.04739111048863055,0.3090724597084601,23,23,23,23,0,0.015795645147534287,237.0,0.0022999593056738377,0
1006,23,0,7.092870928147046,0.047285806187646974,0.30838569252813247,23,23,23,23,0,0.015795645147505866,237.0,0.0022999593056738377,0
1007,23,0,7.07707528299951,0.0471805018866634,0.3076989253478048,23,23,23,23,0,0.015795645147534287,237.0,0.002500019036233425,0
1008,23,0,7.061279637851973,0.047075197585679816,0.3070121581674771,23,23,23,23,0,0.015795645147505866,237.0,0.002500019036233425,0
1009,23,0,7.045483992704437,0.046969893284696244,0.30632539098714945,23,23,23,23,0,0.015795645147534287,237.0,0.0022999593056738377,0
1010,23,0,7.029688347556901,0.04686458898371267,0.3056386238068218,23,23,23,23,0,0.015795645147505866,237.0,0.0023999600671231747,0
1011,23,0,7.013892702409364,0.046759284682729094,0.3049518566264941,23,23,23,23,0,0.015795645147534287,237.0,0.0030999653972685337,0
1012,23,0,6.998097057261828,0.046653980381745515,0.3042650894461664,23,23,23,23,0,0.015795645147505866,237.0,0.002400018274784088,0
1013,23,0,6.982301412114291,0.046548676080761936,0.3035783222658387,23,23,23,23,0,0.015795645147534287,237.0,0.0025999615900218487,0
1014,23,0,6.966505766966755,0.046443371779778364,0.302891555085511,23,23,23,23,0,0.015795645147505866,237.0,0.002900022082030773,0
1015,23,0,6.950710121819219,0.04633806747879479,0.30220478790518346,23,23,23,23,0,0.015795645147534287,237.0,0.00300002284348011,0
1016,23,0,6.934914476671681,0.046232763177811206,0.30151802072485573,23,23,23,23,0,0.015795645147505866,237.0,0.0028999638743698597,0
1017,23,0,6.919118831524145,0.046127458876827634,0.30083125354452805,23,23,23,23,0,0.015795645147534287,237.0,0.001800013706088066,0
1018,23,0,6.903323186376609,0.046022154575844056,0.3001444863642004,23,23,23,23,0,0.015795645147505866,237.0,0.002300017513334751,0
1019,23,0,6.887527541229073,0.045916850274860484,0.2994577191838727,23,23,23,23,0,0.015795645147534287,237.0,0.001700012944638729,0
1020,23,0,6.871731896081535,0.0458115459738769,0.29877095200354503,23,23,23,23,0,0.015795645147505866,237.0,0.00300002284348011,0
1021,23,0,6.855936250933999,0.045706241672893326,0.29808418482321736,23,23,23,23,0,0.015795645147534287,237.0,0.001500011421740055,0
1022,23,0,6.840140605786463,0.045600937371909754,0.29739741764288974,23,23,23,23,0,0.015795645147505866,237.0,0.0016999547369778156,0
1023,23,0,6.824344960638927,0.045495633070926175,0.296710650462562,23,23,23,23,0,0.015795645147534287,237.0,0.0014999532140791416,0
1024,23,0,6.8085493154913905,0.0453903287699426,0.2960238832822344,23,23,23,23,0,0.015795645147505866,237.0,0.002900022082030773,0
1025,23,0,6.792753670343854,0.045285024468959025,0.29533711610190666,23,23,23,23,0,0.015795645147534287,237.0,0.002500019036233425,0
1026,23,0,6.7769580251963175,0.04517972016797545,0.29465034892157904,23,23,23,23,0,0.015795645147505866,237.0,0.0024999608285725117,0
1027,23,0,6.761162380048781,0.045074415866991874,0.2939635817412513,23,23,23,23,0,0.015795645147534287,237.0,0.0024999608285725117,0
1028,23,0,6.7453667349012445,0.044969111566008295,0.29327681456092364,23,23,23,23,0,0.015795645147505866,237.0,0.0033999676816165447,0
1029,23,0,6.729571089753708,0.04486380726502472,0.2925900473805961,23,23,23,23,0,0.015795645147534287,237.0,0.002600019797682762,0
1030,23,0,6.713775444606172,0.04475850296404115,0.2919032802002683,23,23,23,23,0,0.015795645147505866,237.0,0.0021999585442245007,0
1031,23,0,6.697979799458635,0.04465319866305757,0.29121651301994067,23,23,23,23,0,0.015795645147534287,237.0,0.002500019036233425,0
1032,23,0,6.6821841543110985,0.044547894362073986,0.290529745839613,23,23,23,23,0,0.015795645147505866,237.0,0.002300017513334751,0
1033,23,0,6.666388509163562,0.044442590061090415,0.28984297865928527,23,23,23,23,0,0.015795645147534287,237.0,0.0023999600671231747,0
1034,23,0,6.650592864016026,0.04433728576010684,0.28915621147895765,23,23,23,23,0,0.015795645147505866,237.0,0.002900022082030773,0
1035,23,0,6.6347972188684885,0.04423198145912326,0.28846944429863003,23,23,23,23,0,0.015795645147534287,237.0,0.0024999608285725117,0
1036,23,0,6.619001573720952,0.044126677158139685,0.28778267711830235,23,23,23,23,0,0.015795645147505866,237.0,0.0021999585442245007,0
1037,23,0,6.603205928573416,0.044021372857156106,0.2870959099379746,23,23,23,23,0,0.015795645147534287,237.0,0.002300017513334751,0
1038,23,0,6.587410283425879,0.04391606855617253,0.286409142757647,23,23,23,23,0,0.015795645147505866,237.0,0.002200016751885414,0
1039,23,0,6.571614638278344,0.04381076425518896,0.28572237557731933,23,23,23,23,0,0.015795645147534287,237.0,0.002300017513334751,0
1040,23,0,6.555818993130806,0.043705459954205376,0.28503560839699166,23,23,23,23,0,0.015795645147505866,237.0,0.002600019797682762,0
1041,23,0,6.54002334798327,0.043600155653221805,0.28434884121666393,23,23,23,23,0,0.015795645147534287,237.0,0.002300017513334751,0
1042,23,0,6.524227702835734,0.043494851352238226,0.2836620740363363,23,23,23,23,0,0.015795645147505866,237.0,0.00200001522898674,0
1043,23,0,6.508432057688197,0.04338954705125465,0.28297530685600863,23,23,23,23,0,0.015795645147534287,237.0,0.002200016751885414,0
1044,23,0,6.492636412540661,0.043284242750271075,0.2822885396756809,23,23,23,23,0,0.015795645147505866,237.0,0.002200016751885414,0
1045,22,0,6.477605896409594,0.04318403930939729,0.2944366316549816,23,22,23,22,0,0.015030516131048444,240.63636363636363,0.0026999623514711857,0
1046,22,0,6.462767005687503,0.043085113371250025,0.2937621366221592,22,22,22,22,0,0.014838890722074893,227.0,0.0025999615900218487,0
1047,22,0,6.447928114965412,0.04298618743310275,0.29308764158933703,22,22,22,22,0,0.014838890722074893,227.0,0.002300017513334751,0
1048,22,0,6.4330892242433215,0.042887261494955475,0.2924131465565146,22,22,22,22,0,0.014838890722074893,227.0,0.0023999600671231747,0
1049,22,0,6.4182503335212315,0.04278833555680821,0.2917386515236923,22,22,22,22,0,0.014838890722074893,227.0,0.002300017513334751,0
1050,22,0,6.4034114427991415,0.042689409618660946,0.2910641564908701,22,22,22,22,0,0.014838890722074893,227.0,0.002200016751885414,0
1051,22,0,6.388572552077051,0.04259048368051367,0.29038966145804773,22,22,22,22,0,0.014838890722074893,227.0,0.0023999600671231747,0
1052,22,0,6.37373366135496,0.0424915577423664,0.28971516642522543,22,22,22,22,0,0.014838890722074893,227.0,0.0025999615900218487,0
1053,22,0,6.358894770632869,0.04239263180421913,0.2890406713924032,22,22,22,22,0,0.014838890722074893,227.0,0.002200016751885414,0
1054,22,0,6.34405587991078,0.04229370586607187,0.2883661763595809,22,22,22,22,0,0.014838890722074893,227.0,0.005100038833916187,0
1055,22,0,6.329216989188689,0.04219477992792459,0.28769168132675854,22,22,22,22,0,0.014838890722074893,227.0,0.00200001522898674,0
1056,22,0,6.314378098466598,0.04209585398977732,0.2870171862939363,22,22,22,22,0,0.014838890722074893,227.0,0.001700012944638729,0
1057,22,0,6.299539207744508,0.04199692805163005,0.286342691261114,22,22,22,22,0,0.014838890722074893,227.0,0.002400018274784088,0
1058,22,0,6.284700317022417,0.04189800211348278,0.2856681962282917,22,22,22,22,0,0.014838890722074893,227.0,0.001800013706088066,0
1059,22,0,6.269861426300326,0.04179907617533551,0.28499370119546946,22,22,22,22,0,0.014838890722074893,227.0,0.0015999539755284786,0
1060,22,0,6.255022535578236,0.04170015023718824,0.2843192061626471,22,22,22,22,0,0.014838890722074893,227.0,0.0021999585442245007,0
1061,22,0,6.240183644856146,0.04160122429904098,0.28364471112982487,22,22,22,22,0,0.014838890722074893,227.0,0.002200016751885414,0
1062,22,0,6.225344754134056,0.04150229836089371,0.2829702160970025,22,22,22,22,0,0.014838890722074893,227.0,0.001900014467537403,0
1063,21,0,6.211131498561489,0.04140754332374326,0.2957681665981662,22,21,22,21,0,0.014213255572542494,225.57142857142858,0.00200001522898674,0
1064,21,0,6.197233045466419,0.04131488696977612,0.2951063354984009,21,21,21,21,0,0.013898453095066543,217.0,0.0018999562598764896,0
1065,21,0,6.183334592371349,0.04122223061580899,0.2944445043986357,21,21,21,21,0,0.013898453095038121,217.0,0.0020999577827751637,0
1066,21,0,6.169436139276279,0.041129574261841856,0.2937826732988704,21,21,21,21,0,0.013898453095066543,217.0,0.00200001522898674,0
1067,21,0,6.155537686181209,0.041036917907874726,0.2931208421991051,21,21,21,21,0,0.013898453095038121,217.0,0.001700012944638729,0
1068,21,0,6.1416392330861385,0.04094426155390759,0.2924590110993399,21,21,21,21,0,0.013898453095066543,217.0,0.001800013706088066,0
1069,21,0,6.127740779991068,0.04085160519994046,0.29179717999957466,21,21,21,21,0,0.013898453095038121,217.0,0.0018999562598764896,0
1070,21,0,6.113842326895998,0.04075894884597332,0.29113534889980947,21,21,21,21,0,0.013898453095066543,217.0,0.002300017513334751,0
1071,21,0,6.099943873800928,0.040666292492006186,0.2904735178000442,21,21,21,21,0,0.013898453095038121,217.0,0.001700012944638729,0
1072,21,0,6.086045420705857,0.04057363613803905,0.2898116867002789,21,21,21,21,0,0.013898453095066543,217.0,0.0022999593056738377,0
1073,21,0,6.072146967610787,0.04048097978407191,0.28914985560051365,21,21,21,21,0,0.013898453095038121,217.0,0.001900014467537403,0
1074,21,0,6.058248514515717,0.04038832343010478,0.28848802450074845,21,21,21,21,0,0.013898453095066543,217.0,0.0018999562598764896,0
1075,21,0,6.044350061420646,0.04029566707613764,0.28782619340098325,21,21,21,21,0,0.013898453095038121,217.0,0.001700012944638729,0
1076,21,0,6.030451608325577,0.040203010722170515,0.2871643623012179,21,21,21,21,0,0.013898453095066543,217.0,0.001700012944638729,0
1077,21,0,6.016553155230507,0.04011035436820338,0.2865025312014527,21,21,21,21,0,0.013898453095038121,217.0,0.00200001522898674,0
1078,21,0,6.002654702135436,0.04001769801423624,0.28584070010168744,21,21,21,21,0,0.013898453095066543,217.0,0.0015999539755284786,0
1079,21,0,5.988756249040366,0.039925041660269105,0.28517886900192224,21,21,21,21,0,0.013898453095038121,217.0,0.001600012183189392,0
1080,21,0,5.9748577959452955,0.03983238530630197,0.284517037902157,21,21,21,21,0,0.013898453095066543,217.0,0.001500011421740055,0
1081,21,0,5.960959342850225,0.03973972895233484,0.2838552068023917,21,21,21,21,0,0.013898453095038121,217.0,0.00200001522898674,0
1082,21,0,5.947060889755155,0.0396470725983677,0.2831933757026265,21,21,21,21,0,0.013898453095066543,217.0,0.0032999669201672077,0
1083,21,0,5.933162436660085,0.03955441624440057,0.2825315446028612,21,21,21,21,0,0.013898453095038121,217.0,0.001700012944638729,0
1084,21,0,5.919263983565015,0.039461759890433434,0.281869713503096,21,21,21,21,0,0.013898453095066543,217.0,0.0014999532140791416,0
1085,21,0,5.905365530469945,0.0393691035364663,0.2812078824033307,21,21,21,21,0,0.013898453095038121,217.0,0.001600012183189392,0
1086,21,0,5.891467077374875,0.03927644718249917,0.28054605130356547,21,21,21,21,0,0.013898453095066543,217.0,0.001200009137392044,0
1087,21,0,5.877568624279805,0.03918379082853203,0.2798842202038002,21,21,21,21,0,0.013898453095038121,217.0,0.001200009137392044,0
1088,21,0,5.863670171184734,0.039091134474564894,0.27922238910403496,21,21,21,21,0,0.013898453095066543,217.0,0.001300009898841381,0
1089,21,0,5.849771718089664,0.03899847812059776,0.27856055800426965,21,21,21,21,0,0.013898453095038121,217.0,0.001200009137392044,0
1090,21,0,5.835873264994594,0.03890582176663063,0.2778987269045045,21,21,21,21,0,0.013898453095066543,217.0,0.001100008375942707,0
1091,21,0,5.821974811899523,0.03881316541266348,0.27723689580473926,21,21,21,21,0,0.013898453095038121,217.0,0.0010999501682817936,0
1092,20,0,5.8084390212447845,0.038722926808298565,0.29042195106223917,21,20,21,20,0,0.013535790654742641,222.0,0.001100008375942707,0
1093,20,0,5.795454976433481,0.03863636650955654,0.28977274882167403,20,20,20,20,0,0.012984044811275908,207.0,0.0010999501682817936,0
1094,20,0,5.782470931622177,0.03854980621081451,0.2891235465811089,20,20,20,20,0,0.01298404481130433,207.0,0.001400010660290718,0
1095,20,0,5.769486886810873,0.03846324591207249,0.28847434434054364,20,20,20,20,0,0.012984044811275908,207.0,0.001500011421740055,0
1096,20,0,5.756502841999569,0.038376685613330457,0.28782514209997845,20,20,20,20,0,0.01298404481130433,207.0,0.001400010660290718,0
1097,20,0,5.743518797188265,0.03829012531458843,0.2871759398594133,20,20,20,20,0,0.012984044811275908,207.0,0.0012999516911804676,0
1098,20,0,5.730534752376961,0.03820356501584641,0.28652673761884806,20,20,20,20,0,0.01298404481130433,207.0,0.001300009898841381,0
1099,20,0,5.717550707565657,0.03811700471710438,0.28587753537828287,20,20,20,20,0,0.012984044811275908,207.0,0.001300009898841381,0
1100,20,0,5.7045666627543525,0.03803044441836235,0.2852283331377176,20,20,20,20,0,0.01298404481130433,207.0,0.001300009898841381,0
1101,20,0,5.69158261794305,0.03794388411962033,0.2845791308971525,20,20,20,20,0,0.012984044811275908,207.0,0.001200009137392044,0
1102,20,0,5.678598573131746,0.0378573238208783,0.28392992865658734,20,20,20,20,0,0.01298404481130433,207.0,0.0018999562598764896,0
1103,20,0,5.665614528320441,0.03777076352213628,0.2832807264160221,20,20,20,20,0,0.012984044811275908,207.0,0.002600019797682762,0
1104,20,0,5.652630483509137,0.03768420322339425,0.2826315241754569,20,20,20,20,0,0.01298404481130433,207.0,0.0024999608285725117,0
1105,20,0,5.639646438697834,0.03759764292465223,0.2819823219348917,20,20,20,20,0,0.012984044811275908,207.0,0.00200001522898674,0
1106,20,0,5.62666239388653,0.0375110826259102,0.2813331196943265,20,20,20,20,0,0.01298404481130433,207.0,0.0019999570213258266,0
1107,20,0,5.613678349075226,0.03742452232716817,0.2806839174537613,20,20,20,20,0,0.012984044811275908,207.0,0.001900014467537403,0
1108,20,0,5.600694304263922,0.037337962028426146,0.28003471521319606,20,20,20,20,0,0.01298404481130433,207.0,0.001900014467537403,0
1109,20,0,5.587710259452619,0.03725140172968413,0.27938551297263087,20,20,20,20,0,0.012984044811275908,207.0,0.001700012944638729,0
1110,20,0,5.574726214641315,0.0371648414309421,0.2787363107320657,20,20,20,20,0,0.01298404481130433,207.0,0.002300017513334751,0
1111,20,0,5.56174216983001,0.03707828113220007,0.27808710849150053,20,20,20,20,0,0.012984044811275908,207.0,0.002100015990436077,0
1112,20,0,5.548758125018706,0.03699172083345804,0.27743790625093534,20,20,20,20,0,0.01298404481130433,207.0,0.0027999631129205227,0
1113,20,0,5.535774080207402,0.036905160534716014,0.27678870401037015,20,20,20,20,0,0.012984044811275908,207.0,0.003300025127828121,0
1114,20,0,5.522790035396099,0.03681860023597399,0.27613950176980495,20,20,20,20,0,0.01298404481130433,207.0,0.0026999623514711857,0
1115,20,0,5.509805990584795,0.03673203993723197,0.27549029952923976,20,20,20,20,0,0.012984044811275908,207.0,0.002500019036233425,0
1116,20,0,5.49682194577349,0.036645479638489936,0.2748410972886745,20,20,20,20,0,0.01298404481130433,207.0,0.003700028173625469,0
1117,20,0,5.483837900962186,0.036558919339747906,0.27419189504810937,20,20,20,20,0,0.012984044811275908,207.0,0.003400025889277458,0
1118,20,0,5.470853856150883,0.03647235904100588,0.2735426928075441,20,20,20,20,0,0.01298404481130433,207.0,0.0028999638743698597,0
1119,20,0,5.457869811339579,0.03638579874226386,0.2728934905669789,20,20,20,20,0,0.012984044811275908,207.0,0.003700028173625469,0
1120,20,0,5.444885766528275,0.036299238443521835,0.27224428832641373,20,20,20,20,0,0.01298404481130433,207.0,0.0039000296965241432,0
1121,20,0,5.4319017217169705,0.036212678144779804,0.2715950860858486,20,20,20,20,0,0.012984044811275908,207.0,0.003200024366378784,0
1122,20,0,5.418917676905666,0.036126117846037774,0.2709458838452834,20,20,20,20,0,0.01298404481130433,207.0,0.003100023604929447,0
1123,20,0,5.405933632094363,0.03603955754729575,0.27029668160471815,20,20,20,20,0,0.012984044811275908,207.0,0.0024999608285725117,0
1124,20,0,5.392949587283059,0.03595299724855373,0.2696474793641529,20,20,20,20,0,0.01298404481130433,207.0,0.00200001522898674,0
1125,20,0,5.379965542471755,0.0358664369498117,0.26899827712358776,20,20,20,20,0,0.012984044811275908,207.0,0.002300017513334751,0
1126,20,0,5.3669814976604515,0.03577987665106968,0.26834907488302256,20,20,20,20,0,0.01298404481130433,207.0,0.002100015990436077,0
1127,20,0,5.353997452849148,0.035693316352327656,0.26769987264245737,20,20,20,20,0,0.012984044811275908,207.0,0.002200016751885414,0
1128,20,0,5.341013408037844,0.035606756053585625,0.2670506704018921,20,20,20,20,0,0.01298404481130433,207.0,0.002200016751885414,0
1129,20,0,5.328029363226539,0.035520195754843595,0.266401468161327,20,20,20,20,0,0.012984044811275908,207.0,0.002100015990436077,0
1130,20,0,5.315045318415236,0.03543363545610157,0.2657522659207618,20,20,20,20,0,0.01298404481130433,207.0,0.00200001522898674,0
1131,20,0,5.302061273603932,0.03534707515735955,0.2651030636801966,20,20,20,20,0,0.012984044811275908,207.0,0.002200016751885414,0
1132,20,0,5.289077228792627,0.03526051485861752,0.26445386143963134,20,20,20,20,0,0.01298404481130433,207.0,0.002700020559132099,0
1133,20,0,5.276093183981324,0.035173954559875494,0.26380465919906615,20,20,20,20,0,0.012984044811275908,207.0,0.0022999593056738377,0
1134,20,0,5.2631091391700195,0.03508739426113346,0.26315545695850096,20,20,20,20,0,0.01298404481130433,207.0,0.0034999684430658817,0
1135,20,0,5.250125094358715,0.03500083396239143,0.2625062547179358,20,20,20,20,0,0.012984044811275908,207.0,0.00300002284348011,0
1136,20,0,5.237141049547413,0.034914273663649416,0.26185705247737057,20,20,20,20,0,0.01298404481130433,207.0,0.002900022082030773,0
1137,20,0,5.224157004736108,0.03482771336490739,0.2612078502368054,20,20,20,20,0,0.012984044811275908,207.0,0.002600019797682762,0
1138,20,0,5.211172959924804,0.03474115306616536,0.26055864799624023,20,20,20,20,0,0.01298404481130433,207.0,0.002800021320581436,0
1139,20,0,5.1981889151135,0.03465459276742333,0.259909445755675,20,20,20,20,0,0.012984044811275908,207.0,0.002600019797682762,0
1140,20,0,5.185204870302196,0.03456803246868131,0.2592602435151098,20,20,20,20,0,0.01298404481130433,207.0,0.0024999608285725117,0
1141,20,0,5.172220825490893,0.034481472169939284,0.2586110412745446,20,20,20,20,0,0.012984044811275908,207.0,0.002800021320581436,0
1142,20,0,5.1592367806795885,0.03439491187119725,0.2579618390339794,20,20,20,20,0,0.01298404481130433,207.0,0.002600019797682762,0
1143,20,0,5.146252735868284,0.03430835157245523,0.25731263679341426,20,20,20,20,0,0.012984044811275908,207.0,0.00300002284348011,0
1144,20,0,5.13326869105698,0.0342217912737132,0.256663434552849,20,20,20,20,0,0.01298404481130433,207.0,0.002500019036233425,0
1145,20,0,5.1202846462456755,0.03413523097497117,0.2560142323122839,20,20,20,20,0,0.012984044811275908,207.0,0.002600019797682762,0
1146,20,0,5.107300601434373,0.03404867067622915,0.2553650300717186,20,20,20,20,0,0.01298404481130433,207.0,0.0025999615900218487,0
1147,20,0,5.094316556623069,0.03396211037748712,0.2547158278311534,20,20,20,20,0,0.012984044811275908,207.0,0.002500019036233425,0
1148,20,0,5.081332511811764,0.0338755500787451,0.2540666255905882,20,20,20,20,0,0.01298404481130433,207.0,0.0023999600671231747,0
1149,20,0,5.06834846700046,0.03378898978000307,0.253417423350023,20,20,20,20,0,0.012984044811275908,207.0,0.002900022082030773,0
1150,20,0,5.0553644221891565,0.033702429481261044,0.25276822110945785,20,20,20,20,0,0.01298404481130433,207.0,0.0023999600671231747,0
1151,20,0,5.042380377377853,0.03361586918251902,0.2521190188688926,20,20,20,20,0,0.012984044811275908,207.0,0.002300017513334751,0
1152,20,0,5.029396332566549,0.03352930888377699,0.2514698166283274,20,20,20,20,0,0.01298404481130433,207.0,0.002600019797682762,0
1153,20,0,5.016412287755244,0.03344274858503496,0.2508206143877622,20,20,20,20,0,0.012984044811275908,207.0,0.002700020559132099,0
1154,20,0,5.00342824294394,0.033356188286292936,0.25017141214719707,20,20,20,20,0,0.01298404481130433,207.0,0.0025999615900218487,0
1155,20,0,4.990444198132637,0.03326962798755091,0.24952220990663188,20,20,20,20,0,0.012984044811275908,207.0,0.00300002284348011,0
1156,20,0,4.977460153321333,0.03318306768880889,0.24887300766606663,20,20,20,20,0,0.01298404481130433,207.0,0.002800021320581436,0
1157,20,0,4.964476108510029,0.03309650739006686,0.2482238054255014,20,20,20,20,0,0.012984044811275908,207.0,0.0023999600671231747,0
1158,20,0,4.9514920636987245,0.03300994709132483,0.24757460318493624,20,20,20,20,0,0.01298404481130433,207.0,0.002400018274784088,0
1159,20,0,4.93850801888742,0.032923386792582804,0.24692540094437102,20,20,20,20,0,0.012984044811275908,207.0,0.002400018274784088,0
1160,20,0,4.925523974076117,0.03283682649384078,0.2462761987038058,20,20,20,20,0,0.01298404481130433,207.0,0.002600019797682762,0
1161,20,0,4.912539929264812,0.03275026619509875,0.24562699646324063,20,20,20,20,0,0.012984044811275908,207.0,0.0027999631129205227,0
1162,20,0,4.899555884453509,0.032663705896356726,0.2449777942226754,20,20,20,20,0,0.01298404481130433,207.0,0.002700020559132099,0
1163,20,0,4.886571839642205,0.032577145597614696,0.24432859198211024,20,20,20,20,0,0.012984044811275908,207.0,0.0028999638743698597,0
1164,20,0,4.8735877948309,0.03249058529887267,0.24367938974154502,20,20,20,20,0,0.01298404481130433,207.0,0.002500019036233425,0
1165,20,0,4.860603750019596,0.03240402500013064,0.2430301875009798,20,20,20,20,0,0.012984044811275908,207.0,0.006700051017105579,0
1166,20,0,4.847619705208292,0.03231746470138861,0.24238098526041463,20,20,20,20,0,0.01298404481130433,207.0,0.002400018274784088,0
1167,20,0,4.834635660396989,0.032230904402646594,0.2417317830198494,20,20,20,20,0,0.012984044811275908,207.0,0.002500019036233425,0
1168,20,0,4.821651615585685,0.032144344103904564,0.24108258077928418,20,20,20,20,0,0.01298404481130433,207.0,0.002800021320581436,0
1169,20,0,4.8086675707743805,0.03205778380516253,0.24043337853871902,20,20,20,20,0,0.012984044811275908,207.0,0.002600019797682762,0
1170,20,0,4.795683525963076,0.03197122350642051,0.23978417629815385,20,20,20,20,0,0.01298404481130433,207.0,0.0023999600671231747,0
1171,20,0,4.782699481151772,0.03188466320767848,0.23913497405758863,20,20,20,20,0,0.012984044811275908,207.0,0.002600019797682762,0
1172,20,0,4.7697154363404675,0.03179810290893645,0.23848577181702332,20,20,20,20,0,0.01298404481130433,207.0,0.002400018274784088,0
1173,20,0,4.756731391529163,0.03171154261019442,0.23783656957645816,20,20,20,20,0,0.012984044811275908,207.0,0.0026999623514711857,0
1174,20,0,4.74374734671786,0.031624982311452395,0.23718736733589293,20,20,20,20,0,0.01298404481130433,207.0,0.002600019797682762,0
1175,20,0,4.730763301906555,0.03153842201271037,0.23653816509532782,20,20,20,20,0,0.012984044811275908,207.0,0.002600019797682762,0
1176,20,0,4.717779257095252,0.03145186171396835,0.2358889628547626,20,20,20,20,0,0.01298404481130433,207.0,0.0023999600671231747,0
1177,20,0,4.704795212283948,0.03136530141522632,0.23523976061419744,20,20,20,20,0,0.012984044811275908,207.0,0.002300017513334751,0
1178,20,0,4.691811167472643,0.031278741116484286,0.2345905583736322,20,20,20,20,0,0.01298404481130433,207.0,0.0027999631129205227,0
1179,20,0,4.678827122661339,0.03119218081774226,0.23394135613306694,20,20,20,20,0,0.012984044811275908,207.0,0.002400018274784088,0
1180,20,0,4.6658430778500355,0.031105620519000236,0.23329215389250174,20,20,20,20,0,0.01298404481130433,207.0,0.0026999623514711857,0
1181,20,0,4.652859033038731,0.03101906022025821,0.23264295165193655,20,20,20,20,0,0.012984044811275908,207.0,0.0025999615900218487,0
1182,20,0,4.639874988227427,0.030932499921516178,0.23199374941137135,20,20,20,20,0,0.01298404481130433,207.0,0.002400018274784088,0
1183,20,0,4.626890943416123,0.030845939622774154,0.23134454717080613,20,20,20,20,0,0.012984044811275908,207.0,0.0027999631129205227,0
1184,20,0,4.613906898604819,0.030759379324032127,0.2306953449302409,20,20,20,20,0,0.01298404481130433,207.0,0.002400018274784088,0
1185,20,0,4.600922853793515,0.030672819025290097,0.2300461426896757,20,20,20,20,0,0.012984044811275908,207.0,0.002600019797682762,0
1186,20,0,4.58793880898221,0.03058625872654807,0.22939694044911058,20,20,20,20,0,0.01298404481130433,207.0,0.0025999615900218487,0
1187,19,0,4.575529617631455,0.030503530784209698,0.2408173482963924,20,19,20,19,0,0.012409191350741366,212.78947368421052,0.0028999638743698597,0
1188,19,0,4.563387807545286,0.03042258538363524,0.24017830566027823,19,19,19,19,0,0.012141810086149007,197.0,0.002300017513334751,0
1189,18,0,4.551937952049244,0.030346253013661624,0.25288544178051353,19,18,19,18,0,0.011449855496010741,203.66666666666666,0.002600019797682762,0
1190,18,0,4.540637059571974,0.03027091373047983,0.2522576144206653,18,18,18,18,0,0.011300892477265734,187.0,0.0025999615900218487,0
1191,18,0,4.529336167094705,0.030195574447298035,0.25162978706081696,18,18,18,18,0,0.011300892477237312,187.0,0.0023999600671231747,0
1192,18,0,4.518035274617435,0.030120235164116233,0.2510019597009686,18,18,18,18,0,0.011300892477265734,187.0,0.002100015990436077,0
1193,18,0,4.5067343821401655,0.03004489588093444,0.25037413234112027,18,18,18,18,0,0.011300892477237312,187.0,0.002900022082030773,0
1194,18,0,4.495433489662895,0.029969556597752637,0.24974630498127195,18,18,18,18,0,0.011300892477265734,187.0,0.002600019797682762,0
1195,18,0,4.484132597185626,0.02989421731457084,0.2491184776214236,18,18,18,18,0,0.011300892477237312,187.0,0.0024999608285725117,0
1196,18,0,4.472831704708357,0.029818878031389044,0.24849065026157538,18,18,18,18,0,0.011300892477265734,187.0,0.002500019036233425,0
1197,18,0,4.4615308122310875,0.02974353874820725,0.24786282290172712,18,18,18,18,0,0.011300892477237312,187.0,0.002500019036233425,0
1198,18,0,4.450229919753817,0.029668199465025448,0.24723499554187878,18,18,18,18,0,0.011300892477265734,187.0,0.002400018274784088,0
1199,18,0,4.438929027276549,0.02959286018184366,0.24660716818203043,18,18,18,18,0,0.011300892477237312,187.0,0.002300017513334751,0
1200,18,0,4.427628134799278,0.029517520898661852,0.2459793408221821,18,18,18,18,0,0.011300892477265734,187.0,0.0029999646358191967,0
1201,18,0,4.416327242322009,0.029442181615480057,0.24535151346233375,18,18,18,18,0,0.011300892477237312,187.0,0.002300017513334751,0
1202,18,0,4.405026349844739,0.029366842332298262,0.24472368610248546,18,18,18,18,0,0.011300892477265734,187.0,0.002500019036233425,0
1203,18,0,4.393725457367469,0.02929150304911646,0.24409585874263717,18,18,18,18,0,0.011300892477237312,187.0,0.0025999615900218487,0
1204,18,0,4.382424564890199,0.02921616376593466,0.24346803138278883,18,18,18,18,0,0.011300892477265734,187.0,0.002200016751885414,0
1205,18,0,4.37112367241293,0.029140824482752865,0.24284020402294054,18,18,18,18,0,0.011300892477237312,187.0,0.0023999600671231747,0
1206,18,0,4.35982277993566,0.02906548519957107,0.2422123766630922,18,18,18,18,0,0.011300892477265734,187.0,0.002300017513334751,0
1207,18,0,4.34852188745839,0.02899014591638927,0.24158454930324394,18,18,18,18,0,0.011300892477237312,187.0,0.002500019036233425,0
1208,18,0,4.33722099498112,0.028914806633207467,0.2409567219433956,18,18,18,18,0,0.011300892477265734,187.0,0.0026999623514711857,0
1209,18,0,4.325920102503851,0.028839467350025672,0.2403288945835473,18,18,18,18,0,0.011300892477237312,187.0,0.002300017513334751,0
1210,18,0,4.314619210026581,0.028764128066843878,0.23970106722369897,18,18,18,18,0,0.011300892477265734,187.0,0.0025999615900218487,0
1211,18,0,4.303318317549312,0.02868878878366208,0.23907323986385068,18,18,18,18,0,0.011300892477237312,187.0,0.002500019036233425,0
1212,18,0,4.292017425072043,0.028613449500480285,0.23844541250400234,18,18,18,18,0,0.011300892477265734,187.0,0.002600019797682762,0
1213,18,0,4.280716532594773,0.028538110217298483,0.237817585144154,18,18,18,18,0,0.011300892477237312,187.0,0.0024999608285725117,0
1214,18,0,4.2694156401175025,0.028462770934116685,0.2371897577843057,18,18,18,18,0,0.011300892477265734,187.0,0.002300017513334751,0
1215,18,0,4.258114747640233,0.028387431650934887,0.2365619304244574,18,18,18,18,0,0.011300892477237312,187.0,0.0038999714888632298,0
1216,18,0,4.246813855162964,0.028312092367753092,0.23593410306460905,18,18,18,18,0,0.011300892477265734,187.0,0.002900022082030773,0
1217,18,0,4.235512962685694,0.02823675308457129,0.2353062757047607,18,18,18,18,0,0.011300892477237312,187.0,0.002200016751885414,0
1218,18,0,4.2242120702084245,0.028161413801389496,0.23467844834491247,18,18,18,18,0,0.011300892477265734,187.0,0.0026999623514711857,0
1219,18,0,4.212911177731154,0.028086074518207695,0.23405062098506418,18,18,18,18,0,0.011300892477237312,187.0,0.002400018274784088,0
1220,18,0,4.201610285253885,0.0280107352350259,0.23342279362521584,18,18,18,18,0,0.011300892477265734,187.0,0.002600019797682762,0
1221,18,0,4.190309392776616,0.027935395951844105,0.2327949662653675,18,18,18,18,0,0.011300892477237312,187.0,0.0022999593056738377,0
1222,18,0,4.179008500299346,0.027860056668662304,0.2321671389055192,18,18,18,18,0,0.011300892477265734,187.0,0.0035999692045152187,0
1223,18,0,4.167707607822075,0.027784717385480502,0.2315393115456709,18,18,18,18,0,0.011300892477237312,187.0,0.002500019036233425,0
1224,18,0,4.156406715344806,0.027709378102298707,0.23091148418582255,18,18,18,18,0,0.011300892477265734,187.0,0.002300017513334751,0
1225,18,0,4.145105822867537,0.027634038819116913,0.2302836568259742,18,18,18,18,0,0.011300892477237312,187.0,0.002100015990436077,0
1226,18,0,4.133804930390267,0.02755869953593511,0.22965582946612592,18,18,18,18,0,0.011300892477265734,187.0,0.002300017513334751,0
1227,18,0,4.122504037912997,0.027483360252753317,0.22902800210627763,18,18,18,18,0,0.011300892477237312,187.0,0.001900014467537403,0
1228,18,0,4.111203145435728,0.027408020969571522,0.2284001747464293,18,18,18,18,0,0.011300892477265734,187.0,0.002500019036233425,0
1229,18,0,4.099902252958458,0.02733268168638972,0.22777234738658103,18,18,18,18,0,0.011300892477237312,187.0,0.002500019036233425,0
1230,18,0,4.088601360481189,0.027257342403207926,0.2271445200267327,18,18,18,18,0,0.011300892477265734,187.0,0.002700020559132099,0
1231,18,0,4.077300468003919,0.027182003120026128,0.2265166926668844,18,18,18,18,0,0.011300892477237312,187.0,0.002600019797682762,0
1232,18,0,4.06599957552665,0.027106663836844333,0.22588886530703606,18,18,18,18,0,0.011300892477265734,187.0,0.002800021320581436,0
1233,18,0,4.054698683049379,0.027031324553662528,0.22526103794718777,18,18,18,18,0,0.011300892477237312,187.0,0.002700020559132099,0
1234,18,0,4.04339779057211,0.02695598527048073,0.22463321058733948,18,18,18,18,0,0.011300892477265734,187.0,0.002700020559132099,0
1235,18,0,4.03209689809484,0.026880645987298935,0.22400538322749114,18,18,18,18,0,0.011300892477237312,187.0,0.002600019797682762,0
1236,18,0,4.020796005617571,0.02680530670411714,0.2233775558676428,18,18,18,18,0,0.011300892477265734,187.0,0.002600019797682762,0
1237,18,0,4.0094951131403,0.026729967420935332,0.2227497285077945,18,18,18,18,0,0.011300892477237312,187.0,0.0026999623514711857,0
1238,18,0,3.9981942206630317,0.026654628137753544,0.22212190114794617,18,18,18,18,0,0.011300892477265734,187.0,0.002700020559132099,0
1239,18,0,3.9868933281857615,0.026579288854571743,0.22149407378809788,18,18,18,18,0,0.011300892477237312,187.0,0.002600019797682762,0
1240,18,0,3.975592435708492,0.026503949571389948,0.22086624642824954,18,18,18,18,0,0.011300892477265734,187.0,0.002500019036233425,0
1241,18,0,3.9642915432312225,0.02642861028820815,0.22023841906840125,18,18,18,18,0,0.011300892477237312,187.0,0.002500019036233425,0
1242,18,0,3.9529906507539527,0.026353271005026352,0.2196105917085529,18,18,18,18,0,0.011300892477265734,187.0,0.0023999600671231747,0
1243,18,0,3.9416897582766826,0.02627793172184455,0.21898276434870462,18,18,18,18,0,0.011300892477237312,187.0,0.0023999600671231747,0
1244,18,0,3.9303888657994133,0.026202592438662756,0.2183549369888563,18,18,18,18,0,0.011300892477265734,187.0,0.002500019036233425,0
1245,18,0,3.9190879733221435,0.026127253155480958,0.217727109629008,18,18,18,18,0,0.011300892477237312,187.0,0.002600019797682762,0
1246,18,0,3.9077870808448743,0.026051913872299163,0.21709928226915964,18,18,18,18,0,0.011300892477265734,187.0,0.00300002284348011,0
1247,18,0,3.8964861883676045,0.025976574589117365,0.21647145490931133,18,18,18,18,0,0.011300892477237312,187.0,0.0016999547369778156,0
1248,18,0,3.8851852958903343,0.025901235305935563,0.215843627549463,18,18,18,18,0,0.011300892477265734,187.0,0.004500034265220165,0
1249,18,0,3.873884403413065,0.02582589602275377,0.21521580018961473,18,18,18,18,0,0.011300892477237312,187.0,0.003500026650726795,0
1250,18,0,3.8625835109357953,0.02575055673957197,0.2145879728297664,18,18,18,18,0,0.011300892477265734,187.0,0.0028999638743698597,0
1251,18,0,3.8512826184585256,0.025675217456390172,0.21396014546991812,18,18,18,18,0,0.011300892477237312,187.0,0.002300017513334751,0
1252,18,0,3.8399817259812563,0.025599878173208374,0.21333231811006978,18,18,18,18,0,0.011300892477265734,187.0,0.001900014467537403,0
1253,18,0,3.828680833503986,0.025524538890026573,0.21270449075022146,18,18,18,18,0,0.011300892477237312,187.0,0.002900022082030773,0
1254,18,0,3.817379941026717,0.025449199606844778,0.21207666339037315,18,18,18,18,0,0.011300892477265734,187.0,0.00300002284348011,0
1255,18,0,3.8060790485494467,0.025373860323662976,0.21144883603052483,18,18,18,18,0,0.011300892477237312,187.0,0.0029999646358191967,0
1256,18,0,3.7947781560721774,0.025298521040481182,0.21082100867067652,18,18,18,18,0,0.011300892477265734,187.0,0.002700020559132099,0
1257,18,0,3.7834772635949077,0.025223181757299384,0.2101931813108282,18,18,18,18,0,0.011300892477237312,187.0,0.002400018274784088,0
1258,18,0,3.772176371117638,0.025147842474117586,0.2095653539509799,18,18,18,18,0,0.011300892477265734,187.0,0.002100015990436077,0
1259,18,0,3.760875478640368,0.025072503190935787,0.20893752659113157,18,18,18,18,0,0.011300892477237312,187.0,0.002300017513334751,0
1260,18,0,3.7495745861630985,0.02499716390775399,0.20830969923128329,18,18,18,18,0,0.011300892477265734,187.0,0.0023999600671231747,0
1261,18,0,3.7382736936858287,0.02492182462457219,0.20768187187143494,18,18,18,18,0,0.011300892477237312,187.0,0.0021999585442245007,0
1262,18,0,3.72697280120856,0.0248464853413904,0.20705404451158663,18,18,18,18,0,0.011300892477265734,187.0,0.0026999623514711857,0
1263,18,0,3.71567190873129,0.024771146058208602,0.20642621715173834,18,18,18,18,0,0.011300892477237312,187.0,0.0032999669201672077,0
1264,18,0,3.7043710162540204,0.024695806775026804,0.20579838979189,18,18,18,18,0,0.011300892477265734,187.0,0.002300017513334751,0
1265,17,0,3.693246814577744,0.024621645430518296,0.21724981262222023,18,17,18,17,0,0.011124201676267376,192.2941176470588,0.0022999593056738377,0
1266,17,0,3.68273595108215,0.024551573007214333,0.2166315265342441,17,17,17,17,0,0.010510863495568401,177.0,0.0036999699659645557,0
1267,17,0,3.6722250875865554,0.024481500583910368,0.216013240446268,17,17,17,17,0,0.010510863495596823,177.0,0.00300002284348011,0
1268,17,0,3.6617142240909613,0.02441142816060641,0.21539495435829184,17,17,17,17,0,0.010510863495568401,177.0,0.0023999600671231747,0
1269,17,0,3.6512033605953667,0.024341355737302443,0.21477666827031572,17,17,17,17,0,0.010510863495596823,177.0,0.002100015990436077,0
1270,17,0,3.6406924970997725,0.024271283313998485,0.21415838218233957,17,17,17,17,0,0.010510863495568401,177.0,0.00200001522898674,0
1271,17,0,3.6301816336041783,0.024201210890694522,0.21354009609436342,17,17,17,17,0,0.010510863495596823,177.0,0.001900014467537403,0
1272,17,0,3.619670770108584,0.02413113846739056,0.2129218100063873,17,17,17,17,0,0.010510863495568401,177.0,0.002300017513334751,0
1273,17,0,3.60915990661299,0.0240610660440866,0.21230352391841117,17,17,17,17,0,0.010510863495596823,177.0,0.002400018274784088,0
1274,17,0,3.598649043117396,0.02399099362078264,0.21168523783043502,17,17,17,17,0,0.010510863495568401,177.0,0.002700020559132099,0
1275,17,0,3.588138179621801,0.023920921197478674,0.21106695174245887,17,17,17,17,0,0.010510863495596823,177.0,0.002800021320581436,0
1276,17,0,3.5776273161262067,0.02385084877417471,0.21044866565448275,17,17,17,17,0,0.010510863495568401,177.0,0.002400018274784088,0
1277,17,0,3.5671164526306125,0.02378077635087075,0.20983037956650663,17,17,17,17,0,0.010510863495596823,177.0,0.0027999631129205227,0
1278,17,0,3.5566055891350183,0.02371070392756679,0.20921209347853048,17,17,17,17,0,0.010510863495568401,177.0,0.0024999608285725117,0
1279,17,0,3.546094725639424,0.023640631504262828,0.20859380739055433,17,17,17,17,0,0.010510863495596823,177.0,0.002800021320581436,0
1280,17,0,3.5355838621438296,0.023570559080958862,0.2079755213025782,17,17,17,17,0,0.010510863495568401,177.0,0.002400018274784088,0
1281,17,0,3.525072998648235,0.0235004866576549,0.2073572352146021,17,17,17,17,0,0.010510863495596823,177.0,0.002400018274784088,0
1282,17,0,3.514562135152641,0.023430414234350938,0.20673894912662594,17,17,17,17,0,0.010510863495568401,177.0,0.002400018274784088,0
1283,17,0,3.5040512716570467,0.02336034181104698,0.20612066303864982,17,17,17,17,0,0.010510863495596823,177.0,0.002700020559132099,0
1284,17,0,3.4935404081614525,0.023290269387743017,0.20550237695067367,17,17,17,17,0,0.010510863495568401,177.0,0.0024999608285725117,0
1285,17,0,3.4830295446658583,0.023220196964439055,0.20488409086269752,17,17,17,17,0,0.010510863495596823,177.0,0.002700020559132099,0
1286,17,0,3.4725186811702637,0.023150124541135093,0.2042658047747214,17,17,17,17,0,0.010510863495568401,177.0,0.002700020559132099,0
1287,17,0,3.4620078176746696,0.02308005211783113,0.20364751868674524,17,17,17,17,0,0.010510863495596823,177.0,0.002600019797682762,0
1288,17,0,3.451496954179075,0.023009979694527168,0.20302923259876912,17,17,17,17,0,0.010510863495568401,177.0,0.0020999577827751637,0
1289,17,0,3.440986090683481,0.022939907271223206,0.20241094651079303,17,17,17,17,0,0.010510863495596823,177.0,0.002400018274784088,0
1290,17,0,3.4304752271878867,0.022869834847919244,0.20179266042281685,17,17,17,17,0,0.010510863495568401,177.0,0.002800021320581436,0
1291,17,0,3.419964363692292,0.02279976242461528,0.20117437433484073,17,17,17,17,0,0.010510863495596823,177.0,0.002600019797682762,0
1292,17,0,3.4094535001966975,0.022729690001311316,0.20055608824686458,17,17,17,17,0,0.010510863495568401,177.0,0.002500019036233425,0
1293,15,0,3.3996113003431083,0.02266407533562072,0.22664075335620723,17,15,17,15,0,0.009842199853579814,183.66666666666666,0.002600019797682762,0
1294,15,0,3.390646548643219,0.022604310324288127,0.22604310324288124,15,15,15,15,0,0.008964751699892304,157.0,0.002300017513334751,0
1295,15,0,3.3816817969433295,0.02254454531295553,0.22544545312955533,15,15,15,15,0,0.008964751699863882,157.0,0.002500019036233425,0
1296,15,0,3.3727170452434403,0.022484780301622934,0.22484780301622936,15,15,15,15,0,0.008964751699892304,157.0,0.002900022082030773,0
1297,15,0,3.363752293543551,0.02242501529029034,0.22425015290290334,15,15,15,15,0,0.008964751699863882,157.0,0.003500026650726795,0
1298,15,0,3.3547875418436615,0.022365250278957742,0.2236525027895774,15,15,15,15,0,0.008964751699892304,157.0,0.0023999600671231747,0
1299,15,0,3.345822790143772,0.022305485267625144,0.22305485267625141,15,15,15,15,0,0.008964751699863882,157.0,0.002100015990436077,0
1300,15,0,3.336858038443882,0.022245720256292546,0.22245720256292548,15,15,15,15,0,0.008964751699892304,157.0,0.002300017513334751,0
1301,15,0,3.3278932867439925,0.022185955244959952,0.22185955244959948,15,15,15,15,0,0.008964751699863882,157.0,0.002500019036233425,0
1302,14,0,3.3195813927214157,0.022130542618142773,0.23711295662295825,15,14,15,14,0,0.008311894022568822,155.57142857142858,0.002300017513334751,0
1303,14,0,3.311384601771854,0.022075897345145694,0.23652747155513246,14,14,14,14,0,0.008196790949568822,147.0,0.0021999585442245007,0
1304,14,0,3.303187810822293,0.022021252072148622,0.23594198648730666,14,14,14,14,0,0.0081967909495404,147.0,0.0023999600671231747,0
1305,14,0,3.2949910198727315,0.021966606799151543,0.2353565014194808,14,14,14,14,0,0.008196790949568822,147.0,0.002400018274784088,0
1306,14,0,3.28679422892317,0.021911961526154468,0.234771016351655,14,14,14,14,0,0.0081967909495404,147.0,0.002200016751885414,0
1307,14,0,3.2785974379736085,0.02185731625315739,0.23418553128382918,14,14,14,14,0,0.008196790949568822,147.0,0.0019999570213258266,0
1308,14,0,3.2704006470240468,0.02180267098016031,0.23360004621600342,14,14,14,14,0,0.0081967909495404,147.0,0.002300017513334751,0
1309,14,0,3.2622038560744855,0.021748025707163235,0.23301456114817753,14,14,14,14,0,0.008196790949568822,147.0,0.002200016751885414,0
1310,14,0,3.2540070651249238,0.02169338043416616,0.23242907608035165,14,14,14,14,0,0.0081967909495404,147.0,0.002100015990436077,0
1311,14,0,3.2458102741753625,0.021638735161169084,0.23184359101252588,14,14,14,14,0,0.008196790949568822,147.0,0.002100015990436077,0
1312,14,0,3.237613483225801,0.021584089888172005,0.2312581059447001,14,14,14,14,0,0.0081967909495404,147.0,0.002200016751885414,0
1313,14,0,3.2294166922762395,0.02152944461517493,0.2306726208768743,14,14,14,14,0,0.008196790949568822,147.0,0.002700020559132099,0
1314,13,0,3.2215141433062975,0.021476760955375318,0.2478087802543305,14,13,14,13,0,0.007902548969923373,137.0,0.00200001522898674,0
1315,13,0,3.2140780323886595,0.021427186882591064,0.24723677172220457,13,13,13,13,0,0.007436110917637961,137.0,0.0021999585442245007,0
1316,13,0,3.206641921471022,0.021377612809806813,0.24666476319007857,13,13,13,13,0,0.007436110917637961,137.0,0.002200016751885414,0
1317,13,0,3.199205810553384,0.02132803873702256,0.2460927546579526,13,13,13,13,0,0.007436110917637961,137.0,0.003400025889277458,0
1318,13,0,3.1917696996357465,0.02127846466423831,0.24552074612582667,13,13,13,13,0,0.007436110917637961,137.0,0.00200001522898674,0
1319,13,0,3.1843335887181086,0.021228890591454056,0.24494873759370067,13,13,13,13,0,0.007436110917637961,137.0,0.0022999593056738377,0
1320,13,0,3.1768974778004706,0.021179316518669805,0.24437672906157465,13,13,13,13,0,0.007436110917637961,137.0,0.002100015990436077,0
1321,13,0,3.1694613668828326,0.02112974244588555,0.2438047205294487,13,13,13,13,0,0.007436110917637961,137.0,0.002800021320581436,0
1322,13,0,3.162025255965195,0.0210801683731013,0.24323271199732266,13,13,13,13,0,0.007436110917637961,137.0,0.002300017513334751,0
1323,13,0,3.154589145047557,0.02103059430031705,0.24266070346519675,13,13,13,13,0,0.007436110917637961,137.0,0.002100015990436077,0
1324,13,0,3.1471530341299188,0.02098102022753279,0.2420886949330707,13,13,13,13,0,0.007436110917637961,137.0,0.0020999577827751637,0
1325,13,0,3.139716923212281,0.02093144615474854,0.24151668640094476,13,13,13,13,0,0.007436110917637961,137.0,0.0019999570213258266,0
1326,13,0,3.1322808122946433,0.02088187208196429,0.2409446778688187,13,13,13,13,0,0.007436110917637961,137.0,0.001800013706088066,0
1327,13,0,3.1248447013770058,0.020832298009180038,0.2403726693366927,13,13,13,13,0,0.007436110917637961,137.0,0.0016999547369778156,0
1328,13,0,3.117408590459368,0.020782723936395787,0.23980066080456675,13,13,13,13,0,0.007436110917637961,137.0,0.00200001522898674,0
1329,13,0,3.10997247954173,0.020733149863611532,0.23922865227244075,13,13,13,13,0,0.007436110917637961,137.0,0.001800013706088066,0
1330,13,0,3.1025363686240923,0.02068357579082728,0.23865664374031478,13,13,13,13,0,0.007436110917637961,137.0,0.001900014467537403,0
1331,13,0,3.0951002577064544,0.02063400171804303,0.23808463520818873,13,13,13,13,0,0.007436110917637961,137.0,0.002500019036233425,0
1332,13,0,3.0876641467888164,0.020584427645258776,0.2375126266760628,13,13,13,13,0,0.007436110917637961,137.0,0.002300017513334751,0
1333,13,0,3.080228035871179,0.020534853572474525,0.2369406181439368,13,13,13,13,0,0.007436110917637961,137.0,0.0018999562598764896,0
1334,13,0,3.072791924953541,0.020485279499690274,0.23636860961181091,13,13,13,13,0,0.007436110917637961,137.0,0.0021999585442245007,0
1335,12,0,3.0658832060953327,0.020439221373968884,0.25549026717461115,13,12,13,12,0,0.006908718858198881,133.66666666666666,0.002100015990436077,0
1336,12,0,3.059195992926243,0.02039463995284162,0.2549329994105202,12,12,12,12,0,0.006687213169101369,127.0,0.002200016751885414,0
1337,12,0,3.052508779757152,0.020350058531714347,0.2543757316464294,12,12,12,12,0,0.0066872131690729475,127.0,0.002100015990436077,0
1338,11,0,3.046342295651262,0.02030894863767508,0.27694020869556923,12,11,12,11,0,0.006166484105904146,127.9090909090909,0.002200016751885414,0
1339,11,0,3.0404022973657137,0.02026934864910476,0.2764002088514286,11,11,11,11,0,0.005939998285526826,117.0,0.002300017513334751,0
1340,11,0,3.034462299080166,0.02022974866053444,0.27586020900728775,11,11,11,11,0,0.005939998285555248,117.0,0.003700028173625469,0
1341,11,0,3.0285223007946174,0.020190148671964114,0.2753202091631471,11,11,11,11,0,0.005939998285526826,117.0,0.002700020559132099,0
1342,11,0,3.0225823025090697,0.020150548683393797,0.2747802093190063,11,11,11,11,0,0.005939998285555248,117.0,0.002600019797682762,0
1343,11,0,3.0166423042235215,0.020110948694823477,0.27424020947486566,11,11,11,11,0,0.005939998285526826,117.0,0.0025999615900218487,0
1344,11,0,3.010702305937974,0.02007134870625316,0.2737002096307249,11,11,11,11,0,0.005939998285555248,117.0,0.002700020559132099,0
1345,11,0,3.0047623076524257,0.02003174871768284,0.2731602097865841,11,11,11,11,0,0.005939998285526826,117.0,0.0023999600671231747,0
1346,11,0,2.998822309366878,0.01999214872911252,0.27262020994244346,11,11,11,11,0,0.005939998285555248,117.0,0.0023999600671231747,0
1347,11,0,2.9928823110813294,0.019952548740542198,0.2720802100983027,11,11,11,11,0,0.005939998285526826,117.0,0.002600019797682762,0
1348,11,0,2.9869423127957817,0.019912948751971877,0.27154021025416203,11,11,11,11,0,0.005939998285555248,117.0,0.0024999608285725117,0
1349,11,0,2.9810023145102336,0.019873348763401556,0.27100021041002126,11,11,11,11,0,0.005939998285526826,117.0,0.0028999638743698597,0
1350,11,0,2.975062316224686,0.01983374877483124,0.27046021056588054,11,11,11,11,0,0.005939998285555248,117.0,0.002600019797682762,0
1351,11,0,2.9691223179391377,0.01979414878626092,0.26992021072173983,11,11,11,11,0,0.005939998285526826,117.0,0.002400018274784088,0
1352,11,0,2.96318231965359,0.0197545487976906,0.2693802108775991,11,11,11,11,0,0.005939998285555248,117.0,0.0021999585442245007,0
1353,11,0,2.9572423213680414,0.019714948809120277,0.2688402110334584,11,11,11,11,0,0.005939998285526826,117.0,0.002200016751885414,0
1354,11,0,2.951302323082494,0.01967534882054996,0.26830021118931763,11,11,11,11,0,0.005939998285555248,117.0,0.002300017513334751,0
1355,11,0,2.9453623247969456,0.019635748831979636,0.2677602113451769,11,11,11,11,0,0.005939998285526826,117.0,0.0024999608285725117,0
1356,11,0,2.939422326511398,0.01959614884340932,0.2672202115010362,11,11,11,11,0,0.005939998285555248,117.0,0.002400018274784088,0
1357,11,0,2.9334823282258498,0.019556548854838998,0.2666802116568955,11,11,11,11,0,0.005939998285526826,117.0,0.002100015990436077,0
1358,11,0,2.927542329940302,0.01951694886626868,0.2661402118127547,11,11,11,11,0,0.005939998285555248,117.0,0.002400018274784088,0
1359,11,0,2.9216023316547535,0.019477348877698357,0.26560021196861394,11,11,11,11,0,0.005939998285526826,117.0,0.0022999593056738377,0
1360,11,0,2.915662333369206,0.01943774888912804,0.2650602121244732,11,11,11,11,0,0.005939998285555248,117.0,0.002200016751885414,0
1361,11,0,2.909722335083658,0.01939814890055772,0.26452021228033257,11,11,11,11,0,0.005939998285526826,117.0,0.002300017513334751,0
1362,11,0,2.90378233679811,0.0193585489119874,0.26398021243619185,11,11,11,11,0,0.005939998285555248,117.0,0.002400018274784088,0
1363,11,0,2.897842338512562,0.019318948923417078,0.2634402125920511,11,11,11,11,0,0.005939998285526826,117.0,0.0028999638743698597,0
1364,11,0,2.891902340227014,0.01927934893484676,0.26290021274791037,11,11,11,11,0,0.005939998285555248,117.0,0.002400018274784088,0
1365,11,0,2.8859623419414655,0.019239748946276437,0.26236021290376965,11,11,11,11,0,0.005939998285526826,117.0,0.002200016751885414,0
1366,11,0,2.8800223436559182,0.019200148957706123,0.26182021305962894,11,11,11,11,0,0.005939998285555248,117.0,0.002100015990436077,0
1367,11,0,2.8740823453703697,0.0191605489691358,0.2612802132154882,11,11,11,11,0,0.005939998285526826,117.0,0.00200001522898674,0
1368,11,0,2.868142347084822,0.019120948980565478,0.26074021337134745,11,11,11,11,0,0.005939998285555248,117.0,0.001900014467537403,0
1369,11,0,2.862202348799274,0.019081348991995158,0.26020021352720674,11,11,11,11,0,0.005939998285526826,117.0,0.002200016751885414,0
1370,11,0,2.856262350513726,0.01904174900342484,0.259660213683066,11,11,11,11,0,0.005939998285555248,117.0,0.002100015990436077,0
1371,11,0,2.850322352228178,0.01900214901485452,0.2591202138389253,11,11,11,11,0,0.005939998285526826,117.0,0.0018999562598764896,0
1372,11,0,2.8443823539426303,0.018962549026284203,0.25858021399478454,11,11,11,11,0,0.005939998285555248,117.0,0.002200016751885414,0
1373,11,0,2.838442355657082,0.018922949037713882,0.2580402141506438,11,11,11,11,0,0.005939998285526826,117.0,0.0017999554984271526,0
1374,11,0,2.832502357371534,0.01888334904914356,0.2575002143065031,11,11,11,11,0,0.005939998285555248,117.0,0.002500019036233425,0
1375,11,0,2.826562359085986,0.018843749060573237,0.2569602144623624,11,11,11,11,0,0.005939998285526826,117.0,0.002100015990436077,0
1376,11,0,2.820622360800438,0.01880414907200292,0.2564202146182217,11,11,11,11,0,0.005939998285555248,117.0,0.001800013706088066,0
1377,11,0,2.81468236251489,0.0187645490834326,0.25588021477408085,11,11,11,11,0,0.005939998285526826,117.0,0.002200016751885414,0
1378,11,0,2.8087423642293423,0.018724949094862282,0.2553402149299402,11,11,11,11,0,0.005939998285555248,117.0,0.0022999593056738377,0
1379,11,0,2.802802365943794,0.018685349106291962,0.2548002150857995,11,11,11,11,0,0.005939998285526826,117.0,0.002200016751885414,0
1380,11,0,2.796862367658246,0.01864574911772164,0.25426021524165876,11,11,11,11,0,0.005939998285555248,117.0,0.002100015990436077,0
1381,11,0,2.790922369372698,0.01860614912915132,0.25372021539751805,11,11,11,11,0,0.005939998285526826,117.0,0.002200016751885414,0
1382,11,0,2.78498237108715,0.018566549140581,0.2531802155533773,11,11,11,11,0,0.005939998285555248,117.0,0.002200016751885414,0
1383,11,0,2.7790423728016025,0.018526949152010683,0.2526402157092366,11,11,11,11,0,0.005939998285526826,117.0,0.0018999562598764896,0
1384,11,0,2.7731023745160543,0.018487349163440362,0.25210021586509584,11,11,11,11,0,0.005939998285555248,117.0,0.002200016751885414,0
1385,11,0,2.767162376230506,0.01844774917487004,0.25156021602095513,11,11,11,11,0,0.005939998285526826,117.0,0.002100015990436077,0
1386,11,0,2.7612223779449585,0.018408149186299724,0.25102021617681436,11,11,11,11,0,0.005939998285555248,117.0,0.002200016751885414,0
1387,11,0,2.75528237965941,0.0183685491977294,0.25048021633267364,11,11,11,11,0,0.005939998285526826,117.0,0.002100015990436077,0
1388,11,0,2.749342381373862,0.018328949209159083,0.24994021648853293,11,11,11,11,0,0.005939998285555248,117.0,0.006199989002197981,0
1389,11,0,2.743402383088314,0.01828934922058876,0.24940021664439224,11,11,11,11,0,0.005939998285526826,117.0,0.003200024366378784,0
1390,11,0,2.7374623848027664,0.018249749232018442,0.2488602168002515,11,11,11,11,0,0.005939998285555248,117.0,0.002800021320581436,0
1391,11,0,2.7315223865172182,0.01821014924344812,0.2483202169561107,11,11,11,11,0,0.005939998285526826,117.0,0.002700020559132099,0
1392,11,0,2.7255823882316705,0.018170549254877804,0.24778021711197004,11,11,11,11,0,0.005939998285555248,117.0,0.002400018274784088,0
1393,11,0,2.7196423899461224,0.018130949266307483,0.2472402172678293,11,11,11,11,0,0.005939998285526826,117.0,0.001700012944638729,0
1394,11,0,2.7137023916605743,0.018091349277737163,0.2467002174236886,11,11,11,11,0,0.005939998285555248,117.0,0.001600012183189392,0
1395,11,0,2.7077623933750266,0.018051749289166842,0.24616021757954784,11,11,11,11,0,0.005939998285526826,117.0,0.0019999570213258266,0
1396,11,0,2.7018223950894784,0.01801214930059652,0.24562021773540718,11,11,11,11,0,0.005939998285555248,117.0,0.0019999570213258266,0
1397,11,0,2.6958823968039303,0.0179725493120262,0.24508021789126638,11,11,11,11,0,0.005939998285526826,117.0,0.001700012944638729,0
1398,11,0,2.6899423985183826,0.017932949323455884,0.24454021804712572,11,11,11,11,0,0.005939998285555248,117.0,0.00200001522898674,0
1399,11,0,2.6840024002328344,0.017893349334885563,0.24400021820298498,11,11,11,11,0,0.005939998285526826,117.0,0.0029999646358191967,0
1400,11,0,2.6780624019472863,0.017853749346315242,0.2434602183588442,11,11,11,11,0,0.005939998285555248,117.0,0.002700020559132099,0
1401,11,0,2.6721224036617386,0.017814149357744925,0.2429202185147035,11,11,11,11,0,0.005939998285526826,117.0,0.002700020559132099,0
1402,11,0,2.6661824053761904,0.017774549369174605,0.24238021867056278,11,11,11,11,0,0.005939998285555248,117.0,0.001900014467537403,0
1403,11,0,2.6602424070906423,0.01773494938060428,0.24184021882642207,11,11,11,11,0,0.005939998285526826,117.0,0.00200001522898674,0
1404,11,0,2.654302408805095,0.017695349392033967,0.2413002189822813,11,11,11,11,0,0.005939998285555248,117.0,0.002100015990436077,0
1405,11,0,2.648362410519547,0.017655749403463646,0.24076021913814058,11,11,11,11,0,0.005939998285526826,117.0,0.002100015990436077,0
1406,11,0,2.6424224122339988,0.017616149414893326,0.24022021929399984,11,11,11,11,0,0.005939998285555248,117.0,0.002600019797682762,0
1407,11,0,2.6364824139484506,0.017576549426323005,0.23968021944985915,11,11,11,11,0,0.005939998285526826,117.0,0.002300017513334751,0
1408,11,0,2.6305424156629025,0.017536949437752684,0.23914021960571843,11,11,11,11,0,0.005939998285555248,117.0,0.0024999608285725117,0
1409,11,0,2.6246024173773543,0.017497349449182364,0.23860021976157766,11,11,11,11,0,0.005939998285526826,117.0,0.002300017513334751,0
1410,11,0,2.618662419091807,0.017457749460612047,0.23806021991743698,11,11,11,11,0,0.005939998285555248,117.0,0.0022999593056738377,0
1411,11,0,2.612722420806259,0.017418149472041726,0.23752022007329623,11,11,11,11,0,0.005939998285526826,117.0,0.002900022082030773,0
1412,11,0,2.606782422520711,0.017378549483471405,0.23698022022915557,11,11,11,11,0,0.005939998285555248,117.0,0.002700020559132099,0
1413,11,0,2.6008424242351627,0.017338949494901085,0.23644022038501478,11,11,11,11,0,0.005939998285526826,117.0,0.0021999585442245007,0
1414,11,0,2.5949024259496145,0.017299349506330764,0.23590022054087403,11,11,11,11,0,0.005939998285555248,117.0,0.002200016751885414,0
1415,11,0,2.588962427664067,0.017259749517760447,0.23536022069673335,11,11,11,11,0,0.005939998285526826,117.0,0.003200024366378784,0
1416,11,0,2.583022429378519,0.017220149529190126,0.2348202208525926,11,11,11,11,0,0.005939998285555248,117.0,0.0027999631129205227,0
1417,11,0,2.577082431092971,0.017180549540619806,0.23428022100845192,11,11,11,11,0,0.005939998285526826,117.0,0.0022999593056738377,0
1418,11,0,2.571142432807423,0.017140949552049485,0.23374022116431112,11,11,11,11,0,0.005939998285555248,117.0,0.002400018274784088,0
1419,11,0,2.5652024345218747,0.017101349563479164,0.23320022132017043,11,11,11,11,0,0.005939998285526826,117.0,0.0027999631129205227,0
1420,11,0,2.5592624362363265,0.017061749574908844,0.2326602214760297,11,11,11,11,0,0.005939998285555248,117.0,0.0022999593056738377,0
1421,11,0,2.5533224379507784,0.017022149586338523,0.23212022163188903,11,11,11,11,0,0.005939998285526826,117.0,0.002400018274784088,0
1422,11,0,2.547382439665231,0.016982549597768206,0.23158022178774826,11,11,11,11,0,0.005939998285555248,117.0,0.002300017513334751,0
1423,11,0,2.541442441379683,0.016942949609197885,0.23104022194360752,11,11,11,11,0,0.005939998285526826,117.0,0.001700012944638729,0
1424,11,0,2.535502443094135,0.016903349620627565,0.2305002220994668,11,11,11,11,0,0.005939998285555248,117.0,0.002600019797682762,0
1425,11,0,2.5295624448085867,0.016863749632057244,0.2299602222553261,11,11,11,11,0,0.005939998285526826,117.0,0.0022999593056738377,0
1426,11,0,2.5236224465230386,0.016824149643486924,0.22942022241118537,11,11,11,11,0,0.005939998285555248,117.0,0.00300002284348011,0
1427,11,0,2.517682448237491,0.016784549654916606,0.22888022256704463,11,11,11,11,0,0.005939998285526826,117.0,0.002400018274784088,0
1428,11,0,2.511742449951943,0.01674494966634629,0.2283402227229039,11,11,11,11,0,0.005939998285555248,117.0,0.0021999585442245007,0
1429,11,0,2.505802451666395,0.01670534967777597,0.2278002228787632,11,11,11,11,0,0.005939998285526826,117.0,0.002300017513334751,0
1430,11,0,2.499862453380847,0.016665749689205644,0.22726022303462245,11,11,11,11,0,0.005939998285555248,117.0,0.002300017513334751,0
1431,11,0,2.4939224550952988,0.016626149700635324,0.2267202231904817,11,11,11,11,0,0.005939998285526826,117.0,0.002400018274784088,0
1432,11,0,2.4879824568097506,0.016586549712065003,0.22618022334634097,11,11,11,11,0,0.005939998285555248,117.0,0.002700020559132099,0
1433,11,0,2.482042458524203,0.016546949723494686,0.22564022350220025,11,11,11,11,0,0.005939998285526826,117.0,0.002500019036233425,0
1434,11,0,2.476102460238655,0.01650734973492437,0.2251002236580595,11,11,11,11,0,0.005939998285555248,117.0,0.0027999631129205227,0
1435,11,0,2.470162461953107,0.01646774974635405,0.22456022381391882,11,11,11,11,0,0.005939998285526826,117.0,0.002300017513334751,0
1436,11,0,2.464222463667559,0.016428149757783728,0.22402022396977808,11,11,11,11,0,0.005939998285555248,117.0,0.002200016751885414,0
1437,11,0,2.458282465382011,0.016388549769213404,0.22348022412563734,11,11,11,11,0,0.005939998285526826,117.0,0.002100015990436077,0
1438,11,0,2.4523424670964626,0.016348949780643083,0.22294022428149665,11,11,11,11,0,0.005939998285555248,117.0,0.002100015990436077,0
1439,11,0,2.446402468810915,0.016309349792072766,0.2224002244373559,11,11,11,11,0,0.005939998285526826,117.0,0.0021999585442245007,0
1440,11,0,2.4404624705253672,0.01626974980350245,0.22186022459321517,11,11,11,11,0,0.005939998285555248,117.0,0.001900014467537403,0
1441,11,0,2.434522472239819,0.016230149814932128,0.22132022474907442,11,11,11,11,0,0.005939998285526826,117.0,0.001700012944638729,0
1442,11,0,2.428582473954271,0.016190549826361807,0.22078022490493376,11,11,11,11,0,0.005939998285555248,117.0,0.002600019797682762,0
1443,11,0,2.422642475668723,0.016150949837791487,0.220240225060793,11,11,11,11,0,0.005939998285526826,117.0,0.002700020559132099,0
1444,11,0,2.4167024773831747,0.016111349849221166,0.21970022521665228,11,11,11,11,0,0.005939998285555248,117.0,0.0027999631129205227,0
1445,11,0,2.4107624790976265,0.016071749860650842,0.21916022537251154,11,11,11,11,0,0.005939998285526826,117.0,0.002500019036233425,0
1446,11,0,2.404822480812079,0.016032149872080525,0.21862022552837085,11,11,11,11,0,0.005939998285555248,117.0,0.002700020559132099,0
1447,11,0,2.398882482526531,0.015992549883510208,0.2180802256842301,11,11,11,11,0,0.005939998285526826,117.0,0.002700020559132099,0
1448,11,0,2.392942484240983,0.015952949894939887,0.21754022584008934,11,11,11,11,0,0.005939998285555248,117.0,0.0025999615900218487,0
1449,11,0,2.387002485955435,0.015913349906369566,0.21700022599594862,11,11,11,11,0,0.005939998285526826,117.0,0.002500019036233425,0
1450,11,0,2.381062487669887,0.01587374991779925,0.21646022615180788,11,11,11,11,0,0.005939998285555248,117.0,0.002400018274784088,0
1451,11,0,2.3751224893843386,0.015834149929228925,0.21592022630766722,11,11,11,11,0,0.005939998285526826,117.0,0.002300017513334751,0
1452,11,0,2.369182491098791,0.015794549940658605,0.2153802264635264,11,11,11,11,0,0.005939998285555248,117.0,0.002100015990436077,0
1453,11,0,2.363242492813243,0.015754949952088287,0.21484022661938573,11,11,11,11,0,0.005939998285526826,117.0,0.002400018274784088,0
1454,11,0,2.357302494527695,0.015715349963517967,0.214300226775245,11,11,11,11,0,0.005939998285555248,117.0,0.002200016751885414,0
1455,11,0,2.351362496242147,0.015675749974947646,0.21376022693110427,11,11,11,11,0,0.005939998285526826,117.0,0.00200001522898674,0
1456,11,0,2.345422497956599,0.01563614998637733,0.21322022708696353,11,11,11,11,0,0.005939998285555248,117.0,0.002700020559132099,0
1457,11,0,2.3394824996710506,0.015596549997807003,0.21268022724282282,11,11,11,11,0,0.005939998285526826,117.0,0.003500026650726795,0
1458,11,0,2.333542501385503,0.015556950009236686,0.21214022739868213,11,11,11,11,0,0.005939998285555248,117.0,0.002900022082030773,0
1459,11,0,2.3276025030999548,0.015517350020666365,0.21160022755454133,11,11,11,11,0,0.005939998285526826,117.0,0.0025999615900218487,0
1460,11,0,2.321662504814407,0.015477750032096046,0.21106022771040064,11,11,11,11,0,0.005939998285555248,117.0,0.0021999585442245007,0
1461,11,0,2.315722506528859,0.015438150043525726,0.2105202278662599,11,11,11,11,0,0.005939998285526826,117.0,0.0025999615900218487,0
1462,11,0,2.309782508243311,0.015398550054955409,0.20998022802211916,11,11,11,11,0,0.005939998285555248,117.0,0.002200016751885414,0
1463,11,0,2.3038425099577626,0.015358950066385085,0.20944022817797847,11,11,11,11,0,0.005939998285526826,117.0,0.0020999577827751637,0
1464,11,0,2.297902511672215,0.015319350077814766,0.20890022833383773,11,11,11,11,0,0.005939998285555248,117.0,0.002100015990436077,0
1465,11,0,2.291962513386667,0.015279750089244445,0.20836022848969699,11,11,11,11,0,0.005939998285526826,117.0,0.002400018274784088,0
1466,11,0,2.286022515101119,0.015240150100674128,0.20782022864555624,11,11,11,11,0,0.005939998285555248,117.0,0.0022999593056738377,0
1467,11,0,2.280082516815571,0.015200550112103806,0.20728022880141553,11,11,11,11,0,0.005939998285526826,117.0,0.002100015990436077,0
1468,11,0,2.2741425185300232,0.015160950123533488,0.2067402289572748,11,11,11,11,0,0.005939998285555248,117.0,0.0021999585442245007,0
1469,11,0,2.2682025202444747,0.015121350134963164,0.20620022911313407,11,11,11,11,0,0.005939998285526826,117.0,0.0024999608285725117,0
1470,11,0,2.262262521958927,0.015081750146392847,0.20566022926899336,11,11,11,11,0,0.005939998285555248,117.0,0.002100015990436077,0
1471,11,0,2.256322523673379,0.015042150157822525,0.2051202294248526,11,11,11,11,0,0.005939998285526826,117.0,0.00200001522898674,0
1472,11,0,2.250382525387831,0.015002550169252208,0.20458022958071193,11,11,11,11,0,0.005939998285555248,117.0,0.0028999638743698597,0
1473,11,0,2.244442527102283,0.014962950180681887,0.20404022973657118,11,11,11,11,0,0.005939998285526826,117.0,0.0021999585442245007,0
1474,11,0,2.238502528816735,0.014923350192111566,0.20350022989243044,11,11,11,11,0,0.005939998285555248,117.0,0.0021999585442245007,0
1475,11,0,2.2325625305311867,0.014883750203541244,0.2029602300482897,11,11,11,11,0,0.005939998285526826,117.0,0.002100015990436077,0
1476,11,0,2.226622532245639,0.014844150214970927,0.20242023020414904,11,11,11,11,0,0.005939998285555248,117.0,0.002200016751885414,0
1477,11,0,2.220682533960091,0.014804550226400606,0.2018802303600083,11,11,11,11,0,0.005939998285526826,117.0,0.00200001522898674,0
1478,11,0,2.214742535674543,0.014764950237830287,0.20134023051586755,11,11,11,11,0,0.005939998285555248,117.0,0.001900014467537403,0
1479,11,0,2.208802537388995,0.014725350249259967,0.2008002306717268,11,11,11,11,0,0.005939998285526826,117.0,0.002300017513334751,0
1480,10,0,2.2030143150558033,0.014686762100372022,0.22030143150558032,11,10,11,10,0,0.005788222333194426,115.0,0.002300017513334751,0
1481,10,0,2.19774963869865,0.014651664257991,0.219774963869865,10,10,10,10,0,0.0052646763571431165,107.0,0.0025999615900218487,0
1482,10,0,2.1924849623414966,0.014616566415609978,0.2192484962341496,10,10,10,10,0,0.0052646763571431165,107.0,0.0020999577827751637,0
1483,10,0,2.187220285984343,0.014581468573228952,0.21872202859843431,10,10,10,10,0,0.0052646763571431165,107.0,0.002100015990436077,0
1484,10,0,2.1819556096271895,0.01454637073084793,0.21819556096271894,10,10,10,10,0,0.0052646763571431165,107.0,0.002400018274784088,0
1485,10,0,2.176690933270036,0.014511272888466908,0.21766909332700365,10,10,10,10,0,0.0052646763571431165,107.0,0.0022999593056738377,0
1486,10,0,2.171426256912883,0.014476175046085886,0.21714262569128828,10,10,10,10,0,0.0052646763571431165,107.0,0.002200016751885414,0
1487,10,0,2.1661615805557295,0.014441077203704864,0.2166161580555729,10,10,10,10,0,0.0052646763571431165,107.0,0.0020999577827751637,0
1488,10,0,2.1608969041985757,0.014405979361323838,0.21608969041985762,10,10,10,10,0,0.0052646763571431165,107.0,0.0024999608285725117,0
1489,10,0,2.1556322278414224,0.014370881518942816,0.2155632227841422,10,10,10,10,0,0.0052646763571431165,107.0,0.002700020559132099,0
1490,10,0,2.150367551484269,0.014335783676561794,0.21503675514842685,10,10,10,10,0,0.0052646763571431165,107.0,0.002200016751885414,0
1491,10,0,2.1451028751271157,0.014300685834180772,0.21451028751271156,10,10,10,10,0,0.0052646763571431165,107.0,0.0020999577827751637,0
1492,10,0,2.1398381987699624,0.01426558799179975,0.2139838198769962,10,10,10,10,0,0.0052646763571431165,107.0,0.0027999631129205227,0
1493,10,0,2.1345735224128086,0.014230490149418724,0.21345735224128087,10,10,10,10,0,0.0052646763571431165,107.0,0.002400018274784088,0
1494,10,0,2.1293088460556553,0.014195392307037702,0.21293088460556553,10,10,10,10,0,0.0052646763571431165,107.0,0.002300017513334751,0
1495,10,0,2.1240441696985015,0.014160294464656676,0.21240441696985016,10,10,10,10,0,0.0052646763571431165,107.0,0.002300017513334751,0
1496,10,0,2.118779493341348,0.014125196622275654,0.2118779493341348,10,10,10,10,0,0.0052646763571431165,107.0,0.0024999608285725117,0
1497,10,0,2.113514816984195,0.014090098779894632,0.2113514816984195,10,10,10,10,0,0.0052646763571431165,107.0,0.0024999608285725117,0
1498,10,0,2.1082501406270415,0.01405500093751361,0.21082501406270415,10,10,10,10,0,0.0052646763571431165,107.0,0.0021999585442245007,0
1499,10,0,2.1029854642698877,0.014019903095132584,0.21029854642698878,10,10,10,10,0,0.0052646763571431165,107.0,0.0022999593056738377,0
1500,10,0,2.0977207879127344,0.013984805252751562,0.2097720787912735,10,10,10,10,0,0.0052646763571431165,107.0,0.002200016751885414,0
1501,10,0,2.092456111555581,0.01394970741037054,0.20924561115555812,10,10,10,10,0,0.0052646763571431165,107.0,0.002100015990436077,0
1502,10,0,2.0871914351984273,0.013914609567989516,0.20871914351984278,10,10,10,10,0,0.0052646763571431165,107.0,0.002500019036233425,0
1503,10,0,2.0819267588412744,0.013879511725608496,0.2081926758841274,10,10,10,10,0,0.0052646763571431165,107.0,0.0023999600671231747,0
1504,10,0,2.0766620824841207,0.01384441388322747,0.20766620824841206,10,10,10,10,0,0.0052646763571431165,107.0,0.0020999577827751637,0
1505,10,0,2.0713974061269673,0.013809316040846448,0.20713974061269674,10,10,10,10,0,0.0052646763571431165,107.0,0.002200016751885414,0
1506,9,0,2.06621191692098,0.013774746112806534,0.22957910188010888,10,9,10,9,0,0.00518548920598505,99.22222222222223,0.0020999577827751637,0
1507,9,0,2.0616108631166803,0.013744072420777869,0.2290678736796312,9,9,9,9,0,0.004601053804293542,97.0,0.002100015990436077,0
1508,9,0,2.0570098093123814,0.01371339872874921,0.2285566454791535,9,9,9,9,0,0.004601053804293542,97.0,0.002500019036233425,0
1509,9,0,2.0524087555080817,0.013682725036720545,0.22804541727867578,9,9,9,9,0,0.004601053804293542,97.0,0.002300017513334751,0
1510,9,0,2.047807701703783,0.013652051344691885,0.22753418907819808,9,9,9,9,0,0.004601053804293542,97.0,0.002600019797682762,0
1511,9,0,2.043206647899483,0.01362137765266322,0.2270229608777204,9,9,9,9,0,0.004601053804293542,97.0,0.002500019036233425,0
1512,9,0,2.038605594095184,0.01359070396063456,0.22651173267724264,9,9,9,9,0,0.004601053804293542,97.0,0.00200001522898674,0
1513,9,0,2.0340045402908844,0.013560030268605895,0.22600050447676492,9,9,9,9,0,0.004601053804293542,97.0,0.002500019036233425,0
1514,9,0,2.029403486486585,0.013529356576577233,0.2254892762762873,9,9,9,9,0,0.004601053804293542,97.0,0.001900014467537403,0
1515,9,0,2.024802432682286,0.013498682884548575,0.22497804807580957,9,9,9,9,0,0.004601053804293542,97.0,0.002100015990436077,0
1516,9,0,2.020201378877987,0.013468009192519913,0.22446681987533182,9,9,9,9,0,0.004601053804293542,97.0,0.002300017513334751,0
1517,9,0,2.015600325073687,0.013437335500491247,0.22395559167485418,9,9,9,9,0,0.004601053804293542,97.0,0.00200001522898674,0
1518,9,0,2.0109992712693883,0.013406661808462589,0.22344436347437646,9,9,9,9,0,0.004601053804293542,97.0,0.002300017513334751,0
1519,9,0,2.0063982174650885,0.013375988116433923,0.2229331352738987,9,9,9,9,0,0.004601053804293542,97.0,0.002100015990436077,0
1520,9,0,2.0017971636607896,0.013345314424405265,0.22242190707342102,9,9,9,9,0,0.004601053804293542,97.0,0.00200001522898674,0
1521,9,0,1.9971961098564899,0.0133146407323766,0.22191067887294336,9,9,9,9,0,0.004601053804293542,97.0,0.0023999600671231747,0
1522,9,0,1.9925950560521908,0.01328396704034794,0.2213994506724656,9,9,9,9,0,0.004601053804293542,97.0,0.002200016751885414,0
1523,9,0,1.9879940022478912,0.013253293348319276,0.22088822247198792,9,9,9,9,0,0.004601053804293542,97.0,0.00200001522898674,0
1524,9,0,1.9833929484435924,0.013222619656290615,0.22037699427151025,9,9,9,9,0,0.004601053804293542,97.0,0.00200001522898674,0
1525,8,0,1.979400468079388,0.013196003120529253,0.2474250585099235,9,8,9,8,0,0.003992480364189532,107.0,0.002200016751885414,0
1526,8,0,1.975455121072887,0.01316970080715258,0.24693189013411085,8,8,8,8,0,0.003945347006492739,87.0,0.0021999585442245007,0
1527,8,0,1.9715097740663858,0.013143398493775906,0.24643872175829826,8,8,8,8,0,0.003945347006492739,87.0,0.002100015990436077,0
1528,7,0,1.9676204039865133,0.01311746935991009,0.2810886291409305,8,7,8,7,0,0.00388937007986101,82.71428571428571,0.002200016751885414,0
1529,7,0,1.964329115826923,0.013095527438846153,0.28061844511813183,7,7,7,7,0,0.0032912881596018906,77.0,0.002400018274784088,0
1530,7,0,1.9610378276673326,0.013073585517782217,0.28014826109533325,7,7,7,7,0,0.003291288159573469,77.0,0.002200016751885414,0
1531,7,0,1.9577465395077422,0.013051643596718282,0.27967807707253456,7,7,7,7,0,0.0032912881596018906,77.0,0.002100015990436077,0
1532,7,0,1.9544552513481521,0.013029701675654348,0.279207893049736,7,7,7,7,0,0.003291288159573469,77.0,0.0028999638743698597,0
1533,7,0,1.9511639631885616,0.01300775975459041,0.27873770902693734,7,7,7,7,0,0.0032912881596018906,77.0,0.0021999585442245007,0
1534,7,0,1.9478726750289714,0.012985817833526475,0.27826752500413876,7,7,7,7,0,0.003291288159573469,77.0,0.002100015990436077,0
1535,7,0,1.9445813868693809,0.01296387591246254,0.2777973409813401,7,7,7,7,0,0.0032912881596018906,77.0,0.003600027412176132,0
1536,7,0,1.9412900987097907,0.012941933991398605,0.27732715695854154,7,7,7,7,0,0.003291288159573469,77.0,0.002700020559132099,0
1537,7,0,1.9379988105502002,0.012919992070334669,0.2768569729357429,7,7,7,7,0,0.0032912881596018906,77.0,0.002500019036233425,0
1538,7,0,1.9347075223906103,0.012898050149270736,0.27638678891294427,7,7,7,7,0,0.003291288159573469,77.0,0.002500019036233425,0
1539,7,0,1.9314162342310195,0.012876108228206796,0.27591660489014563,7,7,7,7,0,0.0032912881596018906,77.0,0.0025999615900218487,0
1540,7,0,1.9281249460714296,0.012854166307142863,0.27544642086734705,7,7,7,7,0,0.003291288159573469,77.0,0.0023999600671231747,0
1541,7,0,1.924833657911839,0.012832224386078927,0.2749762368445484,7,7,7,7,0,0.0032912881596018906,77.0,0.002200016751885414,0
1542,7,0,1.921542369752249,0.012810282465014993,0.27450605282174984,7,7,7,7,0,0.003291288159573469,77.0,0.0025999615900218487,0
1543,7,0,1.9182510815926583,0.012788340543951055,0.2740358687989512,7,7,7,7,0,0.0032912881596018906,77.0,0.0025999615900218487,0
1544,7,0,1.9149597934330682,0.012766398622887122,0.2735656847761526,7,7,7,7,0,0.003291288159573469,77.0,0.0021999585442245007,0
1545,7,0,1.9116685052734779,0.012744456701823186,0.273095500753354,7,7,7,7,0,0.0032912881596018906,77.0,0.0021999585442245007,0
1546,7,0,1.9083772171138875,0.01272251478075925,0.27262531673055534,7,7,7,7,0,0.003291288159573469,77.0,0.0020999577827751637,0
1547,7,0,1.9050859289542972,0.012700572859695315,0.2721551327077567,7,7,7,7,0,0.0032912881596018906,77.0,0.0021999585442245007,0
1548,7,0,1.901794640794707,0.01267863093863138,0.2716849486849581,7,7,7,7,0,0.003291288159573469,77.0,0.002100015990436077,0
1549,7,0,1.8985033526351165,0.012656689017567443,0.2712147646621595,7,7,7,7,0,0.0032912881596018906,77.0,0.0023999600671231747,0
1550,7,0,1.8952120644755264,0.012634747096503508,0.27074458063936085,7,7,7,7,0,0.003291288159573469,77.0,0.003100023604929447,0
1551,7,0,1.8919207763159358,0.012612805175439572,0.2702743966165623,7,7,7,7,0,0.0032912881596018906,77.0,0.002600019797682762,0
1552,7,0,1.8886294881563457,0.012590863254375638,0.2698042125937637,7,7,7,7,0,0.003291288159573469,77.0,0.0025999615900218487,0
1553,7,0,1.8853381999967551,0.012568921333311701,0.26933402857096506,7,7,7,7,0,0.0032912881596018906,77.0,0.002500019036233425,0
1554,7,0,1.8820469118371652,0.012546979412247769,0.2688638445481664,7,7,7,7,0,0.003291288159573469,77.0,0.002300017513334751,0
1555,7,0,1.8787556236775744,0.012525037491183829,0.2683936605253678,7,7,7,7,0,0.0032912881596018906,77.0,0.0024999608285725117,0
1556,7,0,1.8754643355179845,0.012503095570119896,0.2679234765025692,7,7,7,7,0,0.003291288159573469,77.0,0.002200016751885414,0
1557,7,0,1.872173047358394,0.01248115364905596,0.26745329247977057,7,7,7,7,0,0.0032912881596018906,77.0,0.002300017513334751,0
1558,7,0,1.8688817591988038,0.012459211727992026,0.26698310845697193,7,7,7,7,0,0.003291288159573469,77.0,0.002400018274784088,0
1559,7,0,1.8655904710392133,0.012437269806928088,0.26651292443417335,7,7,7,7,0,0.0032912881596018906,77.0,0.002500019036233425,0
1560,7,0,1.8622991828796231,0.012415327885864155,0.26604274041137477,7,7,7,7,0,0.003291288159573469,77.0,0.0026999623514711857,0
1561,7,0,1.8590078947200328,0.012393385964800219,0.26557255638857613,7,7,7,7,0,0.0032912881596018906,77.0,0.002700020559132099,0
1562,7,0,1.8557166065604425,0.012371444043736282,0.2651023723657775,7,7,7,7,0,0.003291288159573469,77.0,0.002400018274784088,0
1563,7,0,1.8524253184008521,0.012349502122672348,0.26463218834297886,7,7,7,7,0,0.0032912881596018906,77.0,0.002300017513334751,0
1564,7,0,1.849134030241262,0.012327560201608414,0.2641620043201803,7,7,7,7,0,0.003291288159573469,77.0,0.0023999600671231747,0
1565,7,0,1.8458427420816714,0.012305618280544476,0.26369182029738164,7,7,7,7,0,0.0032912881596018906,77.0,0.002300017513334751,0
1566,7,0,1.8425514539220813,0.012283676359480543,0.263221636274583,7,7,7,7,0,0.003291288159573469,77.0,0.002200016751885414,0
1567,7,0,1.8392601657624907,0.012261734438416605,0.26275145225178437,7,7,7,7,0,0.0032912881596018906,77.0,0.002400018274784088,0
1568,7,0,1.8359688776029006,0.01223979251735267,0.26228126822898584,7,7,7,7,0,0.003291288159573469,77.0,0.002200016751885414,0
1569,7,0,1.83267758944331,0.012217850596288734,0.2618110842061872,7,7,7,7,0,0.0032912881596018906,77.0,0.002300017513334751,0
1570,7,0,1.8293863012837202,0.012195908675224802,0.2613409001833885,7,7,7,7,0,0.003291288159573469,77.0,0.002400018274784088,0
1571,7,0,1.8260950131241294,0.012173966754160862,0.26087071616058993,7,7,7,7,0,0.0032912881596018906,77.0,0.002300017513334751,0
1572,7,0,1.8228037249645395,0.012152024833096929,0.2604005321377913,7,7,7,7,0,0.003291288159573469,77.0,0.002400018274784088,0
1573,7,0,1.819512436804949,0.012130082912032993,0.2599303481149927,7,7,7,7,0,0.0032912881596018906,77.0,0.002800021320581436,0
1574,7,0,1.8162211486453588,0.012108140990969058,0.2594601640921941,7,7,7,7,0,0.003291288159573469,77.0,0.002400018274784088,0
1575,7,0,1.8129298604857682,0.012086199069905122,0.25898998006939544,7,7,7,7,0,0.0032912881596018906,77.0,0.002200016751885414,0
1576,7,0,1.809638572326178,0.012064257148841188,0.2585197960465969,7,7,7,7,0,0.003291288159573469,77.0,0.0020999577827751637,0
1577,7,0,1.8063472841665877,0.012042315227777252,0.2580496120237982,7,7,7,7,0,0.0032912881596018906,77.0,0.002300017513334751,0
1578,7,0,1.8030559960069974,0.012020373306713315,0.25757942800099964,7,7,7,7,0,0.003291288159573469,77.0,0.002300017513334751,0
1579,7,0,1.799764707847407,0.01199843138564938,0.25710924397820095,7,7,7,7,0,0.0032912881596018906,77.0,0.002500019036233425,0
1580,7,0,1.796473419687817,0.011976489464585446,0.25663905995540237,7,7,7,7,0,0.003291288159573469,77.0,0.0023999600671231747,0
1581,7,0,1.7931821315282264,0.011954547543521508,0.2561688759326038,7,7,7,7,0,0.0032912881596018906,77.0,0.0022999593056738377,0
1582,7,0,1.7898908433686362,0.011932605622457576,0.25569869190980515,7,7,7,7,0,0.003291288159573469,77.0,0.0024999608285725117,0
1583,7,0,1.7865995552090457,0.011910663701393638,0.2552285078870065,7,7,7,7,0,0.0032912881596018906,77.0,0.0022999593056738377,0
1584,7,0,1.7833082670494556,0.011888721780329703,0.254758323864208,7,7,7,7,0,0.003291288159573469,77.0,0.0024999608285725117,0
1585,7,0,1.780016978889865,0.011866779859265767,0.2542881398414093,7,7,7,7,0,0.0032912881596018906,77.0,0.0025999615900218487,0
1586,7,0,1.776725690730275,0.011844837938201834,0.25381795581861066,7,7,7,7,0,0.003291288159573469,77.0,0.002300017513334751,0
1587,7,0,1.7734344025706843,0.011822896017137895,0.253347771795812,7,7,7,7,0,0.0032912881596018906,77.0,0.002200016751885414,0
1588,7,0,1.7701431144110944,0.011800954096073962,0.25287758777301345,7,7,7,7,0,0.003291288159573469,77.0,0.002400018274784088,0
1589,7,0,1.7668518262515038,0.011779012175010026,0.2524074037502148,7,7,7,7,0,0.0032912881596018906,77.0,0.002200016751885414,0
1590,7,0,1.7635605380919137,0.011757070253946091,0.25193721972741623,7,7,7,7,0,0.003291288159573469,77.0,0.002200016751885414,0
1591,7,0,1.7602692499323231,0.011735128332882155,0.2514670357046176,7,7,7,7,0,0.0032912881596018906,77.0,0.002400018274784088,0
1592,7,0,1.7569779617727328,0.011713186411818219,0.25099685168181896,7,7,7,7,0,0.003291288159573469,77.0,0.0023999600671231747,0
1593,7,0,1.7536866736131427,0.011691244490754284,0.2505266676590204,7,7,7,7,0,0.0032912881596018906,77.0,0.0024999608285725117,0
1594,7,0,1.7503953854535523,0.011669302569690348,0.25005648363622174,7,7,7,7,0,0.003291288159573469,77.0,0.0021999585442245007,0
1595,7,0,1.747104097293962,0.011647360648626414,0.2495862996134231,7,7,7,7,0,0.0032912881596018906,77.0,0.002300017513334751,0
1596,7,0,1.7438128091343714,0.011625418727562476,0.24911611559062452,7,7,7,7,0,0.003291288159573469,77.0,0.0025999615900218487,0
1597,7,0,1.740521520974781,0.011603476806498541,0.24864593156782586,7,7,7,7,0,0.0032912881596018906,77.0,0.002500019036233425,0
1598,7,0,1.7372302328151907,0.011581534885434605,0.24817574754502728,7,7,7,7,0,0.003291288159573469,77.0,0.0024999608285725117,0
1599,7,0,1.7339389446556004,0.011559592964370669,0.24770556352222864,7,7,7,7,0,0.0032912881596018906,77.0,0.0019999570213258266,0
1600,7,0,1.73064765649601,0.011537651043306734,0.24723537949943003,7,7,7,7,0,0.003291288159573469,77.0,0.0022999593056738377,0
1601,7,0,1.72735636833642,0.0115157091222428,0.24676519547663142,7,7,7,7,0,0.0032912881596018906,77.0,0.00200001522898674,0
1602,7,0,1.7240650801768296,0.011493767201178864,0.24629501145383279,7,7,7,7,0,0.003291288159573469,77.0,0.002200016751885414,0
1603,7,0,1.7207737920172392,0.011471825280114928,0.24582482743103415,7,7,7,7,0,0.0032912881596018906,77.0,0.002300017513334751,0
1604,7,0,1.717482503857649,0.011449883359050993,0.2453546434082355,7,7,7,7,0,0.003291288159573469,77.0,0.002300017513334751,0
1605,7,0,1.7141912156980585,0.011427941437987057,0.24488445938543693,7,7,7,7,0,0.0032912881596018906,77.0,0.002300017513334751,0
1606,7,0,1.7108999275384682,0.01140599951692312,0.24441427536263832,7,7,7,7,0,0.003291288159573469,77.0,0.002200016751885414,0
1607,7,0,1.7076086393788776,0.011384057595859184,0.24394409133983966,7,7,7,7,0,0.0032912881596018906,77.0,0.002200016751885414,0
1608,7,0,1.7043173512192873,0.011362115674795248,0.24347390731704105,7,7,7,7,0,0.003291288159573469,77.0,0.0027999631129205227,0
1609,7,0,1.7010260630596972,0.011340173753731314,0.24300372329424244,7,7,7,7,0,0.0032912881596018906,77.0,0.002300017513334751,0
1610,7,0,1.6977347749001068,0.01131823183266738,0.24253353927144383,7,7,7,7,0,0.003291288159573469,77.0,0.0023999600671231747,0
1611,7,0,1.6944434867405165,0.011296289911603443,0.24206335524864517,7,7,7,7,0,0.0032912881596018906,77.0,0.002400018274784088,0
1612,7,0,1.691152198580926,0.011274347990539507,0.24159317122584653,7,7,7,7,0,0.003291288159573469,77.0,0.002200016751885414,0
1613,7,0,1.6878609104213356,0.01125240606947557,0.24112298720304795,7,7,7,7,0,0.0032912881596018906,77.0,0.002500019036233425,0
1614,7,0,1.6845696222617452,0.011230464148411634,0.24065280318024934,7,7,7,7,0,0.003291288159573469,77.0,0.002100015990436077,0
1615,7,0,1.6812783341021549,0.0112085222273477,0.2401826191574507,7,7,7,7,0,0.0032912881596018906,77.0,0.002500019036233425,0
1616,7,0,1.6779870459425645,0.011186580306283764,0.2397124351346521,7,7,7,7,0,0.003291288159573469,77.0,0.0023999600671231747,0
1617,7,0,1.6746957577829744,0.01116463838521983,0.2392422511118535,7,7,7,7,0,0.0032912881596018906,77.0,0.002300017513334751,0
1618,7,0,1.671404469623384,0.011142696464155893,0.23877206708905488,7,7,7,7,0,0.003291288159573469,77.0,0.002400018274784088,0
1619,7,0,1.6681131814637937,0.011120754543091959,0.23830188306625621,7,7,7,7,0,0.0032912881596018906,77.0,0.0034999684430658817,0
1620,7,0,1.6648218933042034,0.011098812622028022,0.2378316990434576,7,7,7,7,0,0.003291288159573469,77.0,0.003200024366378784,0
1621,7,0,1.661530605144613,0.011076870700964086,0.237361515020659,7,7,7,7,0,0.0032912881596018906,77.0,0.002200016751885414,0
1622,7,0,1.6582393169850227,0.011054928779900152,0.23689133099786036,7,7,7,7,0,0.003291288159573469,77.0,0.002300017513334751,0
1623,7,0,1.6549480288254321,0.011032986858836214,0.23642114697506172,7,7,7,7,0,0.0032912881596018906,77.0,0.00200001522898674,0
1624,7,0,1.6516567406658418,0.01101104493777228,0.23595096295226312,7,7,7,7,0,0.003291288159573469,77.0,0.00300002284348011,0
1625,7,0,1.6483654525062517,0.010989103016708345,0.23548077892946453,7,7,7,7,0,0.0032912881596018906,77.0,0.001900014467537403,0
1626,7,0,1.6450741643466613,0.010967161095644409,0.2350105949066659,7,7,7,7,0,0.003291288159573469,77.0,0.001700012944638729,0
1627,7,0,1.641782876187071,0.010945219174580472,0.23454041088386726,7,7,7,7,0,0.0032912881596018906,77.0,0.002200016751885414,0
1628,7,0,1.6384915880274806,0.010923277253516538,0.23407022686106863,7,7,7,7,0,0.003291288159573469,77.0,0.002500019036233425,0
1629,7,0,1.6352002998678903,0.010901335332452602,0.23360004283827002,7,7,7,7,0,0.0032912881596018906,77.0,0.002300017513334751,0
1630,7,0,1.6319090117083,0.010879393411388666,0.2331298588154714,7,7,7,7,0,0.003291288159573469,77.0,0.002300017513334751,0
1631,7,0,1.6286177235487094,0.01085745149032473,0.23265967479267277,7,7,7,7,0,0.0032912881596018906,77.0,0.00200001522898674,0
1632,7,0,1.625326435389119,0.010835509569260793,0.2321894907698742,7,7,7,7,0,0.003291288159573469,77.0,0.0021999585442245007,0
1633,7,0,1.622035147229529,0.010813567648196859,0.23171930674707555,7,7,7,7,0,0.0032912881596018906,77.0,0.002200016751885414,0
1634,7,0,1.6187438590699386,0.010791625727132924,0.23124912272427695,7,7,7,7,0,0.003291288159573469,77.0,0.002400018274784088,0
1635,7,0,1.6154525709103482,0.010769683806068988,0.23077893870147828,7,7,7,7,0,0.0032912881596018906,77.0,0.0020999577827751637,0
1636,7,0,1.6121612827507579,0.010747741885005052,0.23030875467867967,7,7,7,7,0,0.003291288159573469,77.0,0.0019999570213258266,0
1637,7,0,1.6088699945911675,0.010725799963941117,0.22983857065588104,7,7,7,7,0,0.0032912881596018906,77.0,0.002500019036233425,0
1638,7,0,1.6055787064315772,0.010703858042877181,0.22936838663308243,7,7,7,7,0,0.003291288159573469,77.0,0.002400018274784088,0
1639,7,0,1.6022874182719866,0.010681916121813245,0.2288982026102838,7,7,7,7,0,0.0032912881596018906,77.0,0.002500019036233425,0
1640,7,0,1.5989961301123963,0.010659974200749309,0.22842801858748518,7,7,7,7,0,0.003291288159573469,77.0,0.0022999593056738377,0
1641,7,0,1.5957048419528062,0.010638032279685374,0.2279578345646866,7,7,7,7,0,0.0032912881596018906,77.0,0.002600019797682762,0
1642,7,0,1.5924135537932158,0.010616090358621438,0.22748765054188796,7,7,7,7,0,0.003291288159573469,77.0,0.003100023604929447,0
1643,7,0,1.5891222656336255,0.010594148437557504,0.22701746651908933,7,7,7,7,0,0.0032912881596018906,77.0,0.0025999615900218487,0
1644,7,0,1.5858309774740351,0.010572206516493567,0.2265472824962907,7,7,7,7,0,0.003291288159573469,77.0,0.003300025127828121,0
1645,7,0,1.5825396893144448,0.010550264595429631,0.22607709847349208,7,7,7,7,0,0.0032912881596018906,77.0,0.002200016751885414,0
1646,7,0,1.5792484011548544,0.010528322674365697,0.2256069144506935,7,7,7,7,0,0.003291288159573469,77.0,0.002200016751885414,0
1647,7,0,1.5759571129952639,0.010506380753301759,0.22513673042789484,7,7,7,7,0,0.0032912881596018906,77.0,0.00200001522898674,0
1648,7,0,1.5726658248356735,0.010484438832237824,0.22466654640509626,7,7,7,7,0,0.003291288159573469,77.0,0.001900014467537403,0
1649,7,0,1.5693745366760834,0.01046249691117389,0.22419636238229762,7,7,7,7,0,0.0032912881596018906,77.0,0.001800013706088066,0
1650,7,0,1.566083248516493,0.010440554990109954,0.223726178359499,7,7,7,7,0,0.003291288159573469,77.0,0.001900014467537403,0
1651,7,0,1.5627919603569027,0.010418613069046017,0.22325599433670035,7,7,7,7,0,0.0032912881596018906,77.0,0.00200001522898674,0
1652,7,0,1.5595006721973124,0.010396671147982083,0.22278581031390174,7,7,7,7,0,0.003291288159573469,77.0,0.002400018274784088,0
1653,7,0,1.556209384037722,0.010374729226918147,0.2223156262911031,7,7,7,7,0,0.0032912881596018906,77.0,0.002400018274784088,0
1654,7,0,1.5529180958781317,0.01035278730585421,0.2218454422683045,7,7,7,7,0,0.003291288159573469,77.0,0.002600019797682762,0
1655,7,0,1.549626807718541,0.010330845384790274,0.22137525824550588,7,7,7,7,0,0.0032912881596018906,77.0,0.002900022082030773,0
1656,7,0,1.5463355195589508,0.010308903463726338,0.22090507422270725,7,7,7,7,0,0.003291288159573469,77.0,0.002400018274784088,0
1657,7,0,1.5430442313993606,0.010286961542662404,0.22043489019990867,7,7,7,7,0,0.0032912881596018906,77.0,0.002100015990436077,0
1658,7,0,1.5397529432397703,0.010265019621598469,0.21996470617711003,7,7,7,7,0,0.003291288159573469,77.0,0.002600019797682762,0
1659,7,0,1.53646165508018,0.010243077700534533,0.2194945221543114,7,7,7,7,0,0.0032912881596018906,77.0,0.0022999593056738377,0
1660,7,0,1.5331703669205896,0.010221135779470597,0.21902433813151276,7,7,7,7,0,0.003291288159573469,77.0,0.002100015990436077,0
1661,7,0,1.5298790787609993,0.010199193858406662,0.21855415410871415,7,7,7,7,0,0.0032912881596018906,77.0,0.002300017513334751,0
1662,7,0,1.526587790601409,0.010177251937342726,0.21808397008591557,7,7,7,7,0,0.003291288159573469,77.0,0.0025999615900218487,0
1663,7,0,1.5232965024418184,0.01015531001627879,0.2176137860631169,7,7,7,7,0,0.0032912881596018906,77.0,0.0023999600671231747,0
1664,7,0,1.520005214282228,0.010133368095214854,0.21714360204031832,7,7,7,7,0,0.003291288159573469,77.0,0.002600019797682762,0
1665,7,0,1.516713926122638,0.010111426174150919,0.2166734180175197,7,7,7,7,0,0.0032912881596018906,77.0,0.0022999593056738377,0
1666,7,0,1.5134226379630475,0.010089484253086983,0.21620323399472108,7,7,7,7,0,0.003291288159573469,77.0,0.0022999593056738377,0
1667,7,0,1.5101313498034572,0.010067542332023048,0.2157330499719224,7,7,7,7,0,0.0032912881596018906,77.0,0.002500019036233425,0
1668,7,0,1.5068400616438669,0.010045600410959112,0.2152628659491238,7,7,7,7,0,0.003291288159573469,77.0,0.0021999585442245007,0
1669,7,0,1.5035487734842765,0.010023658489895176,0.2147926819263252,7,7,7,7,0,0.0032912881596018906,77.0,0.002200016751885414,0
1670,7,0,1.5002574853246862,0.010001716568831242,0.21432249790352656,7,7,7,7,0,0.003291288159573469,77.0,0.002200016751885414,0
1671,7,0,1.4969661971650956,0.009979774647767304,0.21385231388072795,7,7,7,7,0,0.0032912881596018906,77.0,0.0021999585442245007,0
1672,7,0,1.4936749090055053,0.00995783272670337,0.21338212985792931,7,7,7,7,0,0.003291288159573469,77.0,0.0025999615900218487,0
1673,7,0,1.4903836208459151,0.009935890805639435,0.21291194583513073,7,7,7,7,0,0.0032912881596018906,77.0,0.003500026650726795,0
1674,7,0,1.4870923326863248,0.009913948884575498,0.21244176181233212,7,7,7,7,0,0.003291288159573469,77.0,0.0027999631129205227,0
1675,7,0,1.4838010445267344,0.009892006963511562,0.21197157778953346,7,7,7,7,0,0.0032912881596018906,77.0,0.002400018274784088,0
1676,7,0,1.480509756367144,0.009870065042447628,0.21150139376673485,7,7,7,7,0,0.003291288159573469,77.0,0.002200016751885414,0
1677,7,0,1.4772184682075538,0.009848123121383692,0.21103120974393622,7,7,7,7,0,0.0032912881596018906,77.0,0.0021999585442245007,0
1678,7,0,1.4739271800479634,0.009826181200319755,0.21056102572113763,7,7,7,7,0,0.003291288159573469,77.0,0.0029999646358191967,0
1679,7,0,1.470635891888373,0.009804239279255821,0.21009084169833897,7,7,7,7,0,0.0032912881596018906,77.0,0.00300002284348011,0
1680,7,0,1.4673446037287827,0.009782297358191885,0.2096206576755404,7,7,7,7,0,0.003291288159573469,77.0,0.002700020559132099,0
1681,7,0,1.4640533155691924,0.009760355437127948,0.2091504736527418,7,7,7,7,0,0.0032912881596018906,77.0,0.0025999615900218487,0
1682,7,0,1.460762027409602,0.009738413516064014,0.20868028962994314,7,7,7,7,0,0.003291288159573469,77.0,0.0024999608285725117,0
1683,7,0,1.4574707392500117,0.009716471595000078,0.20821010560714454,7,7,7,7,0,0.0032912881596018906,77.0,0.0024999608285725117,0
1684,7,0,1.4541794510904213,0.009694529673936142,0.2077399215843459,7,7,7,7,0,0.003291288159573469,77.0,0.0024999608285725117,0
1685,7,0,1.450888162930831,0.009672587752872207,0.2072697375615473,7,7,7,7,0,0.0032912881596018906,77.0,0.0026999623514711857,0
1686,7,0,1.4475968747712407,0.009650645831808271,0.20679955353874865,7,7,7,7,0,0.003291288159573469,77.0,0.002600019797682762,0
1687,7,0,1.4443055866116503,0.009628703910744335,0.20632936951595005,7,7,7,7,0,0.0032912881596018906,77.0,0.002200016751885414,0
1688,7,0,1.4410142984520602,0.009606761989680402,0.20585918549315144,7,7,7,7,0,0.003291288159573469,77.0,0.002500019036233425,0
1689,7,0,1.4377230102924696,0.009584820068616464,0.20538900147035286,7,7,7,7,0,0.0032912881596018906,77.0,0.002300017513334751,0
1690,7,0,1.4344317221328795,0.00956287814755253,0.20491881744755425,7,7,7,7,0,0.003291288159573469,77.0,0.0022999593056738377,0
1691,7,0,1.4311404339732894,0.009540936226488595,0.20444863342475558,7,7,7,7,0,0.0032912881596018906,77.0,0.0024999608285725117,0
1692,7,0,1.427849145813699,0.00951899430542466,0.20397844940195697,7,7,7,7,0,0.003291288159573469,77.0,0.0021999585442245007,0
1693,7,0,1.4245578576541087,0.009497052384360724,0.20350826537915837,7,7,7,7,0,0.0032912881596018906,77.0,0.002400018274784088,0
1694,7,0,1.4212665694945184,0.009475110463296788,0.20303808135635976,7,7,7,7,0,0.003291288159573469,77.0,0.0027999631129205227,0
1695,7,0,1.417975281334928,0.009453168542232854,0.20256789733356112,7,7,7,7,0,0.0032912881596018906,77.0,0.0020999577827751637,0
1696,7,0,1.4146839931753377,0.009431226621168918,0.2020977133107625,7,7,7,7,0,0.003291288159573469,77.0,0.0023999600671231747,0
1697,7,0,1.4113927050157473,0.009409284700104981,0.20162752928796393,7,7,7,7,0,0.0032912881596018906,77.0,0.002400018274784088,0
1698,7,0,1.408101416856157,0.009387342779041047,0.2011573452651653,7,7,7,7,0,0.003291288159573469,77.0,0.00200001522898674,0
1699,7,0,1.4048101286965666,0.00936540085797711,0.20068716124236666,7,7,7,7,0,0.0032912881596018906,77.0,0.002200016751885414,0
1700,7,0,1.4015188405369763,0.009343458936913174,0.20021697721956805,7,7,7,7,0,0.003291288159573469,77.0,0.0021999585442245007,0
1701,7,0,1.398227552377386,0.00932151701584924,0.1997467931967694,7,7,7,7,0,0.0032912881596018906,77.0,0.002300017513334751,0
1702,7,0,1.3949362642177956,0.009299575094785304,0.1992766091739708,7,7,7,7,0,0.003291288159573469,77.0,0.002700020559132099,0
1703,7,0,1.3916449760582053,0.009277633173721368,0.19880642515117217,7,7,7,7,0,0.0032912881596018906,77.0,0.002400018274784088,0
1704,7,0,1.3883536878986151,0.009255691252657435,0.19833624112837356,7,7,7,7,0,0.003291288159573469,77.0,0.002100015990436077,0
1705,7,0,1.3850623997390246,0.009233749331593497,0.197866057105575,7,7,7,7,0,0.0032912881596018906,77.0,0.002100015990436077,0
1706,7,0,1.3817711115794344,0.009211807410529562,0.19739587308277637,7,7,7,7,0,0.003291288159573469,77.0,0.0026999623514711857,0
1707,7,0,1.3784798234198443,0.009189865489465628,0.19692568905997773,7,7,7,7,0,0.0032912881596018906,77.0,0.002400018274784088,0
1708,7,0,1.375188535260254,0.009167923568401693,0.1964555050371791,7,7,7,7,0,0.003291288159573469,77.0,0.002400018274784088,0
1709,7,0,1.3718972471006636,0.009145981647337757,0.1959853210143805,7,7,7,7,0,0.0032912881596018906,77.0,0.002200016751885414,0
1710,7,0,1.3686059589410733,0.009124039726273821,0.1955151369915819,7,7,7,7,0,0.003291288159573469,77.0,0.002200016751885414,0
1711,7,0,1.365314670781483,0.009102097805209887,0.19504495296878324,7,7,7,7,0,0.0032912881596018906,77.0,0.0027999631129205227,0
1712,7,0,1.3620233826218926,0.00908015588414595,0.19457476894598466,7,7,7,7,0,0.003291288159573469,77.0,0.0025999615900218487,0
1713,7,0,1.3587320944623023,0.009058213963082014,0.19410458492318608,7,7,7,7,0,0.0032912881596018906,77.0,0.002500019036233425,0
1714,7,0,1.355440806302712,0.00903627204201808,0.19363440090038742,7,7,7,7,0,0.003291288159573469,77.0,0.002200016751885414,0
1715,7,0,1.3521495181431216,0.009014330120954143,0.1931642168775888,7,7,7,7,0,0.0032912881596018906,77.0,0.002200016751885414,0
1716,7,0,1.3488582299835312,0.008992388199890207,0.19269403285479017,7,7,7,7,0,0.003291288159573469,77.0,0.0027999631129205227,0
1717,7,0,1.3455669418239409,0.008970446278826273,0.19222384883199156,7,7,7,7,0,0.0032912881596018906,77.0,0.0025999615900218487,0
1718,7,0,1.3422756536643505,0.008948504357762337,0.19175366480919293,7,7,7,7,0,0.003291288159573469,77.0,0.0024999608285725117,0
1719,7,0,1.3389843655047602,0.0089265624366984,0.19128348078639432,7,7,7,7,0,0.0032912881596018906,77.0,0.0029999646358191967,0
1720,7,0,1.33569307734517,0.008904620515634468,0.19081329676359568,7,7,7,7,0,0.003291288159573469,77.0,0.002500019036233425,0
1721,7,0,1.3324017891855797,0.008882678594570531,0.19034311274079713,7,7,7,7,0,0.0032912881596018906,77.0,0.0024999608285725117,0
1722,7,0,1.3291105010259894,0.008860736673506595,0.18987292871799852,7,7,7,7,0,0.003291288159573469,77.0,0.002400018274784088,0
1723,7,0,1.3258192128663993,0.008838794752442663,0.18940274469519985,7,7,7,7,0,0.0032912881596018906,77.0,0.0018999562598764896,0
1724,7,0,1.322527924706809,0.008816852831378726,0.18893256067240125,7,7,7,7,0,0.003291288159573469,77.0,0.001500011421740055,0
1725,7,0,1.3192366365472186,0.00879491091031479,0.1884623766496026,7,7,7,7,0,0.0032912881596018906,77.0,0.001600012183189392,0
1726,7,0,1.3159453483876282,0.008772968989250856,0.18799219262680403,7,7,7,7,0,0.003291288159573469,77.0,0.001600012183189392,0
1727,7,0,1.3126540602280379,0.00875102706818692,0.1875220086040054,7,7,7,7,0,0.0032912881596018906,77.0,0.0019999570213258266,0
1728,7,0,1.3093627720684475,0.008729085147122983,0.18705182458120678,7,7,7,7,0,0.003291288159573469,77.0,0.0026999623514711857,0
1729,7,0,1.3060714839088572,0.008707143226059049,0.1865816405584082,7,7,7,7,0,0.0032912881596018906,77.0,0.0014999532140791416,0
1730,7,0,1.3027801957492668,0.008685201304995113,0.18611145653560954,7,7,7,7,0,0.003291288159573469,77.0,0.001500011421740055,0
1731,7,0,1.2994889075896765,0.008663259383931176,0.18564127251281093,7,7,7,7,0,0.0032912881596018906,77.0,0.001500011421740055,0
1732,7,0,1.2961976194300862,0.008641317462867242,0.18517108849001232,7,7,7,7,0,0.003291288159573469,77.0,0.0022999593056738377,0
1733,7,0,1.2929063312704958,0.008619375541803306,0.18470090446721368,7,7,7,7,0,0.0032912881596018906,77.0,0.0011999509297311306,0
1734,7,0,1.2896150431109055,0.00859743362073937,0.18423072044441507,7,7,7,7,0,0.003291288159573469,77.0,0.00100000761449337,0
1735,7,0,1.2863237549513151,0.008575491699675435,0.18376053642161644,7,7,7,7,0,0.0032912881596018906,77.0,0.002800021320581436,0
1736,7,0,1.283032466791725,0.0085535497786115,0.18329035239881783,7,7,7,7,0,0.003291288159573469,77.0,0.002200016751885414,0
1737,7,0,1.2797411786321347,0.008531607857547564,0.18282016837601928,7,7,7,7,0,0.0032912881596018906,77.0,0.002100015990436077,0
1738,7,0,1.2764498904725443,0.008509665936483628,0.18234998435322064,7,7,7,7,0,0.003291288159573469,77.0,0.00200001522898674,0
1739,7,0,1.2731586023129542,0.008487724015419695,0.181879800330422,7,7,7,7,0,0.0032912881596018906,77.0,0.0020999577827751637,0
1740,7,0,1.2698673141533636,0.008465782094355757,0.18140961630762337,7,7,7,7,0,0.003291288159573469,77.0,0.00200001522898674,0
1741,7,0,1.2665760259937735,0.008443840173291823,0.18093943228482476,7,7,7,7,0,0.0032912881596018906,77.0,0.002400018274784088,0
1742,7,0,1.2632847378341832,0.008421898252227888,0.18046924826202618,7,7,7,7,0,0.003291288159573469,77.0,0.002700020559132099,0
1743,7,0,1.2599934496745928,0.008399956331163952,0.1799990642392275,7,7,7,7,0,0.0032912881596018906,77.0,0.0025999615900218487,0
1744,7,0,1.2567021615150025,0.008378014410100016,0.17952888021642893,7,7,7,7,0,0.003291288159573469,77.0,0.002400018274784088,0
1745,7,0,1.2534108733554121,0.008356072489036082,0.17905869619363032,7,7,7,7,0,0.0032912881596018906,77.0,0.00300002284348011,0
1746,7,0,1.2501195851958218,0.008334130567972145,0.1785885121708317,7,7,7,7,0,0.003291288159573469,77.0,0.002500019036233425,0
1747,7,0,1.2468282970362314,0.00831218864690821,0.17811832814803305,7,7,7,7,0,0.0032912881596018906,77.0,0.0025999615900218487,0
1748,7,0,1.2435370088766413,0.008290246725844275,0.17764814412523447,7,7,7,7,0,0.003291288159573469,77.0,0.002900022082030773,0
1749,7,0,1.240245720717051,0.00826830480478034,0.17717796010243586,7,7,7,7,0,0.0032912881596018906,77.0,0.002600019797682762,0
1750,7,0,1.2369544325574608,0.008246362883716406,0.17670777607963722,7,7,7,7,0,0.003291288159573469,77.0,0.0024999608285725117,0
1751,7,0,1.2336631443978705,0.00822442096265247,0.17623759205683862,7,7,7,7,0,0.0032912881596018906,77.0,0.002600019797682762,0
1752,7,0,1.2303718562382802,0.008202479041588535,0.17576740803404003,7,7,7,7,0,0.003291288159573469,77.0,0.002400018274784088,0
1753,7,0,1.2270805680786898,0.008180537120524599,0.1752972240112414,7,7,7,7,0,0.0032912881596018906,77.0,0.0025999615900218487,0
1754,7,0,1.2237892799190997,0.008158595199460664,0.17482703998844282,7,7,7,7,0,0.003291288159573469,77.0,0.0023999600671231747,0
1755,7,0,1.2204979917595093,0.008136653278396728,0.17435685596564418,7,7,7,7,0,0.0032912881596018906,77.0,0.002300017513334751,0
1756,7,0,1.2172067035999192,0.008114711357332795,0.17388667194284557,7,7,7,7,0,0.003291288159573469,77.0,0.0023999600671231747,0
1757,7,0,1.2139154154403289,0.00809276943626886,0.173416487920047,7,7,7,7,0,0.0032912881596018906,77.0,0.0028999638743698597,0
1758,7,0,1.2106241272807385,0.008070827515204923,0.17294630389724835,7,7,7,7,0,0.003291288159573469,77.0,0.002500019036233425,0
1759,6,0,1.2073413031823776,0.00804894202121585,0.20122355053039628,7,6,7,6,0,0.003282824098363335,67.0,0.002500019036233425,0
1760,6,0,1.204618201650095,0.008030788011000633,0.20076970027501584,6,6,6,6,0,0.0027231015322968233,67.0,0.002300017513334751,0
1761,6,0,1.2018951001178122,0.008012634000785415,0.20031585001963537,6,6,6,6,0,0.0027231015322684016,67.0,0.002500019036233425,0
1762,6,0,1.1991719985855296,0.007994479990570198,0.19986199976425492,6,6,6,6,0,0.0027231015322968233,67.0,0.002200016751885414,0
1763,6,0,1.1964488970532468,0.007976325980354979,0.19940814950887445,6,6,6,6,0,0.0027231015322684016,67.0,0.002800021320581436,0
1764,6,0,1.1937257955209641,0.00795817197013976,0.19895429925349403,6,6,6,6,0,0.0027231015322968233,67.0,0.0026999623514711857,0
1765,6,0,1.1910026939886813,0.007940017959924541,0.1985004489981136,6,6,6,6,0,0.0027231015322684016,67.0,0.0025999615900218487,0
1766,6,0,1.1882795924563987,0.007921863949709325,0.19804659874273312,6,6,6,6,0,0.0027231015322968233,67.0,0.002400018274784088,0
1767,6,0,1.1855564909241159,0.007903709939494106,0.19759274848735264,6,6,6,6,0,0.0027231015322684016,67.0,0.002900022082030773,0
1768,6,0,1.1828333893918332,0.007885555929278889,0.1971388982319722,6,6,6,6,0,0.0027231015322968233,67.0,0.002800021320581436,0
1769,6,0,1.1801102878595504,0.00786740191906367,0.19668504797659173,6,6,6,6,0,0.0027231015322684016,67.0,0.002400018274784088,0
1770,6,0,1.1773871863272678,0.007849247908848452,0.1962311977212113,6,6,6,6,0,0.0027231015322968233,67.0,0.0023999600671231747,0
1771,6,0,1.174664084794985,0.007831093898633233,0.19577734746583084,6,6,6,6,0,0.0027231015322684016,67.0,0.0020999577827751637,0
1772,6,0,1.1719409832627024,0.007812939888418016,0.1953234972104504,6,6,6,6,0,0.0027231015322968233,67.0,0.0025999615900218487,0
1773,6,0,1.1692178817304195,0.007794785878202797,0.19486964695506995,6,6,6,6,0,0.0027231015322684016,67.0,0.0025999615900218487,0
1774,6,0,1.166494780198137,0.007776631867987579,0.19441579669968947,6,6,6,6,0,0.0027231015322968233,67.0,0.002600019797682762,0
1775,6,0,1.163771678665854,0.007758477857772361,0.193961946444309,6,6,6,6,0,0.0027231015322684016,67.0,0.002300017513334751,0
1776,6,0,1.1610485771335715,0.007740323847557143,0.19350809618892859,6,6,6,6,0,0.0027231015322968233,67.0,0.002400018274784088,0
1777,6,0,1.1583254756012886,0.007722169837341924,0.1930542459335481,6,6,6,6,0,0.0027231015322684016,67.0,0.0025999615900218487,0
1778,6,0,1.155602374069006,0.007704015827126706,0.19260039567816767,6,6,6,6,0,0.0027231015322968233,67.0,0.002400018274784088,0
1779,6,0,1.1528792725367232,0.007685861816911488,0.1921465454227872,6,6,6,6,0,0.0027231015322684016,67.0,0.0030999653972685337,0
1780,6,0,1.1501561710044406,0.007667707806696271,0.19169269516740675,6,6,6,6,0,0.0027231015322968233,67.0,0.001800013706088066,0
1781,6,0,1.1474330694721577,0.007649553796481051,0.19123884491202633,6,6,6,6,0,0.0027231015322684016,67.0,0.001500011421740055,0
1782,6,0,1.1447099679398751,0.007631399786265834,0.19078499465664586,6,6,6,6,0,0.0027231015322968233,67.0,0.0024999608285725117,0
1783,6,0,1.1419868664075923,0.0076132457760506155,0.1903311444012654,6,6,6,6,0,0.0027231015322684016,67.0,0.002400018274784088,0
1784,6,0,1.1392637648753097,0.007595091765835398,0.18987729414588495,6,6,6,6,0,0.0027231015322968233,67.0,0.002700020559132099,0
1785,6,0,1.1365406633430268,0.007576937755620179,0.18942344389050447,6,6,6,6,0,0.0027231015322684016,67.0,0.002400018274784088,0
1786,6,0,1.1338175618107442,0.007558783745404961,0.18896959363512403,6,6,6,6,0,0.0027231015322968233,67.0,0.002400018274784088,0
1787,6,0,1.1310944602784614,0.0075406297351897425,0.18851574337974356,6,6,6,6,0,0.0027231015322684016,67.0,0.0025999615900218487,0
1788,6,0,1.1283713587461788,0.0075224757249745255,0.18806189312436314,6,6,6,6,0,0.0027231015322968233,67.0,0.002200016751885414,0
1789,6,0,1.125648257213896,0.007504321714759306,0.1876080428689827,6,6,6,6,0,0.0027231015322684016,67.0,0.002200016751885414,0
1790,6,0,1.1229251556816133,0.007486167704544089,0.18715419261360222,6,6,6,6,0,0.0027231015322968233,67.0,0.002300017513334751,0
1791,6,0,1.1202020541493305,0.00746801369432887,0.18670034235822175,6,6,6,6,0,0.0027231015322684016,67.0,0.0028999638743698597,0
1792,6,0,1.1174789526170479,0.0074498596841136525,0.1862464921028413,6,6,6,6,0,0.0027231015322968233,67.0,0.002900022082030773,0
1793,6,0,1.114755851084765,0.007431705673898434,0.18579264184746083,6,6,6,6,0,0.0027231015322684016,67.0,0.002300017513334751,0
1794,6,0,1.1120327495524824,0.007413551663683216,0.18533879159208042,6,6,6,6,0,0.0027231015322968233,67.0,0.002200016751885414,0
1795,6,0,1.1093096480201996,0.007395397653467997,0.18488494133669994,6,6,6,6,0,0.0027231015322684016,67.0,0.0022999593056738377,0
1796,6,0,1.106586546487917,0.0073772436432527795,0.1844310910813195,6,6,6,6,0,0.0027231015322968233,67.0,0.0023999600671231747,0
1797,6,0,1.1038634449556342,0.007359089633037561,0.18397724082593905,6,6,6,6,0,0.0027231015322684016,67.0,0.002400018274784088,0
1798,6,0,1.1011403434233515,0.007340935622822344,0.18352339057055858,6,6,6,6,0,0.0027231015322968233,67.0,0.002500019036233425,0
1799,6,0,1.0984172418910687,0.007322781612607124,0.1830695403151781,6,6,6,6,0,0.0027231015322684016,67.0,0.002700020559132099,0
1800,6,0,1.095694140358786,0.007304627602391907,0.1826156900597977,6,6,6,6,0,0.0027231015322968233,67.0,0.0022999593056738377,0
1801,6,0,1.0929710388265033,0.007286473592176689,0.18216183980441722,6,6,6,6,0,0.0027231015322684016,67.0,0.002400018274784088,0
1802,6,0,1.0902479372942206,0.007268319581961471,0.18170798954903677,6,6,6,6,0,0.0027231015322968233,67.0,0.0031999661587178707,0
1803,6,0,1.0875248357619378,0.007250165571746252,0.1812541392936563,6,6,6,6,0,0.0027231015322684016,67.0,0.002700020559132099,0
1804,6,0,1.0848017342296552,0.007232011561531034,0.18080028903827586,6,6,6,6,0,0.0027231015322968233,67.0,0.0027999631129205227,0
1805,6,0,1.0820786326973724,0.007213857551315816,0.18034643878289544,6,6,6,6,0,0.0027231015322684016,67.0,0.0031999661587178707,0
1806,6,0,1.0793555311650898,0.007195703541100599,0.17989258852751497,6,6,6,6,0,0.0027231015322968233,67.0,0.002800021320581436,0
1807,6,0,1.076632429632807,0.007177549530885379,0.1794387382721345,6,6,6,6,0,0.0027231015322684016,67.0,0.0027999631129205227,0
1808,6,0,1.0739093281005243,0.007159395520670162,0.17898488801675405,6,6,6,6,0,0.0027231015322968233,67.0,0.0022999593056738377,0
1809,6,0,1.0711862265682415,0.0071412415104549435,0.17853103776137358,6,6,6,6,0,0.0027231015322684016,67.0,0.001800013706088066,0
1810,6,0,1.0684631250359589,0.007123087500239726,0.17807718750599313,6,6,6,6,0,0.0027231015322968233,67.0,0.002200016751885414,0
1811,6,0,1.065740023503676,0.007104933490024507,0.17762333725061266,6,6,6,6,0,0.0027231015322684016,67.0,0.002100015990436077,0
1812,6,0,1.0630169219713934,0.007086779479809289,0.17716948699523224,6,6,6,6,0,0.0027231015322968233,67.0,0.002800021320581436,0
1813,6,0,1.0602938204391106,0.0070686254695940705,0.1767156367398518,6,6,6,6,0,0.0027231015322684016,67.0,0.002600019797682762,0
1814,6,0,1.057570718906828,0.0070504714593788535,0.17626178648447133,6,6,6,6,0,0.0027231015322968233,67.0,0.0021999585442245007,0
1815,6,0,1.0548476173745451,0.007032317449163634,0.17580793622909086,6,6,6,6,0,0.0027231015322684016,67.0,0.0020999577827751637,0
1816,6,0,1.0521245158422625,0.007014163438948417,0.1753540859737104,6,6,6,6,0,0.0027231015322968233,67.0,0.001900014467537403,0
1817,6,0,1.0494014143099797,0.006996009428733198,0.17490023571832994,6,6,6,6,0,0.0027231015322684016,67.0,0.001500011421740055,0
1818,6,0,1.046678312777697,0.0069778554185179805,0.17444638546294952,6,6,6,6,0,0.0027231015322968233,67.0,0.001500011421740055,0
1819,6,0,1.0439552112454142,0.006959701408302762,0.17399253520756905,6,6,6,6,0,0.0027231015322684016,67.0,0.002100015990436077,0
1820,6,0,1.0412321097131316,0.006941547398087544,0.1735386849521886,6,6,6,6,0,0.0027231015322968233,67.0,0.002900022082030773,0
1821,6,0,1.0385090081808488,0.006923393387872325,0.17308483469680813,6,6,6,6,0,0.0027231015322684016,67.0,0.002400018274784088,0
1822,6,0,1.0357859066485662,0.0069052393776571075,0.1726309844414277,6,6,6,6,0,0.0027231015322968233,67.0,0.002400018274784088,0
1823,6,0,1.0330628051162833,0.006887085367441889,0.17217713418604721,6,6,6,6,0,0.0027231015322684016,67.0,0.002200016751885414,0
1824,6,0,1.0303397035840007,0.006868931357226672,0.1717232839306668,6,6,6,6,0,0.0027231015322968233,67.0,0.002500019036233425,0
1825,6,0,1.027616602051718,0.006850777347011452,0.17126943367528633,6,6,6,6,0,0.0027231015322684016,67.0,0.0027999631129205227,0
1826,6,0,1.0248935005194353,0.006832623336796235,0.17081558341990588,6,6,6,6,0,0.0027231015322968233,67.0,0.002600019797682762,0
1827,6,0,1.0221703989871525,0.006814469326581017,0.1703617331645254,6,6,6,6,0,0.0027231015322684016,67.0,0.0027999631129205227,0
1828,6,0,1.0194472974548698,0.006796315316365799,0.16990788290914496,6,6,6,6,0,0.0027231015322968233,67.0,0.002300017513334751,0
1829,6,0,1.016724195922587,0.00677816130615058,0.1694540326537645,6,6,6,6,0,0.0027231015322684016,67.0,0.0024999608285725117,0
1830,6,0,1.0140010943903044,0.006760007295935362,0.16900018239838407,6,6,6,6,0,0.0027231015322968233,67.0,0.002800021320581436,0
1831,6,0,1.0112779928580216,0.006741853285720144,0.1685463321430036,6,6,6,6,0,0.0027231015322684016,67.0,0.0023999600671231747,0
1832,6,0,1.008554891325739,0.006723699275504927,0.16809248188762316,6,6,6,6,0,0.0027231015322968233,67.0,0.0023999600671231747,0
1833,6,0,1.005831789793456,0.006705545265289707,0.16763863163224269,6,6,6,6,0,0.0027231015322684016,67.0,0.002400018274784088,0
1834,6,0,1.0031086882611735,0.00668739125507449,0.16718478137686224,6,6,6,6,0,0.0027231015322968233,67.0,0.002500019036233425,0
1835,6,0,1.0003855867288907,0.0066692372448592715,0.16673093112148177,6,6,6,6,0,0.0027231015322684016,67.0,0.002400018274784088,0
1836,6,0,0.997662485196608,0.006651083234644054,0.16627708086610135,6,6,6,6,0,0.0027231015322968233,67.0,0.002500019036233425,0
1837,6,0,0.9949393836643252,0.006632929224428835,0.16582323061072088,6,6,6,6,0,0.0027231015322684016,67.0,0.002200016751885414,0
1838,6,0,0.9922162821320426,0.006614775214213617,0.1653693803553404,6,6,6,6,0,0.0027231015322968233,67.0,0.002400018274784088,0
1839,6,0,0.9894931805997598,0.0065966212039983985,0.16491553009995996,6,6,6,6,0,0.0027231015322684016,67.0,0.0026999623514711857,0
1840,6,0,0.9867700790674772,0.006578467193783181,0.16446167984457954,6,6,6,6,0,0.0027231015322968233,67.0,0.0026999623514711857,0
1841,6,0,0.9840469775351943,0.006560313183567962,0.16400782958919907,6,6,6,6,0,0.0027231015322684016,67.0,0.0029999646358191967,0
1842,6,0,0.9813238760029117,0.006542159173352745,0.1635539793338186,6,6,6,6,0,0.0027231015322968233,67.0,0.0024999608285725117,0
1843,6,0,0.9786007744706289,0.0065240051631375254,0.16310012907843816,6,6,6,6,0,0.0027231015322684016,67.0,0.0023999600671231747,0
1844,6,0,0.9758776729383463,0.0065058511529223085,0.16264627882305774,6,6,6,6,0,0.0027231015322968233,67.0,0.002500019036233425,0
1845,6,0,0.9731545714060634,0.00648769714270709,0.16219242856767724,6,6,6,6,0,0.0027231015322684016,67.0,0.0025999615900218487,0
1846,6,0,0.9704314698737808,0.006469543132491872,0.1617385783122968,6,6,6,6,0,0.0027231015322968233,67.0,0.0023999600671231747,0
1847,6,0,0.967708368341498,0.006451389122276653,0.16128472805691632,6,6,6,6,0,0.0027231015322684016,67.0,0.0024999608285725117,0
1848,6,0,0.9649852668092154,0.0064332351120614355,0.1608308778015359,6,6,6,6,0,0.0027231015322968233,67.0,0.002800021320581436,0
1849,6,0,0.9622621652769325,0.006415081101846217,0.16037702754615543,6,6,6,6,0,0.0027231015322684016,67.0,0.002200016751885414,0
1850,6,0,0.9595390637446499,0.006396927091631,0.15992317729077496,6,6,6,6,0,0.0027231015322968233,67.0,0.002400018274784088,0
1851,6,0,0.9568159622123671,0.00637877308141578,0.15946932703539451,6,6,6,6,0,0.0027231015322684016,67.0,0.002800021320581436,0
1852,6,0,0.9540928606800845,0.006360619071200563,0.1590154767800141,6,6,6,6,0,0.0027231015322968233,67.0,0.002700020559132099,0
1853,6,0,0.9513697591478016,0.006342465060985345,0.1585616265246336,6,6,6,6,0,0.0027231015322684016,67.0,0.0027999631129205227,0
1854,6,0,0.948646657615519,0.006324311050770127,0.15810777626925315,6,6,6,6,0,0.0027231015322968233,67.0,0.002700020559132099,0
1855,6,0,0.9459235560832362,0.006306157040554908,0.1576539260138727,6,6,6,6,0,0.0027231015322684016,67.0,0.002200016751885414,0
1856,6,0,0.9432004545509536,0.00628800303033969,0.1572000757584923,6,6,6,6,0,0.0027231015322968233,67.0,0.002100015990436077,0
1857,6,0,0.9404773530186707,0.006269849020124472,0.15674622550311182,6,6,6,6,0,0.0027231015322684016,67.0,0.001900014467537403,0
1858,6,0,0.9377542514863881,0.006251695009909255,0.15629237524773135,6,6,6,6,0,0.0027231015322968233,67.0,0.00200001522898674,0
1859,6,0,0.9350311499541053,0.006233540999694035,0.15583852499235087,6,6,6,6,0,0.0027231015322684016,67.0,0.001800013706088066,0
1860,6,0,0.9323080484218227,0.006215386989478818,0.15538467473697046,6,6,6,6,0,0.0027231015322968233,67.0,0.001900014467537403,0
1861,6,0,0.9295849468895399,0.006197232979263599,0.15493082448158998,6,6,6,6,0,0.0027231015322684016,67.0,0.00200001522898674,0
1862,6,0,0.9268618453572572,0.006179078969048382,0.1544769742262095,6,6,6,6,0,0.0027231015322968233,67.0,0.0017999554984271526,0
1863,6,0,0.9241387438249744,0.006160924958833163,0.15402312397082907,6,6,6,6,0,0.0027231015322684016,67.0,0.002200016751885414,0
1864,6,0,0.9214156422926918,0.006142770948617945,0.15356927371544865,6,6,6,6,0,0.0027231015322968233,67.0,0.0023999600671231747,0
1865,6,0,0.918692540760409,0.0061246169384027264,0.15311542346006818,6,6,6,6,0,0.0027231015322684016,67.0,0.002500019036233425,0
1866,6,0,0.9159694392281263,0.006106462928187509,0.1526615732046877,6,6,6,6,0,0.0027231015322968233,67.0,0.002700020559132099,0
1867,6,0,0.9132463376958435,0.00608830891797229,0.15220772294930726,6,6,6,6,0,0.0027231015322684016,67.0,0.002200016751885414,0
1868,6,0,0.9105232361635609,0.006070154907757073,0.15175387269392684,6,6,6,6,0,0.0027231015322968233,67.0,0.002200016751885414,0
1869,6,0,0.9078001346312781,0.006052000897541853,0.15130002243854634,6,6,6,6,0,0.0027231015322684016,67.0,0.002300017513334751,0
1870,6,0,0.9050770330989955,0.0060338468873266365,0.1508461721831659,6,6,6,6,0,0.0027231015322968233,67.0,0.001900014467537403,0
1871,6,0,0.9023539315667126,0.006015692877111418,0.15039232192778543,6,6,6,6,0,0.0027231015322684016,67.0,0.002700020559132099,0
1872,6,0,0.89963083003443,0.0059975388668962,0.149938471672405,6,6,6,6,0,0.0027231015322968233,67.0,0.0038999714888632298,0
1873,6,0,0.8969077285021472,0.005979384856680981,0.14948462141702454,6,6,6,6,0,0.0027231015322684016,67.0,0.0033999676816165447,0
1874,6,0,0.8941846269698646,0.0059612308464657635,0.14903077116164407,6,6,6,6,0,0.0027231015322968233,67.0,0.002200016751885414,0
1875,6,0,0.8914615254375817,0.005943076836250545,0.14857692090626362,6,6,6,6,0,0.0027231015322684016,67.0,0.0034999684430658817,0
1876,6,0,0.8887384239052991,0.005924922826035328,0.1481230706508832,6,6,6,6,0,0.0027231015322968233,67.0,0.002500019036233425,0
1877,6,0,0.8860153223730163,0.005906768815820108,0.1476692203955027,6,6,6,6,0,0.0027231015322684016,67.0,0.002400018274784088,0
1878,6,0,0.8832922208407337,0.005888614805604891,0.14721537014012226,6,6,6,6,0,0.0027231015322968233,67.0,0.0021999585442245007,0
1879,6,0,0.8805691193084508,0.005870460795389673,0.14676151988474181,6,6,6,6,0,0.0027231015322684016,67.0,0.002200016751885414,0
1880,6,0,0.8778460177761682,0.005852306785174455,0.1463076696293614,6,6,6,6,0,0.0027231015322968233,67.0,0.002100015990436077,0
1881,6,0,0.8751229162438854,0.005834152774959236,0.14585381937398093,6,6,6,6,0,0.0027231015322684016,67.0,0.00200001522898674,0
1882,6,0,0.8723998147116028,0.005815998764744018,0.14539996911860045,6,6,6,6,0,0.0027231015322968233,67.0,0.00200001522898674,0
1883,6,0,0.8696767131793199,0.0057978447545288,0.14494611886321998,6,6,6,6,0,0.0027231015322684016,67.0,0.0019999570213258266,0
1884,6,0,0.8669536116470373,0.005779690744313582,0.14449226860783956,6,6,6,6,0,0.0027231015322968233,67.0,0.001900014467537403,0
1885,6,0,0.8642305101147545,0.005761536734098363,0.1440384183524591,6,6,6,6,0,0.0027231015322684016,67.0,0.0017999554984271526,0
1886,6,0,0.8615074085824719,0.005743382723883146,0.14358456809707862,6,6,6,6,0,0.0027231015322968233,67.0,0.0017999554984271526,0
1887,6,0,0.858784307050189,0.005725228713667927,0.14313071784169817,6,6,6,6,0,0.0027231015322684016,67.0,0.001600012183189392,0
1888,6,0,0.8560612055179064,0.00570707470345271,0.14267686758631776,6,6,6,6,0,0.0027231015322968233,67.0,0.001400010660290718,0
1889,6,0,0.8533381039856236,0.005688920693237491,0.14222301733093728,6,6,6,6,0,0.0027231015322684016,67.0,0.001400010660290718,0
1890,6,0,0.850615002453341,0.005670766683022273,0.1417691670755568,6,6,6,6,0,0.0027231015322968233,67.0,0.001200009137392044,0
1891,6,0,0.8478919009210582,0.005652612672807054,0.14131531682017637,6,6,6,6,0,0.0027231015322684016,67.0,0.001200009137392044,0
1892,6,0,0.8451687993887755,0.005634458662591837,0.14086146656479595,6,6,6,6,0,0.0027231015322968233,67.0,0.001200009137392044,0
1893,6,0,0.8424456978564928,0.005616304652376619,0.14040761630941548,6,6,6,6,0,0.0027231015322684016,67.0,0.002900022082030773,0
1894,6,0,0.8397225963242101,0.005598150642161401,0.139953766054035,6,6,6,6,0,0.0027231015322968233,67.0,0.002700020559132099,0
1895,6,0,0.8369994947919274,0.005579996631946182,0.13949991579865453,6,6,6,6,0,0.0027231015322684016,67.0,0.002100015990436077,0
1896,6,0,0.8342763932596446,0.0055618426217309645,0.13904606554327412,6,6,6,6,0,0.0027231015322968233,67.0,0.003200024366378784,0
1897,6,0,0.8315532917273619,0.005543688611515746,0.13859221528789364,6,6,6,6,0,0.0027231015322684016,67.0,0.002300017513334751,0
1898,6,0,0.8288301901950792,0.005525534601300528,0.13813836503251317,6,6,6,6,0,0.0027231015322968233,67.0,0.001600012183189392,0
1899,6,0,0.8261070886627965,0.00550738059108531,0.13768451477713275,6,6,6,6,0,0.0027231015322684016,67.0,0.001400010660290718,0
1900,6,0,0.8233839871305138,0.0054892265808700914,0.1372306645217523,6,6,6,6,0,0.0027231015322968233,67.0,0.0021999585442245007,0
1901,6,0,0.820660885598231,0.005471072570654874,0.13677681426637184,6,6,6,6,0,0.0027231015322684016,67.0,0.0023999600671231747,0
1902,6,0,0.8179377840659483,0.005452918560439655,0.13632296401099137,6,6,6,6,0,0.0027231015322968233,67.0,0.001600012183189392,0
1903,6,0,0.8152146825336656,0.005434764550224437,0.13586911375561092,6,6,6,6,0,0.0027231015322684016,67.0,0.002100015990436077,0
1904,6,0,0.8124915810013829,0.005416610540009219,0.1354152635002305,6,6,6,6,0,0.0027231015322968233,67.0,0.002200016751885414,0
1905,6,0,0.8097684794691001,0.005398456529794001,0.13496141324485003,6,6,6,6,0,0.0027231015322684016,67.0,0.0025999615900218487,0
1906,6,0,0.8070453779368174,0.005380302519578783,0.13450756298946956,6,6,6,6,0,0.0027231015322968233,67.0,0.002100015990436077,0
1907,6,0,0.8043222764045347,0.005362148509363565,0.13405371273408914,6,6,6,6,0,0.0027231015322684016,67.0,0.0021999585442245007,0
1908,6,0,0.801599174872252,0.005343994499148346,0.13359986247870867,6,6,6,6,0,0.0027231015322968233,67.0,0.002100015990436077,0
1909,6,0,0.7988760733399692,0.0053258404889331284,0.1331460122233282,6,6,6,6,0,0.0027231015322684016,67.0,0.002400018274784088,0
1910,6,0,0.7961529718076865,0.00530768647871791,0.13269216196794772,6,6,6,6,0,0.0027231015322968233,67.0,0.002900022082030773,0
1911,6,0,0.7934298702754038,0.005289532468502692,0.13223831171256728,6,6,6,6,0,0.0027231015322684016,67.0,0.002800021320581436,0
1912,6,0,0.7907067687431211,0.005271378458287474,0.13178446145718684,6,6,6,6,0,0.0027231015322968233,67.0,0.002600019797682762,0
1913,6,0,0.7879836672108382,0.0052532244480722546,0.1313306112018064,6,6,6,6,0,0.0027231015322684016,67.0,0.002500019036233425,0
1914,6,0,0.7852605656785556,0.005235070437857038,0.13087676094642592,6,6,6,6,0,0.0027231015322968233,67.0,0.0024999608285725117,0
1915,6,0,0.7825374641462728,0.005216916427641819,0.1304229106910455,6,6,6,6,0,0.0027231015322684016,67.0,0.002400018274784088,0
1916,6,0,0.7798143626139902,0.005198762417426601,0.12996906043566503,6,6,6,6,0,0.0027231015322968233,67.0,0.0035999692045152187,0
1917,6,0,0.7770912610817073,0.005180608407211382,0.12951521018028456,6,6,6,6,0,0.0027231015322684016,67.0,0.0033999676816165447,0
1918,6,0,0.7743681595494247,0.005162454396996165,0.1290613599249041,6,6,6,6,0,0.0027231015322968233,67.0,0.002700020559132099,0
1919,6,0,0.7716450580171419,0.005144300386780946,0.12860750966952364,6,6,6,6,0,0.0027231015322684016,67.0,0.002500019036233425,0
1920,6,0,0.7689219564848593,0.005126146376565729,0.12815365941414322,6,6,6,6,0,0.0027231015322968233,67.0,0.002300017513334751,0
1921,6,0,0.7661988549525764,0.005107992366350509,0.12769980915876275,6,6,6,6,0,0.0027231015322684016,67.0,0.0030999653972685337,0
1922,6,0,0.7634757534202938,0.0050898383561352924,0.12724595890338228,6,6,6,6,0,0.0027231015322968233,67.0,0.002900022082030773,0
1923,6,0,0.760752651888011,0.005071684345920074,0.12679210864800183,6,6,6,6,0,0.0027231015322684016,67.0,0.002900022082030773,0
1924,6,0,0.7580295503557284,0.005053530335704856,0.1263382583926214,6,6,6,6,0,0.0027231015322968233,67.0,0.0024999608285725117,0
1925,6,0,0.7553064488234456,0.005035376325489637,0.12588440813724092,6,6,6,6,0,0.0027231015322684016,67.0,0.002600019797682762,0
1926,6,0,0.7525833472911629,0.005017222315274419,0.12543055788186047,6,6,6,6,0,0.0027231015322968233,67.0,0.002700020559132099,0
1927,6,0,0.7498602457588801,0.004999068305059201,0.12497670762648001,6,6,6,6,0,0.0027231015322684016,67.0,0.002400018274784088,0
1928,6,0,0.7471371442265975,0.004980914294843983,0.12452285737109958,6,6,6,6,0,0.0027231015322968233,67.0,0.002300017513334751,0
1929,6,0,0.7444140426943147,0.004962760284628764,0.12406900711571912,6,6,6,6,0,0.0027231015322684016,67.0,0.0022999593056738377,0
1930,6,0,0.7416909411620319,0.004944606274413546,0.12361515686033865,6,6,6,6,0,0.0027231015322968233,67.0,0.0023999600671231747,0
1931,6,0,0.7389678396297492,0.004926452264198328,0.1231613066049582,6,6,6,6,0,0.0027231015322684016,67.0,0.002700020559132099,0
1932,6,0,0.7362447380974665,0.00490829825398311,0.12270745634957776,6,6,6,6,0,0.0027231015322968233,67.0,0.002300017513334751,0
1933,6,0,0.7335216365651838,0.004890144243767892,0.12225360609419729,6,6,6,6,0,0.0027231015322684016,67.0,0.0024999608285725117,0
1934,6,0,0.730798535032901,0.004871990233552673,0.12179975583881682,6,6,6,6,0,0.0027231015322968233,67.0,0.0025999615900218487,0
1935,6,0,0.7280754335006183,0.0048538362233374556,0.12134590558343639,6,6,6,6,0,0.0027231015322684016,67.0,0.0021999585442245007,0
1936,6,0,0.7253523319683356,0.004835682213122237,0.12089205532805596,6,6,6,6,0,0.0027231015322968233,67.0,0.00300002284348011,0
1937,6,0,0.7226292304360529,0.004817528202907019,0.12043820507267548,6,6,6,6,0,0.0027231015322684016,67.0,0.001900014467537403,0
1938,6,0,0.7199061289037701,0.004799374192691801,0.11998435481729501,6,6,6,6,0,0.0027231015322968233,67.0,0.001800013706088066,0
1939,6,0,0.7171830273714874,0.0047812201824765825,0.11953050456191457,6,6,6,6,0,0.0027231015322684016,67.0,0.0022999593056738377,0
1940,6,0,0.7144599258392047,0.004763066172261365,0.11907665430653412,6,6,6,6,0,0.0027231015322968233,67.0,0.00300002284348011,0
1941,6,0,0.711736824306922,0.004744912162046147,0.11862280405115366,6,6,6,6,0,0.0027231015322684016,67.0,0.002700020559132099,0
1942,6,0,0.7090137227746393,0.004726758151830928,0.11816895379577319,6,6,6,6,0,0.0027231015322968233,67.0,0.002300017513334751,0
1943,6,0,0.7062906212423565,0.00470860414161571,0.11771510354039276,6,6,6,6,0,0.0027231015322684016,67.0,0.002500019036233425,0
1944,6,0,0.7035675197100737,0.004690450131400492,0.1172612532850123,6,6,6,6,0,0.0027231015322968233,67.0,0.002500019036233425,0
1945,6,0,0.7008444181777911,0.004672296121185274,0.11680740302963183,6,6,6,6,0,0.0027231015322684016,67.0,0.002400018274784088,0
1946,6,0,0.6981213166455082,0.004654142110970055,0.11635355277425137,6,6,6,6,0,0.0027231015322968233,67.0,0.002100015990436077,0
1947,6,0,0.6953982151132256,0.004635988100754837,0.11589970251887094,6,6,6,6,0,0.0027231015322684016,67.0,0.0020999577827751637,0
1948,6,0,0.6926751135809428,0.004617834090539619,0.11544585226349048,6,6,6,6,0,0.0027231015322968233,67.0,0.0023999600671231747,0
1949,6,0,0.6899520120486602,0.004599680080324401,0.11499200200811004,6,6,6,6,0,0.0027231015322684016,67.0,0.0022999593056738377,0
1950,6,0,0.6872289105163774,0.004581526070109182,0.11453815175272956,6,6,6,6,0,0.0027231015322968233,67.0,0.0023999600671231747,0
1951,6,0,0.6845058089840947,0.004563372059893965,0.11408430149734912,6,6,6,6,0,0.0027231015322684016,67.0,0.002400018274784088,0
1952,6,0,0.6817827074518119,0.004545218049678746,0.11363045124196867,6,6,6,6,0,0.0027231015322968233,67.0,0.00200001522898674,0
1953,6,0,0.6790596059195293,0.004527064039463529,0.1131766009865882,6,6,6,6,0,0.0027231015322684016,67.0,0.002300017513334751,0
1954,6,0,0.6763365043872465,0.00450891002924831,0.11272275073120774,6,6,6,6,0,0.0027231015322968233,67.0,0.0022999593056738377,0
1955,6,0,0.6736134028549638,0.004490756019033092,0.11226890047582731,6,6,6,6,0,0.0027231015322684016,67.0,0.0020999577827751637,0
1956,6,0,0.670890301322681,0.0044726020088178735,0.11181505022044685,6,6,6,6,0,0.0027231015322968233,67.0,0.002400018274784088,0
1957,6,0,0.6681671997903984,0.004454447998602656,0.1113611999650664,6,6,6,6,0,0.0027231015322684016,67.0,0.001800013706088066,0
1958,6,0,0.6654440982581156,0.004436293988387437,0.11090734970968592,6,6,6,6,0,0.0027231015322968233,67.0,0.0016999547369778156,0
1959,6,0,0.662720996725833,0.00441813997817222,0.11045349945430545,6,6,6,6,0,0.0027231015322684016,67.0,0.001600012183189392,0
1960,6,0,0.6599978951935501,0.0043999859679570005,0.10999964919892503,6,6,6,6,0,0.0027231015322968233,67.0,0.001400010660290718,0
1961,6,0,0.6572747936612675,0.0043818319577417835,0.10954579894354456,6,6,6,6,0,0.0027231015322684016,67.0,0.001400010660290718,0
1962,6,0,0.6545516921289847,0.004363677947526565,0.10909194868816412,6,6,6,6,0,0.0027231015322968233,67.0,0.001300009898841381,0
1963,6,0,0.6518285905967021,0.004345523937311347,0.10863809843278367,6,6,6,6,0,0.0027231015322684016,67.0,0.001400010660290718,0
1964,6,0,0.6491054890644192,0.004327369927096128,0.10818424817740323,6,6,6,6,0,0.0027231015322968233,67.0,0.001300009898841381,0
1965,6,0,0.6463823875321366,0.0043092159168809105,0.10773039792202277,6,6,6,6,0,0.0027231015322684016,67.0,0.001300009898841381,0
1966,5,0,0.6436618716178897,0.004291079144119265,0.12873237432357792,6,5,6,5,0,0.002720515914262478,73.0,0.001200009137392044,0
1967,5,0,0.6414471598088495,0.004276314398725663,0.12828943196176987,5,5,5,5,0,0.002214711809045866,57.0,0.001400010660290718,0
1968,5,0,0.6392324479998093,0.004261549653332062,0.12784648959996187,5,5,5,5,0,0.002214711809045866,57.0,0.0022999593056738377,0
1969,5,0,0.6370177361907691,0.0042467849079384605,0.1274035472381538,5,5,5,5,0,0.002214711809045866,57.0,0.001300009898841381,0
1970,5,0,0.6348030243817289,0.004232020162544859,0.12696060487634575,5,5,5,5,0,0.002214711809045866,57.0,0.001400010660290718,0
1971,5,0,0.6325883125726887,0.004217255417151258,0.12651766251453775,5,5,5,5,0,0.002214711809045866,57.0,0.001400010660290718,0
1972,5,0,0.6303736007636485,0.004202490671757656,0.12607472015272972,5,5,5,5,0,0.002214711809045866,57.0,0.001300009898841381,0
1973,5,0,0.6281588889546083,0.004187725926364055,0.12563177779092166,5,5,5,5,0,0.002214711809045866,57.0,0.001300009898841381,0
1974,5,0,0.625944177145568,0.004172961180970453,0.12518883542911358,5,5,5,5,0,0.002214711809045866,57.0,0.001300009898841381,0
1975,5,0,0.6237294653365278,0.004158196435576853,0.12474589306730555,5,5,5,5,0,0.002214711809045866,57.0,0.0012999516911804676,0
1976,5,0,0.6215147535274876,0.004143431690183251,0.12430295070549754,5,5,5,5,0,0.002214711809045866,57.0,0.001500011421740055,0
1977,5,0,0.6193000417184474,0.00412866694478965,0.12386000834368949,5,5,5,5,0,0.002214711809045866,57.0,0.001300009898841381,0
1978,5,0,0.6170853299094072,0.004113902199396048,0.12341706598188143,5,5,5,5,0,0.002214711809045866,57.0,0.001400010660290718,0
1979,5,0,0.614870618100367,0.004099137454002447,0.1229741236200734,5,5,5,5,0,0.002214711809045866,57.0,0.0026999623514711857,0
1980,5,0,0.6126559062913268,0.004084372708608845,0.12253118125826538,5,5,5,5,0,0.002214711809045866,57.0,0.0018999562598764896,0
1981,5,0,0.6104411944822866,0.004069607963215244,0.12208823889645733,5,5,5,5,0,0.002214711809045866,57.0,0.002700020559132099,0
1982,5,0,0.6082264826732464,0.0040548432178216425,0.12164529653464926,5,5,5,5,0,0.002214711809045866,57.0,0.0033999676816165447,0
1983,5,0,0.6060117708642062,0.004040078472428041,0.12120235417284124,5,5,5,5,0,0.002214711809045866,57.0,0.002600019797682762,0
1984,5,0,0.603797059055166,0.0040253137270344404,0.12075941181103322,5,5,5,5,0,0.002214711809045866,57.0,0.002600019797682762,0
1985,5,0,0.6015823472461258,0.004010548981640839,0.12031646944922517,5,5,5,5,0,0.002214711809045866,57.0,0.0024999608285725117,0
1986,5,0,0.5993676354370856,0.0039957842362472375,0.1198735270874171,5,5,5,5,0,0.002214711809045866,57.0,0.0023999600671231747,0
1987,5,0,0.5971529236280454,0.003981019490853636,0.11943058472560908,5,5,5,5,0,0.002214711809045866,57.0,0.002600019797682762,0
1988,5,0,0.5949382118190052,0.003966254745460035,0.11898764236380106,5,5,5,5,0,0.002214711809045866,57.0,0.002400018274784088,0
1989,5,0,0.592723500009965,0.003951490000066433,0.11854470000199299,5,5,5,5,0,0.002214711809045866,57.0,0.002500019036233425,0
1990,5,0,0.5905087882009248,0.003936725254672832,0.11810175764018496,5,5,5,5,0,0.002214711809045866,57.0,0.0030999653972685337,0
1991,5,0,0.5882940763918845,0.003921960509279229,0.11765881527837692,5,5,5,5,0,0.002214711809045866,57.0,0.002200016751885414,0
1992,5,0,0.5860793645828444,0.003907195763885629,0.11721587291656888,5,5,5,5,0,0.002214711809045866,57.0,0.002900022082030773,0
1993,5,0,0.5838646527738041,0.003892431018492027,0.11677293055476082,5,5,5,5,0,0.002214711809045866,57.0,0.0022999593056738377,0
1994,5,0,0.581649940964764,0.0038776662730984264,0.11632998819295277,5,5,5,5,0,0.002214711809045866,57.0,0.002300017513334751,0
1995,5,0,0.5794352291557237,0.0038629015277048245,0.11588704583114473,5,5,5,5,0,0.002214711809045866,57.0,0.002400018274784088,0
1996,5,0,0.5772205173466836,0.003848136782311224,0.11544410346933671,5,5,5,5,0,0.002214711809045866,57.0,0.00200001522898674,0
1997,5,0,0.5750058055376432,0.0038333720369176216,0.11500116110752864,5,5,5,5,0,0.002214711809045866,57.0,0.0024999608285725117,0
1998,5,0,0.5727910937286032,0.003818607291524021,0.11455821874572061,5,5,5,5,0,0.002214711809045866,57.0,0.00200001522898674,0
1999,5,0,0.5705763819195628,0.003803842546130419,0.11411527638391257,5,5,5,5,0,0.002214711809045866,57.0,0.002100015990436077,0
2000,5,0,0.5683616701105227,0.0037890778007368185,0.11367233402210455,5,5,5,5,0,0.002214711809045866,57.0,0.0028999638743698597,0
2001,5,0,0.5661469583014824,0.003774313055343216,0.11322939166029648,5,5,5,5,0,0.002214711809045866,57.0,0.0029999646358191967,0
2002,5,0,0.5639322464924422,0.0037595483099496147,0.11278644929848844,5,5,5,5,0,0.002214711809045866,57.0,0.0029999646358191967,0
2003,5,0,0.561717534683402,0.0037447835645560133,0.11234350693668041,5,5,5,5,0,0.002214711809045866,57.0,0.002100015990436077,0
2004,5,0,0.5595028228743618,0.0037300188191624123,0.11190056457487237,5,5,5,5,0,0.002214711809045866,57.0,0.001900014467537403,0
2005,5,0,0.5572881110653216,0.003715254073768811,0.11145762221306432,5,5,5,5,0,0.002214711809045866,57.0,0.001500011421740055,0
2006,5,0,0.5550733992562814,0.0037004893283752094,0.11101467985125628,5,5,5,5,0,0.002214711809045866,57.0,0.003100023604929447,0
2007,5,0,0.5528586874472412,0.003685724582981608,0.11057173748944824,5,5,5,5,0,0.002214711809045866,57.0,0.0025999615900218487,0
2008,5,0,0.550643975638201,0.003670959837588007,0.1101287951276402,5,5,5,5,0,0.002214711809045866,57.0,0.0030999653972685337,0
2009,5,0,0.5484292638291608,0.0036561950921944054,0.10968585276583216,5,5,5,5,0,0.002214711809045866,57.0,0.0022999593056738377,0
2010,5,0,0.5462145520201205,0.003641430346800803,0.10924291040402409,5,5,5,5,0,0.002214711809045866,57.0,0.0023999600671231747,0
2011,5,0,0.5439998402110804,0.0036266656014072025,0.10879996804221607,5,5,5,5,0,0.002214711809045866,57.0,0.002300017513334751,0
2012,5,0,0.5417851284020401,0.0036119008560136006,0.10835702568040803,5,5,5,5,0,0.002214711809045866,57.0,0.002600019797682762,0
2013,5,0,0.539570416593,0.00359713611062,0.1079140833186,5,5,5,5,0,0.002214711809045866,57.0,0.002200016751885414,0
2014,5,0,0.5373557047839597,0.0035823713652263977,0.10747114095679193,5,5,5,5,0,0.002214711809045866,57.0,0.002500019036233425,0
2015,5,0,0.5351409929749196,0.003567606619832797,0.10702819859498391,5,5,5,5,0,0.002214711809045866,57.0,0.002800021320581436,0
2016,5,0,0.5329262811658793,0.0035528418744391953,0.10658525623317587,5,5,5,5,0,0.002214711809045866,57.0,0.002200016751885414,0
2017,5,0,0.5307115693568392,0.0035380771290455942,0.10614231387136783,5,5,5,5,0,0.002214711809045866,57.0,0.0020999577827751637,0
2018,5,0,0.5284968575477988,0.0035233123836519924,0.10569937150955977,5,5,5,5,0,0.002214711809045866,57.0,0.002300017513334751,0
2019,5,0,0.5262821457387588,0.0035085476382583918,0.10525642914775173,5,5,5,5,0,0.002214711809045866,57.0,0.002300017513334751,0
2020,5,0,0.5240674339297184,0.0034937828928647894,0.10481348678594368,5,5,5,5,0,0.002214711809045866,57.0,0.0021999585442245007,0
2021,5,0,0.5218527221206782,0.0034790181474711884,0.10437054442413565,5,5,5,5,0,0.002214711809045866,57.0,0.002900022082030773,0
2022,5,0,0.519638010311638,0.003464253402077587,0.10392760206232761,5,5,5,5,0,0.002214711809045866,57.0,0.002600019797682762,0
2023,5,0,0.5174232985025977,0.0034494886566839847,0.10348465970051957,5,5,5,5,0,0.002214711809045866,57.0,0.002700020559132099,0
2024,5,0,0.5152085866935576,0.003434723911290384,0.10304171733871152,5,5,5,5,0,0.002214711809045866,57.0,0.002500019036233425,0
2025,5,0,0.5129938748845173,0.003419959165896782,0.10259877497690346,5,5,5,5,0,0.002214711809045866,57.0,0.002700020559132099,0
2026,5,0,0.5107791630754772,0.0034051944205031816,0.10215583261509542,5,5,5,5,0,0.002214711809045866,57.0,0.002400018274784088,0
2027,5,0,0.5085644512664369,0.0033904296751095793,0.10171289025328738,5,5,5,5,0,0.002214711809045866,57.0,0.002500019036233425,0
2028,5,0,0.5063497394573968,0.0033756649297159787,0.10126994789147936,5,5,5,5,0,0.002214711809045866,57.0,0.002500019036233425,0
2029,5,0,0.5041350276483565,0.003360900184322377,0.1008270055296713,5,5,5,5,0,0.002214711809045866,57.0,0.0028999638743698597,0
2030,5,0,0.5019203158393164,0.003346135438928776,0.10038406316786326,5,5,5,5,0,0.002214711809045866,57.0,0.002500019036233425,0
2031,5,0,0.49970560403027614,0.0033313706935351743,0.09994112080605523,5,5,5,5,0,0.002214711809045866,57.0,0.002500019036233425,0
2032,5,0,0.49749089222123594,0.003316605948141573,0.0994981784442472,5,5,5,5,0,0.002214711809045866,57.0,0.0025999615900218487,0
2033,5,0,0.49527618041219573,0.0033018412027479714,0.09905523608243914,5,5,5,5,0,0.002214711809045866,57.0,0.002600019797682762,0
2034,5,0,0.4930614686031555,0.00328707645735437,0.0986122937206311,5,5,5,5,0,0.002214711809045866,57.0,0.002600019797682762,0
2035,5,0,0.4908467567941153,0.003272311711960769,0.09816935135882306,5,5,5,5,0,0.002214711809045866,57.0,0.002500019036233425,0
2036,5,0,0.48863204498507506,0.003257546966567167,0.09772640899701501,5,5,5,5,0,0.002214711809045866,57.0,0.0025999615900218487,0
2037,5,0,0.48641733317603486,0.0032427822211735656,0.09728346663520697,5,5,5,5,0,0.002214711809045866,57.0,0.0024999608285725117,0
2038,5,0,0.48420262136699466,0.003228017475779964,0.09684052427339893,5,5,5,5,0,0.002214711809045866,57.0,0.002600019797682762,0
2039,5,0,0.4819879095579544,0.0032132527303863627,0.0963975819115909,5,5,5,5,0,0.002214711809045866,57.0,0.0024999608285725117,0
2040,5,0,0.47977319774891425,0.0031984879849927617,0.09595463954978285,5,5,5,5,0,0.002214711809045866,57.0,0.002400018274784088,0
2041,5,0,0.477558485939874,0.00318372323959916,0.0955116971879748,5,5,5,5,0,0.002214711809045866,57.0,0.0022999593056738377,0
2042,5,0,0.4753437741308338,0.0031689584942055584,0.09506875482616675,5,5,5,5,0,0.002214711809045866,57.0,0.002700020559132099,0
2043,5,0,0.4731290623217936,0.0031541937488119573,0.09462581246435872,5,5,5,5,0,0.002214711809045866,57.0,0.002300017513334751,0
2044,5,0,0.4709143505127534,0.003139429003418356,0.09418287010255069,5,5,5,5,0,0.002214711809045866,57.0,0.002400018274784088,0
2045,5,0,0.4686996387037132,0.0031246642580247544,0.09373992774074263,5,5,5,5,0,0.002214711809045866,57.0,0.002600019797682762,0
2046,5,0,0.46648492689467297,0.003109899512631153,0.09329698537893458,5,5,5,5,0,0.002214711809045866,57.0,0.002400018274784088,0
2047,5,0,0.46427021508563276,0.003095134767237552,0.09285404301712655,5,5,5,5,0,0.002214711809045866,57.0,0.002600019797682762,0
2048,5,0,0.46205550327659256,0.0030803700218439505,0.09241110065531852,5,5,5,5,0,0.002214711809045866,57.0,0.0024999608285725117,0
2049,5,0,0.45984079146755236,0.003065605276450349,0.09196815829351047,5,5,5,5,0,0.002214711809045866,57.0,0.0022999593056738377,0
2050,5,0,0.4576260796585121,0.003050840531056747,0.09152521593170242,5,5,5,5,0,0.002214711809045866,57.0,0.002600019797682762,0
2051,5,0,0.4554113678494719,0.003036075785663146,0.09108227356989437,5,5,5,5,0,0.002214711809045866,57.0,0.0028999638743698597,0
2052,5,0,0.4531966560404317,0.0030213110402695447,0.09063933120808634,5,5,5,5,0,0.002214711809045866,57.0,0.002900022082030773,0
2053,5,0,0.4509819442313915,0.0030065462948759432,0.0901963888462783,5,5,5,5,0,0.002214711809045866,57.0,0.0025999615900218487,0
2054,5,0,0.4487672324223513,0.002991781549482342,0.08975344648447026,5,5,5,5,0,0.002214711809045866,57.0,0.002500019036233425,0
2055,5,0,0.4465525206133111,0.0029770168040887403,0.08931050412266221,5,5,5,5,0,0.002214711809045866,57.0,0.002500019036233425,0
2056,5,0,0.4443378088042709,0.0029622520586951393,0.08886756176085417,5,5,5,5,0,0.002214711809045866,57.0,0.002300017513334751,0
2057,5,0,0.44212309699523067,0.002947487313301538,0.08842461939904614,5,5,5,5,0,0.002214711809045866,57.0,0.0021999585442245007,0
2058,5,0,0.4399083851861904,0.002932722567907936,0.08798167703723807,5,5,5,5,0,0.002214711809045866,57.0,0.002400018274784088,0
2059,5,0,0.43769367337715026,0.002917957822514335,0.08753873467543004,5,5,5,5,0,0.002214711809045866,57.0,0.0021999585442245007,0
2060,5,0,0.43547896156811,0.0029031930771207335,0.08709579231362201,5,5,5,5,0,0.002214711809045866,57.0,0.002500019036233425,0
2061,5,0,0.4332642497590698,0.002888428331727132,0.08665284995181396,5,5,5,5,0,0.002214711809045866,57.0,0.0027999631129205227,0
2062,5,0,0.4310495379500296,0.0028736635863335306,0.08620990759000591,5,5,5,5,0,0.002214711809045866,57.0,0.002500019036233425,0
2063,5,0,0.42883482614098933,0.0028588988409399287,0.08576696522819788,5,5,5,5,0,0.002214711809045866,57.0,0.0024999608285725117,0
2064,5,0,0.4266201143319492,0.0028441340955463277,0.08532402286638985,5,5,5,5,0,0.002214711809045866,57.0,0.002500019036233425,0
2065,5,0,0.4244054025229089,0.0028293693501527262,0.08488108050458179,5,5,5,5,0,0.002214711809045866,57.0,0.002400018274784088,0
2066,5,0,0.4221906907138687,0.002814604604759125,0.08443813814277375,5,5,5,5,0,0.002214711809045866,57.0,0.002400018274784088,0
2067,5,0,0.4199759789048285,0.0027998398593655233,0.0839951957809657,5,5,5,5,0,0.002214711809045866,57.0,0.002400018274784088,0
2068,5,0,0.4177612670957883,0.002785075113971922,0.08355225341915766,5,5,5,5,0,0.002214711809045866,57.0,0.0024999608285725117,0
2069,5,0,0.4155465552867481,0.002770310368578321,0.08310931105734962,5,5,5,5,0,0.002214711809045866,57.0,0.002800021320581436,0
2070,5,0,0.4133318434777079,0.0027555456231847194,0.08266636869554159,5,5,5,5,0,0.002214711809045866,57.0,0.002200016751885414,0
2071,5,0,0.4111171316686677,0.002740780877791118,0.08222342633373354,5,5,5,5,0,0.002214711809045866,57.0,0.002500019036233425,0
2072,5,0,0.4089024198596275,0.0027260161323975165,0.0817804839719255,5,5,5,5,0,0.002214711809045866,57.0,0.002500019036233425,0
2073,5,0,0.4066877080505873,0.0027112513870039155,0.08133754161011746,5,5,5,5,0,0.002214711809045866,57.0,0.0021999585442245007,0
2074,5,0,0.40447299624154703,0.0026964866416103136,0.0808945992483094,5,5,5,5,0,0.002214711809045866,57.0,0.0028999638743698597,0
2075,5,0,0.4022582844325069,0.0026817218962167126,0.08045165688650137,5,5,5,5,0,0.002214711809045866,57.0,0.002900022082030773,0
2076,5,0,0.4000435726234666,0.0026669571508231107,0.08000871452469334,5,5,5,5,0,0.002214711809045866,57.0,0.0022999593056738377,0
2077,5,0,0.3978288608144264,0.0026521924054295097,0.07956577216288528,5,5,5,5,0,0.002214711809045866,57.0,0.002500019036233425,0
2078,5,0,0.3956141490053862,0.0026374276600359082,0.07912282980107724,5,5,5,5,0,0.002214711809045866,57.0,0.0024999608285725117,0
2079,5,0,0.39339943719634596,0.0026226629146423063,0.07867988743926921,5,5,5,5,0,0.002214711809045866,57.0,0.002300017513334751,0
2080,5,0,0.3911847253873058,0.0026078981692487053,0.07823694507746118,5,5,5,5,0,0.002214711809045866,57.0,0.002600019797682762,0
2081,5,0,0.38897001357826555,0.002593133423855104,0.07779400271565311,5,5,5,5,0,0.002214711809045866,57.0,0.002600019797682762,0
2082,5,0,0.38675530176922535,0.0025783686784615024,0.07735106035384506,5,5,5,5,0,0.002214711809045866,57.0,0.002400018274784088,0
2083,5,0,0.38454058996018514,0.002563603933067901,0.07690811799203703,5,5,5,5,0,0.002214711809045866,57.0,0.0024999608285725117,0
2084,5,0,0.38232587815114494,0.0025488391876742995,0.07646517563022899,5,5,5,5,0,0.002214711809045866,57.0,0.0026999623514711857,0
2085,5,0,0.38011116634210473,0.002534074442280698,0.07602223326842095,5,5,5,5,0,0.002214711809045866,57.0,0.002300017513334751,0
2086,5,0,0.37789645453306453,0.002519309696887097,0.0755792909066129,5,5,5,5,0,0.002214711809045866,57.0,0.002500019036233425,0
2087,5,0,0.3756817427240243,0.0025045449514934956,0.07513634854480486,5,5,5,5,0,0.002214711809045866,57.0,0.0028999638743698597,0
2088,5,0,0.3734670309149841,0.002489780206099894,0.07469340618299683,5,5,5,5,0,0.002214711809045866,57.0,0.002400018274784088,0
2089,5,0,0.3712523191059439,0.0024750154607062927,0.07425046382118879,5,5,5,5,0,0.002214711809045866,57.0,0.002600019797682762,0
2090,5,0,0.36903760729690366,0.0024602507153126912,0.07380752145938071,5,5,5,5,0,0.002214711809045866,57.0,0.0025999615900218487,0
2091,5,0,0.36682289548786345,0.0024454859699190898,0.07336457909757269,5,5,5,5,0,0.002214711809045866,57.0,0.002500019036233425,0
2092,5,0,0.36460818367882325,0.0024307212245254883,0.07292163673576466,5,5,5,5,0,0.002214711809045866,57.0,0.002400018274784088,0
2093,5,0,0.36239347186978305,0.002415956479131887,0.07247869437395661,5,5,5,5,0,0.002214711809045866,57.0,0.0023999600671231747,0
2094,5,0,0.36017876006074284,0.0024011917337382854,0.07203575201214855,5,5,5,5,0,0.002214711809045866,57.0,0.0023999600671231747,0
2095,5,0,0.3579640482517026,0.002386426988344684,0.07159280965034052,5,5,5,5,0,0.002214711809045866,57.0,0.003300025127828121,0
2096,5,0,0.3557493364426624,0.0023716622429510825,0.07114986728853248,5,5,5,5,0,0.002214711809045866,57.0,0.003600027412176132,0
2097,5,0,0.3535346246336222,0.002356897497557481,0.07070692492672444,5,5,5,5,0,0.002214711809045866,57.0,0.002900022082030773,0
2098,5,0,0.35131991282458197,0.0023421327521638796,0.0702639825649164,5,5,5,5,0,0.002214711809045866,57.0,0.002700020559132099,0
2099,5,0,0.34910520101554177,0.0023273680067702786,0.06982104020310835,5,5,5,5,0,0.002214711809045866,57.0,0.002700020559132099,0
2100,5,0,0.34689048920650156,0.002312603261376677,0.0693780978413003,5,5,5,5,0,0.002214711809045866,57.0,0.002200016751885414,0
2101,5,0,0.3446757773974613,0.0022978385159830752,0.06893515547949228,5,5,5,5,0,0.002214711809045866,57.0,0.0028999638743698597,0
2102,5,0,0.3424610655884211,0.002283073770589474,0.0684922131176842,5,5,5,5,0,0.002214711809045866,57.0,0.0018999562598764896,0
2103,5,0,0.34024635377938084,0.0022683090251958723,0.06804927075587616,5,5,5,5,0,0.002214711809045866,57.0,0.0020999577827751637,0
2104,5,0,0.33803164197034063,0.002253544279802271,0.06760632839406813,5,5,5,5,0,0.002214711809045866,57.0,0.001900014467537403,0
2105,5,0,0.33581693016130043,0.0022387795344086694,0.06716338603226009,5,5,5,5,0,0.002214711809045866,57.0,0.0018999562598764896,0
2106,5,0,0.3336022183522602,0.002224014789015068,0.06672044367045203,5,5,5,5,0,0.002214711809045866,57.0,0.001900014467537403,0
2107,5,0,0.33138750654322,0.002209250043621467,0.066277501308644,5,5,5,5,0,0.002214711809045866,57.0,0.00300002284348011,0
2108,5,0,0.32917279473417976,0.002194485298227865,0.06583455894683596,5,5,5,5,0,0.002214711809045866,57.0,0.002500019036233425,0
2109,5,0,0.32695808292513956,0.0021797205528342636,0.0653916165850279,5,5,5,5,0,0.002214711809045866,57.0,0.0027999631129205227,0
2110,5,0,0.3247433711160993,0.002164955807440662,0.06494867422321987,5,5,5,5,0,0.002214711809045866,57.0,0.002300017513334751,0
2111,5,0,0.3225286593070591,0.0021501910620470607,0.06450573186141181,5,5,5,5,0,0.002214711809045866,57.0,0.0017999554984271526,0
2112,5,0,0.3203139474980189,0.0021354263166534593,0.06406278949960378,5,5,5,5,0,0.002214711809045866,57.0,0.001700012944638729,0
2113,5,0,0.3180992356889787,0.002120661571259858,0.06361984713779574,5,5,5,5,0,0.002214711809045866,57.0,0.001700012944638729,0
2114,5,0,0.3158845238799385,0.0021058968258662564,0.06317690477598768,5,5,5,5,0,0.002214711809045866,57.0,0.001600012183189392,0
2115,5,0,0.3136698120708983,0.0020911320804726553,0.06273396241417964,5,5,5,5,0,0.002214711809045866,57.0,0.001800013706088066,0
2116,5,0,0.31145510026185796,0.002076367335079053,0.0622910200523716,5,5,5,5,0,0.002214711809045866,57.0,0.0016999547369778156,0
2117,5,0,0.30924038845281776,0.0020616025896854516,0.06184807769056355,5,5,5,5,0,0.002214711809045866,57.0,0.001900014467537403,0
2118,5,0,0.30702567664377756,0.0020468378442918505,0.06140513532875551,5,5,5,5,0,0.002214711809045866,57.0,0.0021999585442245007,0
2119,5,0,0.30481096483473735,0.002032073098898249,0.06096219296694747,5,5,5,5,0,0.002214711809045866,57.0,0.00200001522898674,0
2120,5,0,0.30259625302569715,0.0020173083535046476,0.06051925060513944,5,5,5,5,0,0.002214711809045866,57.0,0.002700020559132099,0
2121,5,0,0.30038154121665694,0.002002543608111046,0.06007630824333139,5,5,5,5,0,0.002214711809045866,57.0,0.0021999585442245007,0
2122,5,0,0.2981668294076167,0.0019877788627174447,0.059633365881523334,5,5,5,5,0,0.002214711809045866,57.0,0.002500019036233425,0
2123,4,0,0.29610888616428066,0.0019740592410952044,0.07402722154107017,5,4,5,4,0,0.0020579432433294187,57.0,0.0022999593056738377,0
2124,4,0,0.2943650579562601,0.001962433719708401,0.07359126448906503,4,4,4,4,0,0.001743828208020659,47.0,0.002200016751885414,0
2125,4,0,0.29262122974823945,0.0019508081983215964,0.07315530743705986,4,4,4,4,0,0.001743828208020659,47.0,0.0021999585442245007,0
2126,4,0,0.2908774015402189,0.0019391826769347927,0.07271935038505471,4,4,4,4,0,0.001743828208020659,47.0,0.002300017513334751,0
2127,4,0,0.28913357333219825,0.0019275571555479882,0.07228339333304958,4,4,4,4,0,0.001743828208020659,47.0,0.002300017513334751,0
2128,4,0,0.2873897451241777,0.0019159316341611846,0.07184743628104442,4,4,4,4,0,0.001743828208020659,47.0,0.0024999608285725117,0
2129,4,0,0.2856459169161571,0.0019043061127743807,0.07141147922903927,4,4,4,4,0,0.001743828208020659,47.0,0.0023999600671231747,0
2130,4,0,0.2839020887081365,0.0018926805913875766,0.07097552217703412,4,4,4,4,0,0.001743828208020659,47.0,0.002200016751885414,0
2131,4,0,0.28215826050011594,0.001881055070000773,0.07053956512502897,4,4,4,4,0,0.001743828208020659,47.0,0.002300017513334751,0
2132,4,0,0.2804144322920953,0.0018694295486139686,0.07010360807302383,4,4,4,4,0,0.001743828208020659,47.0,0.0025999615900218487,0
2133,4,0,0.27867060408407474,0.001857804027227165,0.06966765102101868,4,4,4,4,0,0.001743828208020659,47.0,0.002400018274784088,0
2134,4,0,0.27692677587605413,0.0018461785058403609,0.06923169396901353,4,4,4,4,0,0.001743828208020659,47.0,0.0023999600671231747,0
2135,4,0,0.27518294766803353,0.0018345529844535568,0.06879573691700838,4,4,4,4,0,0.001743828208020659,47.0,0.002500019036233425,0
2136,4,0,0.273439119460013,0.0018229274630667531,0.06835977986500325,4,4,4,4,0,0.001743828208020659,47.0,0.002400018274784088,0
2137,4,0,0.2716952912519924,0.0018113019416799493,0.0679238228129981,4,4,4,4,0,0.001743828208020659,47.0,0.0022999593056738377,0
2138,4,0,0.2699514630439718,0.0017996764202931452,0.06748786576099294,4,4,4,4,0,0.001743828208020659,47.0,0.002300017513334751,0
2139,4,0,0.2682076348359512,0.0017880508989063415,0.06705190870898779,4,4,4,4,0,0.001743828208020659,47.0,0.0023999600671231747,0
2140,4,0,0.26646380662793057,0.0017764253775195372,0.06661595165698266,4,4,4,4,0,0.001743828208020659,47.0,0.002500019036233425,0
2141,4,0,0.26471997841991,0.0017647998561327336,0.0661799946049775,4,4,4,4,0,0.001743828208020659,47.0,0.002300017513334751,0
2142,4,0,0.2629761502118894,0.0017531743347459295,0.06574403755297235,4,4,4,4,0,0.001743828208020659,47.0,0.002200016751885414,0
2143,4,0,0.2612323220038688,0.0017415488133591254,0.0653080805009672,4,4,4,4,0,0.001743828208020659,47.0,0.002400018274784088,0
2144,4,0,0.25948849379584826,0.0017299232919723217,0.06487212344896207,4,4,4,4,0,0.001743828208020659,47.0,0.002700020559132099,0
2145,4,0,0.25774466558782766,0.0017182977705855176,0.06443616639695691,4,4,4,4,0,0.001743828208020659,47.0,0.002400018274784088,0
2146,4,0,0.25600083737980706,0.0017066722491987138,0.06400020934495176,4,4,4,4,0,0.001743828208020659,47.0,0.002500019036233425,0
2147,4,0,0.25425700917178645,0.0016950467278119097,0.06356425229294661,4,4,4,4,0,0.001743828208020659,47.0,0.0023999600671231747,0
2148,4,0,0.25251318096376585,0.0016834212064251056,0.06312829524094148,4,4,4,4,0,0.001743828208020659,47.0,0.0022999593056738377,0
2149,4,0,0.2507693527557453,0.001671795685038302,0.06269233818893633,4,4,4,4,0,0.001743828208020659,47.0,0.002300017513334751,0
2150,4,0,0.2490255245477247,0.001660170163651498,0.062256381136931174,4,4,4,4,0,0.001743828208020659,47.0,0.0026999623514711857,0
2151,4,0,0.2472816963397041,0.001648544642264694,0.06182042408492602,4,4,4,4,0,0.001743828208020659,47.0,0.002500019036233425,0
2152,4,0,0.24553786813168352,0.00163691912087789,0.06138446703292088,4,4,4,4,0,0.001743828208020659,47.0,0.002500019036233425,0
2153,4,0,0.24379403992366294,0.0016252935994910862,0.060948509980915735,4,4,4,4,0,0.001743828208020659,47.0,0.0023999600671231747,0
2154,4,0,0.24205021171564234,0.0016136680781042823,0.060512552928910585,4,4,4,4,0,0.001743828208020659,47.0,0.002600019797682762,0
2155,4,0,0.24030638350762173,0.0016020425567174782,0.060076595876905434,4,4,4,4,0,0.001743828208020659,47.0,0.002500019036233425,0
2156,4,0,0.23856255529960116,0.0015904170353306744,0.05964063882490029,4,4,4,4,0,0.001743828208020659,47.0,0.002200016751885414,0
2157,4,0,0.23681872709158058,0.0015787915139438705,0.05920468177289514,4,4,4,4,0,0.001743828208020659,47.0,0.002200016751885414,0
2158,4,0,0.23507489888355998,0.0015671659925570666,0.058768724720889995,4,4,4,4,0,0.001743828208020659,47.0,0.002200016751885414,0
2159,4,0,0.23333107067553938,0.0015555404711702625,0.058332767668884844,4,4,4,4,0,0.001743828208020659,47.0,0.002600019797682762,0
2160,4,0,0.2315872424675188,0.0015439149497834587,0.0578968106168797,4,4,4,4,0,0.001743828208020659,47.0,0.002400018274784088,0
2161,4,0,0.22984341425949822,0.0015322894283966548,0.057460853564874556,4,4,4,4,0,0.001743828208020659,47.0,0.002500019036233425,0
2162,4,0,0.22809958605147762,0.001520663907009851,0.057024896512869405,4,4,4,4,0,0.001743828208020659,47.0,0.002400018274784088,0
2163,4,0,0.22635575784345702,0.0015090383856230468,0.056588939460864254,4,4,4,4,0,0.001743828208020659,47.0,0.0025999615900218487,0
2164,4,0,0.22461192963543644,0.001497412864236243,0.05615298240885911,4,4,4,4,0,0.001743828208020659,47.0,0.0023999600671231747,0
2165,4,0,0.22286810142741587,0.001485787342849439,0.05571702535685396,4,4,4,4,0,0.001743828208020659,47.0,0.0028999638743698597,0
2166,4,0,0.22112427321939526,0.001474161821462635,0.055281068304848816,4,4,4,4,0,0.001743828208020659,47.0,0.0024999608285725117,0
2167,4,0,0.21938044501137466,0.0014625363000758311,0.054845111252843665,4,4,4,4,0,0.001743828208020659,47.0,0.0021999585442245007,0
2168,4,0,0.21763661680335408,0.0014509107786890272,0.05440915420083852,4,4,4,4,0,0.001743828208020659,47.0,0.0025999615900218487,0
2169,4,0,0.2158927885953335,0.0014392852573022234,0.05397319714883338,4,4,4,4,0,0.001743828208020659,47.0,0.0023999600671231747,0
2170,4,0,0.2141489603873129,0.0014276597359154193,0.053537240096828226,4,4,4,4,0,0.001743828208020659,47.0,0.002300017513334751,0
2171,4,0,0.2124051321792923,0.0014160342145286154,0.053101283044823075,4,4,4,4,0,0.001743828208020659,47.0,0.0022999593056738377,0
2172,4,0,0.21066130397127172,0.0014044086931418115,0.05266532599281793,4,4,4,4,0,0.001743828208020659,47.0,0.002600019797682762,0
2173,4,0,0.20891747576325115,0.0013927831717550077,0.05222936894081278,4,4,4,4,0,0.001743828208020659,47.0,0.002600019797682762,0
2174,4,0,0.20717364755523054,0.0013811576503682036,0.051793411888807636,4,4,4,4,0,0.001743828208020659,47.0,0.0026999623514711857,0
2175,4,0,0.20542981934720994,0.0013695321289813997,0.051357454836802485,4,4,4,4,0,0.001743828208020659,47.0,0.002400018274784088,0
2176,4,0,0.20368599113918937,0.0013579066075945958,0.05092149778479734,4,4,4,4,0,0.001743828208020659,47.0,0.002200016751885414,0
2177,4,0,0.2019421629311688,0.001346281086207792,0.0504855407327922,4,4,4,4,0,0.001743828208020659,47.0,0.002500019036233425,0
2178,4,0,0.20019833472314819,0.0013346555648209879,0.050049583680787046,4,4,4,4,0,0.001743828208020659,47.0,0.0023999600671231747,0
2179,4,0,0.19845450651512758,0.001323030043434184,0.049613626628781896,4,4,4,4,0,0.001743828208020659,47.0,0.0023999600671231747,0
2180,4,0,0.196710678307107,0.00131140452204738,0.04917766957677675,4,4,4,4,0,0.001743828208020659,47.0,0.0023999600671231747,0
2181,4,0,0.19496685009908643,0.0012997790006605762,0.0487417125247716,4,4,4,4,0,0.001743828208020659,47.0,0.002400018274784088,0
2182,4,0,0.19322302189106583,0.0012881534792737721,0.04830575547276646,4,4,4,4,0,0.001743828208020659,47.0,0.0023999600671231747,0
2183,4,0,0.19147919368304522,0.001276527957886968,0.047869798420761306,4,4,4,4,0,0.001743828208020659,47.0,0.002700020559132099,0
2184,4,0,0.18973536547502465,0.0012649024365001644,0.04743384136875616,4,4,4,4,0,0.001743828208020659,47.0,0.002600019797682762,0
2185,4,0,0.18799153726700407,0.0012532769151133605,0.04699788431675102,4,4,4,4,0,0.001743828208020659,47.0,0.002400018274784088,0
2186,4,0,0.18624770905898347,0.0012416513937265564,0.04656192726474587,4,4,4,4,0,0.001743828208020659,47.0,0.002100015990436077,0
2187,4,0,0.18450388085096286,0.0012300258723397523,0.046125970212740716,4,4,4,4,0,0.001743828208020659,47.0,0.0024999608285725117,0
2188,4,0,0.1827600526429423,0.0012184003509529487,0.04569001316073557,4,4,4,4,0,0.001743828208020659,47.0,0.002200016751885414,0
2189,4,0,0.1810162244349217,0.0012067748295661448,0.04525405610873042,4,4,4,4,0,0.001743828208020659,47.0,0.002500019036233425,0
2190,4,0,0.1792723962269011,0.0011951493081793407,0.04481809905672528,4,4,4,4,0,0.001743828208020659,47.0,0.0022999593056738377,0
2191,4,0,0.1775285680188805,0.0011835237867925366,0.044382142004720126,4,4,4,4,0,0.001743828208020659,47.0,0.0024999608285725117,0
2192,4,0,0.17578473981085993,0.001171898265405733,0.04394618495271498,4,4,4,4,0,0.001743828208020659,47.0,0.0025999615900218487,0
2193,4,0,0.17404091160283935,0.001160272744018929,0.04351022790070984,4,4,4,4,0,0.001743828208020659,47.0,0.0023999600671231747,0
2194,4,0,0.17229708339481875,0.001148647222632125,0.04307427084870469,4,4,4,4,0,0.001743828208020659,47.0,0.002400018274784088,0
2195,4,0,0.17055325518679815,0.001137021701245321,0.04263831379669954,4,4,4,4,0,0.001743828208020659,47.0,0.002200016751885414,0
2196,4,0,0.16880942697877757,0.001125396179858517,0.04220235674469439,4,4,4,4,0,0.001743828208020659,47.0,0.003200024366378784,0
2197,4,0,0.167065598770757,0.0011137706584717134,0.04176639969268924,4,4,4,4,0,0.001743828208020659,47.0,0.0032999669201672077,0
2198,4,0,0.1653217705627364,0.0011021451370849093,0.0413304426406841,4,4,4,4,0,0.001743828208020659,47.0,0.002900022082030773,0
2199,4,0,0.1635779423547158,0.0010905196156981052,0.04089448558867895,4,4,4,4,0,0.001743828208020659,47.0,0.002500019036233425,0
2200,4,0,0.1618341141466952,0.0010788940943113013,0.0404585285366738,4,4,4,4,0,0.001743828208020659,47.0,0.003500026650726795,0
2201,4,0,0.16009028593867464,0.0010672685729244977,0.04002257148466866,4,4,4,4,0,0.001743828208020659,47.0,0.002900022082030773,0
2202,4,0,0.15834645773065403,0.0010556430515376936,0.03958661443266351,4,4,4,4,0,0.001743828208020659,47.0,0.0029999646358191967,0
2203,4,0,0.15660262952263343,0.0010440175301508895,0.039150657380658364,4,4,4,4,0,0.001743828208020659,47.0,0.0026999623514711857,0
2204,4,0,0.15485880131461285,0.0010323920087640856,0.03871470032865321,4,4,4,4,0,0.001743828208020659,47.0,0.002500019036233425,0
2205,4,0,0.15311497310659225,0.0010207664873772818,0.03827874327664806,4,4,4,4,0,0.001743828208020659,47.0,0.002500019036233425,0
2206,4,0,0.15137114489857167,0.0010091409659904779,0.03784278622464292,4,4,4,4,0,0.001743828208020659,47.0,0.0024999608285725117,0
2207,4,0,0.14962731669055107,0.0009975154446036738,0.037406829172637775,4,4,4,4,0,0.001743828208020659,47.0,0.002300017513334751,0
2208,4,0,0.14788348848253047,0.0009858899232168697,0.036970872120632624,4,4,4,4,0,0.001743828208020659,47.0,0.002500019036233425,0
2209,4,0,0.1461396602745099,0.0009742644018300659,0.036534915068627466,4,4,4,4,0,0.001743828208020659,47.0,0.0028999638743698597,0
2210,4,0,0.1443958320664893,0.000962638880443262,0.03609895801662232,4,4,4,4,0,0.001743828208020659,47.0,0.002300017513334751,0
2211,4,0,0.1426520038584687,0.0009510133590564581,0.03566300096461718,4,4,4,4,0,0.001743828208020659,47.0,0.0026999623514711857,0
2212,4,0,0.1409081756504481,0.0009393878376696541,0.035227043912612034,4,4,4,4,0,0.001743828208020659,47.0,0.002300017513334751,0
2213,4,0,0.1391643474424275,0.00092776231628285,0.03479108686060688,4,4,4,4,0,0.001743828208020659,47.0,0.002800021320581436,0
2214,4,0,0.13742051923440696,0.0009161367948960463,0.03435512980860174,4,4,4,4,0,0.001743828208020659,47.0,0.002700020559132099,0
2215,4,0,0.13567669102638635,0.0009045112735092424,0.03391917275659658,4,4,4,4,0,0.001743828208020659,47.0,0.002700020559132099,0
2216,4,0,0.13393286281836575,0.0008928857521224384,0.03348321570459144,4,4,4,4,0,0.001743828208020659,47.0,0.0024999608285725117,0
2217,4,0,0.13218903461034515,0.0008812602307356343,0.03304725865258629,4,4,4,4,0,0.001743828208020659,47.0,0.002100015990436077,0
2218,4,0,0.13044520640232457,0.0008696347093488304,0.03261130160058114,4,4,4,4,0,0.001743828208020659,47.0,0.002300017513334751,0
2219,4,0,0.128701378194304,0.0008580091879620267,0.032175344548576,4,4,4,4,0,0.001743828208020659,47.0,0.002600019797682762,0
2220,4,0,0.1269575499862834,0.0008463836665752226,0.03173938749657085,4,4,4,4,0,0.001743828208020659,47.0,0.002200016751885414,0
2221,4,0,0.1252137217782628,0.0008347581451884186,0.0313034304445657,4,4,4,4,0,0.001743828208020659,47.0,0.002100015990436077,0
2222,4,0,0.12346989357024221,0.0008231326238016147,0.030867473392560553,4,4,4,4,0,0.001743828208020659,47.0,0.002500019036233425,0
2223,4,0,0.12172606536222161,0.0008115071024148107,0.030431516340555402,4,4,4,4,0,0.001743828208020659,47.0,0.002400018274784088,0
2224,4,0,0.11998223715420102,0.0007998815810280067,0.029995559288550255,4,4,4,4,0,0.001743828208020659,47.0,0.0024999608285725117,0
2225,4,0,0.11823840894618043,0.0007882560596412029,0.029559602236545107,4,4,4,4,0,0.001743828208020659,47.0,0.0025999615900218487,0
2226,4,0,0.11649458073815983,0.0007766305382543988,0.029123645184539956,4,4,4,4,0,0.001743828208020659,47.0,0.002500019036233425,0
2227,4,0,0.11475075253013925,0.000765005016867595,0.028687688132534812,4,4,4,4,0,0.001743828208020659,47.0,0.00300002284348011,0
2228,4,0,0.11300692432211865,0.0007533794954807909,0.02825173108052966,4,4,4,4,0,0.001743828208020659,47.0,0.001900014467537403,0
2229,4,0,0.11126309611409806,0.0007417539740939871,0.027815774028524514,4,4,4,4,0,0.001743828208020659,47.0,0.001900014467537403,0
2230,4,0,0.10951926790607747,0.0007301284527071831,0.027379816976519367,4,4,4,4,0,0.001743828208020659,47.0,0.001900014467537403,0
2231,4,0,0.10777543969805688,0.0007185029313203792,0.02694385992451422,4,4,4,4,0,0.001743828208020659,47.0,0.001800013706088066,0
2232,4,0,0.10603161149003629,0.0007068774099335752,0.026507902872509072,4,4,4,4,0,0.001743828208020659,47.0,0.001700012944638729,0
2233,4,0,0.10428778328201568,0.0006952518885467712,0.02607194582050392,4,4,4,4,0,0.001743828208020659,47.0,0.001800013706088066,0
2234,4,0,0.10254395507399511,0.0006836263671599674,0.025635988768498773,4,4,4,4,0,0.001743828208020659,47.0,0.00200001522898674,0
2235,4,0,0.1008001268659745,0.0006720008457731634,0.025200031716493626,4,4,4,4,0,0.001743828208020659,47.0,0.00200001522898674,0
2236,4,0,0.09905629865795391,0.0006603753243863594,0.02476407466448848,4,4,4,4,0,0.001743828208020659,47.0,0.001800013706088066,0
2237,4,0,0.09731247044993332,0.0006487498029995555,0.02432811761248333,4,4,4,4,0,0.001743828208020659,47.0,0.0019999570213258266,0
2238,3,0,0.09601321134672258,0.0006400880756448173,0.03200440378224086,4,3,4,3,0,0.0012992591032059408,37.0,0.002200016751885414,0
2239,3,0,0.09471620965460407,0.0006314413976973605,0.03157206988486803,3,3,3,3,0,0.0012970016921372007,37.0,0.001900014467537403,0
2240,3,0,0.09341920796248557,0.0006227947197499037,0.031139735987495188,3,3,3,3,0,0.001297001692108779,37.0,0.0020999577827751637,0
2241,3,0,0.09212220627036707,0.0006141480418024472,0.03070740209012236,3,3,3,3,0,0.0012970016921372007,37.0,0.00200001522898674,0
2242,3,0,0.09082520457824857,0.0006055013638549905,0.030275068192749523,3,3,3,3,0,0.001297001692108779,37.0,0.001800013706088066,0
2243,3,0,0.08952820288613006,0.0005968546859075337,0.029842734295376688,3,3,3,3,0,0.0012970016921372007,37.0,0.001900014467537403,0
2244,3,0,0.08823120119401157,0.0005882080079600772,0.029410400398003855,3,3,3,3,0,0.001297001692108779,37.0,0.002200016751885414,0
2245,3,0,0.08693419950189306,0.0005795613300126203,0.02897806650063102,3,3,3,3,0,0.0012970016921372007,37.0,0.00200001522898674,0
2246,3,0,0.08563719780977455,0.0005709146520651636,0.028545732603258184,3,3,3,3,0,0.001297001692108779,37.0,0.0019999570213258266,0
2247,3,0,0.08434019611765606,0.000562267974117707,0.02811339870588535,3,3,3,3,0,0.0012970016921372007,37.0,0.0019999570213258266,0
2248,3,0,0.08304319442553755,0.0005536212961702503,0.027681064808512516,3,3,3,3,0,0.001297001692108779,37.0,0.002300017513334751,0
2249,3,0,0.08174619273341904,0.0005449746182227936,0.02724873091113968,3,3,3,3,0,0.0012970016921372007,37.0,0.0022999593056738377,0
2250,3,0,0.08044919104130055,0.000536327940275337,0.02681639701376685,3,3,3,3,0,0.001297001692108779,37.0,0.001800013706088066,0
2251,3,0,0.07915218934918206,0.0005276812623278803,0.02638406311639402,3,3,3,3,0,0.0012970016921372007,37.0,0.0020999577827751637,0
2252,3,0,0.07785518765706355,0.0005190345843804236,0.025951729219021183,3,3,3,3,0,0.001297001692108779,37.0,0.002700020559132099,0
2253,3,0,0.07655818596494504,0.0005103879064329669,0.025519395321648347,3,3,3,3,0,0.0012970016921372007,37.0,0.002400018274784088,0
2254,3,0,0.07526118427282653,0.0005017412284855102,0.02508706142427551,3,3,3,3,0,0.001297001692108779,37.0,0.002500019036233425,0
2255,3,0,0.07396418258070803,0.0004930945505380535,0.024654727526902676,3,3,3,3,0,0.0012970016921372007,37.0,0.002100015990436077,0
2256,3,0,0.07266718088858952,0.0004844478725905968,0.02422239362952984,3,3,3,3,0,0.001297001692108779,37.0,0.002200016751885414,0
2257,3,0,0.07137017919647101,0.0004758011946431401,0.023790059732157004,3,3,3,3,0,0.0012970016921372007,37.0,0.002400018274784088,0
2258,3,0,0.07007317750435252,0.0004671545166956835,0.02335772583478417,3,3,3,3,0,0.001297001692108779,37.0,0.002400018274784088,0
2259,3,0,0.068776175812234,0.00045850783874822667,0.022925391937411332,3,3,3,3,0,0.0012970016921372007,37.0,0.002300017513334751,0
2260,3,0,0.0674791741201155,0.00044986116080077,0.0224930580400385,3,3,3,3,0,0.001297001692108779,37.0,0.002800021320581436,0
2261,3,0,0.06618217242799698,0.0004412144828533132,0.02206072414266566,3,3,3,3,0,0.0012970016921372007,37.0,0.002300017513334751,0
2262,3,0,0.06488517073587849,0.0004325678049058566,0.02162839024529283,3,3,3,3,0,0.001297001692108779,37.0,0.002500019036233425,0
2263,3,0,0.06358816904375997,0.0004239211269583998,0.02119605634791999,3,3,3,3,0,0.0012970016921372007,37.0,0.002300017513334751,0
2264,3,0,0.062291167351641474,0.00041527444901094315,0.020763722450547157,3,3,3,3,0,0.001297001692108779,37.0,0.002100015990436077,0
2265,3,0,0.06099416565952297,0.00040662777106348645,0.02033138855317432,3,3,3,3,0,0.0012970016921372007,37.0,0.0024999608285725117,0
2266,3,0,0.05969716396740446,0.00039798109311602975,0.019899054655801485,3,3,3,3,0,0.001297001692108779,37.0,0.002500019036233425,0
2267,3,0,0.05840016227528595,0.000389334415168573,0.01946672075842865,3,3,3,3,0,0.0012970016921372007,37.0,0.002400018274784088,0
2268,3,0,0.057103160583167445,0.0003806877372211163,0.019034386861055814,3,3,3,3,0,0.001297001692108779,37.0,0.002600019797682762,0
2269,3,0,0.05580615889104894,0.0003720410592736596,0.018602052963682978,3,3,3,3,0,0.0012970016921372007,37.0,0.002200016751885414,0
2270,3,0,0.05450915719893043,0.0003633943813262029,0.018169719066310142,3,3,3,3,0,0.001297001692108779,37.0,0.002300017513334751,0
2271,3,0,0.05321215550681192,0.0003547477033787461,0.017737385168937306,3,3,3,3,0,0.0012970016921372007,37.0,0.002400018274784088,0
2272,3,0,0.051915153814693416,0.0003461010254312894,0.01730505127156447,3,3,3,3,0,0.001297001692108779,37.0,0.002300017513334751,0
2273,3,0,0.050618152122574915,0.0003374543474838328,0.01687271737419164,3,3,3,3,0,0.0012970016921372007,37.0,0.002800021320581436,0
2274,3,0,0.04932115043045641,0.0003288076695363761,0.016440383476818803,3,3,3,3,0,0.001297001692108779,37.0,0.002500019036233425,0
2275,2,0,0.04842182334054004,0.0003228121556036003,0.02421091167027002,3,2,3,2,0,0.0008993270899395611,37.0,0.002300017513334751,0
2276,2,0,0.047564363684714256,0.000317095757898095,0.023782181842357128,2,2,2,2,0,0.0008574596558332814,27.0,0.002300017513334751,0
2277,2,0,0.04670690402888847,0.0003113793601925898,0.023353452014444234,2,2,2,2,0,0.0008574596558332814,27.0,0.002500019036233425,0
2278,2,0,0.045849444373062674,0.0003056629624870845,0.022924722186531337,2,2,2,2,0,0.0008574596558332814,27.0,0.002200016751885414,0
2279,2,0,0.04499198471723688,0.0002999465647815792,0.02249599235861844,2,2,2,2,0,0.0008574596558332814,27.0,0.002500019036233425,0
2280,2,0,0.04413452506141109,0.00029423016707607393,0.022067262530705546,2,2,2,2,0,0.0008574596558332814,27.0,0.0026999623514711857,0
2281,2,0,0.043277065405585305,0.0002885137693705687,0.021638532702792652,2,2,2,2,0,0.0008574596558332814,27.0,0.002400018274784088,0
2282,2,0,0.04241960574975951,0.0002827973716650634,0.021209802874879755,2,2,2,2,0,0.0008574596558332814,27.0,0.0023999600671231747,0
2283,2,0,0.041562146093933716,0.0002770809739595581,0.020781073046966858,2,2,2,2,0,0.0008574596558332814,27.0,0.0025999615900218487,0
2284,2,0,0.04070468643810793,0.00027136457625405284,0.020352343219053964,2,2,2,2,0,0.0008574596558332814,27.0,0.0022999593056738377,0
2285,2,0,0.03984722678228214,0.0002656481785485476,0.01992361339114107,2,2,2,2,0,0.0008574596558332814,27.0,0.0025999615900218487,0
2286,2,0,0.03898976712645635,0.0002599317808430423,0.019494883563228173,2,2,2,2,0,0.0008574596558332814,27.0,0.002500019036233425,0
2287,2,0,0.03813230747063055,0.000254215383137537,0.019066153735315276,2,2,2,2,0,0.0008574596558332814,27.0,0.002500019036233425,0
2288,2,0,0.037274847814804765,0.00024849898543203176,0.018637423907402383,2,2,2,2,0,0.0008574596558332814,27.0,0.0023999600671231747,0
2289,2,0,0.03641738815897898,0.00024278258772652653,0.01820869407948949,2,2,2,2,0,0.0008574596558332814,27.0,0.00300002284348011,0
2290,2,0,0.03555992850315318,0.0002370661900210212,0.01777996425157659,2,2,2,2,0,0.0008574596558332814,27.0,0.0023999600671231747,0
2291,2,0,0.03470246884732739,0.00023134979231551593,0.017351234423663695,2,2,2,2,0,0.0008574596558332814,27.0,0.002500019036233425,0
2292,2,0,0.0338450091915016,0.00022563339461001067,0.0169225045957508,2,2,2,2,0,0.0008574596558332814,27.0,0.002600019797682762,0
2293,2,0,0.032987549535675814,0.00021991699690450544,0.016493774767837907,2,2,2,2,0,0.0008574596558332814,27.0,0.002700020559132099,0
2294,2,0,0.03213008987985002,0.00021420059919900013,0.01606504493992501,2,2,2,2,0,0.0008574596558332814,27.0,0.002400018274784088,0
2295,2,0,0.031272630224024225,0.00020848420149349484,0.015636315112012113,2,2,2,2,0,0.0008574596558332814,27.0,0.0025999615900218487,0
2296,2,0,0.030415170568198438,0.00020276780378798958,0.015207585284099219,2,2,2,2,0,0.0008574596558332814,27.0,0.002300017513334751,0
2297,2,0,0.029557710912372647,0.00019705140608248432,0.014778855456186324,2,2,2,2,0,0.0008574596558332814,27.0,0.002400018274784088,0
2298,2,0,0.028700251256546856,0.00019133500837697904,0.014350125628273428,2,2,2,2,0,0.0008574596558332814,27.0,0.002400018274784088,0
2299,2,0,0.027842791600721065,0.00018561861067147378,0.013921395800360533,2,2,2,2,0,0.0008574596558332814,27.0,0.002300017513334751,0
2300,2,0,0.026985331944895274,0.0001799022129659685,0.013492665972447637,2,2,2,2,0,0.0008574596558332814,27.0,0.0023999600671231747,0
2301,2,0,0.026127872289069484,0.0001741858152604632,0.013063936144534742,2,2,2,2,0,0.0008574596558332814,27.0,0.002500019036233425,0
2302,2,0,0.025270412633243693,0.00016846941755495795,0.012635206316621846,2,2,2,2,0,0.0008574596558332814,27.0,0.0025999615900218487,0
2303,2,0,0.024412952977417902,0.00016275301984945267,0.012206476488708951,2,2,2,2,0,0.0008574596558332814,27.0,0.0021999585442245007,0
2304,2,0,0.02355549332159211,0.0001570366221439474,0.011777746660796055,2,2,2,2,0,0.0008574596558332814,27.0,0.002300017513334751,0
2305,2,0,0.02269803366576632,0.00015132022443844212,0.01134901683288316,2,2,2,2,0,0.0008574596558332814,27.0,0.005099980626255274,0
2306,2,0,0.02184057400994053,0.00014560382673293687,0.010920287004970265,2,2,2,2,0,0.0008574596558332814,27.0,0.002800021320581436,0
2307,2,0,0.020983114354114738,0.00013988742902743158,0.010491557177057369,2,2,2,2,0,0.0008574596558332814,27.0,0.002300017513334751,0
2308,2,0,0.020125654698288947,0.00013417103132192632,0.010062827349144474,2,2,2,2,0,0.0008574596558332814,27.0,0.002500019036233425,0
2309,2,0,0.01926819504246316,0.00012845463361642106,0.00963409752123158,2,2,2,2,0,0.0008574596558332814,27.0,0.002100015990436077,0
2310,2,0,0.01841073538663737,0.0001227382359109158,0.009205367693318684,2,2,2,2,0,0.0008574596558332814,27.0,0.0022999593056738377,0
2311,2,0,0.017553275730811578,0.00011702183820541052,0.008776637865405789,2,2,2,2,0,0.0008574596558332814,27.0,0.0020999577827751637,0
2312,2,0,0.01669581607498579,0.00011130544049990528,0.008347908037492895,2,2,2,2,0,0.0008574596558332814,27.0,0.001800013706088066,0
2313,2,0,0.01583835641916,0.0001055890427944,0.00791917820958,2,2,2,2,0,0.0008574596558332814,27.0,0.0019999570213258266,0
2314,2,0,0.014980896763334209,9.987264508889473e-05,0.007490448381667104,2,2,2,2,0,0.0008574596558332814,27.0,0.001800013706088066,0
2315,2,0,0.014123437107508418,9.415624738338945e-05,0.007061718553754209,2,2,2,2,0,0.0008574596558332814,27.0,0.001800013706088066,0
2316,2,0,0.013265977451682629,8.843984967788419e-05,0.006632988725841314,2,2,2,2,0,0.0008574596558332814,27.0,0.001800013706088066,0
2317,2,0,0.01240851779585684,8.272345197237893e-05,0.00620425889792842,2,2,2,2,0,0.0008574596558332814,27.0,0.0018999562598764896,0
2318,2,0,0.011551058140031049,7.700705426687366e-05,0.005775529070015524,2,2,2,2,0,0.0008574596558332814,27.0,0.001700012944638729,0
2319,2,0,0.010693598484205258,7.129065656136839e-05,0.005346799242102629,2,2,2,2,0,0.0008574596558332814,27.0,0.001800013706088066,0
2320,2,0,0.009836138828379467,6.557425885586312e-05,0.0049180694141897335,2,2,2,2,0,0.0008574596558332814,27.0,0.0015999539755284786,0
2321,2,0,0.008978679172553676,5.985786115035784e-05,0.004489339586276838,2,2,2,2,0,0.0008574596558332814,27.0,0.00200001522898674,0
2322,2,0,0.008121219516727885,5.4141463444852565e-05,0.004060609758363943,2,2,2,2,0,0.0008574596558332814,27.0,0.00200001522898674,0
2323,2,0,0.007263759860902095,4.84250657393473e-05,0.0036318799304510476,2,2,2,2,0,0.0008574596558332814,27.0,0.001600012183189392,0
2324,2,0,0.006406300205076304,4.270866803384203e-05,0.003203150102538152,2,2,2,2,0,0.0008574596558332814,27.0,0.0023999600671231747,0
2325,1,0,0.005649143285743114,3.7660955238287425e-05,0.005649143285743114,2,1,2,1,0,0.0007571569193203231,37.0,0.001800013706088066,0
2326,1,0,0.005221649366261482,3.4810995775076545e-05,0.005221649366261482,1,1,1,1,0,0.0004274939194885974,17.0,0.001500011421740055,0
2327,1,0,0.0047941554467798506,3.196103631186567e-05,0.0047941554467798506,1,1,1,1,0,0.0004274939194885974,17.0,0.0011999509297311306,0
2328,1,0,0.004366661527298219,2.9111076848654793e-05,0.004366661527298219,1,1,1,1,0,0.0004274939194885974,17.0,0.001300009898841381,0
2329,1,0,0.003939167607816587,2.6261117385443916e-05,0.003939167607816587,1,1,1,1,0,0.0004274939194885974,17.0,0.0030999653972685337,0
2330,1,0,0.0035116736883349558,2.341115792223304e-05,0.0035116736883349558,1,1,1,1,0,0.0004274939194885974,17.0,0.001600012183189392,0
2331,1,0,0.003084179768853324,2.056119845902216e-05,0.003084179768853324,1,1,1,1,0,0.0004274939194885974,17.0,0.001500011421740055,0
2332,1,0,0.0026566858493716925,1.7711238995811284e-05,0.0026566858493716925,1,1,1,1,0,0.0004274939194885974,17.0,0.001300009898841381,0
2333,1,0,0.002229191929890061,1.4861279532600406e-05,0.002229191929890061,1,1,1,1,0,0.0004274939194885974,17.0,0.001400010660290718,0
2334,1,0,0.0018016980104084296,1.201132006938953e-05,0.0018016980104084296,1,1,1,1,0,0.0004274939194885974,17.0,0.001400010660290718,0
2335,1,0,0.0013742040909267982,9.161360606178655e-06,0.0013742040909267982,1,1,1,1,0,0.0004274939194885974,17.0,0.001200009137392044,0
2336,1,0,0.0009467101714451668,6.311401142967779e-06,0.0009467101714451668,1,1,1,1,0,0.0004274939194885974,17.0,0.001300009898841381,0
2337,1,0,0.0005192162519635354,3.461441679756903e-06,0.0005192162519635354,1,1,1,1,0,0.0004274939194885974,17.0,0.001200009137392044,0
2338,1,0,9.172233248190402e-05,6.114822165460267e-07,9.172233248190402e-05,1,1,1,1,0,0.0004274939194885974,17.0,0.002700020559132099,0
2339,0,0,0.0,0.0,0.0,1,0,1,0,0,9.172233248477824e-05,0.0,0.001600012183189392,0
