round,alive_nodes,num_ch,total_residual_energy,mean_residual_energy_all,mean_residual_energy_alive,packets_sent,packets_received_bs,readings_attempted,readings_delivered,control_packets,energy_consumed_round,mean_latency_ms,setup_time_ms,ops_count
0,50,2,49.900917065456476,0.9980183413091295,0.9980183413091295,16,0,15,0,54,0.09908293454353384,0.0,0.7202000124379992,96
1,50,1,49.870498454994916,0.9974099690998983,0.9974099690998983,9,1,8,6,52,0.030418610461566076,1014.0,0.5335999885573983,49
2,50,1,49.84622413951234,0.9969244827902467,0.9969244827902467,11,1,10,8,52,0.0242743154825929,1014.0,0.5070000188425183,49
3,50,2,49.83442011333262,0.9966884022666523,0.9966884022666523,7,2,6,6,54,0.011804026179733251,514.0,0.4993000184185803,96
4,50,0,49.69121056887653,0.9938242113775305,0.9938242113775305,8,1,8,1,0,0.14320954445609146,17.0,0.09689998114481568,0
5,50,1,49.66734510728706,0.9933469021457413,0.9933469021457413,8,0,7,0,52,0.02386546158947056,0.0,0.49480004236102104,49
6,50,1,49.65270042260861,0.9930540084521722,0.9930540084521722,8,0,8,0,52,0.014644684678457032,0.0,0.499800022225827,49
7,50,7,49.63149557316767,0.9926299114633533,0.9926299114633533,6,1,4,1,64,0.02120484944097112,154.0,0.4550999728962779,301
8,50,3,49.590685313207,0.9918137062641399,0.9918137062641399,11,1,8,1,56,0.04081025996067977,94.0,0.46910002129152417,141
9,50,3,49.56945320887566,0.9913890641775132,0.9913890641775132,11,2,8,6,56,0.021232104331355695,374.0,0.46929996460676193,141
10,50,6,49.50100640361028,0.9900201280722056,0.9900201280722056,14,4,8,5,62,0.06844680526538838,174.0,0.33680000342428684,264
11,50,2,49.43290569205184,0.9886581138410367,0.9886581138410367,9,0,8,0,54,0.06810071155844943,0.0,0.41589996544644237,96
12,50,2,49.405356011751756,0.9881071202350351,0.9881071202350351,11,1,9,4,54,0.02754968030010252,434.0,0.40740001713857055,96
13,50,5,49.334948367850416,0.9866989673570083,0.9866989673570083,9,1,7,3,60,0.0704076439013539,334.0,0.45039999531582,225
14,50,2,49.30177412679593,0.9860354825359186,0.9860354825359186,7,1,5,3,54,0.033174241054508835,674.0,0.41310000233352184,96
15,50,2,49.263238150339724,0.9852647630067944,0.9852647630067944,8,1,6,4,54,0.038535976456204324,694.0,0.4199999966658652,96
16,50,2,49.25530315115211,0.9851060630230423,0.9851060630230423,5,2,3,3,54,0.007934999187629188,514.0,0.4146999563090503,96
17,50,2,49.23693221101644,0.9847386442203288,0.9847386442203288,7,1,5,3,54,0.018370940135681968,454.0,0.44819997856393456,96
18,50,5,49.193825009707595,0.9838765001941518,0.9838765001941518,12,2,9,8,60,0.04310720130886436,324.0,0.3817000542767346,225
19,50,1,49.175222125139015,0.9835044425027804,0.9835044425027804,8,0,7,0,52,0.018602884568590494,0.0,0.3989000106230378,49
20,50,1,49.16609096269183,0.9833218192538367,0.9833218192538367,6,1,5,5,52,0.009131162447192587,1014.0,0.4731999943032861,49
21,50,2,49.10066786875343,0.9820133573750687,0.9820133573750687,7,0,6,0,54,0.0654230939383984,0.0,0.46929996460676193,96
22,50,2,49.08064034793428,0.9816128069586856,0.9816128069586856,5,1,3,2,54,0.020027520819171474,474.0,0.26599998818710446,96
23,50,6,49.05238080219202,0.9810476160438404,0.9810476160438404,10,4,6,6,62,0.028259545742288505,229.0,0.2562999725341797,264
24,50,3,49.00569131595327,0.9801138263190654,0.9801138263190654,8,1,5,2,56,0.04668948623874891,474.0,0.4632999771274626,141
25,50,2,48.98570914898016,0.9797141829796032,0.9797141829796032,6,0,5,0,54,0.019982166973131488,0.0,0.48450002213940024,96
26,50,1,48.95986178958017,0.9791972357916033,0.9791972357916033,7,0,6,0,52,0.02584735940000371,0.0,0.44899998465552926,49
27,50,2,48.94841347857949,0.9789682695715898,0.9789682695715898,4,0,4,0,54,0.011448311000684441,0.0,0.4434000002220273,96
28,50,3,48.938823908348866,0.9787764781669773,0.9787764781669773,5,2,3,3,56,0.009589570230637445,404.0,0.4298000130802393,141
29,50,5,48.88649917940737,0.9777299835881474,0.9777299835881474,8,1,5,1,60,0.05232472894150764,294.0,0.45280001359060407,225
30,50,1,48.87187269968978,0.9774374539937957,0.9774374539937957,4,1,3,3,52,0.014626479717594787,1014.0,0.40610000723972917,49
31,50,2,48.860182293133,0.9772036458626601,0.9772036458626601,7,2,5,5,54,0.011690406556792876,514.0,0.40660001104697585,96
32,50,4,48.81384966255876,0.9762769932511752,0.9762769932511752,8,1,5,1,58,0.04633263057425441,234.0,0.4015000304207206,184
33,50,5,48.74969383423723,0.9749938766847446,0.9749938766847446,7,1,4,1,60,0.06415582832154887,74.0,0.3955999854952097,225
34,50,4,48.69094044627814,0.9738188089255628,0.9738188089255628,12,0,8,0,58,0.058753387959111336,0.0,0.40689995512366295,184
35,50,1,48.64372316806821,0.9728744633613643,0.9728744633613643,5,0,5,0,52,0.04721727820992605,0.0,0.401299970690161,49
36,50,2,48.57665651108706,0.9715331302217411,0.9715331302217411,8,0,6,0,54,0.0670666569811682,0.0,0.4170999745838344,96
37,50,1,48.561612805694594,0.9712322561138919,0.9712322561138919,6,1,5,4,52,0.015043705392463025,1014.0,0.38760004099458456,49
38,50,2,48.54617959425953,0.9709235918851905,0.9709235918851905,7,1,6,4,54,0.01543321143508214,974.0,0.4186999867670238,96
39,50,1,48.536145302552576,0.9707229060510515,0.9707229060510515,6,1,5,5,52,0.010034291706960019,1014.0,0.37590001011267304,49
40,50,2,48.52460575918824,0.9704921151837648,0.9704921151837648,11,2,10,10,54,0.011539543364340155,514.0,0.4428999964147806,96
41,50,2,48.497173797765164,0.9699434759553033,0.9699434759553033,9,1,7,2,54,0.027431961423102447,374.0,0.41799998143687844,96
42,50,3,48.46099802244372,0.9692199604488744,0.9692199604488744,7,1,6,4,56,0.036175775321447556,694.0,0.46010001096874475,141
43,50,4,48.41596396735533,0.9683192793471066,0.9683192793471066,10,0,7,0,58,0.045034055088397196,0.0,0.4631999763660133,184
44,50,1,48.376555758066154,0.9675311151613231,0.9675311151613231,7,0,6,0,52,0.03940820928918809,0.0,0.49760000547394156,49
45,50,3,48.36490352475916,0.9672980704951831,0.9672980704951831,8,1,6,1,56,0.011652233307003712,154.0,0.42919995030388236,141
46,50,1,48.35612427968892,0.9671224855937784,0.9671224855937784,8,1,7,7,52,0.008779245070243746,1014.0,0.4951999871991575,49
47,50,1,48.3278913324734,0.966557826649468,0.966557826649468,7,1,6,5,52,0.028232947215547588,1014.0,0.4896000027656555,49
48,50,2,48.29291545209417,0.9658583090418834,0.9658583090418834,6,1,5,1,54,0.03497588037923083,674.0,0.4338999860920012,96
49,50,2,48.28359564184884,0.9656719128369768,0.9656719128369768,7,2,5,5,54,0.009319810245337123,514.0,0.4202999989502132,96
50,50,4,48.26233912063189,0.9652467824126378,0.9652467824126378,6,0,4,0,58,0.02125652121696442,0.0,0.39520004065707326,184
51,50,1,48.248465940558425,0.9649693188111685,0.9649693188111685,7,1,6,5,52,0.01387318007348104,1014.0,0.39599998854100704,49
52,50,1,48.194598903300104,0.9638919780660021,0.9638919780660021,8,0,7,0,52,0.05386703725833253,0.0,0.41480001527816057,49
53,50,2,48.171049965593014,0.9634209993118603,0.9634209993118603,4,0,3,0,54,0.02354893770710431,0.0,0.40389999048784375,96
54,50,3,48.107529569336805,0.9621505913867361,0.9621505913867361,9,1,7,4,56,0.06352039625622607,594.0,0.39630004903301597,141
55,50,6,48.06844657930621,0.9613689315861242,0.9613689315861242,8,2,6,4,62,0.03908299003061533,154.0,0.38539996603503823,264
56,50,2,48.007250702450676,0.9601450140490135,0.9601450140490135,6,0,4,0,54,0.06119587685554739,0.0,0.602699990849942,96
57,50,2,47.998456527538266,0.9599691305507654,0.9599691305507654,7,1,6,6,54,0.008794174912421848,854.0,0.4224999574944377,96
58,50,3,47.97797366044447,0.9595594732088893,0.9595594732088893,12,2,10,6,56,0.02048286709381575,364.0,0.39030000334605575,141
59,50,5,47.92889588434471,0.9585779176868943,0.9585779176868943,12,2,10,4,60,0.04907777609978048,184.0,0.3709000302478671,225
60,50,3,47.91475125825804,0.9582950251651609,0.9582950251651609,7,2,6,5,56,0.014144626086684209,444.0,0.41560002136975527,141
61,50,1,47.87760706040635,0.9575521412081269,0.9575521412081269,6,0,6,0,52,0.037144197851699534,0.0,0.42970001231878996,49
62,50,1,47.86085400603459,0.9572170801206918,0.9572170801206918,11,0,10,0,52,0.01675305437176755,0.0,0.4287000047042966,49
63,50,1,47.83344872675794,0.9566689745351589,0.9566689745351589,10,0,9,0,52,0.027405279276668804,0.0,0.42970001231878996,49
64,50,0,47.75474679837041,0.9550949359674082,0.9550949359674082,8,4,8,4,0,0.07870192838752477,17.0,0.08259998867288232,0
65,50,3,47.71351813952799,0.9542703627905599,0.9542703627905599,8,2,6,5,56,0.04122865884243865,464.0,0.43000001460313797,141
66,50,1,47.705024265204635,0.9541004853040927,0.9541004853040927,5,1,4,3,52,0.008493874323369788,1014.0,0.42340002255514264,49
67,50,2,47.68462679878909,0.9536925359757817,0.9536925359757817,7,1,6,5,54,0.02039746641555995,754.0,0.5014999769628048,96
68,50,3,47.64389687159974,0.9528779374319949,0.9528779374319949,9,0,7,0,56,0.04072992718936197,0.0,0.438000017311424,141
69,50,6,47.594301478168056,0.9518860295633611,0.9518860295633611,12,4,8,7,62,0.049595393431706825,204.0,0.528500007931143,264
70,50,4,47.565878406564714,0.9513175681312943,0.9513175681312943,6,1,4,3,58,0.02842307160335622,414.0,0.3721999819390476,184
71,50,2,47.553990704243205,0.9510798140848641,0.9510798140848641,10,2,8,8,54,0.011887702321527804,514.0,0.36889995681121945,96
72,50,2,47.5354332071107,0.950708664142214,0.950708664142214,9,0,7,0,54,0.0185574971325142,0.0,0.3728000447154045,96
73,50,6,47.47931815994167,0.9495863631988334,0.9495863631988334,13,2,8,3,62,0.05611504716906035,154.0,0.3491999814286828,264
74,50,5,47.44399789137376,0.9488799578274753,0.9488799578274753,7,0,5,0,60,0.035320268567923474,0.0,0.34339999547228217,225
75,50,2,47.43359707470889,0.9486719414941779,0.9486719414941779,6,2,5,5,54,0.010400816664888346,514.0,0.3472999669611454,96
76,50,1,47.42405905507081,0.9484811811014162,0.9484811811014162,7,0,6,0,52,0.009538019638083206,0.0,0.36559998989105225,49
77,50,4,47.34497620525133,0.9468995241050265,0.9468995241050265,7,0,4,0,58,0.0790828498194962,0.0,0.36800000816583633,184
78,50,1,47.29762544286363,0.9459525088572726,0.9459525088572726,6,0,5,0,52,0.047350762387726064,0.0,0.38240000139921904,49
79,50,2,47.26128585592929,0.9452257171185857,0.9452257171185857,8,1,6,5,54,0.036339586934342805,734.0,0.3560000332072377,96
80,50,0,47.18378148583856,0.9436756297167712,0.9436756297167712,7,3,7,3,0,0.07750437009072719,17.0,0.09240000508725643,0
81,50,5,47.162648414028716,0.9432529682805744,0.9432529682805744,8,3,7,6,60,0.02113307180986812,220.66666666666666,0.4420999903231859,225
82,50,2,47.121821267609334,0.9424364253521866,0.9424364253521866,10,0,8,0,54,0.04082714641940122,0.0,0.44540001545101404,96
83,50,5,47.08239465139161,0.9416478930278323,0.9416478930278323,9,0,7,0,60,0.03942661621774679,0.0,0.49459998263046145,225
84,50,3,47.04687452986626,0.9409374905973251,0.9409374905973251,5,1,3,1,56,0.0355201215253631,294.0,0.4484999808482826,141
85,50,0,47.03378958480887,0.9406757916961774,0.9406757916961774,2,1,2,1,0,0.013084945057387998,17.0,0.08640001760795712,0
86,50,5,46.99262868987055,0.939852573797411,0.939852573797411,10,2,6,2,60,0.041160894938345294,174.0,0.41989999590441585,225
87,50,1,46.98254571370098,0.9396509142740196,0.9396509142740196,5,1,4,4,52,0.010082976169567104,1014.0,0.4254999803379178,49
88,50,5,46.94629150371878,0.9389258300743757,0.9389258300743757,10,2,6,4,60,0.03625420998223117,244.0,0.4479999770410359,225
89,50,1,46.910302869729726,0.9382060573945945,0.9382060573945945,9,0,9,0,52,0.03598863398906005,0.0,0.4493999877013266,49
90,50,4,46.862621268606865,0.9372524253721373,0.9372524253721373,7,1,4,1,58,0.04768160112288378,234.0,0.408399966545403,184
91,50,3,46.82797470662102,0.9365594941324205,0.9365594941324205,6,2,4,3,56,0.03464656198586713,404.0,0.4133000038564205,141
92,50,2,46.82077410966631,0.9364154821933262,0.9364154821933262,3,1,2,1,54,0.007200596954717309,614.0,0.39790000300854445,96
93,50,2,46.81066399443636,0.9362132798887273,0.9362132798887273,5,2,3,3,54,0.010110115229957639,514.0,0.44450000859797,96
94,50,2,46.802027680234,0.93604055360468,0.93604055360468,4,1,3,2,54,0.008636314202379758,674.0,0.4092000308446586,96
95,50,2,46.74935716322632,0.9349871432645265,0.9349871432645265,6,0,4,0,54,0.052670517007691764,0.0,0.4434000002220273,96
96,50,1,46.71061444852069,0.9342122889704138,0.9342122889704138,5,0,4,0,52,0.038742714705643166,0.0,0.42589998338371515,49
97,50,2,46.670812784272,0.9334162556854401,0.9334162556854401,6,1,4,3,54,0.039801664248702906,674.0,0.4149000160396099,96
98,50,4,46.64496458264471,0.9328992916528942,0.9328992916528942,7,1,4,2,58,0.0258482016273045,354.0,0.47070003347471356,184
99,50,1,46.627055803272185,0.9325411160654437,0.9325411160654437,8,0,7,0,52,0.017908779372537875,0.0,0.42259995825588703,49
100,50,2,46.61155466523031,0.9322310933046062,0.9322310933046062,5,1,3,2,54,0.015501138041892126,514.0,0.45489997137337923,96
101,50,3,46.59219639235228,0.9318439278470456,0.9318439278470456,10,2,8,5,56,0.0193582728780477,334.0,0.4325000336393714,141
102,50,3,46.5643752433456,0.931287504866912,0.931287504866912,10,1,7,1,56,0.0278211490066953,374.0,0.46439998550340533,141
103,50,3,46.49935227489236,0.9299870454978472,0.9299870454978472,10,0,7,0,56,0.06502296845325084,0.0,0.46629999997094274,141
104,50,4,46.4577423148427,0.929154846296854,0.929154846296854,8,1,5,2,58,0.04160996004968265,234.0,0.42810000013560057,184
105,50,1,46.42602093872384,0.9285204187744768,0.9285204187744768,8,0,7,0,52,0.03172137611886772,0.0,0.42749999556690454,49
106,50,2,46.41566487774,0.9283132975548,0.9283132975548,10,2,8,8,54,0.010356060983858661,514.0,0.4333999822847545,96
107,50,0,46.30514104869718,0.9261028209739436,0.9261028209739436,8,3,8,3,0,0.11052382904281677,17.0,0.07119996007531881,0
108,50,2,46.27590329794816,0.9255180659589632,0.9255180659589632,5,1,3,2,54,0.029237750749037783,614.0,0.44380000326782465,96
109,50,3,46.25781800642164,0.9251563601284327,0.9251563601284327,7,1,5,2,56,0.018085291526530156,134.0,0.44839998008683324,141
110,50,5,46.22553885356538,0.9245107770713077,0.9245107770713077,5,0,4,0,60,0.03227915285627292,0.0,0.42260001646354795,225
111,50,2,46.19419417545149,0.9238838835090298,0.9238838835090298,5,0,4,0,54,0.031344678113909286,0.0,0.41450001299381256,96
112,50,2,46.13239347636967,0.9226478695273934,0.9226478695273934,6,0,4,0,54,0.06180069908183361,0.0,0.4608000162988901,96
113,50,2,46.111465351327396,0.9222293070265479,0.9222293070265479,8,1,6,5,54,0.020928125042285473,734.0,0.45140000293031335,96
114,50,1,46.09915276009002,0.9219830552018005,0.9219830552018005,8,1,7,7,52,0.012312591237392478,1014.0,0.4867999814450741,49
115,50,2,46.087463877076516,0.9217492775415304,0.9217492775415304,6,2,5,5,54,0.011688883013522222,514.0,0.4144000122323632,96
116,50,4,46.05042982978095,0.9210085965956191,0.9210085965956191,6,1,5,2,58,0.037034047295577466,374.0,0.4361000028438866,184
117,50,3,46.00694454613965,0.920138890922793,0.920138890922793,10,1,7,2,56,0.04348528364131932,254.0,0.2753000007942319,141
118,50,5,45.951605225667215,0.9190321045133443,0.9190321045133443,14,3,10,9,60,0.05533932047245704,300.6666666666667,0.42970001231878996,225
119,50,1,45.91810774599215,0.9183621549198431,0.9183621549198431,8,0,7,0,52,0.0334974796750771,0.0,0.41909998981282115,49
120,50,3,45.8627213428933,0.9172544268578661,0.9172544268578661,15,2,13,10,56,0.055386403098861337,464.0,0.4344999906606972,141
121,50,2,45.83915336447983,0.9167830672895966,0.9167830672895966,11,1,10,5,54,0.023567978413489676,614.0,0.4647999885492027,96
122,50,4,45.817458015832344,0.9163491603166469,0.9163491603166469,10,2,8,7,58,0.02169534864749867,294.0,0.6833999650552869,184
123,50,3,45.78054533759356,0.9156109067518712,0.9156109067518712,7,1,6,4,56,0.03691267823880473,474.0,0.2518999972380698,141
124,50,2,45.74877081359388,0.9149754162718776,0.9149754162718776,9,1,7,3,54,0.031774523999700044,614.0,0.3417999832890928,96
125,50,1,45.71625293389292,0.9143250586778584,0.9143250586778584,4,0,4,0,52,0.03251787970096931,0.0,0.4197999951429665,49
126,50,2,45.703273978283825,0.9140654795656765,0.9140654795656765,5,2,3,3,54,0.012978955609103338,514.0,0.424700032453984,96
127,50,3,45.688823255194166,0.9137764651038833,0.9137764651038833,12,3,9,9,56,0.014450723089673545,347.3333333333333,0.4037999897263944,141
128,50,0,45.55445998610807,0.9110891997221614,0.9110891997221614,7,1,7,1,0,0.13436326908608986,17.0,0.07010000990703702,0
129,50,1,45.51212270314111,0.9102424540628222,0.9102424540628222,8,0,7,0,52,0.04233728296698391,0.0,0.41390000842511654,49
130,50,4,45.429234802775184,0.9085846960555037,0.9085846960555037,9,1,6,1,58,0.08288790036593419,394.0,0.4219000111334026,184
131,50,3,45.41104477744678,0.9082208955489357,0.9082208955489357,11,2,8,3,56,0.01819002532842262,244.0,0.4026999813504517,141
132,50,2,45.36801023085895,0.907360204617179,0.907360204617179,9,1,8,3,54,0.04303454658784389,374.0,0.40959997568279505,96
133,50,1,45.35612193500665,0.907122438700133,0.907122438700133,6,0,5,0,52,0.011888295852314101,0.0,0.40229997830465436,49
134,50,3,45.300345412713156,0.9060069082542631,0.9060069082542631,8,1,5,3,56,0.05577652229351138,574.0,0.388599990401417,141
135,50,3,45.25977508406057,0.9051955016812114,0.9051955016812114,5,0,3,0,56,0.040570328652607124,0.0,0.3913000109605491,141
136,50,1,45.23146931607488,0.9046293863214976,0.9046293863214976,7,1,6,4,52,0.0283057679856924,1014.0,0.39270002162083983,49
137,50,2,45.21701130437277,0.9043402260874553,0.9043402260874553,8,1,6,1,54,0.0144580117021329,254.0,0.3877999843098223,96
138,50,5,45.17736623803608,0.9035473247607215,0.9035473247607215,7,1,5,2,60,0.039645066336703394,194.0,0.3803999861702323,225
139,50,5,45.12646946500665,0.902529389300133,0.902529389300133,10,3,6,5,60,0.05089677302944828,247.33333333333334,0.3932000254280865,225
140,50,4,45.087938864274385,0.9017587772854877,0.9017587772854877,8,1,5,1,58,0.038530600732283204,94.0,0.44490001164376736,184
141,50,2,45.01642458042031,0.9003284916084062,0.9003284916084062,10,0,8,0,54,0.07151428385409098,0.0,0.48909999895840883,96
142,50,5,44.98987147324365,0.8997974294648731,0.8997974294648731,10,3,8,8,60,0.026553107176677138,240.66666666666666,0.46930002281442285,225
143,50,0,44.97858863777671,0.8995717727555342,0.8995717727555342,4,2,4,2,0,0.011282835466943197,17.0,0.08179998258128762,0
144,50,2,44.968960938486255,0.8993792187697252,0.8993792187697252,8,1,7,7,54,0.00962769929046825,734.0,0.45170000521466136,96
145,50,2,44.95763139133981,0.8991526278267962,0.8991526278267962,7,1,6,3,54,0.011329547146456065,454.0,0.4619000246748328,96
146,50,3,44.91277570133655,0.898255514026731,0.898255514026731,9,0,6,0,56,0.04485569000328127,0.0,0.457199988886714,141
147,50,3,44.895397281491555,0.8979079456298311,0.8979079456298311,10,3,7,7,56,0.01737841984500932,347.3333333333333,0.46229996951296926,141
148,50,3,44.88603384450976,0.8977206768901952,0.8977206768901952,5,2,4,4,56,0.009363436981809414,354.0,0.4487999831326306,141
149,50,2,44.87713096407782,0.8975426192815564,0.8975426192815564,4,2,3,3,54,0.008902880431952198,514.0,0.4320000298321247,96
150,50,3,44.856999870233,0.8971399974046599,0.8971399974046599,5,1,3,2,56,0.020131093844841352,434.0,0.43950002873316407,141
151,50,1,44.84696600449167,0.8969393200898333,0.8969393200898333,4,1,3,2,52,0.010033865741338133,1014.0,0.4317999701015651,49
152,50,0,44.77429915075654,0.8954859830151308,0.8954859830151308,2,0,2,0,0,0.07266685373513315,0.0,0.06019999273121357,0
153,50,3,44.71984761401995,0.894396952280399,0.894396952280399,6,0,5,0,56,0.05445153673660652,0.0,0.4319000290706754,141
154,50,4,44.68106653112631,0.8936213306225262,0.8936213306225262,6,0,4,0,58,0.03878108289364235,0.0,0.5302000208757818,184
155,50,2,44.64433479659277,0.8928866959318554,0.8928866959318554,6,0,5,0,54,0.036731734533563376,0.0,0.42890000622719526,96
156,50,5,44.63256231223317,0.8926512462446634,0.8926512462446634,6,2,4,4,60,0.011772484359630297,364.0,0.3462000167928636,225
157,50,2,44.59908227223384,0.8919816454446767,0.8919816454446767,4,0,2,0,54,0.03348003999933713,0.0,0.33920002169907093,96
158,50,2,44.55664316039253,0.8911328632078507,0.8911328632078507,3,0,2,0,54,0.04243911184131122,0.0,0.4304000176489353,96
159,50,2,44.54766694019792,0.8909533388039584,0.8909533388039584,6,1,5,5,54,0.008976220194631956,894.0,0.3721999819390476,96
160,50,5,44.51834735379702,0.8903669470759403,0.8903669470759403,7,2,4,3,60,0.029319586400914588,224.0,0.3974999999627471,225
161,50,2,44.507967436916346,0.8901593487383269,0.8901593487383269,6,2,4,4,54,0.010379916880695284,514.0,0.4048999981023371,96
162,50,3,44.49254146485056,0.8898508292970112,0.8898508292970112,4,2,3,3,56,0.015425972065800764,374.0,0.4452999564819038,141
163,50,3,44.4529119548482,0.8890582390969639,0.8890582390969639,9,0,7,0,56,0.03962951000237336,0.0,0.4493000451475382,141
164,50,2,44.43161934106834,0.8886323868213668,0.8886323868213668,6,1,5,1,54,0.021292613779878344,354.0,0.43349998304620385,96
165,50,4,44.40594973510762,0.8881189947021524,0.8881189947021524,11,2,8,7,58,0.025669605960734643,304.0,0.4369000089354813,184
166,50,0,44.3665441775802,0.887330883551604,0.887330883551604,3,2,3,2,0,0.03940555752741215,17.0,0.06890000076964498,0
167,50,3,44.277071134991445,0.8855414226998289,0.8855414226998289,8,0,5,0,56,0.08947304258877953,0.0,0.4411999834701419,141
168,50,5,44.192694699169,0.8838538939833801,0.8838538939833801,10,2,6,3,60,0.08437643582246768,254.0,0.8284000214189291,225
169,50,4,44.18060403415139,0.8836120806830279,0.8836120806830279,6,1,5,4,58,0.012090665017622904,454.0,0.41480001527816057,184
170,50,1,44.174166884282414,0.8834833376856482,0.8834833376856482,3,1,2,2,52,0.006437149868989245,1014.0,0.3939999733120203,49
171,50,0,44.108278803286986,0.8821655760657398,0.8821655760657398,5,3,5,3,0,0.06588808099542831,17.0,0.05689996760338545,0
172,50,3,44.06058758415289,0.8812117516830579,0.8812117516830579,9,0,8,0,56,0.047691219134113894,0.0,0.3996999585069716,141
173,50,1,44.048159461146916,0.8809631892229384,0.8809631892229384,5,0,4,0,52,0.012428123005985725,0.0,0.4004999645985663,49
174,50,5,43.97212688620475,0.879442537724095,0.879442537724095,8,0,6,0,60,0.0760325749421753,0.0,0.37349999183788896,225
175,50,2,43.95987150387832,0.8791974300775663,0.8791974300775663,6,1,5,4,54,0.012255382326456399,934.0,0.2364999963901937,96
176,50,1,43.94507989539667,0.8789015979079333,0.8789015979079333,10,0,9,0,52,0.014791608481658614,0.0,0.2329999697394669,49
177,50,2,43.933568946869855,0.8786713789373971,0.8786713789373971,9,1,8,8,54,0.01151094852682899,654.0,0.37810002686455846,96
178,50,2,43.90884436052822,0.8781768872105644,0.8781768872105644,4,1,3,3,54,0.02472458634164898,834.0,0.3877000417560339,96
179,50,2,43.89086629498859,0.8778173258997718,0.8778173258997718,9,1,8,2,54,0.017978065539640653,454.0,0.36589999217540026,96
180,50,3,43.8515740941496,0.877031481882992,0.877031481882992,6,2,4,3,56,0.039292200839013525,374.0,0.4197999951429665,141
181,50,2,43.84189579742596,0.8768379159485192,0.8768379159485192,8,2,6,6,54,0.009678296723651947,514.0,0.40879996959120035,96
182,50,2,43.79134942208601,0.8758269884417201,0.8758269884417201,8,1,6,2,54,0.050546375339951766,494.0,0.4588000010699034,96
183,50,4,43.76617676919796,0.8753235353839592,0.8753235353839592,5,1,3,1,58,0.025172652888070246,474.0,0.47859997721388936,184
184,50,2,43.74370290377283,0.8748740580754566,0.8748740580754566,6,1,4,3,54,0.02247386542515617,434.0,0.7047000108286738,96
185,50,5,43.69200097938098,0.8738400195876196,0.8738400195876196,10,2,6,3,60,0.05170192439186305,244.0,0.437700015027076,225
186,50,2,43.63169386142713,0.8726338772285426,0.8726338772285426,10,0,9,0,54,0.060307117953858125,0.0,0.4547999706119299,96
187,50,6,43.595978673206176,0.8719195734641235,0.8719195734641235,8,1,6,2,62,0.035715188220979854,274.0,0.8116000099107623,264
188,50,4,43.55663163100309,0.8711326326200619,0.8711326326200619,8,2,5,4,58,0.03934704220310614,324.0,0.24500000290572643,184
189,50,1,43.550020417587405,0.8710004083517481,0.8710004083517481,3,1,2,2,52,0.006611213415695261,1014.0,0.4464000230655074,49
190,50,2,43.514360415867294,0.8702872083173459,0.8702872083173459,6,1,4,3,54,0.03566000172012895,514.0,0.4466000245884061,96
191,50,0,43.45890490849803,0.8691780981699605,0.8691780981699605,5,3,5,3,0,0.055455507369261525,17.0,0.05719996988773346,0
192,50,1,43.44711150118096,0.8689422300236193,0.8689422300236193,5,0,4,0,52,0.011793407317077786,0.0,0.4480000352486968,49
193,50,2,43.42689534868833,0.8685379069737666,0.8685379069737666,7,0,6,0,54,0.0202161524926332,0.0,0.42019999818876386,96
194,50,2,43.41275604159933,0.8682551208319866,0.8682551208319866,6,1,4,1,54,0.014139307089020114,514.0,0.40630000876262784,96
195,50,2,43.3957280090213,0.8679145601804259,0.8679145601804259,7,1,5,3,54,0.0170280325780503,674.0,0.4572999896481633,96
196,50,1,43.38897202755889,0.8677794405511778,0.8677794405511778,4,1,3,3,52,0.006755981462412741,1014.0,0.42830000165849924,49
197,50,4,43.349021080179746,0.8669804216035949,0.8669804216035949,10,3,7,7,58,0.03995094737916993,280.6666666666667,0.4208000027574599,184
198,50,3,43.33512773958295,0.866702554791659,0.866702554791659,7,1,6,3,56,0.013893340596807136,254.0,0.41280000004917383,141
199,50,2,43.31611510875577,0.8663223021751153,0.8663223021751153,6,1,4,2,54,0.019012630827194066,454.0,0.3646999830380082,96
200,50,2,43.269158013384384,0.8653831602676877,0.8653831602676877,6,1,4,3,54,0.04695709537138182,634.0,0.3980000037699938,96
201,50,3,43.25378564061725,0.8650757128123451,0.8650757128123451,7,2,4,3,56,0.015372372767129328,324.0,0.38159999530762434,141
202,50,2,43.223621308885136,0.8644724261777027,0.8644724261777027,9,1,7,6,54,0.030164331732120964,674.0,0.4846000229008496,96
203,50,5,43.11500253966503,0.8623000507933005,0.8623000507933005,11,1,8,3,60,0.10861876922010616,534.0,0.5536000244319439,225
204,50,3,43.09622143251936,0.8619244286503871,0.8619244286503871,7,0,5,0,56,0.018781107145661835,0.0,0.46140002086758614,141
205,50,2,43.07284179427816,0.8614568358855632,0.8614568358855632,7,0,5,0,54,0.023379638241199707,0.0,0.4425999941304326,96
206,50,3,43.03728067877941,0.8607456135755882,0.8607456135755882,8,1,6,4,56,0.03556111549874519,554.0,0.23960001999512315,141
207,50,1,43.01681620138708,0.8603363240277416,0.8603363240277416,5,1,4,4,52,0.02046447739234658,1014.0,0.5231999675743282,49
208,50,1,43.006527430166756,0.8601305486033352,0.8601305486033352,6,1,5,5,52,0.010288771220321458,1014.0,0.43620000360533595,49
209,50,3,42.9662838449455,0.85932567689891,0.85932567689891,13,2,10,5,56,0.04024358522124505,364.0,0.43590000132098794,141
210,50,2,42.92483756913352,0.8584967513826705,0.8584967513826705,10,0,8,0,54,0.04144627581198623,0.0,0.44319999869912863,96
211,50,1,42.914186151634794,0.8582837230326958,0.8582837230326958,8,1,7,7,52,0.01065141749872378,1014.0,0.4284000024199486,49
212,50,4,42.84614206733996,0.8569228413467992,0.8569228413467992,10,1,8,5,58,0.06804408429483999,574.0,0.5728999967686832,184
213,50,2,42.83564418905237,0.8567128837810474,0.8567128837810474,10,1,9,9,54,0.010497878287585749,914.0,0.40329998591914773,96
214,50,2,42.81170441882778,0.8562340883765556,0.8562340883765556,9,1,7,6,54,0.023939770224589374,694.0,0.3869000356644392,96
215,50,2,42.773826225072355,0.8554765245014471,0.8554765245014471,7,0,5,0,54,0.03787819375542956,0.0,0.37969998084008694,96
216,50,4,42.70481534246702,0.8540963068493405,0.8540963068493405,14,1,11,1,58,0.06901088260532351,374.0,0.4078000201843679,184
217,50,2,42.694607664556585,0.8538921532911317,0.8538921532911317,9,1,9,9,54,0.010207677910433866,834.0,0.3910000086762011,96
218,50,2,42.67942886945586,0.8535885773891172,0.8535885773891172,10,2,8,7,54,0.0151787951007325,514.0,0.3722999827004969,96
219,50,4,42.63628077209963,0.8527256154419927,0.8527256154419927,8,2,5,3,58,0.04314809735622305,324.0,0.4260999849066138,184
220,50,2,42.627084169962004,0.8525416833992401,0.8525416833992401,8,1,7,7,54,0.009196602137633292,894.0,0.4726999904960394,96
221,50,2,42.58518157799024,0.8517036315598048,0.8517036315598048,11,1,10,8,54,0.04190259197175905,674.0,0.4411999834701419,96
222,50,3,42.5579016883573,0.8511580337671459,0.8511580337671459,10,1,8,5,56,0.027279889632943366,394.0,0.4428999964147806,141
223,50,4,42.518075897608846,0.850361517952177,0.850361517952177,9,0,7,0,58,0.03982579074845294,0.0,0.4609999596141279,184
224,50,4,42.46611292945416,0.8493222585890833,0.8493222585890833,8,1,5,3,58,0.05196296815468493,374.0,0.46330003533512354,184
225,50,5,42.41744145537788,0.8483488291075577,0.8483488291075577,6,1,4,2,60,0.04867147407626948,194.0,0.4412999842315912,225
226,50,2,42.40640704458067,0.8481281408916134,0.8481281408916134,7,0,6,0,54,0.011034410797220673,0.0,0.4409999819472432,96
227,50,4,42.37902141225624,0.8475804282451249,0.8475804282451249,7,2,5,3,58,0.027385632324422815,254.0,0.4230000195093453,184
228,50,2,42.36299872992804,0.8472599745985607,0.8472599745985607,8,1,6,2,54,0.01602268232821391,514.0,0.41560002136975527,96
229,50,0,42.308424618420986,0.8461684923684197,0.8461684923684197,4,2,4,2,0,0.05457411150705571,17.0,0.06520003080368042,0
230,50,4,42.260435266890546,0.8452087053378109,0.8452087053378109,3,1,3,2,58,0.04798935153043349,594.0,0.4143000114709139,184
231,50,0,42.19843909645143,0.8439687819290286,0.8439687819290286,7,5,7,5,0,0.06199617043911765,17.0,0.06610003765672445,0
232,50,4,42.17801257911211,0.8435602515822421,0.8435602515822421,8,1,6,2,58,0.020426517339324768,274.0,0.3996000159531832,184
233,50,1,42.1711639360099,0.843423278720198,0.843423278720198,4,1,3,3,52,0.006848643102215668,1014.0,0.44979999074712396,49
234,50,4,42.13682153087888,0.8427364306175776,0.8427364306175776,7,1,6,3,58,0.03434240513101461,454.0,0.40900002932175994,184
235,50,1,42.12428823312158,0.8424857646624316,0.8424857646624316,7,1,7,7,52,0.012533297757293838,1014.0,0.45110000064596534,49
236,50,2,42.112083755330865,0.8422416751066173,0.8422416751066173,10,2,8,8,54,0.012204477790721313,514.0,0.4178000381216407,96
237,50,3,42.07276032025516,0.8414552064051033,0.8414552064051033,9,1,8,6,56,0.03932343507569147,654.0,0.4094999749213457,141
238,50,3,42.04145514197194,0.8408291028394388,0.8408291028394388,8,1,6,3,56,0.031305178283237645,454.0,0.41360000614076853,141
239,50,0,42.02923752635761,0.8405847505271522,0.8405847505271522,4,2,4,2,0,0.012217615614330768,17.0,0.037699996028095484,0
240,50,0,41.96751923319263,0.8393503846638527,0.8393503846638527,4,2,4,2,0,0.061718293164974014,17.0,0.08719996549189091,0
241,50,4,41.93996115057396,0.8387992230114791,0.8387992230114791,7,2,5,4,58,0.027558082618668323,344.0,0.451300002168864,184
242,50,3,41.903073091542694,0.8380614618308538,0.8380614618308538,5,0,3,0,56,0.03688805903126813,0.0,0.44759997399523854,141
243,50,1,41.89718997699267,0.8379437995398534,0.8379437995398534,3,1,2,2,52,0.005883114550028878,1014.0,0.4531000158749521,49
244,50,4,41.86119350471086,0.8372238700942173,0.8372238700942173,4,1,2,1,58,0.03599647228180025,234.0,0.43760001426562667,184
245,50,4,41.82214942204305,0.836442988440861,0.836442988440861,5,1,3,2,58,0.03904408266781978,274.0,0.42860000394284725,184
246,50,1,41.78269780030549,0.8356539560061098,0.8356539560061098,5,0,4,0,52,0.03945162173755712,0.0,0.4333000397309661,49
247,50,4,41.74696945302452,0.8349393890604904,0.8349393890604904,7,1,5,3,58,0.03572834728097085,434.0,0.4295000107958913,184
248,50,1,41.740322136250995,0.8348064427250199,0.8348064427250199,4,1,3,3,52,0.006647316773513268,1014.0,0.44680002611130476,49
249,50,0,41.68742721841785,0.833748544368357,0.833748544368357,4,2,4,2,0,0.05289491783314482,17.0,0.06569997640326619,0
250,50,3,41.64394206003854,0.8328788412007708,0.8328788412007708,7,1,4,2,56,0.04348515837931188,574.0,0.42260001646354795,141
251,50,2,41.62181810941095,0.832436362188219,0.832436362188219,9,1,8,6,54,0.022123950627591427,874.0,0.4208000027574599,96
252,50,4,41.590567557607045,0.8318113511521409,0.8318113511521409,11,1,8,5,58,0.0312505518039039,474.0,0.40329998591914773,184
253,50,3,41.57748764132455,0.831549752826491,0.831549752826491,10,3,8,8,56,0.013079916282485726,347.3333333333333,0.4366000066511333,141
254,50,4,41.5285666972725,0.83057133394545,0.83057133394545,8,1,6,2,58,0.0489209440520586,514.0,0.38729998050257564,184
255,50,3,41.50291282735091,0.8300582565470183,0.8300582565470183,8,2,6,3,56,0.02565386992159624,304.0,0.40690001333132386,141
256,50,1,41.46299228529199,0.8292598457058398,0.8292598457058398,4,0,3,0,52,0.039920542058926145,0.0,0.436800008174032,49
257,50,2,41.4549765568544,0.8290995311370879,0.8290995311370879,5,2,3,3,54,0.008015728437582581,514.0,0.42130000656470656,96
258,50,1,41.44107708762708,0.8288215417525415,0.8288215417525415,7,0,6,0,52,0.013899469227320438,0.0,0.4211000050418079,49
259,50,5,41.39930733578623,0.8279861467157247,0.8279861467157247,10,2,7,5,60,0.041769751840847746,354.0,0.40520000038668513,225
260,50,2,41.38511952235653,0.8277023904471307,0.8277023904471307,5,0,4,0,54,0.014187813429698437,0.0,0.46040001325309277,96
261,50,3,41.37205340109173,0.8274410680218347,0.8274410680218347,6,1,4,2,56,0.013066121264795783,174.0,0.4656999954022467,141
262,50,5,41.33695769411597,0.8267391538823194,0.8267391538823194,9,1,7,1,58,0.03509570697576159,134.0,0.4408999811857939,225
263,50,7,41.28226521993066,0.8256453043986132,0.8256453043986132,11,1,8,1,64,0.05469247418531609,194.0,0.43219997314736247,301
264,50,2,41.244592959528745,0.824891859190575,0.824891859190575,8,1,6,4,54,0.03767226040191929,734.0,0.46170002315193415,96
265,50,2,41.2293022099973,0.824586044199946,0.824586044199946,6,1,5,3,54,0.015290749531450487,254.0,0.464299984741956,96
266,50,2,41.192628313762405,0.823852566275248,0.823852566275248,3,1,2,1,54,0.03667389623488759,354.0,0.4423000500537455,96
267,50,2,41.14868410287519,0.8229736820575038,0.8229736820575038,6,1,4,3,54,0.04394421088721501,714.0,0.4548000288195908,96
268,50,1,41.09945967303247,0.8219891934606494,0.8219891934606494,7,0,6,0,52,0.049224429842727346,0.0,0.43710001045838,49
269,50,0,41.0163169429819,0.820326338859638,0.820326338859638,6,1,6,1,0,0.08314273005056805,17.0,0.17950002802535892,0
270,50,1,40.99986155646213,0.8199972311292426,0.8199972311292426,11,1,10,9,52,0.016455386519767856,1014.0,0.4340999876148999,49
271,50,1,40.96127152948832,0.8192254305897664,0.8192254305897664,7,0,7,0,52,0.03859002697381442,0.0,0.44080003863200545,49
272,50,0,40.903249718393546,0.818064994367871,0.818064994367871,6,2,6,2,0,0.05802181109478077,17.0,0.06970000686123967,0
273,50,2,40.879165815983306,0.8175833163196661,0.8175833163196661,10,1,9,2,54,0.024083902410232838,434.0,0.4236000240780413,96
274,50,3,40.82197360789345,0.8164394721578689,0.8164394721578689,8,1,6,1,56,0.05719220808985703,374.0,0.41779997991397977,141
275,50,3,40.807409624624206,0.8161481924924842,0.8161481924924842,12,3,10,10,56,0.014563983269235692,347.3333333333333,0.3994999569840729,141
276,50,6,40.75407893465155,0.815081578693031,0.815081578693031,10,1,7,3,62,0.053330689972655776,294.0,0.3855000250041485,264
277,50,5,40.72908371408208,0.8145816742816416,0.8145816742816416,7,2,5,3,60,0.02499522056947434,304.0,0.4097999772056937,225
278,50,3,40.69479010725065,0.8138958021450129,0.8138958021450129,4,1,2,1,56,0.034293606831434786,434.0,0.41199999395757914,141
279,50,0,40.66934890382607,0.8133869780765214,0.8133869780765214,3,2,3,2,0,0.025441203424575676,17.0,0.03739999374374747,0
280,50,6,40.617522330695344,0.8123504466139069,0.8123504466139069,10,2,6,2,60,0.05182657313071992,154.0,0.41880004573613405,264
281,50,2,40.578620623761374,0.8115724124752275,0.8115724124752275,5,1,3,2,54,0.03890170693397188,414.0,0.4794999840669334,96
282,50,1,40.56432458115153,0.8112864916230307,0.8112864916230307,5,0,4,0,52,0.0142960426098373,0.0,0.45769999269396067,49
283,50,3,40.52052988679735,0.8104105977359469,0.8104105977359469,9,1,7,1,56,0.043794694354184927,154.0,0.4655999946407974,141
284,50,4,40.48644655202679,0.8097289310405358,0.8097289310405358,3,0,2,0,58,0.034083334770553364,0.0,0.47369999811053276,184
285,50,1,40.47816927078494,0.8095633854156987,0.8095633854156987,6,1,5,5,52,0.008277281241856116,1014.0,0.43750001350417733,49
286,50,3,40.46258379033814,0.8092516758067627,0.8092516758067627,9,3,6,6,56,0.01558548044680208,347.3333333333333,0.44249999336898327,141
287,50,1,40.45104691353279,0.8090209382706558,0.8090209382706558,8,1,7,6,52,0.011536876805351426,1014.0,0.43569999979808927,49
288,50,3,40.41212486550802,0.8082424973101604,0.8082424973101604,9,1,6,3,56,0.038922048024769396,414.0,0.4634999786503613,141
289,50,2,40.379807804452604,0.8075961560890521,0.8075961560890521,4,1,2,1,54,0.03231706105541399,754.0,0.41989999590441585,96
290,50,3,40.35837550611085,0.8071675101222171,0.8071675101222171,5,1,3,1,56,0.021432298341759193,474.0,0.4112999886274338,141
291,50,1,40.32143629838956,0.8064287259677911,0.8064287259677911,8,0,7,0,52,0.036939207721289335,0.0,0.4220000118948519,49
292,50,4,40.297576027325896,0.8059515205465179,0.8059515205465179,10,2,6,3,58,0.023860271063657734,184.0,0.4048999981023371,184
293,50,2,40.21126199424876,0.8042252398849752,0.8042252398849752,5,0,4,0,54,0.08631403307713015,0.0,0.4341000458225608,96
294,50,2,40.14980212585263,0.8029960425170526,0.8029960425170526,10,1,8,3,54,0.061459868396131156,414.0,0.40909997187554836,96
295,50,1,40.105497647226905,0.8021099529445381,0.8021099529445381,9,0,8,0,52,0.04430447862573672,0.0,0.42180001037195325,49
296,50,3,40.09348660459742,0.8018697320919485,0.8018697320919485,8,2,6,6,56,0.012011042629479718,404.0,0.4044999950565398,141
297,50,4,40.084052091202956,0.8016810418240591,0.8016810418240591,7,3,5,5,58,0.009434513394458222,260.6666666666667,0.4094999749213457,184
298,50,4,40.01525347047734,0.8003050694095468,0.8003050694095468,10,2,7,5,58,0.06879862072562304,284.0,0.5527999601326883,184
299,50,0,39.974356105948615,0.7994871221189723,0.7994871221189723,4,1,4,1,0,0.04089736452872472,17.0,0.02589996438473463,0
300,50,2,39.962401385306634,0.7992480277061327,0.7992480277061327,8,1,6,4,54,0.011954720641973893,714.0,0.32649998320266604,96
301,50,2,39.93417725631372,0.7986835451262744,0.7986835451262744,8,1,6,5,54,0.028224128992922815,654.0,0.47099997755140066,96
302,50,6,39.920321694589305,0.7984064338917861,0.7984064338917861,7,2,5,5,62,0.013855561724417598,264.0,0.4399000317789614,264
303,50,2,39.870792939885646,0.7974158587977129,0.7974158587977129,7,0,6,0,54,0.04952875470364759,0.0,0.484099960885942,96
304,50,2,39.86280724859317,0.7972561449718634,0.7972561449718634,2,0,1,0,54,0.007985691292473618,0.0,0.458099995739758,96
305,50,4,39.81879476064772,0.7963758952129544,0.7963758952129544,7,0,5,0,58,0.04401248794544976,0.0,0.4440000047907233,184
306,50,3,39.81102899713501,0.7962205799427002,0.7962205799427002,6,2,5,5,56,0.007765763512713519,304.0,0.44350000098347664,141
307,50,1,39.79164665605867,0.7958329331211733,0.7958329331211733,6,1,5,4,52,0.019382341076346066,1014.0,0.45689998660236597,49
308,50,0,39.692858918456686,0.7938571783691337,0.7938571783691337,5,2,5,2,0,0.09878773760198456,17.0,0.06920000305399299,0
309,50,4,39.65763890265952,0.7931527780531904,0.7931527780531904,12,3,8,6,58,0.0352200157971545,287.3333333333333,0.4165000282227993,184
310,50,2,39.614815664302455,0.7922963132860491,0.7922963132860491,9,0,7,0,54,0.04282323835706414,0.0,0.4560999805107713,96
311,50,2,39.582366500748684,0.7916473300149737,0.7916473300149737,6,1,4,2,54,0.03244916355377647,614.0,0.42619998566806316,96
312,50,0,39.47601829095867,0.7895203658191734,0.7895203658191734,6,2,6,2,0,0.10634820979001347,17.0,0.0597000471316278,0
313,50,1,39.436192749308546,0.7887238549861709,0.7887238549861709,9,0,9,0,52,0.0398255416501172,0.0,0.4706000327132642,49
314,50,3,39.41932888086981,0.7883865776173963,0.7883865776173963,10,2,8,7,56,0.016863868438736773,384.0,0.5893000052310526,141
315,50,1,39.351614056133386,0.7870322811226678,0.7870322811226678,12,0,11,0,52,0.06771482473643076,0.0,0.4504999960772693,49
316,50,0,39.21234958322816,0.7842469916645632,0.7842469916645632,9,3,9,3,0,0.13926447290521793,17.0,0.05600001895800233,0
317,50,6,39.13526808456382,0.7827053616912764,0.7827053616912764,15,4,10,6,62,0.07708149866434155,209.0,0.5054000066593289,264
318,50,4,39.08894851580134,0.7817789703160268,0.7817789703160268,15,2,12,7,58,0.04631956876247756,324.0,0.39409997407346964,184
319,50,5,39.04489907455257,0.7808979814910514,0.7808979814910514,13,3,11,8,60,0.04404944124877552,154.0,0.4000000189989805,225
320,50,1,39.032101561628586,0.7806420312325717,0.7806420312325717,11,0,10,0,52,0.01279751292398501,0.0,0.4664000007323921,49
321,50,4,38.92024526656058,0.7784049053312115,0.7784049053312115,12,0,9,0,58,0.11185629506801043,0.0,0.46140002086758614,184
322,50,3,38.89301209577875,0.777860241915575,0.777860241915575,9,3,6,6,56,0.027233170781816085,347.3333333333333,0.44999999227002263,141
323,50,1,38.880097820794596,0.7776019564158919,0.7776019564158919,5,1,5,4,52,0.012914274984158425,1014.0,0.4974000039510429,49
324,50,4,38.7984038209673,0.7759680764193461,0.7759680764193461,12,0,8,0,58,0.08169399982729253,0.0,0.4529000143520534,184
325,50,0,38.75437502212429,0.7750875004424859,0.7750875004424859,6,3,6,3,0,0.04402879884301392,17.0,0.07660000119358301,0
326,50,2,38.72676039118698,0.7745352078237395,0.7745352078237395,9,1,7,3,54,0.027614630937307538,534.0,0.46090001706033945,96
327,50,4,38.68358989416041,0.7736717978832083,0.7736717978832083,9,2,7,1,58,0.04317049702656739,284.0,0.45199994929134846,184
328,50,0,38.64666252067475,0.772933250413495,0.772933250413495,4,1,4,1,0,0.03692737348566588,17.0,0.08999998681247234,0
329,50,1,38.61723995326307,0.7723447990652614,0.7723447990652614,9,0,8,0,52,0.02942256741168059,0.0,0.5183000466786325,49
330,50,1,38.60199858093615,0.772039971618723,0.772039971618723,10,1,9,9,52,0.015241372326935121,1014.0,0.44510001316666603,49
331,50,5,38.56074790988243,0.7712149581976486,0.7712149581976486,11,1,9,4,60,0.04125067105371727,174.0,0.47689996426925063,225
332,50,2,38.54991252430711,0.7709982504861422,0.7709982504861422,10,2,8,8,54,0.010835385575315826,514.0,0.4214999498799443,96
333,50,5,38.51328900859743,0.7702657801719487,0.7702657801719487,9,3,6,5,60,0.036623515709663934,214.0,0.39359997026622295,225
334,50,2,38.4815763424831,0.7696315268496621,0.7696315268496621,9,1,7,5,54,0.031712666114341204,614.0,0.43240003287792206,96
335,50,4,38.47312729199115,0.769462545839823,0.769462545839823,6,1,5,5,58,0.008449050491954324,474.0,0.4683000151999295,184
336,50,2,38.4593574597969,0.769187149195938,0.769187149195938,5,0,4,0,54,0.013769832194244103,0.0,0.40530000114813447,96
337,50,0,38.35448796536116,0.7670897593072232,0.7670897593072232,6,1,6,1,0,0.10486949443573579,17.0,0.04740001168102026,0
338,50,4,38.30940898733066,0.7661881797466132,0.7661881797466132,7,2,5,4,58,0.0450789780304941,384.0,0.3659999929368496,184
339,50,5,38.285819116361154,0.765716382327223,0.765716382327223,10,2,7,5,58,0.02358987096950571,304.0,0.35630003549158573,225
340,50,1,38.2574661758933,0.765149323517866,0.765149323517866,7,0,6,0,52,0.028352940467865295,0.0,0.430600019171834,49
341,50,4,38.2451778012524,0.7649035560250481,0.7649035560250481,5,1,4,2,58,0.012288374640887056,234.0,0.4019000334665179,184
342,50,3,38.23833057425618,0.7647666114851236,0.7647666114851236,5,1,4,4,56,0.00684722699621787,454.0,0.4846000229008496,141
343,50,4,38.204720526259884,0.7640944105251977,0.7640944105251977,6,1,5,3,58,0.033610047996297965,294.0,0.4616000223904848,184
344,50,0,38.16842563763771,0.7633685127527542,0.7633685127527542,5,3,5,3,0,0.03629488862216412,17.0,0.06859999848529696,0
345,50,4,38.149999917925754,0.7629999983585151,0.7629999983585151,9,2,6,4,58,0.018425719711963495,234.0,0.3722000401467085,184
346,50,2,38.13773985354301,0.7627547970708602,0.7627547970708602,6,0,6,0,54,0.012260064382733304,0.0,0.4097999772056937,96
347,50,1,38.12580538882385,0.7625161077764769,0.7625161077764769,5,1,4,4,52,0.0119344647191717,1014.0,0.3947000368498266,49
348,49,3,38.067272587082414,0.7613454517416482,0.7768831140220901,8,1,5,3,56,0.05853280174143016,354.0,0.38240000139921904,141
349,49,1,38.06117790939468,0.7612235581878936,0.7767587328447894,4,1,3,3,51,0.006094677687736194,994.0,0.3664999967440963,48
350,49,6,38.03030865659122,0.7606061731318243,0.7761287480936981,12,2,7,3,61,0.03086925280346442,224.0,0.3449000068940222,258
351,49,2,38.01935741860372,0.7603871483720743,0.7759052534408923,5,1,3,2,53,0.010951237987487872,574.0,0.3638999769464135,94
352,49,3,37.996631646112085,0.7599326329222417,0.7754414621655528,6,0,5,0,55,0.022725772491638097,0.0,0.39460003608837724,138
353,49,1,37.983970972398865,0.7596794194479773,0.7751830810693644,10,1,9,9,51,0.01266067371322066,994.0,0.4172999761067331,48
354,49,4,37.94594329163074,0.7589188658326148,0.7744070059516478,10,2,9,8,57,0.038027680768115246,394.0,0.39439997635781765,180
355,49,3,37.917980166900946,0.7583596033380189,0.773836329936754,7,2,4,2,55,0.027963124729788902,284.0,0.38889999268576503,138
356,49,0,37.878860578035706,0.7575772115607141,0.7730379709803203,7,6,7,6,0,0.03911958886525113,17.0,0.05089998012408614,0
357,49,1,37.82455139674491,0.7564910279348982,0.771929620341733,9,0,8,0,51,0.054309181290788544,0.0,0.40030002128332853,48
358,49,4,37.78683650761211,0.7557367301522422,0.7711599287267777,9,1,8,6,57,0.0377148891328023,554.0,0.4420999903231859,180
359,49,3,37.7491985247123,0.7549839704942459,0.7703918066267816,7,1,5,3,55,0.03763798289979903,494.0,0.414299953263253,138
360,49,2,37.70782555617449,0.7541565111234898,0.7695474603300915,7,0,5,0,53,0.04137296853780903,0.0,0.5481999833136797,94
361,49,1,37.66839105435547,0.7533678210871093,0.7687426745786831,10,0,9,0,51,0.039434501819028966,0.0,0.521100009791553,48
362,49,1,37.658811585830954,0.7531762317166191,0.7685471752210398,6,0,5,0,51,0.009579468524515633,0.0,0.4588000010699034,48
363,49,1,37.61662648336904,0.7523325296673807,0.7676862547626334,9,0,8,0,51,0.04218510246190199,0.0,0.4768000217154622,48
364,49,3,37.591918720700725,0.7518383744140145,0.767182014708178,8,3,5,5,55,0.0247077626683172,340.6666666666667,0.4290000069886446,138
365,49,3,37.58536697019598,0.7517073394039195,0.7670483055142038,4,1,3,3,53,0.006551750504737441,614.0,0.4264999879524112,138
366,49,4,37.54814717710506,0.7509629435421011,0.7662887179001032,8,2,5,4,57,0.0372197930909266,274.0,0.42400002712383866,180
367,49,1,37.53380923737866,0.7506761847475732,0.7659961068852789,6,0,5,0,51,0.014337939726384974,0.0,0.44840003829449415,48
368,49,2,37.51948857372284,0.7503897714744567,0.7657038484433233,5,1,3,1,53,0.014320663655825072,354.0,0.42699999175965786,94
369,49,1,37.50215918988796,0.7500431837977592,0.7653501875487341,3,0,2,0,51,0.017329383834878698,0.0,0.450999999884516,48
370,49,5,37.431635946742,0.74863271893484,0.7639109376886121,8,2,4,2,59,0.07052324314596348,344.0,0.42940001003444195,220
371,49,1,37.421458290292335,0.7484291658058467,0.7637032304141295,4,1,3,3,51,0.010177656449657846,994.0,0.4369000089354813,48
372,49,5,37.4092933108011,0.7481858662160219,0.763454965526553,6,2,3,2,59,0.012164979491238626,94.0,0.41859998600557446,220
373,49,2,37.395765435331654,0.747915308706633,0.7631788864353397,2,0,1,0,53,0.013527875469437234,0.0,0.4364000051282346,94
374,49,3,37.33376228560706,0.7466752457121412,0.761913516032797,9,1,7,4,55,0.062003149724596085,534.0,0.4123999970033765,138
375,49,3,37.32144704732732,0.7464289409465463,0.7616621846393332,8,2,6,6,55,0.01231523827973291,454.0,0.3966999938711524,138
376,49,4,37.28838629686811,0.7457677259373622,0.7609874754462881,4,0,2,0,57,0.03306075045920309,0.0,0.3989000106230378,180
377,49,2,37.27279374323683,0.7454558748647366,0.7606692600660576,8,1,6,1,53,0.015592553631282868,314.0,0.39110000943765044,94
378,49,3,37.21821482909957,0.7443642965819914,0.7595554046755015,11,0,9,0,55,0.05457891413725946,0.0,0.3869999782182276,138
379,49,2,37.19752767323036,0.7439505534646073,0.7591332178210276,8,1,7,2,53,0.02068715586921499,514.0,0.407799961976707,94
380,49,4,37.18357887444952,0.7436715774889905,0.7588485484581535,9,1,7,4,57,0.013948798780834437,274.0,0.4428999964147806,180
381,49,4,37.11711900100174,0.7423423800200348,0.7574922245102395,10,1,7,1,57,0.06645987344779059,354.0,0.42729999404400587,180
382,49,1,37.10257524208226,0.7420515048416452,0.7571954131037194,4,0,3,0,51,0.014543758919471017,0.0,0.43780001578852534,48
383,49,2,37.08841610439338,0.7417683220878676,0.756906451110069,8,0,7,0,53,0.014159137688873003,0.0,0.45190000673756003,94
384,49,1,37.078527139724166,0.7415705427944833,0.7567046355045748,10,1,9,9,51,0.009888964669208633,994.0,0.43219997314736247,48
385,49,4,37.05123312634671,0.7410246625269342,0.7561476148234022,12,1,9,1,57,0.027294013377458626,174.0,0.41340000461786985,180
386,49,1,37.017700983899026,0.7403540196779805,0.7554632853856944,11,0,10,0,51,0.03353214244768132,0.0,0.4178000381216407,48
387,49,3,36.99685841843101,0.7399371683686202,0.7550379269067552,8,3,7,7,55,0.020842565468022656,340.6666666666667,0.4075999604538083,138
388,49,3,36.95721479984527,0.7391442959969053,0.7542288734662298,6,1,4,1,55,0.039643618585735396,574.0,0.4123999970033765,138
389,49,3,36.89271068852673,0.7378542137705346,0.7529124630311578,10,0,9,0,55,0.06450411131853429,0.0,0.40060002356767654,138
390,49,1,36.88247284125845,0.7376494568251689,0.7527035273726214,9,1,8,8,51,0.010237847268280476,994.0,0.3948000376112759,48
391,49,5,36.83600977734472,0.7367201955468944,0.7517553015784637,8,0,6,0,59,0.04646306391372512,0.0,0.37589995190501213,220
392,49,2,36.818800398496045,0.7363760079699209,0.7514040897652254,7,1,5,3,53,0.017209378848678014,314.0,0.40140002965927124,94
393,49,4,36.813110718690446,0.7362622143738089,0.7512879738508256,2,1,1,1,57,0.00568967980558277,494.0,0.3795999800786376,180
394,49,3,36.79723179256099,0.7359446358512198,0.7509639141338978,7,3,4,4,55,0.015878926129456516,340.6666666666667,0.3974999999627471,138
395,49,2,36.76943484857742,0.7353886969715484,0.7503966295628045,6,1,4,3,53,0.0277969439835708,574.0,0.3874999820254743,94
396,49,2,36.733857517470035,0.7346771503494007,0.7496705615810213,5,1,3,2,53,0.0355773311073726,534.0,0.3978000022470951,94
397,49,1,36.723167593304126,0.7344633518660825,0.7494523998633497,6,1,5,5,51,0.010689924165909304,994.0,0.3806999884545803,48
398,49,1,36.714470788729884,0.7342894157745977,0.7492749140557119,4,1,3,3,51,0.00869680457425126,994.0,0.3779000253416598,48
399,49,2,36.68024892824293,0.7336049785648586,0.7485765087396515,5,0,4,0,53,0.03422186048695686,0.0,0.374399998690933,94
400,49,2,36.64215227646487,0.7328430455292974,0.7477990260503035,7,1,5,4,53,0.03809665177805854,674.0,0.42779999785125256,94
401,49,4,36.627972836510644,0.7325594567302128,0.747509649724707,7,1,6,2,57,0.014179439954215667,554.0,0.4039999912492931,180
402,49,4,36.56082706990968,0.7312165413981936,0.7461393279573405,11,1,9,6,57,0.06714576660096228,574.0,0.37809996865689754,180
403,49,3,36.545293951075806,0.7309058790215162,0.7458223255321593,9,1,7,1,55,0.015533118833889858,94.0,0.39110000943765044,138
404,49,1,36.51275625680911,0.7302551251361823,0.7451582909552882,7,0,6,0,51,0.03253769426671482,0.0,0.45419996604323387,48
405,49,2,36.49604363236809,0.7299208726473618,0.7448172169871039,9,1,7,2,53,0.016712624441041157,334.0,0.457199988886714,94
406,49,0,36.420820753492,0.72841641506984,0.7432820561937143,8,5,8,5,0,0.07522287887609025,17.0,0.07660000119358301,0
407,49,1,36.406905386682936,0.7281381077336587,0.7429980691159783,9,0,8,0,51,0.013915366809087004,0.0,0.44520001392811537,48
408,49,3,36.37575099264172,0.7275150198528344,0.7423622651559535,11,1,10,5,55,0.031154394041248423,574.0,0.463999982457608,138
409,49,1,36.36632452067458,0.7273264904134916,0.7421698881770322,6,0,5,0,51,0.009426471967156402,0.0,0.43319998076185584,48
410,49,4,36.329428426173926,0.7265885685234785,0.7414169066566108,9,2,7,6,57,0.03689609450068332,294.0,0.4221999552100897,180
411,49,4,36.29124223481254,0.7258248446962509,0.7406375966288272,7,0,6,0,57,0.03818619136142232,0.0,0.4233999643474817,180
412,49,2,36.25999718276413,0.7251999436552826,0.7399999425053905,10,1,8,3,53,0.03124505204843331,554.0,0.4381999606266618,94
413,49,3,36.15937723932524,0.7231875447865047,0.7379464742719435,13,0,11,0,55,0.10061994343892522,0.0,0.44979999074712396,138
414,49,4,36.09863508844046,0.7219727017688092,0.7367068385396012,10,2,7,4,57,0.06074215088481694,364.0,0.3972999984398484,180
415,49,3,36.07773556081908,0.7215547112163816,0.7362803175677365,12,2,9,6,55,0.02089952762140257,274.0,0.41829998372122645,138
416,49,2,36.06408007220694,0.7212816014441388,0.7360016341266723,8,1,6,5,53,0.013655488612162259,714.0,0.4351999959908426,94
417,49,3,36.03742458847621,0.7207484917695243,0.7354576446627799,11,3,8,8,55,0.026655483730758434,340.6666666666667,0.39029994513839483,138
418,49,2,36.00870645582591,0.7201741291165181,0.7348715603229777,13,1,11,3,53,0.02871813265032408,354.0,0.40309998439624906,94
419,49,1,35.99494511276771,0.7198989022553541,0.7345907165870961,11,1,10,10,51,0.013761343058224185,994.0,0.38899999344721437,48
420,49,1,35.93909135162138,0.7187818270324275,0.7334508439106404,9,0,8,0,51,0.055853761146348546,0.0,0.45470002805814147,48
421,49,3,35.87459214601781,0.7174918429203562,0.7321345335922003,10,1,7,3,55,0.0644992056035889,554.0,0.4437000025063753,138
422,49,2,35.857908982058504,0.7171581796411701,0.7317940608583369,11,1,9,4,53,0.01668316395933722,254.0,0.43319998076185584,94
423,49,3,35.811784661589655,0.7162356932317931,0.7308527481957072,10,0,8,0,55,0.04612432046886816,0.0,0.4346999921835959,138
424,49,2,35.74800084489709,0.7149600168979419,0.7295510376509611,8,1,6,2,53,0.06378381669259348,254.0,0.4276999970898032,94
425,49,2,35.7085520981127,0.714171041962254,0.7287459611859732,12,1,10,7,53,0.03944874678441401,594.0,0.44919998617842793,94
426,49,1,35.698987353796,0.7139797470759199,0.7285507623223675,7,1,6,6,51,0.009564744316715945,994.0,0.43379998533055186,48
427,49,3,35.67253903093359,0.7134507806186718,0.7280110006312978,10,1,7,2,55,0.026448322862439255,474.0,0.4403999773785472,138
428,49,1,35.63395519848066,0.7126791039696133,0.7272235754791974,9,0,9,0,51,0.038583832452943057,0.0,0.4437000025063753,48
429,49,1,35.6261667223397,0.7125233344467939,0.7270646269865244,6,1,5,5,51,0.007788476140992984,994.0,0.43430004734545946,48
430,49,5,35.589712990728,0.71179425981456,0.7263206732801635,8,1,5,2,59,0.03645373161172749,194.0,0.41879998752847314,220
431,49,4,35.55191600223436,0.7110383200446871,0.7255493061680482,8,2,6,5,57,0.03779698849367641,254.0,0.38410001434385777,180
432,49,1,35.5367743588827,0.710735487177654,0.7252402930384223,7,0,6,0,51,0.015141643351677558,0.0,0.38949999725446105,48
433,49,3,35.49931255973498,0.7099862511946996,0.7244757665252035,10,2,7,6,55,0.03746179914774217,374.0,0.38139999378472567,138
434,49,1,35.493013094692,0.7098602618938401,0.7243472060141225,5,1,5,5,51,0.006299465043003494,994.0,0.3845000173896551,48
435,49,1,35.48432106096435,0.7096864212192869,0.724169817570701,7,1,6,6,51,0.008692033727680126,994.0,0.37830002838745713,48
436,49,5,35.45105106617663,0.7090210213235326,0.7234908380852374,10,3,7,5,59,0.03326999478774084,214.0,0.36120001459494233,220
437,49,3,35.43399345673656,0.7086798691347311,0.7231427236068686,10,1,9,4,55,0.017057609440104926,234.0,0.37540000630542636,138
438,49,2,35.38994359236705,0.7077988718473409,0.7222437467830009,12,1,10,6,53,0.04404986436953884,614.0,0.40060002356767654,94
439,49,5,35.338860952771704,0.7067772190554341,0.7212012439341166,14,3,11,9,59,0.05108263959537318,240.66666666666666,0.3507999936118722,220
440,49,2,35.327402082103696,0.706548041642074,0.7209673894306876,8,1,6,2,53,0.011458870668032972,514.0,0.40900002932175994,94
441,49,2,35.283813004306104,0.705676260086122,0.7200778164144103,13,1,11,5,53,0.04358907779760912,654.0,0.4034999874420464,94
442,49,4,35.24232369806962,0.7048464739613923,0.7192310958789718,13,3,11,9,57,0.04148930623652802,254.0,0.3910000086762011,180
443,49,1,35.19895966645862,0.7039791933291724,0.7183461156420127,9,0,8,0,51,0.043364031611012877,0.0,0.41340000461786985,48
444,49,3,35.14744476795029,0.7029488953590058,0.7172947911826589,11,0,9,0,55,0.05151489850835489,0.0,0.43810001807287335,138
445,49,1,35.09943977515994,0.7019887955031987,0.7163150974522436,11,0,10,0,51,0.048004992790374956,0.0,0.41969999438151717,48
446,49,3,35.05273261418127,0.7010546522836253,0.715361890085332,14,2,12,10,55,0.0467071609787002,394.0,0.3904000041075051,138
447,49,0,34.95705080931826,0.6991410161863653,0.7134092001901687,7,3,7,3,0,0.09568180486299482,17.0,0.06909994408488274,0
448,49,1,34.927559163259005,0.6985511832651801,0.7128073298624287,7,1,6,5,51,0.029491646059280896,994.0,0.4105000407435,48
449,49,1,34.89363525891932,0.6978727051783864,0.7121150052840677,8,0,7,0,51,0.03392390433970505,0.0,0.39440003456547856,48
450,49,3,34.87937219118068,0.6975874438236136,0.7118239222689935,10,3,8,8,55,0.014263067738678359,340.6666666666667,0.3989000106230378,138
451,49,0,34.808134847984405,0.6961626969596881,0.7103700989384573,8,4,8,4,0,0.07123734319626962,17.0,0.06399996345862746,0
452,49,0,34.68226225898398,0.6936452451796796,0.7078012705915099,11,5,11,5,0,0.12587258900042286,17.0,0.062400009483098984,0
453,49,3,34.66549582126381,0.6933099164252762,0.7074590983931391,11,2,8,6,55,0.016766437720184157,394.0,0.394199974834919,138
454,49,7,34.61270254071418,0.6922540508142836,0.7063816845043712,10,1,7,1,61,0.05279328054967003,94.0,0.3735999925993383,294
455,49,3,34.567634308812856,0.6913526861762571,0.7054619246696501,9,0,6,0,55,0.045068231901362665,0.0,0.3952999832108617,138
456,49,3,34.559412819433724,0.6911882563886745,0.7052941391721168,6,2,4,4,55,0.008221489379153013,324.0,0.368200009688735,138
457,49,3,34.54650290103583,0.6909300580207166,0.7050306714497108,8,2,6,6,55,0.012909918397919995,414.0,0.36890001501888037,138
458,49,8,34.5076625602782,0.6901532512055639,0.7042380114342491,7,2,4,3,65,0.03884034075767495,164.0,0.3375000087544322,328
459,49,1,34.471773348121026,0.6894354669624205,0.7035055785330822,8,0,7,0,51,0.035889212157194095,0.0,0.36609999369829893,48
460,49,0,34.41563891467283,0.6883127782934566,0.702359977850466,5,3,5,3,0,0.056134433448201904,17.0,0.08109997725114226,0
461,49,4,34.37380756209005,0.6874761512418011,0.7015062767773478,7,2,5,3,57,0.04183135258280579,244.0,0.3939999733120203,180
462,49,4,34.30236246203169,0.6860472492406338,0.7000482135108508,9,0,6,0,57,0.07144510005839066,0.0,0.43429998913779855,180
463,49,3,34.28714659182889,0.6857429318365779,0.6997376855475285,9,2,6,5,55,0.015215870202817783,384.0,0.4710000357590616,138
464,49,0,34.138502813564244,0.6827700562712848,0.6967041390523316,7,1,7,1,0,0.14864377826464903,17.0,0.07970002479851246,0
465,49,0,34.025032330137314,0.6805006466027463,0.6943884149007615,7,2,7,2,0,0.11347048342693711,17.0,0.07869995897635818,0
466,49,4,33.983951014581415,0.6796790202916283,0.6935500207057433,6,0,4,0,57,0.0410813155559282,0.0,0.4485999816097319,180
467,49,3,33.9382325354255,0.67876465070851,0.6926169905188877,9,0,7,0,55,0.04571847915594418,0.0,0.42860000394284725,138
468,49,3,33.929948995003045,0.6785989799000609,0.6924479386735314,4,0,3,0,55,0.008283540422489466,0.0,0.4404000355862081,138
469,49,3,33.8943134319433,0.677886268638866,0.6917206822845571,11,2,8,5,55,0.03563556305976334,334.0,0.41989999590441585,138
470,49,1,33.88416386394913,0.6776832772789825,0.6915135482438597,9,1,8,8,51,0.010149567994186981,994.0,0.444200006313622,48
471,49,2,33.83600429167885,0.6767200858335769,0.6905306998301806,9,0,7,0,53,0.04815957227030765,0.0,0.4399000317789614,94
472,49,4,33.79384134394334,0.6758768268788669,0.6896702315090478,10,2,7,3,57,0.04216294773553386,304.0,0.4054000019095838,180
473,49,4,33.77874680078516,0.6755749360157032,0.6893621796078604,10,3,8,8,57,0.015094543158213014,267.3333333333333,0.444800010882318,180
474,49,4,33.73929108661754,0.6747858217323508,0.6885569609513785,7,2,6,5,57,0.03945571416763727,374.0,0.3959000459872186,180
475,49,3,33.71461864202619,0.6742923728405238,0.6880534416740038,8,1,5,1,55,0.0246724445913884,294.0,0.4171000327914953,138
476,49,3,33.676305891914055,0.6735261178382811,0.6872715488145725,9,2,6,4,55,0.03831275011215851,344.0,0.39770000148564577,138
477,49,2,33.66174218689115,0.673234843737823,0.6869743303447174,8,1,6,4,53,0.014563705022929696,614.0,0.40419999277219176,94
478,49,2,33.627495966338806,0.6725499193267761,0.6862754278844656,8,1,6,5,53,0.03424622055236881,674.0,0.3907000063918531,94
479,49,0,33.55876963385364,0.6711753926770728,0.6848728496704827,5,3,5,3,0,0.0687263324851628,17.0,0.0385999446734786,0
480,49,2,33.543692543656725,0.6708738508731344,0.6845651539521781,8,1,6,4,53,0.015077090196932375,854.0,0.4425999941304326,94
481,49,3,33.51141109634898,0.6702282219269796,0.6839063489050814,6,1,5,4,55,0.032281447307770605,394.0,0.45440002577379346,138
482,49,4,33.48278979693761,0.6696557959387522,0.6833222407538286,10,2,6,3,57,0.028621299411412338,324.0,0.44130004243925214,180
483,49,1,33.44032369822623,0.6688064739645246,0.6824555856780863,9,0,8,0,51,0.04246609871139384,0.0,0.4490000428631902,48
484,49,2,33.42593232660535,0.668518646532107,0.6821618842164355,10,2,8,8,53,0.01439137162090276,504.0,0.463999982457608,94
485,49,1,33.417194765338394,0.6683438953067679,0.6819835666395591,8,1,7,7,51,0.008737561266979554,994.0,0.43019995791837573,48
486,49,3,33.352625253597054,0.6670525050719411,0.6806658215019805,11,0,8,0,55,0.06456951174137515,0.0,0.43049996020272374,138
487,49,4,33.31778088383582,0.6663556176767165,0.6799547119150168,5,1,3,2,57,0.03484436976125238,394.0,0.4070999566465616,180
488,49,3,33.28358496626399,0.6656716993252797,0.6792568360462038,9,1,7,3,55,0.034195917571853585,454.0,0.4102999810129404,138
489,49,4,33.25940442533412,0.6651880885066823,0.6787633556190636,12,3,9,9,57,0.024180540929904737,327.3333333333333,0.414599955547601,180
490,49,2,33.2447132416587,0.664894264833174,0.6784635355440551,9,2,8,8,53,0.014691183675441977,504.0,0.4086000262759626,94
491,49,3,33.189130582460706,0.6637826116492141,0.6773291955604226,12,0,10,0,55,0.055582659198016415,0.0,0.5860999808646739,138
492,49,2,33.17497494689928,0.6634994989379857,0.6770403050387609,6,1,4,2,53,0.014155635561444058,494.0,0.4183999844826758,94
493,49,1,33.16527754217947,0.6633055508435893,0.6768423988199891,8,1,7,7,51,0.009697404719837266,994.0,0.4585999995470047,48
494,49,2,33.106173486560536,0.6621234697312107,0.6756361936032764,7,0,6,0,53,0.059104055618945495,0.0,0.41009997949004173,94
495,49,1,33.094869198029045,0.6618973839605808,0.6754054938373274,4,0,3,0,51,0.01130428853151244,0.0,0.44440000783652067,48
496,49,4,33.04380015663128,0.6608760031326255,0.674363268502679,9,2,6,4,57,0.0510690413978061,334.0,0.3913000109605491,180
497,49,3,32.997817887729624,0.6599563577545925,0.6734248548516252,9,1,6,2,55,0.04598226890167112,514.0,0.3884999896399677,138
498,49,0,32.90149720978899,0.6580299441957799,0.6714591267303878,9,5,9,5,0,0.09632067794062849,17.0,0.044300046283751726,0
499,49,4,32.8837172980574,0.6576743459611479,0.6710962713889265,9,3,5,3,57,0.01777991173163329,167.33333333333334,0.3950000391341746,180
500,49,2,32.84377212810715,0.6568754425621429,0.6702810638389214,8,1,7,2,53,0.03994516995026842,414.0,0.43079996248707175,94
501,48,0,32.81458417659419,0.6562916835318837,0.6836371703457123,4,2,4,2,0,0.029187951512955834,17.0,0.09270000737160444,0
502,48,2,32.7570887986554,0.6551417759731081,0.6824393499719875,7,0,6,0,52,0.05749537793880677,0.0,0.4267999902367592,92
503,48,2,32.71992541777777,0.6543985083555555,0.6816651128703702,7,1,5,2,52,0.03716338087765081,434.0,0.43969997204840183,92
504,48,5,32.649536140666015,0.6529907228133203,0.6801986695972086,9,0,6,0,58,0.07038927711178644,0.0,0.4199999966658652,215
505,48,0,32.573058684444376,0.6514611736888876,0.6786053892592578,6,2,6,2,0,0.07647745622164592,17.0,0.07529999129474163,0
506,48,4,32.55365450414396,0.6510730900828792,0.6782011355029992,8,2,5,4,56,0.019404180300441,234.0,0.4149000160396099,176
507,48,3,32.508686804910575,0.6501737360982115,0.677264308435637,7,2,5,4,54,0.044967699233410485,374.0,0.4360000020824373,135
508,48,2,32.49350734515238,0.6498701469030476,0.6769480696906746,9,2,7,7,52,0.01517945975821533,494.0,0.43670000741258264,92
509,48,2,32.43237443308211,0.6486474886616422,0.6756744673558774,10,0,8,0,52,0.06113291207029192,0.0,0.45519997365772724,92
510,48,2,32.41018714344085,0.648203742868817,0.6752122321550177,7,1,7,3,52,0.022187289641287578,354.0,0.4372000112198293,92
511,48,4,32.368379983597364,0.6473675996719472,0.6743412496582785,8,1,5,3,56,0.0418071598435219,294.0,0.4482000367715955,176
512,48,5,32.34542957071768,0.6469085914143535,0.6738631160566183,9,1,7,4,58,0.022950412879708892,274.0,0.39980001747608185,215
513,48,1,32.337121857794195,0.6467424371558839,0.6736900387040458,6,1,5,5,50,0.00830771292350363,974.0,0.41939999209716916,47
514,48,2,32.325856055553004,0.6465171211110601,0.6734553344906876,8,2,6,6,52,0.011265802241219092,494.0,0.39760000072419643,92
515,48,1,32.31677178471754,0.6463354356943508,0.673266078848282,6,1,5,5,50,0.009084270835487018,974.0,0.4107999848201871,47
516,48,4,32.28194737211415,0.6456389474422831,0.6725405702523782,6,2,4,3,56,0.03482441260340963,304.0,0.40060002356767654,176
517,48,4,32.273236952892056,0.6454647390578411,0.672359103185251,6,2,4,4,56,0.008710419222133226,354.0,0.38410001434385777,176
518,48,2,32.25160702112496,0.6450321404224992,0.67190847960677,8,0,6,0,52,0.021629931767112254,0.0,0.417000032030046,92
519,48,1,32.24311156296858,0.6448622312593716,0.6717314908951787,5,1,4,3,50,0.008495458156403402,974.0,0.4116999916732311,47
520,48,1,32.21938975597278,0.6443877951194555,0.6712372865827662,7,1,6,5,50,0.023721806995816053,974.0,0.46519999159500003,47
521,48,2,32.21028878024303,0.6442057756048607,0.6710476829217299,5,2,4,4,52,0.009100975729765537,494.0,0.4314000252634287,92
522,48,5,32.174197509389515,0.6434839501877903,0.6702957814456149,7,1,5,2,58,0.03609127085355368,394.0,0.4406999796628952,215
523,48,1,32.138221181419254,0.642764423628385,0.6695462746129012,4,0,3,0,50,0.035976327970274724,0.0,0.4476999747566879,47
524,48,3,32.119992695267285,0.6423998539053457,0.6691665144847351,12,2,9,8,54,0.01822848615199746,394.0,0.42860000394284725,135
525,48,3,32.08233915805352,0.6416467831610704,0.6683820657927817,9,1,7,1,54,0.037653537213792276,314.0,0.4314000252634287,135
526,48,3,32.04914219578463,0.6409828439156926,0.6676904624121799,8,2,5,2,54,0.03319696226891722,374.0,0.4278999986127019,135
527,48,0,31.945381213874434,0.6389076242774887,0.6655287752890507,7,3,7,3,0,0.10376098191019523,17.0,0.06849999772384763,0
528,48,2,31.9144977948623,0.638289955897246,0.6648853707262979,6,1,4,1,52,0.030883419012159408,514.0,0.451600004453212,92
529,48,1,31.896672613185622,0.6379334522637125,0.6645140127747005,7,0,6,0,50,0.017825181676695223,0.0,0.43159996857866645,47
530,48,1,31.863782389563173,0.6372756477912634,0.6638287997825661,3,0,2,0,50,0.03289022362246641,0.0,0.4151000175625086,47
531,48,3,31.82831517282261,0.6365663034564522,0.6630898994338044,7,1,5,2,54,0.03546721674059228,214.0,0.40439999429509044,135
532,48,1,31.8209383791749,0.636418767583498,0.6629362162328104,5,1,5,5,50,0.007376793647726032,974.0,0.4344999906606972,47
533,48,3,31.77834469117266,0.6355668938234532,0.6620488477327636,9,1,6,3,54,0.04259368800227037,334.0,0.41830004192888737,135
534,48,3,31.73406201806368,0.6346812403612736,0.6611262920429932,9,0,7,0,54,0.0442826731090058,0.0,0.4045999958179891,135
535,48,2,31.69888238581132,0.6339776477162264,0.6603933830377359,11,1,9,3,52,0.03517963225237608,374.0,0.4200999974273145,92
536,48,4,31.685861300484866,0.6337172260096974,0.6601221104267682,5,1,4,3,56,0.013021085326485604,414.0,0.388299988117069,176
537,48,3,31.670660721211792,0.6334132144242358,0.6598054316919123,9,1,8,5,54,0.015200579273098924,374.0,0.39080000715330243,135
538,48,3,31.642715365460795,0.6328543073092159,0.6592232367804333,3,0,2,0,54,0.027945355751022305,0.0,0.3816999960690737,135
539,48,4,31.605085758211054,0.6321017151642211,0.658439286629397,7,1,5,2,56,0.037629607249773045,234.0,0.3694999613799155,176
540,48,3,31.549094308443955,0.6309818861688791,0.6572727980925824,4,0,3,0,54,0.05599144976712367,0.0,0.44439994962885976,135
541,48,4,31.494008550831126,0.6298801710166225,0.656125178142315,9,1,6,2,56,0.055085757612861386,314.0,0.4192999913357198,176
542,48,2,31.447608771078816,0.6289521754215763,0.6551585160641419,8,0,6,0,52,0.04639977975233478,0.0,0.42619998566806316,92
543,48,3,31.420794174963344,0.6284158834992669,0.6545998786450696,10,2,7,4,54,0.026814596115496414,354.0,0.4237999673932791,135
544,48,2,31.374431301832622,0.6274886260366525,0.6536339854548463,5,0,4,0,52,0.0463628731307395,0.0,0.42449997272342443,92
545,48,5,31.346795244724333,0.6269359048944867,0.6530582342650902,7,2,4,3,58,0.027636057108317402,174.0,0.40740001713857055,215
546,48,2,31.311758024467284,0.6262351604893457,0.6523282921764016,6,0,5,0,52,0.03503722025707745,0.0,0.4126999992877245,92
547,48,1,31.290667498639532,0.6258133499727907,0.651888906221657,10,0,9,0,50,0.021090525827769824,0.0,0.4344999906606972,47
548,48,5,31.27586831163671,0.6255173662327342,0.6515805898257647,8,2,5,4,58,0.01479918700285765,204.0,0.4172999761067331,215
549,48,4,31.25813083329788,0.6251626166659576,0.6512110590270391,9,3,6,6,56,0.017737478338858637,274.0,0.4212000058032572,176
550,48,4,31.24415458493687,0.6248830916987373,0.6509198871861849,8,1,7,3,56,0.01397624836103617,394.0,0.41149999015033245,176
551,48,2,31.232583320102613,0.6246516664020523,0.6506788191688043,8,2,6,6,52,0.011571264834284278,494.0,0.4200999974273145,92
552,48,1,31.196932057392093,0.6239386411478418,0.649936084529002,4,0,4,0,50,0.03565126271053032,0.0,0.4197999951429665,47
553,48,2,31.18901979321893,0.6237803958643786,0.6497712456920609,6,2,5,5,52,0.007912264173189243,494.0,0.39820000529289246,92
554,48,0,31.085204408821088,0.6217040881764218,0.6476084251837727,9,5,9,5,0,0.10381538439783711,17.0,0.04700000863522291,0
555,48,2,31.074922778425414,0.6214984555685082,0.6473942245505294,7,2,5,5,52,0.010281630395702734,494.0,0.4093999741598964,92
556,48,2,31.062092713144718,0.6212418542628944,0.6471269315238484,8,2,6,5,52,0.012830065280709846,494.0,0.3882000455632806,92
557,48,1,31.025856527143116,0.6205171305428623,0.6463720109821484,4,0,3,0,50,0.03623618600161649,0.0,0.42269995901733637,47
558,48,2,30.99595833594913,0.6199191667189826,0.6457491319989401,11,1,9,4,52,0.0298981911940146,574.0,0.40359998820349574,92
559,48,1,30.973057301750995,0.6194611460350199,0.6452720271198125,8,0,8,0,50,0.02290103419814926,0.0,0.39330002618953586,47
560,48,2,30.94372676713497,0.6188745353426994,0.6446609743153117,7,1,5,3,52,0.029330534616057946,654.0,0.410200038459152,92
561,48,0,30.845463428932547,0.6169092685786509,0.6426138214360947,6,2,6,2,0,0.09826333820241473,17.0,0.08359999628737569,0
562,48,3,30.825773213207512,0.6165154642641503,0.6422036086084898,7,1,5,2,54,0.019690215725056248,234.0,0.4257999826222658,135
563,48,3,30.786610974246237,0.6157322194849247,0.64138772863013,6,1,4,1,54,0.039162238961296225,174.0,0.4069999558851123,135
564,48,2,30.764720498007364,0.6152944099601473,0.6409316770418201,7,1,5,2,52,0.02189047623889806,534.0,0.4048999981023371,92
565,48,1,30.722636054205427,0.6144527210841085,0.6400549177959464,8,0,7,0,50,0.04208444380195786,0.0,0.39220001781359315,47
566,48,2,30.689854618756616,0.6137970923751324,0.6393719712240961,8,1,6,3,52,0.0327814354488325,694.0,0.43289997847750783,92
567,48,3,30.64257898691674,0.6128515797383348,0.638387062227432,8,0,7,0,54,0.047275631839905685,0.0,0.4548000288195908,135
568,48,4,30.602611860820144,0.6120522372164029,0.6375544137670862,9,1,6,2,56,0.039967126096627226,274.0,0.39519998244941235,176
569,48,2,30.59039068071634,0.6118078136143268,0.6372998058482571,7,1,5,3,52,0.012221180103818341,274.0,0.4246999742463231,92
570,48,1,30.55462907045458,0.6110925814090916,0.636554772301137,5,0,4,0,50,0.03576161026177971,0.0,0.4175999783910811,47
571,48,5,30.543347059456448,0.610866941189129,0.6363197304053426,6,2,5,5,58,0.011282010998161951,204.0,0.43559999903663993,215
572,48,4,30.526717591543914,0.6105343518308782,0.6359732831571648,2,0,1,0,56,0.016629467912562035,0.0,0.3816999960690737,176
573,48,2,30.511639973931615,0.6102327994786323,0.6356591661235754,6,1,5,4,52,0.015077617612320182,294.0,0.42500003473833203,92
574,48,2,30.502594499812464,0.6100518899962493,0.635470718746093,6,1,5,5,52,0.009045474119179886,774.0,0.41500001680105925,92
575,48,0,30.45100129529577,0.6090200259059154,0.6343958603186618,4,2,4,2,0,0.05159320451669558,17.0,0.056299963034689426,0
576,48,2,30.443456031584898,0.608869120631698,0.6342386673246853,4,1,3,2,52,0.007545263710895256,534.0,0.41199999395757914,92
577,48,4,30.41163825526701,0.6082327651053402,0.6335757969847293,6,1,4,1,56,0.03181777631791505,194.0,0.4039999912492931,176
578,48,5,30.39135721121539,0.6078271442243078,0.6331532752336541,7,3,5,5,58,0.02028104405165365,167.33333333333334,0.3795999800786376,215
579,47,1,30.379648208812227,0.6075929641762445,0.6463754938045154,6,1,5,4,50,0.011709002403176072,974.0,0.38539996603503823,47
580,46,0,30.351705264670233,0.6070341052934046,0.659819679666744,5,3,5,3,0,0.027942944141997828,17.0,0.0887999776750803,0
581,45,7,30.31104837926108,0.6062209675852216,0.6735788528724684,8,3,6,5,60,0.040656885409191545,140.66666666666666,0.5923000280745327,273
582,45,2,30.29376172639247,0.6058752345278494,0.6731947050309437,6,2,4,3,49,0.017286652868627073,464.0,0.4045999958179891,86
583,45,1,30.256206344302058,0.6051241268860411,0.6723601409844902,7,0,6,0,47,0.03755538209042797,0.0,0.4466000245884061,44
584,45,0,30.194430236949966,0.6038886047389993,0.6709873385988882,6,3,6,3,0,0.061776107352091714,17.0,0.08430000161752105,0
585,45,4,30.180722436863903,0.6036144487372781,0.6706827208191979,6,1,4,2,53,0.013707800086088184,314.0,0.3963999915868044,164
586,45,3,30.133959002442158,0.6026791800488431,0.6696435333876035,4,0,2,0,51,0.046763434421777106,0.0,0.46519999159500003,126
587,45,3,30.12119975472492,0.6024239950944984,0.6693599945494427,8,1,6,2,51,0.012759247717259115,194.0,0.4163000266999006,126
588,45,4,30.089682215953143,0.6017936443190629,0.6686596047989587,9,2,6,4,53,0.031517538771804965,254.0,0.32709998777136207,164
589,45,0,30.024147479193587,0.6004829495838717,0.6672032773154131,9,5,9,5,0,0.06553473675955956,17.0,0.056100019719451666,0
590,45,3,30.012450443658025,0.6002490088731605,0.6669433431924006,8,1,6,2,51,0.011697035535590317,214.0,0.35119999665766954,126
591,45,3,29.981415145295937,0.5996283029059187,0.6662536698954653,8,2,5,3,51,0.03103529836211294,364.0,0.2816000487655401,126
592,45,2,29.961350667745315,0.5992270133549062,0.6658077926165625,8,1,7,2,49,0.020064477550644,334.0,0.2109999768435955,86
593,45,2,29.952363932991737,0.5990472786598348,0.6656080873998164,6,2,5,5,49,0.008986734753602121,464.0,0.2093000221066177,86
594,45,2,29.91591366904717,0.5983182733809435,0.6647980815343816,6,0,5,0,49,0.036450263944580286,0.0,0.3704000264406204,86
595,45,2,29.89536023005641,0.5979072046011282,0.6643413384456981,7,0,6,0,49,0.02055343899077755,0.0,0.3931000246666372,86
596,45,3,29.882719526910968,0.5976543905382193,0.6640604339313548,6,1,4,3,51,0.01264070314546828,514.0,0.36529998760670424,126
597,45,1,29.86141520226887,0.5972283040453774,0.6635870044948637,9,1,8,7,47,0.021304324642116512,914.0,0.4694000235758722,44
598,45,0,29.80938216202647,0.5961876432405294,0.6624307147116993,6,4,6,4,0,0.05203304024239941,17.0,0.04480005009099841,0
599,45,4,29.758487046665053,0.5951697409333011,0.6612997121481123,12,2,8,6,53,0.05089511536144542,334.0,0.37999998312443495,164
600,45,1,29.73846388364716,0.5947692776729432,0.6608547529699368,7,1,6,5,47,0.02002316301791396,914.0,0.4298999556340277,44
601,44,2,29.71415786429932,0.5942831572859864,0.6753217696431664,8,0,6,0,49,0.024306019347850594,0.0,0.44059997890144587,86
602,44,5,29.689831671861292,0.5937966334372259,0.6747689016332111,10,4,7,7,54,0.024326192438056893,204.0,0.38410001434385777,195
603,44,2,29.682677411142492,0.5936535482228499,0.674606304798693,6,2,5,5,48,0.007154260718827743,454.0,0.41229999624192715,84
604,44,2,29.636862336880363,0.5927372467376073,0.6735650531109174,7,0,6,0,48,0.04581507426214415,0.0,0.4057000041939318,84
605,44,4,29.62101002796561,0.5924202005593122,0.6732047733628547,9,1,8,3,52,0.015852308914784174,274.0,0.3793999785557389,160
606,44,1,29.604178460017305,0.5920835692003461,0.672822237727666,12,0,11,0,46,0.016831567948319304,0.0,0.4065000102855265,43
607,44,1,29.57545515877568,0.5915091031755135,0.6721694354267199,9,1,8,7,46,0.028723301241647903,894.0,0.4116999916732311,43
608,44,0,29.56493510704289,0.5912987021408578,0.671930343341884,6,6,6,6,0,0.010520051732790137,17.0,0.06479996955022216,0
609,44,7,29.53266374546004,0.5906532749092008,0.6711969033059101,11,2,8,7,56,0.032271361582886016,324.0,0.35310001112520695,259
610,44,2,29.514910339029502,0.5902982067805901,0.670793416796125,9,1,7,6,48,0.01775340643055756,674.0,0.38869999116286635,84
611,44,1,29.506212733419552,0.590124254668391,0.6705957439413535,7,1,6,6,46,0.008697605609974346,894.0,0.39080000715330243,43
612,44,2,29.499376279725464,0.5899875255945093,0.6704403699937606,4,1,4,4,48,0.006836453694106126,774.0,0.3793999785557389,84
613,44,2,29.48610357677523,0.5897220715355046,0.6701387176539824,6,1,4,2,48,0.013272702950256843,234.0,0.4013999714516103,84
614,44,4,29.474529246888054,0.5894905849377611,0.6698756647020011,8,2,6,6,52,0.011574329887203305,334.0,0.380899989977479,160
615,44,2,29.46326877495495,0.5892653754990991,0.6696197448853398,6,1,5,2,48,0.011260471933123739,334.0,0.4002000205218792,84
616,44,1,29.45725372745499,0.5891450745490998,0.6694830392603407,4,1,3,3,46,0.006015047499971615,894.0,0.38620003033429384,43
617,44,0,29.449405936406688,0.5889881187281337,0.6693046803728792,4,3,4,3,0,0.007847791048305908,17.0,0.04379998426884413,0
618,44,4,29.43834764278045,0.588766952855609,0.6690533555177376,6,2,4,4,52,0.011058293626263094,174.0,0.3475999692454934,160
619,44,2,29.408259359006923,0.5881651871801384,0.668369530886521,7,1,5,4,48,0.030088283773544333,594.0,0.37109997356310487,84
620,44,1,29.360913267635492,0.5872182653527098,0.6672934833553521,7,0,6,0,46,0.04734609137144474,0.0,0.42159995064139366,43
621,44,0,29.345966062203612,0.5869193212440722,0.6669537741409911,5,4,5,4,0,0.014947205431880661,17.0,0.07879995973780751,0
622,44,1,29.334143885637012,0.5866828777127402,0.666685088309932,5,1,4,4,46,0.01182217656661777,894.0,0.41040003998205066,43
623,44,1,29.32575920710466,0.5865151841420932,0.6664945274341968,8,1,7,7,46,0.00838467853236935,894.0,0.42340002255514264,43
624,44,2,29.317523444653617,0.5863504688930723,0.6663073510148548,9,1,8,8,48,0.008235762451068496,574.0,0.4141000099480152,84
625,44,4,29.305859116990298,0.5861171823398059,0.6660422526588705,7,2,5,3,52,0.011664327663336138,224.0,0.38349995156750083,160
626,44,1,29.292968456165344,0.5858593691233068,0.6657492830946669,9,0,8,0,46,0.012890660824975697,0.0,0.41229999624192715,43
627,44,2,29.239578749391438,0.5847915749878287,0.6645358806679873,6,0,4,0,48,0.05338970677392041,0.0,0.41580002289265394,84
628,44,4,29.22566832699676,0.5845133665399352,0.6642197347044718,8,3,5,4,52,0.013910422394708633,220.66666666666666,0.37299998803064227,160
629,44,1,29.196343892219364,0.5839268778443872,0.6635532702777128,8,0,7,0,46,0.029324434777414865,0.0,0.40820002323016524,43
630,44,4,29.18249244772376,0.5836498489544752,0.6632384647209946,10,2,8,8,52,0.013851444495632137,364.0,0.39110000943765044,160
631,44,2,29.1223132983788,0.582446265967576,0.6618707567813363,9,0,7,0,48,0.06017914934497881,0.0,0.44819997856393456,84
632,44,2,29.08594459715525,0.581718891943105,0.6610441953898921,10,1,8,7,48,0.03636870122356939,674.0,0.42890000622719526,84
633,44,5,29.075844217722967,0.5815168843544594,0.6608146413118857,7,3,6,6,52,0.010100379432312678,280.6666666666667,0.3701000241562724,195
634,44,3,29.042507554941626,0.5808501510988325,0.6600569898850369,8,1,7,5,50,0.0333366627813696,554.0,0.388599990401417,123
635,44,2,29.02261217859069,0.5804522435718138,0.6596048222406975,9,0,7,0,48,0.01989537635095573,0.0,0.3850000211969018,84
636,44,0,28.98529025217836,0.5797058050435672,0.6587565966404173,7,4,7,4,0,0.037321926412328565,17.0,0.045900000259280205,0
637,44,3,28.97164864265477,0.5794329728530954,0.6584465600603358,11,2,8,4,50,0.01364160952360649,314.0,0.3637999761849642,123
638,44,4,28.92700080077187,0.5785400160154375,0.6574318363811789,9,0,7,0,52,0.04464784188292015,0.0,0.3643000381998718,160
639,44,2,28.91889088594188,0.5783778177188377,0.6572475201350427,6,2,4,4,48,0.008109914830015441,454.0,0.35200000274926424,84
640,44,5,28.90665737849624,0.5781331475699248,0.6569694858749147,7,2,5,5,52,0.012233507445671421,374.0,0.39170001400634646,195
641,44,1,28.872384702394797,0.577447694047896,0.6561905614180635,7,0,6,0,46,0.03427267610146245,0.0,0.4112999886274338,43
642,44,2,28.832469055739285,0.5766493811147857,0.6552833876304383,7,0,5,0,48,0.03991564665552971,0.0,0.3916000132448971,84
643,44,2,28.826736700727903,0.576534734014558,0.655153106834725,3,1,2,2,48,0.005732355011407009,614.0,0.40520000038668513,84
644,44,7,28.81516220119822,0.5763032440239644,0.6548900500272323,6,3,3,3,58,0.011574499529714899,154.0,0.37260004319250584,259
645,44,1,28.808864474367063,0.5761772894873413,0.6547469198719787,3,1,2,2,46,0.006297726831171246,894.0,0.38919999497011304,43
646,44,1,28.80047523245934,0.5760095046491869,0.6545562552831669,4,1,3,3,46,0.00838924190774648,894.0,0.3913000109605491,43
647,44,2,28.766198948140733,0.5753239789628146,0.6537772488213804,6,0,4,0,48,0.03427628431862573,0.0,0.44840003829449415,84
648,44,4,28.72633936578754,0.5745267873157508,0.652871349222444,7,1,4,2,52,0.03985958235322684,294.0,0.367600005120039,160
649,44,1,28.695256817888048,0.573905136357761,0.6521649276792739,7,0,6,0,46,0.031082547899501378,0.0,0.382099999114871,43
650,44,3,28.668855428144063,0.5733771085628813,0.6515648960941832,8,1,5,1,50,0.026401389744016512,174.0,0.3686999552883208,123
651,44,1,28.657556168598145,0.573151123371963,0.6513080947408669,6,0,5,0,46,0.011299259545932472,0.0,0.36369997542351484,43
652,44,1,28.651005027916298,0.573020100558326,0.6511592051799158,5,1,4,4,46,0.006551140681864354,894.0,0.3848000196740031,43
653,44,2,28.644051644753308,0.5728810328950662,0.6510011737443933,4,2,3,3,48,0.006953383163008198,454.0,0.3738999948836863,84
654,44,0,28.593040584517475,0.5718608116903495,0.6498418314663063,8,5,8,5,0,0.051011060235829575,17.0,0.0515999854542315,0
655,44,4,28.57128167985849,0.5714256335971698,0.6493473109058748,8,2,5,4,52,0.02175890465901631,264.0,0.34980004420503974,160
656,44,1,28.560378719361186,0.5712075743872237,0.6490995163491179,4,1,3,3,46,0.010902960497318759,894.0,0.3687000134959817,43
657,44,3,28.530756076150336,0.5706151215230068,0.6484262744579622,8,1,7,5,50,0.029622643210871047,434.0,0.3529000096023083,123
658,44,2,28.519087831400267,0.5703817566280054,0.6481610870772788,8,2,7,7,48,0.011668244750097756,454.0,0.34690002212300897,84
659,44,1,28.50669107306868,0.5701338214613736,0.6478793425697428,10,1,9,8,46,0.012396758331600921,894.0,0.3619000199250877,43
660,44,1,28.4813721238956,0.569627442477912,0.6473039119067181,7,1,6,5,46,0.025318949173094296,894.0,0.4255000385455787,43
661,44,1,28.46194759955004,0.5692389519910008,0.646862445444319,10,1,10,9,46,0.019424524345581062,894.0,0.5169999785721302,43
662,44,1,28.42854865700223,0.5685709731400447,0.6461033785682326,10,0,9,0,46,0.033398942547815835,0.0,0.4361000028438866,43
663,44,3,28.418017605106126,0.5683603521021225,0.6458640364796847,9,3,7,7,50,0.010531051896133903,307.3333333333333,0.41099998634308577,123
664,44,2,28.384525143302383,0.5676905028660477,0.6451028441659631,7,1,5,4,48,0.03349246180377108,694.0,0.4351999959908426,84
665,44,5,28.372715733727933,0.5674543146745586,0.6448344484938167,5,2,3,3,54,0.011809409574478735,204.0,0.37570000858977437,195
666,44,1,28.33169414126531,0.5666338828253061,0.6439021395742116,5,0,4,0,46,0.041021592462627154,0.0,0.4116999916732311,43
667,44,1,28.31881853392566,0.5663763706785132,0.6436095121346741,5,0,4,0,46,0.012875607339672968,0.0,0.40520000038668513,43
668,44,1,28.31190083893083,0.5662380167786165,0.6434522917938824,7,1,6,6,46,0.0069176949948506206,894.0,0.41849998524412513,43
669,44,4,28.286055610659492,0.5657211122131899,0.6428649002422612,11,4,7,7,52,0.02584522827136837,234.0,0.39359997026622295,160
670,44,2,28.278640042548755,0.565572800850975,0.6426963646033808,4,1,3,3,48,0.007415568110754833,834.0,0.38490002043545246,84
671,44,4,28.257419169326894,0.5651483833865378,0.6422140720301568,9,0,8,0,52,0.02122087322188193,0.0,0.3839000128209591,160
672,44,3,28.216145302554278,0.5643229060510856,0.6412760296035062,9,1,6,4,50,0.04127386677264866,514.0,0.3766000154428184,123
673,44,1,28.186775154818626,0.5637355030963725,0.6406085262458778,6,0,5,0,46,0.02937014773565494,0.0,0.3913000109605491,43
674,44,3,28.14369453594147,0.5628738907188294,0.6396294212713971,9,0,6,0,50,0.0430806188771804,0.0,0.38870004937052727,123
675,44,2,28.137780354957272,0.5627556070991454,0.6394950080672107,2,1,2,2,48,0.005914180984220252,574.0,0.38460001815110445,84
676,44,3,28.12607532781807,0.5625215065563615,0.639228984723138,2,0,1,0,50,0.01170502713921806,0.0,0.36449998151510954,123
677,44,2,28.106270388510016,0.5621254077702003,0.6387788724661368,8,1,6,2,48,0.019804939308080804,414.0,0.3766000154428184,84
678,44,1,28.10048943702454,0.5620097887404908,0.6386474872051032,3,1,2,2,46,0.005780951485498065,894.0,0.3589999978430569,43
679,44,3,28.088132997482433,0.5617626599496487,0.6383666590336917,7,2,5,5,50,0.01235643954213117,394.0,0.3943000338040292,123
680,44,2,28.06606604482867,0.5613213208965734,0.6378651373824699,7,2,5,3,48,0.022066952653784,454.0,0.3928999649360776,84
681,44,2,28.054837106672874,0.5610967421334575,0.6376099342425653,6,1,5,4,48,0.011228938155817048,634.0,0.4072000156156719,84
682,44,2,28.02026396541834,0.5604052793083668,0.6368241810322349,4,0,2,0,48,0.03457314125455113,0.0,0.39599998854100704,84
683,44,2,28.01380555837929,0.5602761111675858,0.6366773990540748,4,1,3,3,48,0.006458407039069414,614.0,0.4072000156156719,84
684,44,3,27.99486129456126,0.5598972258912253,0.6362468476036649,7,1,5,2,50,0.018944263818049478,314.0,0.3846999607048929,123
685,44,3,27.970886391417014,0.5594177278283403,0.6357019634412957,11,3,8,8,50,0.02397490314427131,307.3333333333333,0.4064999520778656,123
686,44,2,27.961366323755854,0.5592273264751171,0.6354855982671785,7,1,6,6,48,0.009520067661178189,814.0,0.3774999640882015,84
687,44,4,27.907511346415102,0.5581502269283021,0.6342616215094342,12,1,9,1,52,0.053854977340783705,174.0,0.41010003769770265,160
688,44,4,27.87708342251347,0.5575416684502694,0.633570077784397,4,1,3,2,52,0.030427923901662268,354.0,0.3823000006377697,160
689,44,1,27.86087696794597,0.5572175393589194,0.6332017492714994,6,1,5,4,46,0.016206454567512907,894.0,0.3974999999627471,43
690,44,4,27.845662630446235,0.5569132526089247,0.6328559688737779,6,2,3,2,52,0.015214337499756425,204.0,0.3576000453904271,160
691,44,2,27.83522039172035,0.556704407834407,0.6326186452663716,7,1,6,2,48,0.010442238725904218,314.0,0.37209998117759824,84
692,44,2,27.812350468708733,0.5562470093741747,0.6320988742888347,9,0,7,0,48,0.022869923011647586,0.0,0.368200009688735,84
693,44,0,27.76925171695779,0.5553850343391558,0.6311193572035861,5,3,5,3,0,0.04309875175093936,17.0,0.050099974032491446,0
694,44,1,27.76216267143062,0.5552432534286124,0.6309582425325141,5,1,4,4,46,0.007089045527191473,894.0,0.3679999499581754,43
695,44,4,27.736165467077985,0.5547233093415597,0.6303673969790451,8,2,5,4,52,0.02599720435265951,294.0,0.35960000241175294,160
696,44,1,27.72760071899323,0.5545520143798646,0.6301727436134825,7,1,6,6,46,0.008564748084772589,894.0,0.3581999917514622,43
697,44,3,27.718639428836074,0.5543727885767215,0.6299690779280926,7,1,7,7,50,0.008961290157181168,554.0,0.3819999983534217,123
698,44,1,27.707679677248596,0.554153593544972,0.629719992664741,12,1,11,11,46,0.010959751587495958,894.0,0.3787999739870429,43
699,44,1,27.69940886426104,0.5539881772852209,0.6295320196422964,7,1,6,6,46,0.008270812987568377,894.0,0.37540000630542636,43
700,44,2,27.6589791902492,0.553179583804984,0.6286131634147547,9,0,7,0,48,0.04042967401186459,0.0,0.39000000106170774,84
701,44,1,27.612652607961486,0.5522530521592297,0.6275602865445794,6,0,5,0,46,0.046326582287726126,0.0,0.4105999832972884,43
702,44,2,27.605048784008307,0.5521009756801661,0.6273874723638252,6,1,5,5,48,0.007603823953203914,694.0,0.39379997178912163,84
703,44,2,27.57214754365802,0.5514429508731604,0.6266397169013186,6,1,4,2,48,0.03290124035031283,494.0,0.4217000096105039,84
704,44,4,27.55162908554339,0.5510325817108678,0.6261733883078042,9,1,6,3,52,0.02051845811465114,314.0,0.3971999976783991,160
705,44,5,27.539693927844972,0.5507938785568994,0.6259021347237494,10,4,6,6,52,0.01193515769845277,229.0,0.3774000215344131,195
706,44,0,27.496346474884536,0.5499269294976907,0.6249169653382849,5,2,5,2,0,0.04334745296043252,17.0,0.0733000342734158,0
707,44,2,27.467950459000768,0.5493590091800153,0.6242716013409265,7,0,6,0,48,0.028396015883782155,0.0,0.3841999568976462,84
708,44,2,27.458947889665296,0.5491789577933059,0.6240669974923931,5,1,4,4,46,0.009002569335500255,874.0,0.3825000021606684,84
709,44,2,27.444396117648388,0.5488879223529678,0.6237362754010998,7,1,6,5,48,0.014551772016925923,754.0,0.3776999656111002,84
710,44,3,27.41274239697992,0.5482548479395983,0.6230168726586345,6,2,3,2,50,0.031653720668494145,354.0,0.40980003541335464,123
711,44,1,27.400073623960857,0.5480014724792172,0.6227289459991104,8,1,7,6,46,0.012668773019072432,894.0,0.36310002906247973,43
712,44,3,27.378572027425665,0.5475714405485133,0.6222402733505833,10,3,8,8,50,0.02150159653521655,307.3333333333333,0.37160003557801247,123
713,44,3,27.350966515234386,0.5470193303046877,0.6216128753462361,6,0,5,0,50,0.027605512191300363,0.0,0.33930002246052027,123
714,44,2,27.298572459294462,0.5459714491858892,0.6204221013476015,10,0,8,0,48,0.052394055939942064,0.0,0.35119999665766954,84
715,44,3,27.282746974133673,0.5456549394826734,0.6200624312303108,10,1,10,5,50,0.01582548516081772,314.0,0.3389000194147229,123
716,44,4,27.26899179952963,0.5453798359905926,0.6197498136256734,10,2,10,10,52,0.013755174604071385,354.0,0.34639996010810137,160
717,44,1,27.25620398532197,0.5451240797064394,0.6194591814845902,10,1,9,9,46,0.012787814207683823,894.0,0.3417999832890928,43
718,44,1,27.24740794785338,0.5449481589570676,0.6192592715421222,7,0,6,0,46,0.008796037468606244,0.0,0.3598000039346516,43
719,44,1,27.237711587467356,0.5447542317493471,0.6190388997151671,8,1,7,7,46,0.009696360386040936,894.0,0.3493999829515815,43
720,44,1,27.18488722463631,0.5436977444927262,0.6178383460144615,10,0,9,0,46,0.05282436283105696,0.0,0.38979999953880906,43
721,44,3,27.164939890774413,0.5432987978154883,0.6173849975176002,11,2,8,6,50,0.01994733386192138,274.0,0.3763999557122588,123
722,43,5,27.116649507086194,0.5423329901417239,0.6306197559787488,9,2,5,3,54,0.04829038368824712,184.0,0.3445000038482249,195
723,43,0,27.03339290268846,0.5406678580537692,0.6286835558764757,7,3,7,3,0,0.0832566043977252,17.0,0.07120001828297973,0
724,43,1,27.023126751584165,0.5404625350316833,0.6284448081763759,10,1,9,9,45,0.010266151104314503,874.0,0.36780000664293766,42
725,43,2,27.00776317391491,0.5401552634782982,0.6280875156724398,6,1,5,5,47,0.015363577669273099,834.0,0.5102999857626855,82
726,43,4,26.96912331943007,0.5393824663886014,0.6271889144053505,10,2,6,3,51,0.038639854484870284,204.0,0.3956000437028706,156
727,43,3,26.953302183292248,0.539066043665845,0.6268209810067964,8,0,8,0,49,0.015821136137841307,0.0,0.39930001366883516,120
728,43,2,26.941385610270554,0.538827712205411,0.6265438514016407,5,1,4,4,47,0.011916573021718335,514.0,0.3865999751724303,82
729,43,1,26.93674305975292,0.5387348611950584,0.626435885110533,2,1,1,1,45,0.004642550517644395,874.0,0.3877999843098223,42
730,43,3,26.919483541018987,0.5383896708203797,0.62603450095393,11,3,8,8,49,0.017259518733958146,300.6666666666667,0.37460000021383166,120
731,42,4,26.904115654374483,0.5380823130874897,0.6405741822470115,10,3,7,6,51,0.015367886644533257,227.33333333333334,0.3649999853223562,156
732,42,2,26.859029399556796,0.5371805879911359,0.6395006999894475,10,0,9,0,46,0.04508625481770423,0.0,0.3798999823629856,80
733,42,0,26.81846086259522,0.5363692172519045,0.6385347824427434,7,5,7,5,0,0.04056853696157603,17.0,0.05050003528594971,0
734,42,1,26.806894283868655,0.5361378856773731,0.6382593877111583,7,1,6,6,44,0.011566578726583288,854.0,0.38730003871023655,41
735,42,1,26.795031055361953,0.535900621107239,0.6379769298895703,7,1,6,4,44,0.011863228506719281,854.0,0.3703000256791711,41
736,42,3,26.77493505700138,0.5354987011400276,0.6374984537381282,8,2,5,4,48,0.0200959983605955,374.0,0.3586999955587089,117
737,42,3,26.73630729802858,0.5347261459605717,0.6365787451911566,6,1,4,2,48,0.03862775897282944,414.0,0.36580004962161183,117
738,42,3,26.71380361962144,0.5342760723924288,0.63604294332432,5,0,3,0,48,0.02250367840715839,0.0,0.35089999437332153,117
739,42,2,26.69937811007803,0.5339875622015606,0.6356994788113817,5,1,3,1,46,0.014425509543436021,374.0,0.36210002144798636,80
740,42,3,26.642101503349373,0.5328420300669875,0.6343357500797469,10,0,7,0,48,0.057276606728674295,0.0,0.39930001366883516,117
741,42,2,26.584937391069765,0.5316987478213953,0.6329746997873753,8,0,6,0,46,0.05716411227962226,0.0,0.42560003930702806,80
742,42,7,26.542701138829898,0.530854022776598,0.6319690747340451,13,5,7,6,56,0.04223625223990979,150.0,0.3301000106148422,245
743,42,2,26.52305809265677,0.5304611618531354,0.6315013831584945,7,1,5,3,46,0.01964304617314383,634.0,0.3654999891296029,80
744,42,2,26.507772937761068,0.5301554587552214,0.6311374508990731,5,0,3,0,46,0.015285154895721575,0.0,0.3573999856598675,80
745,42,0,26.454862150852613,0.5290972430170523,0.6298776702583956,5,2,5,2,0,0.05291078690845552,17.0,0.07780001033097506,0
746,42,1,26.44749739157845,0.528949947831569,0.629702318847106,7,1,6,6,44,0.0073647592741750145,854.0,0.3622999647632241,41
747,42,4,26.399428812879343,0.5279885762575869,0.6285578288780794,10,2,7,4,50,0.04806857869914083,244.0,0.34059997415170074,152
748,42,1,26.38499141474506,0.5276998282949011,0.6282140813034537,10,0,9,0,44,0.014437398134294455,0.0,0.3428999916650355,41
749,41,0,26.316457996976965,0.5263291599395393,0.64186482919456,6,2,6,2,0,0.0685334177680943,17.0,0.05339999916031957,0
750,41,2,26.300251536145094,0.5260050307229018,0.6414695496620755,9,1,8,3,45,0.01620646083188859,414.0,0.3206999972462654,78
751,41,0,26.27522467104539,0.5255044934209078,0.6408591383181802,6,4,6,4,0,0.025026865099707862,17.0,0.05520001286640763,0
752,41,3,26.266709421173886,0.5253341884234777,0.6406514492969241,7,2,6,6,47,0.008515249871525299,384.0,0.33160002203658223,114
753,41,1,26.254279809091198,0.5250855961818239,0.6403482880266146,8,0,7,0,43,0.012429612082705432,0.0,0.3281999961473048,40
754,41,3,26.244633475023356,0.5248926695004671,0.6401130115859355,10,2,8,8,47,0.009646334067866746,344.0,0.3193000447936356,114
755,41,0,26.22078599307813,0.5244157198615627,0.6395313656848326,5,2,5,2,0,0.023847481945217908,17.0,0.04509999416768551,0
756,41,4,26.191847934253897,0.523836958685078,0.6388255593720462,11,4,7,7,49,0.028938058824266477,219.0,0.3108999808318913,148
757,41,1,26.18193322684446,0.5236386645368892,0.6385837372401088,4,0,3,0,43,0.009914707409443224,0.0,0.3285999991931021,40
758,41,3,26.166552777816324,0.5233310555563265,0.6382086043369835,7,2,5,5,47,0.015380449028164378,314.0,0.31239999225363135,114
759,41,2,26.158754125179687,0.5231750825035938,0.6380183932970656,7,2,6,6,45,0.0077986526366551345,424.0,0.32400002237409353,78
760,41,3,26.150909462433372,0.5230181892486674,0.6378270600593505,7,2,6,6,47,0.007844662746343545,354.0,0.3486000350676477,114
761,41,1,26.143338195996883,0.5228667639199377,0.6376423950243141,7,1,6,6,43,0.007571266436510626,834.0,0.5057999514974654,40
762,41,2,26.120040678165036,0.5224008135633007,0.637074162882074,5,1,3,0,45,0.02329751783185685,374.0,0.37070002872496843,78
763,41,1,26.08847564602036,0.5217695129204072,0.6363042840492772,12,0,12,0,43,0.03156503214468387,0.0,0.38079998921602964,40
764,41,4,26.04348672099803,0.5208697344199605,0.6352069931950739,11,3,7,6,49,0.04498892502235208,247.33333333333334,0.3665999975055456,148
765,41,2,26.031562692302106,0.5206312538460421,0.6349161632268806,11,1,9,2,45,0.011924028695947442,214.0,0.37159997737035155,78
766,41,1,26.02173081592061,0.5204346163184121,0.6346763613639173,11,1,10,10,43,0.009831876381515059,834.0,0.3717999788932502,40
767,41,4,25.997485139507116,0.5199497027901423,0.6340850034026126,14,2,11,7,49,0.024245676413517714,244.0,0.3513999981805682,148
768,41,3,25.98709323944552,0.5197418647889104,0.6338315424255005,10,2,8,8,45,0.010391900061623716,414.0,0.39060000563040376,114
769,41,1,25.971440219132592,0.5194288043826518,0.6334497614422584,10,0,9,0,43,0.015653020312939248,0.0,0.35630003549158573,40
770,41,2,25.92751320613344,0.5185502641226688,0.6323783708813034,4,1,4,1,45,0.04392701299916624,54.0,0.36020000698044896,78
771,41,1,25.918772407266935,0.5183754481453388,0.6321651806650472,6,1,6,6,43,0.008740798866519128,834.0,0.3505999920889735,40
772,41,1,25.89336801403964,0.5178673602807928,0.6315455613180401,7,0,7,0,43,0.02540439322731558,0.0,0.3716999781318009,40
773,41,2,25.875294508280618,0.5175058901656123,0.6311047441044054,7,0,5,0,45,0.018073505759041097,0.0,0.3575999871827662,78
774,41,3,25.85836107643183,0.5171672215286366,0.6306917335715081,13,3,10,9,47,0.016933431848812575,287.3333333333333,0.35360001493245363,114
775,41,1,25.84966242722133,0.5169932485444266,0.6304795713956421,4,1,3,3,43,0.008698649210518994,834.0,0.367600005120039,40
776,41,3,25.826908948170413,0.5165381789634083,0.6299246084919613,9,1,7,2,47,0.022753479050944492,354.0,0.3287999425083399,114
777,40,2,25.783303027367587,0.5156660605473518,0.6445825756841896,9,0,7,0,45,0.04360592080283965,0.0,0.3358999965712428,78
778,40,1,25.774814722321334,0.5154962944464266,0.6443703680580333,6,0,5,0,42,0.008488305046270739,0.0,0.3277999931015074,39
779,40,3,25.73829916204923,0.5147659832409847,0.6434574790512307,8,2,6,4,46,0.036515560272128766,334.0,0.32079999800771475,111
780,38,0,25.692079004291124,0.5138415800858225,0.6761073422181875,9,3,9,3,0,0.04622015775810695,17.0,0.07339997682720423,0
781,38,1,25.682401273367695,0.5136480254673539,0.6758526650886235,3,1,2,1,40,0.009677730923442596,774.0,0.35449996357783675,37
782,38,7,25.646035361027188,0.5129207072205437,0.6748956673954524,10,3,6,3,52,0.0363659123405391,127.33333333333333,0.3331000334583223,217
783,38,2,25.620872354750695,0.5124174470950139,0.6742334830197552,6,1,4,3,42,0.02516300627651802,514.0,0.3526999498717487,72
784,38,2,25.611804386842092,0.5122360877368418,0.6739948522853182,7,2,6,6,42,0.009067967908613639,394.0,0.3492000396363437,72
785,38,1,25.586841227601166,0.5117368245520233,0.6733379270421359,9,1,8,8,40,0.02496315924094361,774.0,0.33549999352544546,37
786,38,2,25.57656910295984,0.5115313820591968,0.6730676079726274,7,1,6,4,42,0.01027212464133953,454.0,0.3358999965712428,72
787,38,3,25.560865721550652,0.511217314431013,0.6726543610934381,9,2,6,3,44,0.015703381409210238,254.0,0.32599997939541936,105
788,38,0,25.49748495881913,0.5099496991763826,0.6709864462847138,7,2,7,2,0,0.06338076273152637,17.0,0.057299970649182796,0
789,38,1,25.488883493721083,0.5097776698744216,0.6707600919400285,7,1,6,5,40,0.008601465098060146,774.0,0.33629999961704016,37
790,38,3,25.476545831841005,0.50953091663682,0.6704354166273948,4,1,3,1,44,0.01233766188009966,234.0,0.34440000308677554,105
791,38,3,25.461137805229612,0.5092227561045922,0.6700299422428846,2,0,1,0,44,0.015408026611417824,0.0,0.32400002237409353,105
792,38,1,25.455837824631054,0.5091167564926211,0.6698904690692382,4,1,3,3,40,0.005299980598572063,774.0,0.3230999573133886,37
793,38,4,25.440627403374855,0.5088125480674971,0.669490194825654,8,3,5,4,46,0.01521042125622074,207.33333333333334,0.3231000155210495,136
794,38,0,25.411240171311153,0.5082248034262231,0.6687168466134513,5,2,5,2,0,0.029387232063697866,17.0,0.04650000482797623,0
795,38,2,25.376865214983578,0.5075373042996716,0.6678122424995679,6,1,4,1,42,0.034374956327589246,374.0,0.3236000193282962,72
796,38,3,25.35960454440703,0.5071920908881407,0.6673580143265008,6,0,5,0,42,0.017260670576565218,0.0,0.2969999914057553,105
797,38,0,25.34905408713649,0.5069810817427298,0.6670803707141182,3,2,3,2,0,0.01055045727054349,17.0,0.03979995381087065,0
798,38,2,25.340987414558406,0.5068197482911682,0.6668680898568001,7,2,5,5,42,0.008066672578102896,394.0,0.2958999830298126,72
799,38,1,25.33329150244655,0.506665830048931,0.6666655658538566,5,1,4,4,40,0.007695912111870484,774.0,0.2994999522343278,37
800,38,0,25.321267831231772,0.5064253566246354,0.6663491534534678,4,3,4,3,0,0.01202367121477721,17.0,0.07099995855242014,0
801,38,1,25.315036104417278,0.5063007220883455,0.6661851606425598,6,1,5,5,40,0.006231726814512228,774.0,0.38240000139921904,37
802,38,2,25.296100763394854,0.505922015267897,0.6656868621946016,7,0,5,0,42,0.01893534102243777,0.0,0.3370000049471855,72
803,38,2,25.27893376743413,0.5055786753486826,0.6652350991430034,11,1,9,2,42,0.017166995960746334,334.0,0.32920000376179814,72
804,38,4,25.251946861339007,0.5050389372267802,0.664524917403658,8,1,6,1,46,0.026986906095149976,174.0,0.30800001695752144,136
805,38,2,25.244621819871107,0.5048924363974221,0.6643321531545027,5,1,4,4,42,0.007325041467922233,714.0,0.3132999991066754,72
806,38,1,25.236025255639635,0.5047205051127928,0.6641059277799904,9,1,8,8,40,0.008596564231481807,774.0,0.3389000194147229,37
807,38,4,25.2224129676543,0.504448259353086,0.6637477096751132,8,4,5,5,46,0.01361228798535663,204.0,0.30890002381056547,136
808,38,1,25.2157790624254,0.5043155812485081,0.6635731332217211,4,1,3,3,40,0.006633905228913051,774.0,0.33170002279803157,37
809,38,3,25.20211317436118,0.5040422634872236,0.6632135045884521,8,3,5,5,44,0.013665888064242182,267.3333333333333,0.30419998802244663,105
810,38,2,25.19385458218194,0.5038770916436388,0.6629961732153142,9,2,7,7,42,0.008258592179256397,394.0,0.3168999683111906,72
811,38,0,25.162661885084642,0.5032532377016928,0.6621753127653854,7,5,7,5,0,0.031192697097296218,17.0,0.049499969463795424,0
812,38,2,25.12124169432082,0.5024248338864163,0.6610853077452847,6,1,4,1,42,0.041420190763840736,154.0,0.3090000245720148,72
813,38,1,25.114819761918476,0.5022963952383696,0.6609163095241705,5,1,4,4,40,0.006421932402364661,774.0,0.3153000143356621,37
814,38,2,25.10008324568177,0.5020016649136354,0.6605285064653097,6,1,5,4,42,0.01473651623672012,454.0,0.3005000180564821,72
815,38,3,25.092862152475643,0.5018572430495128,0.6603384776967275,4,0,3,0,44,0.007221093206140949,0.0,0.28959999326616526,105
816,38,3,25.077442505991254,0.5015488501198251,0.6599326975260856,2,0,1,0,44,0.015419646484414073,0.0,0.3315000212751329,105
817,38,2,25.05625315392315,0.501125063078463,0.6593750829979776,7,2,5,5,42,0.021189352068123668,394.0,0.3189999843016267,72
818,38,2,25.048574615420826,0.5009714923084165,0.6591730161952849,6,2,5,5,42,0.007678538502339904,394.0,0.3103999770246446,72
819,38,1,25.036268754085356,0.5007253750817071,0.6588491777390884,6,0,5,0,40,0.012305861335491386,0.0,0.34229998709633946,37
820,38,4,25.021455553178047,0.5004291110635609,0.6584593566625803,6,1,4,1,46,0.014813200907326518,194.0,0.3470999654382467,136
821,38,0,24.998563108942758,0.4999712621788552,0.6578569239195463,4,1,4,1,0,0.022892444235289133,17.0,0.07250002818182111,0
822,38,2,24.98915767925134,0.4997831535850268,0.6576094126118772,7,1,5,1,42,0.009405429691440759,94.0,0.3453000099398196,72
823,38,0,24.97736589540695,0.499547317908139,0.6572991025107092,3,2,3,2,0,0.011791783844387282,17.0,0.06799999391660094,0
824,38,2,24.969788129588757,0.49939576259177515,0.6570996876207568,5,1,4,4,42,0.007577765818211901,574.0,0.3429999924264848,72
825,38,2,24.952975367475897,0.49905950734951793,0.6566572465125237,5,1,3,2,42,0.016812762112877522,454.0,0.36290002753958106,72
826,38,1,24.94710468464557,0.4989420936929114,0.6565027548590939,4,1,3,3,40,0.005870682830341423,774.0,0.3467000206001103,37
827,38,2,24.93769034701237,0.4987538069402474,0.6562550091319046,4,1,3,3,42,0.009414337633216974,394.0,0.35440002102404833,72
828,38,2,24.917377402238916,0.4983475480447783,0.6557204579536556,6,1,5,2,42,0.020312944773476005,574.0,0.3420999855734408,72
829,38,3,24.90918043449283,0.49818360868985656,0.655504748276127,5,2,3,3,44,0.008196967746105344,354.0,0.35099999513477087,105
830,38,4,24.867569468816292,0.49735138937632584,0.6544097228635867,9,2,6,3,46,0.04161096567656131,284.0,0.32570003531873226,136
831,38,0,24.823902710934018,0.49647805421868035,0.6532605976561584,6,5,6,5,0,0.043666757882274254,17.0,0.050799979362636805,0
832,38,2,24.803640703937308,0.49607281407874615,0.6527273869457186,7,0,5,0,42,0.02026200699672387,0.0,0.3320000250823796,72
833,38,3,24.784039971165456,0.4956807994233091,0.6522115781885646,8,3,7,7,44,0.019600732771873908,267.3333333333333,0.3149000112898648,105
834,38,2,24.777017266267023,0.49554034532534047,0.6520267701649217,6,1,6,6,42,0.007022704898446364,654.0,0.5533999647013843,72
835,38,1,24.765700789580336,0.4953140157916067,0.6517289681468508,5,0,5,0,40,0.011316476686712207,0.0,0.3480999730527401,37
836,38,5,24.75112648737454,0.4950225297474908,0.6513454338782773,7,1,5,2,46,0.014574302205826228,314.0,0.9691000450402498,165
837,38,1,24.728769185348956,0.4945753837069791,0.6507570838249725,3,0,2,0,40,0.02235730202558983,0.0,0.3260999801568687,37
838,38,1,24.716589823527606,0.49433179647055214,0.650436574303358,6,0,5,0,40,0.012179361821370804,0.0,0.3200999926775694,37
839,38,1,24.705134152432926,0.4941026830486585,0.6501351092745508,6,0,5,0,40,0.0114556710946907,0.0,0.30960002914071083,37
840,38,1,24.685979325899567,0.4937195865179913,0.6496310348920937,4,0,3,0,40,0.019154826533380742,0.0,0.35260000731796026,37
841,38,1,24.66922142628965,0.493384428525793,0.649190037533938,3,0,3,0,40,0.016757899609928018,0.0,0.368200009688735,37
842,38,4,24.647664918053408,0.49295329836106816,0.6486227610014055,6,1,4,1,44,0.021556508236262317,214.0,0.3396999672986567,136
843,38,0,24.596370230120957,0.4919274046024191,0.6472729007926568,5,2,5,2,0,0.051294687932450955,17.0,0.0686999992467463,0
844,38,2,24.590215750784235,0.4918043150156847,0.6471109408101113,4,1,3,3,42,0.006154479336746732,694.0,0.34980004420503974,72
845,38,1,24.582245976836607,0.4916449195367321,0.6469012099167529,5,1,5,4,40,0.007969773947639425,774.0,0.35550002939999104,37
846,38,0,24.566275590949274,0.4913255118189855,0.6464809366039282,2,1,2,1,0,0.01597038588733568,17.0,0.07189996540546417,0
847,38,1,24.555012714719183,0.49110025429438364,0.6461845451241889,3,0,2,0,40,0.011262876230098584,0.0,0.347200024407357,37
848,38,4,24.546942034603923,0.49093884069207844,0.6459721588053665,2,1,1,1,46,0.008070680115288553,254.0,0.34520000917837024,136
849,38,2,24.54290443603764,0.4908580887207528,0.6458659062115168,2,1,1,1,42,0.004037598566299039,554.0,0.33299997448921204,72
850,38,1,24.528369243249816,0.49056738486499635,0.6454834011381531,5,1,4,4,40,0.01453519278784654,774.0,0.3307000151835382,37
851,38,1,24.516202794179335,0.4903240558835867,0.645163231425772,3,1,3,3,40,0.01216644907049158,774.0,0.3521000035107136,37
852,38,3,24.504675922173885,0.4900935184434777,0.6448598926887863,5,1,3,1,44,0.0115268720054722,234.0,0.3241999656893313,105
853,38,3,24.497071136906648,0.48994142273813296,0.6446597667607012,3,2,2,2,44,0.007604785267254499,344.0,0.32320001628249884,105
854,38,3,24.488730566073556,0.48977461132147115,0.6444402780545672,5,2,3,3,44,0.008340570833116345,344.0,0.2998000127263367,105
855,38,2,24.47967285635211,0.4895934571270422,0.644201917272424,8,2,6,6,42,0.009057709721460583,394.0,0.30509999487549067,72
856,38,4,24.451090704394403,0.4890218140878881,0.6434497553788002,11,2,8,5,44,0.02858215195773539,214.0,0.2902999985963106,136
857,38,2,24.442982017228033,0.48885964034456064,0.6432363688744219,8,2,7,7,42,0.008108687166391348,394.0,0.3008999628946185,72
858,38,2,24.41682538851103,0.4883365077702206,0.6425480365397639,4,1,4,2,42,0.0261566287170254,494.0,0.29830000130459666,72
859,38,1,24.40951325340873,0.4881902650681746,0.6423556119318086,5,1,5,5,40,0.007312135102317541,774.0,0.2899999963119626,37
860,38,1,24.400242243661914,0.4880048448732383,0.6421116379911029,8,1,7,7,40,0.009271009746825598,774.0,0.3367000026628375,37
861,38,0,24.344519270094853,0.48689038540189705,0.6406452439498646,9,5,9,5,0,0.05572297356706457,17.0,0.06709998706355691,0
862,38,2,24.329933684887838,0.4865986736977568,0.6402614127602062,7,1,5,1,42,0.014585585207040452,174.0,0.3250999725423753,72
863,38,0,24.327791895722267,0.48655583791444534,0.6402050498874281,2,2,2,2,0,0.002141789165566621,17.0,0.06890000076964498,0
864,38,4,24.31050491229696,0.4862100982459392,0.6397501292709726,7,2,4,3,44,0.017286983425332636,344.0,0.3260999801568687,136
865,38,5,24.295534463826062,0.48591068927652126,0.6393561701006858,8,2,7,6,48,0.014970448470922548,294.0,0.30310003785416484,165
866,38,1,24.259325357766496,0.4851865071553299,0.6384032988885922,3,0,2,0,40,0.036209106059580165,0.0,0.3451000084169209,37
867,38,2,24.23975888236747,0.4847951776473494,0.6378883916412493,8,0,6,0,42,0.019566475399045657,0.0,0.31860003946349025,72
868,38,1,24.233625918384053,0.48467251836768105,0.6377269978522119,5,1,4,4,40,0.00613296398343266,774.0,0.32480002846568823,37
869,38,1,24.22607643536657,0.4845215287073314,0.6375283272464887,5,1,4,4,40,0.007549483017495362,774.0,0.3220000071451068,37
870,38,1,24.218835368682125,0.4843767073736425,0.637337772860056,7,1,6,6,40,0.007241066684461117,774.0,0.3093000268563628,37
871,38,0,24.189197527322293,0.48378395054644585,0.6365578296663761,7,4,7,4,0,0.029637841359829054,17.0,0.05119998240843415,0
872,38,1,24.164940633683695,0.4832988126736739,0.6359194903600972,10,0,9,0,40,0.02425689363861494,0.0,0.3111999831162393,37
873,38,1,24.14603165644662,0.4829206331289324,0.6354218856959638,3,1,2,1,40,0.018908977237085622,774.0,0.3504999913275242,37
874,38,2,24.12745422103304,0.4825490844206608,0.634933005816659,7,1,5,4,42,0.01857743541360435,674.0,0.367900007404387,72
875,38,4,24.11631656932932,0.4823263313865864,0.6346399097191927,3,1,3,1,44,0.011137651703737816,174.0,0.33760000951588154,136
876,38,1,24.101148533667843,0.48202297067335687,0.6342407508859959,3,0,3,0,40,0.015168035661488943,0.0,0.32869999995455146,37
877,38,4,24.09086776528638,0.4818173553057276,0.6339702043496417,2,1,2,1,46,0.010280768381491612,174.0,0.3093000268563628,136
878,38,4,24.07570345275351,0.48151406905507016,0.6335711434935134,6,2,4,4,46,0.015164312532895963,314.0,0.31990004936233163,136
879,38,3,24.06211145594994,0.4812422291189988,0.6332134593671036,5,1,3,2,44,0.013591996803587136,374.0,0.3396999672986567,105
880,38,3,24.04933650425076,0.4809867300850152,0.6328772764276515,5,1,3,1,44,0.012774951699206838,374.0,0.3488999791443348,105
881,38,2,24.0447088902455,0.48089417780490995,0.6327554971117235,2,1,2,2,42,0.004627614005279668,654.0,0.3648999845609069,72
882,38,2,24.03699968265329,0.48073999365306574,0.6325526232277181,2,1,1,1,42,0.007709207592224487,514.0,0.3445000038482249,72
883,38,2,24.027850990655143,0.48055701981310284,0.6323118681751353,2,1,1,1,40,0.009148691998166925,754.0,0.33519999124109745,72
884,38,0,24.027850990655143,0.48055701981310284,0.6323118681751353,0,0,0,0,0,0.0,0.0,0.07119996007531881,0
885,38,4,24.013653026979384,0.4802730605395877,0.631938237552089,4,1,2,1,46,0.014197963675776748,174.0,0.32350001856684685,136
886,38,2,24.009143213906725,0.4801828642781345,0.6318195582607034,3,1,3,3,42,0.004509813072676394,414.0,0.3301000106148422,72
887,38,1,23.993510974740836,0.47987021949481673,0.6314081835458115,3,0,2,0,40,0.015632239165910278,0.0,0.3434999962337315,37
888,38,2,23.98739743752818,0.4797479487505636,0.6312473009875837,4,1,3,3,42,0.0061135372126699394,334.0,0.3472999669611454,72
889,38,4,23.979918435466107,0.47959836870932215,0.631050485143845,5,2,3,3,46,0.007479002062101614,324.0,0.3294000052846968,136
890,38,2,23.96229554214233,0.47924591084284657,0.6305867247932191,5,1,3,2,42,0.017622893323792965,434.0,0.33740000799298286,72
891,38,1,23.942728909340925,0.4788545781868185,0.6300718134037087,3,1,2,2,40,0.019566632801421235,774.0,0.318199978210032,37
892,38,0,23.92482515501659,0.47849650310033176,0.6296006619741208,3,1,3,1,0,0.017903754324329668,17.0,0.045900000259280205,0
893,38,2,23.91439201539096,0.4782878403078192,0.6293261056681829,6,1,4,1,42,0.010433139625650512,314.0,0.33629999961704016,72
894,38,2,23.908400097900856,0.4781680019580171,0.6291684236289699,2,1,2,2,42,0.005991917490117515,314.0,0.3293000045232475,72
895,38,3,23.896255731064546,0.4779251146212909,0.6288488350280144,4,0,4,0,44,0.012144366836327691,0.0,0.30750001315027475,105
896,38,2,23.872456091225818,0.4774491218245164,0.6282225287164687,5,0,4,0,42,0.023799639838749442,0.0,0.325299974065274,72
897,38,1,23.864303258083556,0.4772860651616711,0.6280079804758829,6,0,5,0,40,0.008152833142272442,0.0,0.34010002855211496,37
898,38,2,23.85889750316293,0.4771779500632586,0.6278657237674455,3,1,2,2,42,0.00540575492064832,554.0,0.31099998159334064,72
899,38,1,23.849762656258605,0.4769952531251721,0.6276253330594369,5,1,4,4,40,0.009134846904341742,774.0,0.30830001924186945,37
900,38,2,23.837850592937627,0.4767570118587525,0.6273118577088849,4,0,4,0,42,0.011912063320991706,0.0,0.3507999936118722,72
901,38,2,23.82391034309337,0.4764782068618674,0.6269450090287729,7,2,5,5,42,0.013940249844271335,394.0,0.338599958922714,72
902,38,2,23.807156263978545,0.4761431252795709,0.6265041122099617,6,1,4,2,42,0.01675407911484328,534.0,0.3360999980941415,72
903,38,3,23.800329744683005,0.4760065948936601,0.6263244669653423,5,1,4,4,44,0.006826519295554334,394.0,0.32649998320266604,105
904,38,4,23.79484054525785,0.47589681090515695,0.6261800143488907,3,1,2,2,46,0.005489199425184665,414.0,0.3173999721184373,136
905,38,3,23.78688244695019,0.47573764893900383,0.6259705907092156,4,2,2,2,44,0.007958098307678796,324.0,0.3217000048607588,105
906,38,5,23.767790116482942,0.47535580232965885,0.6254681609600774,6,1,4,1,46,0.01909233046728076,134.0,0.305499997921288,165
907,38,2,23.756583214985767,0.4751316642997153,0.6251732424996255,7,1,5,1,42,0.011206901497189392,334.0,0.3355999942868948,72
908,38,1,23.750451494153708,0.47500902988307414,0.6250118814250976,5,1,4,4,40,0.006131720832073029,774.0,0.3273999900557101,37
909,38,1,23.719057869320654,0.47438115738641307,0.6241857334031751,6,0,5,0,40,0.031393624833071954,0.0,0.3326000296510756,37
910,38,0,23.700698247918368,0.47401396495836734,0.623702585471536,6,5,6,5,0,0.01835962140228986,17.0,0.04719995195046067,0
911,38,3,23.68458615091715,0.47369172301834295,0.6232785829188723,4,1,3,2,44,0.016112097001233394,174.0,0.3499999875202775,105
912,38,3,23.677768597709882,0.4735553719541976,0.6230991736239443,5,1,4,4,42,0.0068175532072913825,674.0,0.35749998642131686,105
913,38,0,23.65711364850044,0.4731422729700088,0.6225556223289591,5,3,5,3,0,0.020654949209440332,17.0,0.045900000259280205,0
914,38,0,23.634097450543816,0.47268194901087635,0.6219499329090478,3,2,3,2,0,0.023016197956629014,17.0,0.045700056944042444,0
915,38,0,23.601608696465682,0.4720321739293136,0.6210949656964653,6,4,6,4,0,0.03248875407813756,17.0,0.043199979700148106,0
916,38,2,23.58671848772294,0.4717343697544588,0.6207031180979722,8,0,6,0,42,0.01489020874275937,0.0,0.3437999985180795,72
917,38,1,23.57722447780197,0.4715444895560394,0.6204532757316308,6,1,6,6,40,0.009494009920985036,774.0,0.34659996163100004,37
918,38,3,23.56675745592362,0.4713351491184724,0.6201778277874636,6,1,4,1,44,0.010467021878369565,254.0,0.3315000212751329,105
919,38,1,23.561001702458693,0.47122003404917384,0.6200263605910183,4,1,3,3,40,0.005755753464946167,774.0,0.3364000003784895,37
920,38,3,23.55006309344359,0.4710012618688718,0.6197385024590417,3,1,2,1,44,0.010938609015120448,294.0,0.3700999659486115,105
921,38,0,23.530605595194434,0.4706121119038887,0.6192264630314323,3,2,3,2,0,0.019457498249163763,17.0,0.07660000119358301,0
922,38,2,23.515430351450558,0.47030860702901117,0.6188271145118568,4,1,3,2,42,0.015175243743893674,334.0,0.3717000363394618,72
923,38,1,23.49511258368114,0.4699022516736228,0.6182924364126616,4,1,4,4,40,0.020317767769427064,774.0,0.3744999994523823,37
924,38,4,23.47566956132211,0.4695133912264422,0.6177807779295291,9,2,6,3,44,0.01944302235904871,194.0,0.3578999894671142,136
925,38,2,23.468316742299372,0.46936633484598744,0.6175872826920887,5,1,4,4,42,0.007352819022763413,554.0,0.3671999438665807,72
926,38,0,23.441207509519142,0.4688241501903828,0.6168738818294511,4,2,4,2,0,0.02710923278023003,17.0,0.0665000407025218,0
927,38,2,23.42820280798204,0.4685640561596408,0.6165316528416326,6,1,5,3,42,0.013004701537120411,374.0,0.36539998836815357,72
928,38,4,23.405419885317965,0.4681083977063593,0.6159321022452096,10,2,7,6,46,0.022782922664102756,264.0,0.3529000096023083,136
929,38,1,23.39348648942091,0.4678697297884182,0.6156180655110767,7,1,6,6,40,0.0119333958970671,774.0,0.36290002753958106,37
930,38,0,23.35133083027104,0.4670266166054208,0.6145087060597643,10,7,10,7,0,0.04215565914986996,17.0,0.05959998816251755,0
931,38,3,23.338840486267102,0.466776809725342,0.6141800127965028,14,3,11,11,44,0.012490344003960985,267.3333333333333,0.3530000103637576,105
932,38,1,23.32927406518954,0.4665854813037908,0.613928264873409,7,1,6,6,40,0.009566421077575882,774.0,0.360500009264797,37
933,38,3,23.321327025982818,0.4664265405196564,0.6137191322627057,3,0,2,0,44,0.007947039206747775,0.0,0.3502000472508371,105
934,38,4,23.308533182759685,0.4661706636551937,0.6133824521778866,8,2,5,4,46,0.012793843223150247,244.0,0.3350999904796481,136
935,38,2,23.29868861086068,0.4659737722172136,0.6131233844963336,8,2,6,6,42,0.00984457189903054,394.0,0.367900007404387,72
936,38,2,23.280001984760727,0.4656000396952145,0.6126316311779141,4,1,2,1,42,0.018686626099963632,534.0,0.3386000171303749,72
937,38,2,23.27459827392371,0.4654919654784742,0.6124894282611503,4,1,3,3,42,0.005403710837036613,674.0,0.33769995206966996,72
938,38,1,23.26904598047076,0.4653809196094152,0.6123433152755463,4,1,3,3,40,0.005552293452964818,774.0,0.33919996349141,37
939,38,1,23.263050894360834,0.4652610178872167,0.6121855498516009,5,1,4,4,40,0.005995086109940928,774.0,0.3369000041857362,37
940,38,3,23.239590901293482,0.46479181802586966,0.6115681816129864,5,1,3,2,44,0.02345999306737312,534.0,0.368200009688735,105
941,38,2,23.217841397997795,0.4643568279599559,0.6109958262630999,8,1,6,3,42,0.02174950329571601,334.0,0.37210003938525915,72
942,38,3,23.208925916098895,0.46417851832197793,0.6107612083183922,6,2,5,5,44,0.008915481898913669,214.0,0.36420003743842244,105
943,38,1,23.19316278845949,0.4638632557691898,0.6103463891699864,5,1,4,3,40,0.015763127639427665,774.0,0.3722999827004969,37
944,38,1,23.182712533366306,0.46365425066732613,0.610071382457008,9,0,8,0,40,0.010450255093193306,0.0,0.3738999948836863,37
945,38,2,23.17491870006089,0.4634983740012178,0.6098662815805497,7,1,6,6,42,0.007793833305434816,714.0,0.3648999845609069,72
946,38,3,23.142076244875714,0.4628415248975143,0.6090020064440977,9,1,6,1,44,0.032842455185196684,174.0,0.3696000203490257,105
947,38,2,23.134459701843284,0.46268919403686565,0.6088015711011391,6,2,4,4,42,0.007616543032447964,394.0,0.4303999594412744,72
948,38,1,23.12738765857748,0.4625477531715496,0.6086154646994073,8,1,7,7,40,0.007072043265822003,774.0,0.34739996772259474,37
949,38,1,23.119631248833446,0.46239262497666894,0.6084113486535118,9,1,8,8,40,0.007756409744047232,774.0,0.3556000301614404,37
950,38,2,23.106489545206085,0.4621297909041217,0.6080655143475285,10,0,9,0,42,0.013141703627383094,0.0,0.33170002279803157,72
951,37,1,23.093530477325036,0.4618706095465007,0.6241494723601361,4,0,3,0,40,0.01295906788105583,0.0,0.360500009264797,37
952,37,5,23.086602210897126,0.4617320442179425,0.6239622219161384,4,2,2,2,47,0.006928266427934204,274.0,0.3074000123888254,160
953,37,2,23.072970732512783,0.46145941465025564,0.6235938035814265,9,1,7,1,41,0.013631478384361628,254.0,0.3572999848984182,70
954,37,1,23.066496590830276,0.46132993181660553,0.6234188267791967,5,1,5,5,39,0.006474141682524248,754.0,0.32679998548701406,36
955,37,0,23.042333275866163,0.4608466655173233,0.622765764212599,4,3,4,3,0,0.02416331496411317,17.0,0.046200002543628216,0
956,37,2,23.033850256679035,0.4606770051335807,0.6225364934237577,6,1,4,1,41,0.008483019187149665,354.0,0.33299997448921204,70
957,37,1,23.02818768058167,0.4605637536116334,0.6223834508265316,2,1,2,2,39,0.005662576097375194,754.0,0.3144000074826181,36
958,37,2,23.019177960542727,0.46038355921085455,0.6221399448795333,5,1,3,1,41,0.009009720038960722,254.0,0.3068000078201294,70
959,37,3,22.98592954258492,0.4597185908516984,0.6212413389887818,5,0,4,0,43,0.033248417957828735,0.0,0.2924000145867467,102
960,37,2,22.979438220418757,0.45958876440837515,0.6210658978491556,6,2,4,4,41,0.006491322166180424,384.0,0.36429997999221087,70
961,37,1,22.960015717563667,0.45920031435127334,0.6205409653395585,5,0,4,0,39,0.01942250285510383,0.0,0.34309999318793416,36
962,37,2,22.948038749637508,0.4589607749927502,0.6202172635037163,4,2,3,3,41,0.01197696792617009,384.0,0.3453000099398196,70
963,37,0,22.93155587831355,0.458631117566271,0.6197717804949605,4,3,4,3,0,0.0164828713239622,17.0,0.06609997944906354,0
964,37,0,22.89534791891187,0.4579069583782374,0.618793186997618,3,2,3,2,0,0.036207959401671985,17.0,0.06490002851933241,0
965,37,1,22.88392537378853,0.45767850747577055,0.6184844695618521,8,0,7,0,39,0.011422545123362937,0.0,0.32569997711107135,36
966,37,2,22.86678601992342,0.4573357203984684,0.6180212437817141,9,1,7,5,41,0.017139353865129436,514.0,0.3350000479258597,70
967,37,4,22.844127563312323,0.45688255126624644,0.6174088530624952,4,0,3,0,45,0.022658456611118538,0.0,0.42729999404400587,132
968,37,5,22.832065970669714,0.45664131941339425,0.6170828640721544,6,1,5,4,47,0.012061592642638175,274.0,0.30940002761781216,160
969,37,2,22.81607646039935,0.456321529207987,0.6166507151459284,6,0,5,0,41,0.01598951027037998,0.0,0.3223000094294548,70
970,37,3,22.803009356741747,0.4560601871348349,0.6162975501822092,5,1,3,2,43,0.013067103657618873,254.0,0.3923000185750425,102
971,37,2,22.778452952146118,0.4555690590429224,0.6156338635715167,6,0,5,0,39,0.024556404595649894,0.0,0.32980000833049417,70
972,37,4,22.748205398362973,0.45496410796725945,0.6148163621179181,10,3,6,4,45,0.030247553783162573,187.33333333333334,0.3597000031732023,132
973,37,0,22.729461430507484,0.45458922861014966,0.614309768392094,4,4,4,4,0,0.01874396785548882,17.0,0.04630000330507755,0
974,37,4,22.714422146193908,0.45428844292387816,0.613903301248484,13,3,9,8,45,0.015039284313598245,227.33333333333334,0.25260000256821513,132
975,37,1,22.67838567868361,0.4535677135736722,0.6129293426671246,7,0,6,0,39,0.03603646751030709,0.0,0.27439999394118786,36
976,37,2,22.66889713627716,0.4533779427255432,0.6126728955750582,8,2,7,7,41,0.009488542406469236,384.0,0.3073000116273761,70
977,37,2,22.662020720571793,0.45324041441143587,0.6124870465019404,6,2,4,4,41,0.006876415705388439,384.0,0.28979999478906393,70
978,37,0,22.65200686991707,0.4530401373983414,0.6122164018896507,3,3,3,3,0,0.010013850654718937,17.0,0.031599949579685926,0
979,37,0,22.62076166001606,0.45241523320032123,0.6113719367571907,6,5,6,5,0,0.031245209901008764,17.0,0.03170000854879618,0
980,37,2,22.597054851625423,0.45194109703250845,0.6107312122060925,8,0,6,0,41,0.023706808390659972,0.0,0.31319999834522605,70
981,37,2,22.582964260131302,0.45165928520262605,0.6103503854089543,3,0,3,0,41,0.014090591494138494,0.0,0.3087999648414552,70
982,37,3,22.573471888165432,0.45146943776330867,0.610093834815282,7,2,6,6,41,0.009492371965887259,374.0,0.30450004851445556,102
983,37,2,22.55434583883738,0.4510869167767476,0.6095769145631724,9,2,7,7,41,0.019126049328068717,384.0,0.305499997921288,70
984,37,1,22.543422211999335,0.4508684442399867,0.6092816814053875,5,1,4,3,39,0.010923626838060585,754.0,0.4564999835565686,36
985,37,2,22.532191017584164,0.45064382035168327,0.6089781356103828,7,1,5,2,41,0.01123119441518483,234.0,0.38000004133209586,70
986,37,4,22.5075610667098,0.45015122133419605,0.608312461262427,4,1,3,2,45,0.024629950874384576,454.0,0.2962999860756099,132
987,37,1,22.49862893222115,0.44997257864442297,0.6080710522221933,6,0,6,0,39,0.008932134488670584,0.0,0.29310001991689205,36
988,37,2,22.489316454096745,0.4497863290819349,0.6078193636242364,5,2,3,3,41,0.009312478124421375,384.0,0.28470001416280866,70
989,37,2,22.46127668781482,0.4492255337562964,0.6070615321031032,8,0,6,0,41,0.028039766281938938,0.0,0.2804999821819365,70
990,37,1,22.453157049746736,0.4490631409949347,0.6068420824255875,8,1,7,7,39,0.00811963806810212,754.0,0.18440000712871552,36
991,37,0,22.444100720016653,0.44888201440033304,0.6065973167572067,5,4,5,4,0,0.009056329730082524,17.0,0.030499999411404133,0
992,37,0,22.43304101670794,0.44866082033415877,0.6062984058569714,3,2,3,2,0,0.011059703308713864,17.0,0.029300048481673002,0
993,37,3,22.409393320561154,0.4481878664112231,0.6056592789340851,6,1,4,3,43,0.023647696146802843,354.0,0.1721000298857689,102
994,37,1,22.398365321626276,0.4479673064325255,0.6053612249088182,5,0,4,0,39,0.01102799893489248,0.0,0.26950001483783126,36
995,37,2,22.3843216525684,0.44768643305136796,0.6049816662856324,5,0,4,0,41,0.014043669057898,0.0,0.4167999722994864,70
996,37,1,22.377181907678388,0.44754363815356774,0.604788700207524,3,1,2,2,39,0.007139744890018562,754.0,0.35589997423812747,36
997,37,2,22.370820407561542,0.44741640815123085,0.6046167677719336,5,2,4,4,41,0.006361500116859986,384.0,0.3273999900557101,70
998,37,4,22.360334794866954,0.4472066958973391,0.604333372834242,6,1,4,2,45,0.010485612694608903,294.0,0.3111000405624509,132
999,37,2,22.3531591288691,0.447063182577382,0.604139435915381,7,2,5,5,41,0.00717566599787034,384.0,0.3081000177189708,70
1000,37,1,22.327815939624806,0.44655631879249613,0.6034544848547246,7,1,6,6,39,0.025343189244303232,754.0,0.3570000408217311,36
1001,37,2,22.316777880193392,0.44633555760386784,0.6031561589241459,8,1,6,3,41,0.01103805943143854,434.0,0.3370000049471855,70
1002,37,4,22.28265094126148,0.4456530188252296,0.6022338092232833,8,1,5,2,43,0.034126938931930084,274.0,0.33469998743385077,132
1003,37,5,22.260598333209593,0.4452119666641919,0.6016377927894485,9,1,6,1,47,0.022052608051907896,114.0,0.22499996703118086,160
1004,37,2,22.25381227276399,0.4450762454552798,0.601454385750378,6,1,5,5,41,0.006786060445627129,554.0,0.3633000305853784,70
1005,37,3,22.249392283900814,0.4449878456780163,0.601334926591914,3,1,2,2,43,0.004419988863197943,394.0,0.3179000341333449,102
1006,37,1,22.242109581032786,0.4448421916206557,0.60113809678467,7,1,6,6,39,0.007282702868039337,754.0,0.3394000232219696,36
1007,37,4,22.23572963751256,0.44471459275025116,0.6009656658787176,4,1,3,3,45,0.0063799435202511745,394.0,0.3000000142492354,132
1008,37,0,22.212956511194133,0.44425913022388264,0.6003501759782197,7,6,7,6,0,0.022773126318426762,17.0,0.052499992307275534,0
1009,37,0,22.2024172223969,0.444048344447938,0.6000653303350514,6,5,6,5,0,0.01053928879723287,17.0,0.05299999611452222,0
1010,37,0,22.19791096044374,0.4439582192088748,0.5999435394714524,4,4,4,4,0,0.004506261953160617,17.0,0.04830001853406429,0
1011,37,1,22.190080788840646,0.44380161577681293,0.5997319132119094,6,1,5,5,39,0.007830171603103508,754.0,0.33950002398341894,36
1012,37,1,22.18131697907596,0.4436263395815192,0.5994950534885395,4,0,3,0,39,0.008763809764701591,0.0,0.3150000120513141,36
1013,37,2,22.17279551854768,0.4434559103709536,0.5992647437445318,6,2,6,6,41,0.008521460528296387,384.0,0.3266000421717763,70
1014,37,2,22.163926540982853,0.44327853081965707,0.5990250416481854,7,0,6,0,41,0.008868977564841174,0.0,0.30339998193085194,70
1015,37,3,22.157830052492702,0.44315660104985405,0.5988602716889918,6,1,6,6,43,0.006096488490172192,394.0,0.2978999982587993,102
1016,37,0,22.150981568931034,0.44301963137862066,0.5986751775386765,5,4,5,4,0,0.006848483561668672,17.0,0.04369998350739479,0
1017,37,3,22.14453031944861,0.4428906063889722,0.598500819444557,4,1,3,3,43,0.006451249482442023,534.0,0.2961999853141606,102
1018,37,2,22.132985729937516,0.4426597145987503,0.5981888035118247,5,1,4,3,41,0.01154458951111792,614.0,0.2940999693237245,70
1019,37,1,22.124340013746604,0.4424868002749321,0.5979551355066649,4,1,3,3,39,0.008645716190923025,754.0,0.30429998878389597,36
1020,37,3,22.116782878981287,0.44233565757962573,0.5977508886211158,5,1,4,4,43,0.007557134765342255,354.0,0.3459000145085156,102
1021,37,1,22.086912415930797,0.44173824831861597,0.5969435788089406,10,0,9,0,39,0.029870463050500007,0.0,0.3497999859973788,36
1022,37,2,22.073398545122632,0.44146797090245266,0.5965783390573685,6,1,4,2,41,0.013513870808175454,354.0,0.34139998024329543,70
1023,36,3,22.055399511000385,0.4411079902200077,0.6126499864166773,6,0,5,0,41,0.01799903412226911,0.0,0.3533000126481056,102
1024,36,1,22.030526446096168,0.4406105289219234,0.6119590679471157,3,0,2,0,38,0.02487306490422725,0.0,0.3276999923400581,35
1025,36,4,22.01090016622214,0.4402180033244428,0.6114138935061706,6,0,4,0,44,0.01962627987405341,0.0,0.3231000155210495,128
1026,36,1,22.00532309637669,0.4401064619275338,0.6112589748993524,5,1,4,4,38,0.005577069845468685,734.0,0.35579997347667813,35
1027,36,1,21.99867691253223,0.43997353825064456,0.6110743586814508,6,1,5,5,38,0.006646183844477349,734.0,0.3577999887056649,35
1028,36,1,21.99321589690681,0.43986431793813624,0.610922663802967,5,1,4,4,38,0.00546101562543555,734.0,0.34500000765547156,35
1029,36,2,21.983053852078193,0.4396610770415639,0.6106403847799499,4,0,3,0,40,0.010162044828629035,0.0,0.7191000040620565,68
1030,36,1,21.96906643982088,0.4393813287964176,0.6102518455505801,8,1,7,6,38,0.013987412257321807,734.0,0.17990003107115626,35
1031,36,2,21.951071539120438,0.43902143078240874,0.6097519871977899,6,1,4,1,40,0.017994900700465166,394.0,0.17389998538419604,68
1032,36,0,21.92608231687234,0.4385216463374468,0.6090578421353426,4,2,4,2,0,0.02498922224809874,17.0,0.055299955420196056,0
1033,36,2,21.91814964503679,0.4383629929007358,0.608837490139911,5,0,4,0,40,0.007932671835561678,0.0,0.30780001543462276,68
1034,36,1,21.912166498557337,0.43824332997114673,0.6086712916265927,5,1,4,4,38,0.005983146479472623,734.0,0.2883000415749848,35
1035,36,4,21.892272001621006,0.4378454400324201,0.6081186667116946,7,2,5,4,44,0.01989449693635237,304.0,0.27050002245232463,128
1036,36,2,21.88659504677085,0.43773190093541703,0.6079609735214124,5,1,4,4,40,0.005676954850173388,594.0,0.2772000152617693,68
1037,36,2,21.873439696830886,0.4374687939366177,0.6075955471341912,6,1,4,1,40,0.01315534993998213,254.0,0.2733999863266945,68
1038,35,3,21.849506266374156,0.4369901253274831,0.6242716076106902,4,1,2,1,42,0.023933430456747118,514.0,0.2835000050254166,99
1039,35,1,21.84486580156444,0.4368973160312888,0.6241390229018412,2,1,1,1,37,0.0046404648097322365,714.0,0.36129995714873075,34
1040,35,1,21.839389247096708,0.43678778494193415,0.6239825499170488,5,1,4,4,37,0.005476554467747974,714.0,0.33629999961704016,34
1041,35,3,21.824364159715483,0.4364872831943096,0.6235532617061567,8,1,6,3,41,0.015025087381243196,294.0,0.32679998548701406,96
1042,35,3,21.804069153055387,0.4360813830611077,0.6229734043730112,5,0,3,0,41,0.02029500666010975,0.0,0.32589997863397,96
1043,35,0,21.77555442104507,0.43551108842090136,0.6221586977441449,8,5,8,5,0,0.028514732010322064,17.0,0.06079999729990959,0
1044,35,7,21.770112357990385,0.4354022471598077,0.6220032102282967,1,1,1,1,47,0.005442063054715618,274.0,0.29609998455271125,196
1045,35,1,21.750996321096096,0.43501992642192194,0.6214570377456028,3,0,2,0,37,0.01911603689430308,0.0,0.3171000280417502,34
1046,35,2,21.735931454235246,0.43471862908470493,0.6210266129781498,5,1,3,2,39,0.015064866860864612,534.0,0.30969997169449925,66
1047,35,0,21.71960085414173,0.43439201708283465,0.6205600244040496,4,3,4,3,0,0.01633060009351439,17.0,0.04770001396536827,0
1048,35,0,21.69702473797642,0.4339404947595284,0.619914992513612,5,3,5,3,0,0.022576116165318183,17.0,0.04499999340623617,0
1049,35,1,21.686435612226298,0.43372871224452597,0.6196124460636084,4,1,3,3,37,0.010589125750133377,714.0,0.292200013063848,34
1050,35,1,21.67897022495307,0.4335794044990614,0.6193991492843735,5,0,4,0,37,0.0074653872732461934,0.0,0.33930002246052027,34
1051,35,1,21.6736672555106,0.433473345110212,0.6192476358717314,4,1,3,3,37,0.005302969442482208,714.0,0.30239997431635857,34
1052,35,4,21.661532319758656,0.4332306463951731,0.6189009234216759,5,1,3,2,43,0.01213493575195912,274.0,0.28989999555051327,124
1053,35,1,21.651650293042124,0.4330330058608425,0.6186185798012035,8,1,7,7,37,0.009882026716546477,714.0,0.29880000511184335,34
1054,35,3,21.639496651684347,0.43278993303368696,0.6182713329052669,4,1,3,1,41,0.012153641357798506,334.0,0.2835000050254166,96
1055,35,0,21.61321889405911,0.43226437788118216,0.6175205398302602,3,0,3,0,0,0.02627775762523754,0.0,0.04010001430287957,0
1056,35,1,21.60570563372134,0.4321141126744268,0.6173058752491811,5,1,4,4,37,0.007513260337784544,714.0,0.3030000370927155,34
1057,35,1,21.601881627710966,0.43203763255421934,0.617196617934599,2,1,1,1,37,0.0038240060103866824,714.0,0.3106999793089926,34
1058,35,3,21.58072608251863,0.4316145216503726,0.6165921737862465,6,1,5,3,41,0.021155545192357295,294.0,0.2972999936901033,96
1059,35,2,21.568641365011292,0.43137282730022586,0.6162468961431798,8,2,7,7,39,0.012084717507352849,364.0,0.1743000466376543,66
1060,35,2,21.548282972091275,0.4309656594418255,0.6156652277740365,5,1,3,2,39,0.020358392920034163,514.0,0.17990003107115626,66
1061,35,3,21.539082543981902,0.43078165087963805,0.6154023583994828,2,0,1,0,41,0.009200428109402026,0.0,0.1737999846227467,96
1062,35,0,21.53261352331266,0.43065227046625315,0.6152175292375045,1,0,1,0,0,0.006469020669243264,0.0,0.06509997183457017,0
1063,35,3,21.525733255982853,0.4305146651196571,0.6150209501709386,5,1,4,4,41,0.0068802673298193895,534.0,0.29719999292865396,96
1064,35,2,21.521023737692193,0.4304204747538439,0.6148863925054913,2,1,1,1,39,0.004709518290678005,274.0,0.305499997921288,66
1065,35,0,21.514620106564657,0.4302924021312931,0.6147034316161331,3,2,3,2,0,0.006403631127536613,17.0,0.056100019719451666,0
1066,35,0,21.50983199511303,0.4301966399022606,0.6145666284318009,3,3,3,3,0,0.004788111451624388,17.0,0.056500022765249014,0
1067,35,0,21.497646463489342,0.42995292926978684,0.6142184703854097,3,1,3,1,0,0.012185531623686074,17.0,0.05490001058205962,0
1068,35,6,21.485335280798086,0.42970670561596175,0.6138667223085167,4,0,2,0,47,0.012311182691277622,0.0,0.27819996466860175,174
1069,35,2,21.480036368396775,0.4296007273679355,0.6137153248113365,5,1,4,4,39,0.005298912401329403,594.0,0.291300006210804,66
1070,35,0,21.473436356488385,0.4294687271297677,0.6135267530425254,4,3,4,3,0,0.006600011908389547,17.0,0.04910002462565899,0
1071,35,1,21.466680366993803,0.4293336073398761,0.6133337247712514,4,0,3,0,37,0.0067559894945929955,0.0,0.2832000027410686,34
1072,35,4,21.460579240729214,0.42921158481458427,0.6131594068779777,4,2,2,2,43,0.006101126264610457,144.0,0.3825000021606684,124
1073,35,1,21.45547498558724,0.42910949971174484,0.6130135710167783,3,1,2,2,37,0.005104255141990421,714.0,0.33489998895674944,34
1074,35,1,21.444360847691872,0.4288872169538374,0.6126960242197678,3,0,2,0,37,0.011114137895379628,0.0,0.29749999521300197,34
1075,35,1,21.427381484975076,0.4285476296995015,0.6122108995707164,2,1,1,1,37,0.016979362716810442,714.0,0.4634000360965729,34
1076,35,4,21.41201746472126,0.42824034929442517,0.6117719275634645,3,1,2,1,41,0.015364020253834099,434.0,0.31700002728030086,124
1077,35,2,21.40778480635802,0.4281556961271604,0.6116509944673719,3,1,2,2,39,0.004232658363253705,334.0,0.3003000165335834,66
1078,35,2,21.403597403893972,0.42807194807787946,0.6115313543969707,2,1,1,1,39,0.0041874024640655705,494.0,0.2796999760903418,66
1079,35,1,21.398486786800937,0.42796973573601876,0.611385336765741,4,1,3,3,37,0.005110617093045278,714.0,0.2785000251606107,34
1080,35,3,21.380822679889512,0.4276164535977902,0.6108806479968432,2,0,1,0,41,0.01766410691145026,0.0,0.33840001560747623,96
1081,35,0,21.375488819035795,0.4275097763807159,0.6107282519724512,3,3,3,3,0,0.005333860853721006,17.0,0.062000006437301636,0
1082,35,0,21.366245250430225,0.4273249050086045,0.610464150012292,1,0,1,0,0,0.009243568605565855,0.0,0.06130000110715628,0
1083,35,1,21.34875182206252,0.4269750364412504,0.6099643377732149,2,0,1,0,37,0.017493428367714614,0.0,0.3025000332854688,34
1084,35,1,21.340617901826754,0.42681235803653506,0.609731940052193,3,1,2,1,37,0.008133920235781744,714.0,0.30779995722696185,34
1085,35,3,21.335781740528894,0.4267156348105779,0.6095937640151111,4,1,3,3,41,0.004836161297880892,234.0,0.2837000065483153,96
1086,35,0,21.315256099455496,0.4263051219891099,0.6090073171272998,5,3,5,3,0,0.02052564107339805,17.0,0.057999975979328156,0
1087,35,1,21.309647644312147,0.4261929528862429,0.6088470755517755,5,1,4,4,37,0.005608455143359947,714.0,0.30209997203201056,34
1088,35,3,21.303041089486182,0.42606082178972365,0.6086583168424624,6,1,5,5,41,0.006606554825985711,434.0,0.2883999841287732,96
1089,35,2,21.281232590265944,0.4256246518053189,0.6080352168647412,6,2,4,3,39,0.0218084992202634,364.0,0.291000003926456,66
1090,35,1,21.270122226268185,0.4254024445253637,0.6077177778933769,5,0,4,0,37,0.01111036399776566,0.0,0.30830001924186945,34
1091,35,2,21.25181576731474,0.42503631534629477,0.6071947362089924,7,1,5,2,39,0.018306458953457394,214.0,0.2962000435218215,66
1092,35,3,21.243732208592263,0.4248746441718453,0.6069637773883503,5,1,3,1,41,0.00808355872248967,154.0,0.2809999859891832,96
1093,35,1,21.21943836323029,0.4243887672646058,0.6062696675208655,6,0,5,0,37,0.02429384536198853,0.0,0.29830000130459666,34
1094,35,3,21.212204967463194,0.4242440993492639,0.6060629990703769,4,2,2,2,41,0.007233395767116235,334.0,0.28979999478906393,96
1095,35,3,21.203603963102086,0.4240720792620417,0.6058172560886309,7,2,5,5,41,0.008601004361128872,274.0,0.35550002939999104,96
1096,35,2,21.19290996355228,0.4238581992710456,0.6055117132443509,8,1,7,4,39,0.010693999549822308,294.0,0.31810003565624356,66
1097,35,1,21.188673801421196,0.4237734760284239,0.6053906800406056,3,1,2,2,37,0.004236162131093124,714.0,0.30999997397884727,34
1098,35,3,21.16526222147935,0.423305244429587,0.6047217777565528,8,2,6,5,41,0.023411579941864602,294.0,0.304599991068244,96
1099,35,2,21.156348293981974,0.4231269658796395,0.6044670941137708,4,1,2,1,39,0.008913927497395946,414.0,0.8164999890141189,66
1100,35,2,21.13802238298854,0.42276044765977083,0.6039434966568155,7,0,6,0,39,0.018325910993446826,0.0,0.3176000318489969,66
1101,35,1,21.13244465708878,0.42264889314177556,0.6037841330596794,5,1,4,4,37,0.005577725899776453,714.0,0.29749999521300197,34
1102,35,1,21.123219333271827,0.4224643866654365,0.603520552379195,8,1,7,6,37,0.009225323816963282,714.0,0.29479997465386987,34
1103,35,1,21.116740442862778,0.42233480885725555,0.6033354412246509,7,1,7,7,37,0.006478890409063354,714.0,0.30890002381056547,34
1104,35,3,21.104647454066043,0.4220929490813209,0.6029899272590298,6,2,4,4,41,0.012092988796752024,284.0,0.2835000050254166,96
1105,35,2,21.087105358585305,0.42174210717170607,0.6024887245310087,9,0,7,0,39,0.01754209548075636,0.0,0.2885999856516719,66
1106,35,1,21.07882603911606,0.42157652078232116,0.602252172546173,9,1,8,8,37,0.008279319469263413,714.0,0.28899998869746923,34
1107,35,3,21.06252809025926,0.4212505618051852,0.6017865168645503,7,1,5,3,41,0.016297948856816902,294.0,0.2737000468187034,96
1108,35,1,21.055196009612985,0.4211039201922597,0.6015770288460853,5,0,5,0,37,0.0073320806462895405,0.0,0.32629998167976737,34
1109,35,3,21.044518302209447,0.42089036604418895,0.6012719514916984,10,2,8,8,41,0.010677707403559111,344.0,0.28199999360367656,96
1110,35,1,21.036192492409043,0.42072384984818084,0.6010340712116868,6,1,6,6,37,0.008325809800414419,714.0,0.2969999914057553,34
1111,35,2,21.027755462127065,0.4205551092425413,0.6007930132036304,8,2,6,6,39,0.008437030281992719,364.0,0.3009000211022794,66
1112,35,0,21.008207772884067,0.4201641554576813,0.6002345077966876,5,3,5,3,0,0.01954768924299799,17.0,0.048399961087852716,0
1113,35,4,20.996852150686408,0.41993704301372814,0.599910061448183,11,3,9,9,43,0.011355622197680049,200.66666666666666,0.2859000233002007,124
1114,35,0,20.990860827986523,0.4198172165597305,0.5997388807996149,3,2,3,2,0,0.005991322699884449,17.0,0.042599975131452084,0
1115,35,4,20.975580390228632,0.41951160780457264,0.5993022968636752,9,2,6,2,43,0.015280437757912324,204.0,0.4620999679900706,124
1116,35,0,20.955890609644598,0.41911781219289196,0.5987397317041314,7,5,7,5,0,0.019689780584034366,17.0,0.05779997445642948,0
1117,35,1,20.948038466298314,0.41896076932596626,0.5985153847513804,9,1,8,8,37,0.007852143346294582,714.0,0.3074000123888254,34
1118,35,1,20.93482737857077,0.4186965475714154,0.5981379251020221,7,0,6,0,37,0.013211087727555082,0.0,0.3236000193282962,34
1119,35,4,20.922205315380214,0.4184441063076043,0.5977772947251488,6,1,4,2,43,0.012622063190576682,294.0,0.29229995561763644,124
1120,35,3,20.909229346152667,0.4181845869230533,0.5974065527472191,8,2,6,3,41,0.01297596922756128,204.0,0.3203999949619174,96
1121,35,2,20.90147595063133,0.4180295190126266,0.5971850271608952,6,0,6,0,39,0.007753395521355344,0.0,0.3456000122241676,66
1122,35,1,20.892299186712325,0.41784598373424653,0.5969228339060665,10,1,9,9,37,0.009176763919011677,714.0,0.3383000148460269,34
1123,35,0,20.86399081881988,0.41727981637639755,0.5961140233948536,8,4,8,4,0,0.028308367892446284,17.0,0.06089999806135893,0
1124,35,3,20.85050044448032,0.41701000888960643,0.5957285841280092,13,3,11,11,41,0.013490374339578892,247.33333333333334,0.32599997939541936,96
1125,35,4,20.82729637325417,0.4165459274650834,0.5950656106644049,11,2,8,6,43,0.023204071226171408,184.0,0.32190000638365746,124
1126,35,2,20.82082924797104,0.4164165849594208,0.5948808356563156,5,1,4,4,39,0.006467125283144526,454.0,0.360500009264797,66
1127,35,1,20.808420081215033,0.41616840162430063,0.5945262880347153,6,1,5,4,37,0.012409166756022216,714.0,0.32029999420046806,34
1128,35,0,20.7878108209854,0.415756216419708,0.5939374520281542,6,6,6,6,0,0.020609260229637272,17.0,0.051200040616095066,0
1129,35,4,20.766232119714044,0.41532464239428085,0.5933209177061155,10,2,6,2,43,0.02157870127137329,174.0,0.3360999980941415,124
1130,35,1,20.760996460122964,0.41521992920245926,0.5931713274320848,5,1,4,4,37,0.005235659591097175,714.0,0.3238999634049833,34
1131,35,1,20.7541903767607,0.415083807535214,0.5929768679074486,7,1,6,6,37,0.006806083362278059,714.0,0.3326000296510756,34
1132,35,4,20.735301534774933,0.41470603069549866,0.5924371867078553,7,0,5,0,43,0.01888884198578822,0.0,0.28660002863034606,124
1133,35,2,20.72545463467902,0.41450909269358044,0.5921558467051149,9,2,7,7,39,0.009846900095926259,364.0,0.28879998717457056,66
1134,35,1,20.716777253925216,0.4143355450785043,0.5919079215407204,6,1,5,5,37,0.00867738075382718,714.0,0.2959999837912619,34
1135,35,1,20.68931211379966,0.4137862422759932,0.5911232032514188,5,1,5,3,37,0.027465140125567444,714.0,0.3893999964930117,34
1136,35,0,20.67725711620878,0.41354514232417555,0.5907787747488222,6,5,6,5,0,0.012054997590873029,17.0,0.03950000973418355,0
1137,35,1,20.669386406054773,0.4133877281210955,0.5905538973158506,8,1,7,7,37,0.007870710154023186,714.0,0.19270001212134957,34
1138,35,3,20.65477824565266,0.4130955649130532,0.5901365213043619,9,1,7,6,41,0.014608160402133308,294.0,0.16149994917213917,96
1139,35,1,20.64806919623718,0.41296138392474363,0.5899448341782052,6,1,5,5,37,0.006709049415498214,714.0,0.16170000890269876,34
1140,35,3,20.638261499364464,0.41276522998728926,0.5896646142675561,6,1,5,4,41,0.009807696872726979,354.0,0.1734999823383987,96
1141,35,2,20.625796835747796,0.4125159367149559,0.5893084810213655,6,1,4,1,39,0.012464663616690075,94.0,0.25889999233186245,66
1142,35,2,20.62020250699715,0.41240405013994297,0.5891486430570615,3,1,2,2,39,0.005594328750660793,474.0,0.3009000211022794,66
1143,35,0,20.605666591698228,0.41211333183396454,0.588733331191378,3,2,3,2,0,0.014535915298921509,17.0,0.055100012104958296,0
1144,35,2,20.592203169245508,0.41184406338491014,0.588348661978443,7,1,5,2,39,0.013463422452737461,254.0,0.28450001263991,66
1145,35,1,20.58704263072391,0.41174085261447824,0.5882012180206833,3,1,2,2,37,0.005160538521607805,714.0,0.26429997524246573,34
1146,35,1,20.582179526464618,0.41164359052929234,0.5880622721847034,4,1,3,3,37,0.004863104259307249,714.0,0.26760000037029386,34
1147,35,2,20.570883030847913,0.4114176606169583,0.5877395151670833,6,2,4,4,39,0.011296495616726077,364.0,0.2584999892860651,66
1148,35,2,20.564509077978766,0.4112901815595753,0.5875574022279647,6,2,4,4,39,0.0063739528691613145,364.0,0.2574000391177833,66
1149,35,2,20.56221744594157,0.4112443489188314,0.587491927026902,0,0,0,0,39,0.002291632037213276,0.0,0.26220001745969057,66
1150,35,1,20.55798488170919,0.41115969763418375,0.5873709966202624,2,1,1,1,37,0.00423256423239593,714.0,0.26380002964287996,34
1151,35,0,20.541512538581816,0.4108302507716363,0.5869003582451947,4,4,4,4,0,0.01647234312736856,17.0,0.04449998959898949,0
1152,35,4,20.53128243418932,0.41062564868378637,0.5866080695482663,5,1,3,2,43,0.010230104392526584,334.0,0.2542000147514045,124
1153,35,3,20.520511537504206,0.4104102307500841,0.5863003296429773,5,1,4,3,41,0.010770896685130538,574.0,0.2542000147514045,96
1154,35,2,20.50194567731375,0.410038913546275,0.5857698764946786,6,2,5,5,39,0.018565860190470573,364.0,0.2574000391177833,66
1155,35,1,20.49299960651905,0.409859992130381,0.5855142744719729,4,0,3,0,37,0.00894607079471399,0.0,0.2641999744810164,34
1156,35,1,20.483374274253183,0.40966748548506365,0.5852392649786624,6,1,5,5,37,0.009625332265883912,714.0,0.26110000908374786,34
1157,35,3,20.46372294138139,0.4092744588276278,0.5846777983251826,5,0,3,0,41,0.01965133287180265,0.0,0.24909997591748834,96
1158,35,1,20.460967287966838,0.4092193457593368,0.5845990653704811,0,0,0,0,37,0.0027556534145745104,0.0,0.2579999854788184,34
1159,35,2,20.45296667250037,0.4090593334500074,0.5843704763571534,3,0,2,0,39,0.008000615466478678,0.0,0.25019998429343104,66
1160,35,0,20.435666392972134,0.4087133278594427,0.5838761826563466,3,1,3,1,0,0.017300279528242868,17.0,0.05930004408583045,0
1161,35,2,20.431031392396623,0.40862062784793246,0.583743754068475,3,1,2,2,39,0.004635000575525794,634.0,0.30690000858157873,66
1162,35,2,20.418853666249422,0.40837707332498846,0.5833958190356979,6,2,4,4,39,0.012177726147214685,364.0,0.3299000090919435,66
1163,35,2,20.41215732110543,0.40824314642210857,0.5832044948887267,7,2,5,5,39,0.006696345144014515,364.0,0.3294000052846968,66
1164,35,0,20.411380990526435,0.4082276198105287,0.5831823140150411,1,1,1,1,0,0.0007763305789936226,17.0,0.0678999931551516,0
1165,35,1,20.39933350381564,0.4079866700763128,0.5828381001090184,4,0,3,0,37,0.0120474867108058,0.0,0.31889998354017735,34
1166,35,3,20.391982942342732,0.40783965884685464,0.5826280840669352,5,2,4,4,41,0.007350561472925676,304.0,0.37070002872496843,96
1167,35,3,20.38383077971059,0.40767661559421176,0.5823951651345881,3,0,2,0,41,0.008152162632164561,0.0,0.3018999705091119,96
1168,35,0,20.383054449131592,0.4076610889826318,0.5823729842609027,1,1,1,1,0,0.0007763305789936226,17.0,0.0743999844416976,0
1169,35,2,20.377233869351603,0.40754467738703204,0.5822066819814743,2,1,1,1,39,0.005820579780007051,514.0,0.47940004151314497,66
1170,35,1,20.368142802830032,0.40736285605660066,0.5819469372237153,4,1,3,3,37,0.009091066521584423,714.0,0.3225000109523535,34
1171,35,0,20.367366472251035,0.4073473294450207,0.5819247563500296,1,1,1,1,0,0.0007763305789936226,17.0,0.05749997217208147,0
1172,35,2,20.359961899638613,0.40719923799277224,0.5817131971325317,4,2,2,2,39,0.0074045726124438715,364.0,0.2975999959744513,66
1173,35,2,20.34976433841251,0.4069952867682502,0.5814218382403573,5,1,3,2,39,0.010197561226121366,294.0,0.32900000223889947,66
1174,35,2,20.336950176625717,0.40673900353251435,0.5810557193321633,7,0,5,0,39,0.012814161786806721,0.0,0.2972999936901033,66
1175,35,0,20.311057646015897,0.4062211529203179,0.5803159327433113,6,4,6,4,0,0.025892530609809228,17.0,0.05140004213899374,0
1176,35,1,20.30098283978176,0.4060196567956352,0.5800280811366219,4,0,3,0,37,0.010074806234150913,0.0,0.31830003717914224,34
1177,35,6,20.291238694367554,0.40582477388735105,0.57974967698193,8,3,5,5,45,0.009744145414238403,194.0,0.28450001263991,174
1178,35,2,20.28356309453923,0.40567126189078456,0.5795303741296922,5,0,4,0,39,0.00767559982834598,0.0,0.2834000042639673,66
1179,35,4,20.26923209818206,0.40538464196364116,0.579120917090916,5,1,3,1,43,0.014330996357188042,174.0,0.2959999837912619,124
1180,35,0,20.24734789238204,0.40494695784764084,0.5784956540680584,7,6,7,6,0,0.021884205800020595,17.0,0.06539997411891818,0
1181,35,0,20.23584670831045,0.404716934166209,0.57816704880887,5,5,5,5,0,0.011501184071583737,17.0,0.06429996574297547,0
1182,35,3,20.225063960459874,0.4045012792091975,0.5778589702988535,6,1,4,2,41,0.010782747850598184,394.0,0.3421999863348901,96
1183,35,4,20.217261321292263,0.40434522642584525,0.5776360377512075,6,3,4,4,43,0.007802639167628911,214.0,0.3212000010535121,124
1184,35,3,20.204272554262296,0.4040854510852459,0.5772649301217798,6,2,4,4,41,0.012988767029987969,264.0,0.2998000127263367,96
1185,35,2,20.196856139245128,0.40393712278490257,0.5770530325498607,6,2,4,4,39,0.007416415017182487,364.0,0.3320000250823796,66
1186,35,1,20.188426261715716,0.40376852523431433,0.5768121789061633,4,1,4,4,37,0.00842987752943003,714.0,0.30700000934302807,34
1187,35,1,20.178553023042273,0.40357106046084545,0.5765300863726364,6,0,5,0,37,0.009873238673453244,0.0,0.32679998548701406,34
1188,35,0,20.169551423535744,0.4033910284707149,0.576272897815307,2,1,2,1,0,0.009001599506525793,17.0,0.0597000471316278,0
1189,35,1,20.16304852558074,0.4032609705116148,0.5760871007308784,5,1,4,4,37,0.006502897955009246,714.0,0.30590000096708536,34
1190,35,3,20.148155792816492,0.4029631158563298,0.5756615940804712,6,2,4,2,41,0.014892732764266725,184.0,0.32839999767020345,96
1191,35,4,20.132906012264854,0.40265812024529707,0.5752258860647101,5,1,3,1,43,0.015249780551666703,74.0,0.2848999574780464,124
1192,35,1,20.125712652934418,0.4025142530586884,0.575020361512412,7,1,6,6,37,0.00719335933044718,714.0,0.32079999800771475,34
1193,35,1,20.114077499930886,0.4022815499986177,0.5746879285694538,4,1,3,2,37,0.011635153003549448,714.0,0.2932999632321298,34
1194,35,5,20.095607657307166,0.4019121531461433,0.5741602187802047,8,2,5,2,43,0.018469842623744626,154.0,0.2649999805726111,150
1195,35,1,20.08949751260164,0.4017899502520328,0.5739856432171897,3,1,3,3,37,0.006110144705530729,714.0,0.30889996560290456,34
1196,35,1,20.08582819765704,0.4017165639531408,0.573880805647344,2,1,1,1,37,0.0036693149446165307,714.0,0.31239999225363135,34
1197,35,0,20.083686408491474,0.4016737281698295,0.5738196116711849,2,2,2,2,0,0.002141789165566621,17.0,0.0391000066883862,0
1198,35,1,20.07734125227683,0.4015468250455366,0.5736383214936237,3,1,2,2,37,0.0063451562146603635,714.0,0.30180002795532346,34
1199,35,3,20.056572123225724,0.4011314424645145,0.5730449178064492,4,0,2,0,41,0.02076912905111783,0.0,0.29280001763254404,96
1200,35,1,20.051049335956975,0.4010209867191395,0.572887123884485,4,1,4,4,37,0.005522787268763096,714.0,0.318199978210032,34
1201,35,2,20.043434236845826,0.4008686847369165,0.5726695496241666,4,1,2,1,39,0.007615099111159651,194.0,0.3344999859109521,66
1202,35,0,20.041386777016932,0.4008277355403386,0.5726110507719123,2,2,2,2,0,0.00204745982890131,17.0,0.063000014051795,0
1203,35,2,20.038929926438684,0.4007785985287737,0.5725408550411052,0,0,0,0,39,0.002456850578258951,0.0,0.3095999709330499,66
1204,35,1,20.00966178103465,0.40019323562069303,0.5717046223152759,3,1,2,1,37,0.029268145404039103,714.0,0.35669998032972217,34
1205,35,3,20.004378807199085,0.4000875761439817,0.5715536802056883,4,2,2,2,41,0.005282973835591065,214.0,0.3006000188179314,96
1206,35,0,19.989340023660517,0.39978680047321036,0.5711240006760148,4,3,4,3,0,0.015038783538567913,17.0,0.06549997488036752,0
1207,35,4,19.984218481464154,0.3996843696292831,0.5709776708989759,2,1,1,1,43,0.005121542196381057,374.0,0.31460000900551677,124
1208,35,1,19.97286364358329,0.39945727287166577,0.5706532469595226,3,0,2,0,37,0.011354837880880098,0.0,0.3239000216126442,34
1209,35,4,19.94716960820393,0.3989433921640786,0.5699191316629695,4,2,3,2,43,0.02569403537937731,224.0,0.2926999586634338,124
1210,35,1,19.93704203569168,0.3987408407138336,0.5696297724483338,4,0,3,0,37,0.010127572512260485,0.0,0.31969998963177204,34
1211,35,2,19.922503153824636,0.3984500630764927,0.5692143758235609,6,2,4,3,39,0.014538881867071751,364.0,0.29659998835995793,66
1212,35,0,19.90025833729115,0.398005166745823,0.56857880963689,6,4,6,4,0,0.022244816533483203,17.0,0.04749995423480868,0
1213,35,3,19.894950465289213,0.39789900930578426,0.5684271561511204,5,2,3,3,41,0.005307872001953484,184.0,0.2982000005431473,96
1214,35,3,19.884908418468214,0.3976981683693643,0.5681402405276633,3,0,2,0,41,0.010042046821016726,0.0,0.2949000336229801,96
1215,35,2,19.86905609178608,0.3973811218357216,0.5676873169081738,5,1,3,1,39,0.015852326682153972,494.0,0.30339998193085194,66
1216,35,0,19.851650203962656,0.3970330040792531,0.5671900058275045,4,2,4,2,0,0.01740588782342556,17.0,0.03920000744983554,0
1217,35,1,19.845867370737484,0.39691734741474965,0.567024782021071,4,1,3,3,37,0.005782833225179473,714.0,0.3114999854005873,34
1218,35,0,19.831057572195803,0.3966211514439161,0.5666016449198801,3,2,3,2,0,0.014809798541680408,17.0,0.03749999450519681,0
1219,35,5,19.823246123091465,0.3964649224618293,0.5663784606597561,4,2,2,2,45,0.007811449104366375,124.0,0.26299996534362435,150
1220,35,0,19.81520454509781,0.3963040909019562,0.5661487012885089,4,4,4,4,0,0.00804157799364802,17.0,0.06809999467805028,0
1221,35,1,19.80439099985212,0.3960878199970424,0.5658397428529177,5,1,4,3,37,0.010813545245699885,714.0,0.3244000254198909,34
1222,35,0,19.796594891305627,0.39593189782611254,0.5656169968944464,4,3,4,3,0,0.007796108546493485,17.0,0.06500002928078175,0
1223,35,2,19.787939491005993,0.39575878982011986,0.5653696997430283,4,0,3,0,39,0.008655400299652172,0.0,0.3505999920889735,66
1224,35,2,19.7827006349881,0.39565401269976197,0.5652200181425172,4,1,3,3,39,0.0052388560179110755,534.0,0.3111999831162393,66
1225,35,3,19.774900612701472,0.3954980122540295,0.5649971603628992,5,0,4,0,41,0.007800022286645003,0.0,0.3112000413239002,96
1226,35,3,19.76437206281991,0.3952874412563982,0.5646963446519975,5,1,3,1,41,0.010528549881577476,234.0,0.32210000790655613,96
1227,35,1,19.744926636000113,0.39489853272000225,0.5641407610285748,6,0,5,0,37,0.019445426819814315,0.0,0.3154999576508999,34
1228,35,1,19.738441161150917,0.3947688232230183,0.563955461747169,6,1,5,5,37,0.006485474849206696,714.0,0.33030001213774085,34
1229,35,3,19.722025055477676,0.39444050110955353,0.5634864301565051,8,2,5,4,41,0.01641610567325813,274.0,0.29609998455271125,96
1230,35,1,19.715845564029166,0.3943169112805833,0.5633098732579762,3,0,2,0,37,0.006179491448527585,0.0,0.3323000273667276,34
1231,35,4,19.696484738723136,0.3939296947744627,0.5627567068206609,9,3,5,3,43,0.01936082530605887,134.0,0.28519995976239443,124
1232,35,2,19.68967047376118,0.39379340947522357,0.5625620135360337,4,1,4,4,39,0.006814264961960248,634.0,0.29479997465386987,66
1233,35,1,19.687676057226025,0.3937535211445205,0.5625050302064578,0,0,0,0,37,0.0019944165351688525,0.0,0.31560001662001014,34
1234,35,0,19.683015131902096,0.3936603026380419,0.5623718609114885,3,3,3,3,0,0.004660925323932474,17.0,0.04900002386420965,0
1235,35,5,19.67121299915734,0.3934242599831468,0.5620346571187812,8,3,5,5,45,0.011802132744776372,174.0,0.27139997109770775,150
1236,35,1,19.66438023171095,0.393287604634219,0.5618394351917415,4,1,4,4,37,0.006832767446404375,714.0,0.3084000200033188,34
1237,35,1,19.658782687305262,0.39317565374610525,0.561679505351579,6,1,5,5,37,0.0055975444057025925,714.0,0.2875000354833901,34
1238,35,1,19.653426546436318,0.39306853092872635,0.5615264727553235,3,1,2,2,37,0.00535614086895464,714.0,0.29779999749735,34
1239,35,3,19.643343561866274,0.3928668712373255,0.5612383874818936,8,2,6,6,41,0.010082984570061626,264.0,0.2713000285439193,96
1240,35,0,19.618047869824515,0.3923609573964903,0.5605156534235576,5,4,5,4,0,0.02529569204176596,17.0,0.07840001489967108,0
1241,35,2,19.602649781384773,0.39205299562769547,0.5600757080395649,8,1,7,6,39,0.015398088439752655,494.0,0.31189998844638467,66
1242,35,4,19.588936399192296,0.3917787279838459,0.5596838971197798,4,1,3,2,43,0.013713382192499068,194.0,0.32320001628249884,124
1243,35,1,19.58016741221298,0.3916033482442596,0.5594333546346567,6,0,5,0,37,0.008768986979326598,0.0,0.31179998768493533,34
1244,35,4,19.57103236500573,0.3914206473001146,0.5591723532858781,4,2,2,2,43,0.009135047207266211,194.0,0.3103000344708562,124
1245,35,4,19.549211660886527,0.39098423321773057,0.558548904596758,7,1,4,1,43,0.0218207041192251,154.0,0.2968000480905175,124
1246,35,1,19.51038281456538,0.39020765629130755,0.5574395089875823,5,1,5,4,37,0.03882884632115591,714.0,0.3212000010535121,34
1247,35,3,19.498400203295663,0.38996800406591325,0.5570971486655903,7,3,4,4,41,0.011982611269740318,247.33333333333334,0.3121999907307327,96
1248,35,1,19.492811846606156,0.3898562369321231,0.5569374813316044,4,1,3,3,37,0.005588356689521845,714.0,0.2992000081576407,34
1249,35,1,19.48302496005431,0.38966049920108614,0.5566578560015516,6,1,6,5,37,0.009786886551857776,714.0,0.3173999721184373,34
1250,35,2,19.465640719597477,0.38931281439194954,0.5561611634170708,6,1,4,3,39,0.01738424045684539,514.0,0.2905000001192093,66
1251,35,2,19.451799676296964,0.3890359935259393,0.5557657050370561,4,1,2,1,39,0.01384104330053404,274.0,0.3016999689862132,66
1252,35,1,19.444812705723866,0.3888962541144773,0.5555660773063962,4,1,3,3,37,0.006986970573112927,714.0,0.2945999731309712,34
1253,35,0,19.429941952421245,0.3885988390484249,0.555141198640607,6,5,6,5,0,0.01487075330261689,17.0,0.04539999645203352,0
1254,35,0,19.418650923986775,0.3883730184797355,0.5548185978281935,3,2,3,2,0,0.011291028434470718,17.0,0.04509999416768551,0
1255,35,2,19.408291861033312,0.3881658372206662,0.5545226246009517,6,2,4,3,39,0.010359062953476439,364.0,0.3053999971598387,66
1256,35,3,19.400438609543965,0.3880087721908793,0.5542982459869703,5,0,4,0,41,0.00785325148936522,0.0,0.2989000058732927,96
1257,35,2,19.394164595207453,0.38788329190414905,0.5541189884344986,6,2,4,4,39,0.006274014336533185,364.0,0.28199999360367656,66
1258,35,1,19.38875490313189,0.38777509806263777,0.5539644258037683,3,1,2,2,37,0.0054096920755739575,714.0,0.3087000222876668,34
1259,35,1,19.368398759387514,0.3873679751877503,0.5533828216967861,5,0,4,0,37,0.020356143744383104,0.0,0.2840999513864517,34
1260,35,2,19.342818019430215,0.3868563603886043,0.5526519434122918,6,0,4,0,39,0.025580739957312915,0.0,0.36780000664293766,66
1261,35,0,19.328780133246728,0.38657560266493457,0.5522508609499065,5,4,5,4,0,0.014037886183487558,17.0,0.06310001481324434,0
1262,35,2,19.32240065622675,0.38644801312453503,0.5520685901779072,4,2,3,3,39,0.006379477019994084,364.0,0.3133999998681247,66
1263,35,2,19.304467705355982,0.38608935410711964,0.551556220153028,6,2,4,4,39,0.017932950870786613,364.0,0.3513999981805682,66
1264,35,1,19.291533131537918,0.3858306626307584,0.5511866609010834,6,1,5,4,37,0.012934573818075279,714.0,0.32079999800771475,34
1265,35,2,19.28164057920712,0.3856328115841424,0.550904016548775,7,1,5,2,39,0.0098925523308111,354.0,0.3265999839641154,66
1266,35,3,19.272383884338755,0.38544767768677507,0.550639539552536,6,1,5,4,41,0.009256694868383875,514.0,0.29830000130459666,96
1267,35,0,19.258051331002815,0.3851610266200563,0.5502300380286519,3,1,3,1,0,0.014332553335943743,17.0,0.05219999002292752,0
1268,35,4,19.244365727832786,0.3848873145566557,0.5498390207952225,4,1,3,2,43,0.013685603170053184,234.0,0.2937999670393765,124
1269,35,2,19.23435125020584,0.3846870250041168,0.549552892863024,6,0,5,0,39,0.010014477626963725,0.0,0.31650002347305417,66
1270,35,1,19.229851745556637,0.38459703491113273,0.5494243355873325,3,1,2,2,37,0.004499504649217556,714.0,0.30229997355490923,34
1271,35,4,19.215050942992548,0.38430101885985096,0.5490014555140728,6,1,4,1,43,0.014800802564110427,114.0,0.31720002880319953,124
1272,35,0,19.203329526725394,0.38406659053450787,0.5486665579064398,4,3,4,3,0,0.011721416267153728,17.0,0.04539999645203352,0
1273,35,0,19.18185305161925,0.383637061032385,0.5480529443319786,6,6,6,6,0,0.021476475106144477,17.0,0.044000043999403715,0
1274,35,0,19.16944424705853,0.38338888494117057,0.547698407058815,5,5,5,5,0,0.012408804560728015,17.0,0.04449998959898949,0
1275,35,2,19.160576051252647,0.38321152102505296,0.5474450300357899,4,2,2,2,39,0.008868195805884937,364.0,0.30800001695752144,66
1276,35,0,19.146043354147558,0.38292086708295114,0.5470298101185017,5,4,5,4,0,0.014532697105089198,17.0,0.04349998198449612,0
1277,35,2,19.136662358111053,0.38273324716222107,0.5467617816603157,9,2,7,7,39,0.009380996036526312,364.0,0.2825999981723726,66
1278,35,2,19.1306184434343,0.382612368868686,0.5465890983838372,4,2,3,3,39,0.006043914676766349,364.0,0.2829000004567206,66
1279,35,6,19.121066431864854,0.38242132863729705,0.5463161837675671,3,2,2,2,47,0.009552011569475383,84.0,0.277700019069016,174
1280,35,3,19.115912330040803,0.3823182466008161,0.5461689237154517,3,1,2,2,41,0.0051541018240754966,534.0,0.3296000068075955,96
1281,35,1,19.112223667436023,0.38224447334872047,0.546063533355315,2,1,2,2,37,0.0036886626047945015,714.0,0.33080001594498754,34
1282,35,4,19.099793035733214,0.3819958607146643,0.5457083724495204,4,1,2,1,43,0.0124306317028271,134.0,0.2899999963119626,124
1283,35,1,19.08847787288677,0.3817695574577354,0.5453850820824792,3,0,2,0,37,0.011315162846457838,0.0,0.3233000170439482,34
1284,35,1,19.082774145990822,0.38165548291981644,0.5452221184568805,2,0,1,0,37,0.005703726895958994,0.0,0.3139000036753714,34
1285,35,1,19.068548466349014,0.3813709693269803,0.5448156704671145,3,0,2,0,37,0.01422567964181809,0.0,0.3198999911546707,34
1286,35,1,19.055825145310358,0.38111650290620713,0.5444521470088672,3,1,3,3,37,0.012723321038670576,714.0,0.32920000376179814,34
1287,35,2,19.0475414787963,0.380950829575926,0.5442154708227513,7,2,5,5,39,0.008283666514067534,364.0,0.3104000352323055,66
1288,35,1,19.040629054208242,0.3808125810841648,0.5440179729773784,6,1,5,5,37,0.006912424588072952,714.0,0.30860002152621746,34
1289,35,2,19.0373209497677,0.380746418995354,0.5439234557076487,2,1,1,1,39,0.0033081044405633975,574.0,0.3196000470779836,66
1290,35,1,19.035338893373723,0.3807067778674745,0.5438668255249635,0,0,0,0,37,0.0019820563939845215,0.0,0.29989995528012514,34
1291,35,0,19.014544831446315,0.3802908966289263,0.5432727094698947,5,2,5,2,0,0.020794061927411178,17.0,0.04850002005696297,0
1292,35,3,18.996171069734498,0.37992342139468993,0.5427477448495571,7,3,4,4,41,0.018373761711835357,247.33333333333334,0.31650002347305417,96
1293,35,1,18.990134986211114,0.37980269972422226,0.5425752853203177,5,1,5,5,37,0.0060360835233908006,714.0,0.31179998768493533,34
1294,35,2,18.979887703804003,0.37959775407608004,0.5422825058229718,4,0,3,0,39,0.010247282407128466,0.0,0.3063000040128827,66
1295,35,1,18.97516736441705,0.379503347288341,0.5421476389833444,2,1,1,1,37,0.004720339386967254,714.0,0.3000000142492354,34
1296,35,4,18.962796044764513,0.37925592089529025,0.5417941727075576,5,0,4,0,43,0.012371319652558554,0.0,0.2774999593384564,124
1297,35,1,18.941126955293523,0.37882253910587044,0.5411750558655293,3,0,2,0,37,0.0216690894710041,0.0,0.31599996145814657,34
1298,35,5,18.93634919602422,0.37872698392048443,0.5410385484578348,2,1,1,1,45,0.004777759269320114,194.0,0.2867999719455838,150
1299,35,0,18.93277513445737,0.3786555026891474,0.5409364324130675,2,2,2,2,0,0.0035740615668551357,17.0,0.030099996365606785,0
1300,35,2,18.926285495375367,0.37852570990750734,0.5407510141535818,5,1,4,4,39,0.006489639082015941,634.0,0.3307999577373266,66
1301,35,3,18.91464488212866,0.3782928976425732,0.5404184252036761,5,1,3,1,41,0.011640613246722609,114.0,0.30509999487549067,96
1302,35,2,18.905700773899017,0.37811401547798035,0.5401628792542577,5,1,3,2,39,0.00894410822965952,414.0,0.32430002465844154,66
1303,35,2,18.899641938289882,0.37799283876579765,0.5399897696654251,2,0,1,0,39,0.006058835609149327,0.0,0.3288000007160008,66
1304,34,1,18.891573837085954,0.3778314767417191,0.5556345246201752,3,1,2,2,36,0.008068101203946298,694.0,0.3162999637424946,34
1305,34,1,18.881201930349953,0.37762403860699906,0.5553294685397043,4,0,4,0,36,0.01037190673601529,0.0,0.3347999881953001,33
1306,34,0,18.878716458747324,0.3775743291749465,0.5552563664337448,2,2,2,2,0,0.0024854716026254664,17.0,0.06120000034570694,0
1307,34,1,18.872356362725213,0.37744712725450424,0.5550693047860359,6,1,5,5,36,0.006360096022124395,694.0,0.3016000264324248,33
1308,34,2,18.861888936228947,0.3772377787245789,0.5547614393008514,8,1,6,2,38,0.01046742649628385,294.0,0.3082000184804201,64
1309,34,0,18.83674615466343,0.3767349230932686,0.554021945725395,5,3,5,3,0,0.02514278156551697,17.0,0.05339999916031957,0
1310,34,3,18.81146588721372,0.3762293177442744,0.5532784084474623,6,2,4,3,40,0.02528026744972678,264.0,0.30800001695752144,93
1311,34,2,18.802164348705155,0.3760432869741031,0.5530048337854457,5,2,3,2,38,0.00930153850858062,354.0,0.3008000203408301,64
1312,34,1,18.786273490897297,0.37572546981794597,0.5525374556146264,9,0,8,0,36,0.015890857807864478,0.0,0.30040001729503274,33
1313,34,1,18.77769764365896,0.3755539528731792,0.552285224813499,5,1,4,4,36,0.008575847238347478,694.0,0.30990003142505884,33
1314,34,1,18.76993582603823,0.37539871652076456,0.5520569360599479,7,1,7,7,36,0.007761817620743017,694.0,0.33879996044561267,33
1315,34,2,18.762054952448196,0.3752410990489639,0.5518251456602412,6,2,4,4,38,0.007880873590046633,354.0,0.28360000578686595,64
1316,34,3,18.751817183608367,0.3750363436721673,0.5515240348120108,4,2,2,2,40,0.010237768839850503,274.0,0.2825999981723726,93
1317,34,1,18.739925932141027,0.37479851864282054,0.5511742921217948,3,0,2,0,36,0.01189125146734682,0.0,0.2829000004567206,33
1318,34,5,18.710979939378362,0.3742195987875672,0.5503229393934812,9,3,6,5,44,0.028945992762690054,147.33333333333334,0.2685000072233379,145
1319,34,1,18.703506518077244,0.3740701303615449,0.5501031328846249,6,1,5,5,36,0.007473421301128269,694.0,0.27900002896785736,33
1320,34,2,18.69050420953206,0.3738100841906412,0.5497207120450608,7,1,5,4,38,0.01300230854519313,374.0,0.30590000096708536,64
1321,34,3,18.66823390193725,0.37336467803874496,0.5490657029981545,7,1,4,1,40,0.022270307594826733,314.0,0.3025000332854688,93
1322,34,2,18.66022830810747,0.3732045661621494,0.5488302443561021,7,2,5,5,38,0.008005593829800262,354.0,0.3035000408999622,64
1323,34,1,18.65409492267151,0.3730818984534302,0.5486498506668092,5,1,5,5,36,0.006133385435973082,694.0,0.3373000072315335,33
1324,34,0,18.64043487005938,0.3728086974011876,0.5482480844135111,2,2,2,2,0,0.013660052612131324,17.0,0.06349995965138078,0
1325,34,2,18.622858511275208,0.3724571702255042,0.5477311326845651,8,1,6,1,38,0.01757635878417929,134.0,0.29260001610964537,64
1326,34,0,18.60665096661115,0.372133019332223,0.5472544401944456,3,3,3,3,0,0.01620754466405927,17.0,0.053800002206116915,0
1327,34,0,18.589432214291552,0.371788644285831,0.5467480063026927,2,2,2,2,0,0.017218752319600128,17.0,0.0619000056758523,0
1328,34,1,18.585663571528215,0.3717132714305643,0.5466371638684769,2,1,1,1,36,0.0037686427633474295,694.0,0.305800000205636,33
1329,34,3,18.572941112268968,0.37145882224537935,0.5462629738902639,4,0,3,0,40,0.012722459259265406,0.0,0.3036000416614115,93
1330,34,3,18.555182194143885,0.3711036438828777,0.5457406527689377,7,2,5,4,40,0.017758918125096557,254.0,0.2840000088326633,93
1331,34,2,18.541901545648074,0.37083803091296147,0.5453500454602375,4,2,2,2,38,0.013280648495829439,354.0,0.28979999478906393,64
1332,34,2,18.532824864417222,0.37065649728834443,0.5450830842475655,2,1,1,1,38,0.009076681230858696,614.0,0.3008000203408301,64
1333,34,2,18.513251205239836,0.3702650241047967,0.5445073883894069,4,1,2,1,38,0.019573659177403613,454.0,0.30070001957938075,64
1334,34,1,18.50856230877931,0.3701712461755862,0.5443694796699797,2,1,1,1,36,0.004688896460542935,694.0,0.34389999927952886,33
1335,34,0,18.50856230877931,0.3701712461755862,0.5443694796699797,0,0,0,0,0,0.0,0.0,0.047900015488266945,0
1336,34,3,18.50305713244042,0.3700611426488084,0.544207562718836,1,1,1,1,40,0.005505176338900242,234.0,0.27469999622553587,93
1337,34,0,18.487342459808026,0.3697468491961605,0.543745366464942,2,2,2,2,0,0.015714672632398674,17.0,0.03980001201853156,0
1338,34,2,18.481050195913937,0.36962100391827873,0.5435602998798217,4,1,3,3,38,0.0062922638941032005,514.0,0.38439995842054486,64
1339,34,5,18.466528994159162,0.36933057988318324,0.5431332057105636,5,2,3,2,44,0.014521201754796209,184.0,0.2809999859891832,145
1340,34,4,18.460339944247387,0.36920679888494773,0.5429511748308055,2,1,1,1,42,0.006189049911789368,234.0,0.311999989207834,120
1341,34,3,18.454642164375144,0.3690928432875029,0.5427835930698572,3,1,2,2,40,0.005697779872257058,214.0,0.31269999453797936,93
1342,34,1,18.43456851580892,0.3686913703161784,0.5421931916414388,4,0,3,0,36,0.020073648566238944,0.0,0.3239999641664326,33
1343,34,4,18.414787670056025,0.36829575340112053,0.5416114020604712,4,2,2,2,42,0.019780845752919163,214.0,0.3600000054575503,120
1344,34,1,18.40768532829748,0.3681537065659496,0.5414025096558082,2,1,1,1,36,0.007102341758553621,694.0,0.3256000345572829,33
1345,34,1,18.40263800803646,0.36805276016072924,0.541254059059896,4,1,3,3,36,0.005047320261027721,694.0,0.33190002432093024,33
1346,34,1,18.388932277803242,0.3677786455560648,0.5408509493471542,6,0,5,0,36,0.013705730233226632,0.0,0.3114999854005873,33
1347,34,2,18.38273931672356,0.3676547863344712,0.5406688034330458,4,1,3,3,38,0.006192961079698023,434.0,0.30449999030679464,64
1348,34,2,18.365790870829784,0.3673158174165957,0.5401703197302876,5,1,3,2,38,0.01694844589379585,414.0,0.3106000367552042,64
1349,34,1,18.35886790958602,0.3671773581917204,0.5399667032231183,7,1,6,6,36,0.006922961243766679,694.0,0.3084000200033188,33
1350,34,2,18.347187442961825,0.36694374885923653,0.5396231600871126,6,0,5,0,38,0.011680466624213182,0.0,0.31779997516423464,64
1351,34,1,18.341538350250424,0.3668307670050085,0.5394570103014831,4,1,3,3,36,0.005649092711415449,694.0,0.3087000222876668,33
1352,34,1,18.337448557310218,0.36674897114620436,0.5393367222738298,3,1,2,2,36,0.00408979294022771,694.0,0.31269999453797936,33
1353,34,2,18.331678812091084,0.3666335762418217,0.5391670238850319,2,1,1,1,38,0.005769745219140532,454.0,0.30289997812360525,64
1354,34,1,18.32811890377411,0.36656237807548225,0.5390623206992384,2,1,1,1,36,0.0035599083169870482,694.0,0.3016999689862132,33
1355,34,0,18.32811890377411,0.36656237807548225,0.5390623206992384,0,0,0,0,0,0.0,0.0,0.041300023440271616,0
1356,34,2,18.325686580768043,0.3665137316153608,0.5389907817872954,0,0,0,0,38,0.002432323006075876,0.0,0.31919998582452536,64
1357,34,1,18.32374854836749,0.3664749709673498,0.5389337808343377,0,0,0,0,36,0.0019380324005737748,0.0,0.3090000245720148,33
1358,33,2,18.320175355655618,0.36640350711311237,0.5551568289592612,2,1,1,1,37,0.003573192711876061,94.0,0.3035000408999622,64
1359,33,1,18.31758707985088,0.3663517415970176,0.5550783963591176,0,0,0,0,35,0.0025882758047615084,0.0,0.2937999670393765,32
1360,33,2,18.31134950891653,0.36622699017833055,0.5548893790580767,4,2,2,2,37,0.006237570934366943,344.0,0.31380000291392207,62
1361,33,0,18.310856636884864,0.3662171327376973,0.5548744435419656,1,1,1,1,0,0.0004928720316641488,17.0,0.06340001709759235,0
1362,33,3,18.308347957015933,0.36616695914031866,0.5547984229398768,0,0,0,0,39,0.0025086798689457623,0.0,0.3732999903149903,90
1363,33,2,18.301503546242586,0.36603007092485174,0.5545910165528056,2,0,1,0,37,0.006844410773361176,0.0,0.31949998810887337,62
1364,33,3,18.296592133604122,0.36593184267208245,0.5544421858667917,4,2,2,2,39,0.004911412638470836,314.0,0.3022000310011208,90
1365,33,2,18.290866274985028,0.3658173254997006,0.5542686749995464,2,0,1,0,37,0.005725858619115343,0.0,0.38679997669532895,62
1366,33,1,18.268866051921616,0.36537732103843235,0.5536020015733824,3,1,2,2,35,0.022000223063422197,674.0,0.3040999872609973,32
1367,33,2,18.26509609692213,0.3653019219384426,0.5534877605127919,2,1,1,1,37,0.0037699549994982817,594.0,0.2975999959744513,62
1368,33,1,18.259011284436443,0.3651802256887289,0.5533033722556497,3,1,3,3,35,0.006084812485703139,674.0,0.3133999998681247,32
1369,33,1,18.25342655868632,0.36506853117372645,0.5531341381420097,2,0,1,0,35,0.005584725750125585,0.0,0.30289997812360525,32
1370,33,0,18.235860098733017,0.36471720197466034,0.5526018211737277,3,3,3,3,0,0.017566459953307856,17.0,0.04700000863522291,0
1371,33,2,18.224790850288656,0.3644958170057731,0.5522663894026866,6,2,4,4,37,0.011069248444371738,344.0,0.30230003176257014,62
1372,33,3,18.204747226650653,0.36409494453301305,0.5516590068682016,4,2,2,2,39,0.02004362363801704,254.0,0.29749999521300197,90
1373,33,1,18.190201032656155,0.3638040206531231,0.5512182131107924,5,0,4,0,35,0.01454619399451218,0.0,0.3014000249095261,32
1374,33,1,18.171273136460222,0.36342546272920445,0.5506446404987945,4,0,3,0,35,0.018927896195940264,0.0,0.3000000142492354,32
1375,33,0,18.160458229985935,0.3632091645997187,0.55031691606018,4,3,4,3,0,0.010814906474280406,17.0,0.041700026486068964,0
1376,33,5,18.146069911243693,0.36292139822487385,0.549880906401324,5,2,3,2,43,0.0143883187422702,194.0,0.2886999864131212,140
1377,33,1,18.135515653579382,0.36271031307158763,0.5495610804114964,5,0,4,0,35,0.01055425766431739,0.0,0.29150000773370266,32
1378,33,2,18.127778223203357,0.36255556446406717,0.5493266128243441,6,2,4,4,37,0.007737430376039356,344.0,0.28220005333423615,62
1379,33,1,18.1188508137124,0.36237701627424795,0.5490560852640122,6,1,5,5,35,0.008927409490972593,674.0,0.2911000046879053,32
1380,33,1,18.106498344551625,0.3621299668910325,0.548681768016716,3,0,2,0,35,0.01235246916078836,0.0,0.31569995917379856,32
1381,33,0,18.103450389244507,0.36206900778489015,0.5485894057346822,1,1,1,1,0,0.0030479553071103282,17.0,0.09929999941959977,0
1382,33,1,18.099033943140288,0.36198067886280577,0.5484555740345541,3,1,2,2,35,0.004416446104237082,674.0,0.3163999645039439,32
1383,33,1,18.091480345940887,0.36182960691881777,0.5482266771497237,4,1,3,3,35,0.007553597199414952,674.0,0.31230004969984293,32
1384,33,1,18.086946430779456,0.3617389286155891,0.5480892857811958,4,1,3,3,35,0.004533915161438529,674.0,0.30910002533346415,32
1385,33,3,18.076125452664392,0.36152250905328787,0.5477613773534663,5,0,4,0,39,0.010820978115084756,0.0,0.30369998421519995,90
1386,33,0,18.06885137352889,0.3613770274705778,0.5475409507129967,2,1,2,1,0,0.007274079135505929,17.0,0.057100027333945036,0
1387,33,1,18.06236387175927,0.3612472774351854,0.547344359750281,6,1,5,5,35,0.0064875017696301995,674.0,0.31540001509711146,32
1388,33,4,18.049291082203236,0.36098582164406473,0.5469482146122194,6,2,4,2,41,0.013072789556051845,194.0,0.29360002372413874,116
1389,33,2,18.039115570251955,0.3607823114050391,0.5466398657652108,7,1,6,4,37,0.010175511951295846,394.0,0.3173999721184373,62
1390,33,5,18.02679244307273,0.36053584886145457,0.5462664376688707,5,3,4,4,43,0.012323127179243443,207.33333333333334,0.2702000201679766,140
1391,33,3,18.015140608630176,0.3603028121726035,0.545913351776672,7,3,4,4,39,0.01165183444257778,234.0,0.291000003926456,90
1392,33,4,18.00622773198375,0.36012455463967497,0.5456432646055681,9,3,7,7,41,0.0089128766464448,207.33333333333334,0.2597999991849065,116
1393,33,2,17.990586764975077,0.35981173529950156,0.5451692959083356,7,1,6,3,37,0.015640967008689444,494.0,0.2662999904714525,62
1394,33,2,17.982282298975512,0.35964564597951026,0.5449176454235004,8,2,6,6,37,0.00830446599957213,344.0,0.2894999925047159,62
1395,32,0,17.9566267752228,0.359132535504456,0.5611445867257127,6,3,6,3,0,0.025655523752718068,17.0,0.03490003291517496,0
1396,32,0,17.94810606718446,0.3589621213436892,0.5608783145995144,5,4,5,4,0,0.008520708038332714,17.0,0.0363999861292541,0
1397,32,0,17.926609534491792,0.35853219068983583,0.5602065479528686,6,6,6,6,0,0.021496532692673043,17.0,0.03619998460635543,0
1398,32,3,17.915597034377697,0.35831194068755395,0.559862407324303,8,1,6,3,38,0.011012500114105706,334.0,0.25859999004751444,87
1399,32,0,17.898209134606883,0.35796418269213764,0.559319035456465,5,4,5,4,0,0.017387899770817228,17.0,0.03060000017285347,0
1400,32,0,17.88930301465709,0.3577860602931418,0.5590407192080341,2,2,2,2,0,0.008906119949791957,17.0,0.06420002318918705,0
1401,32,1,17.88402077265228,0.35768041545304563,0.5588756491453838,5,1,4,4,34,0.005282242004817306,654.0,0.291000003926456,31
1402,32,2,17.873698807779366,0.35747397615558735,0.5585530877431053,4,1,2,1,36,0.010321964872936462,174.0,0.285100017208606,60
1403,32,1,17.86638749047759,0.3573277498095518,0.5583246090774245,5,1,4,4,34,0.007311317301791576,654.0,0.2921999548561871,31
1404,32,1,17.8566319110516,0.35713263822103203,0.5580197472203626,4,0,3,0,34,0.009755579425984706,0.0,0.2880999818444252,31
1405,32,3,17.850853014018114,0.3570170602803623,0.557839156688066,4,1,3,3,38,0.005778897033508201,154.0,0.2884000423364341,87
1406,32,2,17.84218536347063,0.3568437072694126,0.5575682926084571,2,1,1,1,36,0.008667650547508288,314.0,0.2802000381052494,60
1407,32,2,17.836110276595747,0.3567222055319149,0.5573784461436171,3,0,2,0,36,0.0060750868748868925,0.0,0.29669998912140727,60
1408,32,2,17.8313565233983,0.35662713046796596,0.5572298913561968,4,2,3,3,36,0.004753753197462629,334.0,0.2820999943651259,60
1409,32,1,17.822392626693073,0.35644785253386146,0.5569497695841585,7,1,6,6,34,0.00896389670523945,654.0,0.30129996594041586,31
1410,32,0,17.810269119140628,0.3562053823828126,0.5565709099731446,5,5,5,5,0,0.01212350755244529,17.0,0.048600020818412304,0
1411,32,1,17.781430966959235,0.3556286193391847,0.5556697177174762,4,0,3,0,34,0.02883815218140029,0.0,0.2954999799840152,31
1412,32,3,17.772051192825266,0.35544102385650533,0.5553765997757896,7,2,5,5,38,0.009379774133982721,284.0,0.2894999925047159,87
1413,32,4,17.752228836850165,0.3550445767370033,0.5547571511515677,10,3,6,4,40,0.01982235597512272,167.33333333333334,0.25209999876096845,112
1414,32,1,17.74185306909171,0.35483706138183424,0.5544329084091162,7,1,6,6,34,0.010375767758461052,654.0,0.2756000030785799,31
1415,32,4,17.73104469805233,0.35462089396104657,0.5540951468141353,8,2,5,2,40,0.010808371039402687,174.0,0.2674999996088445,112
1416,32,0,17.72085981788176,0.3544171963576352,0.553776869308805,5,3,5,3,0,0.010184880170569954,17.0,0.053099996875971556,0
1417,32,0,17.714994643770282,0.35429989287540564,0.5535935826178213,3,2,3,2,0,0.0058651741114701395,17.0,0.03570003900676966,0
1418,32,1,17.704687906927777,0.35409375813855554,0.5532714970914931,7,1,6,5,34,0.010306736842522923,654.0,0.2634000265970826,31
1419,32,3,17.69235559016458,0.35384711180329165,0.5528861121926432,7,1,5,4,38,0.012332316763213669,354.0,0.2631000243127346,87
1420,32,4,17.6819251803585,0.35363850360717003,0.552560161886203,8,2,5,3,40,0.01043040980610499,144.0,0.29529997846111655,112
1421,32,0,17.669254113019626,0.3533850822603925,0.5521641910318633,4,1,4,1,0,0.012671067338864361,17.0,0.06689998554065824,0
1422,32,1,17.66118445446398,0.35322368908927965,0.5519120142019994,7,1,6,6,34,0.008069658555662329,654.0,0.30020001577213407,31
1423,32,2,17.65182968166893,0.3530365936333786,0.5516196775521541,4,0,3,0,36,0.009354772795063582,0.0,0.31259999377653,60
1424,32,0,17.637007891927738,0.3527401578385547,0.5511564966227418,6,6,6,6,0,0.014821789741183977,17.0,0.062199949752539396,0
1425,32,1,17.626862507768358,0.3525372501553672,0.5508394533677612,5,0,4,0,34,0.010145384159400805,0.0,0.2855999628081918,31
1426,32,2,17.60776880550566,0.3521553761101132,0.5502427751720519,6,1,4,2,36,0.01909370226271534,234.0,0.3002999583259225,60
1427,32,1,17.603273905468996,0.35206547810937994,0.5501023095459061,4,1,3,3,34,0.004494900036675631,654.0,0.28389994986355305,31
1428,32,4,17.592046742780532,0.35184093485561063,0.5497514607118916,4,2,2,2,40,0.011227162688484782,224.0,0.2831999445334077,112
1429,32,3,17.583132446371785,0.3516626489274357,0.5494728889491183,6,2,4,4,38,0.008914296408761402,234.0,0.2856000210158527,87
1430,32,1,17.568420078522095,0.3513684015704419,0.5490131274538155,8,0,7,0,34,0.014712367849696761,0.0,0.27679995400831103,31
1431,32,1,17.562962851706978,0.35125925703413957,0.548842589115843,4,1,3,3,34,0.005457226815138938,654.0,0.2818999928422272,31
1432,32,1,17.557959994995464,0.3511591998999093,0.5486862498436083,3,1,3,3,34,0.005002856711513459,654.0,0.2767000114545226,31
1433,32,2,17.551977865803416,0.3510395573160683,0.5484993083063567,6,1,6,6,36,0.005982129192069863,614.0,0.2741999924182892,60
1434,32,1,17.54657905723822,0.35093158114476436,0.5483305955386943,5,1,4,4,34,0.005398808565203694,654.0,0.28959999326616526,31
1435,32,2,17.53940771510257,0.3507881543020514,0.5481064910969553,5,1,4,4,36,0.007171342135656289,494.0,0.28139998903498054,60
1436,32,3,17.533901535401014,0.3506780307080203,0.5479344229812817,5,2,3,3,38,0.005506179701576741,214.0,0.2788999699987471,87
1437,32,0,17.53108546681672,0.3506217093363344,0.5478464208380225,2,2,2,2,0,0.002816068584287734,17.0,0.03570003900676966,0
1438,32,2,17.524872628062965,0.3504974525612593,0.5476522696269677,5,2,4,4,36,0.006212838753775429,334.0,0.2565999748185277,60
1439,32,1,17.51981530844903,0.3503963061689806,0.5474942283890321,5,1,4,4,34,0.005057319613946731,654.0,0.2626000205054879,31
1440,32,2,17.513103362601278,0.3502620672520256,0.5472844800812899,6,2,5,5,36,0.00671194584776913,334.0,0.28929999098181725,60
1441,32,0,17.50070579737725,0.350014115947545,0.5468970561680391,3,3,3,3,0,0.012397565224027574,17.0,0.06880000000819564,0
1442,32,3,17.4877194280918,0.349754388561836,0.5464912321278688,4,1,2,1,38,0.01298636928546415,174.0,0.2826999989338219,87
1443,32,0,17.474357581604387,0.34948715163208777,0.5460736744251371,4,4,4,4,0,0.013361846487413231,17.0,0.058500037994235754,0
1444,32,3,17.46487423498764,0.3492974846997528,0.5457773198433638,6,1,4,3,38,0.009483346616761423,314.0,0.32140000257641077,87
1445,32,2,17.45104589286089,0.3490209178572178,0.5453451841519028,6,0,5,0,36,0.013828342126764426,0.0,0.28139998903498054,60
1446,32,1,17.446540453128968,0.34893080906257934,0.5452043891602802,4,1,3,3,34,0.004505439731936178,654.0,0.2962000435218215,31
1447,32,0,17.430733768823952,0.34861467537647906,0.5447104302757485,3,2,3,2,0,0.015806684305012197,17.0,0.05269999383017421,0
1448,32,1,17.42346121009411,0.3484692242018822,0.5444831628154411,4,1,4,4,34,0.007272558729845002,654.0,0.27979997685179114,31
1449,32,2,17.416759368120154,0.3483351873624031,0.5442737302537548,6,2,4,4,36,0.006701841973978162,334.0,0.27550000231713057,60
1450,32,4,17.4094968039609,0.348189936079218,0.5440467751237781,5,2,4,4,40,0.007262564159269402,254.0,0.27840002439916134,112
1451,32,1,17.39740295379263,0.3479480590758526,0.5436688423060198,6,1,5,5,34,0.012093850168277243,654.0,0.2823999966494739,31
1452,32,1,17.391477763931114,0.3478295552786223,0.5434836801228473,5,1,4,4,34,0.005925189861528679,654.0,0.29280001763254404,31
1453,32,3,17.378283969427883,0.34756567938855765,0.5430713740446214,5,1,3,2,38,0.013193794503237655,274.0,0.28390000807121396,87
1454,32,3,17.368136850796606,0.3473627370159321,0.542754276587394,5,1,3,2,38,0.010147118631294916,254.0,0.27320004301145673,87
1455,32,0,17.34669906984858,0.34693398139697157,0.542084345932768,5,4,5,4,0,0.021437780948033947,17.0,0.039000005926936865,0
1456,32,3,17.336701843425928,0.34673403686851856,0.5417719326070602,6,2,4,2,38,0.009997226422662209,134.0,0.2725999802350998,87
1457,32,2,17.32870348165085,0.346574069633017,0.5415219838015891,6,0,5,0,36,0.007998361775094054,0.0,0.2597999991849065,60
1458,32,1,17.31476902430288,0.34629538048605757,0.541086532009465,5,1,4,3,34,0.013934457347978935,654.0,0.2810999867506325,31
1459,32,0,17.313899072376167,0.3462779814475233,0.5410593460117552,1,1,1,1,0,0.0008699519267167943,17.0,0.030099996365606785,0
1460,32,1,17.302697106991896,0.3460539421398379,0.5407092845934967,7,0,6,0,34,0.01120196538428786,0.0,0.291000003926456,31
1461,32,3,17.29551299545164,0.34591025990903285,0.5404847811078639,6,2,4,4,38,0.007184111540261995,204.0,0.30610000248998404,87
1462,32,2,17.278210259885125,0.3455642051977025,0.5399440706214103,8,0,6,0,36,0.017302735566524063,0.0,0.29559998074546456,60
1463,32,1,17.266471356987097,0.34532942713974196,0.5395772299058468,7,0,6,0,34,0.011738902898045467,0.0,0.29690004885196686,31
1464,32,1,17.25248016046929,0.34504960320938577,0.5391400050146653,6,0,5,0,34,0.013991196517821436,0.0,0.3081000177189708,31
1465,32,1,17.24807814288655,0.34496156285773094,0.5390024419652046,2,1,1,1,34,0.004402017582748385,654.0,0.28310000197961926,31
1466,32,3,17.238507450868944,0.3447701490173789,0.5387033578396545,7,3,5,5,38,0.009570692017618398,227.33333333333334,0.27279998175799847,87
1467,32,1,17.22722613818993,0.3445445227637986,0.5383508168184354,7,1,6,6,34,0.011281312679024325,654.0,0.29340002220124006,31
1468,32,0,17.217887457851447,0.34435774915702894,0.5380589830578577,4,4,4,4,0,0.009338680338480287,17.0,0.056500022765249014,0
1469,32,1,17.2129914876771,0.344259829753542,0.5379059839899094,2,1,1,1,34,0.004895970174359832,654.0,0.27929997304454446,31
1470,32,3,17.206734118728455,0.3441346823745691,0.5377104412102642,5,2,3,3,38,0.006257368948666908,314.0,0.28709997422993183,87
1471,32,3,17.200426692340066,0.3440085338468013,0.5375133341356271,4,2,3,3,38,0.006307426388403314,314.0,0.2668999950401485,87
1472,32,2,17.196431473966598,0.34392862947933195,0.5373884835614562,3,1,2,2,36,0.003995218373475495,354.0,0.30369998421519995,60
1473,32,2,17.19076754673081,0.34381535093461624,0.5372114858353378,2,1,1,1,36,0.005663927235801225,414.0,0.2685000072233379,60
1474,32,1,17.184661893749478,0.34369323787498957,0.5370206841796712,3,0,2,0,34,0.006105652981347021,0.0,0.2864000271074474,31
1475,32,2,17.175896022450587,0.34351792044901175,0.5367467507015808,5,1,3,2,36,0.008765871298898276,174.0,0.27000001864507794,60
1476,32,1,17.16715885762025,0.34334317715240503,0.5364737143006328,5,1,4,4,34,0.008737164830350252,654.0,0.2863999688997865,31
1477,32,0,17.1665951208073,0.34333190241614603,0.5364560975252282,1,1,1,1,0,0.0005637368129569609,17.0,0.03590004052966833,0
1478,32,2,17.159235855450817,0.3431847171090163,0.536226120482838,6,2,5,5,36,0.007359265356498668,334.0,0.2739999908953905,60
1479,32,2,17.15027909653616,0.34300558193072317,0.535946221766755,8,2,6,6,36,0.008956758914663965,334.0,0.255499966442585,60
1480,32,1,17.14275375807504,0.3428550751615008,0.535711054939845,3,1,2,2,34,0.007525338461135789,654.0,0.31019997550174594,31
1481,32,2,17.129934967385488,0.34259869934770976,0.5353104677307965,7,2,5,5,36,0.012818790689557602,334.0,0.2930000191554427,60
1482,32,3,17.12588705137253,0.3425177410274506,0.5351839703553916,2,1,1,1,38,0.004047916012972053,254.0,0.2975999959744513,87
1483,32,1,17.12084347392269,0.3424168694784538,0.5350263585600841,4,1,3,3,34,0.005043577449853842,654.0,0.28629996813833714,31
1484,32,3,17.10806104412716,0.34216122088254325,0.5346269076289738,4,2,3,3,38,0.012782429795549888,114.0,0.2894999925047159,87
1485,32,1,17.09662103320886,0.3419324206641772,0.5342694072877768,6,0,5,0,34,0.011440010918306598,0.0,0.29340002220124006,31
1486,32,0,17.092460449493455,0.3418492089898691,0.5341393890466704,2,2,2,2,0,0.004160583715403732,17.0,0.07399998139590025,0
1487,32,2,17.080030443030232,0.3416006088606046,0.5337509513446947,5,1,4,3,36,0.012430006463240773,334.0,0.27769996086135507,60
1488,32,2,17.076572912691518,0.34153145825383036,0.5336429035216098,2,1,1,1,36,0.0034575303387285317,234.0,0.28500001644715667,60
1489,32,3,17.06156215008051,0.3412312430016102,0.533173817190016,5,1,3,2,38,0.015010762611026962,354.0,0.2770000137388706,87
1490,32,0,17.047441484182293,0.34094882968364587,0.5327325463806966,3,2,3,2,0,0.01412066589821137,17.0,0.05059997783973813,0
1491,32,1,17.041855419397432,0.3408371083879487,0.5325579818561699,2,0,1,0,34,0.005586064784864675,0.0,0.2770000137388706,31
1492,32,0,17.032985775313044,0.3406597155062609,0.5322808054785326,3,3,3,3,0,0.008869644084391837,17.0,0.0447999918833375,0
1493,32,3,17.02391858440538,0.3404783716881076,0.5319974557626679,7,2,5,4,38,0.00906719090768604,204.0,0.2615000121295452,87
1494,32,1,17.020312535446458,0.34040625070892916,0.5318847667327018,2,1,1,1,34,0.003606048958928909,654.0,0.2943000290542841,31
1495,32,2,17.00330482846662,0.34006609656933245,0.5313532758895819,5,1,3,2,36,0.017007706979853765,394.0,0.27050002245232463,60
1496,32,3,16.99475473451682,0.3398950946903364,0.5310860854536505,3,1,2,1,38,0.008550093949814652,254.0,0.2911000046879053,87
1497,32,2,16.986990934457808,0.33973981868915615,0.5308434667018065,6,2,4,4,36,0.007763800059017001,334.0,0.26210001669824123,60
1498,32,2,16.980897524940133,0.33961795049880267,0.5306530476543792,4,1,4,4,36,0.006093409517688997,594.0,0.2710000262595713,60
1499,32,0,16.960376075267963,0.33920752150535927,0.5300117523521238,5,3,5,3,0,0.02052144967217373,17.0,0.02889998722821474,0
1500,32,2,16.953065453134982,0.33906130906269966,0.5297832954104682,7,2,5,5,36,0.007310622132990829,334.0,0.30230003176257014,60
1501,32,0,16.94114468814132,0.3388228937628264,0.5294107715044164,5,4,5,4,0,0.011920764993661237,17.0,0.059999991208314896,0
1502,32,3,16.928899328734463,0.33857798657468924,0.5290281040229519,6,1,4,2,38,0.012245359406875878,354.0,0.28089998522773385,87
1503,32,1,16.918774761183386,0.3383754952236677,0.5287117112869808,5,1,4,3,34,0.01012456755110236,654.0,0.31479995232075453,31
1504,32,2,16.913887621358505,0.3382777524271701,0.5285589881674534,2,1,1,1,36,0.004887139824887754,474.0,0.28110004495829344,60
1505,32,1,16.896249679301153,0.33792499358602307,0.528007802478161,4,1,3,2,34,0.017637942057362466,654.0,0.2962999860756099,31
1506,32,3,16.88576929912128,0.33771538598242556,0.52768029059754,9,1,7,4,38,0.010480380179892279,354.0,0.28310000197961926,87
1507,32,1,16.872286229334684,0.3374457245866937,0.5272589446667089,7,0,6,0,34,0.013483069786595081,0.0,0.2809999859891832,31
1508,32,2,16.863962262797223,0.33727924525594444,0.5269988207124132,5,1,4,2,36,0.008323966537474803,214.0,0.2855999628081918,60
1509,31,1,16.850612711625786,0.33701225423251574,0.5435681519879287,4,0,3,0,34,0.013349551171444318,0.0,0.29850000282749534,31
1510,31,1,16.844298766614465,0.3368859753322893,0.543364476342402,7,1,6,6,33,0.0063139450113425255,634.0,0.30999997397884727,30
1511,31,1,16.839986214407837,0.33679972428815674,0.5432253617550915,4,1,4,4,33,0.00431255220664184,634.0,0.26929995510727167,30
1512,31,1,16.828683950536373,0.33657367901072743,0.5428607725979474,6,0,5,0,33,0.011302263871471041,0.0,0.28360000578686595,30
1513,31,3,16.812493824258752,0.336249876485175,0.5423385104599597,9,2,7,4,37,0.016190126277635386,154.0,0.2620000159367919,84
1514,31,0,16.79583249926389,0.3359166499852778,0.5418010483633513,6,4,6,4,0,0.016661324994871052,17.0,0.045900000259280205,0
1515,31,3,16.789394864911046,0.3357878972982209,0.5415933827390661,6,1,5,5,37,0.006437634352849386,514.0,0.25069998810067773,84
1516,31,2,16.778108696222844,0.33556217392445686,0.5412293127813822,5,2,3,3,35,0.011286168688215525,324.0,0.2680000034160912,58
1517,31,3,16.76945640733073,0.3353891281466146,0.540950206688088,7,3,4,4,37,0.00865228889213654,220.66666666666666,0.2638999721966684,84
1518,31,2,16.75603087608468,0.3351206175216936,0.5405171250349896,5,1,3,1,35,0.013425531246063827,334.0,0.2531000063754618,58
1519,31,0,16.71883591919158,0.3343767183838316,0.5393172877158574,9,6,9,6,0,0.03719495689309582,17.0,0.029699993319809437,0
1520,31,1,16.703542161958964,0.3340708432391793,0.5388239407083538,9,1,9,8,33,0.015293757232626604,634.0,0.3434999962337315,30
1521,31,3,16.691823808253215,0.3338364761650643,0.5384459292984908,9,1,7,4,37,0.011718353705767015,214.0,0.2750999992713332,84
1522,31,3,16.682848780715695,0.3336569756143139,0.5381564122811516,9,3,6,6,37,0.008975027537537983,220.66666666666666,0.25949999690055847,84
1523,31,1,16.67353073869477,0.3334706147738954,0.5378558302804763,5,1,4,4,33,0.009318042020936446,634.0,0.2645000349730253,30
1524,31,2,16.667283716010182,0.3333456743202036,0.5376543134196833,6,2,4,4,35,0.006247022684604531,324.0,0.29180001001805067,58
1525,31,1,16.66158761148624,0.3332317522297248,0.5374705681124593,4,1,4,4,33,0.005696104523948975,634.0,0.2737000468187034,30
1526,31,3,16.64505550947122,0.3329011101894244,0.5369372744990716,9,0,7,0,37,0.01653210201503441,0.0,0.25540002388879657,84
1527,31,2,16.635241936555804,0.33270483873111606,0.5366207076308324,6,0,6,0,35,0.009813572915426505,0.0,0.2617000136524439,58
1528,31,0,16.610733814031782,0.33221467628063567,0.5358301230332831,7,5,7,5,0,0.024508122524025566,17.0,0.04529999569058418,0
1529,31,0,16.59609962793542,0.3319219925587084,0.5353580525140457,5,4,5,4,0,0.014634186096365909,17.0,0.04449998959898949,0
1530,31,4,16.570174022829963,0.3314034804565993,0.5345217426719344,11,2,8,3,39,0.025925605105470595,164.0,0.24349999148398638,108
1531,31,2,16.563350469057802,0.33126700938115605,0.5343016280341227,6,2,4,4,35,0.00682355377217192,324.0,0.25919999461621046,58
1532,31,1,16.55662562636369,0.3311325125272738,0.5340846976246352,6,1,5,5,33,0.00672484269412621,634.0,0.25759998243302107,30
1533,31,1,16.548544239031237,0.33097088478062475,0.533824007710685,7,1,6,6,33,0.00808138733246011,634.0,0.264100031927228,30
1534,31,3,16.53729872973856,0.3307459745947712,0.533461249346405,10,2,7,6,37,0.01124550929269219,244.0,0.2665999927558005,84
1535,31,0,16.510226923866618,0.3302045384773324,0.5325879652860199,6,4,6,4,0,0.027071805871941024,17.0,0.03559998003765941,0
1536,31,0,16.482144898352935,0.3296428979670587,0.5316820934952561,9,7,9,7,0,0.028082025513683107,17.0,0.03370002377778292,0
1537,31,3,16.467307478691026,0.3293461495738205,0.5312034670545493,9,3,7,7,37,0.01483741966192298,220.66666666666666,0.2471000188961625,84
1538,31,1,16.46063764122627,0.3292127528245254,0.530988311007299,8,1,7,7,33,0.006669837464770012,634.0,0.25079998886212707,30
1539,31,0,16.432019942991634,0.32864039885983265,0.5300651594513431,7,5,7,5,0,0.028617698234633338,17.0,0.030099996365606785,0
1540,31,1,16.423456734730216,0.3284691346946043,0.5297889269267811,9,1,9,9,33,0.008563208261435307,634.0,0.29009999707341194,30
1541,31,3,16.41598608515006,0.32831972170300117,0.529547938230647,9,2,8,8,37,0.00747064958017063,294.0,0.28450001263991,84
1542,31,0,16.393487194299738,0.32786974388599477,0.5288221675580559,5,4,5,4,0,0.02249889085032919,17.0,0.057100027333945036,0
1543,31,4,16.38160034070181,0.32763200681403615,0.5284387206678003,10,1,8,3,37,0.011886853597943059,254.0,0.25720003759488463,108
1544,31,1,16.37478993488301,0.3274957986976602,0.5282190301575164,7,1,7,7,33,0.006810405818811205,634.0,0.3989000106230378,30
1545,31,2,16.366555608338942,0.32733111216677885,0.5279534067206112,7,1,6,6,35,0.008234326544076964,494.0,0.2774999593384564,58
1546,31,0,16.345375218780557,0.3269075043756111,0.52727016834776,7,5,7,5,0,0.021180389558388413,17.0,0.08020002860575914,0
1547,31,1,16.334092059272265,0.3266818411854453,0.5269061954603956,8,1,7,7,33,0.011283159508309382,634.0,0.27760001830756664,30
1548,31,0,16.31637397306999,0.3263274794613998,0.5263346442925803,7,6,7,6,0,0.017718086202272332,17.0,0.050200033001601696,0
1549,31,2,16.299528417905982,0.3259905683581196,0.5257912392872898,8,1,6,5,35,0.016845555164017867,514.0,0.28520001797005534,58
1550,31,2,16.292846142471667,0.32585692284943335,0.525575682015215,7,1,6,6,35,0.006682275434329199,494.0,0.27760001830756664,58
1551,31,0,16.281560972524822,0.32563121945049645,0.5252116442749941,5,4,5,4,0,0.01128516994684503,17.0,0.04640000406652689,0
1552,31,2,16.267078116947445,0.3253415623389489,0.5247444553854015,8,0,6,0,35,0.014482855577398368,0.0,0.2658000448718667,58
1553,31,2,16.25763910295559,0.3251527820591118,0.5244399710630836,6,1,4,2,35,0.009439013991865863,354.0,0.3121999907307327,58
1554,31,1,16.24888418580349,0.32497768371606983,0.5241575543807578,7,1,6,6,33,0.008754917152110409,634.0,0.26920001255348325,30
1555,31,2,16.23963255639628,0.3247926511279256,0.5238591147224605,9,2,7,7,35,0.00925162940721691,324.0,0.2747999969869852,58
1556,31,4,16.228325831597047,0.3245665166319409,0.523494381664421,7,3,4,4,39,0.011306724799254653,154.0,0.24919997667893767,108
1557,31,1,16.218618947162952,0.32437237894325904,0.5231812563600952,6,0,5,0,33,0.009706884434109497,0.0,0.2794000320136547,30
1558,31,2,16.204494316337506,0.3240898863267501,0.5227256231076616,6,1,4,3,35,0.014124630825456563,294.0,0.2720000338740647,58
1559,31,1,16.198155638784616,0.32396311277569234,0.5225211496382134,4,1,3,3,33,0.006338677552896854,634.0,0.2691000117920339,30
1560,31,0,16.17781841989001,0.32355636839780016,0.5218651103190325,6,3,6,3,0,0.020337218894610487,17.0,0.06049999501556158,0
1561,31,2,16.166329624074944,0.32332659248149886,0.5214945040024175,7,1,6,2,35,0.011488795815083108,274.0,0.2874999772757292,58
1562,31,0,16.160288587759567,0.32320577175519133,0.5212996318632117,4,4,4,4,0,0.00604103631537356,17.0,0.06289995508268476,0
1563,31,0,16.133354639453827,0.32266709278907657,0.5204307948210911,8,5,8,5,0,0.02693394830574647,17.0,0.05689996760338545,0
1564,31,2,16.124375109373048,0.322487502187461,0.5201411325604209,5,2,4,4,35,0.008979530080786446,324.0,0.2975999959744513,58
1565,31,1,16.103900874626824,0.32207801749253645,0.5194806733750587,8,1,7,6,33,0.020474234746245656,634.0,0.27870002668350935,30
1566,31,2,16.095322138195044,0.3219064427639009,0.5192039399417756,8,2,6,6,35,0.008578736431793743,324.0,0.2778000198304653,58
1567,31,0,16.074623230804114,0.3214924646160823,0.5185362332517455,7,4,7,4,0,0.020698907390929833,17.0,0.05500001134350896,0
1568,31,2,16.069926683550925,0.3213985336710185,0.5183847317274493,5,1,4,4,35,0.004696547253203676,394.0,0.2957000397145748,58
1569,31,2,16.055444687006595,0.3211088937401319,0.5179175705485999,5,0,3,0,35,0.014481996544340348,0.0,0.28760003624483943,58
1570,31,4,16.036348674261,0.32072697348522,0.5173015701374517,8,2,4,2,39,0.019096012745606572,144.0,0.2571999793872237,108
1571,31,3,16.029535919382997,0.32059071838765996,0.5170818038510644,6,3,4,4,37,0.006812754878019689,220.66666666666666,0.29150000773370266,84
1572,31,2,16.02192193034232,0.3204384386068464,0.516836191301365,6,2,6,6,35,0.007613989040692104,324.0,0.27460005367174745,58
1573,31,1,16.00790289124849,0.3201580578249698,0.5163839642338223,9,0,8,0,33,0.014019039093838614,0.0,0.2730999840423465,30
1574,31,0,15.989694633081491,0.31979389266162983,0.5157966010671449,8,7,8,7,0,0.01820825816699312,17.0,0.04539999645203352,0
1575,31,3,15.97763690068211,0.3195527380136422,0.5154076419574875,10,3,7,7,37,0.012057732399398446,220.66666666666666,0.2530000056140125,84
1576,31,1,15.967350357832782,0.31934700715665565,0.5150758179946058,8,1,7,7,33,0.010286542849335945,634.0,0.2662999904714525,30
1577,31,2,15.948120957150662,0.31896241914301326,0.5144555147467954,10,1,8,7,35,0.019229400682135633,494.0,0.3139000036753714,58
1578,31,3,15.937894263148719,0.3187578852629744,0.5141256213918941,8,1,6,4,37,0.010226694001957526,294.0,0.29039999935775995,84
1579,31,1,15.930971176760131,0.3186194235352026,0.5139022960245204,7,1,7,7,33,0.006923086388603394,634.0,0.28500001644715667,30
1580,31,1,15.915202298165092,0.3183040459633018,0.5133936225214546,9,1,9,9,33,0.015768878595039837,634.0,0.29310001991689205,30
1581,31,0,15.90563301366523,0.3181126602733046,0.513084935924685,4,3,4,3,0,0.009569284499868047,17.0,0.05679996684193611,0
1582,31,1,15.899708156206444,0.31799416312412887,0.5128938114905305,6,1,5,5,33,0.005924857458794008,634.0,0.26509998133406043,30
1583,31,0,15.876405698757862,0.31752811397515723,0.5121421193147697,6,3,6,3,0,0.023302457448579617,17.0,0.05500001134350896,0
1584,31,0,15.855018302187954,0.3171003660437591,0.5114522032963856,4,1,4,1,0,0.02138739656989941,17.0,0.059699988923966885,0
1585,31,0,15.832574527958615,0.3166514905591723,0.5107282105793101,6,5,6,5,0,0.022443774229344626,17.0,0.05809997674077749,0
1586,31,2,15.815560102948238,0.31631120205896474,0.5101793581596206,9,1,7,3,35,0.017014425010387413,354.0,0.27379998937249184,58
1587,31,2,15.793440036405041,0.3158688007281008,0.5094658076259689,9,2,8,8,35,0.02212006654321641,324.0,0.2769999555312097,58
1588,31,1,15.785138198055725,0.3157027639611145,0.5091980063888943,6,1,5,5,33,0.008301838349325408,634.0,0.27000001864507794,30
1589,31,2,15.782002034642394,0.3156400406928479,0.5090968398271739,2,1,1,1,35,0.003136163413351767,254.0,0.25759998243302107,58
1590,31,3,15.773292877919594,0.3154658575583919,0.5088158992877289,7,1,6,2,37,0.008709156722815692,114.0,0.24939997820183635,84
1591,31,1,15.768531626563686,0.31537063253127373,0.5086623105343124,4,1,3,3,33,0.004761251355915874,634.0,0.2701000194065273,30
1592,31,5,15.764327331502308,0.3152865466300462,0.5085266881129776,3,1,2,2,41,0.004204295061398966,114.0,0.26290002278983593,130
1593,31,2,15.752526271654984,0.3150505254330997,0.5081460087630639,6,1,4,2,35,0.011801059847336148,234.0,0.27269998099654913,58
1594,31,2,15.750389474155924,0.31500778948311847,0.5080770798114814,0,0,0,0,35,0.002136797499069587,0.0,0.2655000425875187,58
1595,31,3,15.738819708797065,0.3147763941759413,0.5077038615740987,5,1,3,1,37,0.011569765358871109,234.0,0.25620002998039126,84
1596,31,4,15.73263214085883,0.3146526428171766,0.5075042626083494,4,2,2,2,39,0.006187567938262362,214.0,0.2694000140763819,108
1597,31,0,15.717667496935135,0.31435334993870273,0.507021532159198,4,2,4,2,0,0.01496464392368324,17.0,0.03219995414838195,0
1598,31,1,15.709937286355522,0.31419874572711043,0.5067721705275975,6,1,5,5,33,0.007730210579623531,634.0,0.23800000781193376,30
1599,31,1,15.698931509571747,0.3139786301914349,0.5064171454700562,5,1,4,4,33,0.011005776783790111,634.0,0.311399984639138,30
1600,31,3,15.688431388140362,0.31376862776280723,0.5060784318754954,4,1,2,1,37,0.010500121431391563,254.0,0.2946000313386321,84
1601,31,1,15.681317237036255,0.3136263447407251,0.5058489431302019,3,0,2,0,33,0.00711415110411906,0.0,0.2617000136524439,30
1602,31,2,15.671529483484887,0.3134305896696977,0.5055332091446738,4,2,2,2,35,0.009787753551385947,324.0,0.27139997109770775,58
1603,31,0,15.664977189200322,0.31329954378400643,0.5053218448129136,4,3,4,3,0,0.006552294284567495,17.0,0.06799999391660094,0
1604,31,2,15.657207001089361,0.3131441400217872,0.5050711935835277,6,1,4,2,35,0.007770188110967524,134.0,0.2791000297293067,58
1605,31,1,15.645205112994162,0.31290410225988324,0.5046840359030375,5,0,4,0,33,0.012001888095213076,0.0,0.2970999921672046,30
1606,31,2,15.636719807043685,0.31273439614087367,0.5044103163562478,3,0,2,0,35,0.008485305950486577,0.0,0.28090004343539476,58
1607,31,2,15.633307296987306,0.3126661459397461,0.5043002353866873,2,1,1,1,35,0.003412510056392648,234.0,0.29690004885196686,58
1608,31,1,15.624691796376588,0.31249383592753177,0.504022316012148,5,1,4,4,33,0.008615500610730464,634.0,0.29880000511184335,30
1609,31,0,15.604736629888833,0.31209473259777665,0.5033786009641559,6,6,6,6,0,0.019955166487747533,17.0,0.05520001286640763,0
1610,31,2,15.598123891852715,0.31196247783705433,0.5031652868339586,4,0,3,0,35,0.006612738036139376,0.0,0.291300006210804,58
1611,31,1,15.592968866372047,0.31185937732744096,0.502998995689421,2,1,1,1,33,0.00515502548067559,634.0,0.29230001382529736,30
1612,31,1,15.580989154453075,0.3116197830890615,0.5026125533694541,7,1,7,7,33,0.011979711918982616,634.0,0.24689995916560292,30
1613,31,3,15.573619438375706,0.31147238876751415,0.5023748205927646,5,2,3,3,37,0.00736971607738468,304.0,0.23419997887685895,84
1614,31,1,15.568006889961142,0.31136013779922284,0.5021937706439078,5,1,4,4,33,0.0056125484145681526,634.0,0.24989998200908303,30
1615,31,1,15.539659623634723,0.31079319247269444,0.5012793426978943,9,0,8,0,33,0.028347266326420595,0.0,0.2736000460572541,30
1616,31,0,15.524202570404267,0.3104840514080853,0.5007807280775569,5,5,5,5,0,0.015457053230463202,17.0,0.03999995533376932,0
1617,31,3,15.514624054410154,0.31029248108820306,0.5004717436906502,8,2,7,7,37,0.009578515994128622,254.0,0.2609000075608492,84
1618,31,2,15.509724319427523,0.31019448638855046,0.5003136877234685,4,1,3,3,35,0.004899734982643622,414.0,0.2612000098451972,58
1619,31,3,15.491031587858323,0.30982063175716645,0.4997106963825267,12,2,9,7,37,0.018692731569217358,224.0,0.24550000671297312,84
1620,31,0,15.48821551927403,0.3097643103854806,0.4996198554604526,2,2,2,2,0,0.0028160685842948396,17.0,0.07160002132877707,0
1621,31,0,15.466975526873858,0.30933951053747716,0.4989346944152858,6,5,6,5,0,0.021239992400168717,17.0,0.060999998822808266,0
1622,31,1,15.460257864520115,0.30920515729040227,0.4987179956296811,6,1,5,5,33,0.006717662353757703,634.0,0.2902999985963106,30
1623,31,3,15.45162436815517,0.3090324873631034,0.4984394957469409,3,1,2,2,37,0.008633496364964799,214.0,0.2720000338740647,84
1624,31,3,15.441830624139065,0.3088366124827813,0.49812356852061507,5,1,3,1,37,0.009793744016114658,214.0,0.2804000396281481,84
1625,31,2,15.429872997989694,0.3085974599597939,0.49773783864482884,7,2,5,5,35,0.011957626149389,324.0,0.27869996847584844,58
1626,31,6,15.414737300018778,0.30829474600037554,0.49724959032318644,8,2,5,3,43,0.015135697970926287,124.0,0.24960003793239594,150
1627,31,0,15.389229911854631,0.30778459823709264,0.4964267713501494,6,5,6,5,0,0.025507388164150768,17.0,0.04810001701116562,0
1628,31,2,15.38014851261255,0.307602970252251,0.4961338229875016,4,1,3,1,35,0.009081399242091948,354.0,0.2733999863266945,58
1629,31,1,15.374803920607864,0.30749607841215726,0.495961416793802,2,0,1,0,33,0.00534459200468973,0.0,0.2690000110305846,30
1630,31,0,15.36894575596519,0.30737891511930376,0.4957724437408125,1,1,1,1,0,0.005858164642674524,17.0,0.04680000711232424,0
1631,31,2,15.35586801598511,0.30711736031970216,0.49535058116081,5,0,4,0,35,0.013077739980097647,0.0,0.28110004495829344,58
1632,31,2,15.341978095434525,0.3068395619086905,0.4949025192075653,7,1,5,1,35,0.013889920550596457,254.0,0.2758000046014786,58
1633,31,0,15.335278251191525,0.3067055650238305,0.49468639519972657,2,2,2,2,0,0.006699844242994857,17.0,0.03850000211969018,0
1634,31,0,15.330153148311405,0.3066030629662281,0.4945210693003678,3,3,3,3,0,0.005125102880121801,17.0,0.04499999340623617,0
1635,31,1,15.326288453741846,0.3065257690748369,0.49439640173360794,3,1,2,2,33,0.0038646945695646195,634.0,0.2614000113680959,30
1636,31,1,15.310954247093282,0.3062190849418656,0.49390174990623487,4,0,3,0,33,0.015334206648574877,0.0,0.26429997524246573,30
1637,31,0,15.310350313464514,0.3062070062692903,0.4938822681762747,1,1,1,1,0,0.0006039336287670949,17.0,0.04050001734867692,0
1638,31,2,15.305131974395909,0.30610263948791816,0.49371393465793256,3,1,2,2,35,0.005218339068619571,454.0,0.2577000414021313,58
1639,31,5,15.28774214461533,0.3057548428923066,0.49315297240694606,11,5,6,6,41,0.01738982978060477,138.0,0.23450003936886787,130
1640,31,5,15.276139866832013,0.3055227973366403,0.4927787053816779,5,3,3,3,41,0.011602277783332227,134.0,0.28360000578686595,130
1641,31,1,15.27033633375639,0.3054067266751278,0.4925914946373029,5,1,4,4,33,0.005803533075635414,634.0,0.3700000233948231,30
1642,31,1,15.260688187209183,0.3052137637441837,0.49228026410352205,7,0,6,0,33,0.009648146547206693,0.0,0.30720001086592674,30
1643,31,2,15.25323786390446,0.3050647572780892,0.49203993109369226,8,2,6,6,35,0.0074503233047451545,324.0,0.29339996399357915,58
1644,31,4,15.232679371649061,0.3046535874329812,0.4913767539241632,8,3,4,3,39,0.020558492255410954,174.0,0.27630000840872526,108
1645,31,0,15.222588513132102,0.30445177026264203,0.49105124235909997,4,3,4,3,0,0.010090858516960566,17.0,0.052900053560733795,0
1646,31,1,15.210658547386222,0.30421317094772443,0.49066640475439427,5,0,4,0,33,0.011929965745892446,0.0,0.2756000030785799,30
1647,31,3,15.202573072604828,0.30405146145209655,0.4904055829872525,8,2,6,6,37,0.00808547478140298,274.0,0.2742999931797385,84
1648,31,0,15.185504072238867,0.30371008144477735,0.4898549700722215,5,3,5,3,0,0.01706900036596437,17.0,0.045199994929134846,0
1649,31,0,15.165884113585271,0.3033176822717054,0.48922206818017006,5,4,5,4,0,0.019619958653599667,17.0,0.04279997665435076,0
1650,31,2,15.149976360704255,0.3029995272140851,0.48870891486142765,8,1,6,2,35,0.0159077528810343,114.0,0.5111999926157296,58
1651,31,1,15.142511849903373,0.30285023699806746,0.48846812419043134,7,1,6,6,33,0.00746451080089372,634.0,0.29120000544935465,30
1652,31,4,15.133184049037459,0.3026636809807492,0.4881672273883052,6,1,4,3,37,0.009327800865932545,294.0,0.28139998903498054,108
1653,31,1,15.126283923033016,0.3025256784606603,0.4879446426784843,5,0,4,0,33,0.0069001260044458945,0.0,0.285400019492954,30
1654,31,2,15.119661131664913,0.30239322263329826,0.48773100424725524,4,2,2,2,35,0.006622791368116054,324.0,0.2615000121295452,58
1655,31,1,15.115062875213855,0.3023012575042771,0.4875826733939953,2,1,1,1,33,0.004598256451068039,634.0,0.2611999516375363,30
1656,31,1,15.111335860431758,0.30222671720863514,0.4874624471107019,3,1,2,2,33,0.003727014782107574,634.0,0.25400001322850585,30
1657,31,0,15.103393625818281,0.30206787251636563,0.48720624599413814,2,1,2,1,0,0.007942234613480537,17.0,0.031800009310245514,0
1658,31,1,15.09686893014102,0.30193737860282044,0.48699577194003296,2,0,1,0,33,0.006524695677271097,0.0,0.25159999495372176,30
1659,31,1,15.092022994797942,0.3018404598959588,0.48683945144509483,4,1,3,3,33,0.004845935343091412,634.0,0.25749998167157173,30
1660,31,3,15.086374471994505,0.3017274894398901,0.4866572410320808,4,2,3,3,37,0.005648522803454625,274.0,0.43050001841038465,84
1661,31,0,15.080685632301435,0.3016137126460287,0.4864737300742398,4,4,4,4,0,0.005688839693071657,17.0,0.05500001134350896,0
1662,31,0,15.079517961859715,0.3015903592371943,0.4864360632857973,2,2,2,2,0,0.0011676704417169503,17.0,0.052499992307275534,0
1663,31,0,15.077440814286712,0.30154881628573427,0.4863690585253778,2,2,2,2,0,0.0020771475730043676,17.0,0.05809997674077749,0
1664,31,0,15.074799929900756,0.3014959985980151,0.48628386870647605,3,3,3,3,0,0.002640884385954223,17.0,0.05589995998889208,0
1665,31,1,15.065546658903855,0.3013109331780771,0.48598537609367276,3,0,2,0,33,0.009253270996914864,0.0,0.31779997516423464,30
1666,31,3,15.059752620139529,0.3011950524027906,0.4857984716174041,2,0,1,0,37,0.005794038764342702,0.0,0.30960002914071083,84
1667,31,5,15.057003322398453,0.30114006644796903,0.4857097845934984,0,0,0,0,41,0.002749297741097223,0.0,0.2610000083222985,130
1668,31,2,15.052738180262363,0.30105476360524724,0.48557219936330204,2,1,1,1,35,0.004265142136098632,574.0,0.2826999989338219,58
1669,31,0,15.052738180262363,0.30105476360524724,0.48557219936330204,0,0,0,0,0,0.0,0.0,0.04830001853406429,0
1670,31,3,15.05052840660141,0.3010105681320282,0.48550091634198106,0,0,0,0,37,0.0022097736609651975,0.0,0.2777999616228044,84
1671,31,1,15.04595771352487,0.3009191542704974,0.4853534746298346,4,1,3,3,33,0.004570693076558996,634.0,0.30499999411404133,30
1672,31,3,15.030921697101721,0.3006184339420344,0.484868441841991,6,2,3,2,37,0.015036016423159992,254.0,0.26240001898258924,84
1673,30,2,15.021247988966717,0.30042495977933437,0.5007082662988905,6,2,4,3,35,0.009673708135018444,324.0,0.27570000384002924,58
1674,30,0,15.013148250684086,0.3002629650136817,0.5004382750228028,2,2,2,2,0,0.008099738282631108,17.0,0.04339998122304678,0
1675,30,1,15.008395856359664,0.30016791712719326,0.5002798618786556,4,1,3,3,32,0.004752394324434306,614.0,0.25640003150328994,29
1676,30,2,15.006397233543579,0.30012794467087156,0.5002132411181193,0,0,0,0,34,0.001998622816095974,0.0,0.2502999850548804,56
1677,30,2,14.997443808587988,0.29994887617175975,0.4999147936195997,8,1,6,1,34,0.008953424955606692,154.0,0.26679999427869916,56
1678,30,0,14.981738141710979,0.2996347628342196,0.49939127139036604,3,2,3,2,0,0.01570566687700392,17.0,0.04109996370971203,0
1679,30,2,14.974436268071045,0.2994887253614209,0.4991478756023681,6,2,4,4,34,0.007301873639946166,314.0,0.2449000021442771,56
1680,30,2,14.965650635363655,0.2993130127072731,0.49885502117878855,7,1,6,1,34,0.008785632707407842,254.0,0.2959000412374735,56
1681,30,2,14.950645385999614,0.2990129077199923,0.49835484619998716,5,1,4,3,34,0.015005249364051565,554.0,0.29389996780082583,56
1682,30,0,14.940099608096496,0.29880199216192993,0.4980033202698832,2,2,2,2,0,0.010545777903118392,17.0,0.05460000829771161,0
1683,30,2,14.931195805228532,0.2986239161045706,0.4977065268409511,7,2,5,5,34,0.008903802867976651,314.0,0.2872000331990421,56
1684,30,0,14.925337640585857,0.2985067528117171,0.4975112546861953,1,1,1,1,0,0.005858164642674524,17.0,0.053800002206116915,0
1685,30,0,14.91519980012789,0.2983039960025578,0.4971733266709298,4,3,4,3,0,0.010137840457964842,17.0,0.05500001134350896,0
1686,30,1,14.901650244951323,0.29803300489902645,0.4967216748317108,7,0,6,0,32,0.013549555176574302,0.0,0.2832000027410686,29
1687,30,1,14.893555709539577,0.29787111419079154,0.4964518569846526,4,1,4,4,32,0.00809453541175742,614.0,0.27930003125220537,29
1688,30,2,14.887047518336617,0.2977409503667323,0.4962349172778872,6,2,4,4,34,0.006508191202968305,314.0,0.2843000111170113,56
1689,30,0,14.868263249541052,0.29736526499082105,0.49560877498470174,4,2,4,2,0,0.01878426879556372,17.0,0.05069997860118747,0
1690,30,2,14.859268813656104,0.2971853762731221,0.4953089604552035,6,2,4,4,34,0.008994435884964957,314.0,0.2617000136524439,56
1691,30,0,14.841295875072557,0.29682591750145115,0.49470986250241855,4,2,4,2,0,0.0179729385835401,17.0,0.05119998240843415,0
1692,30,4,14.831148679117055,0.2966229735823411,0.49437162263723516,8,4,6,6,36,0.01014719595552549,164.0,0.25620002998039126,104
1693,30,4,14.815742031770341,0.2963148406354068,0.4938580677256781,6,0,4,0,38,0.015406647346729585,0.0,0.24550000671297312,104
1694,30,1,14.810634059177998,0.29621268118356,0.4936878019725999,5,1,4,4,32,0.005107972592348631,614.0,0.28819998260587454,29
1695,30,0,14.788330348773421,0.2957666069754684,0.492944344959114,5,3,5,3,0,0.02230371040457868,17.0,0.04290003562346101,0
1696,30,0,14.772204047546438,0.2954440809509288,0.4924068015848813,3,2,3,2,0,0.016126301226982775,17.0,0.045199994929134846,0
1697,30,2,14.758754567295938,0.29517509134591874,0.49195848557653127,9,2,8,8,34,0.013449480250507406,314.0,0.24879997363314033,56
1698,30,3,14.74960630937749,0.29499212618754983,0.4916535436459164,8,2,6,6,36,0.009148257918468516,254.0,0.25730003835633397,81
1699,30,4,14.729946791897333,0.29459893583794666,0.49099822639657786,9,2,6,3,38,0.019659517480171473,174.0,0.2495000371709466,104
1700,30,0,14.70788730595896,0.2941577461191792,0.49026291019863205,8,7,8,7,0,0.022059485938370926,17.0,0.06920000305399299,0
1701,30,1,14.703001543861161,0.2940600308772232,0.4901000514620388,3,1,2,2,32,0.004885762097813995,614.0,0.3334000357426703,29
1702,30,2,14.68968922131853,0.2937937844263706,0.4896563073772843,5,2,4,4,34,0.013312322542645916,314.0,0.2731999848037958,56
1703,30,0,14.679783454007314,0.2935956690801463,0.4893261151335772,6,5,6,5,0,0.009905767311209956,17.0,0.07269997149705887,0
1704,30,1,14.672854856376055,0.2934570971275211,0.4890951618792018,6,1,5,5,32,0.0069285976312798425,614.0,0.29529997846111655,29
1705,29,3,14.66569999484031,0.2933139998968062,0.505713792925528,4,1,2,1,36,0.007154861535752843,94.0,0.271800032351166,81
1706,29,3,14.658042531727347,0.29316085063454694,0.5054497424733568,6,1,6,3,35,0.007657463112984431,194.0,0.27520000003278255,78
1707,29,2,14.650928995066742,0.29301857990133484,0.5052044481057498,3,0,2,0,33,0.00711353666061143,0.0,0.2528000040911138,54
1708,29,1,14.64505281344116,0.2929010562688232,0.5050018211531435,5,1,4,4,31,0.005876181625588117,594.0,0.25530002312734723,28
1709,29,0,14.636879799472606,0.2927375959894521,0.5047199930852623,4,3,4,3,0,0.008173013968551857,17.0,0.053099996875971556,0
1710,29,1,14.631737667586037,0.29263475335172073,0.504542678192622,4,1,3,3,31,0.005142131886586299,594.0,0.25479996111243963,28
1711,29,2,14.62180603889449,0.29243612077788983,0.504200208237741,6,1,5,3,33,0.00993162869155384,414.0,0.25240000104531646,54
1712,29,3,14.610011109571865,0.29220022219143726,0.5037934865369609,6,3,4,4,35,0.011794929322647363,207.33333333333334,0.2568000345490873,78
1713,29,0,14.598318418243563,0.2919663683648713,0.5033902902842609,4,3,4,3,0,0.011692691328299532,17.0,0.047200010158121586,0
1714,29,2,14.592831361122334,0.2918566272224467,0.5032010814180116,5,1,4,4,33,0.005487057121236205,474.0,0.25480001932010055,54
1715,29,4,14.584564107001396,0.29169128214002793,0.5029160036897032,6,3,3,3,37,0.008267254120958967,187.33333333333334,0.25040004402399063,100
1716,29,1,14.57966826186833,0.29159336523736656,0.5027471814437355,3,1,2,2,31,0.004895845133077614,594.0,0.7835999713279307,28
1717,29,1,14.569626557041719,0.29139253114083435,0.5024009157600592,5,0,4,0,31,0.01004170482661948,0.0,0.3041000454686582,28
1718,29,0,14.55932333328784,0.29118646666575676,0.5020456321823393,4,2,4,2,0,0.010303223753872714,17.0,0.04310003714635968,0
1719,29,3,14.542324894315183,0.2908464978863037,0.5014594791143167,7,1,4,1,35,0.016998438972677832,94.0,0.24010002380236983,78
1720,29,1,14.535145068659103,0.29070290137318205,0.5012118989192793,5,1,4,4,31,0.007179825656088212,594.0,0.32540003303438425,28
1721,29,2,14.530524855731926,0.29061049711463854,0.5010525812321355,5,1,4,4,33,0.004620212927186174,354.0,0.35149999894201756,54
1722,29,1,14.522970931266654,0.2904594186253331,0.5007921010781604,4,0,3,0,31,0.007553924465277362,0.0,0.8130999631248415,28
1723,29,0,14.522478059234992,0.29044956118469983,0.5007751054908617,1,1,1,1,0,0.0004928720316641488,17.0,0.07730000652372837,0
1724,29,0,14.52111523527661,0.2904223047055322,0.5007281115612624,2,2,2,2,0,0.0013628239583809432,17.0,0.07449998520314693,0
1725,29,1,14.515127441060951,0.29030254882121903,0.5005216358986535,6,1,5,5,31,0.005987794215677411,594.0,0.34059997415170074,28
1726,29,1,14.50978576707212,0.2901957153414424,0.5003374402438662,4,1,3,3,31,0.005341673988844775,594.0,0.3205999964848161,28
1727,29,3,14.500075542111178,0.2900015108422236,0.5000026049003854,4,1,2,1,35,0.009710224960947755,374.0,0.29659998835995793,78
1728,29,1,14.495894243626116,0.28991788487252235,0.499858422194004,2,1,1,1,31,0.00418129848507931,594.0,0.30529999639838934,28
1729,29,1,14.486738507246159,0.28973477014492316,0.4995427071464192,3,0,2,0,31,0.009155736379966584,0.0,0.28389994986355305,28
1730,29,4,14.477145547337052,0.28954291094674106,0.49921191542541554,3,2,2,2,35,0.00959295990912068,114.0,0.2717999741435051,100
1731,29,1,14.474915605900637,0.28949831211801275,0.4991350208931254,0,0,0,0,31,0.00222994143642552,0.0,0.8287000237032771,28
1732,29,1,14.470181169261064,0.2894036233852213,0.4989717644572781,1,0,1,0,31,0.004734436639587614,0.0,0.3486999776214361,28
1733,29,3,14.46288653699055,0.28925773073981104,0.4987202254134672,2,0,1,0,35,0.007294632270522072,0.0,0.30400004470720887,78
1734,29,0,14.461034749669642,0.2892206949933928,0.49865637067826346,1,1,1,1,0,0.0018517873209091817,17.0,0.051799986977130175,0
1735,29,1,14.458012911095487,0.2891602582219097,0.49855216934812024,2,1,1,1,31,0.0030218385741633824,594.0,0.34799997229129076,28
1736,29,2,14.455138986910917,0.28910277973821835,0.49845306851416954,2,1,1,1,33,0.002873924184584098,174.0,0.30989997321739793,54
1737,29,2,14.450577067836576,0.2890115413567315,0.498295760959882,2,1,1,1,33,0.004561919074355103,394.0,0.3301000106148422,54
1738,29,2,14.447041404438036,0.2889408280887607,0.49817384153234606,2,1,1,1,33,0.003535663398551492,354.0,0.3241999656893313,54
1739,29,2,14.440542264809348,0.28881084529618695,0.4979497332692878,4,1,3,3,33,0.006499139628694195,454.0,0.30720001086592674,54
1740,29,1,14.434631233829743,0.28869262467659484,0.49774590461481877,3,1,2,2,31,0.005911030979618204,594.0,0.5981999565847218,28
1741,29,3,14.430854473298552,0.28861708946597103,0.4976156714930535,2,1,1,1,35,0.003776760531202683,214.0,0.3281999961473048,78
1742,29,0,14.418343873902929,0.28836687747805856,0.4971842715138941,3,1,3,1,0,0.012510599395618272,17.0,0.06670004222542048,0
1743,29,2,14.407319891229674,0.2881463978245935,0.4968041341803336,5,1,3,2,33,0.011023982673272315,454.0,0.3241999656893313,54
1744,29,1,14.391096210815457,0.28782192421630914,0.496244696924671,2,0,1,0,31,0.01622368041422817,0.0,0.35669998032972217,28
1745,29,2,14.386218299611112,0.28772436599222223,0.4960764930900384,4,1,3,3,33,0.004877911204353325,474.0,0.34420000156387687,54
1746,29,4,14.378453881542297,0.28756907763084594,0.4958087545359413,6,3,3,3,37,0.007764418068830992,194.0,0.3309999592602253,100
1747,29,4,14.371697303848933,0.28743394607697864,0.49557576909823914,1,1,1,1,35,0.006756577693373345,54.0,0.8548999903723598,100
1748,29,2,14.351722581915666,0.2870344516383133,0.49488698558329874,4,0,3,0,33,0.019974721933287753,0.0,0.2693000133149326,54
1749,29,1,14.345612610844618,0.28691225221689237,0.49467629692567644,5,1,4,4,31,0.0061099710710550426,594.0,0.2726000384427607,28
1750,29,2,14.339986807200166,0.28679973614400334,0.49448230369655743,6,2,4,4,33,0.005625803644470295,304.0,0.36829995224252343,54
1751,29,1,14.337110077792698,0.28674220155585395,0.4943831061307827,2,1,2,2,31,0.002876729407475409,594.0,0.32190000638365746,28
1752,29,1,14.331390940611868,0.28662781881223737,0.4941858945038575,3,0,2,0,31,0.005719137180832945,0.0,0.34500000765547156,28
1753,29,2,14.325628620468146,0.2865125724093629,0.4939871938092466,6,2,4,4,33,0.0057623201437309035,304.0,0.2914000069722533,54
1754,29,1,14.31805673891721,0.2863611347783442,0.493726094445421,3,0,2,0,31,0.007571881550944681,0.0,0.3299999516457319,28
1755,29,0,14.310865520536904,0.28621731041073806,0.4934781213978242,3,2,3,2,0,0.007191218380306452,17.0,0.04169996827840805,0
1756,29,1,14.306207888493713,0.28612415776987427,0.49331751339633495,3,1,2,2,31,0.00465763204320524,594.0,0.30290003633126616,28
1757,29,0,14.302685721238955,0.2860537144247791,0.49319605935306743,3,3,3,3,0,0.0035221672547578464,17.0,0.031400006264448166,0
1758,29,0,14.297229056512812,0.2859445811302562,0.4930078985004418,3,2,3,2,0,0.005456664726146698,17.0,0.03270001616328955,0
1759,29,1,14.291981348449966,0.28583962696899934,0.49282694304999874,4,1,3,3,31,0.005247708062860568,594.0,0.278000021353364,28
1760,29,0,14.28621862122997,0.2857243724245994,0.49262822831827485,3,2,3,2,0,0.005762727219988051,17.0,0.06210000719875097,0
1761,29,0,14.281716112062643,0.28563432224125285,0.4924729693814704,3,3,3,3,0,0.00450250916733097,17.0,0.07859995821490884,0
1762,29,1,14.277878688404606,0.2855575737680921,0.49234064442774494,4,1,3,3,31,0.003837423658048067,594.0,0.3330999752506614,28
1763,29,1,14.272635089393034,0.2854527017878607,0.49215983066872526,3,1,3,3,31,0.0052435990115853315,594.0,0.3375000087544322,28
1764,29,1,14.265065345614943,0.2853013069122989,0.491898805021205,8,1,7,7,31,0.007569743778098825,594.0,0.3428999916650355,28
1765,29,1,14.259699599922955,0.28519399199845913,0.49171377930768806,2,0,2,0,31,0.0053657456919964375,0.0,0.3405000315979123,28
1766,29,0,14.253277698467329,0.2850655539693466,0.4914923344299079,2,2,2,2,0,0.006421901455624379,17.0,0.06629998097196221,0
1767,29,5,14.23994399042618,0.2847988798085236,0.49103255139400614,6,2,4,3,39,0.013333708041166403,94.0,0.29749999521300197,120
1768,29,2,14.234445017124571,0.28468890034249145,0.49084293162498516,4,1,4,4,33,0.005498973301619969,294.0,0.3304000128991902,54
1769,29,5,14.226978852455641,0.2845395770491128,0.4905854776708842,5,3,3,3,39,0.007466164668947783,154.0,0.3066000062972307,120
1770,29,0,14.216484436048184,0.28432968872096365,0.4902236012430409,3,2,3,2,0,0.01049441640746096,17.0,0.053499999921768904,0
1771,29,3,14.209293467889548,0.28418586935779094,0.48997563682377754,3,0,2,0,35,0.0071909681586461716,0.0,0.40250003803521395,78
1772,29,1,14.20422489802387,0.2840844979604774,0.4898008585525473,5,1,5,5,31,0.005068569865684935,594.0,0.25889999233186245,28
1773,29,3,14.197783309373152,0.28395566618746304,0.48957873480597075,6,2,4,4,35,0.0064415886507376285,244.0,0.26239996077492833,78
1774,29,1,14.187671569687797,0.283753431393756,0.48923005412716547,6,1,5,4,31,0.01011173968536383,594.0,0.31859998125582933,28
1775,29,1,14.182770121977976,0.2836554024395595,0.4890610386888957,5,1,4,4,31,0.004901447709833917,594.0,0.3312000189907849,28
1776,29,0,14.182277249946312,0.28364554499892625,0.48904404310159694,1,1,1,1,0,0.0004928720316641488,17.0,0.045900000259280205,0
1777,29,0,14.18171351313336,0.2836342702626672,0.4890246039011503,1,1,1,1,0,0.0005637368129498554,17.0,0.04240003181621432,0
1778,29,1,14.172031926196826,0.28344063852393653,0.4886907560757525,5,0,4,0,31,0.009681586936551412,0.0,1.2611999991349876,28
1779,29,3,14.16330556082467,0.28326611121649337,0.48838984692498855,5,2,3,3,35,0.008726365372162093,234.0,0.3244000254198909,78
1780,29,3,14.151850674061759,0.28303701348123517,0.4879948508297158,6,1,5,1,35,0.01145488676292672,174.0,0.33769995206966996,78
1781,29,5,14.138781138779304,0.2827756227755861,0.48754417719928644,6,3,5,5,39,0.013069535282475897,134.0,0.32839999767020345,120
1782,29,1,14.131076280418526,0.2826215256083705,0.48727849242822496,6,0,5,0,31,0.007704858360789046,0.0,0.35470002330839634,28
1783,29,3,14.128808968475308,0.2825761793695062,0.48720030925776925,0,0,0,0,35,0.002267311943221273,0.0,0.3383000148460269,78
1784,29,0,14.119072527838076,0.2823814505567615,0.48686456992545096,2,1,2,1,0,0.009736440637240662,17.0,0.0675999908708036,0
1785,29,1,14.110813659682925,0.2822162731936585,0.48657978136837676,4,1,3,3,31,0.00825886815515986,594.0,0.3231000155210495,28
1786,29,0,14.108091920435303,0.28216183840870607,0.48648592829087245,2,2,2,2,0,0.002721739247625976,17.0,0.0589000410400331,0
1787,29,2,14.104094348093152,0.28208188696186304,0.4863480809687294,4,1,3,3,33,0.003997572342157696,454.0,0.338599958922714,54
1788,29,1,14.100216827310232,0.28200433654620466,0.48621437335552525,3,1,2,2,31,0.0038775207829289116,594.0,0.32519997330382466,28
1789,29,0,14.096877716807462,0.28193755433614925,0.4860992316140504,3,3,3,3,0,0.0033391105027718027,17.0,0.05660002352669835,0
1790,29,0,14.096007764880746,0.28192015529761494,0.48606923327174983,1,1,1,1,0,0.0008699519267167943,17.0,0.05000003147870302,0
1791,29,1,14.091705226909252,0.281834104538185,0.4859208698934224,3,1,2,2,31,0.004302537971504705,594.0,0.32649998320266604,28
1792,29,1,14.086883176114707,0.2817376635222941,0.4857545922798175,3,1,2,2,31,0.004822050794551558,594.0,0.4162000259384513,28
1793,29,2,14.082759325041739,0.28165518650083476,0.4856123905186806,3,1,2,2,33,0.004123851072982632,414.0,0.2972999936901033,54
1794,29,3,14.070579921966178,0.28141159843932356,0.485192411102282,5,1,3,1,35,0.01217940307557086,234.0,0.24089997168630362,78
1795,29,1,14.064536868097573,0.2812907373619515,0.48498402993439915,4,1,3,3,31,0.00604305386862336,594.0,0.23710000095888972,28
1796,29,2,14.058494020303359,0.28116988040606716,0.48477565587252974,3,0,2,0,33,0.006042847794219597,0.0,0.22990000434219837,54
1797,29,1,14.050951575576438,0.28101903151152874,0.48451557157160124,3,1,2,1,31,0.007542444726936992,594.0,0.2878999803215265,28
1798,29,1,14.043409107651147,0.28086818215302295,0.48425548647072914,3,0,2,0,31,0.0075424679252904525,0.0,0.3205999964848161,28
1799,29,1,14.03610267012797,0.2807220534025594,0.4840035403492403,4,0,3,0,31,0.0073064375231837175,0.0,0.2954999799840152,28
1800,29,3,14.024565135380534,0.2804913027076107,0.4836056943234667,6,1,4,1,35,0.011537534747461109,154.0,0.30859996331855655,78
1801,29,0,14.018002615843614,0.2803600523168723,0.4833794005463315,4,4,4,4,0,0.0065625195369207745,17.0,0.057800032664090395,0
1802,29,1,14.009462383807453,0.28018924767614906,0.4830849097864639,5,1,4,3,31,0.008540232036175155,594.0,0.26970001636072993,28
1803,29,2,13.998115777712734,0.27996231555425466,0.48269364750733557,5,2,4,4,33,0.011346606094726042,304.0,0.2623000182211399,54
1804,29,4,13.989473570246329,0.27978947140492655,0.4823956403533217,4,1,2,1,37,0.008642207466415641,194.0,0.24530000519007444,100
1805,29,4,13.977059982488166,0.2795411996497633,0.4819675856030402,7,3,5,3,37,0.012413587758182132,127.33333333333333,0.2825999981723726,100
1806,29,1,13.967861242235298,0.27935722484470593,0.48165038766328616,6,0,5,0,31,0.009198740252870152,0.0,0.3114999854005873,28
1807,29,4,13.959323212205495,0.2791864642441099,0.48135597283467224,7,2,4,2,37,0.008538030029818344,114.0,0.28769997879862785,100
1808,29,0,13.952019190495308,0.27904038380990615,0.4811041100170796,4,4,4,4,0,0.007304021710183406,17.0,0.05099998088553548,0
1809,29,1,13.947578036341087,0.27895156072682176,0.4809509667703823,4,1,3,3,31,0.00444115415423596,594.0,0.3008999628946185,28
1810,29,0,13.937027579070545,0.2787405515814109,0.4805871578989843,3,2,3,2,0,0.010550457270539937,17.0,0.08699996396899223,0
1811,29,0,13.926922251505786,0.2785384450301157,0.4802386983277857,3,1,3,1,0,0.010105327564758682,17.0,0.048200017772614956,0
1812,29,1,13.922053860107841,0.27844107720215683,0.4800708227623394,5,1,4,4,31,0.0048683913979488125,594.0,0.3625000244937837,28
1813,29,0,13.916441492621129,0.2783288298524226,0.47987729284900443,4,4,4,4,0,0.0056123674867194495,17.0,0.048099958803504705,0
1814,29,1,13.910686415786444,0.2782137283157289,0.47967884192367055,5,1,4,4,31,0.005755076834688566,594.0,0.332699972204864,28
1815,29,2,13.901555256301297,0.2780311051260259,0.4793639743552172,6,2,5,5,33,0.00913115948516463,304.0,0.33080001594498754,54
1816,29,2,13.89244767276784,0.2778489534553568,0.4790499197506151,5,2,3,3,33,0.009107583533463526,304.0,0.31259999377653,54
1817,29,0,13.883737078458642,0.2776747415691728,0.47874955442960837,2,1,2,1,0,0.008710594309206954,17.0,0.04569999873638153,0
1818,29,1,13.879828741566755,0.2775965748313351,0.4786147841919571,3,1,2,2,31,0.003908336891896624,594.0,0.3236000193282962,28
1819,29,2,13.870799616275388,0.27741599232550773,0.4783034350439789,5,1,3,1,33,0.009029125291377227,354.0,0.31809997744858265,54
1820,29,1,13.862504766765234,0.2772500953353047,0.4780174057505253,5,1,4,3,31,0.008294849510164681,594.0,0.3550999681465328,28
1821,29,1,13.854062632278296,0.27708125264556593,0.4777262976647688,2,1,1,1,31,0.0084421344869412,594.0,0.3556999727152288,28
1822,29,2,13.848022123618557,0.27696044247237117,0.4775180042627088,3,0,2,0,33,0.006040508659751254,0.0,0.3625000244937837,54
1823,29,2,13.837639939671293,0.27675279879342585,0.47715999791969976,4,0,3,0,33,0.010382183947271528,0.0,0.3342999843880534,54
1824,29,0,13.831391925579329,0.27662783851158657,0.4769445491579079,4,4,4,4,0,0.00624801409196607,17.0,0.06880000000819564,0
1825,29,2,13.811821687081196,0.27623643374162393,0.4762697133476274,4,2,2,2,33,0.01957023849814732,304.0,0.33850001636892557,54
1826,29,3,13.80728243980462,0.2761456487960924,0.47611318757946963,3,1,2,2,35,0.004539247276582614,354.0,0.3149000112898648,78
1827,29,1,13.802174524479376,0.27604349048958754,0.47593705256825436,5,1,4,4,31,0.005107915325261558,594.0,0.34529995173215866,28
1828,29,2,13.79432493594733,0.2758864987189466,0.47566637710163207,7,2,5,5,33,0.007849588532060636,304.0,0.3179999766871333,54
1829,29,2,13.77873281363664,0.2755746562727328,0.47512871771160836,7,2,5,5,33,0.015592122310700063,304.0,0.33060001442208886,54
1830,29,0,13.776447827675916,0.27552895655351833,0.47504992509227306,2,2,2,2,0,0.0022849859607276812,17.0,0.06089999806135893,0
1831,29,1,13.771419553608172,0.27542839107216344,0.47487653633131627,3,1,2,2,31,0.005028274067747418,594.0,0.36479998379945755,28
1832,29,4,13.761963503369577,0.2752392700673915,0.4745504656334337,6,2,4,2,37,0.009456050238611624,114.0,0.33170002279803157,100
1833,29,3,13.75885403066453,0.2751770806132906,0.4744432424367079,1,1,1,1,35,0.003109472705062899,74.0,0.31949998810887337,78
1834,29,2,13.755570165240522,0.27511140330481043,0.4743300056979489,1,1,1,1,33,0.003283865424023702,414.0,0.32049999572336674,54
1835,29,1,13.747855855944303,0.27495711711888604,0.4740639950325622,3,0,2,0,31,0.0077143092962188575,0.0,0.3260000376030803,28
1836,29,0,13.74682972145012,0.27493659442900237,0.4740286110844868,1,1,1,1,0,0.001026134494182429,17.0,0.03850000211969018,0
1837,29,0,13.738908081197101,0.27477816162394203,0.47375545107576217,3,2,3,2,0,0.007921640253016449,17.0,0.039000005926936865,0
1838,29,2,13.73558213725261,0.2747116427450522,0.4736407633535384,2,1,1,1,33,0.0033259439445103567,234.0,0.311399984639138,54
1839,29,0,13.728686631493781,0.2745737326298756,0.473402987292889,2,1,2,1,0,0.006895505758826914,17.0,0.036800047382712364,0
1840,29,0,13.721412552358279,0.27442825104716556,0.4731521569778717,2,1,2,1,0,0.007274079135505929,17.0,0.07229996845126152,0
1841,29,3,13.713470030137188,0.27426940060274374,0.47287827690128226,4,1,2,1,35,0.00794252222110714,194.0,0.3418999840505421,78
1842,29,4,13.709739349178978,0.2741947869835796,0.4727496327303097,1,1,1,1,37,0.003730680958220489,194.0,0.3313000197522342,100
1843,29,3,13.701868083440102,0.27403736166880205,0.4724782097737967,2,0,1,0,35,0.007871265738891964,0.0,0.33190002432093024,78
1844,29,2,13.696152674356544,0.27392305348713086,0.47228112670194977,2,1,1,1,33,0.005715409083563827,434.0,0.3355999942868948,54
1845,29,1,13.688799472940019,0.2737759894588004,0.47202756803241447,3,1,3,3,31,0.0073532014165422765,594.0,0.3405000315979123,28
1846,29,1,13.680536954978942,0.27361073909957884,0.47174265361996354,4,1,3,3,31,0.008262517961085791,594.0,0.3180000348947942,28
1847,29,0,13.674678790336268,0.27349357580672534,0.4715406479426299,1,1,1,1,0,0.005858164642674524,17.0,0.05789997521787882,0
1848,29,1,13.672927710716909,0.2734585542143382,0.47148026588679,0,0,0,0,31,0.0017510796193676015,0.0,0.3163999645039439,28
1849,29,1,13.668623009651743,0.27337246019303485,0.47133182791902567,2,1,1,1,31,0.004304701065187544,594.0,0.32980000833049417,28
1850,29,1,13.660164650143619,0.2732032930028724,0.47104016034977997,2,1,1,1,31,0.008458359508125568,594.0,0.3391000209376216,28
1851,29,0,13.660164650143619,0.2732032930028724,0.47104016034977997,0,0,0,0,0,0.0,0.0,0.05339999916031957,0
1852,29,2,13.656721048296689,0.27313442096593377,0.4709214154585065,2,1,1,1,33,0.0034436018469463647,194.0,0.32620003912597895,54
1853,29,2,13.652132512127022,0.27304265024254043,0.4707631900733457,4,1,3,3,33,0.004588536169670476,474.0,0.32649998320266604,54
1854,29,1,13.645674605753461,0.2729134921150692,0.4705405036466711,4,0,3,0,31,0.00645790637357635,0.0,0.3215000033378601,28
1855,29,1,13.640462135704034,0.2728092427140807,0.47036076330013915,3,1,2,2,31,0.005212470049436035,594.0,0.3149000112898648,28
1856,29,1,13.634225644242274,0.27268451288484546,0.4701457118704232,4,1,3,3,31,0.006236491461763194,594.0,0.3512999974191189,28
1857,29,2,13.617855162146428,0.27235710324292856,0.4695812124878079,6,1,4,1,33,0.016370482095858563,154.0,0.31830003717914224,54
1858,29,1,13.61258274853705,0.272251654970741,0.46939940512196726,4,1,3,3,31,0.005272413609382909,594.0,0.347800028976053,28
1859,29,2,13.606966282129491,0.2721393256425898,0.4692057338665342,5,1,4,4,33,0.005616466407580845,374.0,0.30399998649954796,54
1860,29,2,13.604981195993654,0.2720996239198731,0.46913728262047094,0,0,0,0,31,0.001985086135846359,0.0,0.3256000345572829,54
1861,29,3,13.596337106108741,0.2719267421221748,0.46883921055547384,7,3,4,4,35,0.00864408988492471,207.33333333333334,0.3313000197522342,78
1862,29,1,13.589883456782285,0.2717976691356457,0.46861667092352716,5,1,4,4,31,0.006453649326466859,594.0,0.3454000107012689,28
1863,29,1,13.582291880395267,0.27164583760790534,0.4683548924274231,3,1,2,2,31,0.007591576387028454,594.0,0.34680002136155963,28
1864,29,2,13.576707685364461,0.2715341537072892,0.4681623339780849,2,0,1,0,33,0.005584195030813532,0.0,0.33899996196851134,54
1865,29,2,13.566195142131907,0.27132390284263813,0.46779983248730705,6,2,4,4,33,0.010512543232565008,304.0,0.34639996010810137,54
1866,29,2,13.561672165875638,0.27123344331751276,0.46764386778881517,2,1,1,1,33,0.004522976256282618,434.0,0.3160000196658075,54
1867,29,0,13.552175767444467,0.2710435153488893,0.46731640577394723,4,4,4,4,0,0.009496398431167563,17.0,0.06059999577701092,0
1868,29,1,13.54823887767805,0.270964777553561,0.4671806509544156,4,1,3,3,31,0.003936889766428919,594.0,0.345399952493608,28
1869,29,2,13.540122388751726,0.27080244777503454,0.4669007720259217,4,1,2,1,33,0.008116488926333432,334.0,0.3206999972462654,54
1870,29,1,13.533724113637664,0.27067448227275326,0.46668014184957457,2,0,1,0,31,0.00639827511407276,0.0,0.33650000113993883,28
1871,29,0,13.530615671300465,0.2706123134260093,0.46657295418277467,2,2,2,2,0,0.0031084423372007564,17.0,0.06469996878877282,0
1872,29,2,13.522657784185085,0.2704531556837017,0.46629854428224426,1,1,1,1,33,0.007957887115388473,114.0,0.33360003726556897,54
1873,29,1,13.51773034479513,0.27035460689590257,0.4661286325791424,5,1,4,4,31,0.004927439389966537,594.0,0.3360999980941415,28
1874,29,0,13.516257130850894,0.2703251426170179,0.46607783209830667,1,1,1,1,0,0.0014732139442372727,17.0,0.05089998012408614,0
1875,29,1,13.511695609823695,0.2702339121964739,0.4659205382697826,4,1,3,3,31,0.0045615210272060835,594.0,0.33820001408457756,28
1876,29,5,13.499508058502824,0.2699901611700565,0.46550027787940773,6,1,4,2,39,0.012187551320891998,274.0,0.2978999982587993,120
1877,29,3,13.495433853341037,0.26990867706682076,0.4653597880462427,2,1,1,1,35,0.004074205161806788,214.0,0.3090000245720148,78
1878,29,0,13.493502918906023,0.26987005837812045,0.4652932041002077,1,1,1,1,0,0.001930934435009135,17.0,0.03630004357546568,0
1879,29,0,13.485713819828334,0.2697142763965667,0.46502461447683907,2,2,2,2,0,0.007789099077690764,17.0,0.03350002225488424,0
1880,29,3,13.479679442309289,0.2695935888461858,0.4648165324934237,4,2,2,2,35,0.006034377519057443,284.0,0.3654999891296029,78
1881,29,0,13.478686107022437,0.2695737221404487,0.46478227955249785,1,1,1,1,0,0.0009933352868500833,17.0,0.06799999391660094,0
1882,29,0,13.477692771735585,0.2695538554347117,0.4647480266115719,1,1,1,1,0,0.0009933352868571887,17.0,0.06709998706355691,0
1883,29,4,13.473524272613446,0.2694704854522689,0.4646042852625326,2,1,1,1,35,0.004168499122151559,314.0,0.31079998007044196,100
1884,29,1,13.469337703145008,0.2693867540629002,0.4644599207981037,2,1,2,2,31,0.004186569468451751,594.0,0.3349999897181988,28
1885,29,0,13.466413433423144,0.2693282686684629,0.46435908391114283,2,2,2,2,0,0.002924269721866324,17.0,0.06210000719875097,0
1886,29,0,13.46448249898813,0.26928964997976257,0.46429249996510785,1,1,1,1,0,0.0019309344350162405,17.0,0.06719998782500625,0
1887,29,0,13.462551564553115,0.2692510312910623,0.46422591601907287,1,1,1,1,0,0.0019309344350162405,17.0,0.06089999806135893,0
1888,29,0,13.45962729483125,0.269192545896625,0.46412507913211204,2,2,2,2,0,0.002924269721866324,17.0,0.060699996538460255,0
1889,29,2,13.456583138015537,0.26913166276031075,0.46402010820743217,2,1,1,1,33,0.0030441568157186794,234.0,0.3595000016503036,54
1890,29,1,13.45341666825766,0.2690683333651532,0.4639109195950918,2,1,1,1,31,0.003166469757886148,594.0,0.338299956638366,28
1891,29,2,13.448015767927798,0.26896031535855597,0.46372468165268266,2,0,1,0,33,0.005400900329874503,0.0,0.31269999453797936,54
1892,29,1,13.444578593847154,0.26889157187694307,0.46360615840852265,2,1,1,1,31,0.0034371740806591333,594.0,0.33489998895674944,28
1893,29,3,13.438862861363745,0.2687772572272749,0.46340906418495675,3,2,2,2,35,0.005715732483416502,274.0,0.32409996492788196,78
1894,29,2,13.431746588687165,0.2686349317737433,0.4631636754719713,5,2,3,3,33,0.00711627267659054,304.0,0.3350999904796481,54
1895,29,3,13.423013326404162,0.26846026652808325,0.46286252849669524,2,1,1,1,35,0.00873326228302318,154.0,0.3203999949619174,78
1896,29,1,13.414556911510036,0.26829113823020073,0.46257092798310473,2,1,1,0,31,0.008456414894133957,594.0,0.4729999927803874,28
1897,29,4,13.409587430704901,0.268191748614098,0.46239956657603104,2,1,1,1,37,0.004969480805144144,234.0,0.28600002406165004,100
1898,29,1,13.404960079350303,0.26809920158700606,0.46224000273621735,3,1,2,2,31,0.004627351354606901,594.0,0.34149998100474477,28
1899,29,1,13.398415459357999,0.26796830918715997,0.4620143261847586,2,0,1,0,31,0.006544619992318701,0.0,0.31289999606087804,28
1900,29,0,13.39427900202268,0.2678855800404536,0.46187168972492004,2,1,2,1,0,0.004136457335320642,17.0,0.07320003351196647,0
1901,29,0,13.391354732300814,0.2678270946460163,0.46177085283795916,2,2,2,2,0,0.0029242697218592184,17.0,0.07000000914558768,0
1902,29,1,13.384819471279801,0.26769638942559604,0.4615454990096483,4,1,4,4,31,0.006535261021028305,594.0,0.3797999816015363,28
1903,29,1,13.376363842502196,0.2675272768500439,0.46125392560352396,4,0,3,0,31,0.008455628777610968,0.0,0.34410000080242753,28
1904,29,0,13.363941222765842,0.2672788244553168,0.4608255594057186,6,6,6,6,0,0.0124226197363555,17.0,0.07010000990703702,0
1905,29,1,13.355497297459289,0.2671099459491858,0.46053438956756176,3,0,2,0,31,0.008443925306565347,0.0,0.37079997127875686,28
1906,29,4,13.345052120352618,0.26690104240705237,0.460174211046642,5,3,3,3,37,0.01044517710668913,140.66666666666666,0.3103000344708562,100
1907,29,0,13.343874612450435,0.2668774922490087,0.46013360732587705,1,1,1,1,0,0.0011775079021845158,17.0,0.06400002166628838,0
1908,29,1,13.341054754034964,0.2668210950806993,0.46003637082879184,2,1,1,1,31,0.0028198584154779383,594.0,0.35769998794421554,28
1909,29,2,13.334488945864173,0.26668977891728346,0.45980996365048865,3,1,2,1,33,0.006565808170797993,234.0,0.31970004783943295,54
1910,29,2,13.325469093252003,0.2665093818650401,0.4594989342500691,2,0,2,0,33,0.009019852612176749,0.0,0.33000000985339284,54
1911,29,3,13.318004852210064,0.26636009704420127,0.4592415466279333,3,0,2,0,33,0.00746424104195853,0.0,0.32599997939541936,78
1912,29,2,13.312631368876453,0.266252627377529,0.45905625409918804,2,1,1,1,33,0.005373483333620754,214.0,0.3276999923400581,54
1913,29,1,13.307309822616977,0.26614619645233956,0.45887275250403364,4,1,3,3,31,0.005321546259487775,594.0,0.33629999961704016,28
1914,29,5,13.301039874053494,0.2660207974810699,0.458656547381155,4,2,3,3,37,0.0062699485634993835,214.0,0.29090000316500664,120
1915,29,0,13.29792786867992,0.2659585573735984,0.4585492368510319,1,0,1,0,0,0.0031120053735733677,0.0,0.06739998934790492,0
1916,29,3,13.293393192308331,0.2658678638461666,0.4583928687002873,3,1,2,2,35,0.004534676371598323,194.0,0.3168000257574022,78
1917,29,1,13.288013479178767,0.26576026958357535,0.458207361350992,4,1,3,3,31,0.005379713129585184,594.0,0.30509999487549067,28
1918,29,2,13.282801746433766,0.2656560349286753,0.45802764642875055,6,1,5,5,33,0.005211732745010522,454.0,0.3077000146731734,54
1919,28,0,13.27713080446712,0.2655426160893424,0.47418324301668285,3,1,3,1,0,0.005670941966648968,17.0,0.0295999925583601,0
1920,28,0,13.272905341257818,0.26545810682515636,0.4740323336163507,2,2,2,2,0,0.0042254632093019495,17.0,0.05530001362785697,0
1921,28,0,13.266764040661155,0.2653352808132231,0.473813001452184,3,2,3,2,0,0.006141300596667065,17.0,0.05639996379613876,0
1922,28,2,13.26501125803366,0.2653002251606732,0.4737504020726307,0,0,0,0,32,0.0017527826274985614,0.0,0.3586999955587089,52
1923,28,1,13.260053569419346,0.26520107138838694,0.47357334176497673,3,1,2,2,30,0.004957688614318556,574.0,0.3410999779589474,27
1924,28,1,13.256242835792847,0.26512485671585695,0.47343724413545873,2,1,1,1,30,0.0038107336265085223,574.0,0.32629998167976737,27
1925,28,1,13.254262839601122,0.26508525679202244,0.4733665299857543,0,0,0,0,30,0.0019799961917357223,0.0,0.33160002203658223,27
1926,28,0,13.247841893611593,0.26495683787223184,0.4731372104861283,4,3,4,3,0,0.006420945989532356,17.0,0.06890000076964498,0
1927,28,4,13.241798345150118,0.2648359669030024,0.4729213694696471,7,2,5,5,36,0.006043548461491355,164.0,0.31269999453797936,96
1928,28,0,13.235657044553452,0.26471314089106907,0.47270203730548044,3,2,3,2,0,0.006141300596667065,17.0,0.06019999273121357,0
1929,28,3,13.230286181766974,0.26460572363533946,0.47251022077739196,5,2,3,3,34,0.00537086278648502,184.0,0.3027000348083675,75
1930,28,2,13.21745980053727,0.2643491960107454,0.47205213573347404,4,1,2,0,32,0.012826381229722017,414.0,0.3182999789714813,52
1931,28,2,13.207719586279982,0.2641543917255996,0.4717042709385707,5,2,4,4,32,0.009740214257305979,294.0,0.32489997101947665,52
1932,28,5,13.197914427882683,0.2639582885576537,0.47135408671009577,5,2,3,2,38,0.009805158397313107,114.0,0.298099999781698,115
1933,28,1,13.192853766929943,0.26385707533859887,0.4711733488189265,4,1,3,3,30,0.005060660952736384,574.0,0.3184000379405916,27
1934,28,1,13.183275984735626,0.2636655196947125,0.47083128516912953,4,0,3,0,30,0.009577782194327256,0.0,0.311999989207834,27
1935,28,3,13.17374907460892,0.2634749814921784,0.47049103837888995,5,1,4,2,34,0.009526910126723465,254.0,0.3010999644175172,75
1936,28,0,13.16403726951857,0.2632807453903714,0.47014418819709175,3,1,3,1,0,0.009711805090347525,17.0,0.03979995381087065,0
1937,28,2,13.15973384317667,0.2631946768635334,0.4699904943991669,3,2,2,2,32,0.004303426341920158,294.0,0.29090000316500664,52
1938,28,0,13.151199545988506,0.26302399091977013,0.46968569807101807,2,0,2,0,0,0.00853429718816301,0.0,0.03389996709302068,0
1939,28,0,13.149907895314634,0.26299815790629266,0.4696395676898084,1,1,1,1,0,0.0012916506738704925,17.0,0.033699965570122004,0
1940,28,0,13.14448560350004,0.26288971207000084,0.4694459144107158,1,0,1,0,0,0.005422291814596747,0.0,0.06880000000819564,0
1941,28,1,13.136899204861642,0.2627379840972328,0.4691749716022015,3,0,2,0,30,0.007586398638395053,0.0,0.3388000186532736,27
1942,28,3,13.126146733693968,0.2625229346738794,0.4687909547747845,4,1,2,1,34,0.01075247116769873,114.0,0.30859996331855655,75
1943,28,1,13.1188737263948,0.262377474527896,0.4685312045140999,4,0,3,0,30,0.00727300729916891,0.0,0.3437999985180795,27
1944,28,1,13.113040508894029,0.26226081017788055,0.4683228753176439,5,1,4,4,30,0.005833217500779142,574.0,0.3537999582476914,27
1945,28,2,13.102533691413383,0.26205067382826763,0.46794763183619226,7,1,5,2,32,0.010506817480653297,294.0,0.3546999651007354,52
1946,28,2,13.09970849491333,0.26199416989826657,0.4678467319611904,2,1,1,1,32,0.0028251965000691825,114.0,0.33030001213774085,52
1947,28,1,13.09457011727332,0.26189140234546643,0.4676632184740472,4,1,4,4,30,0.0051383776400086845,574.0,0.3105999785475433,27
1948,28,2,13.08890944026588,0.2617781888053176,0.46746105143806715,5,1,4,4,32,0.005660677007455206,534.0,0.31179998768493533,52
1949,28,0,13.076209767344197,0.2615241953468839,0.46700749169086425,6,4,6,4,0,0.012699672921669958,17.0,0.056699966080486774,0
1950,28,2,13.067631419196623,0.2613526283839325,0.4667011221141652,7,2,6,6,32,0.008578348147594284,294.0,0.3068000078201294,52
1951,28,3,13.055964622762366,0.2611192924552473,0.4662844508129417,6,1,4,1,34,0.011666796434262494,94.0,0.3079000161960721,75
1952,28,2,13.050718291500964,0.26101436583001925,0.4660970818393202,2,1,1,1,32,0.00524633126141083,534.0,0.3200999926775694,52
1953,28,1,13.040856541075916,0.2608171308215183,0.465744876466997,6,0,5,0,30,0.009861750425059768,0.0,0.3217000048607588,27
1954,28,1,13.035900174658089,0.26071800349316177,0.465567863380646,6,1,6,6,30,0.004956366417843583,574.0,0.3192999865859747,27
1955,28,0,13.033738572057501,0.26067477144115003,0.46549066328776784,2,2,2,2,0,0.0021616026005801814,17.0,0.06470002699643373,0
1956,28,2,13.022098192047544,0.26044196384095086,0.4650749354302695,7,2,6,6,32,0.011640380009978912,294.0,0.30509999487549067,52
1957,28,0,12.996501806702518,0.25993003613405036,0.46416077881080414,10,8,10,8,0,0.02559638534501829,17.0,0.04199997056275606,0
1958,28,4,12.9878704161281,0.259757408322562,0.46385251486171786,8,3,5,5,36,0.008631390574429076,154.0,0.29200001154094934,96
1959,28,0,12.981627376926212,0.25963254753852427,0.4636295491759362,4,4,4,4,0,0.006243039201891065,17.0,0.03600004129111767,0
1960,28,2,12.971176115653748,0.259423522313075,0.4632562898447768,5,0,4,0,32,0.010451261272478973,0.0,0.3350999904796481,52
1961,28,1,12.966495866930668,0.2593299173386134,0.46308913810466684,5,1,5,5,30,0.00468024872308348,574.0,0.3418999840505421,27
1962,28,5,12.947393683952273,0.2589478736790454,0.4624069172840098,8,1,6,2,36,0.019102182978421922,134.0,0.31869998201727867,115
1963,28,0,12.93846568832324,0.2587693137664648,0.46208806029725863,3,2,3,2,0,0.008927995629029795,17.0,0.0619000056758523,0
1964,28,1,12.927895248276855,0.2585579049655371,0.4617105445813163,6,1,5,5,30,0.010570440046386409,574.0,0.3394000232219696,27
1965,28,1,12.922191229374093,0.25844382458748183,0.4615068296205033,5,1,5,5,30,0.005704018902768837,574.0,0.32160000409930944,27
1966,28,2,12.915624291511154,0.2583124858302231,0.46127229612539844,6,1,5,4,32,0.0065669378629493735,434.0,0.3198999911546707,52
1967,28,1,12.910744824249043,0.25821489648498086,0.46109802943746586,3,1,2,2,30,0.004879467262121295,574.0,0.34329999471083283,27
1968,28,3,12.905371367463905,0.2581074273492781,0.460906120266568,2,1,1,1,34,0.00537345678514356,334.0,0.3203999949619174,75
1969,28,0,12.895271332840082,0.25790542665680166,0.4605454047442886,5,5,5,5,0,0.010100034623832244,17.0,0.05300005432218313,0
1970,28,1,12.88991423193574,0.2577982846387148,0.46035407971199066,4,1,3,3,30,0.005357100904348044,574.0,0.3250999725423753,27
1971,28,0,12.87279441934442,0.2574558883868884,0.45974265783372925,8,7,8,7,0,0.017119812591317896,17.0,0.05250005051493645,0
1972,28,3,12.86119285525766,0.25722385710515316,0.4593283162592021,9,3,7,7,34,0.011601564086774374,200.66666666666666,0.3087999648414552,75
1973,28,1,12.857146699701271,0.25714293399402544,0.45918381070361675,4,1,3,3,30,0.004046155556409303,574.0,0.320300052408129,27
1974,28,1,12.851616557366645,0.2570323311473329,0.45898630562023734,7,1,6,6,30,0.005530142334627897,574.0,0.31889998354017735,27
1975,28,0,12.840824601121298,0.25681649202242596,0.4586008786114749,5,5,5,5,0,0.0107919562453489,17.0,0.04390004323795438,0
1976,28,1,12.83401349130084,0.2566802698260168,0.4583576246893157,7,1,6,6,30,0.00681110982046107,574.0,0.3184000379405916,27
1977,28,3,12.824354888417334,0.25648709776834666,0.4580126745863334,5,1,3,2,34,0.009658602883526157,174.0,0.28550002025440335,75
1978,28,1,12.807265968474125,0.2561453193694825,0.45740235601693296,3,0,2,0,30,0.01708891994321249,0.0,0.3198999911546707,27
1979,28,1,12.800841710390564,0.2560168342078113,0.4571729182282344,5,1,4,4,30,0.006424258083569612,574.0,0.31159998616203666,27
1980,28,1,12.795816898130465,0.25591633796260926,0.45699346064751645,5,1,4,4,30,0.005024812260110423,574.0,0.34110003616660833,27
1981,28,0,12.780368722886978,0.25560737445773957,0.45644174010310623,5,4,5,4,0,0.01544817524348474,17.0,0.07179996464401484,0
1982,28,3,12.775622760757518,0.25551245521515037,0.4562722414556258,4,1,3,3,34,0.004745962129476311,414.0,0.3260999801568687,75
1983,28,1,12.769839791286346,0.25539679582572694,0.4560657068316552,5,1,5,5,30,0.005782969471184174,574.0,0.3369000041857362,27
1984,28,1,12.765575709284965,0.2553115141856993,0.45591341818874875,3,1,2,2,30,0.004264082001384395,574.0,0.3874000394716859,27
1985,28,0,12.755143236009326,0.2551028647201865,0.45554082985747596,4,4,4,4,0,0.010432473275642451,17.0,0.06719998782500625,0
1986,28,1,12.747433090627549,0.254948661812551,0.4552654675224124,5,0,4,0,30,0.007710145381778943,0.0,0.2830000012181699,27
1987,28,2,12.736011680679793,0.25472023361359586,0.4548575600242783,4,1,3,1,32,0.011421409947779182,234.0,0.2638999721966684,52
1988,28,0,12.72817983605217,0.2545635967210434,0.4545778512875775,3,2,3,2,0,0.007831844627617102,17.0,0.06120000034570694,0
1989,28,1,12.722849783766833,0.25445699567533664,0.45438749227738684,5,1,4,4,30,0.005330052285351883,574.0,0.32629998167976737,27
1990,28,1,12.718476993600657,0.25436953987201316,0.45423132120002346,4,1,3,3,30,0.004372790166186746,574.0,0.3320000250823796,27
1991,28,1,12.710066631796575,0.25420133263593153,0.4539309511355919,3,0,2,0,30,0.008410361804088495,0.0,0.32890000147745013,27
1992,28,0,12.697114641698,0.25394229283396,0.45346838006064283,3,2,3,2,0,0.012951990098578392,17.0,0.05659996531903744,0
1993,28,6,12.68935385237576,0.2537870770475152,0.45319120901341997,3,2,2,2,40,0.007760789322261985,164.0,0.2951999776996672,132
1994,28,3,12.681673803726596,0.2536334760745319,0.45291692156166413,6,0,5,0,34,0.007680048649163496,0.0,0.3079999587498605,75
1995,28,2,12.675283154795393,0.25350566309590783,0.4526886840998355,4,1,2,1,32,0.006390648931215992,154.0,0.30830001924186945,52
1996,28,1,12.670446741870006,0.2534089348374001,0.45251595506678605,3,1,2,2,30,0.0048364129253997135,574.0,0.2956000389531255,27
1997,28,0,12.668594954549096,0.2533718990909819,0.452449819805325,1,1,1,1,0,0.0018517873209020763,17.0,0.042000028770416975,0
1998,28,1,12.65408115903831,0.2530816231807662,0.45193146996565375,3,0,2,0,30,0.014513795510808336,0.0,0.3034999826923013,27
1999,28,3,12.648634302643512,0.2529726860528702,0.45173693938012544,2,1,1,1,34,0.0054468563947978055,274.0,0.29990001348778605,75
2000,27,2,12.642220240198242,0.25284440480396486,0.4682303792666016,3,0,2,0,32,0.006414062445287527,0.0,0.36129995714873075,52
2001,27,3,12.637760422717598,0.25275520845435195,0.4680652008413925,2,1,1,1,33,0.004459817480658046,314.0,0.31839997973293066,72
2002,27,0,12.630503897712906,0.2526100779542581,0.46779644065603354,3,2,3,2,0,0.007256525004692094,17.0,0.06469996878877282,0
2003,27,3,12.62493648758802,0.2524987297517604,0.46759024028103785,5,2,3,3,33,0.00556741012489681,254.0,0.33629999961704016,72
2004,27,0,12.62297040161212,0.2524594080322424,0.46751742228193044,2,2,2,2,0,0.0019660859759014215,17.0,0.05959998816251755,0
2005,27,0,12.62041137686088,0.2524082275372176,0.46742264358743996,2,2,2,2,0,0.002559024751242589,17.0,0.0638000201433897,0
2006,27,1,12.615214953425536,0.2523042990685107,0.467230183460205,4,1,3,3,29,0.005196423435350539,554.0,0.3279000520706177,26
2007,27,1,12.610293370559827,0.25220586741119655,0.46704790261332696,5,1,4,4,29,0.0049215828657196425,554.0,0.34900003811344504,26
2008,27,1,12.606639137761967,0.2521327827552393,0.46691256065785064,3,1,2,2,29,0.003654232797863699,554.0,0.3315999638289213,26
2009,27,2,12.60250563591658,0.2520501127183316,0.46675946799691037,2,1,1,1,31,0.00413350184539496,314.0,0.31129998387768865,50
2010,27,1,12.593867754711496,0.2518773550942299,0.46643954647079616,5,0,4,0,29,0.00863788120508957,0.0,0.33849995816126466,26
2011,27,1,12.587118747344208,0.2517423749468842,0.4661895832349707,5,0,4,0,29,0.006749007367297111,0.0,0.3203999949619174,26
2012,27,4,12.577399908584638,0.25154799817169277,0.4658296262438756,7,2,5,5,35,0.009718838759582127,194.0,0.28799998108297586,92
2013,27,1,12.566471417733217,0.2513294283546643,0.4654248673234524,5,1,4,4,29,0.010928490851433992,554.0,0.31560001662001014,26
2014,27,2,12.557845961250383,0.25115691922500766,0.4651054059722364,4,1,3,2,31,0.008625456482839411,174.0,0.30070001957938075,50
2015,27,1,12.554976509941296,0.2510995301988259,0.4649991299978258,2,1,1,1,29,0.0028694513090954388,554.0,0.311999989207834,26
2016,27,2,12.548689195688892,0.25097378391377784,0.464766266506996,3,1,2,2,31,0.006287314252411136,334.0,0.29930000891909003,50
2017,27,0,12.547232042393844,0.2509446408478769,0.46471229786643875,2,2,2,2,0,0.0014571532950498067,17.0,0.04040001658722758,0
2018,27,0,12.540749072964513,0.25081498145929026,0.4644721878875746,2,2,2,2,0,0.006482969429335128,17.0,0.03890000516548753,0
2019,27,3,12.531325300276972,0.25062650600553943,0.4641231592695174,3,2,2,2,33,0.009423772687547682,204.0,0.2894999925047159,72
2020,27,1,12.524674052017449,0.25049348104034896,0.463876816741387,6,1,5,5,29,0.006651248259530007,554.0,0.33220002660527825,26
2021,27,1,12.516157783002964,0.25032315566005925,0.46356139937048013,4,1,3,3,29,0.00851626901449265,554.0,0.3111999831162393,26
2022,27,2,12.50825132822504,0.2501650265645008,0.46326856771203845,6,2,4,4,31,0.00790645477793106,284.0,0.33900002017617226,50
2023,27,1,12.500877114674559,0.25001754229349116,0.46299544869165027,3,1,2,2,29,0.007374213550491504,554.0,0.3347999881953001,26
2024,27,2,12.495000596366928,0.24990001192733857,0.4627777998654419,5,2,3,3,31,0.005876518307637468,284.0,0.3418999840505421,50
2025,27,2,12.488688390492841,0.24977376780985683,0.4625440144626978,5,1,4,3,31,0.006312205874102972,394.0,0.31239999225363135,50
2026,27,4,12.47974086889294,0.2495948173778588,0.4622126247738126,6,3,4,4,35,0.008947521599907304,120.66666666666667,0.27900002896785736,92
2027,26,0,12.464663373832476,0.2492932674766495,0.47941012976278746,6,3,6,3,0,0.015077495060467072,17.0,0.054100004490464926,0
2028,26,1,12.461343051791285,0.2492268610358257,0.47928242506889557,3,1,2,2,28,0.0033203220411976986,534.0,0.33850001636892557,25
2029,26,1,12.456542724444471,0.2491308544888894,0.4790977970940182,5,1,4,4,28,0.004800327346828226,534.0,0.2826999989338219,25
2030,26,1,12.449098952107759,0.2489819790421552,0.4788114981579908,3,1,2,1,28,0.007443772336721111,534.0,0.2766000106930733,25
2031,26,0,12.446253444839037,0.24892506889678073,0.4787020555707322,2,2,2,2,0,0.0028455072687236793,17.0,0.049499969463795424,0
2032,26,2,12.4417645434204,0.248835290868408,0.4785294055161692,3,1,2,2,30,0.004488901418639557,374.0,0.26789994444698095,48
2033,26,2,12.436531136603454,0.24873062273206908,0.4783281206385943,2,0,1,0,30,0.005233406816955721,0.0,0.3021999727934599,48
2034,26,1,12.433464666806252,0.24866929333612503,0.47821017949254824,3,1,2,2,28,0.003066469797218474,534.0,0.27790002059191465,25
2035,26,0,12.43297179477459,0.24865943589549178,0.47819122287594573,1,1,1,1,0,0.0004928720316641488,17.0,0.04050001734867692,0
2036,26,1,12.428156258417872,0.24856312516835743,0.47800600993914905,3,1,3,3,28,0.004815536356716166,534.0,0.2668000524863601,25
2037,26,1,12.421459790126747,0.24842919580253495,0.4777484534664134,3,0,2,0,28,0.006696468291139013,0.0,0.27080002473667264,25
2038,26,2,12.412886448110008,0.24825772896220016,0.4774187095426926,4,0,3,0,30,0.008573342016745755,0.0,0.2565999748185277,48
2039,26,1,12.408111034182063,0.24816222068364127,0.4772350397762332,3,1,2,2,28,0.004775413927951888,534.0,0.2730999840423465,25
2040,26,2,12.402337911785118,0.24804675823570235,0.47701299660711993,3,0,2,0,30,0.005773122396952601,0.0,0.27329998556524515,48
2041,26,1,12.398087120935614,0.24796174241871227,0.47684950465136977,3,1,2,2,28,0.004250790849511077,534.0,0.2825999981723726,25
2042,26,1,12.393000940865234,0.24786001881730468,0.4766538823409705,2,0,1,0,28,0.0050861800703856375,0.0,0.29690004885196686,25
2043,26,1,12.39013350225103,0.2478026700450206,0.47654359624042425,2,1,1,1,28,0.002867438614210016,534.0,0.278000021353364,25
2044,26,1,12.380911295938281,0.24761822591876562,0.4761888959976262,4,0,3,0,28,0.009222206312763603,0.0,0.2806999837048352,25
2045,26,1,12.37586887901219,0.2475173775802438,0.47599495688508414,4,1,3,3,28,0.005042416926102078,534.0,0.28249999741092324,25
2046,26,2,12.37303279219056,0.24746065584381122,0.4758858766227138,2,1,1,1,30,0.002836086821638162,234.0,0.27359998784959316,48
2047,26,0,12.364786171213584,0.2472957234242717,0.47556869889283016,4,4,4,4,0,0.00824662097697626,17.0,0.052499992307275534,0
2048,26,0,12.357054870331485,0.2471410974066297,0.47527134116659553,4,4,4,4,0,0.0077313008821064955,17.0,0.0523999915458262,0
2049,26,1,12.350516936003878,0.24701033872007755,0.4750198821539954,6,1,5,5,28,0.006537934327610628,534.0,0.29280001763254404,25
2050,26,0,12.33968810872269,0.2467937621744538,0.47460338879702657,6,5,6,5,0,0.010828827281187614,17.0,0.05099998088553548,0
2051,26,1,12.333988306934964,0.2466797661386993,0.47438416565134484,5,1,4,4,28,0.005699801787734771,534.0,0.2736999886110425,25
2052,26,1,12.322312124624554,0.24644624249249109,0.4739350817163291,6,1,5,5,28,0.011676182310417005,534.0,0.27199997566640377,25
2053,26,1,12.318647323150131,0.24637294646300262,0.4737941278134665,4,1,3,3,28,0.0036648014744358193,534.0,0.34389999927952886,25
2054,26,2,12.311825805550843,0.24623651611101685,0.4735317617519555,7,2,6,6,30,0.0068215175992918375,274.0,0.27820002287626266,48
2055,26,2,12.303820162909133,0.24607640325818267,0.47322385241958204,6,2,4,4,30,0.008005642641727206,274.0,0.2723000361584127,48
2056,26,3,12.293115917932866,0.24586231835865732,0.4728121506897256,5,1,3,1,32,0.010704244976274424,114.0,0.28169999131932855,69
2057,26,1,12.28793709776792,0.24575874195535838,0.47261296529876606,4,1,3,3,28,0.0051788201649571874,534.0,0.32050005393102765,25
2058,26,4,12.282295470586963,0.24564590941173925,0.4723959796379601,4,2,2,2,34,0.005641627180963837,224.0,0.26020000223070383,88
2059,26,1,12.279344749972058,0.24558689499944117,0.47228249038354064,2,1,1,1,28,0.0029507206149119725,534.0,0.29449997236952186,25
2060,26,1,12.274725887673911,0.24549451775347822,0.4721048418336119,2,1,1,1,28,0.004618862298158888,534.0,0.2924000145867467,25
2061,26,0,12.264979387078668,0.24529958774157337,0.4717299764261026,3,2,3,2,0,0.009746500595241514,17.0,0.20599999697878957,0
2062,25,3,12.25971392221772,0.2451942784443544,0.4903885568887088,2,0,1,0,31,0.005265464860954694,0.0,0.26840000646188855,69
2063,25,2,12.25415978560444,0.2450831957120888,0.4901663914241776,5,2,4,4,29,0.00555413661329851,264.0,0.24389999452978373,46
2064,25,0,12.24813356016108,0.2449626712032216,0.48992534240644325,2,1,2,1,0,0.006026225443363842,17.0,0.048799964133650064,0
2065,25,2,12.241757286384985,0.2448351457276997,0.4896702914553995,4,1,3,3,29,0.006376273776098174,474.0,0.2381000085733831,46
2066,25,0,12.228670954202503,0.24457341908405006,0.4891468381681001,3,1,3,1,0,0.013086332182489002,17.0,0.05690002581104636,0
2067,25,1,12.224036526688444,0.24448073053376887,0.48896146106753785,3,1,2,2,27,0.004634427514062622,514.0,0.3006000188179314,24
2068,25,0,12.214122941797322,0.24428245883594646,0.4885649176718929,4,3,4,3,0,0.00991358489112315,17.0,0.05319999763742089,0
2069,25,1,12.210814460977646,0.24421628921955293,0.48843257843910587,2,1,2,2,27,0.0033084808196832682,514.0,0.2968000480905175,24
2070,25,3,12.205479954739857,0.24410959909479715,0.4882191981895943,4,1,3,3,31,0.005334506237808512,334.0,0.2707000239752233,66
2071,25,1,12.201934466938779,0.24403868933877557,0.48807737867755124,3,1,2,2,27,0.0035454878010838797,514.0,0.2861999673768878,24
2072,25,0,12.1961132293338,0.243922264586676,0.4878445291733521,3,3,3,3,0,0.005821237604983764,17.0,0.06799999391660094,0
2073,25,2,12.192319192053223,0.24384638384106444,0.4876927676821289,2,1,1,1,29,0.003794037280592022,114.0,0.2853999612852931,46
2074,25,3,12.185096892066252,0.24370193784132504,0.4874038756826501,5,1,3,1,31,0.007222299986977987,134.0,0.2818999928422272,66
2075,25,2,12.176756882341294,0.24353513764682588,0.48707027529365177,6,1,4,1,29,0.00834000972496085,154.0,0.30070001957938075,46
2076,25,2,12.167404599590428,0.24334809199180857,0.48669618398361714,5,1,4,2,29,0.009352282750874963,294.0,0.2834999468177557,46
2077,25,1,12.164012929834353,0.24328025859668706,0.4865605171933742,2,1,1,1,27,0.0033916697560840703,514.0,0.28689997270703316,24
2078,25,0,12.157087295345422,0.24314174590690843,0.48628349181381686,4,4,4,4,0,0.006925634488929688,17.0,0.036299985367804766,0
2079,25,1,12.152947105596475,0.2430589421119295,0.486117884223859,4,1,3,3,27,0.004140189748959244,514.0,0.29990001348778605,24
2080,25,1,12.147274857729549,0.242945497154591,0.48589099430918203,3,1,2,2,27,0.005672247866932878,514.0,0.3046000492759049,24
2081,25,3,12.141791688183675,0.2428358337636735,0.485671667527347,5,2,3,3,31,0.005483169545883015,244.0,0.26980001712217927,66
2082,25,1,12.137724836737757,0.24275449673475513,0.48550899346951026,3,1,2,2,27,0.004066851445927,514.0,0.28710003243759274,24
2083,25,2,12.130223156295749,0.24260446312591497,0.48520892625183004,2,0,2,0,29,0.0075016804420116046,0.0,0.2728000399656594,46
2084,25,1,12.122149920853031,0.24244299841706063,0.48488599683412126,4,1,3,3,27,0.008073235442729754,514.0,0.30399998649954796,24
2085,25,1,12.11586627497269,0.2423173254994538,0.4846346509989076,3,1,2,1,27,0.006283645880344579,514.0,0.2747000544331968,24
2086,25,1,12.109528471304152,0.24219056942608305,0.4843811388521661,4,1,3,3,27,0.0063378036685506345,514.0,0.27329998556524515,24
2087,25,1,12.10442864970343,0.24208857299406858,0.4841771459881372,4,1,3,3,27,0.005099821600722976,514.0,0.2862000255845487,24
2088,25,1,12.099136591648865,0.2419827318329773,0.4839654636659545,4,1,3,3,27,0.005292058054578774,514.0,0.2610000083222985,24
2089,25,2,12.09431644664928,0.24188632893298562,0.48377265786597123,3,1,2,2,29,0.004820144999591491,274.0,0.25179999647662044,46
2090,25,0,12.092546780783433,0.24185093561566867,0.48370187123133734,2,2,2,2,0,0.0017696658658508113,17.0,0.046600005589425564,0
2091,25,0,12.091770450204436,0.24183540900408873,0.4836708180081775,1,1,1,1,0,0.000776330579000728,17.0,0.04409998655319214,0
2092,25,1,12.086831993676876,0.24173663987353752,0.48347327974707505,2,0,1,0,27,0.004938456527561641,0.0,0.26409997371956706,24
2093,25,1,12.08352150227304,0.2416704300454608,0.4833408600909216,3,1,2,2,27,0.003310491403844651,514.0,0.2595999976620078,24
2094,25,0,12.081751836407193,0.24163503672814385,0.4832700734562877,2,2,2,2,0,0.0017696658658437059,17.0,0.042599975131452084,0
2095,25,1,12.079078386325737,0.24158156772651473,0.48316313545302947,2,1,1,1,27,0.0026734500814669104,514.0,0.2825999981723726,24
2096,25,1,12.077626421215893,0.24155252842431785,0.4831050568486357,0,0,0,0,27,0.0014519651098510167,0.0,0.25099999038502574,24
2097,25,0,12.067234491906989,0.24134468983813978,0.4826893796762796,3,2,3,2,0,0.010391929308909198,17.0,0.03920000744983554,0
2098,25,7,12.058891263612038,0.24117782527224077,0.48235565054448154,3,2,2,2,37,0.008343228294961591,104.0,0.20910002058371902,126
2099,25,0,12.058891263612038,0.24117782527224077,0.48235565054448154,0,0,0,0,0,0.0,0.0,0.031299947295337915,0
2100,25,1,12.055731252858973,0.24111462505717945,0.48222925011435896,3,1,2,2,27,0.003160010753077813,514.0,0.2691000117920339,24
2101,25,1,12.052671903066061,0.24105343806132123,0.48210687612264247,2,1,1,1,27,0.0030593497929203295,514.0,0.3349999897181988,24
2102,25,1,12.045909878926837,0.24091819757853675,0.4818363951570735,5,1,4,4,27,0.006762024139234768,514.0,0.3234000178053975,24
2103,25,1,12.04142250024807,0.2408284500049614,0.4816569000099228,4,1,3,3,27,0.004487378678774689,514.0,0.30049995984882116,24
2104,25,2,12.034737539089173,0.24069475078178346,0.4813895015635669,5,1,3,2,29,0.006684961158910596,234.0,0.2777999616228044,46
2105,25,0,12.019187587607497,0.24038375175214996,0.4807675035042999,6,4,6,4,0,0.01554995148167393,17.0,0.058699981309473515,0
2106,25,2,12.012828872645507,0.24025657745291013,0.48051315490582025,4,1,3,3,29,0.006358714962004797,414.0,0.2707999665290117,46
2107,25,1,12.006828551668661,0.24013657103337324,0.4802731420667465,3,1,2,1,27,0.006000320976852436,514.0,0.2728999825194478,24
2108,25,0,12.005835216381811,0.24011670432763624,0.48023340865527236,1,1,1,1,0,0.0009933352868500833,17.0,0.055100012104958296,0
2109,25,1,12.00073532092187,0.2400147064184374,0.4800294128368748,4,1,3,3,27,0.005099895459949266,514.0,0.2762000076472759,24
2110,25,1,11.993840957747283,0.23987681915494566,0.4797536383098913,2,0,1,0,27,0.006894363174595242,0.0,0.2730999840423465,24
2111,25,0,11.986065938185721,0.2397213187637144,0.4794426375274288,3,3,3,3,0,0.0077750195615635675,17.0,0.04989997250959277,0
2112,25,2,11.97708350772897,0.23954167015457942,0.47908334030915883,5,0,4,0,29,0.008982430456754287,0.0,0.2843000111170113,46
2113,25,3,11.965960491541393,0.23931920983082786,0.4786384196616557,6,3,4,4,31,0.011123016187589485,180.66666666666666,0.2541000139899552,66
2114,25,0,11.962848486167822,0.23925696972335644,0.4785139394467129,1,0,1,0,0,0.0031120053735733677,0.0,0.04360004095360637,0
2115,25,1,11.957282932115993,0.23914565864231985,0.4782913172846397,4,1,3,3,27,0.005565554051834454,514.0,0.25949999690055847,24
2116,25,3,11.950113884309674,0.23900227768619348,0.47800455537238695,4,1,2,1,31,0.007169047806321771,94.0,0.24289998691529036,66
2117,25,4,11.945473125288764,0.23890946250577527,0.47781892501155065,2,1,1,1,33,0.004640759020922758,214.0,0.23339997278526425,84
2118,25,0,11.939927755007595,0.2387985551001519,0.4775971102003039,2,2,2,2,0,0.005545370281168971,17.0,0.034400029107928276,0
2119,25,1,11.937416085714739,0.23874832171429478,0.47749664342858955,1,1,1,1,27,0.0025116692928648376,514.0,0.24770002346485853,24
2120,25,0,11.932864050720422,0.23865728101440845,0.4773145620288169,1,1,1,1,0,0.004552034994318888,17.0,0.0619000056758523,0
2121,25,1,11.931366150663893,0.23862732301327785,0.47725464602655565,0,0,0,0,27,0.0014979000565347178,0.0,0.2726000384427607,24
2122,25,0,11.930623132573794,0.2386124626514759,0.4772249253029517,1,1,1,1,0,0.0007430180900982464,17.0,0.05640002200379968,0
2123,25,0,11.92781396176412,0.2385562792352824,0.4771125584705648,2,2,2,2,0,0.0028091708096766865,17.0,0.05879998207092285,0
2124,25,0,11.92781396176412,0.2385562792352824,0.4771125584705648,0,0,0,0,0,0.0,0.0,0.057299970649182796,0
2125,25,2,11.925755651042774,0.23851511302085548,0.4770302260417109,0,0,0,0,29,0.0020583107213596463,0.0,0.26079994859173894,46
2126,25,1,11.920664474643448,0.23841328949286897,0.47682657898573794,4,1,3,3,27,0.005091176399325548,514.0,0.26540004182606936,24
2127,25,2,11.915286252066455,0.2383057250413291,0.4766114500826582,6,2,4,4,29,0.0053782225770078185,264.0,0.2617000136524439,46
2128,25,0,11.905946357911589,0.23811892715823177,0.47623785431646354,3,3,3,3,0,0.009339894154862804,17.0,0.0543000060133636,0
2129,25,3,11.894147335609926,0.2378829467121985,0.475765893424397,4,0,2,0,31,0.011799022301680395,0.0,0.25159999495372176,66
2130,25,2,11.885263395726826,0.2377052679145365,0.475410535829073,4,1,3,2,29,0.00888393988310554,254.0,0.30509999487549067,46
2131,25,1,11.880648524053713,0.23761297048107427,0.4752259409621486,4,1,3,3,27,0.004614871673126686,514.0,0.31020003370940685,24
2132,25,2,11.877308838282115,0.2375461767656423,0.47509235353128454,3,1,2,2,29,0.003339685771607037,334.0,0.29610004276037216,46
2133,25,0,11.865555116580618,0.23731110233161234,0.4746222046632247,2,1,2,1,0,0.011753721701495579,17.0,0.04899996565654874,0
2134,25,0,11.861950239175382,0.23723900478350765,0.47447800956701536,2,1,2,1,0,0.003604877405244622,17.0,0.0475000124424696,0
2135,25,2,11.857491677846985,0.2371498335569397,0.4742996671138795,3,2,3,3,29,0.004458561328405608,264.0,0.28959999326616526,46
2136,25,4,11.854413108224417,0.23708826216448833,0.4741765243289766,2,1,1,1,33,0.0030785696225805737,134.0,0.25460001779720187,84
2137,25,2,11.844135150890585,0.2368827030178117,0.47376540603562334,5,2,3,3,29,0.010277957333840959,264.0,0.2739999908953905,46
2138,25,0,11.842488868384873,0.23684977736769747,0.4736995547353948,2,2,2,2,0,0.0016462825057175223,17.0,0.04010001430287957,0
2139,25,3,11.835203031658994,0.23670406063317986,0.4734081212663597,4,1,2,1,31,0.00728583672589167,194.0,0.2559999702498317,66
2140,25,0,11.834460013568895,0.2366892002713779,0.4733784005427558,1,1,1,1,0,0.0007430180900982464,17.0,0.07179996464401484,0
2141,25,0,11.830874512180223,0.23661749024360446,0.473234980487209,3,3,3,3,0,0.003585501388670309,17.0,0.062000006437301636,0
2142,25,0,11.824984073574534,0.23649968147149067,0.47299936294298134,3,3,3,3,0,0.005890438605696602,17.0,0.08399999933317304,0
2143,25,3,11.82105401525612,0.2364210803051224,0.47284216061024475,3,1,2,2,31,0.003930058318424301,274.0,0.27650000993162394,66
2144,25,1,11.81510293896375,0.23630205877927501,0.47260411755855,4,0,3,0,27,0.0059510762923693505,0.0,0.29149994952604175,24
2145,25,1,11.804756578134791,0.23609513156269582,0.47219026312539164,7,1,6,6,27,0.01034636082896867,514.0,0.33949996577575803,24
2146,25,1,11.79985679935088,0.2359971359870176,0.4719942719740353,3,1,2,1,27,0.004899778783915565,514.0,0.29579998226836324,24
2147,25,0,11.79985679935088,0.2359971359870176,0.4719942719740353,0,0,0,0,0,0.0,0.0,0.06560003384947777,0
2148,25,0,11.799363927319218,0.23598727854638438,0.47197455709276875,1,1,1,1,0,0.0004928720316641488,17.0,0.056200020480901,0
2149,25,2,11.79100827826943,0.2358201655653886,0.47164033113077714,4,0,3,0,29,0.00835564904979691,0.0,0.31620002118870616,46
2150,25,0,11.78770623542809,0.2357541247085618,0.4715082494171236,3,3,3,3,0,0.0033020428413408354,17.0,0.055100012104958296,0
2151,25,6,11.783911520484846,0.23567823040969693,0.47135646081939386,2,1,1,1,35,0.0037947149432611127,74.0,0.2647999790497124,114
2152,25,1,11.778758165003916,0.23557516330007833,0.47115032660015665,2,1,1,1,27,0.005153355480935318,514.0,0.2699000178836286,24
2153,25,1,11.777216649867022,0.23554433299734043,0.4710886659946809,0,0,0,0,27,0.0015415151368998181,0.0,0.29669998912140727,24
2154,25,1,11.77159576955614,0.2354319153911228,0.4708638307822456,3,1,2,2,27,0.005620880310893028,514.0,0.29440002981573343,24
2155,25,0,11.768886665490143,0.23537773330980286,0.4707554666196057,3,3,3,3,0,0.002709104065999668,17.0,0.04499999340623617,0
2156,25,4,11.76346875532193,0.2352693751064386,0.4705387502128773,2,0,1,0,31,0.00541791016822657,0.0,0.2516999957151711,84
2157,25,2,11.759587498009608,0.23519174996019218,0.47038349992038425,2,1,1,1,29,0.003881257312329467,314.0,0.30450004851445556,46
2158,25,0,11.757666972017326,0.23515333944034653,0.4703066788806931,2,2,2,2,0,0.0019205259922827622,17.0,0.040300015825778246,0
2159,25,2,11.750984243819605,0.2350196848763921,0.47003936975278415,3,0,2,0,29,0.006682728197738186,0.0,0.3293000045232475,46
2160,25,2,11.749308698606914,0.23498617397213828,0.4699723479442765,0,0,0,0,29,0.001675545212698637,0.0,0.21540001034736633,46
2161,25,2,11.745465347539486,0.23490930695078974,0.4698186139015795,4,1,3,3,29,0.00384335106743805,174.0,0.21140003809705377,46
2162,25,1,11.742419373217,0.23484838746434,0.46969677492868,3,1,3,3,27,0.0030459743224966473,514.0,0.2906000008806586,24
2163,25,0,11.741676355126904,0.23483352710253808,0.4696670542050761,1,1,1,1,0,0.0007430180900982464,17.0,0.05560001591220498,0
2164,25,1,11.736846359749794,0.2347369271949959,0.4694738543899918,4,1,4,4,27,0.004829995377114926,514.0,0.26489997981116176,24
2165,25,0,11.73566885184761,0.2347133770369522,0.46942675407390444,1,1,1,1,0,0.0011775079021845158,17.0,0.0543000060133636,0
2166,25,0,11.733998471913763,0.23467996943827527,0.46935993887655053,2,2,2,2,0,0.0016703799338486647,17.0,0.052799994591623545,0
2167,25,2,11.724965839184419,0.23449931678368838,0.46899863356737675,5,2,4,4,29,0.00903263272935817,264.0,0.3198000486008823,46
2168,25,1,11.717311553983151,0.23434623107966301,0.46869246215932603,2,0,1,0,27,0.007654285201276423,0.0,0.29229995561763644,24
2169,25,1,11.712576192916913,0.23425152385833825,0.4685030477166766,3,1,2,2,27,0.004735361066245503,514.0,0.2863999688997865,24
2170,25,1,11.707282286092685,0.2341456457218537,0.4682912914437074,4,1,3,3,27,0.0052939068242352505,514.0,0.2948999754153192,24
2171,25,1,11.703796722551385,0.2340759344510277,0.4681518689020554,3,1,2,2,27,0.0034855635413180153,514.0,0.3291000030003488,24
2172,25,0,11.70330385051972,0.23406607701039442,0.46813215402078884,1,1,1,1,0,0.0004928720316641488,17.0,0.06150000263005495,0
2173,25,2,11.69941319859998,0.23398826397199962,0.46797652794399924,2,1,1,1,29,0.003890651919739696,274.0,0.3541000187397003,46
2174,25,0,11.697482264164966,0.2339496452832993,0.4678992905665986,1,1,1,1,0,0.0019309344350162405,17.0,0.06230000872164965,0
2175,25,6,11.692953896525832,0.23385907793051663,0.4677181558610334,4,2,2,2,35,0.0045283676391463246,114.0,0.2783999661915004,114
2176,25,2,11.69003378176447,0.2338006756352894,0.4676013512705788,2,1,1,1,29,0.0029201147613804324,214.0,0.2861000248230994,46
2177,25,2,11.686551526620702,0.23373103053241404,0.46746206106482807,1,1,1,1,29,0.003482255143772761,274.0,0.31400000443682075,46
2178,25,0,11.686551526620702,0.23373103053241404,0.46746206106482807,0,0,0,0,0,0.0,0.0,0.042300031054764986,0
2179,25,1,11.682983341456456,0.23365966682912911,0.46731933365825823,2,1,1,1,27,0.0035681851642550555,514.0,0.27849996695294976,24
2180,25,1,11.676212782436131,0.23352425564872262,0.46704851129744523,4,1,3,3,27,0.00677055902032464,514.0,0.25859999004751444,24
2181,25,1,11.670778776017531,0.23341557552035064,0.4668311510407013,4,1,3,3,27,0.005434006418610693,514.0,0.27030002092942595,24
2182,25,1,11.667567940497543,0.23335135880995087,0.46670271761990173,3,1,2,2,27,0.0032108355199937932,514.0,0.2858999650925398,24
2183,25,1,11.664110317319818,0.23328220634639635,0.46656441269279264,2,1,1,1,27,0.0034576231777379007,514.0,0.3212000010535121,24
2184,25,0,11.662553245220014,0.23325106490440028,0.4665021298088005,2,2,2,2,0,0.0015570720998070442,17.0,0.06479996955022216,0
2185,25,2,11.657917843203444,0.23315835686406888,0.46631671372813777,4,2,2,2,29,0.004635402016575085,264.0,0.33330003498122096,46
2186,25,1,11.656554982432759,0.2331310996486552,0.4662621992973104,0,0,0,0,27,0.0013628607706905882,0.0,0.3106999793089926,24
2187,25,1,11.651414917707466,0.23302829835414932,0.46605659670829874,2,1,1,1,27,0.005140064725296156,514.0,0.30670000705868006,24
2188,25,1,11.648564585607861,0.23297129171215722,0.4659425834243145,2,1,2,2,27,0.0028503320996193793,514.0,0.2885999856516719,24
2189,25,1,11.644191231598905,0.2328838246319781,0.4657676492639562,2,1,1,1,27,0.004373354008961883,514.0,0.28900004690513015,24
2190,25,1,11.636949585999654,0.23273899171999307,0.46547798343998614,2,1,1,1,27,0.007241645599265212,514.0,0.30429998878389597,24
2191,25,2,11.629283052133403,0.23258566104266806,0.465171322085336,5,2,3,3,29,0.007666533866263592,264.0,0.2652999828569591,46
2192,25,2,11.627709391770292,0.23255418783540585,0.4651083756708116,0,0,0,0,29,0.0015736603631140156,0.0,0.29769999673590064,46
2193,25,1,11.624190066238373,0.23248380132476748,0.4649676026495348,2,1,1,1,27,0.003519325531932793,514.0,0.29609998455271125,24
2194,25,1,11.619182668970023,0.23238365337940045,0.4647673067588009,2,0,1,0,27,0.0050073972683577495,0.0,0.2791999722830951,24
2195,25,0,11.613001452927342,0.23226002905854684,0.4645200581170937,2,1,2,1,0,0.006181216042676851,17.0,0.0447999918833375,0
2196,25,0,11.610506781679376,0.23221013563358753,0.46442027126717506,2,2,2,2,0,0.002494671247966096,17.0,0.04339998122304678,0
2197,25,1,11.60279088584296,0.2320558177168592,0.46411163543371836,5,0,5,0,27,0.007715895836426512,0.0,0.31239999225363135,24
2198,25,3,11.597505857776966,0.23195011715553931,0.4639002343110787,5,2,3,3,31,0.005285028066005282,234.0,0.27730001602321863,66
2199,25,4,11.58723838178536,0.2317447676357072,0.46348953527141445,7,2,4,3,33,0.010267475991618369,144.0,0.2471000188961625,84
2200,25,2,11.581891450334375,0.2316378290066875,0.46327565801337506,3,2,3,3,29,0.005346931451001069,264.0,0.2995000104419887,46
2201,25,2,11.575532760772195,0.2315106552154439,0.46302131043088773,4,1,2,1,29,0.0063586895621838835,114.0,0.2911000046879053,46
2202,25,0,11.573669473558628,0.23147338947117255,0.46294677894234504,2,2,2,2,0,0.0018632872135668777,17.0,0.08219998562708497,0
2203,25,1,11.569603248775515,0.2313920649755103,0.46278412995102053,2,1,1,1,27,0.004066224783123573,514.0,0.3146999515593052,24
2204,25,2,11.56285958466026,0.2312571916932052,0.4625143833864103,3,0,2,0,29,0.006743664115262504,0.0,0.30479999259114265,46
2205,25,1,11.556915244741317,0.23113830489482634,0.46227660978965274,3,1,2,1,27,0.005944339918954711,514.0,0.7115999469533563,24
2206,25,4,11.552554399228171,0.23105108798456342,0.4621021759691269,2,1,1,1,33,0.004360845513154743,194.0,0.2725999802350998,84
2207,25,4,11.542343431688174,0.23084686863376347,0.46169373726752694,6,2,3,2,33,0.01021096754000439,144.0,0.2725999802350998,84
2208,25,1,11.535340654806841,0.23070681309613683,0.46141362619227366,2,1,1,1,27,0.0070027768813361035,514.0,0.26109995087608695,24
2209,25,0,11.52557434788663,0.2305114869577326,0.46102297391546515,4,3,4,3,0,0.009766306920212742,17.0,0.04339998122304678,0
2210,25,0,11.51332256936379,0.2302664513872758,0.4605329027745516,5,3,5,3,0,0.012251778522838208,17.0,0.04499999340623617,0
2211,25,1,11.507284672496283,0.23014569344992566,0.46029138689985133,4,1,4,4,27,0.006037896867525205,514.0,0.27650000993162394,24
2212,25,0,11.503192135460683,0.23006384270921365,0.46012768541842725,3,3,3,3,0,0.004092537035596422,17.0,0.04140002420172095,0
2213,25,1,11.496959835939403,0.22993919671878807,0.45987839343757614,4,1,3,3,27,0.006232299521279572,514.0,0.25050004478543997,24
2214,25,0,11.49467484997868,0.2298934969995736,0.4597869939991472,2,2,2,2,0,0.002284985960720576,17.0,0.04339998122304678,0
2215,25,4,11.48603141673495,0.22972062833469897,0.45944125666939795,8,4,4,4,33,0.008643433243740617,139.0,0.23259996669366956,84
2216,25,0,11.483085253877315,0.2296617050775463,0.4593234101550926,1,1,1,1,0,0.002946162857632828,17.0,0.03689998993650079,0
2217,25,0,11.469111315949267,0.22938222631898533,0.4587644526379706,4,2,4,2,0,0.013973937928049907,17.0,0.03450002986937761,0
2218,25,2,11.464759995283586,0.2292951999056717,0.45859039981134336,3,1,2,2,29,0.004351320665691105,314.0,0.25020004250109196,46
2219,25,0,11.454490256038525,0.2290898051207705,0.458179610241541,5,5,5,5,0,0.010269739245060805,17.0,0.031400006264448166,0
2220,25,0,11.442294357912616,0.2288458871582523,0.45769177431650454,5,4,5,4,0,0.012195898125916926,17.0,0.05909998435527086,0
2221,25,2,11.434642877244848,0.22869285754489696,0.4573857150897939,7,1,5,1,29,0.00765148066777499,174.0,0.28870004462078214,46
2222,25,5,11.424765154705973,0.22849530309411947,0.45699060618823895,4,2,3,2,35,0.009877722538888634,74.0,0.2403000253252685,100
2223,25,1,11.421085051265678,0.22842170102531356,0.4568434020506272,3,1,2,2,27,0.0036801034403097788,514.0,0.26539998361840844,24
2224,25,0,11.413095948599459,0.22826191897198916,0.45652383794397833,3,2,3,2,0,0.007989102666222436,17.0,0.05360000068321824,0
2225,25,0,11.40377007223411,0.2280754014446822,0.4561508028893644,4,3,4,3,0,0.009325876365352315,17.0,0.05070003680884838,0
2226,25,0,11.397700997931338,0.22795401995862677,0.45590803991725365,3,2,3,2,0,0.006069074302772037,17.0,0.04999997327104211,0
2227,25,0,11.391477466991095,0.22782954933982189,0.45565909867964394,3,2,3,2,0,0.0062235309402467465,17.0,0.049400026910007,0
2228,25,0,11.382264957824471,0.22764529915648943,0.45529059831297886,4,2,4,2,0,0.009212509166623306,17.0,0.05180004518479109,0
2229,25,0,11.37542143594132,0.2275084287188264,0.45501685743765286,4,3,4,3,0,0.006843521883148185,17.0,0.04950002767145634,0
2230,25,1,11.371095480348448,0.22742190960696895,0.4548438192139379,4,1,3,3,27,0.004325955592882735,514.0,0.2601000014692545,24
2231,25,0,11.366087388553975,0.2273217477710795,0.45464349554215894,3,2,3,2,0,0.0050080917944796965,17.0,0.0515999854542315,0
2232,25,2,11.36082983264681,0.22721659665293617,0.4544331933058723,5,2,3,3,29,0.0052575559071641464,264.0,0.26220001745969057,46
2233,25,1,11.35779261017911,0.22715585220358223,0.4543117044071645,2,1,1,1,27,0.0030372224677179815,514.0,0.27489999774843454,24
2234,25,0,11.352018878844525,0.2270403775768905,0.454080755153781,4,4,4,4,0,0.005773731334585364,17.0,0.05039997631683946,0
2235,25,2,11.34665857591904,0.2269331715183808,0.45386634303676165,6,2,4,4,29,0.0053603029255029355,264.0,0.26439997600391507,46
2236,25,2,11.33991034333356,0.2267982068666712,0.4535964137333424,6,2,4,4,29,0.006748232585479741,264.0,0.26599998818710446,46
2237,25,2,11.327201275410525,0.2265440255082105,0.453088051016421,6,0,4,0,29,0.012709067923047712,0.0,0.38760004099458456,46
2238,25,2,11.321286499713173,0.22642572999426347,0.45285145998852694,5,2,4,4,29,0.0059147756973558785,264.0,0.24170003598555923,46
2239,25,5,11.311112848727962,0.22622225697455925,0.45244451394911844,5,1,3,2,33,0.010173650985223048,214.0,0.19340001745149493,100
2240,25,0,11.309821198054092,0.22619642396108183,0.4523928479221636,1,1,1,1,0,0.0012916506738704925,17.0,0.06619998021051288,0
2241,25,2,11.305406293832249,0.22610812587664497,0.45221625175328994,2,1,1,1,29,0.004414904221853533,314.0,0.3025000332854688,46
2242,25,1,11.30015425796553,0.2260030851593106,0.4520061703186212,4,1,3,3,27,0.005252035866718074,514.0,0.29769999673590064,24
2243,25,3,11.291721030375292,0.22583442060750586,0.4516688412150118,6,1,4,2,31,0.008433227590259662,234.0,0.3139000036753714,66
2244,25,1,11.287943062753488,0.22575886125506975,0.4515177225101395,4,1,3,3,27,0.003777967621815037,514.0,0.3153000143356621,24
2245,25,2,11.285212937289643,0.22570425874579286,0.4514085174915856,2,1,1,1,29,0.0027301254638558703,474.0,0.16900000628083944,46
2246,25,4,11.276107262336694,0.2255221452467339,0.45104429049346784,6,2,4,3,33,0.009105674952969878,164.0,0.15159999020397663,84
2247,25,1,11.273457337803436,0.22546914675606872,0.4509382935121373,2,1,1,1,27,0.002649924533265846,514.0,0.16029999824240804,24
2248,25,1,11.268303905030047,0.22536607810060094,0.45073215620120183,2,0,1,0,27,0.005153432773397526,0.0,0.15729997539892793,24
2249,25,1,11.262548684630204,0.22525097369260408,0.45050194738520816,4,1,3,3,27,0.0057552203998483265,514.0,0.20809995476156473,24
2250,25,0,11.25660436340462,0.2251320872680924,0.4502641745361848,3,2,3,2,0,0.005944321225577198,17.0,0.04819995956495404,0
2251,25,2,11.24681034787655,0.22493620695753103,0.44987241391506194,6,1,4,2,29,0.009794015528072464,214.0,0.2658999874256551,46
2252,25,0,11.244976114686452,0.22489952229372903,0.449799044587458,2,2,2,2,0,0.0018342331901024522,17.0,0.04700000863522291,0
2253,25,1,11.241217567765986,0.22482435135531972,0.4496487027106395,3,1,2,2,27,0.0037585469204728383,514.0,0.27140002930536866,24
2254,25,2,11.232822172696437,0.22465644345392874,0.44931288690785753,5,2,3,3,29,0.008395395069562994,264.0,0.2853000187315047,46
2255,25,2,11.221765119733359,0.22443530239466716,0.44887060478933427,5,2,3,3,29,0.01105705296308912,264.0,0.27979997685179114,46
2256,25,0,11.21876321610154,0.22437526432203078,0.4487505286440615,4,4,4,4,0,0.003001903631826508,17.0,0.0391000066883862,0
2257,25,0,11.214006811220871,0.22428013622441742,0.44856027244883484,3,2,3,2,0,0.0047564048806663095,17.0,0.05840003723278642,0
2258,25,0,11.212172578030772,0.22424345156061545,0.4484869031212309,2,2,2,2,0,0.0018342331901024522,17.0,0.03960001049563289,0
2259,25,2,11.201569308923611,0.22403138617847224,0.44806277235694447,6,1,4,2,29,0.010603269107164692,314.0,0.256399973295629,46
2260,25,3,11.19162586244876,0.22383251724897518,0.44766503449795036,4,0,2,0,31,0.00994344647487111,0.0,0.3025000332854688,66
2261,25,0,11.190755910522043,0.22381511821044087,0.4476302364208818,1,1,1,1,0,0.0008699519267167943,17.0,0.062400009483098984,0
2262,25,0,11.188444677539795,0.2237688935507959,0.44753778710159187,3,3,3,3,0,0.002311232982250999,17.0,0.06920000305399299,0
2263,25,2,11.184207053310809,0.22368414106621617,0.44736828213243235,5,1,4,4,29,0.004237624228991876,394.0,0.2859999658539891,46
2264,25,0,11.177853379514524,0.22355706759029048,0.44711413518058085,5,4,5,4,0,0.006353673796283488,17.0,0.07380003808066249,0
2265,25,2,11.16767223034326,0.2233534446068652,0.4467068892137305,7,1,5,4,29,0.010181149171273773,274.0,0.2725999802350998,46
2266,25,1,11.16171807321734,0.2232343614643468,0.4464687229286936,5,1,4,4,27,0.005954157125927395,514.0,0.228599994443357,24
2267,25,1,11.156876464672482,0.22313752929344965,0.4462750585868993,6,1,5,5,27,0.004841608544865039,514.0,0.22270000772550702,24
2268,25,1,11.150912165755015,0.2230182433151003,0.4460364866302006,4,1,3,2,27,0.005964298917476185,514.0,0.30910002533346415,24
2269,25,1,11.142417532463018,0.22284835064926034,0.4456967012985206,9,1,9,9,27,0.008494633292016829,514.0,0.27439999394118786,24
2270,25,2,11.1344148054953,0.222688296109906,0.445376592219812,7,2,5,5,29,0.008002726967731633,264.0,0.26190001517534256,46
2271,25,2,11.128482072287145,0.2225696414457429,0.4451392828914858,5,2,4,4,29,0.005932733208162233,264.0,0.2606000052765012,46
2272,25,2,11.121714568245807,0.22243429136491613,0.44486858272983226,5,1,5,2,29,0.006767504041341965,114.0,0.26240001898258924,46
2273,25,2,11.11553710843831,0.2223107421687662,0.4446214843375325,6,2,4,4,29,0.006177459807503283,264.0,0.285100017208606,46
2274,25,1,11.111421026039796,0.22222842052079592,0.44445684104159183,4,1,3,3,27,0.004116082398525123,514.0,0.2630999661050737,24
2275,25,3,11.104557902990052,0.22209115805980104,0.4441823161196022,5,2,4,4,31,0.006863123049754449,234.0,0.2511999919079244,66
2276,25,0,11.099541552532296,0.2219908310506459,0.4439816621012918,4,4,4,4,0,0.0050163504577582785,17.0,0.037400051951408386,0
2277,25,1,11.090876291390906,0.2218175258278181,0.4436350516556362,6,1,5,5,27,0.008665261141388214,514.0,0.2584000467322767,24
2278,25,0,11.082704455485993,0.22165408910971987,0.44330817821943974,7,7,7,7,0,0.008171835904917657,17.0,0.03560003824532032,0
2279,25,1,11.07685532011357,0.2215371064022714,0.44307421280454284,5,1,4,4,27,0.005849135372429259,514.0,0.24670001585036516,24
2280,25,1,11.071607778538482,0.22143215557076965,0.4428643111415393,6,1,5,5,27,0.005247541575094772,514.0,0.277700019069016,24
2281,25,3,11.06493188781443,0.22129863775628858,0.44259727551257727,9,3,9,9,31,0.006675890724061162,180.66666666666666,0.27570000384002924,66
2282,25,1,11.057520644412058,0.22115041288824117,0.44230082577648233,8,1,7,7,27,0.0074112434023803075,514.0,0.27650000993162394,24
2283,25,0,11.048220210054946,0.22096440420109892,0.44192880840219784,5,4,5,4,0,0.00930043435711525,17.0,0.059999991208314896,0
2284,25,2,11.040359877030658,0.22080719754061318,0.44161439508122624,7,0,6,0,29,0.0078603330242899,0.0,0.27630000840872526,46
2285,25,1,11.033987458172621,0.22067974916345243,0.44135949832690485,7,1,7,7,27,0.006372418858042295,514.0,0.27139997109770775,24
2286,25,1,11.030555365086276,0.2206111073017255,0.441222214603451,3,1,3,3,27,0.0034320930863529497,514.0,0.3383000148460269,24
2287,25,1,11.024910997763586,0.22049821995527172,0.4409964399105435,4,1,3,3,27,0.005644367322695132,514.0,0.2762000076472759,24
2288,25,1,11.018217406621623,0.22036434813243247,0.44072869626486494,6,1,5,5,27,0.006693591141967659,514.0,0.27459999546408653,24
2289,25,0,11.007528397645315,0.2201505679529063,0.4403011359058126,5,3,5,3,0,0.01068900897630698,17.0,0.05289999535307288,0
2290,25,1,11.00194431841901,0.2200388863683802,0.4400777727367604,6,1,6,6,27,0.005584079226316874,514.0,0.30750001315027475,24
2291,25,1,10.995725762332903,0.21991451524665806,0.4398290304933161,4,1,3,3,27,0.006218556086110993,514.0,0.29910000739619136,24
2292,25,2,10.990280550444906,0.21980561100889812,0.43961122201779623,3,1,2,2,29,0.005445211888009283,274.0,0.28959999326616526,46
2293,25,2,10.981113857533677,0.21962227715067353,0.43924455430134707,5,1,4,2,29,0.009166692911243501,254.0,0.27820002287626266,46
2294,25,2,10.970574073256747,0.21941148146513495,0.43882296293026996,7,2,5,5,29,0.010539784276929254,264.0,0.30670000705868006,46
2295,25,3,10.96265024781416,0.2192530049562832,0.4385060099125664,7,3,5,5,31,0.00792382544260306,180.66666666666666,0.27160003082826734,66
2296,25,1,10.953385526504803,0.21906771053009608,0.43813542106019215,6,0,5,0,27,0.009264721309364177,0.0,0.29390002600848675,24
2297,25,1,10.946113385594813,0.21892226771189627,0.4378445354237925,3,0,2,0,27,0.007272140909996949,0.0,0.2891999902203679,24
2298,25,0,10.935471678727467,0.21870943357454933,0.43741886714909867,6,6,6,6,0,0.010641706867353662,17.0,0.03560003824532032,0
2299,25,1,10.927907782529324,0.21855815565058648,0.43711631130117296,5,0,4,0,27,0.007563896198149678,0.0,0.2864999696612358,24
2300,25,3,10.917374575077337,0.21834749150154675,0.4366949830030935,5,1,3,1,31,0.010533207451992155,134.0,0.2961999853141606,66
2301,25,1,10.912300089351067,0.21824600178702133,0.4364920035740426,2,1,1,1,27,0.005074485726282774,514.0,0.3073000116273761,24
2302,25,1,10.906929567943074,0.2181385913588615,0.436277182717723,3,1,2,2,27,0.0053705214079968755,514.0,0.3408000338822603,24
2303,25,1,10.902291644069692,0.21804583288139384,0.4360916657627877,3,1,2,2,27,0.004637923873389127,514.0,0.3157000173814595,24
2304,25,0,10.89327695309181,0.2178655390618362,0.4357310781236724,4,3,4,3,0,0.009014690977885209,17.0,0.06390002090483904,0
2305,25,3,10.88388529489907,0.2176777058979814,0.4353554117959627,6,2,4,4,31,0.009391658192754448,234.0,0.3234000178053975,66
2306,25,0,10.882921013635684,0.21765842027271368,0.4353168405454273,1,1,1,1,0,0.0009642812633856579,17.0,0.056999968364834785,0
2307,25,2,10.872767250069934,0.21745534500139868,0.43491069000279736,4,2,2,2,29,0.010153763565753593,264.0,0.2951000351458788,46
2308,25,3,10.869203735922556,0.21738407471845111,0.4347681494369023,3,1,2,2,31,0.0035635141473875365,174.0,0.6291000172495842,66
2309,25,1,10.865442560695907,0.21730885121391816,0.4346177024278363,3,1,2,2,27,0.003761175226664193,514.0,0.22769998759031296,24
2310,25,1,10.862272101476083,0.21724544202952167,0.43449088405904335,2,1,1,1,27,0.0031704592198309456,514.0,0.1639999682083726,24
2311,25,0,10.85916009610251,0.2171832019220502,0.43436640384410047,1,0,1,0,0,0.0031120053735733677,0.0,0.04529999569058418,0
2312,25,0,10.858195814839128,0.21716391629678256,0.4343278325935651,1,1,1,1,0,0.0009642812633856579,17.0,0.044599990360438824,0
2313,25,2,10.855391255958239,0.21710782511916477,0.43421565023832953,2,1,1,1,29,0.002804558880903585,234.0,0.25209999876096845,46
2314,25,1,10.853982207323012,0.21707964414646025,0.43415928829292055,0,0,0,0,27,0.0014090486352316134,0.0,0.2663999912329018,24
2315,25,1,10.8515200260031,0.217030400520062,0.434060801040124,1,1,1,1,27,0.0024621813199203757,514.0,0.2846000134013593,24
2316,25,1,10.84658487194504,0.2169316974389008,0.4338633948778016,2,0,1,0,27,0.004935154058067326,0.0,0.2508999896235764,24
2317,25,1,10.842825611083265,0.2168565122216653,0.43371302444333054,4,1,3,3,27,0.003759260861791347,514.0,0.2510999911464751,24
2318,25,2,10.838466007167083,0.21676932014334166,0.4335386402866833,3,1,2,2,29,0.004359603916178401,214.0,0.2498000394552946,46
2319,25,1,10.832981729129488,0.21665963458258974,0.43331926916517943,4,1,3,3,27,0.0054842780376134215,514.0,0.24700001813471317,24
2320,25,0,10.82200363001804,0.2164400726003608,0.43288014520072154,3,2,3,2,0,0.010978099111447648,17.0,0.06150000263005495,0
2321,25,0,10.817278654627655,0.2163455730925531,0.4326911461851061,3,2,3,2,0,0.004724975390395514,17.0,0.05889998283237219,0
2322,25,0,10.813266418057154,0.21626532836114307,0.43253065672228613,2,2,2,2,0,0.004012236570503092,17.0,0.05800003418698907,0
2323,25,2,10.808614227471962,0.21617228454943924,0.4323445690988785,4,1,4,4,29,0.004652190585197502,294.0,0.27459999546408653,46
2324,25,2,10.8016595416935,0.21603319083387,0.4320663816677399,3,0,2,0,29,0.0069546857784743565,0.0,0.28490001568570733,46
2325,25,1,10.798377084286264,0.21596754168572527,0.43193508337145053,3,1,2,2,27,0.003282457407252082,514.0,0.2680000034160912,24
2326,25,0,10.794395126985975,0.2158879025397195,0.4317758050794391,2,1,2,1,0,0.003981957300290162,17.0,0.05659996531903744,0
2327,25,0,10.793430845722591,0.21586861691445183,0.4317372338289037,1,1,1,1,0,0.0009642812633856579,17.0,0.05400000372901559,0
2328,25,2,10.78778582558161,0.2157557165116322,0.43151143302326445,3,1,2,1,29,0.005645020140988777,194.0,0.2601999440230429,46
2329,25,3,10.778598860649968,0.21557197721299937,0.4311439544259988,6,2,4,3,31,0.00918696493165072,164.0,0.2536999527364969,66
2330,25,1,10.774578933589684,0.21549157867179367,0.43098315734358744,3,1,3,3,27,0.004019927060298301,514.0,0.28440001187846065,24
2331,25,1,10.76704103387641,0.2153408206775282,0.4306816413550564,2,0,1,0,27,0.007537899713277341,0.0,0.3003000165335834,24
2332,25,0,10.763059076576122,0.21526118153152243,0.4305223630630449,2,1,2,1,0,0.003981957300290162,17.0,0.04959997022524476,0
2333,25,3,10.755911259565472,0.21511822519130944,0.4302364503826188,4,2,2,2,31,0.007147817010668689,234.0,0.25350000942125916,66
2334,25,1,10.748830897769267,0.21497661795538534,0.42995323591077067,5,1,4,4,27,0.007080361796212742,514.0,0.2614000113680959,24
2335,25,1,10.744587345532885,0.2148917469106577,0.4297834938213155,5,1,4,4,27,0.004243552236388837,514.0,0.25729998014867306,24
2336,25,2,10.735013652378337,0.21470027304756673,0.42940054609513345,6,1,4,3,29,0.009573693154557361,334.0,0.21920003928244114,46
2337,25,4,10.72846739468006,0.2145693478936012,0.4291386957872024,4,2,2,2,33,0.006546257698282432,184.0,0.22570003056898713,84
2338,25,2,10.724551206735839,0.21449102413471677,0.42898204826943354,3,1,2,2,29,0.00391618794423465,294.0,0.2232000115327537,46
2339,25,0,10.714045484890748,0.21428090969781496,0.4285618193956299,3,0,3,0,0,0.010505721845092353,0.0,0.027800037059932947,0
2340,25,1,10.708520456204592,0.21417040912409185,0.42834081824818376,5,1,5,5,27,0.005525028686157896,514.0,0.3106999793089926,24
2341,25,0,10.698016364386472,0.21396032728772943,0.42792065457545897,4,3,4,3,0,0.010504091818127392,17.0,0.06569997640326619,0
2342,25,0,10.689678880132284,0.2137935776026457,0.42758715520529145,2,2,2,2,0,0.008337484254191452,17.0,0.06239995127543807,0
2343,25,1,10.685243328210262,0.21370486656420526,0.4274097331284105,3,1,2,2,27,0.004435551922028935,514.0,0.32729998929426074,24
2344,25,2,10.679482487694662,0.21358964975389325,0.4271792995077865,1,0,1,0,29,0.005760840515613097,0.0,0.30049995984882116,46
2345,25,1,10.67360293934456,0.2134720587868912,0.4269441175737825,3,1,2,1,27,0.005879548350108621,514.0,0.30530005460605025,24
2346,25,1,10.668653308233328,0.21337306616466656,0.42674613232933317,2,1,1,1,27,0.004949631111237807,514.0,0.29090000316500664,24
2347,25,2,10.662013751371864,0.21324027502743728,0.4264805500548745,4,1,3,1,29,0.006639556861472329,134.0,0.29880000511184335,46
2348,25,3,10.652354933859046,0.2130470986771809,0.4260941973543618,6,1,4,2,31,0.009658817512828932,114.0,0.28629996813833714,66
2349,25,0,10.651390652595662,0.21302781305191323,0.42605562610382647,1,1,1,1,0,0.0009642812633856579,17.0,0.05420000525191426,0
2350,25,0,10.646385080738309,0.21292770161476618,0.42585540322953236,3,3,3,3,0,0.005005571857353175,17.0,0.051099981646984816,0
2351,25,3,10.640967785520672,0.21281935571041344,0.4256387114208269,4,1,3,3,31,0.005417295217647222,354.0,0.2815999905578792,66
2352,25,1,10.637845990121722,0.21275691980243444,0.4255138396048689,3,1,2,2,27,0.003121795398961069,514.0,0.2958999830298126,24
2353,25,0,10.624300255889228,0.21248600511778457,0.424972010235569,5,3,5,3,0,0.013545734232494056,17.0,0.04630000330507755,0
2354,25,1,10.620513115080449,0.21241026230160898,0.424820524603218,4,1,3,3,27,0.0037871408087823966,514.0,0.29719999292865396,24
2355,25,3,10.616877296432824,0.21233754592865647,0.42467509185731295,2,1,1,1,31,0.003635818647637734,214.0,0.25889999233186245,66
2356,25,0,10.603941613241851,0.212078832264837,0.424157664529674,5,3,5,3,0,0.0129356831909746,17.0,0.04640000406652689,0
2357,25,1,10.60091140586237,0.21201822811724738,0.42403645623449476,3,1,2,2,27,0.003030207379495664,514.0,0.2691000117920339,24
2358,25,2,10.596419013806914,0.21192838027613828,0.42385676055227656,3,1,2,2,29,0.004492392055460925,274.0,0.2780999639071524,46
2359,25,3,10.585266307587705,0.2117053261517541,0.42341065230350816,5,1,4,1,31,0.011152706219228037,254.0,0.2713000285439193,66
2360,25,4,10.581160898562024,0.21162321797124048,0.42324643594248085,3,1,2,2,33,0.004105409025690676,274.0,0.28440001187846065,84
2361,25,2,10.574196133478456,0.2114839226695691,0.4229678453391382,5,1,3,1,29,0.006964765083573354,94.0,0.41939999209716916,46
2362,25,0,10.557973672496868,0.21115947344993735,0.42231894689987465,6,3,6,3,0,0.016222460981595077,17.0,0.05949998740106821,0
2363,25,0,10.554163883964762,0.21108327767929524,0.4221665553585905,3,3,3,3,0,0.003809788532109337,17.0,0.04460004856809974,0
2364,25,0,10.550181698482426,0.21100363396964852,0.4220072679392971,3,3,3,3,0,0.003982185482335865,17.0,0.04600000102072954,0
2365,25,6,10.544907298065283,0.21089814596130566,0.4217962919226113,6,2,4,4,33,0.00527440041715721,134.0,0.21570001263171434,114
2366,25,2,10.53464355081585,0.210692871016317,0.421385742032634,5,0,3,0,29,0.010263747249439348,0.0,0.29119994724169374,46
2367,25,1,10.525492609663115,0.2105098521932623,0.4210197043865247,5,0,5,0,27,0.009150941152739733,0.0,0.3132999991066754,24
2368,25,1,10.519386564608915,0.2103877312921783,0.4207754625843566,6,1,5,5,27,0.00610604505420298,514.0,0.2807999844662845,24
2369,25,0,10.507802933711517,0.21015605867423034,0.4203121173484607,4,2,4,2,0,0.011583630897398223,17.0,0.046600005589425564,0
2370,25,0,10.501604311317928,0.21003208622635858,0.42006417245271704,2,1,2,1,0,0.0061986223935903695,17.0,0.04840001929551363,0
2371,25,1,10.496462280871903,0.20992924561743806,0.41985849123487606,4,1,3,3,27,0.005142030446037893,514.0,0.2778000198304653,24
2372,25,2,10.489905607145353,0.20979811214290706,0.4195962242858141,7,2,5,5,29,0.006556673726556994,264.0,0.2809999859891832,46
2373,25,2,10.485839622304672,0.20971679244609345,0.41943358489218696,2,1,1,1,29,0.004065984840686099,334.0,0.2791999722830951,46
2374,25,1,10.47729653769306,0.20954593075386121,0.41909186150772243,5,0,4,0,27,0.008543084611623897,0.0,0.28690003091469407,24
2375,25,0,10.476332256429679,0.20952664512859356,0.4190532902571871,1,1,1,1,0,0.0009642812633856579,17.0,0.037999998312443495,0
2376,25,2,10.470722672922932,0.20941445345845863,0.4188289069169173,4,2,3,3,29,0.005609583506753779,264.0,0.2639000304043293,46
2377,25,0,10.463714311923066,0.20927428623846134,0.4185485724769227,5,5,5,5,0,0.007008360999869012,17.0,0.03659998765215278,0
2378,25,0,10.457062424753348,0.20914124849506696,0.418282496990134,5,5,5,5,0,0.006651887169716986,17.0,0.03509997623041272,0
2379,25,1,10.453905939867134,0.20907811879734267,0.41815623759468545,3,1,2,2,27,0.0031564848862259964,514.0,0.28199999360367656,24
2380,25,3,10.44849738749851,0.2089699477499702,0.4179398954999404,4,2,3,3,31,0.005408552368635355,224.0,0.278900028206408,66
2381,25,2,10.443460710165404,0.20886921420330806,0.41773842840661607,5,2,4,4,29,0.005036677333123407,264.0,0.3062000032514334,46
2382,25,0,10.442496428902018,0.20884992857804036,0.4176998571560807,1,1,1,1,0,0.0009642812633856579,17.0,0.06049999501556158,0
2383,25,0,10.438824882624623,0.20877649765249245,0.4175529953049849,3,3,3,3,0,0.003671546277395521,17.0,0.06059999577701092,0
2384,25,0,10.43299090982138,0.2086598181964276,0.4173196363928552,4,4,4,4,0,0.005833972803245047,17.0,0.058699981309473515,0
2385,25,0,10.428106859984219,0.20856213719968436,0.4171242743993687,4,4,4,4,0,0.00488404983716606,17.0,0.058999983593821526,0
2386,25,2,10.422461952501441,0.20844923905002882,0.41689847810005776,6,2,4,4,29,0.0056449074827824575,264.0,0.2958999830298126,46
2387,25,3,10.416136339621014,0.20832272679242028,0.4166454535848406,4,0,3,0,31,0.006325612880438314,0.0,0.2886999864131212,66
2388,25,2,10.404466125784385,0.2080893225156877,0.4161786450313754,7,0,5,0,29,0.011670213836644905,0.0,0.27900002896785736,46
2389,25,1,10.396875201144454,0.20793750402288907,0.41587500804577815,5,0,4,0,27,0.007590924639934826,0.0,0.3081999602727592,24
2390,25,1,10.391650759538837,0.20783301519077674,0.4156660303815535,4,1,3,3,27,0.005224441605619745,514.0,0.36310002906247973,24
2391,25,0,10.382066617077452,0.20764133234154905,0.41528266468309816,4,3,4,3,0,0.009584142461392275,17.0,0.040199956856667995,0
2392,25,3,10.37535817108741,0.2075071634217482,0.4150143268434964,4,2,3,3,31,0.006708445990057044,234.0,0.20910002058371902,66
2393,25,2,10.370992017477448,0.20741984034954897,0.4148396806990979,4,1,3,3,29,0.00436615360996484,394.0,0.16170000890269876,46
2394,25,2,10.364006884338606,0.20728013768677211,0.4145602753735442,5,2,3,3,29,0.006985133138847743,264.0,0.24850002955645323,46
2395,25,1,10.359487819662833,0.20718975639325665,0.4143795127865133,5,1,4,4,27,0.004519064675783113,514.0,0.24759996449574828,24
2396,25,1,10.353682714692305,0.20707365429384608,0.4141473085876921,7,1,6,6,27,0.005805104970534103,514.0,0.2683000057004392,24
2397,25,1,10.349914861395431,0.20699829722790863,0.41399659445581727,4,1,3,3,27,0.0037678532968854483,514.0,0.26130001060664654,24
2398,25,0,10.34688442741247,0.20693768854824937,0.41387537709649874,2,2,2,2,0,0.003030433982964098,17.0,0.039300008211284876,0
2399,25,1,10.338355411072811,0.20676710822145622,0.41353421644291255,4,0,3,0,27,0.008529016339650752,0.0,0.2531000063754618,24
2400,25,3,10.329759339215052,0.20659518678430103,0.413190373568602,6,1,4,1,31,0.00859607185777378,134.0,0.2636999706737697,66
2401,25,3,10.323626885395043,0.20647253770790086,0.41294507541580167,6,2,4,4,31,0.0061324538200224765,214.0,0.291000003926456,66
2402,25,2,10.317084030302976,0.2063416806060595,0.41268336121211896,6,1,5,5,29,0.0065428550920785256,454.0,0.2711999695748091,46
2403,25,1,10.31120405382488,0.20622408107649762,0.4124481621529953,7,1,6,6,27,0.005879976478105675,514.0,0.2741999924182892,24
2404,25,3,10.304596500124164,0.2060919300024833,0.4121838600049666,5,2,3,3,31,0.006607553700732183,234.0,0.26599998818710446,66
2405,25,1,10.29966966541572,0.2059933933083144,0.4119867866166288,6,1,6,6,27,0.00492683470845634,514.0,0.26790000265464187,24
2406,25,1,10.29593499664859,0.2059186999329718,0.4118373998659436,3,1,3,3,27,0.0037346687671302448,514.0,0.2886000438593328,24
2407,25,2,10.288634145030926,0.2057726829006185,0.411545365801237,4,0,3,0,29,0.007300851617671356,0.0,0.25270000332966447,46
2408,25,2,10.279966179979901,0.205599323599598,0.41119864719919597,4,0,3,0,29,0.008667965051039062,0.0,0.24369999300688505,46
2409,25,1,10.275718098499869,0.2055143619699974,0.4110287239399948,5,1,4,4,27,0.0042480814800427424,514.0,0.2870000316761434,24
2410,25,0,10.27497508040977,0.2054995016081954,0.4109990032163908,1,1,1,1,0,0.0007430180900982464,17.0,0.041899969801306725,0
2411,25,0,10.272274445769439,0.20544548891538877,0.41089097783077755,3,3,3,3,0,0.0027006346403339876,17.0,0.03779999678954482,0
2412,25,0,10.271310164506055,0.2054262032901211,0.41085240658024214,1,1,1,1,0,0.0009642812633856579,17.0,0.03819999983534217,0
2413,25,3,10.265448314964868,0.20530896629929735,0.4106179325985947,6,3,4,4,31,0.005861849541197728,180.66666666666666,0.23439998039975762,66
2414,25,1,10.259083852618843,0.20518167705237686,0.41036335410475383,5,0,4,0,27,0.006364462346027722,0.0,0.26950001483783126,24
2415,25,1,10.25247429856582,0.20504948597131642,0.41009897194263284,5,1,4,4,27,0.006609554053035538,514.0,0.27439999394118786,24
2416,25,0,10.246252363971223,0.20492504727942445,0.409850094558849,5,5,5,5,0,0.006221934594591971,17.0,0.03550003748387098,0
2417,25,1,10.238529730056218,0.20477059460112434,0.4095411892022487,4,0,3,0,27,0.00772263391501582,0.0,0.24970003869384527,24
2418,25,0,10.237565448792832,0.20475130897585664,0.4095026179517133,1,1,1,1,0,0.0009642812633856579,17.0,0.032400013878941536,0
2419,25,0,10.232635164872109,0.20465270329744217,0.40930540659488446,4,4,4,4,0,0.004930283920721479,17.0,0.03090000245720148,0
2420,25,0,10.229441234328334,0.2045888246865667,0.4091776493731334,2,2,2,2,0,0.0031939305437802545,17.0,0.05849997978657484,0
2421,25,0,10.22462192960128,0.2044924385920256,0.4089848771840512,3,2,3,2,0,0.004819304727057272,17.0,0.058699981309473515,0
2422,25,2,10.216795402408156,0.20433590804816312,0.40867181609632625,7,1,6,1,29,0.007826527193138588,174.0,0.2715999726206064,46
2423,25,3,10.207563156819575,0.20415126313639148,0.40830252627278296,5,2,3,2,31,0.00923224558858493,134.0,0.28420001035556197,66
2424,25,1,10.204209456195247,0.20408418912390494,0.4081683782478099,3,1,3,3,27,0.0033537006243378187,514.0,0.2703999634832144,24
2425,25,1,10.200840734764222,0.20401681469528443,0.40803362939056886,3,1,3,3,27,0.003368721431030508,514.0,0.2686000079847872,24
2426,25,1,10.192701793784424,0.20385403587568848,0.4077080717513769,3,0,2,0,27,0.008138940979804943,0.0,0.2770000137388706,24
2427,25,2,10.179742291946063,0.20359484583892126,0.4071896916778425,7,1,5,1,29,0.012959501838366805,94.0,0.27409999165683985,46
2428,25,2,10.176579232672122,0.20353158465344243,0.40706316930688485,2,1,2,2,29,0.003163059273958879,474.0,0.2663999912329018,46
2429,25,1,10.174061500906841,0.20348123001813684,0.4069624600362737,2,1,1,1,27,0.0025177317652875786,514.0,0.2620000159367919,24
2430,25,1,10.16746131566384,0.2033492263132768,0.4066984526265536,5,1,4,4,27,0.0066001852430090935,514.0,0.26000000070780516,24
2431,25,2,10.160189132889736,0.2032037826577947,0.4064075653155894,5,2,4,4,29,0.0072721827741162315,264.0,0.2519999979995191,46
2432,25,1,10.155199075790325,0.2031039815158065,0.40620796303161305,2,1,1,1,27,0.0049900570994125815,514.0,0.2586999908089638,24
2433,25,2,10.152636795260737,0.20305273590521472,0.40610547181042944,2,1,1,1,29,0.0025622805296094953,174.0,0.24829996982589364,46
2434,25,2,10.148376554327362,0.20296753108654722,0.40593506217309444,4,1,3,3,29,0.004260240933383841,414.0,0.27120002778247,46
2435,25,1,10.143646772275442,0.20287293544550886,0.4057458708910177,3,1,2,2,27,0.004729782051924758,514.0,0.2503999858163297,24
2436,25,1,10.13940089360668,0.2027880178721336,0.40557603574426737,5,1,4,4,27,0.00424587866876891,514.0,0.24550000671297312,24
2437,25,1,10.135240903952832,0.20270481807905663,0.40540963615811326,2,1,1,1,27,0.00415998965385711,514.0,0.2722999779507518,24
2438,25,1,10.129069600185192,0.20258139200370384,0.4051627840074076,4,1,3,3,27,0.006171303767644076,514.0,0.2432999899610877,24
2439,25,0,10.125863745281851,0.20251727490563703,0.40503454981127407,2,2,2,2,0,0.0032058549033422423,17.0,0.03170000854879618,0
2440,25,1,10.1190253869256,0.202380507738512,0.404761015477024,5,1,4,4,27,0.00683835835626212,514.0,0.271500030066818,24
2441,25,2,10.110964092735546,0.20221928185471094,0.4044385637094218,4,1,3,1,29,0.008061294190063961,74.0,0.1558999647386372,46
2442,25,1,10.107401941851881,0.20214803883703764,0.40429607767407527,2,1,1,1,27,0.0035621508836740645,514.0,0.14340004418045282,24
2443,25,1,10.103205058588212,0.20206410117176424,0.4041282023435285,3,1,2,2,27,0.004196883263674067,514.0,0.24419999681413174,24
2444,25,2,10.095454132266404,0.2019090826453281,0.40381816529065623,3,2,2,2,29,0.007750926321826057,264.0,0.24150003446266055,46
2445,25,2,10.086411493647528,0.20172822987295055,0.4034564597459011,5,1,3,1,29,0.009042638618886656,254.0,0.31179998768493533,46
2446,25,2,10.076938587038804,0.20153877174077606,0.4030775434815521,6,1,5,3,29,0.009472906608735343,174.0,0.2753000007942319,46
2447,25,3,10.073472165761562,0.20146944331523123,0.40293888663046246,2,1,1,1,31,0.003466421277252607,294.0,0.2633000258356333,66
2448,25,1,10.067835006969045,0.2013567001393809,0.4027134002787618,5,1,4,4,27,0.005637158792524133,514.0,0.2740000491030514,24
2449,25,0,10.064112513532411,0.20128225027064822,0.4025645005412965,2,2,2,2,0,0.003722493436633556,17.0,0.04850002005696297,0
2450,25,0,10.060390020095781,0.20120780040191563,0.40241560080383115,2,2,2,2,0,0.003722493436633556,17.0,0.04469999112188816,0
2451,25,1,10.056171947784376,0.20112343895568752,0.40224687791137503,5,1,4,4,27,0.0042180723114171315,514.0,0.29310001991689205,24
2452,25,1,10.050048642683084,0.20100097285366167,0.40200194570732334,4,0,3,0,27,0.00612330510129766,0.0,0.2133999951183796,24
2453,25,1,10.044607273666172,0.20089214547332343,0.4017842909466468,3,1,3,3,27,0.005441369016921271,514.0,0.2964999875985086,24
2454,25,1,10.040098347526246,0.20080196695052493,0.40160393390104987,3,1,2,2,27,0.004508926139934033,514.0,0.2967000473290682,24
2455,25,3,10.033137577638575,0.2006627515527715,0.40132550310554294,4,2,3,3,31,0.006960769887683682,214.0,0.26320002507418394,66
2456,25,1,10.030019803533932,0.20060039607067864,0.4012007921413573,3,1,2,2,27,0.003117774104644866,514.0,0.29340002220124006,24
2457,25,0,10.023527948286311,0.20047055896572621,0.40094111793145243,2,1,2,1,0,0.006491855247624301,17.0,0.03809999907389283,0
2458,25,0,10.01971183350196,0.2003942366700392,0.4007884733400784,2,2,2,2,0,0.003816114784356728,17.0,0.040000013541430235,0
2459,25,2,10.01612179270482,0.20032243585409637,0.4006448717081927,2,1,1,1,29,0.003590040797156746,314.0,0.2595999976620078,46
2460,25,2,10.008501727730053,0.20017003455460106,0.40034006910920217,4,2,2,2,29,0.0076200649747733,264.0,0.29960001120343804,46
2461,25,4,9.998373593587965,0.1999674718717593,0.3999349437435186,3,1,2,1,33,0.01012813414210001,54.0,0.28879998717457056,84
2462,25,0,9.995262068021294,0.19990524136042587,0.39981048272085173,2,2,2,2,0,0.0031115255666733788,17.0,0.08510000770911574,0
2463,25,0,9.992315905163661,0.19984631810327322,0.3996926362065464,1,1,1,1,0,0.002946162857632828,17.0,0.0570000265724957,0
2464,25,1,9.984400531903821,0.19968801063807642,0.39937602127615285,3,0,2,0,27,0.00791537325984848,0.0,0.41859998600557446,24
2465,25,3,9.982697456124281,0.19965394912248563,0.3993078982449712,0,0,0,0,31,0.001703075779552421,0.0,0.21140003809705377,66
2466,25,1,9.974219666733498,0.19948439333466997,0.39896878666933994,5,1,4,3,27,0.008477789390795465,514.0,0.22220000391826034,24
2467,25,1,9.968548459413412,0.19937096918826824,0.3987419383765365,3,0,2,0,27,0.005671207320091298,0.0,0.29470003210008144,24
2468,25,2,9.964582645497588,0.19929165290995177,0.3985833058199034,4,2,2,2,29,0.003965813915833394,264.0,0.26329996762797236,46
2469,25,1,9.960234636575878,0.19920469273151756,0.39840938546303517,4,1,3,3,27,0.004348008921716939,514.0,0.2666000509634614,24
2470,25,0,9.951604503370909,0.19903209006741818,0.39806418013483635,4,3,4,3,0,0.0086301332049743,17.0,0.04870002157986164,0
2471,25,1,9.945811701257181,0.19891623402514363,0.39783246805028716,3,0,2,0,27,0.00579280211373856,0.0,0.2641999744810164,24
2472,25,0,9.942301801586593,0.19884603603173187,0.39769207206346374,2,2,2,2,0,0.003509899670589789,17.0,0.04440004704520106,0
2473,25,0,9.937756107473353,0.19875512214946706,0.3975102442989341,3,2,3,2,0,0.0045456941132400175,17.0,0.047600013203918934,0
2474,25,1,9.933680679461183,0.19867361358922367,0.39734722717844734,2,1,1,1,27,0.004075428012178861,514.0,0.2688000095076859,24
2475,25,1,9.926296889904972,0.19852593779809943,0.3970518755961989,4,0,4,0,27,0.007383789556222098,0.0,0.264700036495924,24
2476,25,0,9.910759142371234,0.19821518284742468,0.3964303656948494,5,2,5,2,0,0.015537747533741708,17.0,0.04139996599406004,0
2477,25,2,9.905312569939497,0.19810625139878993,0.39621250279757997,5,1,4,4,29,0.005446572431750951,354.0,0.2642000326886773,46
2478,25,4,9.893253730731367,0.19786507461462732,0.39573014922925476,11,4,7,7,33,0.012058839208137329,139.0,0.25810004444792867,84
2479,25,1,9.88630245347105,0.19772604906942098,0.39545209813884197,5,1,4,4,27,0.006951277260327515,514.0,0.26080000679939985,24
2480,25,3,9.878198927940062,0.19756397855880123,0.39512795711760246,4,1,2,1,31,0.008103525530998468,234.0,0.27029996272176504,66
2481,25,2,9.870239483657286,0.19740478967314573,0.39480957934629146,3,0,2,0,29,0.007959444282782613,0.0,0.27570000384002924,46
2482,25,1,9.861825661171716,0.19723651322343433,0.39447302644686866,5,1,4,3,27,0.008413822485586309,514.0,0.2815999905578792,24
2483,25,0,9.849738427857599,0.19699476855715198,0.39398953711430396,4,3,4,3,0,0.012087233314119317,17.0,0.05500001134350896,0
2484,25,1,9.84535619886967,0.1969071239773934,0.3938142479547867,3,1,2,2,27,0.004382228987928727,514.0,0.2911000046879053,24
2485,25,0,9.838159754404368,0.19676319508808734,0.3935263901761747,2,1,2,1,0,0.007196444465300544,17.0,0.054999953135848045,0
2486,25,4,9.836283286145038,0.19672566572290076,0.39345133144580147,0,0,0,0,33,0.0018764682593470638,0.0,0.28819998260587454,84
2487,25,1,9.827515611626037,0.19655031223252073,0.39310062446504146,5,1,4,4,27,0.008767674519006619,514.0,0.1762000028975308,24
2488,25,1,9.822400428683515,0.1964480085736703,0.3928960171473407,5,1,4,4,27,0.005115182942532215,514.0,0.22250000620260835,24
2489,25,1,9.8167932799149,0.19633586559829802,0.39267173119659604,5,1,4,4,27,0.005607148768625336,514.0,0.24009996559470892,24
2490,25,1,9.811396920033602,0.19622793840067204,0.3924558768013441,5,1,4,4,27,0.005396359881302715,514.0,0.298700004350394,24
2491,25,2,9.805433464745356,0.1961086692949071,0.39221733858981417,5,1,4,4,29,0.005963455288252817,354.0,0.28900004690513015,46
2492,25,4,9.799747807692533,0.19599495615385065,0.39198991230770125,3,1,2,2,33,0.005685657052843851,174.0,0.25480001932010055,84
2493,25,0,9.788907130500046,0.19577814261000093,0.39155628522000185,3,2,3,2,0,0.010840677192483383,17.0,0.043599982745945454,0
2494,25,1,9.784847235654327,0.19569694471308655,0.39139388942617304,4,1,3,3,27,0.004059894845724443,514.0,0.31839997973293066,24
2495,25,1,9.780765113072759,0.19561530226145518,0.39123060452291036,3,1,2,2,27,0.0040821225815790285,514.0,0.28330000350251794,24
2496,25,1,9.77570813170988,0.1955141626341976,0.39102832526839526,5,1,4,4,27,0.005056981362891122,514.0,0.2817999920807779,24
2497,25,0,9.757499818312155,0.1951499963662431,0.3902999927324861,5,3,5,3,0,0.01820831339772866,17.0,0.03800005652010441,0
2498,25,1,9.752742264508345,0.19505484529016692,0.39010969058033385,5,1,4,4,27,0.004757553803813153,514.0,0.28410000959411263,24
2499,25,0,9.752742264508345,0.19505484529016692,0.39010969058033385,0,0,0,0,0,0.0,0.0,0.03170000854879618,0
2500,25,2,9.748564108125866,0.1949712821625173,0.3899425643250347,5,1,4,4,29,0.00417815638249408,474.0,0.30310003785416484,46
2501,25,2,9.744139416842524,0.19488278833685047,0.38976557667370104,5,2,3,3,29,0.004424691283347215,264.0,0.30429998878389597,46
2502,25,2,9.73847202113116,0.1947694404226232,0.3895388808452464,5,1,4,4,27,0.0056673957113702045,494.0,0.3008000203408301,46
2503,25,4,9.730923600730886,0.1946184720146177,0.3892369440292354,3,1,3,1,31,0.007548420400283362,114.0,0.2878000377677381,84
2504,25,1,9.7260366518931,0.194520733037862,0.38904146607572393,4,1,3,3,27,0.004886948837800276,514.0,0.2842999529093504,24
2505,25,0,9.718015717147312,0.19436031434294623,0.3887206286858924,4,4,4,4,0,0.00802093474578669,17.0,0.052499992307275534,0
2506,25,1,9.711566759190879,0.19423133518381758,0.38846267036763504,7,1,7,7,27,0.006448957956443735,514.0,0.31889998354017735,24
2507,25,1,9.706843242169864,0.1941368648433973,0.38827372968679447,3,1,2,2,27,0.0047235170210200295,514.0,0.19509997218847275,24
2508,25,2,9.698318698933981,0.19396637397867963,0.38793274795735927,5,2,4,4,29,0.008524543235886028,264.0,0.1696999534033239,46
2509,25,1,9.692358594265091,0.19384717188530182,0.38769434377060363,4,1,3,3,27,0.005960104668901067,514.0,0.1404000213369727,24
2510,25,1,9.684812504236195,0.1936962500847239,0.3873925001694479,7,1,6,6,27,0.007546090028903052,514.0,0.24209998082369566,24
2511,25,0,9.675510485198037,0.19351020970396074,0.3870204194079215,5,4,5,4,0,0.00930201903815231,17.0,0.04549999721348286,0
2512,25,1,9.669596835636732,0.19339193671273464,0.3867838734254692,4,0,3,0,27,0.005913649561314571,0.0,0.359599944204092,24
2513,25,0,9.656267017336635,0.1931253403467327,0.3862506806934654,6,5,6,5,0,0.013329818300093166,17.0,0.05019997479394078,0
2514,25,3,9.649269339160963,0.19298538678321925,0.3859707735664386,6,2,4,4,31,0.006997678175679312,204.0,0.2742999931797385,66
2515,25,1,9.644128360564478,0.19288256721128957,0.38576513442257915,5,1,4,4,27,0.005140978596500645,514.0,0.2891999902203679,24
2516,25,0,9.634862424734873,0.19269724849469747,0.3853944969893949,3,2,3,2,0,0.009265935829603222,17.0,0.04069996066391468,0
2517,25,0,9.627069702849504,0.19254139405699008,0.38508278811398017,2,1,2,1,0,0.007792721885373055,17.0,0.038300000596791506,0
2518,25,1,9.619126135591152,0.19238252271182305,0.38476504542364615,6,1,5,4,27,0.007943567258358541,514.0,0.2739999908953905,24
2519,25,2,9.607255068908751,0.19214510137817503,0.3842902027563501,6,0,4,0,29,0.011871066682410003,0.0,0.27540000155568123,46
2520,25,0,9.604307969409033,0.19208615938818066,0.38417231877636143,3,3,3,3,0,0.002947099499721162,17.0,0.06569997640326619,0
2521,25,3,9.59931073088168,0.1919862146176336,0.3839724292352672,4,3,3,3,31,0.004997238527366221,180.66666666666666,0.29170000925660133,66
2522,25,2,9.590229263751606,0.19180458527503214,0.38360917055006416,5,1,3,1,29,0.009081467130087617,134.0,0.29990001348778605,46
2523,25,0,9.58755917740326,0.19175118354806522,0.38350236709613034,2,2,2,2,0,0.002670086348345535,17.0,0.05820003570988774,0
2524,25,2,9.581670002739273,0.19163340005478546,0.3832668001095709,5,1,4,4,29,0.005889174663998631,374.0,0.29910000739619136,46
2525,25,0,9.57682344371154,0.1915364688742308,0.3830729377484616,1,1,1,1,0,0.004846559027733122,17.0,0.05920004332438111,0
2526,25,0,9.572187271387296,0.19144374542774592,0.38288749085549173,4,4,4,4,0,0.004636172324246957,17.0,0.05689996760338545,0
2527,25,1,9.565839487204059,0.19131678974408117,0.38263357948816235,8,1,7,7,27,0.0063477841832337845,514.0,0.32400002237409353,24
2528,25,1,9.557861788466411,0.19115723576932822,0.3823144715386564,4,1,3,3,27,0.007977698737661854,514.0,0.3013999667018652,24
2529,25,2,9.550908519951552,0.19101817039903105,0.382036340798062,5,2,3,3,29,0.0069532685148701034,264.0,0.28799998108297586,46
2530,25,3,9.54237527501272,0.1908475055002544,0.38169501100050873,4,2,3,3,31,0.008533244938845996,104.0,0.2668000524863601,66
2531,25,1,9.538349888746021,0.19076699777492043,0.38153399554984085,5,1,4,4,27,0.004025386266704345,514.0,0.2899999963119626,24
2532,25,2,9.533211085423696,0.1906642217084739,0.3813284434169478,5,2,3,3,29,0.005138803322331853,264.0,0.32079999800771475,46
2533,25,2,9.528079033368348,0.19056158066736695,0.3811231613347339,2,0,1,0,29,0.005132052055358827,0.0,0.2806999837048352,46
2534,25,1,9.524005558244841,0.19048011116489683,0.38096022232979365,2,1,1,1,27,0.0040734751235120825,514.0,0.2785000251606107,24
2535,25,0,9.51674228019754,0.1903348456039508,0.3806696912079016,4,4,4,4,0,0.007263278047304311,17.0,0.04339998122304678,0
2536,25,2,9.50949983047819,0.1901899966095638,0.3803799932191275,5,1,3,1,29,0.007242449719356614,234.0,0.2660000463947654,46
2537,25,2,9.502049737717597,0.19004099475435193,0.3800819895087038,2,0,1,0,29,0.007450092760606708,0.0,0.2804000396281481,46
2538,25,0,9.494582405608607,0.18989164811217216,0.3797832962243443,3,3,3,3,0,0.007467332108987534,17.0,0.03819999983534217,0
2539,25,1,9.489546792829874,0.18979093585659748,0.37958187171319496,2,1,1,1,27,0.005035612778740983,514.0,0.26920001255348325,24
2540,25,2,9.48507498921612,0.18970149978432238,0.37940299956864476,3,1,2,2,29,0.004471803613760983,394.0,0.23849995341151953,46
2541,25,2,9.476623546236503,0.18953247092473005,0.37906494184946005,5,1,3,1,29,0.008451442979627188,154.0,0.55570004042238,46
2542,25,1,9.470397131915263,0.18940794263830527,0.3788158852766104,4,1,3,3,27,0.006226414321254481,514.0,0.2685999497771263,24
2543,25,0,9.46390527666764,0.1892781055333528,0.3785562110667056,2,1,2,1,0,0.006491855247624301,17.0,0.062700011767447,0
2544,25,2,9.459542644741063,0.18919085289482127,0.3783817057896426,4,2,2,2,29,0.004362631926582594,264.0,0.22690003970637918,46
2545,25,1,9.453523711782395,0.1890704742356479,0.3781409484712958,4,0,3,0,27,0.006018932958674839,0.0,0.29959995299577713,24
2546,25,2,9.448303439382418,0.18896606878764835,0.37793213757529664,4,2,2,2,29,0.0052202723999954515,264.0,0.29340002220124006,46
2547,25,2,9.441140875644646,0.1888228175128929,0.3776456350257858,4,2,3,3,29,0.007162563737779237,264.0,0.2937000244855881,46
2548,25,2,9.43209416059062,0.18864188321181238,0.3772837664236247,8,2,6,6,29,0.009046715054040533,264.0,0.27029996272176504,46
2549,25,1,9.424288428487237,0.18848576856974475,0.37697153713948944,5,0,4,0,27,0.00780573210338531,0.0,0.28470001416280866,24
2550,25,0,9.420738332000834,0.1884147666400167,0.3768295332800334,2,2,2,2,0,0.003550096486399923,17.0,0.050200033001601696,0
2551,25,3,9.41755572486425,0.188351114497285,0.37670222899457,2,1,1,1,31,0.003182607136594129,214.0,0.27760001830756664,66
2552,25,0,9.394572133664813,0.18789144267329624,0.3757828853465925,7,5,7,5,0,0.022983591199448483,17.0,0.046200002543628216,0
2553,25,1,9.386430030391711,0.18772860060783422,0.37545720121566845,5,1,5,5,27,0.008142103273108603,514.0,0.1677999971434474,24
2554,25,1,9.382291806336902,0.18764583612673802,0.37529167225347604,4,1,3,3,27,0.004138224054820228,514.0,0.12729997979477048,24
2555,25,0,9.37201627579068,0.18744032551581358,0.37488065103162727,3,2,3,2,0,0.010275530546223877,17.0,0.020899984519928694,0
2556,25,0,9.364397195936139,0.18728794391872278,0.37457588783744555,4,3,4,3,0,0.007619079854535471,17.0,0.019899976905435324,0
2557,25,0,9.362923981991901,0.18725847963983802,0.37451695927967604,1,1,1,1,0,0.0014732139442372727,17.0,0.0860999571159482,0
2558,25,3,9.361125666911569,0.18722251333823137,0.37444502667646284,0,0,0,0,31,0.0017983150803502213,0.0,0.20680000307038426,66
2559,25,2,9.353752776220722,0.18707505552441442,0.37415011104882884,2,0,1,0,29,0.007372890690852785,0.0,0.25079998886212707,46
2560,24,3,9.345420525338783,0.18690841050677565,0.38939252188911594,4,1,2,1,31,0.008332250881942116,134.0,0.29940000968053937,66
2561,24,0,9.339576839670592,0.18679153679341184,0.3891490349862747,2,2,2,2,0,0.0058436856681964855,17.0,0.0640999642200768,0
2562,24,1,9.33418351121597,0.18668367022431942,0.38892431296733215,4,1,3,3,26,0.005393328454630364,494.0,0.26109995087608695,23
2563,24,0,9.327024833442781,0.18654049666885564,0.38862603472678253,4,3,4,3,0,0.007158677773190902,17.0,0.05619996227324009,0
2564,24,1,9.321304541856822,0.18642609083713643,0.38838768924403433,5,1,4,4,26,0.005720291585973314,494.0,0.514900020789355,23
2565,24,3,9.31547371628886,0.1863094743257772,0.3881447381787025,5,2,4,4,30,0.005830825567961995,194.0,0.21819997346028686,63
2566,24,4,9.306540642011294,0.18613081284022587,0.3877725267504706,4,1,2,1,32,0.008933074277585717,94.0,0.24389999452978373,80
2567,24,0,9.296524528795786,0.1859304905759157,0.3873551886998244,5,4,5,4,0,0.010016113215513656,17.0,0.040300015825778246,0
2568,24,0,9.284463664705324,0.18568927329410648,0.3868526526960552,6,5,6,5,0,0.012060864090457812,17.0,0.0654000323265791,0
2569,24,2,9.278752701905958,0.18557505403811916,0.3866146959127483,5,2,4,4,28,0.0057109627993838785,254.0,0.23499998496845365,44
2570,24,0,9.264238977325354,0.18528477954650707,0.3860099573885564,8,7,8,7,0,0.014513724580602627,17.0,0.03920000744983554,0
2571,24,1,9.259361475158988,0.18518722950317976,0.3858067281316245,5,1,4,4,26,0.004877502166372949,494.0,0.22230000467970967,23
2572,24,1,9.253338380606408,0.18506676761212815,0.3855557658586004,8,1,7,7,26,0.006023094552588759,494.0,0.278300023637712,23
2573,24,0,9.245301777076904,0.18490603554153806,0.3852209073782043,4,3,4,3,0,0.008036603529504305,17.0,0.04759995499625802,0
2574,24,1,9.235705807853911,0.18471411615707822,0.3848210753272463,8,1,7,6,26,0.009595969223006762,494.0,0.28760003624483943,23
2575,23,0,9.220507110291175,0.1844101422058235,0.40089161349092073,10,9,10,9,0,0.015198697562738062,17.0,0.04910002462565899,0
2576,23,4,9.210326555146667,0.18420653110293334,0.4004489806585507,8,2,5,2,31,0.01018055514452243,94.0,0.23310002870857716,76
2577,23,1,9.203696177286417,0.18407392354572835,0.40016070336027904,7,1,6,6,25,0.006630377860254555,474.0,0.2528000040911138,22
2578,23,3,9.199267485717261,0.18398534971434521,0.39996815155292437,4,1,3,3,29,0.004428691569160037,374.0,0.23720000172033906,60
2579,23,0,9.19462231230301,0.18389244624606021,0.39976618749143517,3,3,3,3,0,0.004645173414253634,17.0,0.027699978090822697,0
2580,23,0,9.188983803601905,0.1837796760720381,0.39952103493921326,4,4,4,4,0,0.005638508701103717,17.0,0.05470000905916095,0
2581,23,1,9.183953153884048,0.18367906307768095,0.39930231103843683,4,1,3,3,25,0.005030649717866709,474.0,0.24159997701644897,22
2582,23,0,9.180891837344328,0.18361783674688656,0.3991692103193187,3,3,3,3,0,0.003061316539721304,17.0,0.05000003147870302,0
2583,23,1,9.177375211716253,0.18354750423432506,0.3990163135528805,1,1,1,1,25,0.0035166256280803054,474.0,0.28760003624483943,22
2584,23,0,9.173361039730327,0.18346722079460653,0.3988417843361011,3,3,3,3,0,0.004014171985929238,17.0,0.060699996538460255,0
2585,23,3,9.1695612618002,0.18339122523600399,0.3986765766000086,3,1,3,3,29,0.00379977793013353,334.0,0.2826999989338219,60
2586,23,0,9.16614412004667,0.18332288240093342,0.3985280052194204,3,3,3,3,0,0.0034171417535233672,17.0,0.05709996912628412,0
2587,23,1,9.162405737814797,0.18324811475629596,0.39836546686151275,4,1,3,3,25,0.0037383822318872717,474.0,0.2850999590009451,22
2588,23,1,9.156771270963919,0.18313542541927838,0.3981204900419096,5,1,4,4,25,0.005634466850878539,474.0,0.30610000248998404,22
2589,23,1,9.15326094815169,0.1830652189630338,0.397967867310943,2,1,1,1,25,0.003510322812239508,474.0,0.28959999326616526,22
2590,23,0,9.150837141685013,0.18301674283370026,0.3978624844210875,2,2,2,2,0,0.002423806466673284,17.0,0.05139998393133283,0
2591,23,1,9.14705892682596,0.1829411785365192,0.39769821420982426,2,1,1,1,25,0.00377821485906793,474.0,0.27709995629265904,22
2592,23,1,9.141365554134726,0.1828273110826945,0.3974506762667273,3,1,2,2,25,0.005693372691233378,474.0,0.31859998125582933,22
2593,23,2,9.138484837076014,0.18276969674152027,0.3973254276989571,2,1,1,1,27,0.002880717058722837,294.0,0.22440002067014575,42
2594,23,2,9.136022376735102,0.18272044753470204,0.39721836420587403,2,1,1,1,27,0.00246246034092934,74.0,0.24009996559470892,42
2595,23,2,9.131085345616171,0.1826217069123234,0.397003710678964,2,1,1,1,27,0.004937031118934954,194.0,0.24609995307400823,42
2596,23,2,9.12949872121203,0.1825899744242406,0.3969347270092187,0,0,0,0,27,0.0015866244041475852,0.0,0.2544000162743032,42
2597,23,0,9.127432568492452,0.18254865136984905,0.39684489428228054,1,1,1,1,0,0.00206615271957844,17.0,0.04229997284710407,0
2598,23,3,9.12178158278979,0.1824356316557958,0.39659919925172993,3,0,2,0,27,0.005650985702665423,0.0,0.228599994443357,60
2599,23,2,9.117836831160325,0.1823567366232065,0.39642768831131847,2,1,2,2,27,0.003944751629475718,234.0,0.2528000040911138,42
2600,23,3,9.1095272111801,0.18219054422360198,0.3960664004860912,4,1,2,1,29,0.008309619980231275,114.0,0.27680001221597195,60
2601,23,0,9.106682088572338,0.18213364177144675,0.39594269950314515,2,2,2,2,0,0.002845122607759265,17.0,0.057999975979328156,0
2602,23,1,9.099282559431037,0.18198565118862076,0.3956209808448277,3,1,2,2,25,0.007399529141309813,474.0,0.26780000189319253,22
2603,23,1,9.09405681091372,0.1818811362182744,0.3953937743875531,4,1,3,3,25,0.005225748517332818,474.0,0.2711999695748091,22
2604,23,2,9.09035283723911,0.18180705674478218,0.39523273205387427,2,1,1,1,27,0.0037039736746109497,214.0,0.26329996762797236,42
2605,23,1,9.086364599566686,0.18172729199133372,0.39505933041594277,2,1,1,1,25,0.003988237672430728,474.0,0.2567999763414264,22
2606,23,0,9.080688526359664,0.18161377052719327,0.3948125446243331,3,3,3,3,0,0.005676073207027343,17.0,0.05339999916031957,0
2607,23,2,9.074030333733502,0.18148060667467003,0.39452305798841314,8,2,7,7,27,0.006658192626176174,244.0,0.2519000554457307,42
2608,23,0,9.06992900188936,0.1813985800377872,0.39434473921258084,3,3,3,3,0,0.004101331844140077,17.0,0.051799986977130175,0
2609,23,0,9.066389635225544,0.18132779270451088,0.3941908537054584,2,2,2,2,0,0.003539366663815713,17.0,0.04829996032640338,0
2610,23,2,9.061102005743994,0.18122204011487988,0.39396095677147797,6,2,4,4,27,0.005287629481564693,244.0,0.24510000366717577,42
2611,23,1,9.057124946065246,0.1811424989213049,0.39378804113327154,4,1,3,3,25,0.003977059678753392,474.0,0.25669997557997704,22
2612,23,2,9.048914262074604,0.18097828524149207,0.39343105487280894,5,2,4,4,27,0.008210683990647283,244.0,0.24470000062137842,42
2613,23,2,9.041474509213264,0.18082949018426528,0.39310758735709844,6,1,4,2,27,0.007439752861344573,134.0,0.2395000192336738,42
2614,23,0,9.028670543983608,0.18057341087967216,0.3925508932166787,8,8,8,8,0,0.012803965229664982,17.0,0.03950000973418355,0
2615,23,2,9.023510616455484,0.18047021232910967,0.39232654854154275,6,2,5,5,27,0.0051599275281333234,244.0,0.3016000264324248,42
2616,23,1,9.017606920257332,0.18035213840514663,0.392069866098145,4,1,3,3,25,0.005903696198160446,474.0,0.24159997701644897,22
2617,23,2,9.01327857868217,0.1802655715736434,0.3918816773340073,4,1,3,3,27,0.004328341575174477,334.0,0.22709998302161694,42
2618,23,0,9.010469407872495,0.1802093881574499,0.39175953947271713,2,2,2,2,0,0.0028091708096766865,17.0,0.03809999907389283,0
2619,23,1,9.007009472415456,0.18014018944830912,0.39160910749632416,3,1,2,2,25,0.003459935457044594,474.0,0.21739996736869216,22
2620,23,1,8.99497346281137,0.17989946925622738,0.39108580273092913,4,1,4,4,25,0.012036009604095455,474.0,0.2403000253252685,22
2621,23,2,8.988293341097705,0.1797658668219541,0.39079536265642206,6,2,4,4,27,0.006680121713671383,244.0,0.3147000097669661,42
2622,23,1,8.983945606631849,0.17967891213263698,0.3906063307231239,5,1,4,4,25,0.004347734465859787,474.0,0.2961999853141606,22
2623,23,2,8.980549274041227,0.17961098548082455,0.3904586640887491,1,1,1,1,27,0.003396332590632767,234.0,0.27860002592206,42
2624,23,1,8.975653844721904,0.17951307689443807,0.39024581933573504,5,1,5,5,25,0.004895429319333289,474.0,0.2644999767653644,22
2625,23,0,8.971458891530045,0.1794291778306009,0.39006343006652366,3,3,3,3,0,0.004194953191863249,17.0,0.054100004490464926,0
2626,23,2,8.962003574670547,0.17924007149341092,0.38965232933350197,6,1,4,3,27,0.009455316859501295,194.0,0.2720999764278531,42
2627,23,1,8.953490982771875,0.1790698196554375,0.38928221664225543,6,1,5,5,25,0.008512591898671928,474.0,0.24970003869384527,22
2628,23,0,8.950690096410145,0.1790138019282029,0.38916043897435415,2,2,2,2,0,0.002800886361733035,17.0,0.0543000060133636,0
2629,23,1,8.943011658238108,0.17886023316476216,0.38882659383643947,7,1,7,7,25,0.0076784381720500505,474.0,0.271500030066818,22
2630,23,2,8.937041845924782,0.17874083691849563,0.38856703677933835,4,0,3,0,27,0.005969812313324496,0.0,0.2793999738059938,42
2631,23,2,8.932665894136214,0.1786533178827243,0.3883767780059223,5,2,3,3,27,0.0043759517885817445,244.0,0.2702000201679766,42
2632,23,1,8.928220101749787,0.17856440203499574,0.38818348268477326,4,1,3,3,25,0.004445792386434277,474.0,0.2742000506259501,22
2633,23,0,8.918121916771089,0.17836243833542176,0.3877444311639605,6,6,6,6,0,0.010098184978701852,17.0,0.04429998807609081,0
2634,23,1,8.909474223378734,0.17818948446757468,0.38736844449472757,4,1,3,3,25,0.008647693392362044,474.0,0.2633000258356333,22
2635,23,0,8.902610153287267,0.17805220306574532,0.3870700066646637,3,3,3,3,0,0.006864070091467056,17.0,0.0399000127799809,0
2636,23,1,8.897685229103857,0.17795370458207713,0.3868558795262548,4,1,3,3,25,0.004924924183420387,474.0,0.27249997947365046,22
2637,23,1,8.889083414231377,0.17778166828462755,0.38648188757527735,4,0,3,0,25,0.008601814872484681,0.0,0.2764000091701746,22
2638,23,3,8.881576890892946,0.17763153781785893,0.3861555169953455,7,3,4,4,29,0.00750652333844215,167.33333333333334,0.2685000072233379,60
2639,23,1,8.87595082611277,0.1775190165222554,0.38591090548316387,5,1,4,4,25,0.005626064780180684,474.0,0.2723999787122011,22
2640,23,2,8.870556861520717,0.17741113723041432,0.3856763852835094,4,2,2,2,27,0.005393964592059319,244.0,0.29910000739619136,42
2641,23,3,8.865135749748454,0.17730271499496908,0.385440684771672,4,1,3,3,29,0.005421111772278664,334.0,0.28710003243759274,60
2642,23,1,8.85751167729145,0.177150233545829,0.3851092033604978,4,0,4,0,25,0.007624072457012687,0.0,0.30280003556981683,22
2643,23,1,8.850521664640443,0.17701043329280886,0.38480528976697576,5,1,4,4,25,0.006990012651016286,474.0,0.29930000891909003,22
2644,23,1,8.847482036300182,0.17694964072600364,0.38467313201305137,3,1,3,3,25,0.003039628340260947,474.0,0.3315000212751329,22
2645,23,1,8.842866195842202,0.17685732391684403,0.384472443297487,4,1,3,3,25,0.004615840457987019,474.0,0.291600008495152,22
2646,23,0,8.839177014894467,0.17678354029788934,0.3843120441258464,2,2,2,2,0,0.00368918094773818,17.0,0.05709996912628412,0
2647,23,1,8.835716464104705,0.1767143292820941,0.3841615853958567,3,1,2,2,25,0.0034605507897680354,474.0,0.2906000008806586,22
2648,23,1,8.829280787916412,0.17658561575832823,0.38388177338767,5,1,5,5,25,0.006435676188303319,474.0,0.2872999757528305,22
2649,23,1,8.822533322682371,0.17645066645364743,0.38358840533401617,5,1,4,3,25,0.0067474652340493435,474.0,0.2861999673768878,22
2650,23,1,8.81559110261691,0.1763118220523382,0.38328656967899616,6,0,5,0,25,0.006942220065461413,0.0,0.31380000291392207,22
2651,23,2,8.810087650398657,0.17620175300797314,0.3830472891477677,5,1,4,4,27,0.00550345221826376,314.0,0.28740003472194076,42
2652,23,1,8.80638173364078,0.17612763467281561,0.38288616233220785,3,1,2,2,25,0.003705916757887451,474.0,0.27849996695294976,22
2653,23,0,8.79893046218098,0.1759786092436196,0.38256219400786867,4,4,4,4,0,0.0074512714598000684,17.0,0.04549999721348286,0
2654,23,1,8.79267721557483,0.1758535443114966,0.3822903137206448,6,1,5,5,25,0.006253246606163998,474.0,0.28310000197961926,22
2655,23,2,8.787889040890366,0.17575778081780732,0.38208213221262455,5,2,4,4,27,0.004788174684478008,244.0,0.2710000262595713,42
2656,23,2,8.783121722322441,0.17566243444644883,0.38187485749228006,3,1,2,2,25,0.004767318567928669,454.0,0.292200013063848,42
2657,23,0,8.779954897765666,0.17559909795531334,0.38173716946807246,3,3,3,3,0,0.0031668245567786357,17.0,0.03959995228797197,0
2658,23,1,8.774472351755954,0.17548944703511907,0.3814987979024327,3,0,2,0,25,0.005482546009723421,0.0,0.30259997583925724,22
2659,23,1,8.770297681798576,0.17540595363597153,0.3813172905129816,4,1,3,3,25,0.004174669957379251,474.0,0.2612000098451972,22
2660,23,2,8.761568297216371,0.17523136594432742,0.3809377520528857,5,2,3,3,27,0.008729384582217392,244.0,0.2783999661915004,42
2661,23,1,8.755192879216837,0.17510385758433675,0.3806605599659494,5,0,4,0,25,0.006375417999542776,0.0,0.311399984639138,22
2662,23,2,8.752158442222768,0.17504316884445537,0.38052862792272907,3,1,3,3,27,0.003034436994084899,234.0,0.29500003438442945,42
2663,23,0,8.746124601922462,0.17492249203844923,0.38026628704010695,4,4,4,4,0,0.006033840300304405,17.0,0.06649998249486089,0
2664,23,2,8.743086484648922,0.17486172969297845,0.3801341949847357,3,1,3,3,27,0.003038117273547414,214.0,0.3079000161960721,42
2665,23,0,8.737724797657425,0.1747544959531485,0.37990107815901847,3,3,3,3,0,0.005361686991498971,17.0,0.062400009483098984,0
2666,23,1,8.731812605722569,0.17463625211445138,0.37964402633576383,4,0,3,0,25,0.0059121919348683605,0.0,0.3357999958097935,22
2667,23,2,8.724732521107898,0.17449465042215795,0.37933619656990875,6,2,4,4,27,0.007080084614678128,244.0,0.2869999734684825,42
2668,23,1,8.720404198187236,0.17440808396374471,0.3791480086168363,3,1,2,2,25,0.004328322920670757,474.0,0.2531000063754618,22
2669,23,1,8.715017911688975,0.17430035823377948,0.3789138222473467,5,1,4,4,25,0.005386286498264781,474.0,0.22610003361478448,22
2670,23,2,8.709334050596553,0.17418668101193105,0.37866669785202406,4,2,2,2,27,0.005683861092428799,244.0,0.27579994639381766,42
2671,23,0,8.703913683145025,0.1740782736629005,0.3784310297019577,5,5,5,5,0,0.005420367451534958,17.0,0.04929996794089675,0
2672,23,0,8.701104512335348,0.17402209024670698,0.37830889184066746,2,2,2,2,0,0.0028091708096766865,17.0,0.04549999721348286,0
2673,23,0,8.69593975473904,0.1739187950947808,0.37808433716256695,4,4,4,4,0,0.005164757596311631,17.0,0.043599982745945454,0
2674,23,1,8.6917195977245,0.17383439195449,0.37790085207497826,4,1,3,3,25,0.004220157014543702,474.0,0.28709997422993183,22
2675,23,3,8.684776600654693,0.17369553201309387,0.3775989826371607,5,2,3,3,29,0.006942997069820933,204.0,0.2604000037536025,60
2676,23,1,8.678730055126671,0.17357460110253342,0.3773360893533336,4,1,4,4,25,0.006046545528029412,474.0,0.2992000081576407,22
2677,23,3,8.672948149451738,0.17345896298903477,0.37708470215007567,4,2,2,2,27,0.005781905674943744,234.0,0.2511999919079244,60
2678,23,0,8.665839056923573,0.17331678113847146,0.37677561117059033,3,2,3,2,0,0.007109092528168048,17.0,0.03509997623041272,0
2679,23,1,8.659132517392312,0.17318265034784625,0.3764840224953179,7,1,7,7,25,0.006706539531279532,474.0,0.27080002473667264,22
2680,23,1,8.652593663603728,0.17305187327207455,0.37619972450450984,7,1,7,7,25,0.00653885378859087,474.0,0.305499997921288,22
2681,23,0,8.643033281464923,0.17286066562929847,0.3757840557158662,4,3,4,3,0,0.009560382138808166,17.0,0.0591999851167202,0
2682,23,1,8.637190106423045,0.1727438021284609,0.3755300046270891,8,1,7,7,25,0.005843175041874815,474.0,0.3003999590873718,22
2683,23,1,8.631209279574946,0.17262418559149892,0.3752699686771715,6,1,5,5,25,0.005980826848109189,474.0,0.28959999326616526,22
2684,23,0,8.622442596122978,0.17244885192245957,0.37488880852708595,5,4,5,4,0,0.008766683451973734,17.0,0.062000006437301636,0
2685,23,2,8.614832840903393,0.17229665681806786,0.37455794960449534,7,2,6,6,27,0.007609755219590397,244.0,0.2929000183939934,42
2686,23,2,8.607846549314072,0.17215693098628143,0.37425419779626407,4,1,2,1,27,0.006986291589328175,254.0,0.2843000111170113,42
2687,23,3,8.598018025867608,0.17196036051735217,0.373826870689896,7,2,5,5,29,0.009828523446472559,194.0,0.27089996729046106,60
2688,23,2,8.592677872649546,0.1718535574529909,0.3735946901151976,5,2,3,3,27,0.005340153218071464,244.0,0.30179996974766254,42
2689,23,1,8.58589031190116,0.1717178062380232,0.3732995787783114,5,1,4,4,25,0.006787560748392707,474.0,0.30099996365606785,22
2690,23,0,8.580561060818535,0.1716112212163707,0.3730678722095016,4,4,4,4,0,0.005329251082628161,17.0,0.04700000863522291,0
2691,23,3,8.573424686633755,0.17146849373267511,0.3727575950710329,5,2,3,3,29,0.007136374184796068,174.0,0.8082999847829342,60
2692,23,1,8.569553447503353,0.17139106895006706,0.3725892803262329,2,1,1,1,25,0.003871239130404547,474.0,0.2728999825194478,22
2693,23,0,8.558798469675232,0.17117596939350463,0.37212167259457535,5,4,5,4,0,0.010754977828113965,17.0,0.04169996827840805,0
2694,23,2,8.55334459362721,0.1710668918725442,0.3718845475490092,3,0,2,0,27,0.005453876048036932,0.0,0.23220002185553312,42
2695,23,1,8.549237912473288,0.17098475824946577,0.37170599619449063,5,1,4,4,25,0.004106681153942304,474.0,0.2080000122077763,22
2696,23,1,8.544060462671746,0.17088120925343492,0.3714808896813802,5,1,4,4,25,0.005177449801543332,474.0,0.28420001035556197,22
2697,23,1,8.539355351684502,0.17078710703369004,0.3712763196384565,3,1,3,3,25,0.004705110987259786,474.0,0.26679999427869916,22
2698,23,1,8.531208669972209,0.17062417339944416,0.37092211608574815,5,0,4,0,25,0.008146681712297266,0.0,0.2465000143274665,22
2699,23,0,8.526014903185,0.1705202980637,0.3706963001384782,5,5,5,5,0,0.0051937667872152815,17.0,0.03279995871707797,0
2700,23,0,8.516612332057182,0.17033224664114363,0.3702874926981384,6,6,6,6,0,0.009402571127822057,17.0,0.0632999581284821,0
2701,23,0,8.510794944668216,0.17021589889336433,0.3700345628116616,3,2,3,2,0,0.00581738738895865,17.0,0.061100057791918516,0
2702,23,0,8.507592605462529,0.17015185210925057,0.36989533067228386,4,4,4,4,0,0.003202339205685689,17.0,0.059399986639618874,0
2703,23,1,8.503077188219674,0.17006154376439347,0.3696990081834641,6,1,5,5,25,0.004515417242870967,474.0,0.30969997169449925,22
2704,23,2,8.50165015399429,0.1700330030798858,0.3696369632171432,0,0,0,0,27,0.001427034225386592,0.0,0.2794000320136547,42
2705,23,1,8.495418289178698,0.16990836578357396,0.36936601257298685,6,1,5,5,25,0.0062318648156036716,474.0,0.278000021353364,22
2706,23,1,8.491891433233773,0.16983782866467545,0.36921267101016414,3,1,2,2,25,0.0035268559449264103,474.0,0.2875999780371785,22
2707,23,4,8.48372928443282,0.16967458568865643,0.36885779497534005,6,3,3,3,31,0.00816214880096311,140.66666666666666,0.34849997609853745,76
2708,23,1,8.475895716239858,0.16951791432479715,0.36851720505390695,4,1,4,4,25,0.007833568192978646,474.0,0.29230001382529736,22
2709,23,1,8.471409977316323,0.16942819954632646,0.36832217292679675,5,1,4,4,25,0.0044857389235346545,474.0,0.26509998133406043,22
2710,23,0,8.463372486712231,0.16926744973424462,0.3679727168135752,5,5,5,5,0,0.008037490604095865,17.0,0.04880002234131098,0
2711,23,2,8.455366771669317,0.16910733543338632,0.36762464224649205,5,2,3,3,27,0.008005715042919803,244.0,0.2680000034160912,42
2712,23,1,8.448401585664262,0.16896803171328525,0.36732180807235926,6,0,5,0,25,0.006965186005068347,0.0,0.26949995663017035,22
2713,23,1,8.442892045010439,0.16885784090020878,0.36708226282654083,5,1,5,5,25,0.005509540653832801,474.0,0.2835000050254166,22
2714,23,0,8.433462415094636,0.16866924830189273,0.3666722789171582,5,5,5,5,0,0.00942962991580032,17.0,0.04869996337220073,0
2715,23,2,8.427466643936548,0.16854933287873095,0.3664115932146324,6,1,5,5,27,0.00599577115809069,314.0,0.24429999757558107,42
2716,23,3,8.419408788162585,0.16838817576325169,0.3660612516592428,3,1,2,1,29,0.008057855773976996,94.0,0.23280002642422915,60
2717,23,1,8.413114095651249,0.16826228191302497,0.36578756937614126,8,1,7,7,25,0.006294692511346511,474.0,0.258800049778074,22
2718,23,1,8.40774839810106,0.1681549679620212,0.36555427817830694,6,1,5,5,25,0.005365697550189452,474.0,0.27900002896785736,22
2719,23,1,8.401086461587852,0.16802172923175704,0.3652646287646892,5,1,4,4,25,0.006661936513211231,474.0,0.24640001356601715,22
2720,23,1,8.397040205129073,0.16794080410258147,0.3650887045708292,5,1,4,4,25,0.004046256458792641,474.0,0.2793999738059938,22
2721,23,1,8.392064511797852,0.16784129023595704,0.3648723700781675,6,1,5,5,25,0.004975693331225273,474.0,0.3106000367552042,22
2722,23,1,8.38350016992516,0.1676700033985032,0.3645000073880505,5,0,4,0,25,0.008564341872691728,0.0,0.29580004047602415,22
2723,23,2,8.376503185328334,0.16753006370656667,0.3641957906664493,8,2,6,6,27,0.006996984596838729,244.0,0.28199999360367656,42
2724,23,1,8.372668516313865,0.1674533703262773,0.3640290659266898,4,1,3,3,25,0.003834669014480596,474.0,0.2769999555312097,22
2725,23,1,8.371231934493165,0.16742463868986332,0.36396660584752893,0,0,0,0,25,0.0014365818206982794,0.0,0.27579994639381766,22
2726,23,1,8.365694064350489,0.16731388128700977,0.3637258288848037,3,0,3,0,25,0.0055378701426889165,0.0,0.2856999635696411,22
2727,23,3,8.359246498020031,0.16718492996040063,0.3634454999139144,5,2,3,3,29,0.006447566330464838,174.0,0.25129999266937375,60
2728,23,1,8.355857279921892,0.16711714559843785,0.36329814260529975,3,1,2,2,25,0.0033892180981496267,474.0,0.2818000502884388,22
2729,23,0,8.350944692473755,0.1670188938494751,0.3630845518466851,3,2,3,2,0,0.004912587448131944,17.0,0.04910002462565899,0
2730,23,0,8.348611803076519,0.1669722360615304,0.3629831218728922,3,3,3,3,0,0.0023328893972376363,17.0,0.05030003376305103,0
2731,23,1,8.342155851112434,0.1668431170222487,0.36270242830923627,5,1,4,4,25,0.006455951964092321,474.0,0.256099971011281,22
2732,23,3,8.336979926925757,0.16673959853851514,0.3624773881272068,2,0,1,0,29,0.005175924186694658,0.0,0.242499983869493,60
2733,23,1,8.333725178781288,0.16667450357562574,0.36233587733831685,3,1,3,3,25,0.003254748144470909,474.0,0.25530002312734723,22
2734,23,1,8.329132928920131,0.16658265857840263,0.3621362143008753,3,1,2,2,25,0.004592249861168796,474.0,0.27359998784959316,22
2735,23,1,8.323546251819197,0.16647092503638394,0.3618933152964868,5,1,4,4,25,0.005586677100943405,474.0,0.24860003031790257,22
2736,23,1,8.317673180163816,0.1663534636032763,0.36163796435494844,3,1,2,2,25,0.005873071655386752,474.0,0.28709997422993183,22
2737,23,0,8.315355394995757,0.16630710789991515,0.36153719108677207,2,2,2,2,0,0.002317785168060027,17.0,0.0391000066883862,0
2738,23,1,8.307950814202316,0.16615901628404633,0.36121525279140504,5,1,4,3,25,0.00740458079344819,474.0,0.2636999706737697,22
2739,23,2,8.30300059863475,0.166060011972695,0.3610000260275979,3,1,2,2,27,0.004950215567575356,414.0,0.2998000127263367,42
2740,23,1,8.297968131767092,0.16595936263534183,0.36078122312030836,6,1,5,5,25,0.005032466867660901,474.0,0.2967999898828566,22
2741,23,1,8.290070340485977,0.16580140680971955,0.36043784089069475,4,1,3,2,25,0.007897791281124,474.0,0.28310000197961926,22
2742,23,2,8.28203856007149,0.16564077120142978,0.3600886330465865,6,1,4,2,27,0.008031780414491152,214.0,0.26999996043741703,42
2743,23,0,8.275717372492888,0.16551434744985777,0.35981379880403863,3,3,3,3,0,0.006321187578599563,17.0,0.06370001938194036,0
2744,23,0,8.268104534240415,0.16536209068480828,0.35948280583653974,4,4,4,4,0,0.007612838252477161,17.0,0.0570000265724957,0
2745,23,3,8.263062123032547,0.16526124246065094,0.35926357056663244,5,3,3,3,29,0.005042411207881514,167.33333333333334,0.27089996729046106,60
2746,23,0,8.256280438757837,0.16512560877515675,0.35896871472860153,2,2,2,2,0,0.006781684274706379,17.0,0.059999991208314896,0
2747,23,2,8.247376404521239,0.1649475280904248,0.35858158280527125,5,2,5,5,27,0.008904034236607572,244.0,0.25889999233186245,42
2748,23,0,8.24325117093821,0.1648650234187642,0.35840222482340045,3,3,3,3,0,0.004125233583032184,17.0,0.05389994475990534,0
2749,23,4,8.231530897230622,0.16463061794461242,0.3578926477056792,5,2,4,4,31,0.011720273707595652,154.0,0.2400000230409205,76
2750,23,1,8.225380877824154,0.16450761755648308,0.357625255557572,6,1,5,5,25,0.006150019406469198,474.0,0.258200045209378,22
2751,23,2,8.219489762100732,0.16438979524201464,0.35736912009133626,3,2,2,2,27,0.005891115723429152,244.0,0.25699997786432505,42
2752,23,1,8.214977936804779,0.16429955873609559,0.35717295377412084,5,1,4,4,25,0.004511825295963945,474.0,0.2886999864131212,22
2753,23,1,8.208407597959653,0.16416815195919304,0.35688728686781096,5,1,4,4,25,0.006570338845136803,474.0,0.25179999647662044,22
2754,23,1,8.202919772282087,0.16405839544564174,0.3566486857513951,5,1,4,4,25,0.005487825677562341,474.0,0.2586999908089638,22
2755,23,0,8.196138088007377,0.16392276176014753,0.35635382991336423,2,2,2,2,0,0.006781684274706379,17.0,0.04080001963302493,0
2756,23,1,8.189678651756639,0.16379357303513278,0.3560729848589842,5,0,4,0,25,0.006459436250743522,0.0,0.2557000261731446,22
2757,23,1,8.183916147042911,0.1636783229408582,0.35582244117577866,5,1,4,4,25,0.005762504713736405,474.0,0.2607000060379505,22
2758,23,1,8.177938898604921,0.16355877797209842,0.3555625608089097,5,1,4,4,25,0.005977248438000515,474.0,0.2930000191554427,22
2759,23,1,8.166103781721276,0.16332207563442552,0.3550479905096207,8,1,7,6,25,0.011835116883652574,474.0,0.24310004664584994,22
2760,23,0,8.156178662582713,0.16312357325165425,0.3546164635905527,3,2,3,2,0,0.009925119138564753,17.0,0.06319995736703277,0
2761,23,1,8.150885788336428,0.16301771576672855,0.35438633862332297,6,1,6,6,25,0.005292874246286772,474.0,0.32429996645078063,22
2762,22,0,8.144220629076745,0.1628844125815349,0.37019184677621575,6,5,6,5,0,0.006665159259682696,17.0,0.0648999703116715,0
2763,22,0,8.139086359105669,0.16278172718211337,0.3699584708684396,4,4,4,4,0,0.005134269971073024,17.0,0.05679996684193611,0
2764,22,2,8.13135497493647,0.1626270994987294,0.3696070443152941,5,1,3,1,26,0.007731384169211708,234.0,0.2734000445343554,40
2765,22,4,8.119254451032436,0.16238508902064872,0.36905702050147443,9,4,5,5,30,0.012100523904045701,124.0,0.2856999635696411,72
2766,22,1,8.113289895336514,0.1622657979067303,0.3687859043334781,6,1,5,5,24,0.00596455569591825,454.0,0.2566000330261886,21
2767,22,0,8.108405215757525,0.1621681043151505,0.3685638734435239,3,2,3,2,0,0.0048846795789927455,17.0,0.05050003528594971,0
2768,22,1,8.10155229109288,0.1620310458218576,0.36825237686785817,5,1,4,3,24,0.0068529246646491515,454.0,0.27269998099654913,21
2769,22,0,8.0944379622335,0.16188875924466997,0.36792899828334086,4,3,4,3,0,0.007114328859380237,17.0,0.05010003224015236,0
2770,22,1,8.091116176771544,0.16182232353543088,0.3677780080350701,2,1,1,1,24,0.0033217854619636,454.0,0.25949999690055847,21
2771,22,1,8.086520640796476,0.1617304128159295,0.3675691200362035,3,1,3,3,24,0.00459553597507778,454.0,0.26160001289099455,21
2772,22,0,8.085650688869762,0.16171301377739525,0.36752957676680736,1,1,1,1,0,0.0008699519267167943,17.0,0.05000003147870302,0
2773,22,3,8.07833828538265,0.161566765707653,0.3671971947901204,7,3,4,4,28,0.007312403487119923,160.66666666666666,0.24719996144995093,57
2774,22,0,8.072811235682117,0.16145622471364235,0.36694596525827805,4,4,4,4,0,0.005527049700532416,17.0,0.043199979700148106,0
2775,22,0,8.066230056061174,0.1613246011212235,0.3666468207300534,3,3,3,3,0,0.006581179620944511,17.0,0.054100004490464926,0
2776,22,1,8.060644676709376,0.16121289353418752,0.3663929398504262,6,1,5,5,24,0.005585379351813913,454.0,0.3147000097669661,21
2777,22,2,8.056333106811083,0.16112666213622165,0.3661969594005038,5,2,3,3,26,0.004311569898291623,234.0,0.26509998133406043,40
2778,22,3,8.047010806171535,0.1609402161234307,0.36577321846234256,8,2,6,3,28,0.009322300639567516,114.0,0.19789999350905418,57
2779,22,2,8.038725795146231,0.16077451590292463,0.3653966270521014,5,2,4,3,26,0.008285011025307654,234.0,0.22139999782666564,40
2780,22,1,8.030349641835503,0.16060699283671007,0.3650158928107046,6,1,5,4,24,0.00837615331074204,454.0,0.2767000114545226,21
2781,22,0,8.026124178626201,0.16052248357252402,0.364823826301191,2,2,2,2,0,0.0042254632093019495,17.0,0.06130000110715628,0
2782,22,3,8.023575320193395,0.1604715064038679,0.36470796909969977,1,1,1,1,28,0.002548858432817269,154.0,0.242499983869493,57
2783,22,1,8.019486180511326,0.16038972361022652,0.36452209911415123,3,1,2,2,24,0.0040891396820725845,454.0,0.2665999927558005,21
2784,22,1,8.013593064304331,0.16027186128608661,0.3642542301956514,4,0,3,0,24,0.005893116206998172,0.0,0.27279998175799847,21
2785,22,0,8.004567585975014,0.16009135171950029,0.3638439811806824,5,5,5,5,0,0.009025478329320435,17.0,0.051499984692782164,0
2786,22,1,7.999120553816983,0.15998241107633965,0.36359638880986284,5,1,4,4,24,0.005447032158038212,454.0,0.2665999927558005,21
2787,22,2,7.992687480093291,0.15985374960186582,0.36330397636787687,5,2,3,3,26,0.006433073723698612,234.0,0.2498000394552946,40
2788,22,1,7.98379545606149,0.15967590912122978,0.3628997934573404,6,1,5,4,24,0.008892024031815993,454.0,0.25949999690055847,21
2789,22,1,7.979336248080839,0.1595867249616168,0.36269710218549267,6,1,5,5,24,0.00445920798065913,454.0,0.21039997227489948,21
2790,22,2,7.976670648587289,0.15953341297174578,0.3625759385721495,2,1,1,1,26,0.002665599493560933,274.0,0.21180004114285111,40
2791,22,0,7.970201540847043,0.15940403081694085,0.36228188822032015,4,3,4,3,0,0.00646910774024434,17.0,0.03779999678954482,0
2792,22,2,7.966141019771852,0.15932282039543705,0.3620973190805387,4,2,3,3,26,0.004060521075196277,234.0,0.20410004071891308,40
2793,22,1,7.9597073523790955,0.15919414704758192,0.3618048796535952,6,1,5,5,24,0.0064336673927698484,454.0,0.25209999876096845,21
2794,22,2,7.954739716280208,0.15909479432560414,0.36157907801273675,2,0,1,0,26,0.004967636098896833,0.0,0.23519998649135232,40
2795,22,0,7.949908027331276,0.15899816054662552,0.3613594557877853,4,4,4,4,0,0.004831688948932822,17.0,0.03709999145939946,0
2796,22,0,7.939850379694827,0.15879700759389656,0.3609022899861285,4,4,4,4,0,0.010057647636450895,17.0,0.03789999755099416,0
2797,22,1,7.937353340203334,0.15874706680406667,0.3607887881910605,1,1,1,1,24,0.002497039491487385,454.0,0.2416000352241099,21
2798,22,1,7.932736361058363,0.15865472722116725,0.3605789255026528,3,1,2,2,24,0.004616979144984157,454.0,0.291000003926456,21
2799,22,2,7.9208954766690916,0.15841790953338183,0.36004070348495876,7,1,5,1,26,0.011840884389286543,234.0,0.1493000308983028,40
2800,22,2,7.917262253478201,0.15834524506956402,0.35987555697628176,2,1,1,1,26,0.003633223190888657,194.0,0.14760001795366406,40
2801,22,2,7.9124323288243685,0.15824864657648738,0.3596560149465622,5,2,3,3,26,0.004829924653847684,234.0,0.2595999976620078,40
2802,22,0,7.911140678150496,0.15822281356300993,0.3595973035522953,1,1,1,1,0,0.001291650673863387,17.0,0.07770000956952572,0
2803,22,2,7.9044180265093145,0.1580883605301863,0.35929172847769614,6,2,5,5,26,0.00672265164119068,234.0,0.2497999812476337,40
2804,22,2,7.899445078013271,0.1579889015602654,0.3590656853642396,5,1,4,4,26,0.00497294849604657,414.0,0.285100017208606,40
2805,22,2,7.892673742106318,0.15785347484212636,0.358757897368469,5,0,4,0,26,0.006771335906968545,0.0,0.25700003607198596,40
2806,22,1,7.888210612420992,0.15776421224841986,0.3585550278373178,4,1,3,3,24,0.004463129685333911,454.0,0.24940003640949726,21
2807,22,2,7.882638250641731,0.15765276501283462,0.3583017386655332,3,2,2,2,26,0.005572361779272228,234.0,0.27249997947365046,40
2808,22,0,7.879404427480434,0.15758808854960868,0.35815474670365616,3,3,3,3,0,0.0032338231612953905,17.0,0.04480005009099841,0
2809,22,0,7.873828375090268,0.15747656750180536,0.35790128977683044,3,3,3,3,0,0.005576052390168229,17.0,0.04290003562346101,0
2810,22,1,7.867713040700599,0.15735426081401196,0.3576233200318454,6,1,5,5,24,0.0061153343896762635,454.0,0.8129000198096037,21
2811,22,2,7.862399093604683,0.15724798187209366,0.35738177698203105,4,2,3,3,26,0.005313947095913818,234.0,0.14269998064264655,40
2812,22,0,7.859440144171549,0.15718880288343098,0.3572472792805249,2,2,2,2,0,0.0029589494331361266,17.0,0.021300045773386955,0
2813,22,1,7.8560619772232485,0.15712123954446497,0.35709372623742036,4,1,3,3,24,0.003378166948309058,454.0,0.13689999468624592,21
2814,22,1,7.851594032827222,0.15703188065654444,0.3568906378557828,5,1,4,4,24,0.00446794439604048,454.0,0.16230001347139478,21
2815,22,1,7.84580195995377,0.1569160391990754,0.35662736181608046,3,1,2,2,24,0.005792072873447296,454.0,0.15520001761615276,21
2816,22,0,7.840396475980543,0.15680792951961087,0.35638165799911564,4,4,4,4,0,0.005405483973234482,17.0,0.0241999514400959,0
2817,22,0,7.833391283239715,0.1566678256647943,0.3560632401472597,5,5,5,5,0,0.007005192740827226,17.0,0.045900000259280205,0
2818,22,1,7.825136234010706,0.15650272468021412,0.35568801063685024,4,0,3,0,24,0.008255049229020983,0.0,0.2329999697394669,21
2819,22,2,7.8207545929152555,0.1564150918583051,0.35548884513251156,4,2,2,2,26,0.004381641095456246,234.0,0.3375000087544322,40
2820,22,1,7.817080062369184,0.1563416012473837,0.35532182101678106,2,1,1,1,24,0.0036745305460783584,454.0,0.2649999805726111,21
2821,22,1,7.810746428329215,0.15621492856658428,0.3550339285604189,4,1,3,3,24,0.006333634039968672,454.0,0.28470001416280866,21
2822,22,1,7.806900168006447,0.15613800336012892,0.35485909854574754,2,1,1,1,24,0.003846260322774242,454.0,0.27579994639381766,21
2823,22,2,7.801346365325549,0.156026927306511,0.35460665296934313,3,2,2,2,26,0.005553802680907438,234.0,0.2571000368334353,40
2824,22,1,7.8000111895996085,0.15600022379199216,0.3545459631636186,0,0,0,0,24,0.0013351757259485453,0.0,0.27730001602321863,21
2825,22,1,7.792211924880282,0.15584423849760565,0.3541914511309219,3,0,2,0,24,0.007799264719331234,0.0,0.2736999886110425,21
2826,22,0,7.78823962752846,0.15576479255056921,0.35401089216038456,2,2,2,2,0,0.0039722973518223625,17.0,0.05500001134350896,0
2827,22,0,7.78823962752846,0.15576479255056921,0.35401089216038456,0,0,0,0,0,0.0,0.0,0.04989997250959277,0
2828,22,3,7.78184809532686,0.1556369619065372,0.3537203679694027,4,1,2,1,28,0.006391532201618588,154.0,0.2539000124670565,57
2829,22,1,7.777934895016255,0.1555586979003251,0.3535424952280116,2,1,1,1,24,0.0039132003106061575,454.0,0.26210001669824123,21
2830,22,2,7.7765481846010704,0.1555309636920214,0.3534794629364122,0,0,0,0,26,0.0013867104151898957,0.0,0.24580000899732113,40
2831,22,1,7.775342795783448,0.15550685591566896,0.35342467253561133,0,0,0,0,24,0.0012053888176311034,0.0,0.2696000155992806,21
2832,22,1,7.774026503164784,0.15548053006329568,0.35336484105294463,0,0,0,0,24,0.001316292618668058,0.0,0.269699958153069,21
2833,22,1,7.772736795523014,0.15545473591046027,0.3533062179783188,0,0,0,0,24,0.0012897076417814901,0.0,0.25400001322850585,21
2834,22,3,7.77104706587446,0.1554209413174892,0.3532294120852027,0,0,0,0,28,0.0016897296485609559,0.0,0.2479000249877572,57
2835,22,1,7.769778192620596,0.15539556385241193,0.35317173602820884,0,0,0,0,24,0.001268873253870595,0.0,0.26080000679939985,21
2836,22,1,7.766554096260332,0.15533108192520664,0.3530251861936515,3,1,2,2,24,0.003224096360270323,454.0,0.2337999758310616,21
2837,22,1,7.764774183801753,0.15529548367603507,0.3529442810818979,0,0,0,0,24,0.0017799124585877735,0.0,0.2569000353105366,21
2838,22,0,7.762051662489698,0.15524103324979396,0.35282053011316816,2,2,2,2,0,0.0027225213120587455,17.0,0.029300048481673002,0
2839,22,0,7.757580439569352,0.15515160879138704,0.35261729270769787,2,2,2,2,0,0.004471222920344076,17.0,0.02819998189806938,0
2840,22,2,7.754754721309183,0.15509509442618366,0.3524888509685993,2,1,1,1,26,0.002825718260176302,394.0,0.27000001864507794,40
2841,22,0,7.750283498388837,0.15500566996777676,0.352285613563129,2,2,2,2,0,0.004471222920351181,17.0,0.057699973694980145,0
2842,22,2,7.747156224971503,0.15494312449943007,0.35214346477143194,3,1,2,2,26,0.0031272734173484196,414.0,0.2612999523989856,40
2843,22,0,7.744350914518596,0.1548870182903719,0.3520159506599362,2,2,2,2,0,0.00280531045290644,17.0,0.060399994254112244,0
2844,22,1,7.741202334877908,0.15482404669755817,0.3518728334035413,2,1,1,1,24,0.003148579640694038,454.0,0.25729998014867306,21
2845,22,2,7.732658792431129,0.1546531758486226,0.3514844905650513,5,1,3,2,26,0.008543542446787455,214.0,0.24889997439458966,40
2846,22,3,7.726858735450341,0.15453717470900682,0.35122085161137906,2,2,2,2,28,0.005800056980795887,174.0,0.34520000917837024,57
2847,22,3,7.723379024329761,0.15446758048659523,0.35106268292408005,2,1,1,1,28,0.0034797111205833176,334.0,0.19300001440569758,57
2848,22,0,7.720749134797232,0.15441498269594464,0.3509431424907833,2,2,2,2,0,0.002629889532535401,17.0,0.03789999755099416,0
2849,22,1,7.719432842178566,0.15438865684357134,0.3508833110081167,0,0,0,0,24,0.0013162926186751633,0.0,0.20150002092123032,21
2850,22,1,7.714139706283843,0.15428279412567686,0.3506427139219928,3,0,2,0,24,0.005293135894731904,0.0,0.2313000150024891,21
2851,22,0,7.714139706283843,0.15428279412567686,0.3506427139219928,0,0,0,0,0,0.0,0.0,0.03309996100142598,0
2852,22,1,7.712611256478832,0.15425222512957665,0.350573238930856,0,0,0,0,24,0.0015284498050220918,0.0,0.19460002658888698,21
2853,22,0,7.712047519665878,0.15424095039331756,0.3505476145302672,1,1,1,1,0,0.0005637368129498554,17.0,0.03980001201853156,0
2854,22,1,7.709648396849929,0.15419296793699858,0.3504385634931786,2,1,1,1,24,0.0023991228159587763,454.0,0.2525999443605542,21
2855,22,0,7.709084660036978,0.15418169320073954,0.3504129390925899,1,1,1,1,0,0.0005637368129569609,17.0,0.041000021155923605,0
2856,22,0,7.707047709279789,0.15414095418559579,0.3503203504218086,2,2,2,2,0,0.002036950757187128,17.0,0.039300008211284876,0
2857,22,0,7.705010758522601,0.15410021517045203,0.3502277617510273,2,2,2,2,0,0.0020369507571942336,17.0,0.03659998765215278,0
2858,22,1,7.700853454801839,0.1540170690960368,0.35003879340008365,2,1,1,1,24,0.004157303720766947,454.0,0.2394999610260129,21
2859,22,4,7.695831798401026,0.15391663596802052,0.34981053629095576,3,2,2,2,30,0.005021656400771235,74.0,0.2161000156775117,72
2860,22,2,7.689742659123809,0.15379485318247618,0.3495337572329005,4,2,2,2,26,0.006089139277179356,234.0,0.2906000008806586,40
2861,22,0,7.686796496266174,0.15373592992532348,0.3493998407393716,1,1,1,1,0,0.002946162857632828,17.0,0.06089999806135893,0
2862,22,1,7.684428022531987,0.15368856045063975,0.34929218284236313,2,1,1,1,24,0.002368473734165377,454.0,0.2550000208429992,21
2863,22,0,7.6809181228614,0.153618362457228,0.34913264194824545,2,2,2,2,0,0.003509899670589789,17.0,0.05540001438930631,0
2864,22,1,7.676262399410085,0.1535252479882017,0.34892101815500387,3,1,2,2,24,0.004655723451278959,454.0,0.27359998784959316,21
2865,22,1,7.672540171583279,0.1534508034316656,0.34875182598105803,4,1,3,3,24,0.003722227826784774,454.0,0.26729999808594584,21
2866,22,3,7.669609808118803,0.15339219616237607,0.3486186276417639,2,1,1,1,28,0.0029303634644293197,214.0,0.2337999758310616,57
2867,22,1,7.668415795817669,0.1533683159163534,0.34856435435534855,0,0,0,0,24,0.0011940123010987236,0.0,0.3472999669611454,21
2868,22,0,7.66656400849676,0.1533312801699352,0.34848018220439814,1,1,1,1,0,0.0018517873209091817,17.0,0.056699966080486774,0
2869,22,2,7.6626853768768415,0.15325370753753684,0.3483038807671292,3,1,2,2,26,0.0038786316198837767,394.0,0.2508999896235764,40
2870,22,2,7.658468813007684,0.1531693762601537,0.3481122187730765,2,1,1,1,26,0.00421656386912872,294.0,0.2606000052765012,40
2871,22,1,7.656014999569502,0.15312029999139004,0.34800068179861365,2,1,1,1,24,0.0024538134381444365,454.0,0.26290002278983593,21
2872,22,0,7.652232277813578,0.15304464555627156,0.34782873990061713,2,2,2,2,0,0.0037827217559254223,17.0,0.0412999652326107,0
2873,21,0,7.647310037225809,0.15294620074451618,0.36415762082027664,3,2,3,2,0,0.004922240587767135,17.0,0.04010001430287957,0
2874,21,3,7.645891093393156,0.15291782186786312,0.3640900520663407,0,0,0,0,27,0.001418943832611319,0.0,0.23800000781193376,54
2875,21,1,7.644725876914532,0.15289451753829064,0.36403456556735875,0,0,0,0,23,0.0011652164785971308,0.0,0.2305000089108944,20
2876,21,3,7.63989763805848,0.15279795276116961,0.3638046494313561,2,1,1,1,27,0.004828238856013911,74.0,0.2280999906361103,54
2877,21,0,7.638045850737571,0.15276091701475142,0.3637164690827414,1,1,1,1,0,0.0018517873209091817,17.0,0.03759999526664615,0
2878,21,1,7.634907059295492,0.15269814118590985,0.3635670028235949,2,1,1,1,23,0.0031387914420477614,434.0,0.22059999173507094,20
2879,21,0,7.632073476386335,0.1526414695277267,0.3634320703041111,2,2,2,2,0,0.002833582909154586,17.0,0.030800001695752144,0
2880,21,3,7.627842977309872,0.15255685954619744,0.3632306179671367,2,1,1,1,27,0.004230499076427918,74.0,0.2201999886892736,54
2881,21,1,7.626388710813024,0.1525277742162605,0.3631613671815726,0,0,0,0,23,0.0014542664968217878,0.0,0.2280999906361103,20
2882,21,0,7.624536923492115,0.1524907384698423,0.36307318683295786,1,1,1,1,0,0.0018517873209091817,17.0,0.05129998316988349,0
2883,21,2,7.619102099997764,0.15238204199995528,0.3628143857141791,3,0,2,0,25,0.005434823494312013,0.0,0.2578999847173691,38
2884,21,1,7.617810648256968,0.15235621296513935,0.36275288801223654,0,0,0,0,23,0.0012914517407693893,0.0,0.23010000586509705,20
2885,21,1,7.614093378722083,0.15228186757444165,0.362575875177242,2,1,1,1,23,0.0037172695348530738,434.0,0.22600003285333514,20
2886,21,1,7.612802811438384,0.1522560562287677,0.36251441959230396,0,0,0,0,23,0.0012905672836680537,0.0,0.22799998987466097,20
2887,21,0,7.608721374837083,0.15217442749674168,0.36232006546843243,2,2,2,2,0,0.004081436601303778,17.0,0.04499999340623617,0
2888,21,2,7.6073934808422985,0.15214786961684598,0.3622568324210618,0,0,0,0,25,0.0013278939947483082,0.0,0.21730002481490374,38
2889,21,2,7.5993774098728695,0.15198754819745738,0.3618751147558509,5,1,3,1,25,0.008016070969389943,154.0,0.24560000747442245,38
2890,21,0,7.596749291972964,0.15193498583945927,0.36174996628442685,2,2,2,2,0,0.0026281178999099097,17.0,0.040899962186813354,0
2891,21,2,7.592420983935498,0.15184841967870996,0.36154385637788083,2,1,1,1,25,0.004328308037429451,314.0,0.25079998886212707,38
2892,21,2,7.588173992158378,0.15176347984316757,0.3613416186742085,4,2,4,4,25,0.004246991777080211,224.0,0.20999996922910213,38
2893,21,2,7.583219688540375,0.15166439377080748,0.36110569945430354,5,2,4,4,25,0.004954303617971334,224.0,0.22789998911321163,38
2894,21,0,7.576888707415842,0.15153777414831685,0.3608042241626591,4,4,4,4,0,0.006330981124534674,17.0,0.03620004281401634,0
2895,21,2,7.571921082629755,0.1514384216525951,0.3605676706014169,4,1,3,3,25,0.004967624786047509,294.0,0.21740002557635307,38
2896,21,0,7.566037180955273,0.15132074361910544,0.360287484807394,4,4,4,4,0,0.0058839016744869355,17.0,0.029999995604157448,0
2897,21,0,7.5609296098597865,0.15121859219719572,0.3600442671361804,3,3,3,3,0,0.0051075710954862075,17.0,0.027399975806474686,0
2898,21,0,7.558699960579395,0.15117399921158792,0.35993809336092364,1,1,1,1,0,0.0022296492803874912,17.0,0.028799986466765404,0
2899,21,0,7.554618523978095,0.1510923704795619,0.3597437392370522,2,2,2,2,0,0.004081436601303778,17.0,0.026699970476329327,0
2900,21,1,7.550389156319664,0.1510077831263933,0.35954234077712693,4,1,3,3,23,0.004229367658396654,434.0,0.24289998691529036,20
2901,21,1,7.549098589035965,0.1509819717807193,0.3594808851921888,0,0,0,0,23,0.0012905672836751592,0.0,0.23519998649135232,20
2902,21,1,7.544630811833813,0.15089261623667627,0.3592681338968482,3,1,3,3,23,0.004467777202123102,434.0,0.22730004275217652,20
2903,21,1,7.5383124160106885,0.15076624832021376,0.3589672579052709,5,0,4,0,23,0.0063183958230865755,0.0,0.23550004698336124,20
2904,21,1,7.533888080290296,0.15067776160580593,0.35875657525191884,3,1,2,2,23,0.004424335720365491,434.0,0.24940003640949726,20
2905,21,1,7.530301106509449,0.15060602213018898,0.3585857669766404,3,1,2,2,23,0.0035869737808198465,434.0,0.22799998987466097,20
2906,21,0,7.5265982432848215,0.15053196486569642,0.35840944015642007,2,2,2,2,0,0.003702863224624764,17.0,0.04749995423480868,0
2907,21,2,7.521679553776512,0.15043359107553025,0.3581752168465006,2,0,1,0,25,0.004918689508279783,0.0,0.22829999215900898,38
2908,21,1,7.512177665386129,0.15024355330772257,0.3577227459707681,5,1,4,3,23,0.009501888390353486,434.0,0.24019996635615826,20
2909,21,4,7.5044153274442404,0.1500883065488848,0.3573531108306781,8,3,5,5,29,0.007762337941841224,120.66666666666667,0.2031000331044197,68
2910,21,1,7.499966477158459,0.1499993295431692,0.3571412608170695,3,1,2,2,23,0.004448850285754702,434.0,0.22329995408654213,20
2911,21,0,7.495108709978162,0.14990217419956323,0.35690993857038866,3,3,3,3,0,0.004857767180297401,17.0,0.03819999983534217,0
2912,21,1,7.492663950010204,0.1498532790002041,0.35679352142905735,2,1,1,1,23,0.0024447599679291443,434.0,0.2549000200815499,20
2913,21,1,7.489076935197637,0.14978153870395275,0.35662271119988753,4,1,3,3,23,0.0035870148125454193,434.0,0.2172000240534544,20
2914,21,2,7.482561034114454,0.1496512206822891,0.35631243019592623,5,2,3,3,25,0.006515901083140818,224.0,0.22540002828463912,38
2915,21,1,7.476430728096529,0.1495286145619306,0.35602051086173947,4,1,3,3,23,0.006130306017894327,434.0,0.24609995307400823,20
2916,21,0,7.475404593602343,0.14950809187204686,0.3559716473143973,1,1,1,1,0,0.0010261344941895345,17.0,0.03539997851476073,0
2917,21,0,7.472148809827766,0.14944297619655533,0.35581660999179837,2,2,2,2,0,0.0032557837745770257,17.0,0.03270001616328955,0
2918,21,2,7.4672546070665655,0.14934509214133132,0.3555835527174555,2,1,1,1,25,0.004894202761164479,334.0,0.20750000840052962,38
2919,21,0,7.46622847257238,0.14932456945144762,0.3555346891701133,1,1,1,1,0,0.001026134494182429,17.0,0.030099996365606785,0
2920,21,3,7.46252045658975,0.149250409131795,0.3553581169804643,2,1,1,1,27,0.0037080159825890746,234.0,0.24480000138282776,54
2921,21,2,7.459060627319008,0.14918121254638017,0.355193363205667,3,1,2,2,25,0.0034598292707173073,194.0,0.22739998530596495,38
2922,21,1,7.456149993494556,0.1491229998698911,0.3550547615949789,2,1,1,1,23,0.0029106338244133667,434.0,0.22719998378306627,20
2923,21,2,7.449442582873042,0.14898885165746084,0.3547353610891924,2,1,2,2,25,0.006707410621480392,214.0,0.22279995027929544,38
2924,21,2,7.444175904800937,0.14888351809601874,0.3544845668952827,5,1,4,4,25,0.005266678072068487,354.0,0.222400005441159,38
2925,21,1,7.439695172894872,0.14879390345789745,0.3542711987092796,3,1,3,3,23,0.004480731906042479,434.0,0.2248000237159431,20
2926,21,1,7.438438254805707,0.14876876509611414,0.35421134546693844,0,0,0,0,23,0.0012569180891262022,0.0,0.22109999554231763,20
2927,21,1,7.43476992380074,0.1486953984760148,0.3540366630381304,3,1,2,2,23,0.0036683310049454576,434.0,0.22330001229420304,20
2928,21,1,7.429915203771491,0.14859830407542982,0.3538054858938805,5,1,4,4,23,0.004854720029214832,434.0,0.21730002481490374,20
2929,21,0,7.4257915330116715,0.14851583066023344,0.3536091206196034,2,2,2,2,0,0.004123670759824449,17.0,0.0371999922208488,0
2930,21,1,7.421083507609844,0.14842167015219687,0.35338492893380213,3,1,2,2,23,0.004708025401797045,434.0,0.21789997117593884,20
2931,21,0,7.417368720025652,0.14834737440051304,0.3532080342869358,2,2,2,2,0,0.0037147875841867517,17.0,0.03940000897273421,0
2932,21,0,7.412476424539276,0.14824952849078551,0.35297506783520366,3,3,3,3,0,0.004892295486385478,17.0,0.035999983083456755,0
2933,21,1,7.406595791071428,0.14813191582142857,0.352695037670068,4,0,3,0,23,0.005880633467810981,0.0,0.2164000179618597,20
2934,21,1,7.398141114736,0.14796282229472,0.3522924340350476,3,1,2,1,23,0.008454676335396982,434.0,0.22390001686289907,20
2935,21,1,7.393847933587638,0.14787695867175277,0.3520879968375066,3,1,2,2,23,0.004293181148334213,434.0,0.22909999825060368,20
2936,21,1,7.390449548251632,0.14780899096503264,0.3519261689643634,4,1,3,3,23,0.0033983853359771388,434.0,0.21989998640492558,20
2937,21,0,7.387503385393996,0.14775006770787993,0.35178587549495216,1,1,1,1,0,0.002946162857632828,17.0,0.03419996937736869,0
2938,21,2,7.382708214435868,0.14765416428871736,0.35155753402075557,2,1,1,1,25,0.004795170958097117,134.0,0.20810001296922565,38
2939,21,0,7.378111624991545,0.14756223249983091,0.3513386488091212,2,2,2,2,0,0.004596589444325616,17.0,0.03409996861591935,0
2940,21,1,7.375631581811986,0.14751263163623973,0.3512205515148565,2,1,1,1,23,0.0024800431795313216,434.0,0.2673999988473952,20
2941,21,1,7.371798699938317,0.14743597399876635,0.35103803333039607,3,1,2,2,23,0.0038328818736417247,434.0,0.23210002109408379,20
2942,21,1,7.36709067453649,0.1473418134907298,0.3508138416445948,3,1,2,2,23,0.004708025401789939,434.0,0.2319000195711851,20
2943,21,1,7.361812465091612,0.14723624930183224,0.3505624983376958,3,0,2,0,23,0.0052782094448531325,0.0,0.23100001271814108,20
2944,21,1,7.357986288020131,0.14715972576040262,0.35038029942953003,2,1,1,1,23,0.0038261770714598242,434.0,0.228899996727705,20
2945,21,1,7.353207699339491,0.14706415398678982,0.3501527475875948,2,0,1,0,23,0.004778588680608209,0.0,0.22550002904608846,20
2946,21,0,7.352030191437307,0.14704060382874615,0.35009667578272885,1,1,1,1,0,0.0011775079021845158,17.0,0.04819995956495404,0
2947,21,0,7.349675175632939,0.14699350351265877,0.3499845321729971,1,1,1,1,0,0.0023550158043690317,17.0,0.047200010158121586,0
2948,21,1,7.348399794643886,0.14696799589287773,0.349923799744947,0,0,0,0,23,0.0012753809890213574,0.0,0.24619995383545756,20
2949,21,2,7.343900583113365,0.1468780116622673,0.3497095515768269,1,1,1,1,25,0.004499211530486491,234.0,0.2164000179618597,38
2950,21,0,7.343900583113365,0.1468780116622673,0.3497095515768269,0,0,0,0,0,0.0,0.0,0.044599990360438824,0
2951,21,1,7.339887476535247,0.14679774953070493,0.34951845126358316,2,1,1,1,23,0.004013106578085512,434.0,0.2270000404678285,20
2952,21,0,7.338709968633063,0.14677419937266126,0.3494623794587173,1,1,1,1,0,0.0011775079021845158,17.0,0.04309997893869877,0
2953,21,2,7.334648914875889,0.1466929782975178,0.349268995946471,3,1,2,2,25,0.004061053757141053,134.0,0.25130005087703466,38
2954,21,3,7.331584182155433,0.14663168364310866,0.34912305629311585,2,1,1,1,27,0.003064732720417851,154.0,0.20899996161460876,54
2955,21,1,7.326299595097701,0.146525991901954,0.34887140929036675,3,1,2,2,23,0.0052845870577016285,434.0,0.23020000662654638,20
2956,21,1,7.32506840885244,0.14650136817704879,0.34881278137392574,0,0,0,0,23,0.0012311862452278888,0.0,0.2531000063754618,20
2957,21,1,7.322018798415365,0.1464403759683073,0.3486675618293031,2,1,1,1,23,0.0030496104370527632,434.0,0.22609997540712357,20
2958,21,1,7.3207618803262,0.146415237606524,0.34860770858696183,0,0,0,0,23,0.0012569180891333076,0.0,0.21959998412057757,20
2959,21,2,7.318448841827272,0.14636897683654543,0.3484975638965368,2,1,1,1,25,0.0023130384988903074,294.0,0.21239998750388622,38
2960,21,0,7.313151649755872,0.14626303299511745,0.3482453166550416,2,2,2,2,0,0.00529719207140289,17.0,0.05390000296756625,0
2961,21,2,7.310187847162542,0.14620375694325083,0.34810418319821634,2,1,1,1,25,0.0029638025932925416,194.0,0.2272999845445156,38
2962,21,2,7.308714043791414,0.1461742808758283,0.3480340020853054,0,0,0,0,25,0.0014738033710912646,0.0,0.22460002219304442,38
2963,21,1,7.305583445366979,0.1461116689073396,0.34788492596985615,2,1,1,1,23,0.0031305984244056617,434.0,0.22869999520480633,20
2964,21,1,7.298763882576694,0.14597527765153387,0.3475601848846045,2,0,1,0,23,0.006819562790255418,0.0,0.2280999906361103,20
2965,21,4,7.296237379290537,0.14592474758581075,0.34743987520431135,2,1,1,1,29,0.002526503286119919,114.0,0.2022999688051641,68
2966,21,0,7.293394895991963,0.14586789791983926,0.3473045188567601,2,2,2,2,0,0.002842483298579168,17.0,0.046200002543628216,0
2967,21,2,7.292123973730723,0.14584247947461446,0.347243998749082,0,0,0,0,25,0.001270922261198848,0.0,0.21629995899274945,38
2968,21,0,7.292123973730723,0.14584247947461446,0.347243998749082,0,0,0,0,0,0.0,0.0,0.042899977415800095,0
2969,21,1,7.2907776121147805,0.14581555224229562,0.3471798862911801,0,0,0,0,23,0.0013463616159157255,0.0,0.21920003928244114,20
2970,21,1,7.2890760235265715,0.14578152047053142,0.34709885826317005,0,0,0,0,23,0.0017015885881761506,0.0,0.21550001110881567,20
2971,21,1,7.285886975908943,0.14571773951817885,0.3469469988528068,2,1,1,1,23,0.00318904761760308,434.0,0.24700001813471317,20
2972,21,3,7.284383930464989,0.14568767860929976,0.3468754252602376,0,0,0,0,27,0.0015030454439042273,0.0,0.2452000044286251,54
2973,21,0,7.284383930464989,0.14568767860929976,0.3468754252602376,0,0,0,0,0,0.0,0.0,0.039300008211284876,0
2974,21,1,7.279131352541136,0.14558262705082273,0.34662530250195883,3,0,2,0,23,0.005252577923826607,0.0,0.2565000322647393,20
2975,21,0,7.279131352541136,0.14558262705082273,0.34662530250195883,0,0,0,0,0,0.0,0.0,0.03809999907389283,0
2976,21,2,7.277805288500243,0.14555610577000486,0.3465621565952497,0,0,0,0,25,0.0013260640408603308,0.0,0.2818999928422272,38
2977,21,0,7.277805288500243,0.14555610577000486,0.3465621565952497,0,0,0,0,0,0.0,0.0,0.031200004741549492,0
2978,21,0,7.277805288500243,0.14555610577000486,0.3465621565952497,0,0,0,0,0,0.0,0.0,0.02819998189806938,0
2979,21,0,7.277805288500243,0.14555610577000486,0.3465621565952497,0,0,0,0,0,0.0,0.0,0.02759997732937336,0
2980,21,1,7.2739306690563055,0.1454786133811261,0.3463776509074431,2,1,1,1,23,0.003874619443905658,434.0,0.27379998937249184,20
2981,21,1,7.271052844657566,0.14542105689315132,0.3462406116503603,2,1,1,1,23,0.002877824398701989,434.0,0.2967999898828566,20
2982,21,4,7.264272140608664,0.1452854428121733,0.345917720981365,4,2,2,2,29,0.00678070404886455,154.0,0.25079998886212707,68
2983,21,0,7.263529122518566,0.14527058245037133,0.3458823391675508,1,1,1,1,0,0.000743018090091141,17.0,0.056500022765249014,0
2984,21,1,7.260344944320151,0.145206898886403,0.3457307116342929,2,1,1,1,23,0.0031841781983885653,434.0,0.2728999825194478,20
2985,21,0,7.258128712285815,0.1451625742457163,0.3456251767755151,2,2,2,2,0,0.002216232034335519,17.0,0.05829997826367617,0
2986,21,2,7.25678923833965,0.145135784766793,0.3455613923018881,0,0,0,0,25,0.001339473946131875,0.0,0.2577000414021313,38
2987,21,1,7.25140357992464,0.1450280715984928,0.3453049323773638,3,0,2,0,23,0.005385658414979844,0.0,0.258200045209378,20
2988,21,1,7.24480978464643,0.14489619569292858,0.34499094212602044,2,0,1,0,23,0.0065937952781780496,0.0,0.26239996077492833,20
2989,21,1,7.243143459741509,0.14486286919483018,0.34491159332102417,0,0,0,0,23,0.0016663249048889384,0.0,0.2617000136524439,20
2990,21,1,7.238211975480166,0.14476423950960332,0.3446767607371507,2,0,1,0,23,0.004931484261312846,0.0,0.255799968726933,20
2991,21,1,7.234320565508304,0.14468641131016607,0.34449145550039534,2,1,1,1,23,0.0038914099718354578,434.0,0.25270000332966447,20
2992,21,0,7.231669843661882,0.14463339687323765,0.3443652306505658,2,2,2,2,0,0.0026507218464217885,17.0,0.04379998426884413,0
2993,21,0,7.229592696088879,0.1445918539217776,0.34426631886137515,2,2,2,2,0,0.0020771475730043676,17.0,0.04199997056275606,0
2994,21,1,7.226736005676418,0.14453472011352836,0.3441302859845913,3,1,2,2,23,0.0028566904124360804,434.0,0.25459995958954096,20
2995,21,3,7.224309665163771,0.14448619330327542,0.3440147459601796,2,1,1,1,27,0.002426340512606373,214.0,0.24419999681413174,54
2996,21,0,7.224309665163771,0.14448619330327542,0.3440147459601796,0,0,0,0,0,0.0,0.0,0.03940000897273421,0
2997,21,3,7.2220561352660075,0.14444112270532014,0.34390743501266696,1,1,1,1,27,0.002253529897721762,294.0,0.22980000358074903,54
2998,21,0,7.220135609273726,0.1444027121854745,0.34381598139398695,2,2,2,2,0,0.0019205259922827622,17.0,0.03219995414838195,0
2999,21,0,7.217484887427306,0.1443496977485461,0.34368975654415734,2,2,2,2,0,0.0026507218464217885,17.0,0.03160000778734684,0
3000,21,0,7.216011673483068,0.14432023346966136,0.3436196034991937,1,1,1,1,0,0.0014732139442372727,17.0,0.062400009483098984,0
3001,21,1,7.2117583418035895,0.1442351668360718,0.34341706389540905,2,1,1,1,23,0.004253331679450412,434.0,0.27440005214884877,20
3002,21,1,7.208558451229964,0.14417116902459928,0.3432646881538078,2,1,1,1,23,0.003199890573597486,434.0,0.27329998556524515,20
3003,21,1,7.20736747479633,0.14414734949592659,0.3432079749903014,0,0,0,0,23,0.0011909764336053286,0.0,0.27469999622553587,20
3004,21,1,7.2060920938072766,0.14412184187614552,0.3431472425622512,0,0,0,0,23,0.0012753809890213574,0.0,0.27600000612437725,20
3005,21,0,7.2060920938072766,0.14412184187614552,0.3431472425622512,0,0,0,0,0,0.0,0.0,0.06049999501556158,0
3006,21,1,7.200661691174626,0.14401323382349251,0.3428886519606965,3,0,2,0,23,0.005430402632619291,0.0,0.2683000057004392,20
3007,21,0,7.199918673084529,0.1439983734616906,0.3428532701468823,1,1,1,1,0,0.0007430180901053518,17.0,0.05690002581104636,0
3008,21,1,7.195781243730883,0.14391562487461765,0.3426562497014706,2,1,1,1,23,0.004137429353612276,434.0,0.27540000155568123,20
3009,21,1,7.18971103722198,0.1437942207444396,0.34236719224866574,3,1,2,2,23,0.006070206508873355,434.0,0.28909998945891857,20
3010,21,2,7.184221277920798,0.14368442555841596,0.34210577513908563,3,2,2,2,25,0.005489759301148922,224.0,0.2589999930933118,38
3011,21,1,7.179508203488799,0.14359016406977598,0.34188134302327616,5,1,4,4,23,0.004713074431968778,434.0,0.26649999199435115,20
3012,21,2,7.175916463338671,0.14351832926677344,0.3417103077780319,4,2,2,2,25,0.0035917401500924484,224.0,0.2533000078983605,38
3013,21,2,7.16933987075663,0.1433867974151326,0.3413971367026966,2,0,1,0,25,0.0065765925820002735,0.0,0.24750002194195986,38
3014,21,0,7.166996704885678,0.14333993409771356,0.3412855573755084,2,2,2,2,0,0.002343165870954067,17.0,0.04700000863522291,0
3015,21,3,7.165582576292964,0.14331165152585928,0.3412182179187126,0,0,0,0,27,0.0014141285926712044,0.0,0.2627999638207257,54
3016,21,2,7.162638275449976,0.1432527655089995,0.34107801311666547,2,1,1,1,25,0.002944300842955272,134.0,0.242499983869493,38
3017,21,1,7.159838199846399,0.14319676399692796,0.3409446761831619,2,1,1,1,23,0.002800075603545338,434.0,0.24880003184080124,20
3018,21,1,7.155930791082094,0.14311861582164187,0.34075860909914735,2,1,1,1,23,0.00390740876427742,434.0,0.2665999927558005,20
3019,21,0,7.151794020931389,0.14303588041862778,0.34056162004435186,2,1,2,1,0,0.0041367701507084575,17.0,0.03249995643272996,0
3020,21,0,7.150800685644537,0.14301601371289074,0.34051431836402557,1,1,1,1,0,0.0009933352868500833,17.0,0.06290001329034567,0
3021,21,0,7.14893739843097,0.1429787479686194,0.34042559040147474,2,2,2,2,0,0.0018632872135668777,17.0,0.06059999577701092,0
3022,21,0,7.147074111217403,0.14294148222434808,0.34033686243892397,2,2,2,2,0,0.0018632872135668777,17.0,0.06120000034570694,0
3023,21,4,7.145540818510005,0.1429108163702001,0.3402638485004764,0,0,0,0,29,0.0015332927073501423,0.0,0.25620002998039126,68
3024,21,2,7.142329170505359,0.1428465834101072,0.34011091288120765,2,1,1,1,25,0.0032116480046084916,294.0,0.26569998590275645,38
3025,21,0,7.1413358352185075,0.14282671670437014,0.3400636112008814,1,1,1,1,0,0.0009933352868500833,17.0,0.05579995922744274,0
3026,21,0,7.140772098405556,0.1428154419681111,0.34003676659074084,1,1,1,1,0,0.0005637368129498554,17.0,0.05560001591220498,0
3027,21,0,7.140772098405556,0.1428154419681111,0.34003676659074084,0,0,0,0,0,0.0,0.0,0.05439994856715202,0
3028,21,1,7.134880105379976,0.14269760210759952,0.33975619549428454,4,0,3,0,23,0.005891993025556985,0.0,0.26699999580159783,20
3029,21,0,7.134880105379976,0.14269760210759952,0.33975619549428454,0,0,0,0,0,0.0,0.0,0.055100012104958296,0
3030,21,1,7.13071634228897,0.1426143268457794,0.33955792106137955,2,1,1,1,23,0.004163763090978989,434.0,0.2636000281199813,20
3031,21,0,7.1301526054760185,0.14260305210952037,0.33953107645123903,1,1,1,1,0,0.0005637368129569609,17.0,0.05390000296756625,0
3032,21,2,7.128707329304216,0.14257414658608433,0.3394622537763913,0,0,0,0,25,0.001445276171764931,0.0,0.25400001322850585,38
3033,21,1,7.1234789011360276,0.14246957802272056,0.3392132810064775,4,1,3,3,23,0.0052284281681593825,434.0,0.29669998912140727,20
3034,21,0,7.118356031448627,0.14236712062897255,0.338969334830887,4,4,4,4,0,0.00512286968740483,17.0,0.051499984692782164,0
3035,21,3,7.1133747751392615,0.14226749550278522,0.33873213214948866,5,2,3,3,27,0.004981256309321225,184.0,0.24070002837106586,54
3036,21,1,7.1121575974635896,0.14224315194927178,0.33867417130778993,0,0,0,0,23,0.0012171776756417785,0.0,0.25510002160444856,20
3037,21,2,7.109501797962103,0.14219003595924207,0.338547704664862,2,1,2,2,25,0.0026557995014542257,354.0,0.2419000375084579,38
3038,21,4,7.103439839564735,0.1420687967912947,0.33825903997927304,6,2,4,4,29,0.006061958397324929,134.0,0.22679998073726892,68
3039,21,0,7.100634529111828,0.14201269058223656,0.3381254537672299,2,2,2,2,0,0.00280531045290644,17.0,0.03300001844763756,0
3040,21,1,7.093937194636155,0.1418787438927231,0.3378065330779122,4,1,3,3,23,0.006697334475646244,434.0,0.31569995917379856,20
3041,21,0,7.091871041916577,0.14183742083833153,0.33770814485317036,1,1,1,1,0,0.00206615271957844,17.0,0.062700011767447,0
3042,21,5,7.0862139568578195,0.14172427913715638,0.3374387598503723,5,2,4,4,31,0.005657085058722089,94.0,0.2340000355616212,80
3043,21,1,7.080703201816623,0.14161406403633245,0.3371763429436487,5,1,4,4,23,0.005510755041157722,434.0,0.2882999833673239,20
3044,21,0,7.072859071273649,0.14145718142547298,0.33680281291779285,5,5,5,5,0,0.007844130542977723,17.0,0.05539995618164539,0
3045,21,1,7.063019981772209,0.14126039963544418,0.3363342848462957,6,1,5,3,23,0.00983908950141199,434.0,0.261699955444783,20
3046,21,0,7.059752273638069,0.14119504547276138,0.33617867969705084,2,2,2,2,0,0.0032677081341390135,17.0,0.05600001895800233,0
3047,21,0,7.05712238410554,0.1411424476821108,0.3360534468621685,2,2,2,2,0,0.002629889532535401,17.0,0.05170004442334175,0
3048,21,1,7.053388888961923,0.14106777777923846,0.3358756613791391,2,1,1,1,23,0.003733495143578125,434.0,0.30020001577213407,20
3049,21,4,7.04770499598388,0.14095409991967758,0.3356049998087562,3,1,2,1,29,0.005683892977998539,114.0,0.23659999715164304,68
3050,21,0,7.045463422343925,0.1409092684468785,0.3354982582068536,1,1,1,1,0,0.00224157363996369,17.0,0.05000003147870302,0
3051,21,1,7.0419182629073465,0.14083836525814694,0.3353294410908261,3,1,2,2,23,0.003545159436541212,434.0,0.2544999588280916,20
3052,21,0,7.0419182629073465,0.14083836525814694,0.3353294410908261,0,0,0,0,0,0.0,0.0,0.04429998807609081,0
3053,21,2,7.03713692929939,0.1407427385859878,0.33510175853806623,4,2,2,2,25,0.0047813336079229884,224.0,0.2430000458844006,38
3054,21,0,7.027982643912123,0.14055965287824246,0.33466584018629164,3,2,3,2,0,0.009154285387268146,17.0,0.040599959902465343,0
3055,21,0,7.025036481054489,0.14050072962108978,0.3345255467168804,1,1,1,1,0,0.002946162857632828,17.0,0.04150002496317029,0
3056,21,1,7.021599266953025,0.1404319853390605,0.3343618698549059,2,1,2,2,23,0.003437214101431607,434.0,0.25919999461621046,20
3057,21,2,7.015893833896277,0.14031787667792553,0.33409018256648937,5,2,4,4,25,0.005705433056718334,224.0,0.2440999960526824,38
3058,21,2,7.012610608124448,0.14025221216248895,0.33393383848211655,3,1,2,2,25,0.003283225771795628,194.0,0.23880001390352845,38
3059,21,0,7.007598292547234,0.1401519658509447,0.3336951567879636,2,2,2,2,0,0.005012315577218374,17.0,0.032400013878941536,0
3060,21,0,7.004613700817181,0.1400922740163436,0.3335530333722468,2,2,2,2,0,0.002984591730054831,17.0,0.06280001252889633,0
3061,21,0,7.0025475480976045,0.14005095096195208,0.33345464514750495,1,1,1,1,0,0.00206615271957844,17.0,0.06150000263005495,0
3062,21,0,6.998239821738071,0.13996479643476142,0.3332495153208605,2,2,2,2,0,0.004307726359527919,17.0,0.06120000034570694,0
3063,21,1,6.994918893306817,0.13989837786613635,0.3330913758717532,1,1,1,1,23,0.0033209284312292198,434.0,0.27109996881335974,20
3064,21,1,6.99145681844133,0.1398291363688266,0.33292651516387284,3,1,2,2,23,0.0034620748654603517,434.0,0.2772000152617693,20
3065,21,2,6.98635734054387,0.13972714681087742,0.3326836828830415,5,2,3,3,25,0.0050994778974171595,224.0,0.2837000065483153,38
3066,21,2,6.981443395826083,0.13962886791652165,0.3324496855155277,2,0,1,0,25,0.004913944717756635,0.0,0.2615000121295452,38
3067,21,2,6.974953394481079,0.13949906788962158,0.33214063783243236,4,1,3,2,25,0.006490001344964469,194.0,0.2598999999463558,38
3068,21,2,6.9692535955186266,0.13938507191037253,0.33186921883422027,6,2,4,4,25,0.005699798962417901,224.0,0.2546999603509903,38
3069,21,0,6.960249828065219,0.1392049965613044,0.33144046800310567,5,4,5,4,0,0.009003767453407363,17.0,0.07129996083676815,0
3070,21,0,6.951573893942589,0.13903147787885178,0.3310273282829804,5,4,5,4,0,0.008675934122635454,17.0,0.049600028432905674,0
3071,21,1,6.946360471490385,0.13892720942980769,0.3307790700709707,7,1,6,6,23,0.005213422452179373,434.0,0.2633000258356333,20
3072,21,1,6.94192539892078,0.1388385079784156,0.33056787613908467,5,1,4,4,23,0.004435072569563658,434.0,0.261699955444783,20
3073,21,2,6.939113494047845,0.1387822698809569,0.3304339759070402,2,1,1,1,25,0.002811904872906723,174.0,0.2525000018067658,38
3074,21,0,6.938370475957747,0.13876740951915495,0.33039859409322603,1,1,1,1,0,0.0007430180900982464,17.0,0.045599997974932194,0
3075,21,2,6.93104216349168,0.1386208432698336,0.33004962683293715,6,2,5,5,25,0.007328312466029274,224.0,0.28799998108297586,38
3076,20,1,6.925625498355964,0.13851250996711928,0.34628127491779825,6,0,6,0,23,0.005416665135683729,0.0,0.25200005620718,20
3077,20,1,6.920995527008927,0.13841991054017855,0.3460497763504463,6,1,6,6,22,0.004629971347014816,414.0,0.24480000138282776,19
3078,20,0,6.914362715893203,0.13828725431786407,0.3457181357946601,4,3,4,3,0,0.006632811115728998,17.0,0.03960001049563289,0
3079,20,3,6.906393878759857,0.13812787757519715,0.3453196939379929,7,3,5,5,26,0.007968837133304874,147.33333333333334,0.2212999970652163,51
3080,20,1,6.903112816540398,0.13806225633080796,0.3451556408270199,4,1,3,3,22,0.0032810622194290318,414.0,0.2620000159367919,19
3081,20,2,6.8963219045381665,0.13792643809076333,0.34481609522690837,6,2,6,6,24,0.006790912002195171,214.0,0.29830000130459666,36
3082,20,2,6.88810505080468,0.1377621010160936,0.344405252540234,8,2,6,6,24,0.008216853733458152,214.0,0.25019998429343104,36
3083,20,1,6.884483924249333,0.13768967848498667,0.34422419621246664,3,1,3,3,22,0.003621126555316323,414.0,0.25700003607198596,19
3084,20,0,6.880976041541127,0.13761952083082254,0.3440488020770564,3,3,3,3,0,0.0035078827082060116,17.0,0.057800032664090395,0
3085,20,1,6.87414888587199,0.1374829777174398,0.3437074442935995,8,1,7,7,22,0.006827155669100193,414.0,0.25350000942125916,19
3086,20,1,6.8693425590108586,0.13738685118021718,0.34346712795054296,4,1,3,3,22,0.0048063268611073795,414.0,0.2541000139899552,19
3087,20,0,6.861966113279787,0.13723932226559574,0.34309830566398936,4,4,4,4,0,0.00737644573106877,17.0,0.05099998088553548,0
3088,20,0,6.854616294374709,0.13709232588749418,0.34273081471873545,3,2,3,2,0,0.007349818905083794,17.0,0.05929998587816954,0
3089,20,2,6.847910415528766,0.1369582083105753,0.34239552077643837,5,1,4,2,24,0.0067058788459064544,134.0,0.24560000747442245,36
3090,20,1,6.838025103995257,0.13676050207990514,0.34190125519976283,5,1,4,3,22,0.00988531153348049,414.0,0.2497999812476337,19
3091,20,0,6.8296491505959915,0.13659298301191983,0.34148245752979955,4,3,4,3,0,0.008375953399266223,17.0,0.04630000330507755,0
3092,20,2,6.827143180012448,0.13654286360024895,0.3413571590006224,2,1,1,1,24,0.0025059705835133173,254.0,0.5103999865241349,36
3093,20,3,6.822450998779637,0.13644901997559272,0.3411225499389819,5,2,3,3,26,0.004692181232776704,174.0,0.23629999486729503,51
3094,20,0,6.822450998779637,0.13644901997559272,0.3411225499389819,0,0,0,0,0,0.0,0.0,0.04269997589290142,0
3095,20,1,6.8176108286407056,0.1363522165728141,0.3408805414320353,3,1,2,2,22,0.004840170138898259,414.0,0.2766000106930733,19
3096,20,0,6.816319177966834,0.13632638355933668,0.3408159588983417,1,1,1,1,0,0.0012916506738704925,17.0,0.03880000440403819,0
3097,20,1,6.811656400678965,0.13623312801357929,0.34058282003394824,2,0,1,0,22,0.004662777287833819,0.0,0.23669999791309237,19
3098,20,2,6.809009450684622,0.13618018901369244,0.3404504725342311,2,1,1,1,24,0.0026469499943146957,194.0,0.2294000005349517,36
3099,20,0,6.807983316190436,0.13615966632380871,0.3403991658095219,1,1,1,1,0,0.0010261344941895345,17.0,0.03400002606213093,0
3100,20,2,6.806731810892565,0.1361346362178513,0.3403365905446282,0,0,0,0,24,0.0012515052978301355,0.0,0.26210001669824123,36
3101,20,0,6.803785648034929,0.1360757129606986,0.34018928240174645,1,1,1,1,0,0.0029461628576399335,17.0,0.05790003342553973,0
3102,20,2,6.8024567231302715,0.13604913446260544,0.34012283615651356,0,0,0,0,24,0.0013289249046266605,0.0,0.24939997820183635,36
3103,20,1,6.801347818932694,0.1360269563786539,0.3400673909466347,0,0,0,0,22,0.0011089041975438363,0.0,0.27790002059191465,19
3104,20,0,6.8006048008425966,0.13601209601685194,0.34003024004212984,1,1,1,1,0,0.0007430180900982464,17.0,0.054100004490464926,0
3105,20,0,6.797492795469024,0.13594985590938047,0.3398746397734512,1,0,1,0,0,0.003112005373580473,0.0,0.053099996875971556,0
3106,20,1,6.794816710271512,0.13589633420543024,0.3397408355135756,2,1,1,1,22,0.0026760851974785282,414.0,0.25099999038502574,19
3107,20,3,6.789057033214965,0.1357811406642993,0.3394528516607482,4,2,2,2,26,0.005759677056509815,184.0,0.2410999732092023,51
3108,20,3,6.783811532509809,0.13567623065019618,0.33919057662549046,2,1,2,1,26,0.0052455007051150915,154.0,0.23369997506961226,51
3109,20,1,6.780202376186962,0.13560404752373922,0.33901011880934806,4,1,3,3,22,0.0036091563228168866,414.0,0.24389999452978373,19
3110,20,0,6.779459358096863,0.13558918716193727,0.33897296790484316,1,1,1,1,0,0.0007430180900982464,17.0,0.04490005085244775,0
3111,20,1,6.7755882734186414,0.13551176546837282,0.338779413670932,2,1,1,1,22,0.003871084678188197,414.0,0.24130003293976188,19
3112,20,0,6.774845255328543,0.13549690510657086,0.3387422627664271,1,1,1,1,0,0.0007430180900982464,17.0,0.04539999645203352,0
3113,20,1,6.771696750801751,0.135433935016035,0.33858483754008756,3,1,2,2,22,0.0031485045267700684,414.0,0.2440999960526824,19
3114,20,2,6.767362404033529,0.13534724808067058,0.3383681202016764,3,1,2,2,24,0.004334346768182229,234.0,0.2376000047661364,36
3115,20,0,6.763475951079577,0.13526951902159154,0.3381737975539788,2,1,2,1,0,0.003886452953949515,17.0,0.058999983593821526,0
3116,20,1,6.760229763538185,0.1352045952707637,0.33801148817690924,3,1,2,2,22,0.0032461875413645203,414.0,0.23700000019744039,19
3117,20,0,6.755179019088555,0.1351035803817711,0.3377589509544277,3,3,3,3,0,0.005050744449633271,17.0,0.035400036722421646,0
3118,20,2,6.74973622277165,0.134994724455433,0.3374868111385825,5,2,3,3,24,0.005442796316870613,214.0,0.22829999215900898,36
3119,20,0,6.744685478322019,0.13489370956644037,0.33723427391610095,3,3,3,3,0,0.005050744449633271,17.0,0.032699957955628633,0
3120,20,1,6.741903647926133,0.13483807295852265,0.33709518239630665,2,1,1,1,22,0.0027818303958540014,414.0,0.30070001957938075,19
3121,20,1,6.7381582165977125,0.13476316433195426,0.3369079108298856,2,1,2,2,22,0.0037454313283973306,414.0,0.25839998852461576,19
3122,20,3,6.735116677006689,0.13470233354013378,0.3367558338503345,2,1,1,1,26,0.0030415395909813014,174.0,0.24670001585036516,51
3123,20,3,6.7293358566396355,0.13458671713279272,0.3364667928319817,5,2,3,3,26,0.005780820367014883,174.0,0.1868000254034996,51
3124,20,2,6.724779315897366,0.1344955863179473,0.3362389657948682,5,2,3,3,24,0.004556540742242987,214.0,0.18379994435235858,36
3125,20,0,6.719394307393557,0.13438788614787114,0.33596971536967785,2,1,2,1,0,0.005385008503807853,17.0,0.04549999721348286,0
3126,20,0,6.716409715663504,0.1343281943132701,0.3358204857831752,2,2,2,2,0,0.002984591730054831,17.0,0.044700049329549074,0
3127,20,0,6.715633385084509,0.13431266770169017,0.33578166925422537,1,1,1,1,0,0.000776330579000728,17.0,0.04380004247650504,0
3128,20,1,6.711900270851068,0.13423800541702136,0.3355950135425534,3,1,2,2,22,0.003733114233405388,414.0,0.22559997159987688,19
3129,20,0,6.708882366632118,0.13417764733264234,0.3354441183316058,2,2,2,2,0,0.003017904218950207,17.0,0.04310003714635968,0
3130,20,0,6.708139348542019,0.1341627869708404,0.33540696742710097,1,1,1,1,0,0.0007430180900982464,17.0,0.04800001624971628,0
3131,20,2,6.700998961035265,0.1340199792207053,0.33504994805176325,4,1,2,1,24,0.007140387506716195,154.0,0.21790002938359976,36
3132,20,1,6.697651549032495,0.1339530309806499,0.33488257745162475,2,1,1,1,22,0.0033474120027463528,414.0,0.24060002760961652,19
3133,20,0,6.6946336448135435,0.13389267289627088,0.33473168224067723,2,2,2,2,0,0.003017904218950207,17.0,0.040700018871575594,0
3134,20,1,6.691011665029334,0.13382023330058668,0.3345505832514668,4,1,3,3,22,0.0036219797841781087,414.0,0.23579999106004834,19
3135,20,0,6.689242512445052,0.13378485024890105,0.3344621256222526,2,2,2,2,0,0.0017691525842877809,17.0,0.0371999922208488,0
3136,20,0,6.685542425425754,0.13371084850851508,0.3342771212712877,3,3,3,3,0,0.003700087019296916,17.0,0.035800039768218994,0
3137,20,1,6.681814911843464,0.1336362982368693,0.3340907455921732,2,1,2,2,22,0.003727513582255426,414.0,0.2389000146649778,19
3138,20,3,6.678410874565217,0.13356821749130435,0.3339205437282609,2,1,1,1,26,0.0034040372782087047,274.0,0.20479998784139752,51
3139,20,1,6.673203344791185,0.13346406689582369,0.33366016723955927,3,0,2,0,22,0.005207529774004627,0.0,0.25350000942125916,19
3140,20,1,6.672101406411549,0.133442028128231,0.33360507032057746,0,0,0,0,22,0.0011019383796053717,0.0,0.25489996187388897,19
3141,20,1,6.6632053317850195,0.1332641066357004,0.333160266589251,3,1,2,1,22,0.008896074626498773,414.0,0.2471000188961625,19
3142,20,0,6.6632053317850195,0.1332641066357004,0.333160266589251,0,0,0,0,0,0.0,0.0,0.05389994475990534,0
3143,20,3,6.660430027834172,0.13320860055668343,0.33302150139170855,2,1,1,1,26,0.0027753039508056077,194.0,0.2766000106930733,51
3144,20,1,6.659251253531243,0.13318502507062488,0.3329625626765621,0,0,0,0,22,0.001178774302900365,0.0,0.25750003987923265,19
3145,20,0,6.658083583089524,0.13316167166179046,0.3329041791544762,2,2,2,2,0,0.0011676704417240558,17.0,0.04959997022524476,0
3146,20,0,6.657519846276572,0.13315039692553143,0.3328759923138286,1,1,1,1,0,0.0005637368129498554,17.0,0.04830001853406429,0
3147,20,0,6.656649894349857,0.13313299788699715,0.3328324947174929,1,1,1,1,0,0.0008699519267167943,17.0,0.04769995575770736,0
3148,20,0,6.652974631970234,0.13305949263940467,0.3326487315985117,3,3,3,3,0,0.0036752623796303396,17.0,0.048600020818412304,0
3149,20,0,6.6479440963281125,0.13295888192656224,0.33239720481640567,3,3,3,3,0,0.005030535642120526,17.0,0.05069997860118747,0
3150,20,1,6.643346595756231,0.13286693191512464,0.33216732978781155,3,1,2,2,22,0.00459750057184749,414.0,0.2495000371709466,19
3151,20,1,6.638444563423395,0.1327688912684679,0.33192222817116973,3,1,3,3,22,0.0049020323328079485,414.0,0.24609995307400823,19
3152,20,0,6.635639252970488,0.13271278505940975,0.3317819626485244,2,2,2,2,0,0.0028053104529135453,17.0,0.04900002386420965,0
3153,20,0,6.635075516157536,0.13270151032315072,0.3317537758078768,1,1,1,1,0,0.0005637368129498554,17.0,0.044199987314641476,0
3154,20,1,6.630961806539917,0.13261923613079835,0.3315480903269958,2,1,1,1,22,0.00411370961759161,414.0,0.27949997456744313,19
3155,20,1,6.626796604893717,0.13253593209787434,0.33133983024468583,5,1,4,4,22,0.004165201646173955,414.0,0.30180002795532346,19
3156,20,4,6.618548875896396,0.13237097751792792,0.3309274437948198,7,3,5,5,26,0.008247728997282877,134.0,0.21790002938359976,64
3157,20,2,6.613199228266019,0.13226398456532037,0.33065996141330095,3,0,2,0,24,0.005349647630332299,0.0,0.2335000317543745,36
3158,20,2,6.608301764984832,0.13216603529969664,0.3304150882492416,2,0,1,0,24,0.004897463281160697,0.0,0.22559997159987688,36
3159,20,2,6.604249391295889,0.1320849878259178,0.33021246956479444,4,2,2,2,24,0.0040523736889142015,214.0,0.24239998310804367,36
3160,20,2,6.598995043659872,0.13197990087319744,0.3299497521829936,5,2,3,3,24,0.005254347635982981,214.0,0.2628000220283866,36
3161,20,3,6.59540655278235,0.131908131055647,0.3297703276391175,4,2,2,2,26,0.0035884908774832525,74.0,0.24799996754154563,51
3162,20,1,6.59166112145393,0.1318332224290786,0.3295830560726965,2,1,1,1,22,0.0037454313283973306,414.0,0.23360003251582384,19
3163,20,1,6.585751187954383,0.13171502375908767,0.3292875593977191,4,0,3,0,22,0.00590993349951674,0.0,0.24949997896328568,19
3164,20,1,6.582897794873359,0.13165795589746718,0.3291448897436679,2,1,1,1,22,0.0028533930809899744,414.0,0.2403000253252685,19
3165,20,1,6.57800471072799,0.1315600942145598,0.3289002355363996,4,1,3,3,22,0.004893084145344062,414.0,0.22980000358074903,19
3166,20,1,6.575604317172484,0.13151208634344969,0.3287802158586242,2,1,1,1,22,0.002400393555483049,414.0,0.2437999937683344,19
3167,20,0,6.5746400359091,0.131492800718182,0.32873200179545503,1,1,1,1,0,0.0009642812633856579,17.0,0.06370001938194036,0
3168,20,1,6.570968430305292,0.13141936860610584,0.3285484215152646,2,1,1,1,22,0.0036716056037704448,414.0,0.22579997312277555,19
3169,20,1,6.569882000293987,0.13139764000587972,0.32849410001469936,0,0,0,0,22,0.001086430011277173,0.0,0.22310001077130437,19
3170,20,2,6.564348344123136,0.13128696688246272,0.32821741720615677,3,1,2,2,24,0.0055336561708188015,314.0,0.22479996550828218,36
3171,20,0,6.5609391000414625,0.13121878200082926,0.3280469550020731,3,3,3,3,0,0.0034092440816735348,17.0,0.0420999713242054,0
3172,20,2,6.558188789211082,0.13116377578422164,0.327909439460554,2,1,1,1,24,0.0027503108303505996,74.0,0.21139997988939285,36
3173,20,0,6.556056837505978,0.13112113675011958,0.32780284187529884,3,3,3,3,0,0.0021319517051026082,17.0,0.036299985367804766,0
3174,20,1,6.552783821774272,0.13105567643548544,0.32763919108871364,3,1,2,2,22,0.003273015731679152,414.0,0.222400005441159,19
3175,20,1,6.549568589774822,0.13099137179549644,0.32747842948874106,3,1,2,2,22,0.0032152319994267486,414.0,0.23330003023147583,19
3176,20,1,6.547062031042717,0.13094124062085435,0.32735310155213576,2,1,1,1,22,0.0025065587320796112,414.0,0.2185999765060842,19
3177,20,1,6.541789894613055,0.1308357978922611,0.3270894947306528,4,1,3,3,22,0.005272136429624652,414.0,0.21329999435693026,19
3178,20,0,6.540498243939183,0.13080996487878366,0.32702491219695917,1,1,1,1,0,0.0012916506738704925,17.0,0.03250001464039087,0
3179,20,0,6.538908372632046,0.13077816745264093,0.3269454186316023,2,2,2,2,0,0.00158987130713939,17.0,0.030700000934302807,0
3180,20,0,6.53788223813786,0.1307576447627572,0.326894111906893,1,1,1,1,0,0.0010261344941895345,17.0,0.06160000339150429,0
3181,20,2,6.536566758955036,0.13073133517910074,0.3268283379477518,0,0,0,0,24,0.0013154791827858503,0.0,0.24259998463094234,36
3182,20,1,6.5328302867155905,0.13065660573431181,0.32664151433577954,3,1,2,2,22,0.00373647223941731,414.0,0.23210002109408379,19
3183,20,3,6.529939471008696,0.13059878942017392,0.3264969735504347,2,1,1,1,24,0.002890815706855676,154.0,0.2326999674551189,51
3184,20,2,6.524587846589704,0.13049175693179407,0.3262293923294851,3,0,2,0,24,0.005351624418956646,0.0,0.2523000002838671,36
3185,20,1,6.520881619779027,0.13041763239558055,0.3260440809889514,3,1,2,2,22,0.003706226810649582,414.0,0.22719998378306627,19
3186,20,1,6.516477860308881,0.13032955720617762,0.3258238930154441,5,1,4,4,22,0.004403759470115176,414.0,0.27680001221597195,19
3187,20,1,6.515250370626269,0.13030500741252538,0.3257625185313135,0,0,0,0,22,0.0012274896825843484,0.0,0.2511999919079244,19
3188,20,2,6.511437252756952,0.13022874505513904,0.32557186263784754,4,2,2,2,24,0.0038131178692850654,214.0,0.21760002709925175,36
3189,20,1,6.505273650445934,0.1301054730089187,0.32526368252229676,2,1,1,1,22,0.006163602310984118,414.0,0.23790000705048442,19
3190,20,1,6.501565262736307,0.13003130525472614,0.3250782631368153,2,1,1,1,22,0.0037083877096009132,414.0,0.24179997853934765,19
3191,20,0,6.49803203842248,0.1299606407684496,0.32490160192112394,2,2,2,2,0,0.003533224313827077,17.0,0.03819999983534217,0
3192,20,2,6.496479880009257,0.12992959760018516,0.3248239940004628,0,0,0,0,24,0.001552158413190341,0.0,0.20860001677647233,36
3193,20,0,6.4946244925224335,0.12989248985044866,0.32473122462612164,2,2,2,2,0,0.001855387486820348,17.0,0.03419996937736869,0
3194,20,0,6.492382918882479,0.12984765837764958,0.3246191459441239,1,1,1,1,0,0.0022415736399565844,17.0,0.03619998460635543,0
3195,20,0,6.487376480624416,0.1297475296124883,0.3243688240312207,3,3,3,3,0,0.00500643825806435,17.0,0.03520003519952297,0
3196,20,1,6.480101860600124,0.12960203721200247,0.32400509303000624,2,1,1,0,22,0.007274620024269041,414.0,0.21520000882446766,19
3197,20,1,6.475879576577215,0.1295175915315443,0.3237939788288607,3,1,2,2,22,0.004222284022873168,414.0,0.2161000156775117,19
3198,20,0,6.472164788993023,0.12944329577986047,0.3236082394496511,2,2,2,2,0,0.0037147875842009626,17.0,0.032699957955628633,0
3199,20,1,6.471055884795446,0.12942111769590892,0.3235527942397723,0,0,0,0,22,0.0011089041975438363,0.0,0.23260002490133047,19
3200,20,1,6.467907053490139,0.12935814106980278,0.323395352674507,2,1,1,1,22,0.0031488313052747685,414.0,0.24730002041906118,19
3201,20,2,6.462897915867491,0.12925795831734982,0.3231448957933746,3,2,2,2,24,0.005009137622622006,214.0,0.22829999215900898,36
3202,20,0,6.462334179054539,0.1292466835810908,0.323116708952727,1,1,1,1,0,0.0005637368129498554,17.0,0.05570001667365432,0
3203,20,2,6.459630961788999,0.12919261923578,0.32298154808945,2,1,1,1,24,0.002703217265512592,334.0,0.24919997667893767,36
3204,20,3,6.4563217774620085,0.12912643554924016,0.3228160888731005,2,1,1,1,24,0.003309184326944603,334.0,0.2549000200815499,51
3205,20,1,6.455235347450703,0.12910470694901405,0.32276176737253515,0,0,0,0,22,0.0010864300112842784,0.0,0.24049996864050627,19
3206,20,1,6.453940451442514,0.12907880902885027,0.32269702257212574,0,0,0,0,22,0.001294896008154467,0.0,0.2280999906361103,19
3207,20,0,6.453940451442514,0.12907880902885027,0.32269702257212574,0,0,0,0,0,0.0,0.0,0.04439998883754015,0
3208,20,0,6.450815861345031,0.12901631722690063,0.3225407930672516,4,4,4,4,0,0.0031245900974852248,17.0,0.04160002572461963,0
3209,20,0,6.450252124532079,0.12900504249064157,0.322512606226604,1,1,1,1,0,0.0005637368129569609,17.0,0.061700004152953625,0
3210,20,1,6.446949542407486,0.12893899084814972,0.3223474771203743,4,1,4,4,22,0.003302582124568687,414.0,0.23490004241466522,19
3211,20,0,6.443722723246591,0.12887445446493181,0.32218613616232955,4,4,4,4,0,0.0032268191608935126,17.0,0.043199979700148106,0
3212,20,2,6.439059617018668,0.12878119234037336,0.32195298085093343,3,1,2,2,24,0.004663106227887681,294.0,0.23380003403872252,36
3213,20,1,6.437773639572223,0.12875547279144445,0.32188868197861115,0,0,0,0,22,0.0012859774464217821,0.0,0.22639997769147158,19
3214,20,2,6.432262143238322,0.12864524286476645,0.32161310716191605,5,2,4,4,24,0.005511496333866717,214.0,0.21660001948475838,36
3215,20,0,6.4285263913965744,0.1285705278279315,0.3214263195698287,4,4,4,4,0,0.0037357518417451274,17.0,0.0399000127799809,0
3216,20,1,6.425304824675974,0.1285060964935195,0.32126524123379874,3,1,3,3,22,0.003221566720569058,414.0,0.25510002160444856,19
3217,20,1,6.421478108206117,0.12842956216412235,0.32107390541030584,4,1,3,3,22,0.0038267164698311262,414.0,0.24540000595152378,19
3218,20,1,6.416170558019367,0.12832341116038734,0.3208085279009683,3,0,2,0,22,0.005307550186728349,0.0,0.21460000425577164,19
3219,20,1,6.413582371998146,0.12827164743996292,0.3206791185999073,2,1,1,1,22,0.0025881860211924845,414.0,0.2237000153400004,19
3220,20,3,6.409135817457054,0.12818271634914108,0.3204567908728527,3,2,2,2,26,0.0044465545410545815,134.0,0.2142000012099743,51
3221,20,1,6.406547631435833,0.12813095262871665,0.3203273815717917,2,1,1,1,22,0.0025881860211924845,414.0,0.2316000172868371,19
3222,20,2,6.404154359484242,0.12808308718968484,0.3202077179742121,2,1,1,1,24,0.0023932719515542544,194.0,0.23579999106004834,36
3223,20,0,6.403661487452579,0.12807322974905158,0.32018307437262894,1,1,1,1,0,0.0004928720316712543,17.0,0.054100004490464926,0
3224,20,1,6.400922473779305,0.1280184494755861,0.3200461236889653,2,1,1,1,22,0.002739013673242141,414.0,0.2516000531613827,19
3225,20,3,6.393215571466897,0.12786431142933793,0.3196607785733448,5,1,3,1,26,0.0077069023123712554,154.0,0.2093999646604061,51
3226,20,1,6.39155963057031,0.12783119261140619,0.31957798152851546,1,1,1,1,22,0.0016559408965548528,414.0,0.2327000256627798,19
3227,20,1,6.387995587609191,0.12775991175218382,0.31939977938045955,3,1,2,2,22,0.0035640429610950264,414.0,0.24309998843818903,19
3228,20,0,6.385650928256618,0.12771301856513237,0.31928254641283094,2,2,2,2,0,0.0023446593525733306,17.0,0.04109996370971203,0
3229,20,1,6.380066505814918,0.12760133011629837,0.31900332529074593,5,1,4,4,22,0.0055844224416787824,414.0,0.23500004317611456,19
3230,20,0,6.37477568360471,0.12749551367209422,0.3187387841802355,3,3,3,3,0,0.005290822210199053,17.0,0.04090002039447427,0
3231,20,1,6.369271846213544,0.12738543692427087,0.3184635923106772,5,1,4,4,22,0.005503837391145794,414.0,0.24459999985992908,19
3232,20,0,6.365230645638876,0.12730461291277753,0.31826153228194376,4,4,4,4,0,0.0040412005746759405,17.0,0.04349998198449612,0
3233,20,2,6.359487077491265,0.1271897415498253,0.3179743538745632,3,2,2,2,24,0.005743568147579481,214.0,0.21620001643896103,36
3234,20,0,6.352130102561478,0.12704260205122955,0.3176065051280739,4,4,4,4,0,0.007356974929784599,17.0,0.03650004509836435,0
3235,20,0,6.344169194002927,0.12688338388005854,0.3172084597001463,5,5,5,5,0,0.007960908558551694,17.0,0.034299970138818026,0
3236,20,1,6.3377380758091935,0.12675476151618387,0.31688690379045964,6,1,5,5,22,0.006431118193717111,414.0,0.23609999334439635,19
3237,20,0,6.331453533651173,0.12662907067302345,0.3165726766825586,4,4,4,4,0,0.006284542158020656,17.0,0.03940000897273421,0
3238,20,2,6.325278465017233,0.12650556930034465,0.3162639232508616,5,2,3,3,24,0.0061750686339010485,214.0,0.21879997802898288,36
3239,20,1,6.320532946607388,0.12641065893214776,0.31602664733036934,7,1,7,7,22,0.004745518409819738,414.0,0.21679996279999614,19
3240,20,0,6.3124329535875034,0.12624865907175006,0.3156216476793751,5,5,5,5,0,0.008099993019882845,17.0,0.05989999044686556,0
3241,20,2,6.305669693966197,0.12611339387932394,0.31528348469830986,7,2,5,5,24,0.006763259621266116,214.0,0.27930003125220537,36
3242,20,1,6.301864237012724,0.1260372847402545,0.3150932118506362,5,1,5,5,22,0.003805456953450914,414.0,0.2297000028192997,19
3243,20,1,6.295859965726786,0.1259171993145357,0.3147929982863392,6,1,6,6,22,0.006004271285910079,414.0,0.25589996948838234,19
3244,20,0,6.2907061355645375,0.12581412271129075,0.31453530677822683,4,4,4,4,0,0.0051538301622571225,17.0,0.07559999357908964,0
3245,20,2,6.285710636776252,0.12571421273552505,0.3142855318388126,3,2,2,2,24,0.004995498788247232,214.0,0.2258999738842249,36
3246,20,1,6.279596201278288,0.12559192402556577,0.3139798100639144,5,1,4,4,22,0.006114435497934778,414.0,0.23959996178746223,19
3247,20,2,6.271737378146163,0.12543474756292328,0.31358686890730814,8,2,6,6,24,0.007858823132082193,214.0,0.22879999596625566,36
3248,20,1,6.267865366407043,0.12535730732814085,0.31339326832035214,4,1,3,3,22,0.0038720117390980135,414.0,0.23060000967234373,19
3249,20,1,6.262635743786214,0.12525271487572429,0.31313178718931073,3,0,2,0,22,0.0052296226207957375,0.0,0.2391999587416649,19
3250,20,1,6.253382777948743,0.12506765555897487,0.3126691388974371,5,1,4,3,22,0.009252965837447391,414.0,0.23020000662654638,19
3251,20,0,6.250823753197501,0.12501647506395003,0.31254118765987504,2,2,2,2,0,0.0025590247512354836,17.0,0.041899969801306725,0
3252,20,1,6.246545833176812,0.12493091666353624,0.3123272916588406,3,1,2,2,22,0.004277920020669512,414.0,0.22489996626973152,19
3253,20,1,6.243728884093089,0.12487457768186179,0.31218644420465447,2,1,1,1,22,0.0028169490836944533,414.0,0.23599999258294702,19
3254,20,1,6.2372687933644215,0.12474537586728843,0.31186343966822105,4,1,3,2,22,0.006460090728637624,414.0,0.2416000352241099,19
3255,20,1,6.234876797064315,0.1246975359412863,0.31174383985321574,2,1,2,2,22,0.002391996300076471,414.0,0.21500000730156898,19
3256,20,2,6.229501547166773,0.12459003094333547,0.3114750773583386,5,2,4,4,24,0.0053752498974972696,214.0,0.2243000199086964,36
3257,20,0,6.223340780650208,0.12446681561300416,0.31116703903251036,5,4,5,4,0,0.00616076651657238,17.0,0.03679998917505145,0
3258,20,2,6.216819915035119,0.12433639830070238,0.3108409957517559,5,0,4,0,24,0.006520865615058824,0.0,0.24480000138282776,36
3259,20,0,6.2123295284524005,0.12424659056904801,0.31061647642261997,3,2,3,2,0,0.00449038658271661,17.0,0.02859998494386673,0
3260,20,0,6.202943482939431,0.12405886965878862,0.31014717414697157,6,5,6,5,0,0.009386045512968622,17.0,0.05520001286640763,0
3261,20,4,6.196813539634951,0.12393627079269902,0.30984067698174755,3,1,2,1,26,0.00612994330442973,34.0,0.22769998759031296,64
3262,20,1,6.19372901962741,0.1238745803925482,0.3096864509813705,3,1,2,2,22,0.003084520007512026,414.0,0.2533000078983605,19
3263,20,1,6.190018826377242,0.12380037652754484,0.30950094131886213,4,1,3,3,22,0.0037101932501357737,414.0,0.24200003826990724,19
3264,20,1,6.184942581986762,0.12369885163973525,0.3092471290993382,4,1,3,3,22,0.005076244390451734,414.0,0.22909999825060368,19
3265,20,1,6.179157517290547,0.12358315034581095,0.3089578758645274,4,0,3,0,22,0.005785064696183895,0.0,0.22909999825060368,19
3266,20,2,6.173459949616706,0.12346919899233413,0.3086729974808354,5,2,3,3,24,0.0056975676738062475,214.0,0.22569997236132622,36
3267,20,1,6.165800915700759,0.12331601831401517,0.3082900457850379,5,1,4,4,22,0.007659033915928148,414.0,0.2327000256627798,19
3268,20,2,6.158450855246323,0.12316901710492646,0.3079225427623161,6,2,4,4,24,0.007350060454399454,214.0,0.2345999819226563,36
3269,20,1,6.15409922210754,0.1230819844421508,0.307704961105377,3,1,2,2,22,0.004351633138753641,414.0,0.222100003156811,19
3270,20,1,6.145919599150993,0.12291839198301986,0.30729597995754954,3,1,2,1,22,0.008179622956511423,414.0,0.23340003099292517,19
3271,20,0,6.139715361028983,0.12279430722057967,0.3069857680514491,4,3,4,3,0,0.006204238122002437,17.0,0.037699996028095484,0
3272,20,0,6.134537257401161,0.12269074514802321,0.306726862870058,3,2,3,2,0,0.005178103627827113,17.0,0.062400009483098984,0
3273,20,0,6.133511122906975,0.1226702224581395,0.30667555614534875,1,1,1,1,0,0.001026134494182429,17.0,0.040499959141016006,0
3274,20,1,6.129468418592432,0.12258936837184864,0.30647342092962154,2,1,1,1,22,0.004042704314514367,414.0,0.21949998335912824,19
3275,20,1,6.1264467756063645,0.12252893551212729,0.3063223387803183,2,1,1,1,22,0.003021642986041684,414.0,0.22909999825060368,19
3276,20,0,6.121910741441592,0.12243821482883184,0.30609553707207965,3,3,3,3,0,0.004536034164772218,17.0,0.05040003452450037,0
3277,20,0,6.120141588857309,0.12240283177714618,0.3060070794428654,2,2,2,2,0,0.0017691525842877809,17.0,0.03609998384490609,0
3278,20,2,6.116215653268748,0.12232431306537496,0.3058107826634374,4,2,3,3,24,0.003925935588526386,214.0,0.20559999393299222,36
3279,20,1,6.111936595074452,0.12223873190148904,0.3055968297537226,5,1,4,4,22,0.004279058194263996,414.0,0.22869999520480633,19
3280,20,1,6.107278393711427,0.12214556787422853,0.30536391968557136,3,1,2,2,22,0.0046582013629929975,414.0,0.2543999580666423,19
3281,20,2,6.099252164048033,0.12198504328096066,0.3049626082024016,4,2,3,3,24,0.008026229663357753,214.0,0.25340000865980983,36
3282,20,0,6.095416858744171,0.12190833717488342,0.3047708429372086,3,3,3,3,0,0.003835305303866221,17.0,0.05269999383017421,0
3283,20,0,6.088602078093777,0.12177204156187553,0.3044301039046888,4,4,4,4,0,0.006814780650401531,17.0,0.0515999854542315,0
3284,20,1,6.080197714515292,0.12160395429030585,0.3040098857257646,4,1,3,1,22,0.008404363578449647,414.0,0.25539996568113565,19
3285,20,2,6.073797009385222,0.12147594018770444,0.3036898504692611,7,2,5,5,24,0.0064007051300407625,214.0,0.26220001745969057,36
3286,20,1,6.067001782500249,0.12134003565000498,0.3033500891250124,7,1,6,6,22,0.006795226884939609,414.0,0.25370001094415784,19
3287,20,0,6.063165963914823,0.12126331927829646,0.30315829819574114,3,3,3,3,0,0.0038358185854292515,17.0,0.046900007873773575,0
3288,20,3,6.057865989840164,0.12115731979680328,0.30289329949200816,4,2,4,4,26,0.005299974074624458,144.0,0.21379999816417694,51
3289,20,0,6.0573731178085,0.12114746235617,0.302868655890425,1,1,1,1,0,0.0004928720316641488,17.0,0.04339998122304678,0
3290,20,2,6.051658051575691,0.12103316103151382,0.30258290257878456,5,2,3,3,24,0.005715066232774291,214.0,0.2169999643228948,36
3291,20,0,6.048862251215658,0.12097724502431316,0.3024431125607829,3,3,3,3,0,0.0027958003600332404,17.0,0.04269997589290142,0
3292,20,1,6.03468451972176,0.1206936903944352,0.301734225986088,8,1,7,5,22,0.014177731493866474,414.0,0.22380001610144973,19
3293,20,1,6.028877759296947,0.12057755518593893,0.30144388796484733,4,0,3,0,22,0.005806760424789559,0.0,0.2568000345490873,19
3294,20,0,6.022812804712695,0.1204562560942539,0.3011406402356347,4,4,4,4,0,0.006064954584246607,17.0,0.039300008211284876,0
3295,20,2,6.016103779968184,0.12032207559936367,0.3008051889984092,5,1,3,1,24,0.006709024744480985,134.0,0.27459999546408653,36
3296,20,1,6.012221342300352,0.12024442684600704,0.3006110671150176,4,1,3,3,22,0.00388243766780505,414.0,0.23700000019744039,19
3297,20,2,6.0095770705135285,0.12019154141027057,0.3004788535256764,2,1,2,2,24,0.0026442717867851684,314.0,0.22030004765838385,36
3298,20,1,6.005980685368213,0.12011961370736426,0.30029903426841065,3,1,2,2,22,0.0035963851452862627,414.0,0.22990000434219837,19
3299,20,0,6.005980685368213,0.12011961370736426,0.30029903426841065,0,0,0,0,0,0.0,0.0,0.03060000017285347,0
3300,20,1,6.00184347816759,0.1200368695633518,0.30009217390837956,4,1,3,3,22,0.004137207200599846,414.0,0.24009996559470892,19
3301,20,0,5.994121206628213,0.11988242413256427,0.2997060603314107,5,4,5,4,0,0.007722271539371661,17.0,0.053499999921768904,0
3302,20,1,5.990483788869625,0.1198096757773925,0.2995241894434812,2,1,1,1,22,0.003637417758561412,414.0,0.23599999258294702,19
3303,20,1,5.986807383792447,0.11973614767584895,0.2993403691896223,3,1,2,2,22,0.0036764050771438406,414.0,0.24829996982589364,19
3304,20,1,5.981907799965315,0.1196381559993063,0.29909538999826585,4,1,3,3,22,0.004899583827096876,414.0,0.2598999999463558,19
3305,20,0,5.98113146938632,0.11962262938772639,0.299056573469316,1,1,1,1,0,0.000776330579000728,17.0,0.050499977078288794,0
3306,20,2,5.974273576393513,0.11948547152787026,0.29871367881967564,6,2,5,5,24,0.006857892992769621,214.0,0.22530002752318978,36
3307,20,0,5.970104007035474,0.11940208014070947,0.2985052003517737,2,1,2,1,0,0.004169569358040803,17.0,0.057100027333945036,0
3308,20,1,5.966029049064702,0.11932058098129404,0.2983014524532351,4,1,3,3,22,0.004074957970736648,414.0,0.24259998463094234,19
3309,20,1,5.961781508124886,0.11923563016249773,0.29808907540624435,5,1,4,4,22,0.0042475409397866315,414.0,0.24349999148398638,19
3310,20,2,5.954827309213433,0.11909654618426867,0.29774136546067165,5,2,3,3,24,0.006954198911422793,214.0,0.23770000552758574,36
3311,20,1,5.9494413435180755,0.11898882687036151,0.29747206717590385,2,1,1,1,22,0.005385965695325012,414.0,0.27270003920421004,19
3312,20,0,5.947921994848982,0.11895843989697964,0.29739609974244907,2,2,2,2,0,0.001519348669091869,17.0,0.030399998649954796,0
3313,20,2,5.942667952096116,0.11885335904192232,0.2971333976048058,4,2,2,2,24,0.0052540427528384726,214.0,0.1306000049225986,36
3314,20,0,5.941148603427022,0.11882297206854045,0.2970574301713511,2,2,2,2,0,0.001519348669091869,17.0,0.04409998655319214,0
3315,20,2,5.938870389133998,0.11877740778267995,0.2969435194566999,2,1,1,1,24,0.0022782142929926863,174.0,0.20680000307038426,36
3316,20,3,5.936788694202734,0.1187357738840547,0.29683943471013674,1,1,1,1,26,0.0020816949312276734,194.0,0.1925000105984509,51
3317,20,1,5.934208330694016,0.11868416661388032,0.2967104165347008,2,1,1,1,22,0.0025803635086845134,414.0,0.22460002219304442,19
3318,20,0,5.932439178109732,0.11864878356219463,0.2966219589054867,2,2,2,2,0,0.0017691525842877809,17.0,0.03609998384490609,0
3319,20,1,5.927150859513309,0.11854301719026618,0.2963575429756654,3,0,2,0,22,0.005288318596392116,0.0,0.21170004038140178,19
3320,20,2,5.923104937794659,0.11846209875589318,0.296155246889733,5,2,3,3,24,0.004045921718613954,214.0,0.2188000362366438,36
3321,20,3,5.918979378375221,0.11837958756750443,0.29594896891876105,3,2,2,2,26,0.0041255594194069545,164.0,0.21210004342719913,51
3322,20,0,5.915358438470029,0.11830716876940058,0.2957679219235015,3,3,3,3,0,0.003620939905189857,17.0,0.04770001396536827,0
3323,20,1,5.908783422799729,0.11817566845599459,0.29543917113998647,4,1,3,3,22,0.006575015670264861,414.0,0.2136999974027276,19
3324,20,1,5.903690232508669,0.11807380465017339,0.2951845116254334,5,1,4,4,22,0.005093190291034944,414.0,0.21729996660724282,19
3325,20,2,5.899677338952365,0.1179935467790473,0.2949838669476183,4,2,2,2,24,0.00401289355627199,214.0,0.21670002024620771,36
3326,20,0,5.896056399047173,0.11792112798094345,0.29480281995235863,3,3,3,3,0,0.003620939905189857,17.0,0.053800002206116915,0
3327,20,0,5.89243545914198,0.1178487091828396,0.294621772957099,3,3,3,3,0,0.0036209399051969626,17.0,0.05059997783973813,0
3328,20,1,5.887920152416289,0.11775840304832577,0.29439600762081447,5,1,4,4,22,0.004515306725657808,414.0,0.22899999748915434,19
3329,20,0,5.886894017922103,0.11773788035844206,0.2943447008961052,1,1,1,1,0,0.0010261344941895345,17.0,0.0439999857917428,0
3330,20,2,5.882059209834668,0.11764118419669335,0.2941029604917334,4,2,2,2,24,0.004834808087402109,214.0,0.2541000139899552,36
3331,20,2,5.877971685784527,0.11755943371569053,0.29389858428922633,2,1,1,1,24,0.004087524050106595,174.0,0.222100003156811,36
3332,20,0,5.87630130585068,0.1175260261170136,0.293815065292534,2,2,2,2,0,0.0016703799338486647,17.0,0.03950000973418355,0
3333,20,0,5.87433521987478,0.1174867043974956,0.29371676099373895,2,2,2,2,0,0.0019660859759014215,17.0,0.036400044336915016,0
3334,20,2,5.869203828776932,0.11738407657553865,0.2934601914388466,4,2,2,2,24,0.0051313910978123545,214.0,0.24050002684816718,36
3335,20,1,5.865426310463625,0.1173085262092725,0.2932713155231813,2,1,1,1,22,0.0037775183132851,414.0,0.22139999782666564,19
3336,20,0,5.862775588617204,0.11725551177234408,0.2931387794308602,2,2,2,2,0,0.0026507218464217885,17.0,0.035699980799108744,0
3337,20,0,5.860124866770784,0.11720249733541568,0.29300624333853914,2,2,2,2,0,0.0026507218464217885,17.0,0.03409996861591935,0
3338,20,1,5.85422552658515,0.117084510531703,0.29271127632925753,4,0,3,0,22,0.005899340185592905,0.0,0.2095999661833048,19
3339,20,2,5.848206170407556,0.11696412340815111,0.2924103085203778,5,2,4,4,24,0.0060193561775676585,214.0,0.21239998750388622,36
3340,20,0,5.847028662505371,0.11694057325010743,0.29235143312526857,1,1,1,1,0,0.0011775079021845158,17.0,0.04899996565654874,0
3341,20,1,5.843745972525221,0.11687491945050443,0.2921872986262611,2,1,2,2,22,0.0032826899801179366,414.0,0.20750000840052962,19
3342,20,1,5.840311571056905,0.1168062314211381,0.29201557855284527,4,1,3,3,22,0.0034344014682901047,414.0,0.24339999072253704,19
3343,20,0,5.837874075849284,0.11675748151698569,0.29189370379246427,2,2,2,2,0,0.0024374952076229306,17.0,0.05360000068321824,0
3344,20,0,5.833257427041195,0.1166651485408239,0.29166287135205976,2,1,2,1,0,0.0046166488080885415,17.0,0.05659996531903744,0
3345,20,3,5.828345409669902,0.11656690819339804,0.2914172704834951,2,0,1,0,26,0.004912017371253796,0.0,0.24689995916560292,51
3346,20,1,5.825270883110932,0.11650541766221863,0.29126354415554656,3,1,2,2,22,0.0030745265589402493,414.0,0.23930001771077514,19
3347,20,1,5.821104901415023,0.11642209802830045,0.29105524507075115,3,1,2,2,22,0.004165981695884113,414.0,0.2449000021442771,19
3348,20,1,5.816177440663039,0.11632354881326078,0.290808872033152,4,1,3,3,22,0.0049274607519507185,414.0,0.264100031927228,19
3349,20,0,5.813034005799185,0.1162606801159837,0.2906517002899593,1,0,1,0,0,0.003143434863851269,0.0,0.04700000863522291,0
3350,20,2,5.809695310545424,0.11619390621090847,0.29048476552727115,4,1,3,3,24,0.0033386952537313164,194.0,0.22039999021217227,36
3351,20,1,5.804706606802828,0.11609413213605656,0.29023533034014143,4,1,3,3,22,0.004988703742561995,414.0,0.2403000253252685,19
3352,20,1,5.799242998089152,0.11598485996178304,0.2899621499044576,4,1,3,3,22,0.005463608713647261,414.0,0.2644999767653644,19
3353,20,2,5.796100266385362,0.11592200532770723,0.2898050133192681,3,1,2,2,24,0.0031427317037540092,234.0,0.1941000227816403,36
3354,20,1,5.793612920811226,0.11587225841622452,0.28968064604056126,2,1,1,1,22,0.002487345574103017,414.0,0.19180000526830554,19
3355,20,1,5.786400786633063,0.11572801573266127,0.2893200393316532,5,1,4,4,22,0.007212134178132601,414.0,0.21410000044852495,19
3356,20,0,5.784927572688827,0.11569855145377654,0.28924637863444136,1,1,1,1,0,0.0014732139442372727,17.0,0.04010001430287957,0
3357,20,0,5.783963291425443,0.11567926582850886,0.2891981645712721,1,1,1,1,0,0.0009642812633856579,17.0,0.033800024539232254,0
3358,20,3,5.782576534103653,0.11565153068207305,0.28912882670518264,0,0,0,0,26,0.001386757321753862,0.0,0.20049995509907603,51
3359,20,1,5.78141346523873,0.1156282693047746,0.2890706732619365,0,0,0,0,22,0.001163068864890704,0.0,0.2381000085733831,19
3360,20,0,5.779940251294493,0.11559880502588986,0.28899701256472465,1,1,1,1,0,0.0014732139442372727,17.0,0.055100012104958296,0
3361,20,2,5.775543953179763,0.11551087906359526,0.28877719765898824,1,0,1,0,24,0.004396298114698993,0.0,0.2319000195711851,36
3362,20,1,5.771561698557465,0.11543123397114931,0.2885780849278733,3,1,2,2,22,0.003982254622265202,414.0,0.22730004275217652,19
3363,20,2,5.76829912948865,0.115365982589773,0.2884149564744325,3,1,3,3,24,0.0032625690687879683,314.0,0.2142000012099743,36
3364,20,0,5.765155694624796,0.11530311389249592,0.2882577847312398,1,0,1,0,0,0.003143434863851269,0.0,0.04910002462565899,0
3365,19,0,5.7603689573456585,0.11520737914691317,0.30317731354450833,2,1,2,1,0,0.004786737279133035,17.0,0.054699950851500034,0
3366,19,2,5.759138220108651,0.11518276440217302,0.30311253790045534,0,0,0,0,23,0.0012307372369733116,0.0,0.21729996660724282,34
3367,19,1,5.756612360453424,0.11513224720906848,0.30297959791860124,2,1,1,1,21,0.0025258596552006907,394.0,0.2248000237159431,18
3368,19,0,5.752141137533076,0.11504282275066152,0.3027442703964778,2,2,2,2,0,0.004471222920351181,17.0,0.046600005589425564,0
3369,19,1,5.747515820973172,0.11495031641946345,0.3025008326827986,2,0,1,0,21,0.004625316559874193,0.0,0.2381000085733831,18
3370,19,1,5.745340563702454,0.11490681127404909,0.3023863454580239,2,1,1,1,21,0.0021752572706930096,394.0,0.2814999897964299,18
3371,19,0,5.745340563702454,0.11490681127404909,0.3023863454580239,0,0,0,0,0,0.0,0.0,0.049399968702346087,0
3372,19,1,5.7388371997401855,0.11477674399480371,0.3020440631442202,3,1,2,1,21,0.006503363962245601,394.0,0.23260002490133047,18
3373,19,1,5.736417228128117,0.11472834456256234,0.3019166962172694,1,1,1,1,21,0.002419971612034999,394.0,0.21929998183622956,18
3374,19,1,5.732594291095118,0.11465188582190237,0.30171548900500617,3,1,2,2,21,0.003822937032978757,394.0,0.21600001491606236,18
3375,19,0,5.732594291095118,0.11465188582190237,0.30171548900500617,0,0,0,0,0,0.0,0.0,0.03779999678954482,0
3376,19,2,5.729700388181341,0.11459400776362681,0.30156317832533375,2,1,1,1,23,0.002893902913740476,274.0,0.2199000446125865,34
3377,19,1,5.725918281322748,0.11451836562645497,0.3013641200696183,2,1,1,1,21,0.003782106858565726,394.0,0.2099000266753137,18
3378,19,2,5.722141749901747,0.11444283499803493,0.3011653552579867,2,1,1,1,21,0.0037765314209750045,374.0,0.20410004071891308,34
3379,19,2,5.718956143946337,0.11437912287892674,0.3009976917866493,3,1,2,2,23,0.0031856059553732052,274.0,0.21520000882446766,34
3380,19,2,5.712645554337573,0.11425291108675147,0.30066555549145124,4,2,2,2,23,0.00631058960872366,204.0,0.22380001610144973,34
3381,19,0,5.707869497294798,0.11415738994589596,0.3004141840681473,3,3,3,3,0,0.004776057042775506,17.0,0.06319995736703277,0
3382,19,2,5.704865485916319,0.11409730971832638,0.30025607820612205,1,1,1,1,23,0.003004011378450855,194.0,0.20110001787543297,34
3383,19,0,5.701244032729562,0.11402488065459124,0.30006547540681905,3,3,3,3,0,0.0036214531867528876,17.0,0.04080001963302493,0
3384,19,0,5.70025069744271,0.1140050139488542,0.3000131946022479,1,1,1,1,0,0.0009933352868500833,17.0,0.04150002496317029,0
3385,19,3,5.6944243261779395,0.11388848652355879,0.2997065434830494,7,3,5,5,25,0.005826371264738839,140.66666666666666,0.16120000509545207,48
3386,19,0,5.691232471465082,0.11382464942930165,0.2995385511297412,3,3,3,3,0,0.003191854712859765,17.0,0.046600005589425564,0
3387,19,2,5.685384494346964,0.11370768988693929,0.2992307628603666,5,2,3,3,23,0.005847977118079939,204.0,0.20709994714707136,34
3388,19,2,5.681943929071362,0.11363887858142724,0.29904968047744007,3,1,2,2,23,0.0034405652755822302,334.0,0.2066000015474856,34
3389,19,0,5.678800491076581,0.11357600982153163,0.2988842363724516,2,2,2,2,0,0.0031434379947796742,17.0,0.04099996294826269,0
3390,19,2,5.676120287561371,0.11352240575122742,0.29874317302954584,2,1,1,1,23,0.0026802035151760606,154.0,0.2012000186368823,34
3391,19,1,5.6722640024362025,0.11344528004872405,0.29854021065453695,5,1,4,4,21,0.00385628512513847,394.0,0.202300027012825,18
3392,19,1,5.6639351118720995,0.11327870223744199,0.29810184799326844,6,1,5,5,21,0.008328890564072822,394.0,0.19730004714801908,18
3393,19,0,5.658754723120131,0.11317509446240262,0.2978291959536911,4,4,4,4,0,0.005180388751973908,17.0,0.03400002606213093,0
3394,19,1,5.6549605347863,0.113099210695726,0.2976295018308579,5,1,4,4,21,0.0037941883337992977,394.0,0.1970999874174595,18
3395,19,0,5.650765581594438,0.11301531163188877,0.2974087148207599,3,3,3,3,0,0.004194953191870354,17.0,0.03309996100142598,0
3396,19,0,5.646272909887573,0.11292545819775146,0.29717225841513545,4,4,4,4,0,0.004492671706863405,17.0,0.03170000854879618,0
3397,19,2,5.64219019466627,0.1128438038933254,0.29695737866664584,4,1,3,3,23,0.004082715221265687,294.0,0.19590003648772836,34
3398,19,0,5.637740001768439,0.11275480003536878,0.2967231579878126,4,4,4,4,0,0.0044501928978348815,17.0,0.03609998384490609,0
3399,19,1,5.6337467951505005,0.11267493590301,0.2965129892184473,3,1,3,3,21,0.003993206617906253,394.0,0.2340999781154096,18
3400,19,2,5.628606480303601,0.11257212960607202,0.2962424463317685,7,2,5,5,23,0.005140314846869387,204.0,0.23300002794712782,34
3401,19,1,5.624913654131744,0.11249827308263488,0.2960480870595654,2,1,1,1,21,0.003692826171828756,394.0,0.2294000005349517,18
3402,19,1,5.622637702353852,0.11245275404707704,0.29592830012388693,2,1,1,1,21,0.002275951777860996,394.0,0.2460000105202198,18
3403,19,1,5.617987778442984,0.11235975556885969,0.2956835672864728,3,1,2,2,21,0.004649923910839959,394.0,0.2542000147514045,18
3404,19,1,5.615315210896104,0.11230630421792208,0.295542905836637,3,1,2,2,21,0.0026725675468526333,394.0,0.2565000322647393,18
3405,19,0,5.614023560222233,0.11228047120444465,0.2954749242222227,1,1,1,1,0,0.0012916506738704925,17.0,0.049600028432905674,0
3406,19,4,5.607695714878786,0.11215391429757572,0.29514187973046246,5,3,3,3,27,0.0063278453434065796,120.66666666666667,0.1996000064536929,60
3407,19,0,5.605840327391963,0.11211680654783926,0.29504422775747174,2,2,2,2,0,0.0018553874868274534,17.0,0.042899977415800095,0
3408,19,0,5.603678724791376,0.11207357449582751,0.2949304591995461,2,2,2,2,0,0.002161602600587287,17.0,0.0418000272475183,0
3409,19,2,5.602456997152318,0.11204913994304637,0.2948661577448589,0,0,0,0,23,0.0012217276390273923,0.0,0.21309999283403158,34
3410,19,0,5.6010233084126515,0.11202046616825304,0.2947907004427711,2,2,2,2,0,0.0014336887396666498,17.0,0.04249997437000275,0
3411,19,0,5.59789742454868,0.11195794849097361,0.2946261802394043,3,3,3,3,0,0.0031258838639729447,17.0,0.039000005926936865,0
3412,19,0,5.59789742454868,0.11195794849097361,0.2946261802394043,0,0,0,0,0,0.0,0.0,0.05589995998889208,0
3413,19,1,5.594914037692776,0.11189828075385552,0.2944691598785672,2,1,2,2,21,0.0029833868558739596,394.0,0.13400003081187606,18
3414,19,2,5.592655507759957,0.11185311015519915,0.29435028988210304,2,1,2,2,23,0.0022585299327886332,114.0,0.12250000145286322,34
3415,19,1,5.589976125511321,0.11179952251022643,0.2942092697637538,2,1,2,2,21,0.002679382248601314,394.0,0.22770004579797387,18
3416,19,0,5.589976125511321,0.11179952251022643,0.2942092697637538,0,0,0,0,0,0.0,0.0,0.03579998156055808,0
3417,19,1,5.585710415307202,0.11171420830614404,0.29398475870037905,2,1,1,1,21,0.00426571020409483,394.0,0.2449000021442771,18
3418,19,1,5.581088458853518,0.11162176917707037,0.2937414978343958,3,1,2,2,21,0.0046219564536542634,394.0,0.21550001110881567,18
3419,19,1,5.580029889638938,0.11160059779277877,0.29368578366520726,0,0,0,0,21,0.001058569214556826,0.0,0.2039000391960144,18
3420,19,1,5.57237025721586,0.11144740514431721,0.29328264511662433,4,1,3,2,21,0.0076596324230564505,394.0,0.23959996178746223,18
3421,19,1,5.569595387066661,0.11139190774133322,0.293136599319298,3,1,2,2,21,0.002774870149167441,394.0,0.2321999636478722,18
3422,18,0,5.567944141092777,0.11135888282185555,0.3093302300607099,2,1,2,1,0,0.0016512459738819985,17.0,0.052099989261478186,0
3423,18,2,5.563009080625807,0.11126018161251613,0.3090560600347671,4,2,2,2,22,0.004935060466941366,194.0,0.2031000331044197,32
3424,18,0,5.559850538401847,0.11119701076803694,0.30888058546676933,3,3,3,3,0,0.0031585422239572836,17.0,0.04850002005696297,0
3425,18,2,5.554059227517758,0.11108118455035516,0.3085588459732087,5,2,3,3,22,0.005791310884063705,194.0,0.23319997126236558,32
3426,18,0,5.55171096799927,0.1110342193599854,0.3084283871110706,3,3,3,3,0,0.0023482595184844968,17.0,0.044599990360438824,0
3427,18,0,5.549295443865409,0.11098590887730818,0.30829419132585606,2,2,2,2,0,0.0024155241338661426,17.0,0.045199994929134846,0
3428,18,0,5.5468799197315475,0.11093759839463095,0.30815999554064155,2,2,2,2,0,0.002415524133859037,17.0,0.06130000110715628,0
3429,18,1,5.543465394712431,0.11086930789424862,0.3079702997062463,3,1,2,2,20,0.0034145250190888987,374.0,0.18480001017451286,17
3430,18,3,5.539360980463517,0.11078721960927033,0.3077422766924176,2,1,1,1,24,0.004104414248885746,254.0,0.16389996744692326,45
3431,18,2,5.538081539225336,0.11076163078450672,0.3076711966236298,0,0,0,0,22,0.0012794412381396114,0.0,0.2030999748967588,32
3432,18,1,5.53560751502697,0.11071215030053941,0.30753375083483164,2,1,1,1,20,0.002474024198342306,374.0,0.21030002972111106,17
3433,18,0,5.528677355651994,0.11057354711303988,0.30714874198066633,5,5,5,5,0,0.00693015937497421,17.0,0.03630004357546568,0
3434,18,1,5.526161901647338,0.11052323803294677,0.30700899453596325,2,1,1,1,20,0.0025154540046301577,374.0,0.2148000057786703,17
3435,18,1,5.521939411103183,0.11043878822206367,0.3067744117279546,3,1,2,2,20,0.0042224905441372584,374.0,0.21089997608214617,17
3436,18,0,5.520084023616359,0.11040168047232718,0.3066713346453533,2,2,2,2,0,0.0018553874868274534,17.0,0.03360002301633358,0
3437,18,1,5.515292966079095,0.11030585932158189,0.3064051647821719,2,1,1,1,20,0.004791057537232746,374.0,0.20480004604905844,17
3438,18,1,5.512944172163076,0.11025888344326151,0.306274676231282,2,1,1,1,20,0.0023487939159849702,374.0,0.21269998978823423,17
3439,18,1,5.5098813449719035,0.11019762689943807,0.3061045191651057,2,1,1,1,20,0.0030628271911510296,374.0,0.22869999520480633,17
3440,18,0,5.508029557650994,0.11016059115301989,0.30600164209172187,1,1,1,1,0,0.0018517873209091817,17.0,0.05690002581104636,0
3441,18,1,5.506906391432693,0.11013812782865387,0.305939243968483,0,0,0,0,20,0.0011231662182780155,0.0,0.17850002041086555,17
3442,18,2,5.501020644758507,0.11002041289517013,0.30561225804213926,4,2,2,2,22,0.00588574667415287,194.0,0.16769999638199806,32
3443,18,3,5.497033727225596,0.10994067454451192,0.30539076262364423,2,1,2,2,24,0.003986917532870393,254.0,0.16759999562054873,45
3444,18,0,5.495181939904686,0.10990363879809373,0.3052878855502604,1,1,1,1,0,0.0018517873209091817,17.0,0.05089998012408614,0
3445,18,1,5.4898554691545645,0.10979710938309128,0.30499197050858695,3,1,2,2,20,0.005326470750098622,374.0,0.22800004808232188,17
3446,18,1,5.4853584837748155,0.1097071696754963,0.3047421379874898,3,1,2,2,20,0.004496985379716989,374.0,0.21510000806301832,17
3447,18,2,5.482526174383719,0.10965052348767439,0.3045847874657622,2,1,1,1,22,0.002832309391067156,234.0,0.20839995704591274,32
3448,18,1,5.477954509879874,0.10955909019759748,0.3043308061044374,2,1,1,1,20,0.004571664503814077,374.0,0.19950000569224358,17
3449,18,2,5.476764120269772,0.10953528240539544,0.3042646733483207,0,0,0,0,22,0.001190389610073339,0.0,0.19380002049729228,32
3450,18,1,5.473126662456757,0.10946253324913513,0.30406259235870875,2,1,1,1,20,0.0036374578129994006,374.0,0.20670000230893493,17
3451,18,0,5.4712748751358475,0.10942549750271695,0.3039597152853249,1,1,1,1,0,0.0018517873209020763,17.0,0.03679998917505145,0
3452,18,0,5.466476924957304,0.10932953849914608,0.303693162497628,2,2,2,2,0,0.004797950178549115,17.0,0.03590004052966833,0
3453,18,2,5.465376123679656,0.10930752247359311,0.303632006871092,0,0,0,0,22,0.0011008012776159148,0.0,0.21399999968707561,32
3454,18,0,5.465376123679656,0.10930752247359311,0.303632006871092,0,0,0,0,0,0.0,0.0,0.03170000854879618,0
3455,18,1,5.4623339500821695,0.1092466790016434,0.30346299722678716,2,1,1,1,20,0.003042173597457065,374.0,0.1960000372491777,17
3456,18,0,5.457535999903625,0.10915071999807249,0.3031964444390902,2,2,2,2,0,0.00479795017854201,17.0,0.031100003980100155,0
3457,18,0,5.452738049725079,0.10905476099450158,0.3029298916513933,2,2,2,2,0,0.004797950178549115,17.0,0.029399991035461426,0
3458,18,1,5.4505814026941515,0.10901162805388304,0.30281007792745285,2,1,1,1,20,0.002156647030908232,374.0,0.20940002286806703,17
3459,18,0,5.441610944440638,0.10883221888881277,0.30231171913559096,4,4,4,4,0,0.008970458253514835,17.0,0.031000003218650818,0
3460,18,2,5.436649147176631,0.10873298294353262,0.30203606373203506,4,1,3,3,22,0.004961797263973722,174.0,0.20000000949949026,32
3461,18,1,5.4339816624565485,0.10867963324913096,0.3018878701364749,3,1,2,2,20,0.0026674847200496288,374.0,0.19759999122470617,17
3462,18,4,5.428377621925898,0.10856755243851796,0.3015765345514388,5,2,4,4,26,0.005604040530613474,124.0,0.20569999469444156,56
3463,18,1,5.422865886025426,0.10845731772050853,0.30127032700141254,4,1,3,3,20,0.0055117359004484,374.0,0.20099995890632272,17
3464,18,0,5.418705302310021,0.10837410604620042,0.30103918346166775,2,2,2,2,0,0.004160583715403732,17.0,0.04210002953186631,0
3465,18,1,5.414755588626862,0.10829511177253724,0.3008197549237146,4,1,3,3,20,0.003949713683134348,374.0,0.19109999993816018,17
3466,18,0,5.410674152025561,0.10821348304051122,0.3005930084458645,2,2,2,2,0,0.004081436601296673,17.0,0.03890000516548753,0
3467,18,0,5.40727000364631,0.10814540007292621,0.3004038890914617,2,2,2,2,0,0.003404148379253513,17.0,0.058699981309473515,0
3468,18,0,5.406092495744127,0.10812184991488254,0.3003384719857849,1,1,1,1,0,0.0011775079021845158,17.0,0.037699996028095484,0
3469,18,1,5.402907045095768,0.10805814090191536,0.30016150250532037,2,1,1,1,20,0.0031854506483313116,374.0,0.19679998513311148,17
3470,18,0,5.398014749609391,0.10796029499218783,0.2998897083116329,3,3,3,3,0,0.004892295486378373,17.0,0.037400051951408386,0
3471,18,0,5.398014749609391,0.10796029499218783,0.2998897083116329,0,0,0,0,0,0.0,0.0,0.03570003900676966,0
3472,18,1,5.394744163341835,0.1078948832668367,0.2997080090745464,3,1,2,2,20,0.003270586267532849,374.0,0.18589996034279466,17
3473,18,1,5.391191368958943,0.10782382737917885,0.2995106316088301,2,1,1,1,20,0.003552794382869706,374.0,0.18590001855045557,17
3474,18,2,5.386523432194899,0.10773046864389797,0.2992513017886055,4,1,4,4,22,0.004667936764008118,254.0,0.18769997404888272,32
3475,18,1,5.383289539272291,0.10766579078544583,0.2990716410706828,4,1,3,3,20,0.003233892922587245,374.0,0.19719998817890882,17
3476,18,0,5.377643817253086,0.10755287634506171,0.29875798984739366,3,3,3,3,0,0.005645722019202992,17.0,0.05789997521787882,0
3477,18,0,5.372173516154257,0.10744347032308514,0.29845408423079206,3,3,3,3,0,0.005470301098831953,17.0,0.03679998917505145,0
3478,18,1,5.369110688963084,0.10738221377926167,0.29828392716461577,2,1,2,2,20,0.003062827191143924,374.0,0.2072000061161816,17
3479,18,2,5.365197611529371,0.10730395223058743,0.29806653397385396,2,1,1,1,22,0.003913077433686851,234.0,0.15600002370774746,32
3480,18,0,5.359727310430543,0.10719454620861085,0.2977626283572523,3,3,3,3,0,0.005470301098824848,17.0,0.04090002039447427,0
3481,18,1,5.358457466468161,0.10716914932936321,0.29769208147045334,0,0,0,0,20,0.0012698439623548552,0.0,0.16880000475794077,17
3482,18,0,5.352698302284542,0.10705396604569083,0.2973721279046968,3,3,3,3,0,0.005759164183622545,17.0,0.048099958803504705,0
3483,18,1,5.34961460493873,0.1069922920987746,0.297200811385485,2,1,1,1,20,0.0030836973457795125,374.0,0.20539999241009355,17
3484,18,0,5.3476836705037165,0.10695367341007433,0.29709353725020643,1,1,1,1,0,0.0019309344350162405,17.0,0.05010003224015236,0
3485,18,0,5.344279522124466,0.10688559044248931,0.2969044178958036,2,2,2,2,0,0.003404148379246408,17.0,0.05319999763742089,0
3486,18,1,5.341498469398189,0.10682996938796378,0.29674991496656605,3,1,2,2,20,0.002781052726248845,374.0,0.2125999890267849,17
3487,18,0,5.339567534963175,0.1067913506992635,0.29664264083128755,1,1,1,1,0,0.001930934435009135,17.0,0.04770001396536827,0
3488,18,3,5.3369644426422,0.106739288852844,0.2964980245912333,2,1,1,1,24,0.002603092320946132,174.0,0.19619998056441545,45
3489,18,1,5.334129922863692,0.10668259845727385,0.29634055127020514,3,1,2,2,20,0.0028345197784815923,374.0,0.21080003352835774,17
3490,18,1,5.330293864721648,0.10660587729443297,0.29612743692898047,4,1,3,3,20,0.003836058142020704,374.0,0.2030999748967588,17
3491,18,2,5.326368237959624,0.10652736475919249,0.2959093465533124,2,1,1,1,22,0.0039256267619975915,234.0,0.195500033441931,32
3492,18,0,5.320497805380123,0.10640995610760245,0.29558321141000676,3,3,3,3,0,0.005870432579499152,17.0,0.03960001049563289,0
3493,18,0,5.313379134447518,0.10626758268895037,0.2951877296915288,3,3,3,3,0,0.007118670932605653,17.0,0.037699996028095484,0
3494,17,0,5.31006961824958,0.1062013923649916,0.3123570363676223,2,1,2,1,0,0.003309516197937512,17.0,0.0391000066883862,0
3495,17,2,5.305823683504956,0.10611647367009912,0.31210727550029155,3,1,2,2,21,0.004245934744588453,94.0,0.19489997066557407,30
3496,17,0,5.303892749069942,0.10607785498139885,0.3119936911217613,1,1,1,1,0,0.0019309344350162405,17.0,0.02729997504502535,0
3497,17,0,5.29662795378121,0.10593255907562421,0.31156635022242407,4,4,4,4,0,0.007264795288733694,17.0,0.024300010409206152,0
3498,17,2,5.2923142801861545,0.10584628560372308,0.31131260471683264,3,1,3,3,21,0.004313673595021328,274.0,0.11259998427703977,30
3499,17,3,5.287519372874899,0.10575038745749797,0.3110305513455822,4,2,2,2,23,0.0047949073112221186,144.0,0.19380002049729228,42
3500,17,1,5.283872027292926,0.10567744054585852,0.3108160016054662,2,1,1,1,19,0.0036473455819461265,354.0,0.2245999639853835,16
3501,17,1,5.280273197295028,0.10560546394590055,0.31060430572323694,4,1,3,3,19,0.0035988299978768623,354.0,0.2120000426657498,16
3502,17,0,5.273008402006295,0.1054601680401259,0.31017696482389967,4,4,4,4,0,0.007264795288733694,17.0,0.04919996717944741,0
3503,17,1,5.26877771924515,0.105375554384903,0.30992810113206765,5,1,4,4,19,0.004230682761125593,354.0,0.2142000012099743,16
3504,17,0,5.262539058450603,0.10525078116901206,0.3095611210853295,3,3,3,3,0,0.00623866079454416,17.0,0.054100004490464926,0
3505,17,0,5.251571399937243,0.10503142799874485,0.30891596470219074,6,6,6,6,0,0.010967658513365564,17.0,0.07589999586343765,0
3506,17,3,5.243771741342161,0.10487543482684321,0.30845716125542116,6,3,4,4,23,0.007799658595047276,127.33333333333333,0.18550001550465822,42
3507,17,1,5.23927325659262,0.1047854651318524,0.30819254450544825,6,1,5,5,19,0.004498484749518639,354.0,0.21090003428980708,16
3508,17,0,5.231579448563387,0.10463158897126774,0.30773996756255223,4,4,4,4,0,0.007693808029230809,17.0,0.04710000939667225,0
3509,17,0,5.227330728960316,0.10454661457920633,0.30749004288001863,3,3,3,3,0,0.004248719603069162,17.0,0.04610000178217888,0
3510,17,1,5.221055394029515,0.1044211078805903,0.3071209055311479,5,1,4,4,19,0.006275334930776921,354.0,0.23700000019744039,16
3511,17,0,5.214085639504434,0.10428171279008869,0.30671091997084904,4,4,4,4,0,0.006969754525073313,17.0,0.041700026486068964,0
3512,17,1,5.212970879348793,0.10425941758697586,0.30664534584404674,0,0,0,0,19,0.001114760155616068,0.0,0.2025000285357237,16
3513,17,0,5.205825703903336,0.10411651407806673,0.3062250414060786,4,4,4,4,0,0.0071451754454585625,17.0,0.02929999027401209,0
3514,17,1,5.202158782035086,0.10404317564070173,0.306009340119711,3,1,2,2,19,0.003666921868230588,354.0,0.11690001701936126,16
3515,17,2,5.197225401684686,0.10394450803369372,0.30571914127556976,6,1,5,5,21,0.004933380350365724,274.0,0.10869995458051562,30
3516,17,0,5.189229512665419,0.10378459025330837,0.30524879486267176,5,5,5,5,0,0.007995889019269953,17.0,0.027799978852272034,0
3517,17,0,5.18627244373622,0.1037254488747244,0.30507484963154236,2,2,2,2,0,0.002957068929191564,17.0,0.02269999822601676,0
3518,17,2,5.182409819456335,0.10364819638912669,0.3048476364386079,4,2,2,2,21,0.003862624279861393,184.0,0.10859995381906629,30
3519,17,3,5.177185135183681,0.10354370270367362,0.30454030206962823,5,2,5,5,23,0.005224684272619129,154.0,0.10090001160278916,42
3520,17,4,5.171113550242235,0.1034222710048447,0.30418315001424906,7,3,4,4,25,0.006071584941402364,100.66666666666667,0.2334999735467136,52
3521,17,0,5.165036671298418,0.10330073342596836,0.3038256865469658,4,4,4,4,0,0.0060768789438228055,17.0,0.07179996464401484,0
3522,17,1,5.161345322046369,0.10322690644092739,0.30360854835566875,4,1,3,3,19,0.0036913492520227464,354.0,0.2169999643228948,16
3523,17,1,5.158042839993131,0.10316085679986262,0.30341428470547827,4,1,3,3,19,0.003302482053214817,354.0,0.21499994909390807,16
3524,17,1,5.154813146489838,0.10309626292979676,0.3032243027346964,3,1,2,2,19,0.003229693503264741,354.0,0.2046999870799482,16
3525,17,0,5.153183078366885,0.10306366156733769,0.3031284163745227,2,2,2,2,0,0.0016300681229566294,17.0,0.046200002543628216,0
3526,17,1,5.150212726706861,0.10300425453413721,0.3029536898062859,2,1,1,1,19,0.002970351659996595,354.0,0.19699998665601015,16
3527,17,2,5.148012165004753,0.10296024330009505,0.30282424500027955,2,1,2,2,21,0.002200561702082382,234.0,0.20290003158152103,30
3528,17,1,5.145246536904585,0.1029049307380917,0.30266156099438735,2,1,1,1,19,0.002765628100142692,354.0,0.20489998860284686,16
3529,17,1,5.141683790715264,0.10283367581430529,0.3024519876891332,2,1,1,1,19,0.0035627461892957513,354.0,0.12969999806955457,16
3530,17,0,5.137673064491025,0.1027534612898205,0.30221606261711914,3,3,3,3,0,0.00401072622423726,17.0,0.01939997309818864,0
3531,17,0,5.13046896094029,0.1026093792188058,0.3017922918200171,6,6,6,6,0,0.007204103550733976,17.0,0.018300022929906845,0
3532,17,2,5.123575612354511,0.10247151224709022,0.30138680072673596,6,2,4,4,21,0.006893348585748527,184.0,0.08649996016174555,30
3533,17,1,5.120186081163952,0.10240372162327904,0.30118741653905595,4,1,4,4,19,0.003389531190535422,354.0,0.16650004545226693,16
3534,17,0,5.116224344141735,0.10232448688283471,0.3009543731848079,3,3,3,3,0,0.003961737022223133,17.0,0.01850002445280552,0
3535,17,0,5.113585741748999,0.10227171483497997,0.30079916127935286,3,3,3,3,0,0.0026386023927358337,17.0,0.016000005416572094,0
3536,17,1,5.107984624232955,0.1021596924846591,0.3004696837784091,5,1,4,4,19,0.005601117516015108,354.0,0.10459998156875372,16
3537,17,0,5.104626820839505,0.10209253641679011,0.3002721659317356,2,2,2,2,0,0.0033578033934489326,17.0,0.0192999723367393,0
3538,17,1,5.09919675469625,0.10198393509392499,0.29995275027625,5,1,4,4,19,0.005430066143233603,354.0,0.10820000898092985,16
3539,17,0,5.096878969528193,0.10193757939056386,0.2998164099722466,2,2,2,2,0,0.002317785168045816,17.0,0.017300015315413475,0
3540,17,0,5.0937866823144295,0.10187573364628859,0.2996345107243782,2,2,2,2,0,0.00309228721377508,17.0,0.028600043151527643,0
3541,17,0,5.092760547820244,0.10185521095640487,0.29957414987177905,1,1,1,1,0,0.001026134494182429,17.0,0.027500034775584936,0
3542,17,1,5.090266638800633,0.10180533277601266,0.2994274493412137,2,1,1,1,19,0.002493909019591456,354.0,0.1162000116892159,16
3543,17,1,5.0867598005897925,0.10173519601179586,0.29922116474057603,2,1,1,1,19,0.00350683821081077,354.0,0.1170000177808106,16
3544,17,0,5.083667513376029,0.10167335026752058,0.2990392654927076,2,2,2,2,0,0.0030922872137608692,17.0,0.029499991796910763,0
3545,17,2,5.081602699072667,0.10163205398145334,0.298917805827804,2,1,2,2,21,0.0020648143033383803,154.0,0.11259998427703977,30
3546,17,0,5.077756895828274,0.10155513791656548,0.29869158210754554,4,4,4,4,0,0.003845803244388435,17.0,0.027600035537034273,0
3547,17,2,5.075193382303352,0.10150386764606704,0.29854078719431476,2,1,2,2,21,0.0025635135248904817,74.0,0.11009996524080634,30
3548,17,1,5.066845412930752,0.10133690825861504,0.29804973017239716,3,1,2,1,19,0.0083479693725792,354.0,0.11339999036863446,16
3549,17,0,5.062049686720275,0.10124099373440551,0.2977676286306044,4,4,4,4,0,0.004795726210474527,17.0,0.02540001878514886,0
3550,17,1,5.0581639112886645,0.10116327822577328,0.2975390536052156,2,1,2,2,19,0.003885775431598404,354.0,0.11110003106296062,16
3551,17,0,5.056635893212329,0.10113271786424657,0.29744917018896055,2,2,2,2,0,0.0015280180763426188,17.0,0.025200017262250185,0
3552,17,1,5.052401101959379,0.10104802203918758,0.29720006482114003,2,1,1,1,19,0.004234791252912373,354.0,0.112400040961802,16
3553,17,0,5.048569657012287,0.10097139314024574,0.2969746857066051,3,3,3,3,0,0.0038314449470959744,17.0,0.024100008886307478,0
3554,17,1,5.03882810446192,0.1007765620892384,0.29640165320364237,5,1,4,3,19,0.00974155255035214,354.0,0.1115999766625464,16
3555,17,1,5.036322929764657,0.10072645859529313,0.29625428998615627,2,1,1,1,19,0.0025051746972337696,354.0,0.11129997437819839,16
3556,17,1,5.0333817104247665,0.10066763420849532,0.2960812770838098,2,1,1,1,19,0.002941219339859913,354.0,0.10960001964122057,16
3557,17,3,5.028882979774046,0.10057765959548093,0.29581664586906153,5,3,4,4,23,0.004498730650695393,127.33333333333333,0.10070001007989049,42
3558,17,2,5.021156564392887,0.10042313128785774,0.2953621508466404,6,2,4,4,21,0.007726415381128504,184.0,0.1860000193119049,30
3559,17,0,5.016924574995363,0.10033849149990726,0.2951132102938448,3,3,3,3,0,0.004231989397524671,17.0,0.02719997428357601,0
3560,17,0,5.0141192645424555,0.10028238529084911,0.29494819203190914,2,2,2,2,0,0.0028053104529135453,17.0,0.046200002543628216,0
3561,17,0,5.013555527729503,0.10027111055459006,0.294915031042912,1,1,1,1,0,0.0005637368129498554,17.0,0.04900002386420965,0
3562,17,0,5.007315152224873,0.10014630304449745,0.2945479501308749,4,4,4,4,0,0.0062403755046318565,17.0,0.04610000178217888,0
3563,17,1,5.0020237393205385,0.10004047478641077,0.2942366905482669,5,1,4,4,19,0.005291412904320225,354.0,0.20370003767311573,16
3564,17,1,4.993806938073752,0.09987613876147504,0.29375334929845603,3,1,2,1,19,0.008216801246760497,354.0,0.22540002828463912,16
3565,17,0,4.989796211849514,0.09979592423699028,0.29351742422644195,3,3,3,3,0,0.004010726224244365,17.0,0.0475000124424696,0
3566,17,2,4.984092489224769,0.09968184978449537,0.29318191113086867,6,2,4,4,21,0.005703722624716079,184.0,0.18969998927786946,30
3567,17,1,4.981151269884878,0.09962302539769756,0.2930088982285222,2,1,1,1,19,0.002941219339859913,354.0,0.19350001821294427,16
3568,17,0,4.979131800103842,0.09958263600207683,0.29289010588846126,2,2,2,2,0,0.002019469781039618,17.0,0.04579999949783087,0
3569,17,1,4.9751031784533435,0.09950206356906686,0.2926531281443143,3,1,2,2,19,0.004028621650469688,354.0,0.19300001440569758,16
3570,17,3,4.970665565528545,0.0994133113105709,0.2923920920899144,5,2,4,4,23,0.004437612924768075,144.0,0.1799999736249447,42
3571,17,1,4.967424915033595,0.0993484983006719,0.2922014655902115,4,1,3,3,19,0.003240650494930719,354.0,0.2259000320918858,16
3572,17,0,4.960934222332211,0.09921868444664422,0.2918196601371889,4,4,4,4,0,0.0064906927013836935,17.0,0.036999990697950125,0
3573,17,0,4.956923496107974,0.09913846992215948,0.29158373506517493,3,3,3,3,0,0.00401072622423726,17.0,0.033800024539232254,0
3574,17,2,4.950025027263601,0.09900050054527203,0.2911779427802118,7,2,5,5,21,0.006898468844340755,184.0,0.1601999974809587,30
3575,17,3,4.945119021951124,0.09890238043902247,0.290889354232419,3,2,2,2,23,0.004906005312449224,164.0,0.12179999612271786,42
3576,17,1,4.9441236701365465,0.09888247340273093,0.29083080412567924,0,0,0,0,19,0.0009953518145522366,0.0,0.14649995137006044,16
3577,17,1,4.941477415675958,0.09882954831351917,0.29067514209858586,3,1,2,2,19,0.0026462544605649896,354.0,0.139000010676682,16
3578,17,0,4.9394579458949215,0.09878915891789843,0.29055634975852485,2,2,2,2,0,0.0020194697810325124,17.0,0.058699981309473515,0
3579,17,0,4.9374384761138845,0.0987487695222777,0.29043755741846383,2,2,2,2,0,0.002019469781039618,17.0,0.026100024115294218,0
3580,17,2,4.934968530572134,0.09869937061144268,0.29029226650424317,2,1,2,2,21,0.0024699455417191984,174.0,0.18540001474320889,30
3581,17,0,4.932949060791097,0.09865898121582195,0.2901734741641822,2,2,2,2,0,0.0020194697810325124,17.0,0.04529999569058418,0
3582,17,1,4.930302806330509,0.09860605612661018,0.29001781213708877,3,1,2,2,19,0.002646254460557884,354.0,0.21550001110881567,16
3583,17,0,4.928283336549472,0.09856566673098945,0.28989901979702776,2,2,2,2,0,0.0020194697810467233,17.0,0.04729995271191001,0
3584,17,0,4.928283336549472,0.09856566673098945,0.28989901979702776,0,0,0,0,0,0.0,0.0,0.04650000482797623,0
3585,17,2,4.927158204047955,0.0985431640809591,0.28983283553223266,0,0,0,0,21,0.001125132501485382,0.0,0.21389999892562628,30
3586,17,0,4.925138734266918,0.09850277468533836,0.28971404319217164,2,2,2,2,0,0.0020194697810325124,17.0,0.046200002543628216,0
3587,17,0,4.920889615205489,0.09841779230410978,0.2894640950120876,3,3,3,3,0,0.004249119061427109,17.0,0.04499999340623617,0
3588,17,0,4.917666630638246,0.09835333261276492,0.2892745076846028,2,2,2,2,0,0.00322298456724468,17.0,0.04379998426884413,0
3589,17,0,4.913417511576818,0.09826835023153636,0.2890245595045187,3,3,3,3,0,0.004249119061427109,17.0,0.042300031054764986,0
3590,17,1,4.910313636783007,0.09820627273566014,0.2888419786342946,3,1,2,2,19,0.0031038747937870426,354.0,0.1914000022225082,16
3591,17,2,4.906281556409377,0.09812563112818755,0.2886047974358457,2,1,2,2,21,0.004032080373598035,234.0,0.1849000109359622,30
3592,17,3,4.903524457632388,0.09807048915264777,0.28844261515484637,2,1,2,2,23,0.002757098776953626,54.0,0.1750999945215881,42
3593,17,2,4.899725727606331,0.09799451455212661,0.2882191604474313,2,1,1,1,21,0.003798730026034036,234.0,0.17879996448755264,30
3594,17,1,4.898302220955767,0.09796604441911533,0.28813542476210385,0,0,0,0,19,0.0014235066505392524,0.0,0.18450000789016485,16
3595,17,2,4.895208950867671,0.09790417901735342,0.2879534676980983,2,1,1,1,21,0.0030932700880583752,274.0,0.19429996609687805,30
3596,17,0,4.890959831806243,0.09781919663612486,0.28770351951801426,3,3,3,3,0,0.004249119061427109,17.0,0.03290001768618822,0
3597,17,1,4.888042320106688,0.09776084640213377,0.28753190118274635,2,1,1,1,19,0.002917511699536135,354.0,0.18209998961538076,16
3598,17,0,4.886273167522405,0.0977254633504481,0.2874278333836709,2,2,2,2,0,0.0017691525842806755,17.0,0.026699970476329327,0
3599,17,0,4.881498035078734,0.09762996070157469,0.2871469432399255,4,4,4,4,0,0.004775132443676,17.0,0.02559996210038662,0
3600,17,0,4.8754658797018156,0.0975093175940363,0.28679211057069504,4,4,4,4,0,0.006032155376914261,17.0,0.046600005589425564,0
3601,17,3,4.86862373889777,0.0973724747779554,0.2863896316998688,7,3,4,4,23,0.006842140804018015,127.33333333333333,0.21789997117593884,42
3602,17,0,4.864538116397155,0.09729076232794309,0.28614930096453856,3,3,3,3,0,0.004085622500618058,17.0,0.05110003985464573,0
3603,17,0,4.862768963812872,0.09725537927625744,0.28604523316546304,2,2,2,2,0,0.0017691525842806755,17.0,0.045900000259280205,0
3604,17,3,4.858938645734915,0.09717877291469829,0.285819920337348,5,2,3,3,23,0.0038303180779237778,144.0,0.18779997481033206,42
3605,17,1,4.8560401184721425,0.09712080236944284,0.28564941873365546,2,1,2,2,19,0.0028985272627508607,354.0,0.18830003682523966,16
3606,17,0,4.852237612375616,0.09704475224751231,0.28542574190444797,3,3,3,3,0,0.00380250609652677,17.0,0.04220003029331565,0
3607,17,2,4.846433390841799,0.09692866781683598,0.2850843171083412,6,2,4,4,21,0.005804221533779241,184.0,0.18050003563985229,30
3608,17,0,4.843670902970665,0.0968734180594133,0.2849218178218038,3,3,3,3,0,0.002762487871137864,17.0,0.036699988413602114,0
3609,17,0,4.8419017503863815,0.09683803500772763,0.2848177500227283,2,2,2,2,0,0.0017691525842806755,17.0,0.035299977753311396,0
3610,17,1,4.837696170632627,0.09675392341265254,0.28457036297838983,3,1,2,2,19,0.004205579753737254,354.0,0.1805999781936407,16
3611,17,1,4.833224513727185,0.0966644902745437,0.2843073243368932,5,1,4,4,19,0.0044716569054088495,354.0,0.18769997404888272,16
3612,17,1,4.829778464923841,0.09659556929847682,0.2841046155837553,4,1,3,3,19,0.0034460488033190018,354.0,0.1998000079765916,16
3613,17,1,4.82513574973088,0.09650271499461761,0.2838315146900518,4,1,3,3,19,0.004642715192936464,354.0,0.20859995856881142,16
3614,17,2,4.819955527933903,0.09639911055867806,0.28352679576081785,4,2,3,3,21,0.0051802217969481035,184.0,0.2096000243909657,30
3615,17,0,4.818153062860722,0.09636306125721443,0.2834207684035719,2,2,2,2,0,0.001802465073183157,17.0,0.03409996861591935,0
3616,17,0,4.818153062860722,0.09636306125721443,0.2834207684035719,0,0,0,0,0,0.0,0.0,0.03300001844763756,0
3617,17,0,4.811825866720152,0.09623651733440304,0.28304858039530306,4,4,4,4,0,0.006327196140574642,17.0,0.03160000778734684,0
3618,17,1,4.807339985636479,0.09614679971272957,0.2827847050374399,5,1,4,4,19,0.0044858810836387875,354.0,0.18610002007335424,16
3619,17,1,4.80215983850867,0.09604319677017341,0.28247999050051,4,1,3,2,19,0.005180147127795465,354.0,0.18859998090192676,16
3620,17,2,4.799335860628791,0.09598671721257582,0.2823138741546347,3,1,2,2,21,0.0028239778798493376,214.0,0.20760000916197896,30
3621,17,1,4.7913498452461365,0.09582699690492273,0.2818441085438904,3,1,3,2,19,0.007986015382627443,354.0,0.20379998022690415,16
3622,17,0,4.790356509959285,0.09580713019918569,0.28178567705642854,1,1,1,1,0,0.0009933352868500833,17.0,0.05040003452450037,0
3623,17,2,4.788300737059423,0.09576601474118845,0.28166474923878965,2,1,1,1,21,0.0020557728998369384,154.0,0.20589999621734023,30
3624,17,1,4.784563228989811,0.09569126457979621,0.2814448958229301,2,1,1,1,19,0.0037375080695909446,354.0,0.19890000112354755,16
3625,17,2,4.782303340014044,0.09564606680028089,0.28131196117729673,2,1,1,1,21,0.002259888975729041,214.0,0.24429999757558107,30
3626,17,0,4.782303340014044,0.09564606680028089,0.28131196117729673,0,0,0,0,0,0.0,0.0,0.04040001658722758,0
3627,17,0,4.780469106823945,0.0956093821364789,0.28120406510729085,2,2,2,2,0,0.0018342331901095577,17.0,0.0467000063508749,0
3628,17,1,4.776731444794635,0.09553462889589269,0.2809842026349786,2,1,1,1,19,0.0037376620292803864,354.0,0.20139996195212007,16
3629,17,0,4.775767163531251,0.09551534327062501,0.2809274802077206,1,1,1,1,0,0.0009642812633927633,17.0,0.04050001734867692,0
3630,17,0,4.773776747773681,0.09547553495547362,0.28081039692786364,2,2,2,2,0,0.001990415757568087,17.0,0.044599990360438824,0
3631,17,1,4.770433932720792,0.09540867865441584,0.2806137607482819,3,1,2,2,19,0.00334281505286782,354.0,0.20849995780736208,16
3632,17,0,4.768976779425745,0.09537953558851489,0.2805280458485732,2,2,2,2,0,0.0014571532950498067,17.0,0.04060001811012626,0
3633,17,1,4.766981356244805,0.09533962712489609,0.2804106680144003,1,1,1,1,19,0.001995423180915168,354.0,0.19990000873804092,16
3634,17,2,4.765950539197645,0.0953190107839529,0.2803500317175085,0,0,0,0,21,0.001030817047123378,0.0,0.19880000036209822,30
3635,17,1,4.763220481743565,0.09526440963487129,0.28018944010256264,3,1,2,2,19,0.002730057454058965,354.0,0.20979996770620346,16
3636,17,1,4.762172563395004,0.09524345126790008,0.28012779784676495,0,0,0,0,19,0.0010479183485330168,0.0,0.19019999308511615,16
3637,17,0,4.760880912721133,0.09521761825442265,0.28005181839536075,1,1,1,1,0,0.0012916506738704925,17.0,0.0344999716617167,0
3638,17,1,4.757299912968212,0.09514599825936423,0.2798411713510713,2,1,1,1,19,0.0035809997528915005,354.0,0.18470000941306353,16
3639,17,1,4.750754056426706,0.09501508112853412,0.2794561209662768,3,1,2,1,19,0.006545856541485762,354.0,0.18229999113827944,16
3640,17,0,4.749977725847709,0.09499955451695419,0.27941045446163,1,1,1,1,0,0.0007763305789936226,17.0,0.050099974032491446,0
3641,17,1,4.747905136241856,0.09495810272483712,0.2792885374259916,2,1,1,1,19,0.002072589605830899,354.0,0.2066000015474856,16
3642,17,1,4.744987624542302,0.09489975249084605,0.27911691909072356,2,1,1,1,19,0.002917511699536135,354.0,0.215300009585917,16
3643,17,0,4.74369597386843,0.0948739194773686,0.2790409396393194,1,1,1,1,0,0.001291650673863387,17.0,0.08139997953549027,0
3644,17,1,4.7415291564713495,0.09483058312942699,0.27891347979243225,2,1,1,1,19,0.002166817397053933,354.0,0.22359995637089014,16
3645,17,1,4.739441437356634,0.09478882874713268,0.27879067278568437,2,1,1,1,19,0.002087719114690856,354.0,0.20760000916197896,16
3646,17,0,4.737406768592665,0.0947481353718533,0.27867098638780385,2,2,2,2,0,0.002034668763968739,17.0,0.049400026910007,0
3647,17,0,4.736115117918793,0.09472230235837585,0.2785950069363996,1,1,1,1,0,0.0012916506738704925,17.0,0.04749995423480868,0
3648,17,1,4.734928139760338,0.09469856279520678,0.27852518469178456,0,0,0,0,19,0.001186978158429497,0.0,0.21160003961995244,16
3649,17,0,4.731705554651453,0.09463411109302905,0.2783356208618501,2,2,2,2,0,0.003222585108886733,17.0,0.04469999112188816,0
3650,17,2,4.726260173954188,0.09452520347908376,0.2780153043502464,4,2,3,3,21,0.005445380697231883,184.0,0.20819995552301407,30
3651,17,0,4.721860080943118,0.09443720161886236,0.27775647534959513,3,3,3,3,0,0.004400093011071249,17.0,0.04349998198449612,0
3652,17,1,4.717979403671967,0.09435958807343933,0.277528200215998,3,1,2,2,19,0.003880677271119737,354.0,0.19700004486367106,16
3653,17,1,4.712920284623491,0.09425840569246983,0.27723060497785246,3,1,2,1,19,0.005059119048453908,354.0,0.21870003547519445,16
3654,17,3,4.708917562138481,0.09417835124276962,0.27699515071402836,2,1,1,1,23,0.004002722484976573,194.0,0.1990000018849969,42
3655,17,0,4.706882893374512,0.09413765786749025,0.27687546431614773,2,2,2,2,0,0.002034668763968739,17.0,0.03840000135824084,0
3656,17,1,4.6960190801828645,0.09392038160365729,0.2762364164813449,5,1,4,2,19,0.010863813191626548,354.0,0.22980000358074903,16
3657,17,1,4.691554337726279,0.09383108675452558,0.2759737845721341,4,1,3,3,19,0.004464742456548265,354.0,0.21629995899274945,16
3658,17,2,4.687277616113905,0.09374555232227809,0.2757222127125826,5,2,3,3,21,0.004276721612349377,184.0,0.19130000146105886,30
3659,17,1,4.683545253779236,0.09367090507558473,0.2755026619870139,4,1,3,3,19,0.0037323623346523505,354.0,0.19130000146105886,16
3660,17,0,4.679816107897744,0.09359632215795488,0.27528330046457317,3,3,3,3,0,0.003729145881493423,17.0,0.05100003909319639,0
3661,17,2,4.674226129291567,0.09348452258583134,0.27495447819362157,5,2,3,3,21,0.005589978606145962,184.0,0.22629997693002224,30
3662,17,1,4.665677198668353,0.09331354397336707,0.2744515999216678,4,1,3,2,19,0.008548930623184958,354.0,0.2025999710895121,16
3663,17,1,4.663128409919231,0.09326256819838463,0.27430167117171955,3,1,2,2,19,0.0025487887490953653,354.0,0.21229998674243689,16
3664,17,0,4.660477688072811,0.09320955376145623,0.2741457463572242,2,2,2,2,0,0.0026507218464217885,17.0,0.05040003452450037,0
3665,17,0,4.6568626849630075,0.09313725369926015,0.27393309911547103,3,3,3,3,0,0.0036150031098074464,17.0,0.045599997974932194,0
3666,17,2,4.652567358798094,0.09305134717596188,0.2736804328704761,3,2,2,2,21,0.004295326164893254,184.0,0.2001000102609396,30
3667,17,0,4.64895235568829,0.0929790471137658,0.2734677856287229,3,3,3,3,0,0.0036150031098074464,17.0,0.046200002543628216,0
3668,17,2,4.643016257816747,0.09286032515633494,0.2731186034009851,5,2,3,3,21,0.005936097871504842,184.0,0.19599997904151678,30
3669,17,1,4.639309799690599,0.09278619599381198,0.27290057645238813,5,1,4,4,19,0.0037064581261319063,354.0,0.1925000105984509,16
3670,17,1,4.634308995089421,0.09268617990178843,0.2726064114758483,4,1,3,3,19,0.005000804601145603,354.0,0.21620001643896103,16
3671,17,1,4.629774492837335,0.09259548985674669,0.27233967604925496,2,1,1,0,19,0.0045345022520635325,354.0,0.21279999054968357,16
3672,17,2,4.628662949815543,0.09257325899631086,0.27227429116562013,0,0,0,0,21,0.0011115430217643052,0.0,0.19270001212134957,30
3673,17,2,4.626399211085343,0.09252798422170687,0.27214113006384366,2,1,1,1,21,0.002263738730171383,134.0,0.22230000467970967,30
3674,17,1,4.6239485759964545,0.09247897151992909,0.271996975058615,1,1,1,1,19,0.002450635088862896,354.0,0.19479996990412474,16
3675,17,0,4.622984294733071,0.09245968589466141,0.27194025263135707,1,1,1,1,0,0.0009642812633856579,17.0,0.029399991035461426,0
3676,17,0,4.620993878975501,0.09241987757951002,0.2718231693515001,2,2,2,2,0,0.001990415757568087,17.0,0.030199997127056122,0
3677,17,0,4.620993878975501,0.09241987757951002,0.2718231693515001,0,0,0,0,0,0.0,0.0,0.03090000245720148,0
3678,17,1,4.618691854473125,0.09237383708946251,0.27168775614547797,2,1,1,1,19,0.002302024502348843,354.0,0.18339999951422215,16
3679,17,0,4.618691854473125,0.09237383708946251,0.27168775614547797,0,0,0,0,0,0.0,0.0,0.02889998722821474,0
3680,17,0,4.618691854473125,0.09237383708946251,0.27168775614547797,0,0,0,0,0,0.0,0.0,0.056100019719451666,0
3681,17,1,4.61427669266728,0.0922855338533456,0.27142804074513416,3,1,2,2,19,0.004415161805823686,354.0,0.22010004613548517,16
3682,17,0,4.613250558173094,0.09226501116346189,0.271367679892535,1,1,1,1,0,0.0010261344941895345,17.0,0.050600036047399044,0
3683,17,1,4.60972207119419,0.09219444142388379,0.27116012183495236,3,1,2,2,19,0.003528486978872536,354.0,0.21770002786070108,16
3684,17,1,4.600836456001113,0.09201672912002225,0.2706374385883007,4,1,3,2,19,0.008885615193051422,354.0,0.2145000034943223,16
3685,17,2,4.594910846620287,0.09189821693240574,0.27028887333060514,7,2,5,5,21,0.005925609380796004,184.0,0.19809999503195286,30
3686,17,3,4.590480859432217,0.09180961718864435,0.27002828584895394,4,2,4,4,23,0.0044299871880397745,104.0,0.19839999731630087,42
3687,17,1,4.586624150476971,0.09173248300953941,0.2698014206162924,5,1,4,4,19,0.0038567089552259404,354.0,0.20640000002458692,16
3688,17,1,4.583507243923021,0.09167014487846042,0.26961807317194236,3,1,3,3,19,0.003116906553927379,354.0,0.19459996838122606,16
3689,17,0,4.5825429626596375,0.09165085925319275,0.2695613507446845,1,1,1,1,0,0.0009642812633856579,17.0,0.043300038669258356,0
3690,17,0,4.5825429626596375,0.09165085925319275,0.2695613507446845,0,0,0,0,0,0.0,0.0,0.03759999526664615,0
3691,17,1,4.578615456511129,0.09157230913022257,0.2693303209712429,2,1,1,1,19,0.003927506148478699,354.0,0.19619998056441545,16
3692,17,2,4.5747713092551425,0.09149542618510285,0.26910419466206714,2,1,1,1,21,0.003844147255961161,274.0,0.1984999980777502,30
3693,17,1,4.573362837548405,0.0914672567509681,0.2690213433852003,0,0,0,0,19,0.0014084717067106567,0.0,0.20059995586052537,16
3694,17,0,4.572398556285021,0.09144797112570043,0.26896462095794244,1,1,1,1,0,0.0009642812633856579,17.0,0.03330002073198557,0
3695,17,0,4.5704081405274515,0.09140816281054903,0.2688475376780854,2,2,2,2,0,0.0019904157575751924,17.0,0.03130000550299883,0
3696,17,0,4.566565937448973,0.09133131874897947,0.26862152573229253,3,3,3,3,0,0.0038422030784772687,17.0,0.03270001616328955,0
3697,17,1,4.5634748599563615,0.09126949719912723,0.2684396976444918,3,1,2,2,19,0.0030910774925914097,354.0,0.19920000340789557,16
3698,17,1,4.560549459172627,0.09121098918345254,0.2682676152454486,3,1,2,2,19,0.0029254007837096196,354.0,0.18919998547062278,16
3699,17,1,4.5595713630963495,0.09119142726192699,0.2682100801821382,0,0,0,0,19,0.0009780960762526547,0.0,0.19619998056441545,16
3700,17,2,4.556240465497052,0.09112480930994105,0.26801414502923837,3,1,2,2,21,0.003330897599262528,254.0,0.20849995780736208,30
3701,17,0,4.555214331002867,0.09110428662005735,0.2679537841766392,1,1,1,1,0,0.0010261344941895345,17.0,0.04729995271191001,0
3702,17,0,4.552046407343113,0.09104092814686225,0.2677674357260655,3,3,3,3,0,0.003167923659752603,17.0,0.045000051613897085,0
3703,17,0,4.549168485528019,0.09098336971056037,0.2675981462075305,2,2,2,2,0,0.0028779218150987163,17.0,0.047200010158121586,0
3704,17,0,4.547316698207109,0.09094633396414219,0.2674892175415946,1,1,1,1,0,0.0018517873209091817,17.0,0.06550003308802843,0
3705,17,1,4.5432689953425065,0.09086537990685013,0.2672511173730886,4,1,3,3,19,0.004047702864575342,354.0,0.21460000425577164,16
3706,17,0,4.540572480914474,0.09081144961828948,0.267092498877322,3,3,3,3,0,0.002696514428038199,17.0,0.047099951189011335,0
3707,17,1,4.534335244371809,0.09068670488743617,0.26672560261010636,6,1,5,5,19,0.006237236542645519,354.0,0.2117999829351902,16
3708,17,1,4.530520864240602,0.09061041728481203,0.2665012273082707,3,1,3,3,19,0.003814380131174744,354.0,0.21139997988939285,16
3709,17,2,4.52751385208736,0.09055027704174719,0.2663243442404329,3,1,3,3,21,0.0030070121532119742,214.0,0.3478999715298414,30
3710,17,0,4.5256809126637485,0.09051361825327497,0.2662165242743381,3,3,3,3,0,0.0018329394236147323,17.0,0.03650004509836435,0
3711,17,1,4.519230857680714,0.09038461715361429,0.2658371092753362,5,1,4,4,19,0.006450054983012876,354.0,0.16140000661835074,16
3712,17,1,4.518255056291717,0.09036510112583435,0.2657797091936304,0,0,0,0,19,0.0009758013889680228,0.0,0.16769999638199806,16
3713,17,0,4.5140975754141675,0.09028195150828335,0.26553515149495105,3,3,3,3,0,0.004157480877552189,17.0,0.034299970138818026,0
3714,17,3,4.510217617735187,0.09020435235470375,0.2653069186903052,2,1,1,1,23,0.0038799576789543266,214.0,0.19210000755265355,42
3715,17,1,4.502242639987398,0.09004485279974796,0.2648378023521999,3,1,3,2,19,0.00797497774775735,354.0,0.1900999923236668,16
3716,17,2,4.497872256382024,0.08995744512764048,0.26458072096364854,6,2,4,4,21,0.004370383605348138,184.0,0.382099999114871,30
3717,17,0,4.494778140634971,0.08989556281269943,0.2643987141549983,3,3,3,3,0,0.0030941157470536496,17.0,0.03520003519952297,0
3718,17,1,4.492587952822367,0.08985175905644734,0.2642698795777863,2,1,1,1,19,0.002190187812580291,354.0,0.16990001313388348,16
3719,17,1,4.491542069463447,0.08983084138926895,0.2642083570272616,0,0,0,0,19,0.0010458833588984362,0.0,0.1477000187151134,16
3720,17,0,4.488046776393206,0.08976093552786413,0.2640027515525415,3,3,3,3,0,0.0034952930702374374,17.0,0.04169996827840805,0
3721,17,0,4.485978795140338,0.08971957590280676,0.2638811055964905,2,2,2,2,0,0.0020679812528712205,17.0,0.04579999949783087,0
3722,17,0,4.482835357145557,0.08965670714291114,0.2636961974791504,2,2,2,2,0,0.0031434379947796742,17.0,0.0447999918833375,0
3723,17,1,4.478513611817037,0.08957027223634074,0.26344197716570816,3,1,2,2,19,0.004321745328496718,354.0,0.20900001982226968,16
3724,17,0,4.4757026124740715,0.08951405224948143,0.2632766242631807,3,3,3,3,0,0.0028109993429623614,17.0,0.05660002352669835,0
3725,17,1,4.473981498307697,0.08947962996615394,0.2631753822533939,1,1,1,1,19,0.001721114166350901,354.0,0.20330003462731838,16
3726,17,2,4.470515476716792,0.08941030953433585,0.2629714986303995,4,2,2,2,21,0.003466021590881496,184.0,0.22309995256364346,30
3727,17,0,4.46952214142994,0.0893904428285988,0.2629130671429376,1,1,1,1,0,0.0009933352868500833,17.0,0.0461999443359673,0
3728,17,2,4.4667413197369745,0.0893348263947395,0.2627494893962926,2,1,1,1,21,0.002780821692937252,194.0,0.22829999215900898,30
3729,17,0,4.465715185242789,0.08931430370485578,0.2626891285436935,1,1,1,1,0,0.001026134494182429,17.0,0.042300031054764986,0
3730,17,0,4.465715185242789,0.08931430370485578,0.2626891285436935,0,0,0,0,0,0.0,0.0,0.038700003642588854,0
3731,17,4,4.461997923542061,0.08923995847084122,0.2624704660907094,3,2,2,2,25,0.0037172617006930864,94.0,0.16270001651719213,52
3732,17,1,4.45803722209973,0.0891607444419946,0.26223748365292526,5,1,4,4,19,0.003960701442309755,354.0,0.1810999820008874,16
3733,17,2,4.454162456542141,0.08908324913084283,0.26200955626718475,2,1,2,2,21,0.003874765557554838,234.0,0.2080000122077763,30
3734,17,1,4.449206431123731,0.08898412862247461,0.2617180253602194,6,1,5,5,19,0.004956025418387355,354.0,0.18699996871873736,16
3735,17,1,4.443321446830418,0.08886642893660836,0.26137184981355405,5,1,4,4,19,0.005884984293281548,354.0,0.1824999926611781,16
3736,17,1,4.435643462577415,0.08871286925154831,0.2609202036810245,5,1,4,3,19,0.0076779842529859366,354.0,0.18279999494552612,16
3737,17,0,4.429874994846894,0.08859749989693787,0.2605808820498173,5,5,5,5,0,0.005768467730518978,17.0,0.03170000854879618,0
3738,17,0,4.429098664267897,0.08858197328535794,0.26053521554517045,1,1,1,1,0,0.000776330579000728,17.0,0.029200047720223665,0
3739,17,1,4.426689176465392,0.08853378352930784,0.26039348096855247,2,1,1,1,19,0.002409487802474075,354.0,0.17690000822767615,16
3740,17,2,4.421779860470799,0.08843559720941599,0.26010469767475297,6,2,5,5,21,0.0049093159945670095,184.0,0.19020005129277706,30
3741,17,3,4.415126957070331,0.08830253914140662,0.25971335041590177,5,2,3,3,23,0.0066529034004361165,104.0,0.18180004553869367,42
3742,17,0,4.40983781978351,0.0881967563956702,0.25940222469314766,3,3,3,3,0,0.00528913728682312,17.0,0.047799956519156694,0
3743,17,0,4.4045158832893545,0.0880903176657871,0.25908916960525613,3,3,3,3,0,0.005321936494155466,17.0,0.04449998959898949,0
3744,17,1,4.40159048250562,0.0880318096501124,0.258917087206213,3,1,3,3,19,0.0029254007837096196,354.0,0.20730000687763095,16
3745,17,1,4.3971455379507365,0.08794291075901473,0.25865561987945507,6,1,5,5,19,0.004444944554862218,354.0,0.19449996761977673,16
3746,17,2,4.392195208234617,0.08784390416469234,0.25836442401380105,4,2,3,3,21,0.00495032971608822,184.0,0.18759997328743339,30
3747,17,1,4.387842134154931,0.08775684268309862,0.25810836083264305,5,1,4,4,19,0.0043530740796668965,354.0,0.19570003496482968,16
3748,17,1,4.3868467823403545,0.0877369356468071,0.25804981072590316,0,0,0,0,19,0.0009953518145522366,0.0,0.18969998927786946,16
3749,17,1,4.3800065087698625,0.08760013017539725,0.2576474416923449,5,1,4,4,19,0.0068402735704609086,354.0,0.18719997024163604,16
3750,17,0,4.37750716033144,0.08755014320662881,0.25750042119596706,2,2,2,2,0,0.002499348438426807,17.0,0.03570003900676966,0
3751,17,0,4.373275170933916,0.08746550341867833,0.25725148064317155,3,3,3,3,0,0.004231989397524671,17.0,0.035100034438073635,0
3752,17,1,4.368877059365893,0.08737754118731786,0.2569927681979937,5,1,4,4,19,0.004398111568001184,354.0,0.18689996795728803,16
3753,17,1,4.3642571558137595,0.0872851431162752,0.25672100916551527,4,1,4,4,19,0.004619903552111282,354.0,0.18020003335550427,16
3754,17,0,4.359753507886561,0.08719507015773122,0.25645608869920944,3,3,3,3,0,0.004503647927201371,17.0,0.032800016924738884,0
3755,17,1,4.352610351080612,0.08705220702161225,0.2560359030047419,5,1,4,3,19,0.007143156805916817,354.0,0.22630003513768315,16
3756,17,1,4.349798769453741,0.08699597538907483,0.2558705158502201,3,1,2,2,19,0.002811581626851023,354.0,0.1563999685458839,16
3757,17,0,4.345293292993253,0.08690586585986505,0.2556054878231325,4,4,4,4,0,0.004505476460487046,17.0,0.03200001083314419,0
3758,17,0,4.340787816532765,0.08681575633065529,0.25534045979604497,4,4,4,4,0,0.004505476460494151,17.0,0.024499953724443913,0
3759,17,1,4.33722064817167,0.08674441296343341,0.2551306263630395,4,1,3,3,19,0.0035671683610658533,354.0,0.14479999663308263,16
3760,17,3,4.331641808090657,0.08663283616181314,0.2548024592994504,5,2,3,3,23,0.005578840080978864,144.0,0.1482000225223601,42
3761,17,0,4.330677526827273,0.08661355053654546,0.25474573687219254,1,1,1,1,0,0.0009642812633856579,17.0,0.04730001091957092,0
3762,17,0,4.324706807305826,0.08649413614611651,0.2543945180768133,4,4,4,4,0,0.0059707195214500075,17.0,0.0420999713242054,0
3763,17,0,4.321167440642011,0.08642334881284022,0.2541863200377654,2,2,2,2,0,0.003539366663815713,17.0,0.029499991796910763,0
3764,17,3,4.318125979077768,0.08636251958155537,0.25400741053398646,2,1,1,1,23,0.003041461564208703,134.0,0.11709996033459902,42
3765,17,0,4.313016568988514,0.08626033137977028,0.2537068569993243,5,5,5,5,0,0.005109410089261246,17.0,0.027699978090822697,0
3766,17,1,4.307913799449273,0.08615827598898546,0.2534066940852514,5,1,4,4,19,0.005102769539213625,354.0,0.09379995753988624,16
3767,17,0,4.306345584557123,0.08612691169114246,0.253314446150419,2,2,2,2,0,0.0015682148921527528,17.0,0.02110004425048828,0
3768,17,3,4.302536711025808,0.08605073422051616,0.253090394766224,2,1,1,1,23,0.003808873531284007,154.0,0.09060004958882928,42
3769,17,0,4.2995062770428465,0.08599012554085693,0.2529121339436968,2,2,2,2,0,0.003030433982964098,17.0,0.0198000343516469,0
3770,17,2,4.293061383234031,0.08586122766468061,0.2525330225431783,6,2,5,5,21,0.006444893808790653,184.0,0.08719996549189091,30
3771,17,0,4.29176973256016,0.0858353946512032,0.252457043091774,1,1,1,1,0,0.0012916506738704925,17.0,0.018400023691356182,0
3772,17,1,4.28710739708821,0.0857421479417642,0.25218278806401234,6,1,5,5,19,0.004662335471920187,354.0,0.10389997623860836,16
3773,17,0,4.285634183143974,0.08571268366287947,0.2520961284202337,1,1,1,1,0,0.0014732139442372727,17.0,0.021599989850074053,0
3774,17,0,4.283738598841335,0.0856747719768267,0.251984623461255,2,2,2,2,0,0.0018955843026375874,17.0,0.021199986804276705,0
3775,17,0,4.279595298548754,0.08559190597097509,0.25174089991463255,3,3,3,3,0,0.004143300292582808,17.0,0.041700026486068964,0
3776,17,0,4.2752622190384955,0.08550524438076991,0.25148601288461736,4,4,4,4,0,0.004333079510260518,17.0,0.025600020308047533,0
3777,17,1,4.272818050984859,0.08545636101969718,0.25134223829322694,2,1,1,1,19,0.002444168053607143,354.0,0.1309000072069466,16
3778,17,2,4.267925965873864,0.08535851931747729,0.2510544685808156,4,2,2,2,21,0.004892085110967059,184.0,0.11120003182440996,30
3779,17,1,4.265641611650492,0.08531283223300984,0.2509200948029701,2,1,1,1,19,0.002284354223348828,354.0,0.13010000111535192,16
3780,17,0,4.264073396758341,0.08528146793516682,0.2508278468681377,2,2,2,2,0,0.0015682148921527528,17.0,0.03060000017285347,0
3781,17,1,4.260847413670739,0.08521694827341478,0.25063808315710223,3,1,2,2,19,0.003225983087574491,354.0,0.11690001701936126,16
3782,17,0,4.259279198778588,0.08518558397557176,0.25054583522226986,2,2,2,2,0,0.0015682148921527528,17.0,0.029199989512562752,0
3783,17,0,4.259279198778588,0.08518558397557176,0.25054583522226986,0,0,0,0,0,0.0,0.0,0.027699978090822697,0
3784,17,1,4.256627979368975,0.0851325595873795,0.25038988113935146,2,1,1,1,19,0.002651219409585792,354.0,0.1162000116892159,16
3785,17,0,4.255663698105591,0.08511327396211182,0.2503331587120936,1,1,1,1,0,0.0009642812633856579,17.0,0.06670004222542048,0
3786,17,0,4.255059764476825,0.0851011952895365,0.25029763320451914,1,1,1,1,0,0.0006039336287670949,17.0,0.05259999306872487,0
3787,17,1,4.251191457099467,0.08502382914198935,0.25007008571173334,4,1,3,3,19,0.0038683073773384535,354.0,0.21760002709925175,16
3788,17,1,4.24696152136559,0.08493923042731179,0.2498212659626817,6,1,5,5,19,0.0042299357338535515,354.0,0.20319997565820813,16
3789,17,0,4.243541519152529,0.08487083038305059,0.2496200893619135,3,3,3,3,0,0.0034200022130619345,17.0,0.04579999949783087,0
3790,17,1,4.239387360363084,0.08478774720726168,0.2493757270801814,4,1,3,3,19,0.004154158789418716,354.0,0.19419996533542871,16
3791,17,0,4.234690065773453,0.08469380131546905,0.24909941563373253,3,3,3,3,0,0.004697294589632861,17.0,0.0439999857917428,0
3792,17,1,4.230738548799128,0.08461477097598255,0.2488669734587722,3,1,2,2,19,0.003951516974296965,354.0,0.21569995442405343,16
3793,17,2,4.227100911955309,0.08454201823910618,0.2486529948209005,2,1,1,1,21,0.0036376368437913698,154.0,0.19020005129277706,30
3794,17,3,4.225878069238901,0.084517561384778,0.24858106289640597,0,0,0,0,23,0.0012228427163734068,0.0,0.1900999923236668,42
3795,17,2,4.224845504701882,0.08449691009403765,0.24852032380599307,0,0,0,0,21,0.0010325645369917424,0.0,0.19910000264644623,30
3796,17,2,4.223825086145122,0.08447650172290244,0.24846029918500717,0,0,0,0,21,0.0010204185567275204,0.0,0.1933000166900456,30
3797,17,2,4.219780392566029,0.08439560785132057,0.24822237603329586,2,1,1,1,21,0.0040446935790612315,214.0,0.18579995958134532,30
3798,17,0,4.219780392566029,0.08439560785132057,0.24822237603329586,0,0,0,0,0,0.0,0.0,0.027900037821382284,0
3799,17,0,4.217440105560313,0.08434880211120627,0.24808471209178312,3,3,3,3,0,0.0023402870057154246,17.0,0.0247000134550035,0
3800,17,2,4.213750010893635,0.08427500021787271,0.2478676476996256,3,2,2,2,21,0.003690094666652044,184.0,0.20509999012574553,30
3801,17,2,4.2099086753317145,0.08419817350663429,0.2476416867842185,2,1,1,1,21,0.003841335561887149,194.0,0.202000024728477,30
3802,17,0,4.207234722806603,0.08414469445613205,0.24748439545921191,2,2,2,2,0,0.002673952525114487,17.0,0.04800001624971628,0
3803,17,0,4.204067898249828,0.08408135796499655,0.24729811166175455,3,3,3,3,0,0.0031668245567715303,17.0,0.04569999873638153,0
3804,17,1,4.199698777351109,0.08399397554702219,0.2470411045500653,2,1,1,1,19,0.004369120898694234,354.0,0.2164000179618597,16
3805,17,0,4.197929624766827,0.08395859249533653,0.24693703675098982,2,2,2,2,0,0.0017691525842877809,17.0,0.04060001811012626,0
3806,17,0,4.195255672241714,0.08390511344483428,0.24677974542598324,2,2,2,2,0,0.0026739525251073815,17.0,0.04460004856809974,0
3807,17,0,4.1905622499355655,0.08381124499871132,0.24650366176091568,4,4,4,4,0,0.004693422306146999,17.0,0.04299997817724943,0
3808,17,0,4.187605181006366,0.08375210362012732,0.24632971652978622,2,2,2,2,0,0.0029570689291986696,17.0,0.04179996903985739,0
3809,17,1,4.1839947460188585,0.08367989492037717,0.24611733800110933,2,1,1,1,19,0.003610434987486144,354.0,0.22119999630376697,16
3810,17,0,4.1839947460188585,0.08367989492037717,0.24611733800110933,0,0,0,0,0,0.0,0.0,0.043700041715055704,0
3811,17,1,4.181085752594026,0.08362171505188051,0.24594622074082503,2,1,1,1,19,0.0029089934248105465,354.0,0.21760002709925175,16
3812,17,3,4.178945664836242,0.08357891329672483,0.24582033322566127,2,1,1,1,21,0.0021400877577448796,154.0,0.1860000193119049,42
3813,17,1,4.175639847191621,0.08351279694383243,0.24562587336421302,4,1,3,3,19,0.003305817644601916,354.0,0.20680000307038426,16
3814,17,2,4.171737197131461,0.08343474394262922,0.24539630571361534,2,1,1,1,21,0.0039026500601337943,254.0,0.21929998183622956,30
3815,17,0,4.170711062637275,0.0834142212527455,0.2453359448610162,1,1,1,1,0,0.001026134494182429,17.0,0.03430002834647894,0
3816,17,0,4.168780128202261,0.08337560256404522,0.24522236048248594,1,1,1,1,0,0.0019309344350162405,17.0,0.03320001997053623,0
3817,17,1,4.164886523490765,0.0832977304698153,0.2449933249112215,5,1,4,4,19,0.00389360471147171,354.0,0.19890000112354755,16
3818,17,2,4.162294242729861,0.08324588485459722,0.2448408378076389,3,1,2,2,21,0.0025922807608722565,154.0,0.1799999736249447,30
3819,16,1,4.158311007928585,0.08316622015857171,0.2598944379955365,4,1,3,3,19,0.003983234801246738,334.0,0.28420001035556197,16
3820,16,1,4.155533390996834,0.08311066781993669,0.25972083693730214,3,1,2,2,18,0.00277761693173062,334.0,0.22260000696405768,15
3821,16,1,4.151842083481632,0.08303684166963263,0.2594901302176019,2,1,1,1,18,0.0036913075151829844,334.0,0.20589999621734023,15
3822,16,0,4.15084874819478,0.0830169749638956,0.2594280467621737,1,1,1,1,0,0.0009933352868500833,17.0,0.06829999620094895,0
3823,16,1,4.147559944468584,0.08295119888937168,0.2592224965292865,2,1,1,1,18,0.003288803726171352,334.0,0.20009995205327868,15
3824,16,0,4.144622608161018,0.08289245216322035,0.25903891301006354,4,4,4,4,0,0.0029373363075677617,17.0,0.04930002614855766,0
3825,16,1,4.140061527389809,0.08280123054779619,0.2587538454618631,3,1,2,2,18,0.004561080771182446,334.0,0.18830003682523966,15
3826,16,1,4.137204549113665,0.08274409098227331,0.2585752843196041,2,1,1,1,18,0.0028569782761209694,334.0,0.20559999393299222,15
3827,16,0,4.136600615484899,0.08273201230969798,0.2585375384678062,1,1,1,1,0,0.0006039336287670949,17.0,0.04309997893869877,0
3828,16,1,4.134472058096103,0.08268944116192206,0.2584045036310064,2,1,1,1,18,0.0021285573887723785,334.0,0.19970000721514225,15
3829,16,1,4.130240430871311,0.08260480861742621,0.258140026929457,3,1,2,2,18,0.004231627224768886,334.0,0.19419996533542871,15
3830,16,0,4.1296364972425454,0.08259272994485091,0.25810228107765903,1,1,1,1,0,0.0006039336287670949,17.0,0.04420004552230239,0
3831,16,3,4.12516978631991,0.0825033957263982,0.25782311164499444,4,2,2,2,22,0.004466710922606865,124.0,0.16090000281110406,39
3832,16,1,4.121910787818971,0.08243821575637941,0.25761942423868567,3,1,2,2,18,0.003258998500911048,334.0,0.20919996313750744,15
3833,16,0,4.121040835892256,0.08242081671784511,0.257565052243266,1,1,1,1,0,0.0008699519267167943,17.0,0.0371999922208488,0
3834,16,1,4.11651824475252,0.0823303648950504,0.2572823902970324,5,1,5,5,18,0.004522591139718202,334.0,0.21239998750388622,15
3835,16,1,4.113414197550519,0.08226828395101038,0.2570883873469074,3,1,2,2,18,0.0031040472019725485,334.0,0.19370001973584294,15
3836,16,1,4.110375316854604,0.08220750633709209,0.2568984573034128,4,1,3,3,18,0.0030388806958967507,334.0,0.14560000272467732,15
3837,16,1,4.107995551314984,0.08215991102629967,0.2567497219571865,2,1,2,2,18,0.002379765539600953,334.0,0.1534000039100647,15
3838,16,0,4.107219220735988,0.08214438441471977,0.25670120129599927,1,1,1,1,0,0.0007763305789936226,17.0,0.023900007363408804,0
3839,16,1,4.104345261701711,0.08208690523403422,0.25652157885635696,3,1,3,3,18,0.002873959034246809,334.0,0.3415999817661941,15
3840,16,2,4.10232845541256,0.0820465691082512,0.25639552846328495,2,1,1,1,20,0.00201680628912726,154.0,0.22869999520480633,28
3841,16,0,4.0978848370216,0.081957696740432,0.25611780231385,4,4,4,4,0,0.004443618390958193,17.0,0.04409998655319214,0
3842,16,2,4.096852010973919,0.08193704021947838,0.2560532506858699,0,0,0,0,20,0.0010328260476555329,0.0,0.15919998986646533,28
3843,16,2,4.095875235962853,0.08191750471925706,0.2559922022476783,0,0,0,0,20,0.0009767750110398765,0.0,0.16569998115301132,28
3844,16,0,4.09469772806067,0.08189395456121339,0.25591860800379185,1,1,1,1,0,0.0011775079021845158,17.0,0.042599975131452084,0
3845,16,1,4.09044128318918,0.0818088256637836,0.25565258019932374,3,1,2,2,18,0.004256444871458598,334.0,0.20050001330673695,15
3846,16,1,4.087443931762012,0.08174887863524023,0.25546524573512575,2,1,2,2,18,0.002997351427147521,334.0,0.16649998724460602,15
3847,16,2,4.082607505293484,0.08165215010586968,0.25516296908084274,4,2,3,3,20,0.0048364264685005764,174.0,0.17790001584216952,28
3848,16,0,4.076197377054846,0.08152394754109692,0.25476233606592785,4,4,4,4,0,0.006410128238641732,17.0,0.03649998689070344,0
3849,16,0,4.069795219699485,0.08139590439398971,0.25436220123121783,3,3,3,3,0,0.006402157355360316,17.0,0.03679998917505145,0
3850,16,1,4.067556597887473,0.08135113195774946,0.2542222873679671,2,1,2,2,18,0.0022386218119905266,334.0,0.17690000822767615,15
3851,15,0,4.064946017772893,0.08129892035545787,0.2709964011848596,2,1,2,1,0,0.0026105801145774876,17.0,0.03490003291517496,0
3852,15,2,4.061451369591122,0.08122902739182244,0.2707634246394081,2,1,1,1,19,0.0034946481817499375,94.0,0.16190001042559743,26
3853,15,0,4.058445389731735,0.08116890779463469,0.27056302598211557,2,2,2,2,0,0.003005979859388219,17.0,0.029699993319809437,0
3854,15,0,4.0576690591527385,0.08115338118305476,0.27051127061018254,1,1,1,1,0,0.0007763305789936226,17.0,0.029399991035461426,0
3855,15,1,4.054218998615337,0.08108437997230673,0.27028126657435586,2,1,1,1,17,0.003450060537375066,314.0,0.15839998377487063,14
3856,15,0,4.053442668036341,0.08106885336072683,0.2702295112024228,1,1,1,1,0,0.000776330579000728,17.0,0.02819998189806938,0
3857,15,0,4.051511733601327,0.08103023467202654,0.27010078224008854,1,1,1,1,0,0.001930934435009135,17.0,0.02640002639964223,0
3858,15,1,4.050642124982433,0.08101284249964866,0.2700428083321622,0,0,0,0,17,0.0008696086188777485,0.0,0.15739997616037726,14
3859,15,0,4.048711190547419,0.08097422381094838,0.2699140793698279,1,1,1,1,0,0.001930934435009135,17.0,0.02719997428357601,0
3860,15,2,4.047738892614264,0.08095477785228528,0.26984925950761757,0,0,0,0,19,0.0009722979331314718,0.0,0.17469999147579074,26
3861,15,0,4.047738892614264,0.08095477785228528,0.26984925950761757,0,0,0,0,0,0.0,0.0,0.04199997056275606,0
3862,15,0,4.046265678670027,0.08092531357340053,0.2697510452446685,1,1,1,1,0,0.0014732139442372727,17.0,0.03960001049563289,0
3863,15,1,4.043515017117541,0.08087030034235082,0.26956766780783614,2,1,1,1,17,0.0027506615524615086,314.0,0.17399998614564538,14
3864,15,0,4.042041803173305,0.08084083606346609,0.269469453544887,1,1,1,1,0,0.0014732139442372727,17.0,0.040700018871575594,0
3865,15,0,4.040568589229069,0.08081137178458137,0.2693712392819379,1,1,1,1,0,0.0014732139442372727,17.0,0.040700018871575594,0
3866,15,3,4.039592231592865,0.08079184463185729,0.26930614877285763,0,0,0,0,21,0.0009763576361763171,0.0,0.16029999824240804,36
3867,15,1,4.036175590698678,0.08072351181397355,0.2690783727132452,3,1,2,2,17,0.0034166408941658233,314.0,0.17229997320100665,14
3868,15,0,4.033524868852257,0.08067049737704514,0.2689016579234838,2,2,2,2,0,0.0026507218464217885,17.0,0.035999983083456755,0
3869,15,0,4.032347360950073,0.08064694721900147,0.26882315739667156,1,1,1,1,0,0.0011775079021845158,17.0,0.0350000336766243,0
3870,15,1,4.0299666596291015,0.08059933319258203,0.2686644439752735,2,1,1,1,17,0.0023807013209449224,314.0,0.16250001499429345,14
3871,15,0,4.029402922816149,0.08058805845632298,0.2686268615210767,1,1,1,1,0,0.0005637368129569609,17.0,0.03390002530068159,0
3872,15,1,4.028534651718898,0.08057069303437796,0.2685689767812599,0,0,0,0,17,0.0008682710972252039,0.0,0.16170000890269876,14
3873,15,0,4.028534651718898,0.08057069303437796,0.2685689767812599,0,0,0,0,0,0.0,0.0,0.057299970649182796,0
3874,15,2,4.025808895786369,0.08051617791572738,0.2683872597190913,3,1,2,2,19,0.002725755932509344,254.0,0.1965999836102128,26
3875,15,1,4.024936198626473,0.08049872397252945,0.2683290799084315,0,0,0,0,17,0.0008726971598704836,0.0,0.16580004012212157,14
3876,15,1,4.02261124630547,0.0804522249261094,0.26817408308703133,2,1,1,1,17,0.0023249523209827316,314.0,0.15709997387602925,14
3877,15,1,4.019006921145361,0.08038013842290721,0.2679337947430241,2,1,1,1,17,0.0036043251600830217,314.0,0.15709997387602925,14
3878,15,1,4.016839381591395,0.0803367876318279,0.26778929210609304,2,1,1,1,17,0.002167539553944664,314.0,0.16920000780373812,14
3879,15,0,4.01581324709721,0.0803162649419442,0.267720883139814,1,1,1,1,0,0.0010261344941895345,17.0,0.025999965146183968,0
3880,15,0,4.015036916518213,0.08030073833036426,0.26766912776788093,1,1,1,1,0,0.0007763305789936226,17.0,0.043899985030293465,0
3881,15,0,4.015036916518213,0.08030073833036426,0.26766912776788093,0,0,0,0,0,0.0,0.0,0.042700034100562334,0
3882,15,1,4.014155580767648,0.08028311161535295,0.26761037205117655,0,0,0,0,17,0.000881335750541723,0.0,0.172999978531152,14
3883,15,0,4.014155580767648,0.08028311161535295,0.26761037205117655,0,0,0,0,0,0.0,0.0,0.040700018871575594,0
3884,15,0,4.014155580767648,0.08028311161535295,0.26761037205117655,0,0,0,0,0,0.0,0.0,0.0391000066883862,0
3885,15,1,4.009737697477986,0.08019475394955972,0.2673158464985324,2,1,1,0,17,0.004417883289640656,314.0,0.16569998115301132,14
3886,15,1,4.008795343060125,0.0801759068612025,0.26725302287067504,0,0,0,0,17,0.0009423544178446264,0.0,0.16880000475794077,14
3887,15,1,4.007788476902176,0.08015576953804353,0.26718589846014495,0,0,0,0,17,0.001006866157922559,0.0,0.16310001956298947,14
3888,15,1,4.00575148375759,0.08011502967515179,0.26705009891717263,2,1,1,1,17,0.002036993144564292,314.0,0.2161000156775117,14
3889,15,1,4.004813158209606,0.08009626316419212,0.26698754388064044,0,0,0,0,17,0.000938325547963359,0.0,0.17549999756738544,14
3890,15,1,4.003897761742033,0.08007795523484067,0.2669265174494689,0,0,0,0,17,0.00091539646754768,0.0,0.17359998309984803,14
3891,15,2,3.999580217237762,0.07999160434475523,0.26663868114918404,3,2,2,2,19,0.004317544504246484,164.0,0.1621000119484961,26
3892,15,1,3.997293194372107,0.07994586388744214,0.2664862129581404,2,1,1,1,17,0.0022870228656373115,314.0,0.16830000095069408,14
3893,15,1,3.993498106098253,0.07986996212196507,0.26623320707321685,4,1,3,3,17,0.003795088273832903,314.0,0.16230001347139478,14
3894,15,0,3.988733588754081,0.07977467177508162,0.26591557258360543,3,3,3,3,0,0.004764517344170827,17.0,0.07160002132877707,0
3895,15,0,3.9861987206903002,0.079723974413806,0.26574658137935336,2,2,2,2,0,0.0025348680637833354,17.0,0.03300001844763756,0
3896,15,2,3.9828776660673855,0.0796575533213477,0.2655251777378257,3,1,2,2,19,0.0033210546228872317,234.0,0.1555999624542892,26
3897,15,1,3.980010487698693,0.07960020975397386,0.26533403251324617,2,1,1,1,17,0.0028671783686675667,314.0,0.16359996516257524,14
3898,15,0,3.979406554069926,0.07958813108139852,0.2652937702713284,1,1,1,1,0,0.0006039336287670949,17.0,0.02800003858283162,0
3899,15,1,3.976614731613652,0.07953229463227304,0.2651076487742434,2,1,1,1,17,0.0027918224562455407,314.0,0.15869998605921865,14
3900,15,0,3.976614731613652,0.07953229463227304,0.2651076487742434,0,0,0,0,0,0.0,0.0,0.06689998554065824,0
3901,15,1,3.970949499512774,0.07941898999025548,0.26472996663418485,2,1,1,1,17,0.0056652321008670015,314.0,0.17630000365898013,14
3902,15,2,3.9687995318256473,0.07937599063651295,0.26458663545504313,2,1,1,1,19,0.0021499676871030715,154.0,0.17180002760142088,26
3903,15,0,3.968195598196881,0.07936391196393762,0.2645463732131254,1,1,1,1,0,0.0006039336287670949,17.0,0.040700018871575594,0
3904,15,1,3.9672642988107447,0.07934528597621489,0.264484286587383,0,0,0,0,17,0.0009312993861172458,0.0,0.17469999147579074,14
3905,15,1,3.9639481643416663,0.07927896328683333,0.26426321095611105,4,1,3,3,17,0.003316134469052656,314.0,0.17150002531707287,14
3906,15,0,3.9614132962778847,0.07922826592555769,0.26409421975185904,2,2,2,2,0,0.00253486806377623,17.0,0.039899954572319984,0
3907,15,1,3.960569848917192,0.07921139697834384,0.26403798992781274,0,0,0,0,17,0.0008434473606726556,0.0,0.17259997548535466,14
3908,15,1,3.9576651516732153,0.07915330303346431,0.263844343444881,2,1,1,1,17,0.002904697243963028,314.0,0.1762000028975308,14
3909,15,2,3.955283619482808,0.07910567238965616,0.2636855746321872,2,1,1,1,19,0.002381532190376845,114.0,0.16070000128820539,26
3910,15,0,3.9536937481756707,0.07907387496351341,0.2635795832117113,2,2,2,2,0,0.00158987130713939,17.0,0.03350002225488424,0
3911,15,0,3.950595143298937,0.07901190286597874,0.2633730095532625,3,3,3,3,0,0.003098604876733191,17.0,0.061899947468191385,0
3912,15,0,3.950595143298937,0.07901190286597874,0.2633730095532625,0,0,0,0,0,0.0,0.0,0.04020001506432891,0
3913,15,0,3.9472139930003842,0.07894427986000768,0.2631475995333589,2,2,2,2,0,0.0033811502985514608,17.0,0.0399000127799809,0
3914,15,2,3.9420228744331713,0.07884045748866343,0.26280152496221143,4,2,2,2,19,0.005191118567196895,164.0,0.16759999562054873,26
3915,15,1,3.9389498872083433,0.07877899774416687,0.26259665914722286,3,1,2,2,17,0.0030729872248045353,314.0,0.17120002303272486,14
3916,15,1,3.9369870392740296,0.07873974078548059,0.26246580261826863,2,1,1,1,17,0.0019628479342870264,314.0,0.18009997438639402,14
3917,15,1,3.935731953012771,0.07871463906025541,0.2623821302008514,0,0,0,0,17,0.0012550862612386027,0.0,0.17600000137463212,14
3918,15,0,3.932199429306219,0.07864398858612437,0.2621466286204146,1,1,1,1,0,0.0035325237065535475,17.0,0.030800001695752144,0
3919,15,1,3.9313180935556535,0.07862636187111308,0.2620878729037102,0,0,0,0,17,0.000881335750541723,0.0,0.16390002565458417,14
3920,15,1,3.93040269708808,0.0786080539417616,0.26202684647253865,0,0,0,0,17,0.0009153964675547854,0.0,0.17980003030970693,14
3921,15,2,3.9272850305757876,0.07854570061151575,0.2618190020383858,2,1,1,1,19,0.003117666512267192,254.0,0.18179998733103275,26
3922,15,0,3.9272850305757876,0.07854570061151575,0.2618190020383858,0,0,0,0,0,0.0,0.0,0.04899996565654874,0
3923,15,2,3.9262583491991543,0.07852516698398308,0.26175055661327695,0,0,0,0,17,0.0010266813766079963,0.0,0.17910002497956157,26
3924,15,0,3.9262583491991543,0.07852516698398308,0.26175055661327695,0,0,0,0,0,0.0,0.0,0.03950000973418355,0
3925,15,1,3.925357793229552,0.07850715586459103,0.2616905195486368,0,0,0,0,17,0.0009005559695793863,0.0,0.17919996753335,14
3926,15,0,3.925357793229552,0.07850715586459103,0.2616905195486368,0,0,0,0,0,0.0,0.0,0.039700011257082224,0
3927,15,0,3.925357793229552,0.07850715586459103,0.2616905195486368,0,0,0,0,0,0.0,0.0,0.03590004052966833,0
3928,15,0,3.924393511966168,0.07848787023932335,0.2616262341310779,1,1,1,1,0,0.0009642812633856579,17.0,0.0363999861292541,0
3929,15,1,3.9217719419694728,0.07843543883938946,0.26145146279796483,3,1,2,2,17,0.0026215699966769535,314.0,0.1765000051818788,14
3930,15,0,3.919703960716605,0.0783940792143321,0.26131359738110693,2,2,2,2,0,0.002067981252864115,17.0,0.03880000440403819,0
3931,15,0,3.9184123100427333,0.07836824620085467,0.2612274873361822,1,1,1,1,0,0.0012916506738704925,17.0,0.05800003418698907,0
3932,15,1,3.9147782477148434,0.07829556495429686,0.2609852165143229,2,1,1,1,17,0.003634062327869003,314.0,0.27840002439916134,14
3933,15,0,3.9147782477148434,0.07829556495429686,0.2609852165143229,0,0,0,0,0,0.0,0.0,0.033800024539232254,0
3934,15,0,3.9147782477148434,0.07829556495429686,0.2609852165143229,0,0,0,0,0,0.0,0.0,0.031100003980100155,0
3935,15,1,3.9124095720450187,0.07824819144090038,0.26082730480300126,2,1,1,1,17,0.0023686756697998135,314.0,0.1509999856352806,14
3936,15,4,3.909435716563787,0.07818871433127575,0.26062904777091916,1,1,1,1,23,0.0029738554812013263,154.0,0.15009997878223658,44
3937,15,0,3.909435716563787,0.07818871433127575,0.26062904777091916,0,0,0,0,0,0.0,0.0,0.023900007363408804,0
3938,15,2,3.9066658721313843,0.07813331744262769,0.26044439147542564,2,1,1,1,19,0.0027698444323718263,234.0,0.14590000500902534,26
3939,15,0,3.9044362228509923,0.07808872445701985,0.26029574819006623,1,1,1,1,0,0.0022296492803945966,17.0,0.021499989088624716,0
3940,15,0,3.9044362228509923,0.07808872445701985,0.26029574819006623,0,0,0,0,0,0.0,0.0,0.0363999861292541,0
3941,15,0,3.9020124163843155,0.07804024832768632,0.2601341610922877,2,2,2,2,0,0.002423806466673284,17.0,0.0344999716617167,0
3942,15,0,3.900081481949301,0.07800162963898602,0.2600054321299535,1,1,1,1,0,0.0019309344350162405,17.0,0.045199994929134846,0
3943,15,0,3.898150547514287,0.07796301095028574,0.2598767031676192,1,1,1,1,0,0.001930934435009135,17.0,0.04569999873638153,0
3944,15,2,3.8939412243369027,0.07787882448673805,0.25959608162246023,3,1,2,2,17,0.004209323177363444,294.0,0.19290001364424825,26
3945,15,1,3.8908388778966154,0.07781677755793232,0.25938925852644096,1,1,1,1,17,0.0031023464402650802,314.0,0.19230000907555223,14
3946,15,1,3.888092574506637,0.07776185149013273,0.2592061716337758,3,1,2,2,17,0.0027463033899550737,314.0,0.18580001778900623,14
3947,15,0,3.8829677095278474,0.07765935419055695,0.25886451396852317,3,3,3,3,0,0.00512486497878939,17.0,0.04220003029331565,0
3948,15,1,3.8820863737772826,0.07764172747554565,0.25880575825181873,0,0,0,0,17,0.000881335750541723,0.0,0.19620003877207637,14
3949,15,2,3.876683476654618,0.07753366953309236,0.25844556511030786,4,2,3,3,19,0.0054028971226358635,164.0,0.18540001474320889,26
3950,15,1,3.8757411222367564,0.07751482244473512,0.25838274148245044,0,0,0,0,17,0.0009423544178375209,0.0,0.21129997912794352,14
3951,15,0,3.8738101878017424,0.07747620375603485,0.2582540125201162,1,1,1,1,0,0.0019309344350162405,17.0,0.040599959902465343,0
3952,15,1,3.8709232629481285,0.07741846525896257,0.2580615508632086,3,1,2,2,17,0.002886924853598316,314.0,0.18159998580813408,14
3953,15,1,3.870079815587436,0.07740159631174871,0.25800532103916235,0,0,0,0,17,0.0008434473606655501,0.0,0.20320003386586905,14
3954,15,2,3.8675117353822746,0.07735023470764549,0.2578341156921516,2,1,2,2,19,0.00256808020513688,274.0,0.16369996592402458,26
3955,15,0,3.8665474541188907,0.07733094908237781,0.25776983027459266,1,1,1,1,0,0.0009642812633856579,17.0,0.028699985705316067,0
3956,15,1,3.8638336926213337,0.07727667385242667,0.25758891284142227,3,1,2,2,17,0.002713761497538769,314.0,0.1433999859727919,14
3957,15,1,3.861178653711621,0.07722357307423242,0.25741191024744137,3,1,2,2,17,0.0026550389096939853,314.0,0.16880000475794077,14
3958,15,0,3.858205986341132,0.07716411972682265,0.2572137324227421,2,2,2,2,0,0.0029726673704857376,17.0,0.0295999925583601,0
3959,15,1,3.8554437821600156,0.0771088756432003,0.2570295854773344,3,1,2,2,17,0.00276220418109574,314.0,0.18069997895509005,14
3960,15,0,3.8554437821600156,0.0771088756432003,0.2570295854773344,0,0,0,0,0,0.0,0.0,0.04919996717944741,0
3961,15,1,3.8533740148800018,0.07706748029760004,0.25689160099200004,2,1,1,1,17,0.0020697672799983025,314.0,0.21970004308968782,14
3962,15,1,3.8512352132252436,0.07702470426450488,0.2567490142150162,2,1,1,1,17,0.0021388016547376765,314.0,0.20209996728226542,14
3963,15,3,3.8501687562500333,0.07700337512500066,0.2566779170833356,0,0,0,0,21,0.0010664569751810404,0.0,0.18069997895509005,36
3964,15,1,3.847066409809746,0.07694132819619492,0.25647109398731643,1,1,1,1,17,0.0031023464402650802,314.0,0.1935999607667327,14
3965,15,0,3.844836760529354,0.07689673521058708,0.25632245070195697,1,1,1,1,0,0.0022296492803874912,17.0,0.04610000178217888,0
3966,15,0,3.842607111248963,0.07685214222497926,0.2561738074165976,1,1,1,1,0,0.0022296492803945966,17.0,0.03819999983534217,0
3967,15,0,3.840377461968572,0.07680754923937144,0.25602516413123816,1,1,1,1,0,0.0022296492803874912,17.0,0.03879994619637728,0
3968,15,2,3.838510875507067,0.07677021751014135,0.2559007250338045,1,1,1,1,19,0.0018665864614817451,174.0,0.18729997100308537,26
3969,15,2,3.8350812214663925,0.07670162442932785,0.2556720814310928,2,1,2,2,19,0.003429654040651542,194.0,0.1713000237941742,26
3970,14,0,3.830502110962777,0.07661004221925553,0.27360729364019837,3,2,3,2,0,0.0045791105036130375,17.0,0.03689998993650079,0
3971,14,0,3.8300092389311136,0.07660018477862227,0.2735720884950795,1,1,1,1,0,0.0004928720316641488,17.0,0.03489997470751405,0
3972,14,1,3.8265296567407914,0.07653059313481583,0.27332354691005656,2,1,1,1,16,0.0034795821903017554,294.0,0.21549995290115476,13
3973,14,0,3.824463504021214,0.07648927008042428,0.27317596457294385,1,1,1,1,0,0.00206615271957844,17.0,0.03860000288113952,0
3974,14,1,3.8219762797173384,0.07643952559434677,0.27299830569409556,2,1,1,1,16,0.002487224303848734,294.0,0.13129995204508305,13
3975,14,0,3.821372346088572,0.07642744692177143,0.2729551675777551,1,1,1,1,0,0.0006039336287670949,17.0,0.026100024115294218,0
3976,14,1,3.818590347984393,0.07637180695968786,0.27275645342745664,2,1,1,1,16,0.002781998104161687,294.0,0.12389995390549302,13
3977,14,0,3.81455743767767,0.0762911487535534,0.2724683884055478,4,4,4,4,0,0.004032910306726478,17.0,0.02719997428357601,0
3978,14,1,3.8109446064328236,0.07621889212865647,0.272210329030916,3,1,2,2,16,0.0036128312448227007,294.0,0.4965999978594482,13
3979,14,1,3.808422500946608,0.07616845001893216,0.27203017863904344,2,1,1,1,16,0.002522105486193027,294.0,0.15940004959702492,13
3980,14,0,3.808422500946608,0.07616845001893216,0.27203017863904344,0,0,0,0,0,0.0,0.0,0.03789999755099416,0
3981,14,1,3.804969689141994,0.07609939378283988,0.2717835492244281,4,1,3,3,16,0.0034528118045997758,294.0,0.14560000272467732,13
3982,14,0,3.8007802541245557,0.07601560508249111,0.27148430386603967,4,4,4,4,0,0.004189435017437404,17.0,0.035400036722421646,0
3983,14,1,3.798224881456232,0.07596449762912463,0.27130177724687365,2,1,1,1,16,0.002555372668304301,294.0,0.16359996516257524,13
3984,14,0,3.7954501046384297,0.07590900209276859,0.27110357890274495,3,3,3,3,0,0.002774776817801694,17.0,0.04299997817724943,0
3985,14,2,3.791397292656365,0.0758279458531273,0.27081409233259746,3,2,2,2,18,0.004052811982035109,154.0,0.1721000298857689,24
3986,14,1,3.786266574339034,0.07572533148678068,0.27044761245278814,5,1,5,5,16,0.005130718317310823,294.0,0.16770005458965898,13
3987,14,1,3.7827133268489233,0.07565426653697846,0.2701938090606374,2,1,1,1,16,0.0035532474900890065,294.0,0.17919996753335,13
3988,14,3,3.779132771777599,0.07558265543555198,0.2699380551269714,4,2,3,3,20,0.0035805550713021717,124.0,0.16739999409765005,33
3989,14,0,3.7748282378479705,0.07549656475695941,0.2696305884177122,4,4,4,4,0,0.004304533929627041,17.0,0.03360002301633358,0
3990,14,0,3.7728973034129565,0.07545794606825913,0.26949266452949694,1,1,1,1,0,0.0019309344350162405,17.0,0.03519997699186206,0
3991,14,0,3.7709663689779425,0.07541932737955885,0.2693547406412816,1,1,1,1,0,0.001930934435009135,17.0,0.032800016924738884,0
3992,14,0,3.7682591039639326,0.07536518207927866,0.2691613645688523,2,2,2,2,0,0.002707265014009863,17.0,0.04120002267882228,0
3993,14,1,3.764931298799444,0.07529862597598888,0.2689236641999603,2,1,1,1,16,0.003327805164467179,294.0,0.17870002193376422,13
3994,14,0,3.7599408763580002,0.07519881752716001,0.26856720545414287,3,3,3,3,0,0.0049904224414376586,17.0,0.034999975468963385,0
3995,14,0,3.7589475410711493,0.07517895082142298,0.2684962529336535,1,1,1,1,0,0.0009933352868500833,17.0,0.03370002377778292,0
3996,14,1,3.7551285985110394,0.07510257197022079,0.2682234713222171,5,1,4,4,16,0.00381894256009474,294.0,0.1680999994277954,13
3997,14,2,3.752787028704256,0.07505574057408512,0.2680562163360183,2,1,1,1,18,0.0023415698067594803,154.0,0.16469997353851795,24
3998,14,1,3.7472589461207577,0.07494517892241516,0.2676613532943399,5,1,4,4,16,0.005528082583474259,294.0,0.15740003436803818,13
3999,14,0,3.744416462822184,0.07488832925644368,0.2674583187730132,2,2,2,2,0,0.002842483298579168,17.0,0.026399968191981316,0
4000,14,0,3.7434231275353325,0.07486846255070664,0.2673873662525238,1,1,1,1,0,0.0009933352868500833,17.0,0.04600000102072954,0
4001,14,1,3.739768753494319,0.07479537506988639,0.2671263395353085,5,1,4,4,16,0.003654374040991115,294.0,0.17250003293156624,13
4002,14,0,3.7378378190593056,0.07475675638118612,0.26698841564709325,1,1,1,1,0,0.001930934435009135,17.0,0.04369998350739479,0
4003,14,3,3.73548434785386,0.07470968695707719,0.26682031056099,2,1,2,2,20,0.0023534712054242846,114.0,0.16469997353851795,33
4004,14,0,3.731487260699268,0.07462974521398535,0.266534804335662,2,2,2,2,0,0.003997087154587575,17.0,0.041599967516958714,0
4005,14,0,3.7264968382578245,0.07452993676515648,0.2661783455898446,3,3,3,3,0,0.004990422441444764,17.0,0.04080001963302493,0
4006,14,1,3.722783572162643,0.07445567144325287,0.26591311229733167,4,1,3,3,16,0.003713266095161316,294.0,0.1715999678708613,13
4007,14,0,3.7199410888640694,0.07439882177728138,0.26571007777600497,2,2,2,2,0,0.0028424832985720627,17.0,0.040599959902465343,0
4008,14,1,3.7163483498398175,0.07432696699679635,0.26545345355998695,4,1,3,3,16,0.0035927390242278534,294.0,0.17369998386129737,13
4009,14,1,3.7136140582782127,0.07427228116556425,0.2652581470198724,3,1,3,3,16,0.002734291561587554,294.0,0.17549999756738544,13
4010,14,0,3.707847305257773,0.07415694610515546,0.2648462360898409,4,4,4,4,0,0.0057667530204383866,17.0,0.03630004357546568,0
4011,14,1,3.7046061260239314,0.07409212252047863,0.26461472328742364,4,1,3,3,16,0.0032411792338251644,294.0,0.17439998919144273,13
4012,14,2,3.7000339542840406,0.07400067908568081,0.2642881395917172,4,2,2,2,18,0.004572171739866349,154.0,0.18690002616494894,24
4013,14,1,3.696114261324064,0.07392228522648128,0.26400816152314743,2,1,1,1,16,0.003919692959961196,294.0,0.16330002108588815,13
4014,14,0,3.6933050905143885,0.07386610181028777,0.2638075064653135,2,2,2,2,0,0.0028091708096766865,17.0,0.02859998494386673,0
4015,14,2,3.6897020912580256,0.07379404182516051,0.26355014937557325,2,1,1,1,18,0.0036029992563300084,234.0,0.11899997480213642,24
4016,14,0,3.6865936489208275,0.07373187297841655,0.26332811778005916,2,2,2,2,0,0.0031084423372007564,17.0,0.022099993657320738,0
4017,14,0,3.6825965617662355,0.07365193123532471,0.26304261155473113,2,2,2,2,0,0.003997087154587575,17.0,0.02069998299703002,0
4018,14,0,3.67949852787177,0.0735899705574354,0.26282132341941217,2,2,2,2,0,0.003098033894467278,17.0,0.020199979189783335,0
4019,14,1,3.6759224340453462,0.07351844868090693,0.2625658881460962,3,1,2,2,16,0.003576093826403337,294.0,0.12149999383836985,13
4020,14,1,3.6711164316311766,0.07342232863262353,0.26222260225936983,3,1,3,2,16,0.004806002414149191,294.0,0.17300003673881292,13
4021,14,1,3.6688470651045546,0.07337694130209109,0.2620605046503253,2,1,2,2,16,0.0022693665265975937,294.0,0.17289997776970267,13
4022,14,1,3.6654353505277406,0.07330870701055481,0.26181681075198143,3,1,2,2,16,0.0034117145767993406,294.0,0.16639998648315668,13
4023,14,1,3.661718635211736,0.07323437270423472,0.2615513310865526,3,1,3,3,16,0.0037167153159813893,294.0,0.18890004139393568,13
4024,14,0,3.6578404926692194,0.0731568098533844,0.26127432090494424,4,4,4,4,0,0.0038781425425185034,17.0,0.04329998046159744,0
4025,14,0,3.6551398580288863,0.07310279716057773,0.2610814184306347,3,3,3,3,0,0.0027006346403339876,17.0,0.04060001811012626,0
4026,14,0,3.653432558675404,0.07306865117350808,0.26095946847681456,2,2,2,2,0,0.0017072993534839043,17.0,0.041300023440271616,0
4027,14,2,3.6502037565058076,0.07300407513011616,0.2607288397504149,4,1,3,3,18,0.0032288021695734415,254.0,0.1569000305607915,24
4028,14,2,3.646069183688838,0.07292138367377676,0.2604335131206313,3,1,2,2,18,0.0041345728169517315,214.0,0.19079999765381217,24
4029,14,2,3.6421305373404333,0.07284261074680867,0.2601521812386024,6,2,4,4,18,0.003938646348380814,154.0,0.1537000061944127,24
4030,14,0,3.639235321642035,0.0727847064328407,0.25994538011728824,2,2,2,2,0,0.0028952156984018984,17.0,0.029099988751113415,0
4031,14,2,3.636008754304091,0.07272017508608182,0.2597149110217208,3,1,2,2,18,0.0032265673379185955,194.0,0.1460999483242631,24
4032,14,0,3.6340511377538554,0.07268102275507711,0.25957508126813256,2,2,2,2,0,0.001957616550235741,17.0,0.024800014216452837,0
4033,14,1,3.6292154703292114,0.07258430940658422,0.25922967645208655,5,1,5,5,16,0.004835667424622159,294.0,0.14180003199726343,13
4034,14,0,3.6245839012538634,0.07249167802507726,0.25889885008956176,4,4,4,4,0,0.004631569075343123,17.0,0.024600012693554163,0
4035,14,0,3.6199523321785163,0.07239904664357033,0.2585680237270369,4,4,4,4,0,0.004631569075350228,17.0,0.02269999822601676,0
4036,14,0,3.6163140983900206,0.07232628196780042,0.25830814988500156,3,3,3,3,0,0.0036382337884930394,17.0,0.02269999822601676,0
4037,14,1,3.613896398158002,0.07227792796316004,0.2581354570112859,3,1,2,2,16,0.0024177002320016072,294.0,0.12790004257112741,13
4038,14,0,3.612189098804521,0.07224378197609042,0.2580135070574658,2,2,2,2,0,0.0017072993534839043,17.0,0.021599989850074053,0
4039,14,0,3.608415646731461,0.07216831293462922,0.25774397476653294,3,3,3,3,0,0.0037734520730623444,17.0,0.021299987565726042,0
4040,14,1,3.6051628140613694,0.07210325628122739,0.25751162957581214,4,1,4,4,16,0.0032528326700713706,294.0,0.15540001913905144,13
4041,14,0,3.6044197959712716,0.07208839591942544,0.2574585568550909,1,1,1,1,0,0.0007430180900982464,17.0,0.04789995728060603,0
4042,14,1,3.5959129039380837,0.07191825807876168,0.2568509217098632,5,1,4,2,16,0.008506892033167901,294.0,0.21700002253055573,13
4043,14,0,3.592274670149588,0.07184549340299176,0.2565910478678277,3,3,3,3,0,0.0036382337885001448,17.0,0.048600020818412304,0
4044,14,0,3.588386119164338,0.07176772238328676,0.25631329422602417,3,3,3,3,0,0.0038885509852448763,17.0,0.04309997893869877,0
4045,13,1,3.584280697584381,0.07168561395168763,0.27571389981418315,3,0,2,0,16,0.004105421579936319,0.0,0.1742999884299934,13
4046,13,1,3.5804248799124947,0.07160849759824989,0.27541729845480734,3,1,2,2,15,0.003855817671869488,274.0,0.15879998682066798,12
4047,13,1,3.575749603220699,0.07151499206441397,0.27505766178620755,3,1,2,2,15,0.004675276691777697,274.0,0.19029999384656549,12
4048,13,3,3.572167987668137,0.07144335975336275,0.27478215289754904,5,2,3,3,17,0.0035816155525409954,134.0,0.1488000270910561,30
4049,13,1,3.570662590423972,0.07141325180847943,0.2746663531095363,1,1,1,1,15,0.0015053972441450014,274.0,0.15389994950965047,12
4050,13,0,3.567024356635476,0.07134048713270952,0.2743864889719597,3,3,3,3,0,0.0036382337884930394,17.0,0.03260001540184021,0
4051,13,2,3.5640453605166345,0.07128090721033269,0.2741573354243565,4,2,2,2,17,0.002978996118820021,144.0,0.15789997996762395,22
4052,13,0,3.5620877439663987,0.07124175487932798,0.27400674953587684,2,2,2,2,0,0.001957616550235741,17.0,0.03759999526664615,0
4053,13,1,3.558327791043216,0.07116655582086433,0.2737175223879398,4,1,4,4,15,0.0037599529231684414,274.0,0.17229997320100665,12
4054,13,0,3.555627156402883,0.07111254312805766,0.2735097812617603,3,3,3,3,0,0.0027006346403339876,17.0,0.03130000550299883,0
4055,13,1,3.5517327889898276,0.07103465577979655,0.273210214537679,3,1,2,2,15,0.0038943674130322847,274.0,0.16629998572170734,12
4056,13,0,3.5500254896363455,0.07100050979272692,0.2730788838181804,2,2,2,2,0,0.0017072993534839043,17.0,0.0295999925583601,0
4057,13,0,3.5472053239732446,0.07094410647946489,0.2728619479979419,3,3,3,3,0,0.002820165663102614,17.0,0.0295999925583601,0
4058,13,0,3.5447059755348227,0.07089411951069645,0.2726696904257556,2,2,2,2,0,0.0024993484384197018,17.0,0.02670002868399024,0
4059,13,1,3.5422281107948423,0.07084456221589684,0.27247908544575716,3,1,2,2,15,0.002477864739965696,274.0,0.15460001304745674,12
4060,13,1,3.538985759957906,0.07077971519915813,0.2722296738429159,4,1,3,3,15,0.0032423508369205933,274.0,0.1629000180400908,12
4061,13,0,3.5360286910287066,0.07072057382057413,0.27200220700220823,2,2,2,2,0,0.0029570689291986696,17.0,0.0412999652326107,0
4062,13,0,3.532750804874828,0.07065501609749657,0.2717500619134483,3,3,3,3,0,0.0032778861538744763,17.0,0.04140002420172095,0
4063,13,1,3.529016396468012,0.07058032792936024,0.27146279972830867,5,1,4,4,15,0.0037344084067996164,274.0,0.1653000363148749,12
4064,13,0,3.5250083144599946,0.07050016628919989,0.2711544857276919,3,3,3,3,0,0.004008082008020608,17.0,0.06410002242773771,0
4065,13,2,3.5201944713270725,0.07040388942654145,0.27078419010208254,4,2,2,2,17,0.00481384313289368,144.0,0.16470003174617887,22
4066,13,0,3.519451453236975,0.0703890290647395,0.27072703486438277,1,1,1,1,0,0.0007430180900982464,17.0,0.038300000596791506,0
4067,13,0,3.5145279561886307,0.07029055912377262,0.27034830432220236,4,4,4,4,0,0.004923497048345382,17.0,0.03579998156055808,0
4068,13,2,3.511690596451702,0.07023381192903404,0.27013004588090017,2,1,2,2,17,0.002837359736915346,174.0,0.1623999560251832,22
4069,13,0,3.511690596451702,0.07023381192903404,0.27013004588090017,0,0,0,0,0,0.0,0.0,0.037999998312443495,0
4070,13,1,3.5073626092569294,0.07014725218513859,0.2697971237889946,4,1,3,3,15,0.004327987194749028,274.0,0.1742999884299934,12
4071,13,1,3.5054328455771704,0.0701086569115434,0.26964868042901313,2,1,1,1,15,0.0019297636797404039,274.0,0.15520001761615276,12
4072,13,0,3.5040858938583064,0.07008171787716613,0.2695450687583313,2,2,2,2,0,0.0013469517188653413,17.0,0.04349998198449612,0
4073,13,0,3.5033428757682086,0.07006685751536418,0.26948791352063145,1,1,1,1,0,0.0007430180900982464,17.0,0.0418000272475183,0
4074,13,1,3.5008639550321963,0.07001727910064393,0.269297227310169,2,1,1,1,15,0.0024789207359887655,274.0,0.16009999671950936,12
4075,13,0,3.5008639550321963,0.07001727910064393,0.269297227310169,0,0,0,0,0,0.0,0.0,0.026300025638192892,0
4076,13,1,3.5000743421817817,0.07000148684363564,0.26923648786013704,0,0,0,0,15,0.0007896128503972477,0.0,0.1162000116892159,12
4077,13,0,3.5000743421817817,0.07000148684363564,0.26923648786013704,0,0,0,0,0,0.0,0.0,0.023100001271814108,0
4078,13,1,3.499306275597019,0.06998612551194038,0.2691774058151553,0,0,0,0,15,0.0007680665847473733,0.0,0.13040000339969993,12
4079,13,2,3.4965459000453776,0.06993091800090755,0.26896506923425983,2,1,1,1,17,0.0027603755516167894,234.0,0.12340000830590725,22
4080,13,1,3.493971332238333,0.06987942664476667,0.2687670255567948,2,1,1,1,15,0.0025745678070236977,274.0,0.15250005526468158,12
4081,13,1,3.4914183981618887,0.06982836796323777,0.26857064601245295,2,1,1,1,15,0.0025529340764265385,274.0,0.14970003394410014,12
4082,13,2,3.487723020190766,0.06975446040381532,0.2682863861685204,4,2,2,2,17,0.003695377971105529,144.0,0.17439998919144273,22
4083,13,1,3.4852445838217703,0.0697048916764354,0.26809573721705926,2,1,1,1,15,0.0024784363689747124,274.0,0.15839998377487063,12
4084,13,2,3.4832865600746965,0.06966573120149393,0.26794512000574594,1,1,1,1,17,0.0019580237470506745,134.0,0.1482999650761485,22
4085,13,1,3.4804390047009854,0.0696087800940197,0.26772607728469117,3,1,2,2,15,0.0028475553736910797,274.0,0.1469000126235187,12
4086,13,0,3.478669852116702,0.06957339704233405,0.2675899886243617,2,2,2,2,0,0.0017691525842877809,17.0,0.0344999716617167,0
4087,13,0,3.4767493261244202,0.0695349865224884,0.2674422558557246,2,2,2,2,0,0.0019205259922827622,17.0,0.07159996312111616,0
4088,13,1,3.4752439288802552,0.06950487857760511,0.26732645606771194,1,1,1,1,15,0.0015053972441450014,274.0,0.15029998030513525,12
4089,13,0,3.4733234028879734,0.06946646805775947,0.2671787232990749,2,2,2,2,0,0.0019205259922827622,17.0,0.0315000070258975,0
4090,13,1,3.470874329599848,0.06941748659199697,0.26699033304614217,3,1,2,2,15,0.002449073288111947,274.0,0.1446999958716333,12
4091,13,2,3.4667216409503445,0.06933443281900689,0.2666708954577188,4,2,3,3,15,0.0041526886494835935,144.0,0.1379000023007393,22
4092,13,0,3.463826425251946,0.06927652850503892,0.266448186557842,2,2,2,2,0,0.002895215698394793,17.0,0.028999987989664078,0
4093,13,1,3.4611676180189583,0.06922335236037917,0.2662436629245353,2,1,1,1,15,0.0026588072329687407,274.0,0.18580001778900623,12
4094,13,0,3.4602033367555745,0.0692040667351115,0.2661694874427365,1,1,1,1,0,0.0009642812633856579,17.0,0.02859998494386673,0
4095,13,0,3.4602033367555745,0.0692040667351115,0.2661694874427365,0,0,0,0,0,0.0,0.0,0.023900007363408804,0
4096,13,0,3.459460318665477,0.06918920637330954,0.2661123322050367,1,1,1,1,0,0.0007430180900982464,17.0,0.02069998299703002,0
4097,13,0,3.459460318665477,0.06918920637330954,0.2661123322050367,0,0,0,0,0,0.0,0.0,0.022300053387880325,0
4098,13,0,3.459460318665477,0.06918920637330954,0.2661123322050367,0,0,0,0,0,0.0,0.0,0.02169999061152339,0
4099,13,0,3.459460318665477,0.06918920637330954,0.2661123322050367,0,0,0,0,0,0.0,0.0,0.019000028260052204,0
4100,13,0,3.459460318665477,0.06918920637330954,0.2661123322050367,0,0,0,0,0,0.0,0.0,0.038300000596791506,0
4101,13,0,3.459460318665477,0.06918920637330954,0.2661123322050367,0,0,0,0,0,0.0,0.0,0.0369000481441617,0
4102,13,1,3.4586979996718847,0.0691739599934377,0.2660536922824527,0,0,0,0,15,0.0007623189935728192,0.0,0.16379996668547392,12
4103,13,0,3.457520491769701,0.06915040983539403,0.26596311475151546,1,1,1,1,0,0.0011775079021845158,17.0,0.03890000516548753,0
4104,13,1,3.455668586954575,0.0691133717390915,0.2658206605349674,2,1,1,1,15,0.0018519048151119932,274.0,0.1832999987527728,12
4105,13,0,3.455668586954575,0.0691133717390915,0.2658206605349674,0,0,0,0,0,0.0,0.0,0.041599967516958714,0
4106,13,2,3.4547632398331825,0.06909526479666366,0.2657510184487063,0,0,0,0,17,0.0009053471213675834,0.0,0.146100006531924,22
4107,13,1,3.4530721389827517,0.06906144277965504,0.265620933767904,2,1,1,1,15,0.0016911008504152392,274.0,0.15169999096542597,12
4108,13,1,3.450519204906308,0.06901038409812615,0.26542455422356215,2,1,1,1,15,0.002552934076419433,274.0,0.15189999248832464,12
4109,13,1,3.4467197013815785,0.06893439402763157,0.26513228472165984,2,1,1,1,15,0.003799503524710701,274.0,0.1569000305607915,12
4110,13,1,3.443371313085868,0.06886742626171735,0.2648747163912206,2,1,1,1,15,0.003348388295698612,274.0,0.14910002937540412,12
4111,13,2,3.4397873073505263,0.06879574614701052,0.26459902364234816,2,1,2,2,17,0.0035840057353198063,114.0,0.13899995246902108,22
4112,13,0,3.436678865013328,0.06873357730026657,0.2643599126933329,2,2,2,2,0,0.0031084423372007564,17.0,0.031400006264448166,0
4113,13,1,3.4289445706673267,0.06857889141334654,0.26376496697440976,3,1,2,1,15,0.007734294345972614,274.0,0.14620000729337335,12
4114,13,0,3.4270240446750453,0.0685404808935009,0.26361723420577265,2,2,2,2,0,0.0019205259922898676,17.0,0.029699993319809437,0
4115,13,0,3.4220094029357098,0.0684401880587142,0.26323149253351613,5,5,5,5,0,0.005014641739336412,17.0,0.04469999112188816,0
4116,13,1,3.41760821278711,0.0683521642557422,0.26289293944516234,3,1,3,2,15,0.004401190148577427,274.0,0.14570000348612666,12
4117,13,1,3.41497918742392,0.0682995837484784,0.26269070672491696,3,1,2,2,15,0.002629025363170001,274.0,0.25809998624026775,12
4118,13,0,3.4131767223507388,0.06826353444701477,0.2625520555654414,2,2,2,2,0,0.001802465073183157,17.0,0.03350002225488424,0
4119,13,0,3.4108589371826814,0.06821717874365363,0.2623737643986678,2,2,2,2,0,0.002317785168060027,17.0,0.02440001117065549,0
4120,13,2,3.4080299123604307,0.06816059824720862,0.26215614710464846,3,2,2,2,17,0.002829024822226245,144.0,0.16689999029040337,22
4121,13,3,3.4046668803507725,0.06809333760701546,0.2618974523346748,3,2,3,3,19,0.0033630320096307287,104.0,0.139000010676682,30
4122,13,0,3.4025988990979044,0.06805197798195808,0.261738376853685,2,2,2,2,0,0.0020679812528712205,17.0,0.022199994418770075,0
4123,13,0,3.4010795504288103,0.0680215910085762,0.26162150387913924,2,2,2,2,0,0.001519348669091869,17.0,0.031800009310245514,0
4124,13,0,3.3987617652607534,0.06797523530521507,0.2614432127123656,2,2,2,2,0,0.002317785168060027,17.0,0.023699947632849216,0
4125,13,0,3.3980187471706556,0.06796037494341312,0.2613860574746658,1,1,1,1,0,0.0007430180900982464,17.0,0.01999997766688466,0
4126,13,2,3.3947239155518947,0.0678944783110379,0.2611326088886073,3,1,2,2,17,0.0032948316187386695,214.0,0.09119999594986439,22
4127,13,0,3.3939808974617964,0.06787961794923593,0.2610754536509075,1,1,1,1,0,0.0007430180900982464,17.0,0.02440001117065549,0
4128,13,0,3.392803389559613,0.06785606779119226,0.26098487611997023,1,1,1,1,0,0.0011775079021845158,17.0,0.02099998528137803,0
4129,13,0,3.391511738885741,0.06783023477771483,0.26088551837582624,1,1,1,1,0,0.0012916506738704925,17.0,0.020099978428333998,0
4130,13,1,3.3875310784736676,0.06775062156947335,0.26057931372874366,3,1,2,2,15,0.003980660412054249,274.0,0.09250000584870577,12
4131,13,0,3.3862394277997963,0.06772478855599592,0.2604799559845997,1,1,1,1,0,0.001291650673863387,17.0,0.021199986804276705,0
4132,13,1,3.3836076893892844,0.06767215378778568,0.26027751456840653,2,1,1,1,15,0.0026317384104999064,274.0,0.14179997378960252,12
4133,13,0,3.3803851042803985,0.06760770208560797,0.2600296234061845,2,2,2,2,0,0.0032225851088796276,17.0,0.023800006601959467,0
4134,13,0,3.379892232248735,0.0675978446449747,0.2599917101729796,1,1,1,1,0,0.0004928720316641488,17.0,0.021299987565726042,0
4135,13,0,3.379892232248735,0.0675978446449747,0.2599917101729796,0,0,0,0,0,0.0,0.0,0.019799976143985987,0
4136,13,2,3.3776822727955182,0.06755364545591036,0.25982171329196296,2,1,1,1,17,0.002209959453196575,154.0,0.08780002826824784,22
4137,13,0,3.375364487627461,0.06750728975254922,0.2596434221251893,2,2,2,2,0,0.0023177851680529216,17.0,0.019900035113096237,0
4138,13,1,3.372622284024385,0.06745244568048771,0.25943248338649116,2,1,1,1,15,0.0027422036030557706,274.0,0.08840003283694386,12
4139,13,1,3.370095600960341,0.06740191201920682,0.2592381231507955,3,1,2,2,15,0.0025266830640333637,274.0,0.08620001608505845,12
4140,13,0,3.370095600960341,0.06740191201920682,0.2592381231507955,0,0,0,0,0,0.0,0.0,0.025800021830946207,0
4141,13,0,3.3680609321963715,0.06736121864392743,0.2590816101689517,2,2,2,2,0,0.002034668763968739,17.0,0.022799998987466097,0
4142,13,0,3.3657431470283146,0.0673148629405663,0.25890331900217806,2,2,2,2,0,0.002317785168060027,17.0,0.02400000812485814,0
4143,13,0,3.361494427425243,0.06722988854850487,0.25857649441732644,3,3,3,3,0,0.004248719603069162,17.0,0.024300010409206152,0
4144,13,1,3.3596296252107076,0.06719259250421415,0.25843304809313133,2,1,1,1,15,0.0018648022145129062,274.0,0.09549997048452497,12
4145,13,0,3.3553809056076362,0.06710761811215273,0.25810622350827966,3,3,3,3,0,0.004248719603069162,17.0,0.02540001878514886,0
4146,13,2,3.352093781831467,0.06704187563662935,0.2578533678331898,5,2,3,3,17,0.0032871237761469274,144.0,0.09020004654303193,22
4147,13,0,3.3500591130674975,0.06700118226134995,0.25769685485134597,2,2,2,2,0,0.002034668763968739,17.0,0.024600012693554163,0
4148,13,0,3.3463590260482006,0.06692718052096401,0.2574122327729385,3,3,3,3,0,0.003700087019296916,17.0,0.025099958293139935,0
4149,13,0,3.3450673753743283,0.06690134750748657,0.2573128750287945,1,1,1,1,0,0.001291650673877598,17.0,0.023100001271814108,0
4150,13,1,3.3427339713524433,0.06685467942704887,0.25713338241172645,2,1,1,1,15,0.002333404021854335,274.0,0.09290000889450312,12
4151,13,2,3.341946719533708,0.06683893439067416,0.25707282457951597,0,0,0,0,17,0.0007872518187213018,0.0,0.08890003664419055,22
4152,13,0,3.340655068859836,0.06681310137719672,0.256973466835372,1,1,1,1,0,0.001291650673863387,17.0,0.021799991372972727,0
4153,13,2,3.3398088278486258,0.06679617655697251,0.25690837137297123,0,0,0,0,17,0.0008462410111889085,0.0,0.23439998039975762,22
4154,13,1,3.3389899268274195,0.06677979853654839,0.25684537898672455,0,0,0,0,15,0.0008189010211907544,0.0,0.1262999721802771,12
4155,13,1,3.335636098296472,0.06671272196592944,0.25658739217665166,2,1,1,1,15,0.0033538285309262506,274.0,0.11500000255182385,12
4156,13,1,3.3348737191424047,0.0666974743828481,0.2565287476263388,0,0,0,0,15,0.000762379154046755,0.0,0.11319998884573579,12
4157,13,0,3.3348737191424047,0.0666974743828481,0.2565287476263388,0,0,0,0,0,0.0,0.0,0.025900022592395544,0
4158,13,0,3.333582068468533,0.06667164136937066,0.2564293898821948,1,1,1,1,0,0.0012916506738704925,17.0,0.0274000340141356,0
4159,13,2,3.3314692840449895,0.0666293856808998,0.2562668680034607,1,1,1,1,17,0.002112784423523806,234.0,0.1694000093266368,22
4160,13,2,3.330676379764558,0.06661352759529116,0.25620587536650447,0,0,0,0,17,0.0007929042804022401,0.0,0.15300000086426735,22
4161,13,0,3.3292031658203216,0.06658406331640643,0.2560925512169478,1,1,1,1,0,0.0014732139442372727,17.0,0.03809999907389283,0
4162,13,2,3.3283382318596986,0.06656676463719396,0.2560260178353614,0,0,0,0,17,0.0008649339606066064,0.0,0.1477000187151134,22
4163,13,1,3.327537791479868,0.06655075582959735,0.2559644454984514,0,0,0,0,15,0.0008004403798125281,0.0,0.15350000467151403,12
4164,13,0,3.327537791479868,0.06655075582959735,0.2559644454984514,0,0,0,0,0,0.0,0.0,0.0377000542357564,0
4165,13,1,3.3266246083236575,0.06653249216647315,0.2558942006402814,0,0,0,0,15,0.0009131831561859372,0.0,0.16989995492622256,12
4166,13,1,3.32586222916959,0.0665172445833918,0.25583555608996855,0,0,0,0,15,0.0007623791540538605,0.0,0.15390000771731138,12
4167,13,0,3.32586222916959,0.0665172445833918,0.25583555608996855,0,0,0,0,0,0.0,0.0,0.03450002986937761,0
4168,13,0,3.32586222916959,0.0665172445833918,0.25583555608996855,0,0,0,0,0,0.0,0.0,0.03029999788850546,0
4169,13,1,3.325043328148384,0.06650086656296768,0.2557725637037219,0,0,0,0,15,0.0008189010211836489,0.0,0.1441999920643866,12
4170,13,1,3.324275261563621,0.06648550523127242,0.25571348165874,0,0,0,0,15,0.0007680665847473733,0.0,0.14640000881627202,12
4171,13,1,3.3219418575417357,0.0664388371508347,0.25553398904167196,2,1,1,1,15,0.0023334040218614405,274.0,0.14670001110062003,12
4172,13,0,3.3219418575417357,0.0664388371508347,0.25553398904167196,0,0,0,0,0,0.0,0.0,0.030800001695752144,0
4173,13,0,3.3219418575417357,0.0664388371508347,0.25553398904167196,0,0,0,0,0,0.0,0.0,0.027300033252686262,0
4174,13,1,3.3207681587585807,0.06641536317517162,0.2554437045198908,0,0,0,0,15,0.0011736987831412193,0.0,0.15469995560124516,12
4175,13,2,3.319890115169282,0.06639780230338564,0.2553761627053294,0,0,0,0,17,0.0008780435892674632,0.0,0.13450003461912274,22
4176,13,0,3.319890115169282,0.06639780230338564,0.2553761627053294,0,0,0,0,0,0.0,0.0,0.02269999822601676,0
4177,13,0,3.317959180734268,0.06635918361468536,0.2552276292872514,1,1,1,1,0,0.001930934435023346,17.0,0.04549999721348286,0
4178,13,0,3.317959180734268,0.06635918361468536,0.2552276292872514,0,0,0,0,0,0.0,0.0,0.04020001506432891,0
4179,13,0,3.317959180734268,0.06635918361468536,0.2552276292872514,0,0,0,0,0,0.0,0.0,0.025600020308047533,0
4180,13,1,3.317217613902833,0.06634435227805666,0.2551705856848333,0,0,0,0,15,0.0007415668314081358,0.0,0.17749995458871126,12
4181,13,2,3.316464910798319,0.06632929821596638,0.2551126854460245,0,0,0,0,17,0.0007527031044958221,0.0,0.14949997421354055,22
4182,13,0,3.316464910798319,0.06632929821596638,0.2551126854460245,0,0,0,0,0,0.0,0.0,0.03789999755099416,0
4183,13,1,3.3155517276421085,0.06631103455284217,0.2550424405878545,0,0,0,0,15,0.0009131831561930426,0.0,0.15009997878223658,12
4184,13,2,3.31467368405281,0.0662934736810562,0.25497489877329305,0,0,0,0,17,0.0008780435892745686,0.0,0.14680001186206937,22
4185,13,0,3.31467368405281,0.0662934736810562,0.25497489877329305,0,0,0,0,0,0.0,0.0,0.03439997090026736,0
4186,13,2,3.312669769879596,0.06625339539759192,0.2548207515291997,2,1,1,1,17,0.0020039141732013377,174.0,0.24919997667893767,22
4187,13,0,3.31164363538541,0.06623287270770821,0.25474181810657004,1,1,1,1,0,0.001026134494182429,17.0,0.029699993319809437,0
4188,13,0,3.31164363538541,0.06623287270770821,0.25474181810657004,0,0,0,0,0,0.0,0.0,0.25049998657777905,0
4189,13,2,3.309727534288217,0.06619455068576434,0.25459442571447827,1,1,1,1,17,0.0019161010971657788,54.0,0.1705000177025795,22
4190,13,1,3.307200851224173,0.06614401702448346,0.2544000654787826,3,1,2,2,15,0.0025266830640333637,274.0,0.13509998098015785,12
4191,13,1,3.3033364209923946,0.0660667284198479,0.2541028016147996,3,1,2,2,15,0.003864430231743654,274.0,0.1640000264160335,12
4192,13,0,3.3023102864982095,0.06604620572996418,0.25402386819216993,1,1,1,1,0,0.0010261344941895345,17.0,0.02859998494386673,0
4193,13,0,3.3012841520040235,0.06602568304008047,0.2539449347695403,1,1,1,1,0,0.0010261344941895345,17.0,0.026899971999228,0
4194,13,0,3.3002580175098384,0.06600516035019677,0.2538660013469106,1,1,1,1,0,0.001026134494182429,17.0,0.027500034775584936,0
4195,13,0,3.3002580175098384,0.06600516035019677,0.2538660013469106,0,0,0,0,0,0.0,0.0,0.026799971237778664,0
4196,13,0,3.2982385477288014,0.06596477095457604,0.25371065751760014,2,2,2,2,0,0.0020194697810325124,17.0,0.022599997464567423,0
4197,13,0,3.2972124132346154,0.0659442482646923,0.2536317240949704,1,1,1,1,0,0.0010261344941895345,17.0,0.026600027922540903,0
4198,13,0,3.2951929434535785,0.06590385886907157,0.2534763802656599,2,2,2,2,0,0.002019469781039618,17.0,0.024500011932104826,0
4199,13,1,3.291952253334121,0.06583904506668242,0.253227096410317,3,1,2,2,15,0.0032406901194406146,274.0,0.15940004959702492,12
4200,13,2,3.289688333401207,0.06579376666802414,0.25305294872316975,2,1,2,2,17,0.002263919932886438,134.0,0.16339996363967657,22
4201,13,2,3.287504801977729,0.06575009603955458,0.2528849847675176,2,1,1,1,17,0.002183531423469276,154.0,0.1648000325076282,22
4202,13,1,3.2867367353929655,0.06573473470785932,0.2528259027225358,0,0,0,0,15,0.0007680665847402679,0.0,0.18269999418407679,12
4203,13,0,3.285743400106114,0.06571486800212228,0.2527494923158549,1,1,1,1,0,0.0009933352868500833,17.0,0.056500022765249014,0
4204,13,0,3.285743400106114,0.06571486800212228,0.2527494923158549,0,0,0,0,0,0.0,0.0,0.03160000778734684,0
4205,13,1,3.2846984209763592,0.06569396841952718,0.25266910930587383,0,0,0,0,15,0.0010449791297375555,0.0,0.13679999392479658,12
4206,13,1,3.2826652034710526,0.06565330406942105,0.2525127079593117,1,1,1,1,15,0.0020332175052857338,274.0,0.13160001253709197,12
4207,13,0,3.2826652034710526,0.06565330406942105,0.2525127079593117,0,0,0,0,0,0.0,0.0,0.035299977753311396,0
4208,13,1,3.2793961892076977,0.06558792378415396,0.252261245323669,2,1,1,1,15,0.0032690142633384767,274.0,0.16080000204965472,12
4209,13,0,3.2793961892076977,0.06558792378415396,0.252261245323669,0,0,0,0,0,0.0,0.0,0.03260001540184021,0
4210,13,2,3.277353936242288,0.06554707872484576,0.25210414894171446,2,1,1,1,17,0.0020422529653885135,114.0,0.1506999833509326,22
4211,13,0,3.276360600955436,0.06552721201910872,0.2520277385350335,1,1,1,1,0,0.0009933352868500833,17.0,0.031400006264448166,0
4212,13,1,3.2732664686547563,0.06546532937309513,0.2517897283580582,2,1,1,1,15,0.003094132300660135,274.0,0.1517999917268753,12
4213,13,1,3.27145768142926,0.0654291536285852,0.25165059087917385,1,1,1,1,15,0.00180878722547817,274.0,0.16430002870038152,12
4214,13,0,3.27145768142926,0.0654291536285852,0.25165059087917385,0,0,0,0,0,0.0,0.0,0.02870004391297698,0
4215,13,0,3.26949159545336,0.06538983190906719,0.25149935349641234,2,2,2,2,0,0.0019660859759014215,17.0,0.025600020308047533,0
4216,13,0,3.266840873606939,0.06533681747213878,0.25129545181591845,2,2,2,2,0,0.0026507218464217885,17.0,0.02540001878514886,0
4217,13,0,3.2653676596627026,0.06530735319325405,0.2511821276663618,1,1,1,1,0,0.0014732139442372727,17.0,0.027500034775584936,0
4218,13,0,3.263894445718466,0.06527788891436932,0.2510688035168051,1,1,1,1,0,0.0014732139442372727,17.0,0.025099958293139935,0
4219,13,1,3.2606926198188653,0.06521385239637731,0.25082250921683574,3,1,2,2,15,0.0032018258995805127,274.0,0.15670002903789282,12
4220,13,0,3.259219405874629,0.06518438811749258,0.25070918506727913,1,1,1,1,0,0.0014732139442372727,17.0,0.06529997335746884,0
4221,13,1,3.256962856972873,0.06513925713945745,0.2505356043825287,2,1,1,1,15,0.0022565489017409845,274.0,0.16840000171214342,12
4222,13,0,3.2556712062990005,0.06511342412598001,0.2504362466383847,1,1,1,1,0,0.001291650673863387,17.0,0.04210002953186631,0
4223,13,1,3.2528370019770785,0.06505674003954157,0.2502182309213138,3,1,2,2,15,0.002834204321914058,274.0,0.16270001651719213,12
4224,13,1,3.250611358781618,0.06501222717563236,0.25004702759858594,3,1,3,3,15,0.002225643195437499,274.0,0.16980001237243414,12
4225,13,2,3.2475990712399287,0.06495198142479858,0.24981531317230224,3,1,3,3,17,0.003012287541672265,154.0,0.15999999595806003,22
4226,13,0,3.245703486937291,0.06491406973874582,0.2496694989951762,2,2,2,2,0,0.001895584302630482,17.0,0.022799998987466097,0
4227,13,0,3.243133467332624,0.06486266934665248,0.24947180517943265,3,3,3,3,0,0.002570019604675622,17.0,0.01910002902150154,0
4228,13,0,3.241056319759621,0.06482112639519241,0.24931202459689394,2,2,2,2,0,0.0020771475730043676,17.0,0.017899961676448584,0
4229,13,3,3.236195033229695,0.0647239006645939,0.24893807947920735,4,2,2,2,19,0.004861286529894926,114.0,0.06809999467805028,30
4230,13,0,3.2313072284569713,0.06462614456913943,0.24856209449669014,5,5,5,5,0,0.004887804772728543,17.0,0.017599959392100573,0
4231,13,1,3.228849592838501,0.06457699185677002,0.24837304560296153,3,1,2,2,15,0.002457635618455356,274.0,0.15550001990050077,12
4232,13,0,3.2268835068626007,0.06453767013725202,0.2482218082202,2,2,2,2,0,0.0019660859759014215,17.0,0.02829998265951872,0
4233,13,0,3.2263906348309375,0.06452781269661875,0.24818389498699517,1,1,1,1,0,0.0004928720316641488,17.0,0.032800016924738884,0
4234,13,0,3.224424548855038,0.06448849097710076,0.2480326576042336,2,2,2,2,0,0.0019660859759014215,17.0,0.03200001083314419,0
4235,13,2,3.221546797448412,0.06443093594896825,0.24781129211141628,2,1,2,2,17,0.002877751406600737,214.0,0.14969997573643923,22
4236,13,1,3.219337127465515,0.0643867425493103,0.24764131749734733,2,1,1,1,15,0.0022096699828821897,274.0,0.1613000058569014,12
4237,13,0,3.2173710414896153,0.0643474208297923,0.24749008011458581,2,2,2,2,0,0.001966085975894316,17.0,0.03220001235604286,0
4238,13,0,3.215404955513715,0.0643080991102743,0.24733884273182433,2,2,2,2,0,0.001966085975908527,17.0,0.026699970476329327,0
4239,13,1,3.21423125673056,0.06428462513461121,0.2472485582100431,0,0,0,0,15,0.001173698783134114,0.0,0.15929999062791467,12
4240,13,0,3.21226517075466,0.0642453034150932,0.24709732082728156,2,2,2,2,0,0.001966085975894316,17.0,0.04299997817724943,0
4241,13,0,3.210480648049125,0.0642096129609825,0.2469600498499327,2,2,2,2,0,0.0017845227055346413,17.0,0.041700026486068964,0
4242,13,0,3.207222911399353,0.06414445822798706,0.24670945472302724,3,3,3,3,0,0.003257736649771914,17.0,0.040000013541430235,0
4243,13,1,3.2051896938940465,0.06410379387788093,0.24655305337646516,1,1,1,1,15,0.0020332175052857338,274.0,0.36419997923076153,12
4244,13,0,3.2034051711885114,0.06406810342377023,0.2464157823991163,2,2,2,2,0,0.0017845227055346413,17.0,0.06669998401775956,0
4245,13,0,3.2021135205146396,0.0640422704102928,0.2463164246549723,1,1,1,1,0,0.001291650673877598,17.0,0.033100019209086895,0
4246,13,2,3.201271450862249,0.06402542901724498,0.24625165006632693,0,0,0,0,17,0.0008420696523643301,0.0,0.1278999843634665,22
4247,13,0,3.1993053648863494,0.06398610729772698,0.24610041268356536,2,2,2,2,0,0.0019660859759014215,17.0,0.033299962524324656,0
4248,13,0,3.196469326983734,0.06392938653967467,0.24588225592182575,3,3,3,3,0,0.002836037902618216,17.0,0.03090000245720148,0
4249,13,1,3.1913852837995846,0.06382770567599169,0.24549117567689116,6,1,5,5,15,0.005084043184133691,274.0,0.6745000137016177,12
4250,13,2,3.185483343748487,0.06370966687496975,0.24503718028834515,5,2,3,3,17,0.0059019400510749165,144.0,0.17770001431927085,22
4251,13,0,3.185483343748487,0.06370966687496975,0.24503718028834515,0,0,0,0,0,0.0,0.0,0.03460003063082695,0
4252,13,1,3.1828826630221063,0.06365765326044212,0.24483712792477744,3,1,2,2,15,0.002600680726359883,274.0,0.12790004257112741,12
4253,13,1,3.179719622194405,0.06359439244388809,0.24459381709187733,3,1,2,2,15,0.0031630408276797084,274.0,0.14050002209842205,12
4254,13,2,3.177982275318884,0.06355964550637769,0.24446017502452952,2,1,1,1,17,0.0017373468755081944,134.0,0.1327999634668231,22
4255,13,1,3.175753262006916,0.06351506524013832,0.24428871246207046,2,1,1,1,15,0.0022290133119469147,274.0,0.1243999577127397,12
4256,13,1,3.1727321238938933,0.06345464247787787,0.24405631722260718,4,1,3,3,15,0.003021138113005861,274.0,0.1156999496743083,12
4257,13,1,3.171558425110738,0.06343116850221475,0.24396603270082598,0,0,0,0,15,0.001173698783134114,0.0,0.11530000483617187,12
4258,13,0,3.1697241919206385,0.06339448383841277,0.24382493784004908,2,2,2,2,0,0.0018342331901024522,17.0,0.02239999594166875,0
4259,13,0,3.1687599106572546,0.06337519821314509,0.24375076235825033,1,1,1,1,0,0.0009642812633856579,17.0,0.024600012693554163,0
4260,13,0,3.165477844225814,0.06330955688451628,0.24349829570967796,3,3,3,3,0,0.0032820664314385795,17.0,0.039700011257082224,0
4261,13,0,3.1641861935519415,0.06328372387103882,0.24339893796553397,1,1,1,1,0,0.001291650673877598,17.0,0.0371999922208488,0
4262,13,1,3.1585595123198917,0.06317119024639783,0.2429661163322994,5,1,4,4,15,0.005626681232023145,274.0,0.15360000543296337,12
4263,13,1,3.1552834010435973,0.06310566802087195,0.24271410777258437,3,1,3,3,15,0.0032761112762784705,274.0,0.15209999401122332,12
4264,13,0,3.1500109734836137,0.06300021946967227,0.24230853642181646,2,2,2,2,0,0.005272427559987136,17.0,0.038700003642588854,0
4265,13,2,3.1449366012172817,0.06289873202434564,0.24191820009363701,5,2,3,3,17,0.005074372266307137,144.0,0.14369998825713992,22
4266,13,0,3.1416545347858404,0.06283309069571681,0.2416657334450646,3,3,3,3,0,0.0032820664314385795,17.0,0.03860000288113952,0
4267,13,0,3.136898582798917,0.06273797165597834,0.24129989098453203,5,5,5,5,0,0.004755951986929574,17.0,0.0344999716617167,0
4268,13,0,3.1342594782879183,0.06268518956575836,0.2410968829452244,3,3,3,3,0,0.00263910451099747,17.0,0.0371999922208488,0
4269,13,0,3.1332333437937328,0.06266466687587466,0.24101794952259475,1,1,1,1,0,0.0010261344941895345,17.0,0.0350000336766243,0
4270,13,0,3.1308602575806828,0.06261720515161366,0.24083540442928325,3,3,3,3,0,0.0023730862130477703,17.0,0.03450002986937761,0
4271,13,0,3.126584715784033,0.06253169431568066,0.24050651659877176,2,2,2,2,0,0.004275541796651794,17.0,0.04040001658722758,0
4272,13,0,3.1243810733876636,0.062487621467753274,0.24033700564520485,2,2,2,2,0,0.0022036423963740503,17.0,0.03290001768618822,0
4273,13,1,3.1211613768787037,0.06242322753757407,0.24008933668297722,5,1,4,4,15,0.003219696508935499,274.0,0.13860000763088465,12
4274,13,1,3.1166346825514046,0.062332693651028094,0.2397411294270311,5,1,4,4,15,0.004526694327275038,274.0,0.13379997108131647,12
4275,13,2,3.1144232964896084,0.06228846592979217,0.2395710228068929,2,1,1,1,17,0.0022113860617736236,154.0,0.16029999824240804,22
4276,13,3,3.113582506288188,0.06227165012576376,0.2395063466375529,0,0,0,0,19,0.0008407902014013757,0.0,0.14570000348612666,30
4277,13,1,3.105752814565231,0.06211505629130462,0.2389040626588639,3,1,2,1,15,0.007829691722939458,274.0,0.15689997235313058,12
4278,13,1,3.103817968491864,0.062076359369837276,0.23875522834552804,2,1,1,1,15,0.0019348460733468187,274.0,0.242199981585145,12
4279,13,0,3.101827552734295,0.0620365510546859,0.2386021194410996,2,2,2,2,0,0.0019904157575751924,17.0,0.028099981136620045,0
4280,13,1,3.099085304879508,0.061981706097590156,0.23839117729842366,3,1,2,2,15,0.00274224785476207,274.0,0.17529999604448676,12
4281,13,0,3.0958032384480667,0.06191606476896133,0.2381387106498513,3,3,3,3,0,0.003282066431445685,17.0,0.043700041715055704,0
4282,13,1,3.090408207710694,0.061808164154213883,0.237723708285438,3,1,3,3,15,0.005395030737354034,274.0,0.1742999884299934,12
4283,13,0,3.089538255783979,0.06179076511567958,0.23765678890645986,1,1,1,1,0,0.0008699519267167943,17.0,0.044899992644786835,0
4284,13,0,3.088512121289793,0.06177024242579586,0.23757785548383023,1,1,1,1,0,0.001026134494182429,17.0,0.04050001734867692,0
4285,13,0,3.0876421693630776,0.06175284338726155,0.23751093610485208,1,1,1,1,0,0.0008699519267167943,17.0,0.039899954572319984,0
4286,13,2,3.083901941272041,0.061678038825440824,0.23722322625169548,3,2,2,2,15,0.0037402280910185937,144.0,0.1626000157557428,22
4287,13,2,3.081459077511269,0.061629181550225384,0.23703531365471298,2,1,1,1,17,0.002442863760748537,134.0,0.17519999528303742,22
4288,13,1,3.0806436255726237,0.06161287251145248,0.23697258658250953,0,0,0,0,15,0.0008154519386280867,0.0,0.728099956177175,12
4289,13,2,3.0798703183603555,0.06159740636720711,0.23691310141233504,0,0,0,0,17,0.000773307212249108,0.0,0.13500003842636943,22
4290,13,1,3.0791079392062883,0.06158215878412577,0.23685445686202214,0,0,0,0,15,0.000762379154046755,0.0,0.09249994764104486,12
4291,13,0,3.07675292340192,0.0615350584680384,0.2366733018001477,1,1,1,1,0,0.0023550158043690317,17.0,0.01880002673715353,0
4292,13,1,3.0740608348574603,0.061481216697149205,0.23646621806595852,3,1,2,2,15,0.002692088544449689,274.0,0.07500004721805453,12
4293,13,0,3.071857192461091,0.061437143849221824,0.23629670711239162,2,2,2,2,0,0.002203642396366945,17.0,0.01610000617802143,0
4294,13,1,3.0691835315327523,0.06138367063065504,0.23609104088713478,2,1,1,1,15,0.002673660928316224,274.0,0.10190001921728253,12
4295,13,0,3.0691835315327523,0.06138367063065504,0.23609104088713478,0,0,0,0,0,0.0,0.0,0.019700033590197563,0
4296,13,0,3.0685795979039856,0.06137159195807971,0.23604458445415272,1,1,1,1,0,0.0006039336287670949,17.0,0.015600002370774746,0
4297,13,0,3.06645665774937,0.061329133154987406,0.23588128136533612,3,3,3,3,0,0.0021229401546207782,17.0,0.01750001683831215,0
4298,13,1,3.0636637293061724,0.061273274586123444,0.23566644071585938,2,1,1,1,15,0.0027929284431778,274.0,0.11360005009919405,12
4299,13,0,3.0636637293061724,0.061273274586123444,0.23566644071585938,0,0,0,0,0,0.0,0.0,0.017400016076862812,0
4300,13,1,3.062874116455758,0.061257482329115154,0.2356057012658275,0,0,0,0,15,0.0007896128503901423,0.0,0.0950000248849392,12
4301,13,0,3.062874116455758,0.061257482329115154,0.2356057012658275,0,0,0,0,0,0.0,0.0,0.0295999925583601,0
4302,13,0,3.0618479819615723,0.061236959639231446,0.23552676784319784,1,1,1,1,0,0.0010261344941895345,17.0,0.023800006601959467,0
4303,13,2,3.061048086026365,0.0612209617205273,0.23546523738664346,0,0,0,0,17,0.000799895935188033,0.0,0.10659999679774046,22
4304,13,0,3.061048086026365,0.0612209617205273,0.23546523738664346,0,0,0,0,0,0.0,0.0,0.032100011594593525,0
4305,13,0,3.06002195153218,0.0612004390306436,0.2353863039640138,1,1,1,1,0,0.001026134494182429,17.0,0.02340000355616212,0
4306,13,0,3.058995817037994,0.06117991634075988,0.23530737054138415,1,1,1,1,0,0.0010261344941895345,17.0,0.023200002033263445,0
4307,13,2,3.0581164523590796,0.06116232904718159,0.23523972710454458,0,0,0,0,17,0.0008793646788944898,0.0,0.09220000356435776,22
4308,13,0,3.0581164523590796,0.06116232904718159,0.23523972710454458,0,0,0,0,0,0.0,0.0,0.022499996703118086,0
4309,13,0,3.057090317864894,0.06114180635729788,0.2351607936819149,1,1,1,1,0,0.001026134494182429,17.0,0.02010003663599491,0
4310,13,0,3.05612603660151,0.0611225207320302,0.23508661820011614,1,1,1,1,0,0.0009642812633856579,17.0,0.021600048057734966,0
4311,13,2,3.0553472602119305,0.06110694520423861,0.2350267123239946,0,0,0,0,17,0.0007787763895592548,0.0,0.08590001380071044,22
4312,13,0,3.0543829789485466,0.06108765957897093,0.23495253684219586,1,1,1,1,0,0.0009642812633856579,17.0,0.020600040443241596,0
4313,13,2,3.052451497332968,0.06104902994665937,0.23480396133330525,1,1,1,1,17,0.001931481615557118,54.0,0.08490000618621707,22
4314,13,0,3.051425362838782,0.061028507256775645,0.23472502791067557,1,1,1,1,0,0.001026134494182429,17.0,0.02010003663599491,0
4315,13,1,3.0505313240072782,0.06101062648014557,0.23465625569286758,0,0,0,0,15,0.0008940388314897518,0.0,0.08839997462928295,12
4316,13,0,3.0505313240072782,0.06101062648014557,0.23465625569286758,0,0,0,0,0,0.0,0.0,0.019099970813840628,0
4317,13,1,3.049730883627448,0.06099461767254896,0.23459468335595754,0,0,0,0,15,0.0008004403798125281,0.0,0.08570001227781177,12
4318,13,1,3.0489893167960127,0.06097978633592025,0.23453763975353942,0,0,0,0,15,0.0007415668314152413,0.0,0.08430000161752105,12
4319,13,1,3.0481704157748064,0.060963408315496126,0.23447464736729284,0,0,0,0,15,0.0008189010211836489,0.0,0.10120001388713717,12
4320,13,0,3.0481704157748064,0.060963408315496126,0.23447464736729284,0,0,0,0,0,0.0,0.0,0.026100024115294218,0
4321,13,1,3.047408096781215,0.0609481619356243,0.23441600744470886,0,0,0,0,15,0.0007623189935728192,0.0,0.0914999982342124,12
4322,13,2,3.0466399626565224,0.06093279925313045,0.23435692020434784,0,0,0,0,17,0.0007681341246694728,0.0,0.08730002446100116,22
4323,13,2,3.0457771293517215,0.06091554258703443,0.23429054841167088,0,0,0,0,17,0.0008628333047795422,0.0,0.08659996092319489,22
4324,13,1,3.0450147501976543,0.06090029500395309,0.23423190386135806,0,0,0,0,15,0.0007623791540538605,0.0,0.08899997919797897,12
4325,13,0,3.0450147501976543,0.06090029500395309,0.23423190386135806,0,0,0,0,0,0.0,0.0,0.034800032153725624,0
4326,13,0,3.0450147501976543,0.06090029500395309,0.23423190386135806,0,0,0,0,0,0.0,0.0,0.07379997987300158,0
4327,13,1,3.0441958491764485,0.06088391698352897,0.23416891147511143,0,0,0,0,15,0.0008189010211836489,0.0,0.11379999341443181,12
4328,13,1,3.0433803972378035,0.06086760794475607,0.23410618440290795,0,0,0,0,15,0.0008154519386280867,0.0,0.08939998224377632,12
4329,13,0,3.0433803972378035,0.06086760794475607,0.23410618440290795,0,0,0,0,0,0.0,0.0,0.017000013031065464,0
4330,13,0,3.0433803972378035,0.06086760794475607,0.23410618440290795,0,0,0,0,0,0.0,0.0,0.014699995517730713,0
4331,13,1,3.0406995518699205,0.06081399103739841,0.23389996552845538,2,1,1,1,15,0.0026808453678626165,274.0,0.0697999494150281,12
4332,13,0,3.0400956182411534,0.06080191236482307,0.2338535090954733,1,1,1,1,0,0.0006039336287670949,17.0,0.01729995710775256,0
4333,13,0,3.039491684612387,0.06078983369224775,0.2338070526624913,1,1,1,1,0,0.0006039336287670949,17.0,0.02489995677024126,0
4334,13,1,3.038381614581283,0.060767632291625656,0.2337216626600986,0,0,0,0,15,0.0011100700310890943,0.0,0.10869995458051562,12
4335,13,1,3.037487575749779,0.06074975151499558,0.2336528904422907,0,0,0,0,15,0.0008940388314826464,0.0,0.1362999901175499,12
4336,13,0,3.036617623823063,0.06073235247646126,0.23358597106331255,1,1,1,1,0,0.0008699519267167943,17.0,0.031200004741549492,0
4337,13,1,3.0358760569916283,0.060717521139832566,0.2335289274608945,0,0,0,0,15,0.0007415668314152413,0.0,0.15870004426687956,12
4338,13,0,3.0358760569916283,0.060717521139832566,0.2335289274608945,0,0,0,0,0,0.0,0.0,0.026699970476329327,0
4339,13,1,3.0349628738354175,0.06069925747670835,0.23345868260272448,0,0,0,0,15,0.0009131831561930426,0.0,0.14620000729337335,12
4340,13,1,3.0340688350039136,0.06068137670007827,0.23338991038491647,0,0,0,0,15,0.0008940388314826464,0.0,0.17339998157694936,12
4341,13,0,3.033464901375147,0.06066929802750294,0.23334345395193437,1,1,1,1,0,0.0006039336287670949,17.0,0.041599967516958714,0
4342,13,1,3.0312424143432084,0.060624848286864166,0.233172493411016,1,1,1,1,15,0.0022224870319220713,274.0,0.1689000055193901,12
4343,13,0,3.0300649064410243,0.06060129812882049,0.23308191588007876,1,1,1,1,0,0.0011775079021845158,17.0,0.039899954572319984,0
4344,13,0,3.029194954514309,0.06058389909028618,0.23301499650110064,1,1,1,1,0,0.0008699519267167943,17.0,0.0391000066883862,0
4345,13,0,3.028325002587593,0.06056650005175186,0.23294807712212254,1,1,1,1,0,0.0008699519267167943,17.0,0.038499943912029266,0
4346,13,1,3.0256792648193933,0.06051358529638787,0.23274455883226103,2,1,1,1,15,0.0026457377681836647,274.0,0.1694000093266368,12
4347,13,0,3.0248093128926774,0.06049618625785355,0.2326776394532829,1,1,1,1,0,0.0008699519267167943,17.0,0.03950000973418355,0
4348,13,2,3.022865628351124,0.06045731256702248,0.23252812525777883,2,1,1,1,17,0.001943684541529933,154.0,0.16250001499429345,22
4349,13,1,3.021181444908435,0.0604236288981687,0.23239857268526426,2,1,1,1,15,0.001684183442669962,274.0,0.15700003132224083,12
4350,13,0,3.0205775112796687,0.06041155022559337,0.23235211625228225,1,1,1,1,0,0.0006039336287670949,17.0,0.03590004052966833,0
4351,13,0,3.0205775112796687,0.06041155022559337,0.23235211625228225,0,0,0,0,0,0.0,0.0,0.03589998232200742,0
4352,13,0,3.019973577650902,0.06039947155301804,0.23230565981930015,1,1,1,1,0,0.0006039336287670949,17.0,0.03250001464039087,0
4353,13,0,3.019230559560804,0.06038461119121608,0.23224850458160035,1,1,1,1,0,0.0007430180900982464,17.0,0.3357999958097935,0
4354,13,1,3.0174126466460294,0.060348252932920586,0.23210866512661768,2,1,1,1,15,0.001817912914759745,274.0,0.3294000052846968,12
4355,13,1,3.0143989964804883,0.06028797992960976,0.23187684588311444,2,1,1,1,15,0.003013650165520687,274.0,0.17010001465678215,12
4356,13,1,3.011894523239827,0.06023789046479654,0.23168419409537128,2,1,2,2,15,0.0025044732406414028,274.0,0.16420002793893218,12
4357,13,1,3.011094082859996,0.060221881657199924,0.23162262175846127,0,0,0,0,15,0.0008004403798125281,0.0,0.159099989105016,12
4358,13,1,3.0079901749265985,0.06015980349853197,0.2313838596097383,3,1,2,2,15,0.0031039079333723407,274.0,0.1860000193119049,12
4359,13,2,3.0051087193281987,0.06010217438656398,0.23116220917909217,2,1,1,1,17,0.0028814555983771584,174.0,0.22220000391826034,22
4360,13,1,3.0023161742461593,0.060046323484923184,0.23094739801893535,3,1,2,2,15,0.0027925450820234232,274.0,0.24590000975877047,12
4361,13,0,3.0017122406173926,0.06003424481234785,0.23090094158595328,1,1,1,1,0,0.0006039336287670949,17.0,0.07559999357908964,0
4362,13,0,3.000686106123207,0.06001372212246414,0.23082200816332366,1,1,1,1,0,0.001026134494182429,17.0,0.06569997640326619,0
4363,13,0,2.9996599716290215,0.059993199432580434,0.23074307474069397,1,1,1,1,0,0.0010261344941895345,17.0,0.06539997411891818,0
4364,13,1,2.998859531249191,0.059977190624983814,0.23068150240378393,0,0,0,0,15,0.0008004403798125281,0.0,0.28060004115104675,12
4365,13,0,2.9982555976204246,0.059965111952408494,0.2306350459708019,1,1,1,1,0,0.0006039336287670949,17.0,0.06459996802732348,0
4366,13,0,2.9959378124523672,0.05991875624904734,0.23045675480402825,2,2,2,2,0,0.0023177851680529216,17.0,0.09600003249943256,0
4367,13,0,2.9959378124523672,0.05991875624904734,0.23045675480402825,0,0,0,0,0,0.0,0.0,0.07019995246082544,0
4368,13,0,2.994307744329415,0.0598861548865883,0.23033136494841655,2,2,2,2,0,0.0016300681229566294,17.0,0.062000006437301636,0
4369,13,0,2.992677676206463,0.05985355352412926,0.23020597509280483,2,2,2,2,0,0.001630068122949524,17.0,0.043899985030293465,0
4370,13,0,2.9915808705460334,0.05983161741092067,0.23012160542661794,2,2,2,2,0,0.0010968056604312437,17.0,0.03850000211969018,0
4371,13,1,2.9904708005149288,0.05980941601029857,0.2300362154242253,0,0,0,0,15,0.0011100700310890943,0.0,0.27840002439916134,12
4372,13,4,2.989021737624384,0.05978043475248768,0.22992474904802954,1,1,1,1,17,0.001449062890522157,94.0,0.2373000024817884,36
4373,13,1,2.986602984624688,0.05973205969249376,0.22973869112497594,2,1,1,1,15,0.002418752999680862,274.0,0.2538000117056072,12
4374,13,1,2.983402422685668,0.05966804845371336,0.22949249405274366,3,1,2,2,15,0.003200561938996316,274.0,0.27029996272176504,12
4375,13,1,2.980151575831186,0.059603031516623724,0.22924242891009128,3,1,2,2,15,0.0032508468544634184,274.0,0.2635999699123204,12
4376,13,1,2.9777761089207218,0.059555522178414436,0.22905970068620937,3,1,2,2,15,0.0023754669104434356,274.0,0.26190001517534256,12
4377,13,0,2.9761460407977696,0.059522920815955394,0.22893431083059765,2,2,2,2,0,0.001630068122949524,17.0,0.05259999306872487,0
4378,13,1,2.9714798987699824,0.05942959797539965,0.2285753768284602,3,1,2,2,15,0.004666142027772935,274.0,0.26950001483783126,12
4379,13,1,2.9687290103342034,0.05937458020668407,0.22836377002570799,3,1,2,2,15,0.0027508884357558827,274.0,0.2614000113680959,12
4380,13,0,2.966411225166146,0.059328224503322924,0.22818547885893434,2,2,2,2,0,0.002317785168060027,17.0,0.07100001676008105,0
4381,13,1,2.9656489061725546,0.05931297812345109,0.22812683893635036,0,0,0,0,15,0.0007623189935657138,0.0,0.1750999945215881,12
4382,13,0,2.9643572554986832,0.05928714510997366,0.22802748119220637,1,1,1,1,0,0.0012916506738704925,17.0,0.0714000198058784,0
4383,13,0,2.963580924919687,0.05927161849839374,0.2279677634553605,1,1,1,1,0,0.000776330579000728,17.0,0.042700034100562334,0
4384,13,1,2.962762023898481,0.05925524047796962,0.22790477106911386,0,0,0,0,15,0.0008189010211836489,0.0,0.17139996634796262,12
4385,13,1,2.9619939573137177,0.059239879146274356,0.22784568902413208,0,0,0,0,15,0.0007680665847473733,0.0,0.1677999971434474,12
4386,13,1,2.9580314824853353,0.059160629649706704,0.2275408832681027,3,1,2,2,15,0.003962474828362872,274.0,0.159399991389364,12
4387,13,0,2.9567622798746758,0.059135245597493516,0.227443252298052,2,2,2,2,0,0.0012692026106648768,17.0,0.037299992982298136,0
4388,13,1,2.953080035296166,0.05906160070592332,0.22716000271508968,3,1,2,2,15,0.0036822445784849833,274.0,0.18420000560581684,12
4389,13,0,2.9518108326855064,0.05903621665371013,0.22706237174503896,2,2,2,2,0,0.0012692026106648768,17.0,0.045199994929134846,0
4390,13,1,2.94889189963978,0.0589778379927956,0.2268378384338292,2,1,1,1,15,0.0029189330456986795,274.0,0.16840000171214342,12
4391,13,2,2.9455332871935878,0.05891066574387176,0.22657948363027602,4,2,2,2,17,0.0033586124461777445,144.0,0.1648000325076282,22
4392,13,1,2.9447917203621525,0.05889583440724305,0.22652244002785793,0,0,0,0,15,0.0007415668314152413,0.0,0.16389996744692326,12
4393,13,0,2.9440153897831562,0.058880307795663125,0.22646272229101205,1,1,1,1,0,0.000776330579000728,17.0,0.031200004741549492,0
4394,13,1,2.943214949403326,0.05886429898806652,0.22640114995410196,0,0,0,0,15,0.0008004403798125281,0.0,0.16250001499429345,12
4395,13,0,2.943214949403326,0.05886429898806652,0.22640114995410196,0,0,0,0,0,0.0,0.0,0.0323000131174922,0
4396,13,1,2.940890875065314,0.05881781750130628,0.22622237500502418,3,1,2,2,15,0.0023240743379844275,274.0,0.15139998868107796,12
4397,13,1,2.938957888448168,0.058779157768963364,0.22607368372678216,2,1,1,1,15,0.0019329866171275967,274.0,0.15480001457035542,12
4398,13,1,2.9367354014162297,0.058734708028324596,0.22590272318586382,1,1,1,1,15,0.0022224870319220713,274.0,0.1563999685458839,12
4399,13,0,2.9341950695556664,0.058683901391113326,0.22570731304274358,3,3,3,3,0,0.002540331860565459,17.0,0.02519995905458927,0
4400,13,0,2.9296692105622633,0.05859338421124526,0.225359170043251,2,2,2,2,0,0.004525858993403631,17.0,0.057699973694980145,0
4401,12,1,2.9259245333687405,0.05851849066737481,0.2438270444473951,3,1,2,1,15,0.0037446771934952494,274.0,0.18659996567294002,12
4402,12,1,2.925209551216571,0.058504191024331416,0.24376746260138085,0,0,0,0,14,0.0007149821521537092,0.0,0.15739997616037726,11
4403,12,2,2.9234757195194647,0.0584695143903893,0.24362297662662205,2,1,1,1,16,0.0017338316970949563,134.0,0.14190003275871277,20
4404,12,0,2.9214410507554955,0.05842882101510991,0.24345342089629127,2,2,2,2,0,0.002034668763968739,17.0,0.03809999907389283,0
4405,12,0,2.9206980326653973,0.05841396065330794,0.24339150272211643,1,1,1,1,0,0.0007430180900982464,17.0,0.0344999716617167,0
4406,12,0,2.920205160633734,0.05840410321267468,0.24335043005281118,1,1,1,1,0,0.0004928720316641488,17.0,0.03400002606213093,0
4407,12,0,2.9197122886020708,0.058394245772041414,0.2433093573835059,1,1,1,1,0,0.0004928720316641488,17.0,0.033400021493434906,0
4408,12,2,2.9181197197811706,0.058362394395623414,0.24317664331509756,1,1,1,1,16,0.001592568820882434,94.0,0.13619998935610056,20
4409,12,0,2.9171263844943187,0.058342527689886375,0.24309386537452657,1,1,1,1,0,0.0009933352868500833,17.0,0.03419996937736869,0
4410,12,0,2.9161330492074673,0.058322660984149344,0.24301108743395558,1,1,1,1,0,0.0009933352868500833,17.0,0.030800001695752144,0
4411,12,0,2.915139713920616,0.05830279427841232,0.24292830949338465,1,1,1,1,0,0.0009933352868500833,17.0,0.030800001695752144,0
4412,12,1,2.9110754907567813,0.05822150981513562,0.24258962422973182,2,1,1,1,14,0.004064223163815939,254.0,0.1373999984934926,11
4413,12,1,2.9079219454721037,0.05815843890944208,0.242326828789342,3,1,2,2,14,0.003153545284654058,254.0,0.13699999544769526,11
4414,12,1,2.905419096998965,0.0581083819399793,0.24211825808324713,2,1,1,1,14,0.0025028484731208778,254.0,0.1355000422336161,11
4415,12,0,2.9044257617121136,0.05808851523424227,0.24203548014267615,1,1,1,1,0,0.0009933352868500833,17.0,0.02759997732937336,0
4416,12,1,2.9036948136404748,0.0580738962728095,0.2419745678033729,0,0,0,0,14,0.0007309480716202188,0.0,0.15109998639672995,11
4417,12,0,2.9036948136404748,0.0580738962728095,0.2419745678033729,0,0,0,0,0,0.0,0.0,0.026800029445439577,0
4418,12,1,2.9017432193038912,0.05803486438607783,0.2418119349419909,2,1,1,1,14,0.0019515943365675525,254.0,0.12779998360201716,11
4419,12,1,2.900005986222006,0.05800011972444012,0.24166716551850045,1,1,1,1,14,0.0017372330818687942,254.0,0.13449997641146183,11
4420,12,1,2.898268753140121,0.057965375062802416,0.2415223960950101,1,1,1,1,14,0.0017372330818687942,254.0,0.14210003428161144,11
4421,12,0,2.897275417853269,0.05794550835706538,0.24143961815443912,1,1,1,1,0,0.0009933352868500833,17.0,0.03759999526664615,0
4422,12,0,2.896282082566418,0.05792564165132836,0.2413568402138682,1,1,1,1,0,0.0009933352868500833,17.0,0.034800032153725624,0
4423,12,0,2.896282082566418,0.05792564165132836,0.2413568402138682,0,0,0,0,0,0.0,0.0,0.035699980799108744,0
4424,12,1,2.8955955015635393,0.05791191003127079,0.24129962513029493,0,0,0,0,14,0.0006865810028600094,0.0,0.1601999974809587,11
4425,12,1,2.891539684889639,0.05783079369779278,0.24096164040746992,2,1,1,1,14,0.004055816673883328,254.0,0.20379998022690415,11
4426,12,1,2.8883483971391946,0.05776696794278389,0.24069569976159955,2,1,1,1,14,0.003191287750425431,254.0,0.1512000453658402,11
4427,12,0,2.8867913250393915,0.05773582650078783,0.24056594375328258,2,2,2,2,0,0.0015570720997999388,17.0,0.03590004052966833,0
4428,12,1,2.884408241764224,0.057688164835284474,0.24036735348035196,3,1,2,2,14,0.002383083275155684,254.0,0.13920001219958067,11
4429,12,2,2.881588058329358,0.057631761166587164,0.24013233819411317,4,2,3,3,16,0.002820183434849355,134.0,0.15209999401122332,20
4430,12,0,2.881588058329358,0.057631761166587164,0.24013233819411317,0,0,0,0,0,0.0,0.0,0.031400006264448166,0
4431,12,0,2.880561923835173,0.05761123847670346,0.24004682698626437,1,1,1,1,0,0.001026134494182429,17.0,0.027500034775584936,0
4432,12,1,2.879830975763534,0.05759661951527068,0.23998591464696117,0,0,0,0,14,0.0007309480716202188,0.0,0.13450003461912274,11
4433,12,1,2.8791159936113635,0.05758231987222727,0.23992633280094697,0,0,0,0,14,0.0007149821521537092,0.0,0.132500019390136,11
4434,12,0,2.878246041684648,0.05756492083369296,0.23985383680705397,1,1,1,1,0,0.0008699519267167943,17.0,0.028099981136620045,0
4435,12,1,2.8723300723115246,0.05744660144623049,0.23936083935929375,2,1,2,1,14,0.0059159693731061225,254.0,0.12939999578520656,11
4436,12,0,2.8723300723115246,0.05744660144623049,0.23936083935929375,0,0,0,0,0,0.0,0.0,0.02640002639964223,0
4437,12,0,2.8705901684580937,0.05741180336916187,0.23921584737150783,1,1,1,1,0,0.0017399038534335887,17.0,0.024100008886307478,0
4438,12,1,2.867959560976055,0.0573591912195211,0.2389966300813379,2,1,1,1,14,0.0026306074820183767,254.0,0.1346999779343605,11
4439,12,1,2.8658514137435813,0.057317028274871624,0.23882095114529842,2,1,1,1,14,0.002108147232462443,254.0,0.13649999164044857,11
4440,12,0,2.8639960262567574,0.05727992052513515,0.23866633552139646,2,2,2,2,0,0.0018553874868274534,17.0,0.1297999988310039,0
4441,12,0,2.862140638769934,0.05724281277539868,0.23851171989749445,2,2,2,2,0,0.0018553874868132425,17.0,0.0475000124424696,0
4442,12,0,2.86028525128311,0.057205705025662204,0.23835710427359247,2,2,2,2,0,0.0018553874868274534,17.0,0.042000028770416975,0
4443,12,1,2.8569641364204204,0.05713928272840841,0.23808034470170172,3,1,2,2,14,0.0033211148626719478,254.0,0.1517999917268753,11
4444,12,0,2.8564003996074687,0.05712800799214937,0.23803336663395572,1,1,1,1,0,0.0005637368129569609,17.0,0.02239999594166875,0
4445,12,0,2.8564003996074687,0.05712800799214937,0.23803336663395572,0,0,0,0,0,0.0,0.0,0.019700033590197563,0
4446,12,1,2.8536126849347747,0.057072253698695494,0.2378010570778979,2,1,1,1,14,0.0027877146726709157,254.0,0.07179996464401484,11
4447,12,0,2.8530489481218226,0.057060978962436455,0.2377540790101519,1,1,1,1,0,0.0005637368129569609,17.0,0.019200029782950878,0
4448,12,0,2.852178996195107,0.057043579923902146,0.23768158301625894,1,1,1,1,0,0.0008699519267167943,17.0,0.01780001912266016,0
4449,12,0,2.8513090442683917,0.05702618088536784,0.23760908702236594,1,1,1,1,0,0.0008699519267167943,17.0,0.01780001912266016,0
4450,12,1,2.849611977526162,0.056992239550523245,0.23746766479384684,2,1,1,1,14,0.001697066742217146,254.0,0.06980000762268901,11
4451,12,3,2.847760523823279,0.05695521047646558,0.23731337698527324,2,1,1,1,18,0.0018514537028622158,74.0,0.06619998021051288,27
4452,12,1,2.8451878888746025,0.05690375777749205,0.23709899073955013,2,1,1,1,14,0.002572634948656116,254.0,0.17309997929260135,11
4453,12,0,2.8451878888746025,0.05690375777749205,0.23709899073955013,0,0,0,0,0,0.0,0.0,0.03689998993650079,0
4454,12,2,2.843578780295636,0.05687157560591272,0.23696489835796963,1,1,1,1,16,0.0016091085789540216,114.0,0.2294000005349517,20
4455,12,0,2.843578780295636,0.05687157560591272,0.23696489835796963,0,0,0,0,0,0.0,0.0,0.03359996480867267,0
4456,12,2,2.8427666497477597,0.056855332994955196,0.23689722081231332,0,0,0,0,16,0.0008121305478496765,0.0,0.14859996736049652,20
4457,12,0,2.8427666497477597,0.056855332994955196,0.23689722081231332,0,0,0,0,0,0.0,0.0,0.028300040867179632,0
4458,12,0,2.8427666497477597,0.056855332994955196,0.23689722081231332,0,0,0,0,0,0.0,0.0,0.023500004317611456,0
4459,12,1,2.8417713711853207,0.05683542742370642,0.23681428093211002,0,0,0,0,14,0.0009952785624278704,0.0,0.1477000187151134,11
4460,12,0,2.8409950406063245,0.05681990081212649,0.23674958671719368,1,1,1,1,0,0.000776330579000728,17.0,0.04250003257766366,0
4461,12,1,2.8392028206628783,0.056784056413257566,0.23660023505523986,2,1,1,1,14,0.0017922199434252661,254.0,0.19799999427050352,11
4462,12,1,2.838377731869859,0.056767554637397175,0.23653147765582158,0,0,0,0,14,0.0008250887930003614,0.0,0.1601999974809587,11
4463,12,0,2.838377731869859,0.056767554637397175,0.23653147765582158,0,0,0,0,0,0.0,0.0,0.06120000034570694,0
4464,12,0,2.83701490791148,0.056740298158229605,0.2364179089926233,2,2,2,2,0,0.0013628239583809432,17.0,0.03890000516548753,0
4465,12,0,2.8361449559847647,0.056722899119695296,0.23634541299873035,1,1,1,1,0,0.0008699519267167943,17.0,0.04120002267882228,0
4466,12,2,2.833946818972049,0.05667893637944098,0.23616223491433744,2,1,1,1,16,0.002198137012697998,194.0,0.14399999054148793,20
4467,12,1,2.832133020886779,0.05664266041773559,0.2360110850738983,2,1,1,1,14,0.0018137980852515057,254.0,0.1531000016257167,11
4468,12,1,2.8314229135124043,0.05662845827024809,0.23595190945936698,0,0,0,0,14,0.0007101073743527309,0.0,0.15599996550008655,11
4469,12,0,2.829261310911817,0.05658522621823634,0.23577177590931805,2,2,2,2,0,0.002161602600587287,17.0,0.034699973184615374,0
4470,12,2,2.827653182367255,0.056553063647345095,0.2356377651972712,1,1,1,1,14,0.0016081285445466165,34.0,0.1480000209994614,20
4471,12,0,2.8249987077350043,0.05649997415470009,0.235416558977917,3,3,3,3,0,0.0026544746322514357,17.0,0.0315000070258975,0
4472,12,0,2.8236358837766256,0.05647271767553251,0.23530299031471877,2,2,2,2,0,0.0013628239583738377,17.0,0.031000003218650818,0
4473,12,2,2.8205746610555424,0.05641149322111085,0.23504788842129523,2,1,1,1,16,0.003061222721072454,154.0,0.14109996845945716,20
4474,12,0,2.8205746610555424,0.05641149322111085,0.23504788842129523,0,0,0,0,0,0.0,0.0,0.04329998046159744,0
4475,12,1,2.8198437129839036,0.05639687425967807,0.234986976081992,0,0,0,0,14,0.0007309480716202188,0.0,0.22059999173507094,11
4476,12,0,2.8198437129839036,0.05639687425967807,0.234986976081992,0,0,0,0,0,0.0,0.0,0.05740002961829305,0
4477,12,1,2.818848434421464,0.056376968688429285,0.23490403620178865,0,0,0,0,14,0.000995278562420765,0.0,0.14249997911974788,11
4478,12,0,2.818848434421464,0.056376968688429285,0.23490403620178865,0,0,0,0,0,0.0,0.0,0.023800006601959467,0
4479,12,0,2.818848434421464,0.056376968688429285,0.23490403620178865,0,0,0,0,0,0.0,0.0,0.015700003132224083,0
4480,12,2,2.8171591723211,0.056343183446421995,0.23476326436009165,2,1,1,1,16,0.0016892621003492536,114.0,0.06960000609979033,20
4481,12,0,2.8158675216472284,0.05631735043294457,0.23465562680393567,1,1,1,1,0,0.001291650673863387,17.0,0.021199986804276705,0
4482,12,0,2.8158675216472284,0.05631735043294457,0.23465562680393567,0,0,0,0,0,0.0,0.0,0.038300000596791506,0
4483,12,0,2.8158675216472284,0.05631735043294457,0.23465562680393567,0,0,0,0,0,0.0,0.0,0.030399998649954796,0
4484,12,1,2.815051209328635,0.0563010241865727,0.2345876007773862,0,0,0,0,14,0.0008163123185767063,0.0,0.13160001253709197,11
4485,12,1,2.814320261256996,0.05628640522513992,0.234526688438083,0,0,0,0,14,0.0007309480716202188,0.0,0.12609997065737844,11
4486,12,1,2.8136207861304774,0.05627241572260955,0.23446839884420645,0,0,0,0,14,0.0006994751265096966,0.0,0.15380000695586205,11
4487,12,0,2.8136207861304774,0.05627241572260955,0.23446839884420645,0,0,0,0,0,0.0,0.0,0.03579998156055808,0
4488,12,2,2.8127704696140596,0.05625540939228119,0.23439753913450492,0,0,0,0,16,0.0008503165163915583,0.0,0.14439999358728528,20
4489,12,0,2.8127704696140596,0.05625540939228119,0.23439753913450492,0,0,0,0,0,0.0,0.0,0.03339996328577399,0
4490,12,0,2.812166535985293,0.05624333071970586,0.23434721133210776,1,1,1,1,0,0.0006039336287670949,17.0,0.03090000245720148,0
4491,12,1,2.809547860885511,0.056190957217710225,0.2341289884071259,2,1,1,1,14,0.0026186750997680974,254.0,0.15320000238716602,11
4492,12,0,2.808984124072559,0.05617968248145118,0.2340820103393799,1,1,1,1,0,0.0005637368129498554,17.0,0.03130000550299883,0
4493,12,1,2.8070358080562974,0.056140716161125946,0.23391965067135811,2,1,1,1,14,0.0019483160162465651,254.0,0.15540001913905144,11
4494,12,1,2.806040529493858,0.05612081058987716,0.23383671079115487,0,0,0,0,14,0.000995278562420765,0.0,0.14940003165975213,11
4495,12,0,2.804002907125424,0.056080058142508486,0.2336669089271187,3,3,3,3,0,0.00203762236844085,17.0,0.029100046958774328,0
4496,12,0,2.8028352366837055,0.056056704733674106,0.23356960305697547,2,2,2,2,0,0.0011676704417240558,17.0,0.027900037821382284,0
4497,12,2,2.7998910829809054,0.055997821659618106,0.23332425691507544,3,2,3,3,14,0.002944153702770791,134.0,0.14049996389076114,20
4498,12,0,2.7984171974254233,0.05596834394850846,0.23320143311878527,2,2,2,2,0,0.0014738855554838892,17.0,0.0247000134550035,0
4499,12,0,2.796943311869941,0.05593886623739883,0.2330786093224951,2,2,2,2,0,0.0014738855554838892,17.0,0.023500004317611456,0
4500,12,0,2.794905689501507,0.05589811379003014,0.23290880745845888,3,3,3,3,0,0.00203762236844085,17.0,0.04179996903985739,0
4501,12,0,2.7932594069957952,0.0558651881399159,0.2327716172496496,2,2,2,2,0,0.001646282505710417,17.0,0.041499966755509377,0
4502,12,0,2.7913154059750807,0.055826308119501615,0.23260961716459003,3,3,3,3,0,0.0019440010207176783,17.0,0.11179997818544507,0
4503,12,0,2.790711472346314,0.05581422944692628,0.23255928936219283,1,1,1,1,0,0.0006039336287670949,17.0,0.05039997631683946,0
4504,12,0,2.7901075387175474,0.055802150774350946,0.23250896155979564,1,1,1,1,0,0.0006039336287670949,17.0,0.039700011257082224,0
4505,12,1,2.7865760077879327,0.055731520155758656,0.23221466731566107,3,1,3,3,14,0.0035315309296066744,254.0,0.3494000411592424,11
4506,12,1,2.783414516112449,0.05566829032224898,0.2319512096760374,4,1,3,3,14,0.0031614916754563183,254.0,0.14299998292699456,11
4507,12,1,2.7789192265973512,0.05557838453194702,0.23157660221644594,3,1,2,2,14,0.004495289515091372,254.0,0.16340002184733748,11
4508,12,0,2.7783152929685846,0.055566305859371695,0.23152627441404872,1,1,1,1,0,0.0006039336287670949,17.0,0.04080001963302493,0
4509,12,0,2.776842079024348,0.05553684158048697,0.23140350658536232,1,1,1,1,0,0.0014732139442372727,17.0,0.03619998460635543,0
4510,12,0,2.7747649314513447,0.05549529862902689,0.23123041095427874,2,2,2,2,0,0.0020771475730043676,17.0,0.0342000275850296,0
4511,12,2,2.7734742389486913,0.05546948477897382,0.23112285324572426,1,1,1,1,16,0.001290692502635693,114.0,0.15629996778443456,20
4512,12,0,2.7734742389486913,0.05546948477897382,0.23112285324572426,0,0,0,0,0,0.0,0.0,0.03860000288113952,0
4513,12,1,2.770495896272157,0.055409917925443135,0.2308746580226797,3,1,2,2,14,0.002978342676506429,254.0,0.1479999627918005,11
4514,12,4,2.769709622677885,0.0553941924535577,0.23080913522315707,0,0,0,0,20,0.0007862735942509858,0.0,0.1238000113517046,32
4515,12,0,2.7691056890491184,0.055382113780982366,0.2307588074207599,1,1,1,1,0,0.0006039336287670949,17.0,0.028499984182417393,0
4516,12,0,2.7685017554203517,0.05537003510840703,0.23070847961836263,1,1,1,1,0,0.0006039336287670949,17.0,0.02840004162862897,0
4517,12,1,2.76567202514598,0.0553134405029196,0.23047266876216496,4,1,3,3,14,0.0028297302743567343,254.0,0.17579999985173345,11
4518,12,0,2.764198811201743,0.05528397622403486,0.23034990093347854,1,1,1,1,0,0.0014732139442372727,17.0,0.030099996365606785,0
4519,12,1,2.7617337302519425,0.05523467460503885,0.23014447752099518,2,1,1,1,14,0.002465080949775711,254.0,0.13679999392479658,11
4520,12,0,2.761129796623176,0.055222595932463515,0.23009414971859796,1,1,1,1,0,0.0006039336287670949,17.0,0.041000021155923605,0
4521,12,1,2.7601345180607364,0.05520269036121473,0.23001120983839465,0,0,0,0,14,0.0009952785624278704,0.0,0.1577999792061746,11
4522,12,2,2.757116993746875,0.055142339874937496,0.22975974947890623,4,2,2,2,16,0.003017524313847275,134.0,0.1509999856352806,20
4523,12,0,2.757116993746875,0.055142339874937496,0.22975974947890623,0,0,0,0,0,0.0,0.0,0.045199994929134846,0
4524,12,0,2.755039846173872,0.05510079692347744,0.22958665384782265,2,2,2,2,0,0.0020771475730043676,17.0,0.0399000127799809,0
4525,12,0,2.751671047926997,0.05503342095853994,0.22930592066058308,3,3,3,3,0,0.00336879824687486,17.0,0.035699980799108744,0
4526,12,0,2.7497754636243585,0.05499550927248717,0.2291479553020299,2,2,2,2,0,0.0018955843026375874,17.0,0.03670004662126303,0
4527,12,1,2.746722294973917,0.05493444589947834,0.22889352458115972,3,1,2,2,14,0.0030531686504176037,254.0,0.1488000270910561,11
4528,12,0,2.744645147400914,0.054892902948018275,0.22872042895007613,2,2,2,2,0,0.0020771475730043676,17.0,0.03659998765215278,0
4529,12,1,2.741850186868569,0.05483700373737138,0.22848751557238078,3,1,2,2,14,0.0027949605323271953,254.0,0.146100006531924,11
4530,12,1,2.73921957938653,0.0547843915877306,0.22826829828221087,2,1,1,1,14,0.002630607482025482,254.0,0.1786999637261033,11
4531,12,0,2.7369700348632975,0.05473940069726595,0.22808083623860817,2,2,2,2,0,0.0022495445232380007,17.0,0.033299962524324656,0
4532,12,1,2.7344457864449003,0.05468891572889801,0.2278704822037417,2,1,1,1,14,0.002524248418367847,254.0,0.1571999746374786,11
4533,12,2,2.73213192650781,0.0546426385301562,0.2276776605423175,3,2,2,2,16,0.0023138599370753354,134.0,0.13509998098015785,20
4534,12,0,2.7315279928790432,0.05463055985758086,0.22762733273992028,1,1,1,1,0,0.0006039336287670949,17.0,0.03090000245720148,0
4535,12,1,2.7295373677320436,0.054590747354640874,0.22746144731100362,2,1,1,1,14,0.001990625146987668,254.0,0.145800004247576,11
4536,12,1,2.727078965495976,0.05454157930991952,0.227256580457998,3,1,2,2,14,0.002458402236051427,254.0,0.17900002421811223,11
4537,12,0,2.7250018179229727,0.05450003635845945,0.2270834848269144,2,2,2,2,0,0.0020771475730043676,17.0,0.026899971999228,0
4538,12,1,2.7215766598115887,0.05443153319623177,0.22679805498429906,2,1,1,1,14,0.0034251581113622365,254.0,0.14509999891743064,11
4539,12,0,2.7215766598115887,0.05443153319623177,0.22679805498429906,0,0,0,0,0,0.0,0.0,0.024200009647756815,0
4540,12,0,2.717181727070528,0.05434363454141056,0.22643181058921066,4,4,4,4,0,0.004394932741064395,17.0,0.04529999569058418,0
4541,12,2,2.71333872020546,0.0542667744041092,0.2261115600171217,4,2,3,3,16,0.003843006865047016,134.0,0.146100006531924,20
4542,12,1,2.7101507172180517,0.054203014344361033,0.2258458931015043,3,1,3,3,14,0.0031880029873931903,254.0,0.15400000847876072,11
4543,12,0,2.707047435150863,0.054140948703017264,0.22558728626257188,3,3,3,3,0,0.0031032820671867967,17.0,0.038300000596791506,0
4544,12,0,2.7045480867124407,0.054090961734248814,0.22537900722603676,2,2,2,2,0,0.002499348438426807,17.0,0.03960001049563289,0
4545,12,0,2.700757087600147,0.05401514175200294,0.2250630906333456,3,3,3,3,0,0.0037909991122901943,17.0,0.03609998384490609,0
4546,12,2,2.6976545096481,0.053953090192962,0.22480454247067502,2,1,1,1,16,0.003102577952034835,154.0,0.15389994950965047,20
4547,12,0,2.6938635105358064,0.05387727021071613,0.22448862587798382,3,3,3,3,0,0.0037909991122901943,17.0,0.03560003824532032,0
4548,12,2,2.690101119956534,0.05380202239913068,0.22417509332971117,5,2,3,3,16,0.00376239057924721,134.0,0.13590004527941346,20
4549,12,0,2.68717940115971,0.0537435880231942,0.22393161676330917,3,3,3,3,0,0.002921718796827122,17.0,0.05500001134350896,0
4550,12,1,2.683411393126803,0.05366822786253606,0.22361761609390027,2,1,1,0,14,0.003768008032892567,254.0,0.14759995974600315,11
4551,12,0,2.6828074594980365,0.05365614918996073,0.22356728829150307,1,1,1,1,0,0.0006039336287670949,17.0,0.03950000973418355,0
4552,12,1,2.6797542908475944,0.05359508581695189,0.22331285757063288,3,1,2,2,14,0.0030531686504176037,254.0,0.186299963388592,11
4553,12,1,2.677560277498049,0.053551205549960984,0.22313002312483746,3,1,2,2,14,0.0021940133495306213,254.0,0.1449999981559813,11
4554,12,1,2.674180822619925,0.0534836164523985,0.22284840188499377,4,1,3,3,14,0.0033794548781145295,254.0,0.16350002260878682,11
4555,12,0,2.6711393937835384,0.053422787875670764,0.22259494948196146,3,3,3,3,0,0.00304142883638292,17.0,0.028099981136620045,0
4556,12,0,2.669666179839301,0.05339332359678602,0.2224721816532751,1,1,1,1,0,0.0014732139442372727,17.0,0.031200004741549492,0
4557,12,1,2.667481185081156,0.053349623701623126,0.22229009875676306,2,1,1,1,14,0.0021849947581316087,254.0,0.1363000483252108,11
4558,12,0,2.667481185081156,0.053349623701623126,0.22229009875676306,0,0,0,0,0,0.0,0.0,0.02440001117065549,0
4559,12,0,2.66600797113692,0.0533201594227384,0.2221673309280767,1,1,1,1,0,0.0014732139442372727,17.0,0.023600005079060793,0
4560,12,1,2.664885011636721,0.05329770023273442,0.22207375096972673,0,0,0,0,14,0.0011229595001793768,0.0,0.15199999324977398,11
4561,12,0,2.6621201470186127,0.05324240294037225,0.22184334558488436,2,2,2,2,0,0.002764864618107765,17.0,0.042700034100562334,0
4562,12,0,2.6621201470186127,0.05324240294037225,0.22184334558488436,0,0,0,0,0,0.0,0.0,0.040000013541430235,0
4563,12,1,2.661389198946974,0.05322778397893948,0.2217824332455812,0,0,0,0,14,0.0007309480716202188,0.0,0.1922000083141029,11
4564,12,1,2.6607026179440956,0.05321405235888191,0.22172521816200794,0,0,0,0,14,0.0006865810028600094,0.0,0.15629996778443456,11
4565,12,1,2.659964923010478,0.05319929846020956,0.2216637435842065,0,0,0,0,14,0.0007376949335977656,0.0,0.14929997269064188,11
4566,12,0,2.659964923010478,0.05319929846020956,0.2216637435842065,0,0,0,0,0,0.0,0.0,0.037299992982298136,0
4567,12,0,2.659964923010478,0.05319929846020956,0.2216637435842065,0,0,0,0,0,0.0,0.0,0.03309996100142598,0
4568,12,1,2.6592499408583077,0.05318499881716615,0.2216041617381923,0,0,0,0,14,0.0007149821521608146,0.0,0.15620002523064613,11
4569,12,0,2.6592499408583077,0.05318499881716615,0.2216041617381923,0,0,0,0,0,0.0,0.0,0.03459997242316604,0
4570,12,0,2.6592499408583077,0.05318499881716615,0.2216041617381923,0,0,0,0,0,0.0,0.0,0.03029999788850546,0
4571,12,2,2.6585359126221375,0.05317071825244275,0.2215446593851781,0,0,0,0,16,0.0007140282361461914,0.0,0.1509999856352806,20
4572,12,1,2.6577901144204548,0.0531558022884091,0.22148250953503787,0,0,0,0,14,0.0007457982016632059,0.0,0.1487999688833952,11
4573,12,1,2.656973802101861,0.053139476042037226,0.22141448350848847,0,0,0,0,14,0.0008163123185767063,0.0,0.14359998749569058,11
4574,12,1,2.6545129162040384,0.05309025832408077,0.2212094096836699,2,1,1,1,14,0.002460885897811238,254.0,0.14669995289295912,11
4575,12,0,2.6539491793910863,0.053078983587821725,0.2211624316159239,1,1,1,1,0,0.0005637368129569609,17.0,0.02759997732937336,0
4576,12,0,2.6533854425781342,0.05306770885156269,0.22111545354817794,1,1,1,1,0,0.0005637368129498554,17.0,0.02940004924312234,0
4577,12,2,2.651163855058699,0.05302327710117398,0.22093032125489154,2,1,1,1,16,0.002221587519414925,114.0,0.1613000058569014,20
4578,12,0,2.651163855058699,0.05302327710117398,0.22093032125489154,0,0,0,0,0,0.0,0.0,0.024200009647756815,0
4579,12,0,2.64912690430151,0.0529825380860302,0.22076057535845917,2,2,2,2,0,0.002036950757187128,17.0,0.024999957531690598,0
4580,12,0,2.647598886225174,0.05295197772450348,0.2206332405187645,2,2,2,2,0,0.0015280180763426188,17.0,0.04579999949783087,0
4581,12,1,2.6444382301481224,0.05288876460296245,0.22036985251234356,3,1,2,2,14,0.003160656077028534,254.0,0.15189999248832464,11
4582,12,2,2.643614437170341,0.052872288743406826,0.2203012030975284,0,0,0,0,16,0.0008237929777692443,0.0,0.1504000392742455,20
4583,12,0,2.6426501559069573,0.05285300311813915,0.22022084632557973,1,1,1,1,0,0.0009642812633785525,17.0,0.04199997056275606,0
4584,12,0,2.6426501559069573,0.05285300311813915,0.22022084632557973,0,0,0,0,0,0.0,0.0,0.03709999145939946,0
4585,12,1,2.6407113588715734,0.05281422717743147,0.2200592799059645,2,1,1,1,14,0.0019387970353719197,254.0,0.1487999688833952,11
4586,12,0,2.6391833407952374,0.052783666815904746,0.2199319450662698,2,2,2,2,0,0.0015280180763355133,17.0,0.038300000596791506,0
4587,12,0,2.6376553227189015,0.05275310645437803,0.21980461022657516,2,2,2,2,0,0.0015280180763426188,17.0,0.03670004662126303,0
4588,12,1,2.6355021672796743,0.05271004334559349,0.21962518060663958,2,1,2,2,14,0.0021531554392169028,254.0,0.14750001719221473,11
4589,12,0,2.6332311311132406,0.05266462262226481,0.21943592759277009,3,3,3,3,0,0.0022710361664337597,17.0,0.038700003642588854,0
4590,12,1,2.6325161489610704,0.05265032297922141,0.21937634574675588,0,0,0,0,14,0.0007149821521537092,0.0,0.15919998986646533,11
4591,12,2,2.6275309272486043,0.05255061854497209,0.2189609106040504,5,2,3,3,16,0.004985221712445309,134.0,0.13760000001639128,20
4592,12,1,2.6248595399591332,0.052497190799182664,0.2187382949965944,3,1,3,3,14,0.0026713872894603696,254.0,0.15889998758211732,11
4593,12,0,2.6241165218690354,0.05248233043738071,0.21867637682241958,1,1,1,1,0,0.0007430180901053518,17.0,0.030499999411404133,0
4594,12,1,2.6210521435385483,0.05242104287077096,0.2184210119615457,3,1,2,2,14,0.0030643783304640237,254.0,0.14830002328380942,11
4595,12,1,2.616715847913489,0.052334316958269775,0.2180596539927908,2,1,1,0,14,0.004336295625037678,254.0,0.14240003656595945,11
4596,12,0,2.615409093010439,0.05230818186020878,0.21795075775086994,2,2,2,2,0,0.0013067549030552073,17.0,0.028499984182417393,0
4597,12,1,2.6127600371521122,0.05225520074304225,0.21773000309600934,3,1,2,2,14,0.0026490558582992207,254.0,0.13719999697059393,11
4598,12,0,2.608688417630954,0.05217376835261908,0.21739070146924613,4,4,4,4,0,0.004071619521170078,17.0,0.02759997732937336,0
4599,12,0,2.6073967669570823,0.052147935339141645,0.21728306391309016,1,1,1,1,0,0.001291650673863387,17.0,0.02400000812485814,0
4600,12,1,2.6054979382619043,0.052109958765238086,0.217124828188492,2,1,1,1,14,0.0018988286951611144,254.0,0.1482999650761485,11
4601,12,0,2.6042062875880325,0.05208412575176065,0.21701719063233602,1,1,1,1,0,0.0012916506738704925,17.0,0.03940000897273421,0
4602,12,0,2.6034299570090367,0.052068599140180735,0.21695249641741968,1,1,1,1,0,0.0007763305789936226,17.0,0.039000005926936865,0
4603,12,0,2.6013619757561686,0.05202723951512337,0.21678016464634733,2,2,2,2,0,0.0020679812528712205,17.0,0.04229997284710407,0
4604,12,1,2.60063102768453,0.0520126205536906,0.21671925230704414,0,0,0,0,14,0.0007309480716202188,0.0,0.14999997802078724,11
4605,12,1,2.597177022658016,0.051943540453160325,0.21643141855483464,5,1,4,4,14,0.003454005026505058,254.0,0.16689999029040337,11
4606,12,1,2.593660185386099,0.051873203707721985,0.21613834878217494,4,1,3,3,14,0.003516837271888562,254.0,0.14910002937540412,11
4607,12,1,2.591153098444919,0.05182306196889838,0.21592942487040992,2,1,1,1,14,0.002507086941164971,254.0,0.1501000369898975,11
4608,12,0,2.591153098444919,0.05182306196889838,0.21592942487040992,0,0,0,0,0,0.0,0.0,0.03550003748387098,0
4609,12,0,2.5879305133360333,0.05175861026672066,0.21566087611133608,2,2,2,2,0,0.0032225851088796276,17.0,0.03570003900676966,0
4610,11,3,2.5848920635079082,0.05169784127015817,0.23499018759162799,2,0,1,0,16,0.003038449828103751,0.0,0.13419997412711382,27
4611,11,0,2.5848920635079082,0.05169784127015817,0.23499018759162799,0,0,0,0,0,0.0,0.0,0.032699957955628633,0
4612,11,1,2.5841985916369694,0.05168397183273939,0.2349271446942699,0,0,0,0,13,0.0006934718709317167,0.0,0.14239997835829854,10
4613,11,1,2.58244860290712,0.0516489720581424,0.23476805480973814,2,1,1,1,13,0.0017499887298271233,234.0,0.14080002438277006,10
4614,11,0,2.58244860290712,0.0516489720581424,0.23476805480973814,0,0,0,0,0,0.0,0.0,0.028799986466765404,0
4615,11,0,2.5811569522332483,0.051623139044664965,0.2346506320212044,1,1,1,1,0,0.001291650673877598,17.0,0.02429995220154524,0
4616,11,1,2.579014854553221,0.05158029709106442,0.23445589586847462,2,1,1,1,13,0.002142097680007282,234.0,0.14219997683539987,10
4617,11,1,2.5766084987404403,0.051532169974808806,0.23423713624913092,2,1,1,1,13,0.002406355812766492,234.0,0.16980001237243414,10
4618,11,0,2.5747531112536164,0.05149506222507233,0.23406846465941966,2,2,2,2,0,0.001855387486820348,17.0,0.02519995905458927,0
4619,11,0,2.5731632399464788,0.05146326479892958,0.23392393090422534,2,2,2,2,0,0.00158987130713939,17.0,0.024500011932104826,0
4620,11,1,2.570484078776034,0.051409681575520685,0.23368037079782134,2,1,1,1,13,0.0026791611704268803,234.0,0.13990001752972603,10
4621,11,1,2.568703541897854,0.05137407083795708,0.23351850380889586,2,1,1,1,13,0.001780536878165151,234.0,0.14449999434873462,10
4622,11,1,2.5655224623558652,0.05131044924711731,0.2332293147596241,4,1,3,3,13,0.003181079541974441,234.0,0.13320002472028136,10
4623,11,3,2.564101109028009,0.051282022180560174,0.2331001008207281,1,1,1,1,17,0.001421353327842212,54.0,0.16740005230531096,24
4624,11,0,2.5620664402640396,0.05124132880528079,0.23291513093309452,2,2,2,2,0,0.002034668763968739,17.0,0.0371999922208488,0
4625,11,0,2.559733550866804,0.05119467101733608,0.23270305007880043,3,3,3,3,0,0.0023328893972376363,17.0,0.029999995604157448,0
4626,11,0,2.556109010795698,0.05112218021591396,0.2323735464359725,4,4,4,4,0,0.003624540071108129,17.0,0.02989999484270811,0
4627,11,2,2.5553464198677576,0.05110692839735515,0.23230421998797796,0,0,0,0,15,0.0007625909279269649,0.0,0.1256999676115811,18
4628,11,0,2.5527480142908363,0.05105496028581673,0.2320680012991669,3,3,3,3,0,0.0025984055769185943,17.0,0.0295999925583601,0
4629,11,1,2.548520691185397,0.050970413823707934,0.23168369919867243,5,1,4,4,13,0.004227323105425285,234.0,0.14259997988119721,10
4630,11,0,2.545882088792661,0.05091764177585322,0.23144382625387824,3,3,3,3,0,0.0026386023927358337,17.0,0.029699993319809437,0
4631,11,0,2.5441129362083776,0.05088225872416755,0.23128299420076157,2,2,2,2,0,0.0017691525842877809,17.0,0.030099996365606785,0
4632,11,0,2.542217351905739,0.05084434703811478,0.23111066835506724,2,2,2,2,0,0.001895584302630482,17.0,0.0295999925583601,0
4633,11,0,2.5403619644189157,0.05080723928837831,0.23094199676535598,2,2,2,2,0,0.0018553874868274534,17.0,0.03209995338693261,0
4634,11,0,2.539070313745044,0.05078140627490088,0.23082457397682218,1,1,1,1,0,0.0012916506738704925,17.0,0.027999980375170708,0
4635,11,0,2.5371596252132274,0.050743192504264546,0.23065087501938433,3,3,3,3,0,0.0019106885318151967,17.0,0.025800021830946207,0
4636,11,0,2.5356316071368914,0.05071263214273783,0.23051196428517198,2,2,2,2,0,0.0015280180763426188,17.0,0.02700003096833825,0
4637,11,1,2.5308804007998327,0.05061760801599666,0.23008003643634842,3,1,2,1,13,0.004751206337040514,234.0,0.1246000174432993,10
4638,11,1,2.5240638383894063,0.05048127676778812,0.22946034894449144,3,1,2,1,13,0.006816562410413951,234.0,0.12940005399286747,10
4639,11,0,2.5224739670822687,0.05044947934164537,0.22931581518929714,2,2,2,2,0,0.0015898713071464954,17.0,0.02719997428357601,0
4640,11,0,2.5201410776850333,0.05040282155370066,0.22910373433500306,3,3,3,3,0,0.0023328893972376363,17.0,0.037299992982298136,0
4641,11,0,2.5173214089348264,0.05034642817869653,0.22884740081225693,3,3,3,3,0,0.002819668750206006,17.0,0.03789999755099416,0
4642,11,1,2.5154145047244265,0.050308290094488534,0.22867404588403878,2,1,1,1,13,0.0019069042103865286,234.0,0.15029998030513525,10
4643,11,0,2.5135591172376026,0.05027118234475205,0.22850537429432752,2,2,2,2,0,0.0018553874868274534,17.0,0.03659998765215278,0
4644,11,2,2.510313101502096,0.05020626203004192,0.22821028195473597,4,2,2,2,15,0.003246015735484775,124.0,0.1419999753125012,18
4645,11,1,2.5078269511950513,0.05015653902390103,0.22798426829045926,2,1,1,1,13,0.002486150307021262,234.0,0.13749999925494194,10
4646,11,1,2.5047924631231373,0.050095849262462744,0.22770840573846698,3,1,3,3,13,0.0030344880718971012,234.0,0.14890002785250545,10
4647,11,1,2.5028187724735873,0.050056375449471745,0.22752897931578067,2,1,2,2,13,0.0019736906495353423,234.0,0.15030003851279616,10
4648,11,1,2.5002386330063295,0.05000477266012659,0.22729442118239354,3,1,2,2,13,0.0025801394672484435,234.0,0.1324999611824751,10
4649,11,0,2.496352632946122,0.049927052658922444,0.22694114844964747,4,4,4,4,0,0.0038860000602056743,17.0,0.035100034438073635,0
4650,11,1,2.4935183382357575,0.04987036676471515,0.22668348529415974,4,1,3,3,13,0.002834294710353902,234.0,0.13190001482143998,10
4651,11,1,2.490890903865657,0.049817818077313135,0.22644462762415057,3,1,3,3,13,0.0026274343700833924,234.0,0.13430003309622407,10
4652,11,0,2.4882965544793203,0.04976593108958641,0.22620877767993822,3,3,3,3,0,0.002594349386335182,17.0,0.028100039344280958,0
4653,11,0,2.485978769311263,0.04971957538622526,0.2259980699373876,2,2,2,2,0,0.0023177851680529216,17.0,0.02700003096833825,0
4654,11,0,2.483519448195673,0.04967038896391346,0.22577449529051574,3,3,3,3,0,0.0024593211155945482,17.0,0.031100003980100155,0
4655,11,2,2.479306758192184,0.04958613516384368,0.22539152347201669,4,2,3,3,15,0.004212690003470243,124.0,0.1194999786093831,18
4656,11,0,2.475821302582408,0.04951642605164816,0.22507466387112798,4,4,4,4,0,0.0034854556097769773,17.0,0.024100008886307478,0
4657,11,0,2.4728995837855843,0.04945799167571169,0.22480905307141671,3,3,3,3,0,0.002921718796827122,17.0,0.02269999822601676,0
4658,11,0,2.4710441962987604,0.049420883925975205,0.22464038148170545,2,2,2,2,0,0.0018553874868274534,17.0,0.02269999822601676,0
4659,11,0,2.468122477501937,0.04936244955003874,0.2243747706819942,3,3,3,3,0,0.0029217187968200165,17.0,0.022599997464567423,0
4660,11,0,2.4668308268280645,0.04933661653656129,0.2242573478934604,1,1,1,1,0,0.0012916506738704925,17.0,0.03880000440403819,0
4661,11,2,2.4646623083004426,0.04929324616600885,0.2240602098454948,2,1,1,1,15,0.0021685185276112406,114.0,0.25350000942125916,18
4662,11,0,2.4617405895036186,0.04923481179007237,0.22379459904578355,3,3,3,3,0,0.002921718796812911,17.0,0.059999991208314896,0
4663,11,0,2.45984500520098,0.0491969001040196,0.22362227320008915,2,2,2,2,0,0.0018955843026446928,17.0,0.05339999916031957,0
4664,11,0,2.4585533545271083,0.04917106709054217,0.22350485041155535,1,1,1,1,0,0.001291650673863387,17.0,0.029100046958774328,0
4665,11,0,2.457261703853237,0.04914523407706474,0.22338742762302155,1,1,1,1,0,0.001291650673877598,17.0,0.04429998807609081,0
4666,11,0,2.4566577702244707,0.04913315540448941,0.22333252456586095,1,1,1,1,0,0.0006039336287670949,17.0,0.04140002420172095,0
4667,11,0,2.45226283748341,0.0490452567496682,0.22293298522576455,4,4,4,4,0,0.004394932741064395,17.0,0.03430002834647894,0
4668,11,0,2.4485336916019174,0.04897067383203835,0.2225939719638107,3,3,3,3,0,0.003729145881493423,17.0,0.03479997394606471,0
4669,11,0,2.4457688269838096,0.04891537653967619,0.22234262063489174,2,2,2,2,0,0.0027648646181006598,17.0,0.030399998649954796,0
4670,11,3,2.4423703336177773,0.04884740667235555,0.22203366669252517,5,2,3,3,15,0.003398493366020716,114.0,0.10579999070614576,24
4671,11,1,2.4407420122541112,0.048814840245082224,0.22188563747764647,2,1,1,1,13,0.0016283213636469895,234.0,0.11439999798312783,10
4672,11,1,2.4388270166271617,0.048776540332543236,0.22171154696610557,2,1,1,1,13,0.0019149956269330914,234.0,0.12169999536126852,10
4673,11,1,2.4381958783875044,0.04876391756775009,0.22165417076250044,0,0,0,0,13,0.0006311382396404497,0.0,0.10699999984353781,10
4674,11,0,2.4381958783875044,0.04876391756775009,0.22165417076250044,0,0,0,0,0,0.0,0.0,0.028600043151527643,0
4675,11,0,2.4381958783875044,0.04876391756775009,0.22165417076250044,0,0,0,0,0,0.0,0.0,0.03060000017285347,0
4676,11,2,2.4356491385338424,0.048712982770676844,0.22142264895762206,3,2,2,2,15,0.0025467398536491714,124.0,0.12100004823878407,18
4677,11,0,2.4320143219890182,0.04864028643978036,0.22109221108991078,3,3,3,3,0,0.003634816544831665,17.0,0.02659996971487999,0
4678,11,1,2.428858966750418,0.04857717933500836,0.22080536061367437,3,1,2,2,13,0.003155355238583013,234.0,0.1427999814040959,10
4679,11,0,2.426515800879466,0.04853031601758932,0.22059234553449691,2,2,2,2,0,0.002343165870954067,17.0,0.02619996666908264,0
4680,11,1,2.4207164770401253,0.048414329540802506,0.22006513427637503,3,1,2,1,13,0.005799323839326576,234.0,0.1446999958716333,10
4681,11,2,2.4188225283393487,0.04837645056678697,0.21989295712175896,2,1,1,1,15,0.0018939487007614275,114.0,0.13419997412711382,18
4682,11,1,2.415989864563323,0.04831979729126646,0.21963544223302936,4,1,3,3,13,0.002832663776011657,234.0,0.14840002404525876,10
4683,11,1,2.410991709627897,0.04821983419255794,0.219181064511627,4,1,3,3,13,0.004998154935414334,234.0,0.13840000610798597,10
4684,11,1,2.407197469554586,0.04814394939109172,0.21883613359587145,4,1,3,3,13,0.0037942400732902115,234.0,0.14950003242120147,10
4685,11,0,2.4051605187973975,0.04810321037594795,0.21865095625430886,2,2,2,2,0,0.0020369507571942336,17.0,0.030499999411404133,0
4686,11,0,2.4016496824847264,0.04803299364969453,0.2183317893167933,4,4,4,4,0,0.0035108363126710174,17.0,0.03170000854879618,0
4687,11,1,2.395828561932115,0.0479165712386423,0.21780259653928316,2,1,1,0,13,0.0058211205526035315,234.0,0.13689999468624592,10
4688,11,0,2.3943948731924474,0.047887897463848944,0.21767226119931343,2,2,2,2,0,0.0014336887396666498,17.0,0.033100019209086895,0
4689,11,0,2.39296118445278,0.0478592236890556,0.21754192585934362,2,2,2,2,0,0.0014336887396666498,17.0,0.046799948904663324,0
4690,11,2,2.3890354884980143,0.04778070976996029,0.21718504440891043,4,2,2,2,15,0.003925695954755781,124.0,0.16719999257475138,18
4691,11,0,2.388165536571299,0.04776331073142598,0.2171059578701181,1,1,1,1,0,0.0008699519267167943,17.0,0.033400021493434906,0
4692,11,0,2.3867318478316317,0.04773463695663263,0.21697562253014835,2,2,2,2,0,0.0014336887396737552,17.0,0.029999995604157448,0
4693,11,0,2.3849919439782004,0.047699838879564006,0.2168174494525637,1,1,1,1,0,0.0017399038534264832,17.0,0.026600027922540903,0
4694,11,0,2.3840276627148165,0.04768055325429633,0.21672978751952882,1,1,1,1,0,0.0009642812633856579,17.0,0.026799971237778664,0
4695,11,0,2.382593973975149,0.04765187947950298,0.21659945217955903,2,2,2,2,0,0.0014336887396737552,17.0,0.027300033252686262,0
4696,11,0,2.3798686345616096,0.04759737269123219,0.21635169405105545,3,3,3,3,0,0.0027253394135371423,17.0,0.02640002639964223,0
4697,11,1,2.3773054022250495,0.04754610804450099,0.21611867292954995,2,1,1,1,13,0.0025632323365485377,234.0,0.14030002057552338,10
4698,11,1,2.3748793180178236,0.047497586360356475,0.21589811981980214,3,1,2,2,13,0.002426084207201029,234.0,0.13020000187680125,10
4699,11,0,2.3730160308042567,0.047460320616085135,0.21572873007311424,2,2,2,2,0,0.0018632872135668777,17.0,0.02700003096833825,0
4700,11,0,2.371582342064589,0.04743164684129178,0.21559839473314446,2,2,2,2,0,0.0014336887396737552,17.0,0.037699996028095484,0
4701,11,1,2.368469796056641,0.047369395921132824,0.2153154360051492,3,1,2,2,13,0.0031125460079337586,234.0,0.15199999324977398,10
4702,11,0,2.367599844129926,0.04735199688259852,0.2152363494663569,1,1,1,1,0,0.0008699519267167943,17.0,0.038700003642588854,0
4703,11,1,2.3647063396657084,0.04729412679331417,0.2149733036059735,2,1,1,1,13,0.0028935044641968943,234.0,0.13830000534653664,10
4704,11,3,2.362626368971112,0.04725252737942224,0.21478421536101022,2,1,2,2,15,0.0020799706945808794,134.0,0.1365999924018979,24
4705,11,1,2.3596819148254013,0.04719363829650803,0.2145165377114001,3,1,2,2,13,0.0029444541456982165,234.0,0.16880000475794077,10
4706,11,0,2.357410878658968,0.04714821757317936,0.21431007987808795,3,3,3,3,0,0.0022710361664337597,17.0,0.0363999861292541,0
4707,11,0,2.3557979086421548,0.04711595817284309,0.21416344624019584,2,2,2,2,0,0.0016129700168150407,17.0,0.032999960239976645,0
4708,11,1,2.352605329371319,0.04705210658742638,0.21387321176102897,3,1,2,2,13,0.0031925792708236145,234.0,0.13310002395883203,10
4709,11,1,2.3486040427824606,0.04697208085564921,0.21350945843476915,2,1,1,1,13,0.004001286588838582,234.0,0.13860000763088465,10
4710,11,0,2.3476397615190763,0.046952795230381525,0.21342179650173423,1,1,1,1,0,0.0009642812633856579,17.0,0.033100019209086895,0
4711,11,0,2.3466754802556924,0.046933509605113846,0.21333413456869935,1,1,1,1,0,0.0009642812633856579,17.0,0.03160000778734684,0
4712,11,1,2.344799578788198,0.046895991575763955,0.2131635980716544,2,1,1,1,13,0.001875901467485619,234.0,0.16769999638199806,10
4713,11,1,2.3390853475112667,0.046781706950225335,0.2126441225010243,3,1,2,1,13,0.005714231276918724,234.0,0.1585999852977693,10
4714,11,0,2.337251114321168,0.046745022286423354,0.21247737402919709,2,2,2,2,0,0.0018342331901024522,17.0,0.02519995905458927,0
4715,11,0,2.337251114321168,0.046745022286423354,0.21247737402919709,0,0,0,0,0,0.0,0.0,0.021799991372972727,0
4716,11,0,2.336381162394452,0.04672762324788904,0.2123982874904047,1,1,1,1,0,0.0008699519267167943,17.0,0.020000035874545574,0
4717,11,0,2.335511210467737,0.046710224209354737,0.2123192009516124,1,1,1,1,0,0.0008699519267167943,17.0,0.020499981474131346,0
4718,11,1,2.3330482533429358,0.04666096506685871,0.21209529575844874,3,1,2,2,13,0.002462957124784282,234.0,0.10559998918324709,10
4719,11,0,2.331184966129369,0.04662369932258738,0.21192590601176084,2,2,2,2,0,0.0018632872135668777,17.0,0.028200040105730295,0
4720,11,0,2.331184966129369,0.04662369932258738,0.21192590601176084,0,0,0,0,0,0.0,0.0,0.04010001430287957,0
4721,11,1,2.328247377272049,0.04656494754544098,0.21165885247927718,2,1,1,1,13,0.002937588857307105,234.0,0.12149999383836985,10
4722,11,0,2.3273774253453334,0.04654754850690667,0.21157976594048486,1,1,1,1,0,0.0008699519267167943,17.0,0.031000003218650818,0
4723,10,1,2.326297933019399,0.04652595866038798,0.23262979330193984,1,0,1,0,12,0.0010794923259211942,0.0,0.18759997328743339,10
4724,10,1,2.3256989602424967,0.04651397920484993,0.23256989602424963,0,0,0,0,12,0.0005989727768849207,0.0,0.14749995898455381,9
4725,10,0,2.3247056249556453,0.04649411249911291,0.23247056249556453,1,1,1,1,0,0.0009933352868500833,17.0,0.03609998384490609,0
4726,10,0,2.323962606865547,0.04647925213731094,0.23239626068655478,1,1,1,1,0,0.0007430180900982464,17.0,0.03579998156055808,0
4727,10,0,2.322004990315312,0.04644009980630624,0.23220049903153123,2,2,2,2,0,0.001957616550235741,17.0,0.037699996028095484,0
4728,10,0,2.3200473737650764,0.046400947475301525,0.23200473737650765,2,2,2,2,0,0.001957616550235741,17.0,0.039000005926936865,0
4729,10,1,2.3194711232944476,0.04638942246588895,0.23194711232944476,0,0,0,0,12,0.0005762504706154914,0.0,0.12969999806955457,9
4730,10,0,2.3184777880075957,0.04636955576015191,0.23184777880075963,1,1,1,1,0,0.0009933352868500833,17.0,0.045199994929134846,0
4731,10,0,2.317513506744212,0.046350270134884235,0.23175135067442124,1,1,1,1,0,0.0009642812633856579,17.0,0.03920000744983554,0
4732,10,1,2.3169407728895877,0.046338815457791754,0.2316940772889588,0,0,0,0,12,0.000572733854610874,0.0,0.12740003876388073,9
4733,10,3,2.316334371330017,0.04632668742660034,0.23163343713300164,0,0,0,0,16,0.0006064015595583783,0.0,0.1194999786093831,21
4734,10,0,2.315308236835831,0.046306164736716615,0.23153082368358308,1,1,1,1,0,0.001026134494182429,17.0,0.030099996365606785,0
4735,10,0,2.3138350228915945,0.04627670045783189,0.23138350228915944,1,1,1,1,0,0.0014732139442372727,17.0,0.02729997504502535,0
4736,10,1,2.311973786792234,0.04623947573584468,0.23119737867922335,2,1,1,1,12,0.0018612360993515153,214.0,0.13429997488856316,9
4737,10,0,2.3105005728479977,0.04621001145695995,0.23105005728479971,1,1,1,1,0,0.0014732139442372727,17.0,0.029999995604157448,0
4738,10,2,2.308671573422602,0.04617343146845204,0.23086715734226018,2,1,1,1,12,0.0018289994253777309,194.0,0.12500002048909664,16
4739,10,0,2.3071983594783654,0.04614396718956731,0.23071983594783654,1,1,1,1,0,0.0014732139442372727,17.0,0.024200009647756815,0
4740,10,0,2.305161408721177,0.04610322817442354,0.2305161408721177,2,2,2,2,0,0.0020369507571942336,17.0,0.03509997623041272,0
4741,10,1,2.303059316785813,0.04606118633571626,0.2303059316785813,2,1,1,1,12,0.0021020919353489376,214.0,0.14139997074380517,9
4742,10,0,2.3010223660286244,0.04602044732057249,0.23010223660286244,2,2,2,2,0,0.002036950757187128,17.0,0.040700018871575594,0
4743,10,1,2.29933936007843,0.045986787201568596,0.229933936007843,2,1,2,2,12,0.0016830059501842243,214.0,0.12750003952533007,9
4744,10,2,2.2972963787727507,0.045945927575455014,0.22972963787727513,2,1,2,2,14,0.0020429813056566104,114.0,0.12119999155402184,16
4745,10,1,2.2947915508212224,0.04589583101642445,0.22947915508212224,2,1,1,1,12,0.002504827951518962,214.0,0.14030002057552338,9
4746,10,0,2.2937982155343715,0.04587596431068743,0.22937982155343714,1,1,1,1,0,0.0009933352868500833,17.0,0.03609998384490609,0
4747,10,0,2.290735130282997,0.04581470260565994,0.2290735130282997,3,3,3,3,0,0.0030630852513766627,17.0,0.03250001464039087,0
4748,10,0,2.288268581051909,0.04576537162103818,0.22882685810519093,2,2,2,2,0,0.002466549231087356,17.0,0.028900045435875654,0
4749,10,0,2.2852054958005352,0.045704109916010704,0.22852054958005347,3,3,3,3,0,0.0030630852513766627,17.0,0.029499991796910763,0
4750,10,0,2.283732281856298,0.045674645637125956,0.22837322818562983,1,1,1,1,0,0.0014732139442372727,17.0,0.03250001464039087,0
4751,10,0,2.28126573262521,0.045625314652504204,0.228126573262521,2,2,2,2,0,0.002466549231087356,17.0,0.03170000854879618,0
4752,10,0,2.278682526031221,0.045573650520624426,0.2278682526031221,3,3,3,3,0,0.0025832065939894733,17.0,0.03300001844763756,0
4753,10,1,2.275801804764458,0.04551603609528916,0.22758018047644576,4,1,3,3,12,0.0028807212667487647,214.0,0.12290000449866056,9
4754,10,0,2.274328590820221,0.04548657181640442,0.2274328590820221,1,1,1,1,0,0.0014732139442372727,17.0,0.03840000135824084,0
4755,10,1,2.2719420856263817,0.045438841712527635,0.22719420856263817,3,1,2,2,12,0.0023865051938329884,214.0,0.12509996304288507,9
4756,10,0,2.2704140675500457,0.04540828135100092,0.22704140675500456,2,2,2,2,0,0.0015280180763355133,17.0,0.031400006264448166,0
4757,10,1,2.267989591393687,0.04535979182787374,0.22679895913936873,3,1,2,2,12,0.0024244761563423367,214.0,0.12290000449866056,9
4758,10,2,2.265556108310656,0.04531112216621312,0.22655561083106557,3,1,3,3,14,0.0024334830830170517,154.0,0.12389995390549302,16
4759,10,0,2.2625723572662353,0.045251447145324704,0.22625723572662348,3,3,3,3,0,0.0029837510444252757,17.0,0.022199994418770075,0
4760,10,0,2.2625723572662353,0.045251447145324704,0.22625723572662348,0,0,0,0,0,0.0,0.0,0.039700011257082224,0
4761,10,1,2.2603734738748007,0.045207469477496015,0.22603734738748008,3,1,2,2,12,0.0021988833914221573,214.0,0.16719999257475138,9
4762,10,0,2.256098072156508,0.04512196144313016,0.2256098072156508,4,4,4,4,0,0.004275401718288663,17.0,0.03660004585981369,0
4763,10,0,2.255104736869656,0.04510209473739312,0.22551047368696567,1,1,1,1,0,0.0009933352868500833,17.0,0.035299977753311396,0
4764,10,2,2.2520418083106515,0.04504083616621303,0.22520418083106514,3,1,2,2,14,0.003062928558989597,134.0,0.13540004147216678,16
4765,10,0,2.250084191760416,0.04500168383520833,0.2250084191760416,2,2,2,2,0,0.001957616550235741,17.0,0.03430002834647894,0
4766,10,2,2.248522225770218,0.044970444515404356,0.2248522225770218,1,1,1,1,14,0.001561965990184433,134.0,0.12059998698532581,16
4767,10,0,2.247528890483367,0.04495057780966734,0.22475288904833665,1,1,1,1,0,0.0009933352868500833,17.0,0.03060000017285347,0
4768,10,0,2.246564609219983,0.04493129218439966,0.22465646092199826,1,1,1,1,0,0.0009642812633856579,17.0,0.03370002377778292,0
4769,10,0,2.246564609219983,0.04493129218439966,0.22465646092199826,0,0,0,0,0,0.0,0.0,0.057800032664090395,0
4770,10,0,2.2450075371201796,0.04490015074240359,0.22450075371201791,2,2,2,2,0,0.0015570720997999388,17.0,0.031599949579685926,0
4771,10,1,2.244431286649551,0.04488862573299102,0.22444312866495503,0,0,0,0,12,0.0005762504706154914,0.0,0.12590002734214067,9
4772,10,1,2.24259552203727,0.0448519104407454,0.224259552203727,2,1,1,1,12,0.0018357646122666438,214.0,0.1346999779343605,9
4773,10,0,2.239782240701085,0.04479564481402169,0.22397822407010856,3,3,3,3,0,0.002813281336187856,17.0,0.029199989512562752,0
4774,10,2,2.235882560770156,0.044717651215403116,0.22358825607701555,5,2,3,3,14,0.0038996799309174435,114.0,0.11439999798312783,16
4775,10,0,2.2344093468259194,0.04468818693651839,0.2234409346825919,1,1,1,1,0,0.0014732139442372727,17.0,0.029199989512562752,0
4776,10,0,2.23314014421526,0.0446628028843052,0.22331401442152593,2,2,2,2,0,0.0012692026106577714,17.0,0.02589996438473463,0
4777,10,1,2.2314639336470816,0.044629278672941634,0.2231463933647082,2,1,2,2,12,0.001676210568163583,214.0,0.1534000039100647,9
4778,10,0,2.2290264384394614,0.04458052876878923,0.22290264384394617,2,2,2,2,0,0.0024374952076229306,17.0,0.023100001271814108,0
4779,10,0,2.228533566407798,0.04457067132815596,0.22285335664077985,1,1,1,1,0,0.0004928720316641488,17.0,0.021899992134422064,0
4780,10,1,2.22685735583962,0.044537147116792394,0.22268573558396199,2,1,1,1,12,0.001676210568163583,214.0,0.13970001600682735,9
4781,10,0,2.226081025260624,0.04452162050521248,0.2226081025260624,1,1,1,1,0,0.000776330579000728,17.0,0.042300031054764986,0
4782,10,0,2.226081025260624,0.04452162050521248,0.2226081025260624,0,0,0,0,0,0.0,0.0,0.03570003900676966,0
4783,10,3,2.224062200310721,0.04448124400621442,0.22240622003107208,2,1,1,1,16,0.0020188249498858113,94.0,0.11150003410875797,21
4784,10,0,2.224062200310721,0.04448124400621442,0.22240622003107208,0,0,0,0,0,0.0,0.0,0.035999983083456755,0
4785,10,0,2.224062200310721,0.04448124400621442,0.22240622003107208,0,0,0,0,0,0.0,0.0,0.030499999411404133,0
4786,10,1,2.22222643569844,0.0444445287139688,0.22222264356984406,2,1,1,1,12,0.0018357646122666438,214.0,0.1309000072069466,9
4787,10,0,2.22048582385606,0.0444097164771212,0.22204858238560604,2,2,2,2,0,0.0017406118423792805,17.0,0.03570003900676966,0
4788,10,0,2.22048582385606,0.0444097164771212,0.22204858238560604,0,0,0,0,0,0.0,0.0,0.0315000070258975,0
4789,10,1,2.2180754225859163,0.04436150845171832,0.22180754225859162,2,1,1,1,12,0.002410401270125817,214.0,0.12119999155402184,9
4790,10,1,2.2159599200647637,0.04431919840129527,0.22159599200647634,2,1,1,1,12,0.002115502521142787,214.0,0.13350002700462937,9
4791,10,0,2.2159599200647637,0.04431919840129527,0.22159599200647634,0,0,0,0,0,0.0,0.0,0.028699985705316067,0
4792,10,0,2.2151835894857674,0.04430367178971535,0.2215183589485767,1,1,1,1,0,0.0007763305789936226,17.0,0.028099981136620045,0
4793,10,0,2.214407258906771,0.044288145178135424,0.22144072589067706,1,1,1,1,0,0.000776330579000728,17.0,0.03170000854879618,0
4794,10,1,2.2119246796834515,0.04423849359366903,0.22119246796834516,2,1,1,1,12,0.0024825792233045263,214.0,0.14750001719221473,9
4795,10,0,2.2111483491044552,0.04422296698208911,0.22111483491044556,1,1,1,1,0,0.0007763305789936226,17.0,0.02889998722821474,0
4796,10,1,2.209826201874031,0.04419652403748062,0.22098262018740314,1,1,1,1,12,0.0013221472304110193,214.0,0.1218999968841672,9
4797,10,0,2.207521853218699,0.04415043706437398,0.2207521853218699,3,3,3,3,0,0.0023043486553362413,17.0,0.02370000584051013,0
4798,10,1,2.205944764174653,0.04411889528349306,0.2205944764174653,2,1,2,2,12,0.0015770890440336416,214.0,0.12670003343373537,9
4799,10,0,2.205168433595657,0.04410336867191314,0.22051684335956573,1,1,1,1,0,0.000776330579000728,17.0,0.023500004317611456,0
4800,10,0,2.204392103016661,0.04408784206033322,0.22043921030166608,1,1,1,1,0,0.0007763305789936226,17.0,0.035299977753311396,0
4801,10,0,2.2030520356247125,0.044061040712494254,0.22030520356247124,2,2,2,2,0,0.0013400673919505834,17.0,0.03860000288113952,0
4802,10,1,2.2017298883942886,0.04403459776788577,0.22017298883942887,1,1,1,1,12,0.0013221472304181248,214.0,0.17479999223724008,9
4803,10,1,2.199247309170969,0.04398494618341938,0.2199247309170969,2,1,1,1,12,0.0024825792233045263,214.0,0.12739998055621982,9
4804,10,0,2.1984709785919727,0.04396941957183945,0.21984709785919732,1,1,1,1,0,0.0007763305789936226,17.0,0.032699957955628633,0
4805,10,0,2.197694648012977,0.04395389296025954,0.2197694648012977,1,1,1,1,0,0.000776330579000728,17.0,0.041199964471161366,0
4806,10,2,2.195630233374213,0.043912604667484256,0.21956302333742128,2,1,1,1,14,0.0020644146387454043,134.0,0.12320000678300858,16
4807,10,1,2.1939540228060346,0.04387908045612069,0.21939540228060345,2,1,1,1,12,0.001676210568163583,214.0,0.12440001592040062,9
4808,10,0,2.192434674136941,0.043848693482738815,0.2192434674136941,2,2,2,2,0,0.0015193486690989744,17.0,0.03090000245720148,0
4809,10,1,2.1904723918229063,0.043809447836458126,0.21904723918229058,2,1,1,1,12,0.001962282314018182,214.0,0.1398000167682767,9
4810,10,0,2.18969606124391,0.0437939212248782,0.21896960612439095,1,1,1,1,0,0.000776330579000728,17.0,0.030800001695752144,0
4811,10,1,2.1890999193749487,0.04378199838749897,0.21890999193749483,0,0,0,0,12,0.0005961418689466313,0.0,0.11979998089373112,9
4812,10,1,2.187170321342262,0.043743406426845245,0.21871703213422627,2,1,1,1,12,0.0019295980326674567,214.0,0.13310002395883203,9
4813,10,0,2.187170321342262,0.043743406426845245,0.21871703213422627,0,0,0,0,0,0.0,0.0,0.026999972760677338,0
4814,10,0,2.1863939907632663,0.043727879815265325,0.21863939907632668,1,1,1,1,0,0.000776330579000728,17.0,0.025800021830946207,0
4815,10,0,2.1858302539503143,0.043716605079006286,0.21858302539503144,1,1,1,1,0,0.0005637368129498554,17.0,0.029799994081258774,0
4816,10,0,2.184836918663463,0.043696738373269255,0.21848369186634634,1,1,1,1,0,0.0009933352868500833,17.0,0.0295999925583601,0
4817,10,1,2.183240864731898,0.04366481729463796,0.21832408647318982,2,1,2,2,12,0.0015960539315500455,214.0,0.12400001287460327,9
4818,10,0,2.182247529445047,0.043644950588900944,0.21822475294450466,1,1,1,1,0,0.0009933352868500833,17.0,0.027699978090822697,0
4819,10,1,2.181674795590422,0.04363349591180844,0.21816747955904225,0,0,0,0,12,0.000572733854610874,0.0,0.13100000796839595,9
4820,10,0,2.1806814603035707,0.04361362920607141,0.21806814603035712,1,1,1,1,0,0.0009933352868500833,17.0,0.036800047382712364,0
4821,10,0,2.1799051297245744,0.04359810259449149,0.21799051297245747,1,1,1,1,0,0.0007763305789936226,17.0,0.036299985367804766,0
4822,10,0,2.1791287991455786,0.04358257598291157,0.21791287991455785,1,1,1,1,0,0.000776330579000728,17.0,0.03980001201853156,0
4823,10,0,2.1791287991455786,0.04358257598291157,0.21791287991455785,0,0,0,0,0,0.0,0.0,0.03840000135824084,0
4824,10,0,2.1783524685665823,0.04356704937133164,0.21783524685665828,1,1,1,1,0,0.0007763305789936226,17.0,0.03720005042850971,0
4825,10,0,2.177576137987586,0.04355152275975172,0.21775761379875863,1,1,1,1,0,0.000776330579000728,17.0,0.0399000127799809,0
4826,10,1,2.175460635466433,0.04350921270932866,0.21754606354664335,2,1,1,1,12,0.0021155025211356815,214.0,0.1289999927394092,9
4827,10,0,2.175460635466433,0.04350921270932866,0.21754606354664335,0,0,0,0,0,0.0,0.0,0.03980001201853156,0
4828,10,1,2.174884384995804,0.043497687699916084,0.2174884384995804,0,0,0,0,12,0.0005762504706154914,0.0,0.1314000110141933,9
4829,10,0,2.1741080544168083,0.04348216108833616,0.2174108054416808,1,1,1,1,0,0.0007763305789936226,17.0,0.03370002377778292,0
4830,10,0,2.173331723837812,0.04346663447675624,0.2173331723837812,1,1,1,1,0,0.000776330579000728,17.0,0.03370002377778292,0
4831,10,0,2.1725887057477147,0.043451774114954295,0.21725887057477142,1,1,1,1,0,0.0007430180900982464,17.0,0.04010001430287957,0
4832,10,1,2.1719925638787534,0.04343985127757507,0.21719925638787535,0,0,0,0,12,0.0005961418689466313,0.0,0.13210001634433866,9
4833,10,0,2.1719925638787534,0.04343985127757507,0.21719925638787535,0,0,0,0,0,0.0,0.0,0.031999952625483274,0
4834,10,1,2.1713935911018516,0.04342787182203703,0.21713935911018517,0,0,0,0,12,0.0005989727768849207,0.0,0.1357999863103032,9
4835,10,2,2.170786226604632,0.043415724532092644,0.2170786226604632,0,0,0,0,14,0.0006073644972062198,0.0,0.12089998926967382,16
4836,10,1,2.168214748242264,0.04336429496484528,0.21682147482422637,2,1,1,1,12,0.0025714783623627113,214.0,0.13670005137100816,9
4837,10,1,2.166308235252227,0.04332616470504454,0.2166308235252227,2,1,1,1,12,0.0019065129900184274,214.0,0.12939999578520656,9
4838,10,0,2.1647892287263777,0.043295784574527554,0.2164789228726378,2,2,2,2,0,0.0015190065258536833,17.0,0.029699993319809437,0
4839,10,2,2.163135279632955,0.0432627055926591,0.21631352796329545,2,1,1,1,14,0.0016539490934093237,74.0,0.11000002268701792,16
4840,10,1,2.1620434348243895,0.04324086869648779,0.21620434348243894,1,1,1,1,12,0.0010918448085490695,214.0,0.1634999644011259,9
4841,10,0,2.1615505627927263,0.043231011255854525,0.21615505627927262,1,1,1,1,0,0.0004928720316641488,17.0,0.042600033339113,0
4842,10,1,2.1591052151781236,0.04318210430356247,0.21591052151781237,2,1,1,1,12,0.002445347614589366,214.0,0.14750001719221473,9
4843,10,1,2.1585640439366003,0.043171280878732,0.21585640439366002,0,0,0,0,12,0.0005411712415082093,0.0,0.13950001448392868,9
4844,10,0,2.157328153814839,0.04314656307629677,0.21573281538148387,2,2,2,2,0,0.0012358901217623952,17.0,0.03659998765215278,0
4845,10,3,2.156740911195305,0.0431348182239061,0.2156740911195305,0,0,0,0,14,0.0005872426195168146,0.0,0.11480000102892518,21
4846,10,0,2.156740911195305,0.0431348182239061,0.2156740911195305,0,0,0,0,0,0.0,0.0,0.031100003980100155,0
4847,10,0,2.156740911195305,0.0431348182239061,0.2156740911195305,0,0,0,0,0,0.0,0.0,0.03539997851476073,0
4848,10,0,2.156740911195305,0.0431348182239061,0.2156740911195305,0,0,0,0,0,0.0,0.0,0.03130000550299883,0
4849,10,0,2.156740911195305,0.0431348182239061,0.2156740911195305,0,0,0,0,0,0.0,0.0,0.030199997127056122,0
4850,10,0,2.156740911195305,0.0431348182239061,0.2156740911195305,0,0,0,0,0,0.0,0.0,0.027799978852272034,0
4851,10,1,2.1550904202413608,0.04310180840482722,0.21550904202413604,2,1,1,1,12,0.0016504909539278856,214.0,0.11860002996399999,9
4852,10,0,2.154347402151263,0.04308694804302526,0.2154347402151263,1,1,1,1,0,0.0007430180900982464,17.0,0.03029999788850546,0
4853,10,0,2.1535710715722667,0.043071421431445336,0.21535710715722667,1,1,1,1,0,0.000776330579000728,17.0,0.03190001007169485,0
4854,10,0,2.152051722903173,0.04304103445806346,0.2152051722903173,2,2,2,2,0,0.001519348669091869,17.0,0.028099981136620045,0
4855,10,0,2.1510255884089875,0.04302051176817975,0.2151025588408987,1,1,1,1,0,0.0010261344941895345,17.0,0.025500019546598196,0
4856,10,0,2.1502825703188897,0.04300565140637779,0.21502825703188896,1,1,1,1,0,0.0007430180900982464,17.0,0.029199989512562752,0
4857,10,2,2.1489810867034436,0.04297962173406887,0.21489810867034437,1,1,1,1,14,0.001301483615428367,94.0,0.12469995999708772,16
4858,10,1,2.146748975891397,0.042934979517827945,0.2146748975891397,3,1,2,2,12,0.0022321108120380018,214.0,0.1249000197276473,9
4859,10,0,2.1460059578012993,0.04292011915602598,0.21460059578012994,1,1,1,1,0,0.0007430180900982464,17.0,0.023800006601959467,0
4860,10,0,2.1452629397112015,0.04290525879422403,0.21452629397112016,1,1,1,1,0,0.0007430180900982464,17.0,0.03960001049563289,0
4861,10,0,2.143743591042108,0.04287487182084216,0.2143743591042108,2,2,2,2,0,0.001519348669091869,17.0,0.040899962186813354,0
4862,10,0,2.1427174565479223,0.042854349130958445,0.21427174565479223,1,1,1,1,0,0.0010261344941895345,17.0,0.03579998156055808,0
4863,10,0,2.1406979867668854,0.042813959735337706,0.21406979867668854,2,2,2,2,0,0.0020194697810325124,17.0,0.033800024539232254,0
4864,10,1,2.1382326827608296,0.04276465365521659,0.21382326827608295,3,1,2,2,12,0.0024653040060442777,214.0,0.14760001795366406,9
4865,10,0,2.136463530176546,0.042729270603530926,0.2136463530176546,2,2,2,2,0,0.0017691525842806755,17.0,0.035299977753311396,0
4866,10,1,2.1348864411325006,0.042697728822650015,0.21348864411325005,2,1,1,1,12,0.001577089044040747,214.0,0.1324999611824751,9
4867,10,0,2.1323409579692214,0.042646819159384425,0.2132340957969221,3,3,3,3,0,0.0025454831632814034,17.0,0.03390002530068159,0
4868,10,0,2.1313148234750354,0.04262629646950071,0.21313148234750354,1,1,1,1,0,0.0010261344941895345,17.0,0.035400036722421646,0
4869,10,0,2.130571805384938,0.04261143610769876,0.21305718053849376,1,1,1,1,0,0.0007430180900982464,17.0,0.03819999983534217,0
4870,10,2,2.128261402400147,0.042565228048002945,0.21282614024001473,2,1,1,1,14,0.0023104029847687,114.0,0.11809996794909239,16
4871,10,2,2.126959918784701,0.04253919837569402,0.2126959918784701,1,1,1,1,14,0.0013014836154354725,94.0,0.12129999231547117,16
4872,10,1,2.1244319821905053,0.042488639643810104,0.21244319821905058,3,1,2,2,12,0.0025279365941770493,214.0,0.1314000110141933,9
4873,10,0,2.123688964100408,0.042473779282008156,0.2123688964100408,1,1,1,1,0,0.0007430180900982464,17.0,0.033100019209086895,0
4874,10,0,2.123688964100408,0.042473779282008156,0.2123688964100408,0,0,0,0,0,0.0,0.0,0.03220001235604286,0
4875,10,1,2.121620271538502,0.04243240543077004,0.21216202715385024,2,1,1,1,12,0.002068692561891794,214.0,0.12099999003112316,9
4876,10,0,2.1208772534484046,0.04241754506896809,0.21208772534484047,1,1,1,1,0,0.0007430180900982464,17.0,0.02889998722821474,0
4877,10,2,2.116838982058187,0.042336779641163745,0.21168389820581868,4,2,2,2,14,0.004038271390200521,114.0,0.11570000788196921,16
4878,10,0,2.116838982058187,0.042336779641163745,0.21168389820581868,0,0,0,0,0,0.0,0.0,0.026099965907633305,0
4879,10,0,2.1148043132942176,0.04229608626588435,0.21148043132942176,2,2,2,2,0,0.002034668763968739,17.0,0.02239999594166875,0
4880,10,0,2.1135126626203458,0.042270253252406916,0.21135126626203457,1,1,1,1,0,0.0012916506738704925,17.0,0.03960001049563289,0
4881,10,1,2.1117534136294562,0.042235068272589125,0.21117534136294563,2,1,1,1,12,0.0017592489908722087,214.0,0.12689997674897313,9
4882,10,0,2.109718744865487,0.04219437489730974,0.2109718744865487,2,2,2,2,0,0.002034668763968739,17.0,0.04039995837956667,0
4883,10,0,2.1076840761015174,0.04215368152203035,0.21076840761015175,2,2,2,2,0,0.002034668763968739,17.0,0.034400029107928276,0
4884,10,1,2.107087934232557,0.04214175868465114,0.21070879342325566,0,0,0,0,12,0.0005961418689466313,0.0,0.13130001025274396,9
4885,10,0,2.1054980629254194,0.04210996125850839,0.21054980629254189,2,2,2,2,0,0.00158987130713939,17.0,0.03349996404722333,0
4886,10,0,2.1036426754385955,0.04207285350877191,0.2103642675438595,2,2,2,2,0,0.0018553874868274534,17.0,0.03560003824532032,0
4887,10,0,2.101935376085114,0.04203870752170227,0.2101935376085114,2,2,2,2,0,0.0017072993534839043,17.0,0.03779999678954482,0
4888,10,2,2.0989529380551017,0.041979058761102035,0.20989529380551017,4,2,3,3,14,0.002982438030002754,114.0,0.11920003453269601,16
4889,10,0,2.09766128738123,0.0419532257476246,0.20976612873812303,1,1,1,1,0,0.0012916506738704925,17.0,0.03460003063082695,0
4890,10,0,2.0944035507314585,0.04188807101462917,0.2094403550731458,3,3,3,3,0,0.003257736649771914,17.0,0.0632999581284821,0
4891,10,0,2.0904027959915887,0.04180805591983178,0.2090402795991589,4,4,4,4,0,0.00400075473987016,17.0,0.03320001997053623,0
4892,10,3,2.0875085592626093,0.041750171185252184,0.20875085592626091,3,2,2,2,14,0.002894236728963051,54.0,0.116499955765903,21
4893,10,0,2.0854963385618523,0.04170992677123705,0.20854963385618525,3,3,3,3,0,0.0020122207007560178,17.0,0.029699993319809437,0
4894,10,0,2.084227135951193,0.04168454271902386,0.20842271359511927,2,2,2,2,0,0.0012692026106648768,17.0,0.042599975131452084,0
4895,10,0,2.08169959515556,0.0416339919031112,0.208169959515556,3,3,3,3,0,0.0025275407956328877,17.0,0.028399983420968056,0
4896,10,0,2.079499423770415,0.0415899884754083,0.2079499423770415,3,3,3,3,0,0.002200171385148053,17.0,0.027600035537034273,0
4897,10,0,2.0765004737430615,0.041530009474861226,0.20765004737430615,3,3,3,3,0,0.0029989500273543968,17.0,0.02819998189806938,0
4898,10,1,2.0747054646914798,0.041494109293829594,0.20747054646914803,2,1,1,1,12,0.001795009051569707,214.0,0.12600002810359,9
4899,10,2,2.06970788860814,0.0413941577721628,0.20697078886081402,6,2,4,4,14,0.0049975760833191885,114.0,0.20650000078603625,16
4900,10,1,2.0671076120769403,0.0413421522415388,0.20671076120769402,3,1,3,3,12,0.0026002765311901044,214.0,0.13589998707175255,9
4901,10,0,2.065307985142227,0.04130615970284454,0.2065307985142227,3,3,3,3,0,0.001799626934719356,17.0,0.03890000516548753,0
4902,10,1,2.061994208122299,0.04123988416244598,0.2061994208122299,5,1,4,4,12,0.0033137770199118677,214.0,0.13760000001639128,9
4903,10,0,2.060466190045963,0.04120932380091926,0.20604661900459634,2,2,2,2,0,0.0015280180763355133,17.0,0.03759999526664615,0
4904,10,0,2.0590090367509157,0.041180180735018314,0.20590090367509156,2,2,2,2,0,0.0014571532950498067,17.0,0.0399000127799809,0
4905,10,0,2.0562602327819968,0.04112520465563994,0.20562602327819968,3,3,3,3,0,0.002748803968920299,17.0,0.0363999861292541,0
4906,10,0,2.0542393426739975,0.04108478685347995,0.20542393426739974,3,3,3,3,0,0.0020208901080067676,17.0,0.03450002986937761,0
4907,10,0,2.0536756058610455,0.041073512117220906,0.20536756058610456,1,1,1,1,0,0.0005637368129498554,17.0,0.03360002301633358,0
4908,10,2,2.0513313749223663,0.04102662749844733,0.20513313749223666,2,1,1,1,14,0.002344230938660985,114.0,0.12859998969361186,16
4909,10,0,2.049874221627319,0.04099748443254638,0.2049874221627319,2,2,2,2,0,0.0014571532950498067,17.0,0.03539997851476073,0
4910,10,0,2.0471254176584,0.040942508353168004,0.20471254176584003,3,3,3,3,0,0.002748803968920299,17.0,0.03090000245720148,0
4911,10,1,2.0465032267688157,0.040930064535376315,0.2046503226768816,0,0,0,0,12,0.0006221908895724937,0.0,0.132500019390136,9
4912,10,0,2.045538945505432,0.040910778910108636,0.20455389455054324,1,1,1,1,0,0.0009642812633856579,17.0,0.033800024539232254,0
4913,10,1,2.043093597890829,0.040861871957816584,0.2043093597890829,2,1,1,1,12,0.002445347614589366,214.0,0.132500019390136,9
4914,10,1,2.042001753082264,0.04084003506164528,0.2042001753082264,1,1,1,1,12,0.001091844808556175,214.0,0.1297999988310039,9
4915,10,0,2.0405445997872165,0.04081089199574433,0.20405445997872165,2,2,2,2,0,0.0014571532950498067,17.0,0.03029999788850546,0
4916,10,1,2.0384154395301515,0.04076830879060303,0.20384154395301515,2,1,1,1,12,0.002129160257048568,214.0,0.12129999231547117,9
4917,10,0,2.037389305035966,0.040747786100719316,0.2037389305035966,1,1,1,1,0,0.001026134494182429,17.0,0.028099981136620045,0
4918,10,1,2.0368484361232038,0.04073696872246407,0.20368484361232037,0,0,0,0,12,0.000540868912750625,0.0,0.12470001820474863,9
4919,10,1,2.0362522942542425,0.04072504588508485,0.2036252294254243,0,0,0,0,12,0.0005961418689466313,0.0,0.1317000132985413,9
4920,10,0,2.0362522942542425,0.04072504588508485,0.2036252294254243,0,0,0,0,0,0.0,0.0,0.03860000288113952,0
4921,10,0,2.0352880129908586,0.040705760259817175,0.2035288012990859,1,1,1,1,0,0.0009642812633856579,17.0,0.03490003291517496,0
4922,10,0,2.0352880129908586,0.040705760259817175,0.2035288012990859,0,0,0,0,0,0.0,0.0,0.03840000135824084,0
4923,10,0,2.0352880129908586,0.040705760259817175,0.2035288012990859,0,0,0,0,0,0.0,0.0,0.034699973184615374,0
4924,10,0,2.0352880129908586,0.040705760259817175,0.2035288012990859,0,0,0,0,0,0.0,0.0,0.03560003824532032,0
4925,10,0,2.0352880129908586,0.040705760259817175,0.2035288012990859,0,0,0,0,0,0.0,0.0,0.034800032153725624,0
4926,10,2,2.0327279330154124,0.040654558660308246,0.20327279330154124,2,1,1,1,14,0.0025600799754315062,154.0,0.13200001558288932,16
4927,10,0,2.0327279330154124,0.040654558660308246,0.20327279330154124,0,0,0,0,0,0.0,0.0,0.03570003900676966,0
4928,10,1,2.0308214200253754,0.040616428400507505,0.20308214200253755,2,1,1,1,12,0.0019065129900255329,214.0,0.1333000254817307,9
4929,10,0,2.0302576832124233,0.04060515366424847,0.20302576832124233,1,1,1,1,0,0.0005637368129498554,17.0,0.036100042052567005,0
4930,10,2,2.02909919008438,0.04058198380168761,0.20290991900843802,1,1,1,1,14,0.0011584931280310684,154.0,0.12449995847418904,16
4931,10,2,2.027032885284296,0.04054065770568591,0.2027032885284296,2,1,1,1,14,0.002066304800067087,54.0,0.1262999721802771,16
4932,10,0,2.026469148471344,0.04052938296942688,0.20264691484713437,1,1,1,1,0,0.0005637368129498554,17.0,0.030499999411404133,0
4933,10,0,2.0259054116583917,0.040518108233167836,0.20259054116583916,1,1,1,1,0,0.0005637368129569609,17.0,0.03060000017285347,0
4934,10,0,2.02534167484544,0.0405068334969088,0.202534167484544,1,1,1,1,0,0.0005637368129498554,17.0,0.028699985705316067,0
4935,10,1,2.0227845733218275,0.04045569146643655,0.20227845733218275,2,1,1,1,12,0.0025571015235996697,214.0,0.12909999350085855,9
4936,10,0,2.0222208365088754,0.040444416730177506,0.2022220836508876,1,1,1,1,0,0.0005637368129569609,17.0,0.02819998189806938,0
4937,10,1,2.019338566485006,0.040386771329700116,0.20193385664850058,4,1,3,3,12,0.0028822700238535504,214.0,0.13010000111535192,9
4938,10,0,2.017998499093058,0.04035996998186116,0.20179984990930575,2,2,2,2,0,0.0013400673919505834,17.0,0.02789997961372137,0
4939,10,1,2.0174222486224287,0.04034844497244858,0.20174222486224286,0,0,0,0,12,0.0005762504706154914,0.0,0.125700025819242,9
4940,10,1,2.0158427884976504,0.04031685576995301,0.20158427884976504,2,1,1,1,12,0.0015794601247662854,214.0,0.1384999486617744,9
4941,10,0,2.0158427884976504,0.04031685576995301,0.20158427884976504,0,0,0,0,0,0.0,0.0,0.03589998232200742,0
4942,10,0,2.0158427884976504,0.04031685576995301,0.20158427884976504,0,0,0,0,0,0.0,0.0,0.03360002301633358,0
4943,10,0,2.0158427884976504,0.04031685576995301,0.20158427884976504,0,0,0,0,0,0.0,0.0,0.03359996480867267,0
4944,10,0,2.0142127203746982,0.04028425440749397,0.20142127203746982,2,2,2,2,0,0.001630068122949524,17.0,0.034800032153725624,0
4945,10,1,2.0126976307398707,0.04025395261479742,0.20126976307398708,2,1,1,1,12,0.0015150896348146148,214.0,0.1357999863103032,9
4946,10,0,2.0110675626169185,0.04022135125233837,0.20110675626169186,2,2,2,2,0,0.0016300681229566294,17.0,0.035999983083456755,0
4947,10,1,2.0084955008419696,0.040169910016839394,0.200849550084197,3,1,2,2,12,0.0025720617749342978,214.0,0.13530004071071744,9
4948,10,0,2.0068654327190174,0.040137308654380345,0.20068654327190177,2,2,2,2,0,0.0016300681229566294,17.0,0.033999967854470015,0
4949,10,1,2.0062432418294334,0.04012486483658867,0.20062432418294338,0,0,0,0,12,0.0006221908895653883,0.0,0.1362999901175499,9
4950,10,0,2.0062432418294334,0.04012486483658867,0.20062432418294338,0,0,0,0,0,0.0,0.0,0.03270001616328955,0
4951,10,0,2.004613173706481,0.04009226347412962,0.20046131737064815,2,2,2,2,0,0.0016300681229566294,17.0,0.029499991796910763,0
4952,10,3,2.002581487019591,0.04005162974039182,0.2002581487019591,2,1,1,1,14,0.00203168668687681,134.0,0.1162000116892159,21
4953,10,1,1.999446796454733,0.039988935929094666,0.1999446796454733,3,1,2,2,12,0.0031346905648419465,214.0,0.1680999994277954,9
4954,10,0,1.999446796454733,0.039988935929094666,0.1999446796454733,0,0,0,0,0,0.0,0.0,0.02819998189806938,0
4955,10,0,1.9984206619605476,0.03996841323921095,0.19984206619605477,1,1,1,1,0,0.001026134494182429,17.0,0.033999967854470015,0
4956,10,1,1.9959753143459449,0.0399195062869189,0.19959753143459447,2,1,2,2,12,0.002445347614589366,214.0,0.12520002201199532,9
4957,10,0,1.9949491798517593,0.039898983597035184,0.1994949179851759,1,1,1,1,0,0.0010261344941895345,17.0,0.026500027161091566,0
4958,10,1,1.993202887093556,0.03986405774187112,0.19932028870935564,2,1,1,1,12,0.0017462927581917143,214.0,0.13840000610798597,9
4959,10,0,1.991745733798509,0.03983491467597018,0.19917457337985092,2,2,2,2,0,0.0014571532950498067,17.0,0.025500019546598196,0
4960,10,1,1.9890731161278308,0.03978146232255662,0.19890731161278308,4,1,3,3,12,0.0026726176706617366,214.0,0.5521000130102038,9
4961,10,2,1.9866375318001497,0.03973275063600299,0.198663753180015,2,1,1,1,14,0.0024355843276637756,154.0,0.139000010676682,16
4962,10,1,1.984505471908942,0.03969010943817884,0.19845054719089422,2,1,2,2,12,0.0021320598911955813,214.0,0.15390000771731138,9
4963,10,1,1.9815364353979885,0.03963072870795977,0.19815364353979886,4,1,3,3,12,0.0029690365109402705,214.0,0.1270999782718718,9
4964,10,0,1.980510300903803,0.039610206018076057,0.1980510300903803,1,1,1,1,0,0.001026134494182429,17.0,0.03600004129111767,0
4965,10,1,1.9788395798442115,0.03957679159688423,0.19788395798442115,2,1,2,2,12,0.0016707210595825472,214.0,0.15009997878223658,9
4966,10,0,1.9763562920549784,0.03952712584109957,0.19763562920549788,3,3,3,3,0,0.002483287789232236,17.0,0.03130000550299883,0
4967,10,0,1.9738730042657457,0.039477460085314914,0.19738730042657457,3,3,3,3,0,0.0024832877892393412,17.0,0.030399998649954796,0
4968,10,3,1.9698178866390594,0.03939635773278119,0.19698178866390595,5,3,3,3,16,0.004055117626670324,80.66666666666667,0.1194999786093831,21
4969,10,0,1.968249671746909,0.03936499343493818,0.1968249671746909,2,2,2,2,0,0.0015682148921527528,17.0,0.02770003629848361,0
4970,10,0,1.967285390483525,0.0393457078096705,0.1967285390483525,1,1,1,1,0,0.0009642812633856579,17.0,0.026200024876743555,0
4971,10,0,1.9656553223605728,0.039313106447211456,0.19656553223605727,2,2,2,2,0,0.0016300681229566294,17.0,0.025499961338937283,0
4972,10,0,1.964558516700143,0.03929117033400286,0.19645585167001428,2,2,2,2,0,0.0010968056604312437,17.0,0.027800037059932947,0
4973,10,1,1.9609788777956023,0.039219577555912044,0.19609788777956025,4,1,3,3,12,0.0035796389045259502,214.0,0.12499996228143573,9
4974,10,0,1.957891656377603,0.03915783312755206,0.1957891656377603,4,4,4,4,0,0.003087221418006436,17.0,0.025800021830946207,0
4975,10,0,1.955297306991267,0.03910594613982534,0.19552973069912669,3,3,3,3,0,0.002594349386335182,17.0,0.022599997464567423,0
4976,10,0,1.9533068912336973,0.03906613782467395,0.19533068912336976,2,2,2,2,0,0.0019904157575751924,17.0,0.022899999748915434,0
4977,10,0,1.950752738663176,0.03901505477326352,0.1950752738663176,3,3,3,3,0,0.002554152570525048,17.0,0.02459995448589325,0
4978,10,0,1.9475946524638879,0.03895189304927776,0.19475946524638882,4,4,4,4,0,0.0031580861992921427,17.0,0.0219999928958714,0
4979,10,0,1.9469907188351212,0.03893981437670242,0.19469907188351215,1,1,1,1,0,0.0006039336287670949,17.0,0.023500004317611456,0
4980,10,0,1.9454008475279836,0.03890801695055967,0.19454008475279838,2,2,2,2,0,0.00158987130713939,17.0,0.04040001658722758,0
4981,10,0,1.9432688958228814,0.03886537791645763,0.1943268895822881,3,3,3,3,0,0.0021319517051026082,17.0,0.03439997090026736,0
4982,10,1,1.9408541735084146,0.038817083470168295,0.19408541735084145,3,1,2,2,12,0.00241472231444817,214.0,0.14269998064264655,9
4983,10,1,1.9377338597823126,0.03875467719564625,0.19377338597823127,3,1,2,2,12,0.0031203137260860103,214.0,0.15750003512948751,9
4984,10,0,1.9377338597823126,0.03875467719564625,0.19377338597823127,0,0,0,0,0,0.0,0.0,0.035999983083456755,0
4985,10,0,1.9377338597823126,0.03875467719564625,0.19377338597823127,0,0,0,0,0,0.0,0.0,0.03319996176287532,0
4986,10,0,1.9367695785189287,0.03873539157037857,0.19367695785189287,1,1,1,1,0,0.0009642812633856579,17.0,0.03489997470751405,0
4987,10,0,1.9357762432320773,0.03871552486464155,0.19357762432320774,1,1,1,1,0,0.0009933352868500833,17.0,0.03360002301633358,0
4988,10,1,1.9328712941319262,0.03865742588263852,0.1932871294131926,3,1,2,2,12,0.0029049491001416072,214.0,0.15090004308149219,9
4989,10,0,1.931274025216308,0.03862548050432616,0.1931274025216308,2,2,2,2,0,0.0015972689156171782,17.0,0.032800016924738884,0
4990,10,1,1.9291682049044274,0.038583364098088546,0.19291682049044273,3,1,2,2,12,0.002105820311868456,214.0,0.13460003538057208,9
4991,10,0,1.9272105883541917,0.038544211767083836,0.19272105883541918,2,2,2,2,0,0.001957616550235741,17.0,0.03279995871707797,0
4992,10,0,1.9252529718039564,0.038505059436079125,0.19252529718039563,2,2,2,2,0,0.001957616550235741,17.0,0.03519997699186206,0
4993,10,0,1.9242886905405725,0.03848577381081145,0.19242886905405726,1,1,1,1,0,0.0009642812633856579,17.0,0.03090000245720148,0
4994,10,0,1.9233244092771886,0.038466488185543775,0.19233244092771887,1,1,1,1,0,0.0009642812633856579,17.0,0.03220001235604286,0
4995,10,4,1.9213456135233589,0.03842691227046718,0.1921345613523359,2,1,2,2,16,0.001978795753814211,74.0,0.11000002268701792,24
4996,10,1,1.9192916334875898,0.0383858326697518,0.191929163348759,3,1,2,2,12,0.002053980035753966,214.0,0.12350000906735659,9
4997,10,0,1.918327352224206,0.03836654704448412,0.19183273522242061,1,1,1,1,0,0.0009642812633856579,17.0,0.026499968953430653,0
4998,10,0,1.917363070960822,0.03834726141921644,0.19173630709608222,1,1,1,1,0,0.0009642812633856579,17.0,0.02459995448589325,0
4999,10,1,1.9167408800712378,0.03833481760142476,0.19167408800712382,0,0,0,0,12,0.0006221908895724937,0.0,0.12480001896619797,9
5000,10,1,1.9149945873130347,0.038299891746260695,0.19149945873130347,2,1,1,1,12,0.0017462927581846088,214.0,0.14949997421354055,9
5001,10,1,1.9130805802676125,0.03826161160535225,0.19130805802676124,2,1,1,1,12,0.0019140070454142233,214.0,0.13770000077784061,9
5002,10,0,1.9121162990042282,0.03824232598008456,0.19121162990042284,1,1,1,1,0,0.0009642812633856579,17.0,0.03409996861591935,0
5003,10,1,1.9115754300914662,0.03823150860182933,0.1911575430091466,0,0,0,0,12,0.0005408689127435196,0.0,0.13180001405999064,9
5004,10,0,1.9115754300914662,0.03823150860182933,0.1911575430091466,0,0,0,0,0,0.0,0.0,0.03270001616328955,0
5005,10,0,1.9115754300914662,0.03823150860182933,0.1911575430091466,0,0,0,0,0,0.0,0.0,0.0350000336766243,0
5006,10,1,1.9093422852619857,0.03818684570523971,0.19093422852619857,3,1,2,2,12,0.002233144829475009,214.0,0.1314000110141933,9
5007,10,2,1.9087757612612206,0.038175515225224416,0.19087757612612205,0,0,0,0,14,0.0005665240007459715,0.0,0.12250000145286322,16
5008,10,0,1.9078114799978367,0.03815622959995674,0.19078114799978366,1,1,1,1,0,0.0009642812633856579,17.0,0.03130000550299883,0
5009,10,2,1.9057305079890179,0.038114610159780356,0.19057305079890177,2,1,1,1,14,0.002080972008805304,134.0,0.11550000635907054,16
5010,10,1,1.9028789199499012,0.038057578398998024,0.1902878919949901,3,1,2,2,12,0.002851588039099795,214.0,0.16329996287822723,9
5011,10,0,1.9013107050577507,0.03802621410115501,0.19013107050577505,2,2,2,2,0,0.0015682148921527528,17.0,0.026799971237778664,0
5012,10,1,1.9007656107645907,0.038015312215291815,0.19007656107645904,0,0,0,0,12,0.0005450942931446434,0.0,0.13110000872984529,9
5013,10,0,1.900161677135824,0.03800323354271648,0.19001616771358237,1,1,1,1,0,0.0006039336287670949,17.0,0.022099993657320738,0
5014,10,0,1.8991683418489727,0.037983366836979456,0.18991683418489722,1,1,1,1,0,0.0009933352868500833,17.0,0.022599997464567423,0
5015,10,0,1.8962379746096887,0.037924759492193774,0.18962379746096886,3,3,3,3,0,0.0029303672392870794,17.0,0.02239999594166875,0
5016,10,0,1.8942803580594532,0.037885607161189064,0.18942803580594533,2,2,2,2,0,0.001957616550235741,17.0,0.02300000051036477,0
5017,10,0,1.8928071441152166,0.03785614288230433,0.18928071441152167,1,1,1,1,0,0.0014732139442372727,17.0,0.022499996703118086,0
5018,10,0,1.8892728432471662,0.03778545686494332,0.18892728432471662,4,4,4,4,0,0.0035343008680541743,17.0,0.0219999928958714,0
5019,10,0,1.8867028236424996,0.03773405647284999,0.18867028236424993,3,3,3,3,0,0.0025700196046685164,17.0,0.022799998987466097,0
5020,10,0,1.8836613948061123,0.03767322789612224,0.18836613948061126,3,3,3,3,0,0.0030414288363900255,17.0,0.5114999949000776,0
5021,10,0,1.8822042415110651,0.0376440848302213,0.1882204241511065,2,2,2,2,0,0.0014571532950498067,17.0,0.060699996538460255,0
5022,10,2,1.8794052202970524,0.03758810440594105,0.18794052202970524,3,1,2,2,14,0.0027990212140025506,174.0,0.13610004680231214,16
5023,10,1,1.8763997248752586,0.03752799449750517,0.18763997248752587,4,1,4,4,12,0.00300549542177464,214.0,0.14259997988119721,9
5024,10,1,1.8733380379915736,0.03746676075983147,0.18733380379915734,4,1,4,4,12,0.003061686883675918,214.0,0.13920001219958067,9
5025,10,0,1.8698439339393378,0.03739687867878676,0.18698439339393375,4,4,4,4,0,0.0034941040522440403,17.0,0.03300001844763756,0
5026,10,0,1.8678230438313381,0.037356460876626765,0.18678230438313384,3,3,3,3,0,0.002020890107999662,17.0,0.0315000070258975,0
5027,10,1,1.864546469229023,0.03729092938458046,0.1864546469229023,4,1,3,3,12,0.0032765746023031284,214.0,0.15380000695586205,9
5028,10,1,1.862863463278829,0.03725726926557658,0.18628634632788288,2,1,2,2,12,0.0016830059501771188,214.0,0.1382000045850873,9
5029,10,1,1.8597232538798911,0.03719446507759782,0.1859723253879891,3,1,2,2,12,0.0031402093989214563,214.0,0.12499996228143573,9
5030,10,1,1.8577290721528317,0.03715458144305663,0.18577290721528317,2,1,1,1,12,0.001994181727049238,214.0,0.12509996304288507,9
5031,10,0,1.8571251385240652,0.037142502770481305,0.18571251385240653,1,1,1,1,0,0.0006039336287670949,17.0,0.028900045435875654,0
5032,10,0,1.855047990951062,0.03710095981902124,0.1855047990951062,2,2,2,2,0,0.0020771475730043676,17.0,0.029699993319809437,0
5033,10,0,1.852970843378059,0.03705941686756118,0.18529708433780587,2,2,2,2,0,0.0020771475730043676,17.0,0.026300025638192892,0
5034,10,1,1.850614910525926,0.03701229821051852,0.18506149105259262,3,1,2,2,12,0.0023559328521187695,214.0,0.12530002277344465,9
5035,10,0,1.8481774153183055,0.03696354830636611,0.18481774153183053,2,2,2,2,0,0.0024374952076229306,17.0,0.028799986466765404,0
5036,10,0,1.845176183297733,0.03690352366595466,0.1845176183297733,3,3,3,3,0,0.0030012320205798915,17.0,0.028399983420968056,0
5037,10,0,1.8446124464847808,0.036892248929695615,0.1844612446484781,1,1,1,1,0,0.0005637368129498554,17.0,0.02589996438473463,0
5038,10,0,1.8440085128560142,0.03688017025712029,0.18440085128560144,1,1,1,1,0,0.0006039336287670949,17.0,0.02400000812485814,0
5039,10,1,1.841930508881738,0.03683861017763476,0.18419305088817378,3,1,2,2,12,0.002078003974261833,214.0,0.11840002844110131,9
5040,10,1,1.838426644521785,0.0367685328904357,0.1838426644521785,5,1,4,4,12,0.0035038643599420993,214.0,0.1379000023007393,9
5041,10,2,1.8367364834027544,0.03673472966805509,0.18367364834027547,2,1,2,2,14,0.0016901611190149879,134.0,0.14449999434873462,16
5042,10,0,1.8331313177534154,0.03666262635506831,0.18331313177534153,4,4,4,4,0,0.003605165649339881,17.0,0.03850000211969018,0
5043,10,0,1.8325273841246488,0.03665054768249298,0.1832527384124649,1,1,1,1,0,0.0006039336287670949,17.0,0.033400021493434906,0
5044,10,0,1.8300898889170283,0.036601797778340564,0.18300898889170286,2,2,2,2,0,0.002437495207630036,17.0,0.031800009310245514,0
5045,10,1,1.8276253705063428,0.036552507410126854,0.1827625370506343,3,1,3,3,12,0.002464518410668859,214.0,0.1262999721802771,9
5046,10,0,1.8255884197491543,0.03651176839498309,0.18255884197491545,2,2,2,2,0,0.0020369507571942336,17.0,0.0344999716617167,0
5047,10,0,1.8231509245415336,0.036463018490830675,0.1823150924541534,2,2,2,2,0,0.0024374952076229306,17.0,0.036299985367804766,0
5048,10,0,1.8216229064651979,0.03643245812930396,0.18216229064651981,2,2,2,2,0,0.0015280180763426188,17.0,0.0317999511025846,0
5049,10,0,1.8204552360234794,0.036409104720469584,0.18204552360234794,2,2,2,2,0,0.0011676704417169503,17.0,0.03029999788850546,0
5050,10,3,1.8177912870135844,0.036355825740271686,0.18177912870135843,2,1,2,2,16,0.0026639490098787633,114.0,0.1170000177808106,21
5051,10,1,1.8157967907855892,0.03631593581571178,0.1815796790785589,2,1,1,1,12,0.0019944962279794254,214.0,0.12260000221431255,9
5052,10,1,1.8152509741341611,0.03630501948268322,0.1815250974134161,0,0,0,0,12,0.0005458166514173968,0.0,0.12350000906735659,9
5053,10,0,1.8132140233769727,0.036264280467539454,0.18132140233769725,2,2,2,2,0,0.002036950757187128,17.0,0.026800029445439577,0
5054,10,0,1.8132140233769727,0.036264280467539454,0.18132140233769725,0,0,0,0,0,0.0,0.0,0.02840004162862897,0
5055,10,0,1.810776528169352,0.03621553056338704,0.18107765281693516,2,2,2,2,0,0.0024374952076229306,17.0,0.028099981136620045,0
5056,10,0,1.8083390329617313,0.03616678065923463,0.18083390329617313,2,2,2,2,0,0.0024374952076229306,17.0,0.025100016500800848,0
5057,10,0,1.8083390329617313,0.03616678065923463,0.18083390329617313,0,0,0,0,0,0.0,0.0,0.024300010409206152,0
5058,10,1,1.8077662991071066,0.036155325982142134,0.1807766299107107,0,0,0,0,12,0.000572733854610874,0.0,0.12440001592040062,9
5059,10,0,1.8077662991071066,0.036155325982142134,0.1807766299107107,0,0,0,0,0,0.0,0.0,0.023300002794712782,0
5060,10,0,1.8077662991071066,0.036155325982142134,0.1807766299107107,0,0,0,0,0,0.0,0.0,0.04020001506432891,0
5061,10,1,1.8072251278655829,0.03614450255731166,0.18072251278655832,0,0,0,0,12,0.0005411712415082093,0.0,0.12959999730810523,9
5062,10,2,1.8066564971622365,0.03613312994324473,0.18066564971622365,0,0,0,0,14,0.0005686307033343496,0.0,0.13350002700462937,16
5063,10,1,1.806020012562256,0.03612040025124512,0.18060200125622558,0,0,0,0,12,0.0006364845999655699,0.0,0.1365999924018979,9
5064,10,0,1.806020012562256,0.03612040025124512,0.18060200125622558,0,0,0,0,0,0.0,0.0,0.0315000070258975,0
5065,10,0,1.806020012562256,0.03612040025124512,0.18060200125622558,0,0,0,0,0,0.0,0.0,0.029499991796910763,0
5066,10,0,1.806020012562256,0.03612040025124512,0.18060200125622558,0,0,0,0,0,0.0,0.0,0.02940004924312234,0
5067,10,0,1.806020012562256,0.03612040025124512,0.18060200125622558,0,0,0,0,0,0.0,0.0,0.031000003218650818,0
5068,10,0,1.806020012562256,0.03612040025124512,0.18060200125622558,0,0,0,0,0,0.0,0.0,0.028999987989664078,0
5069,10,1,1.8054238706932952,0.03610847741386591,0.1805423870693295,0,0,0,0,12,0.0005961418689466313,0.0,0.15259999781847,9
5070,10,1,1.804878054041867,0.03609756108083734,0.18048780540418669,0,0,0,0,12,0.0005458166514102913,0.0,0.12849998893216252,9
5071,10,1,1.8043018035712381,0.036086036071424764,0.18043018035712383,0,0,0,0,12,0.0005762504706154914,0.0,0.12260000221431255,9
5072,10,0,1.8043018035712381,0.036086036071424764,0.18043018035712383,0,0,0,0,0,0.0,0.0,0.028399983420968056,0
5073,10,1,1.803760934658476,0.03607521869316952,0.1803760934658476,0,0,0,0,12,0.000540868912750625,0.0,0.13100000796839595,9
5074,10,0,1.803760934658476,0.03607521869316952,0.1803760934658476,0,0,0,0,0,0.0,0.0,0.03029999788850546,0
5075,10,0,1.803760934658476,0.03607521869316952,0.1803760934658476,0,0,0,0,0,0.0,0.0,0.024100008886307478,0
5076,10,0,1.803760934658476,0.03607521869316952,0.1803760934658476,0,0,0,0,0,0.0,0.0,0.02269999822601676,0
5077,10,1,1.803138743768892,0.03606277487537784,0.18031387437688917,0,0,0,0,12,0.0006221908895724937,0.0,0.12099999003112316,9
5078,10,1,1.8020468989603267,0.03604093797920653,0.18020468989603267,1,1,1,1,12,0.0010918448085490695,214.0,0.14489999739453197,9
5079,10,0,1.8020468989603267,0.03604093797920653,0.18020468989603267,0,0,0,0,0,0.0,0.0,0.022599997464567423,0
5080,10,1,1.8015010823088984,0.03603002164617797,0.18015010823088984,0,0,0,0,12,0.0005458166514173968,0.0,0.1278999843634665,9
5081,10,0,1.8010082102772351,0.0360201642055447,0.1801008210277235,1,1,1,1,0,0.0004928720316570434,17.0,0.03659998765215278,0
5082,10,1,1.79991636546867,0.0359983273093734,0.17999163654686698,1,1,1,1,12,0.001091844808556175,214.0,0.1357999863103032,9
5083,10,1,1.7979414721667206,0.035958829443334415,0.17979414721667206,2,1,1,1,12,0.001974893301934344,214.0,0.3357999958097935,9
5084,10,1,1.7973049875667404,0.03594609975133481,0.17973049875667402,0,0,0,0,12,0.0006364845999655699,0.0,0.14319998444989324,9
5085,10,0,1.7973049875667404,0.03594609975133481,0.17973049875667402,0,0,0,0,0,0.0,0.0,0.03880000440403819,0
5086,10,0,1.7973049875667404,0.03594609975133481,0.17973049875667402,0,0,0,0,0,0.0,0.0,0.035999983083456755,0
5087,10,1,1.7950728767546935,0.03590145753509387,0.17950728767546933,3,1,2,2,12,0.0022321108120380018,214.0,0.10629999451339245,9
5088,10,0,1.7950728767546935,0.03590145753509387,0.17950728767546933,0,0,0,0,0,0.0,0.0,0.026100024115294218,0
5089,10,2,1.7945100654749224,0.03589020130949845,0.17945100654749224,0,0,0,0,14,0.0005628112797566587,0.0,0.09129999671131372,16
5090,10,0,1.7945100654749224,0.03589020130949845,0.17945100654749224,0,0,0,0,0,0.0,0.0,0.024399952962994576,0
5091,10,0,1.7945100654749224,0.03589020130949845,0.17945100654749224,0,0,0,0,0,0.0,0.0,0.027399975806474686,0
5092,10,0,1.7945100654749224,0.03589020130949845,0.17945100654749224,0,0,0,0,0,0.0,0.0,0.026499968953430653,0
5093,10,0,1.7945100654749224,0.03589020130949845,0.17945100654749224,0,0,0,0,0,0.0,0.0,0.025200017262250185,0
5094,10,0,1.7945100654749224,0.03589020130949845,0.17945100654749224,0,0,0,0,0,0.0,0.0,0.02400000812485814,0
5095,10,0,1.7945100654749224,0.03589020130949845,0.17945100654749224,0,0,0,0,0,0.0,0.0,0.025399960577487946,0
5096,10,1,1.7939139236059614,0.035878278472119225,0.17939139236059615,0,0,0,0,12,0.0005961418689466313,0.0,0.14890002785250545,9
5097,10,1,1.7933411897513367,0.03586682379502673,0.17933411897513368,0,0,0,0,12,0.000572733854610874,0.0,0.11999998241662979,9
5098,10,1,1.7928003208385745,0.03585600641677149,0.17928003208385748,0,0,0,0,12,0.000540868912750625,0.0,0.14710001414641738,9
5099,10,0,1.7928003208385745,0.03585600641677149,0.17928003208385748,0,0,0,0,0,0.0,0.0,0.02039998071268201,0
5100,10,0,1.7928003208385745,0.03585600641677149,0.17928003208385748,0,0,0,0,0,0.0,0.0,0.030399998649954796,0
5101,10,0,1.7928003208385745,0.03585600641677149,0.17928003208385748,0,0,0,0,0,0.0,0.0,0.02619996666908264,0
5102,10,1,1.7921781299489905,0.03584356259897981,0.17921781299489908,0,0,0,0,12,0.0006221908895653883,0.0,0.10639999527484179,9
5103,10,1,1.7905019193808127,0.035810038387616254,0.17905019193808125,2,1,1,1,12,0.001676210568163583,214.0,0.10440003825351596,9
5104,10,1,1.7899057775118519,0.035798115550237035,0.17899057775118515,0,0,0,0,12,0.0005961418689466313,0.0,0.16689999029040337,9
5105,10,0,1.7891294469328556,0.035782588938657114,0.17891294469328553,1,1,1,1,0,0.0007763305789936226,17.0,0.03739999374374747,0
5106,10,0,1.7891294469328556,0.035782588938657114,0.17891294469328553,0,0,0,0,0,0.0,0.0,0.03370002377778292,0
5107,10,0,1.7891294469328556,0.035782588938657114,0.17891294469328553,0,0,0,0,0,0.0,0.0,0.03270001616328955,0
5108,10,0,1.7891294469328556,0.035782588938657114,0.17891294469328553,0,0,0,0,0,0.0,0.0,0.029600050766021013,0
5109,10,1,1.7868193591736539,0.03573638718347308,0.1786819359173654,2,1,1,1,12,0.0023100877591915037,214.0,0.12779998360201716,9
5110,10,0,1.7868193591736539,0.03573638718347308,0.1786819359173654,0,0,0,0,0,0.0,0.0,0.03330002073198557,0
5111,10,1,1.7862735425222258,0.035725470850444516,0.1786273542522226,0,0,0,0,12,0.0005458166514102913,0.0,0.1373999984934926,9
5112,10,1,1.785732371280702,0.03571464742561404,0.17857323712807022,0,0,0,0,12,0.0005411712415082093,0.0,0.12390001211315393,9
5113,10,0,1.785732371280702,0.03571464742561404,0.17857323712807022,0,0,0,0,0,0.0,0.0,0.03160000778734684,0
5114,10,0,1.785732371280702,0.03571464742561404,0.17857323712807022,0,0,0,0,0,0.0,0.0,0.03279995871707797,0
5115,10,0,1.78516863446775,0.035703372689355,0.17851686344677503,1,1,1,1,0,0.0005637368129569609,17.0,0.030499999411404133,0
5116,10,0,1.7846048976547984,0.03569209795309597,0.17846048976547982,1,1,1,1,0,0.0005637368129498554,17.0,0.029799994081258774,0
5117,10,0,1.7840411608418463,0.035680823216836924,0.17840411608418463,1,1,1,1,0,0.0005637368129569609,17.0,0.027600035537034273,0
5118,10,2,1.7834509877997362,0.03566901975599472,0.17834509877997362,0,0,0,0,14,0.0005901730420916351,0.0,0.12389995390549302,16
5119,10,2,1.7828459983238285,0.03565691996647657,0.17828459983238285,0,0,0,0,14,0.000604989475895934,0.0,0.11790002463385463,16
5120,10,1,1.7822732644692039,0.03564546528938408,0.17822732644692038,0,0,0,0,12,0.000572733854610874,0.0,0.1433999859727919,9
5121,10,1,1.7803109821551688,0.03560621964310338,0.17803109821551688,2,1,1,1,12,0.0019622823140252876,214.0,0.1283999881707132,9
5122,10,0,1.7795346515761727,0.03559069303152346,0.17795346515761729,1,1,1,1,0,0.0007763305789936226,17.0,0.035299977753311396,0
5123,10,0,1.7777940397337926,0.03555588079467585,0.17777940397337927,2,2,2,2,0,0.0017406118423863859,17.0,0.03880000440403819,0
5124,10,1,1.776123318674201,0.03552246637348402,0.1776123318674201,2,1,1,1,12,0.0016707210595754418,214.0,0.13399997260421515,9
5125,10,1,1.774801171443777,0.03549602342887554,0.17748011714437767,1,1,1,1,12,0.0013221472304110193,214.0,0.13510003918781877,9
5126,10,0,1.7716517546517307,0.035433035093034616,0.1771651754651731,4,4,4,4,0,0.0031494167920484983,17.0,0.0315000070258975,0
5127,10,0,1.7701324059826369,0.03540264811965274,0.1770132405982637,2,2,2,2,0,0.0015193486690989744,17.0,0.04600000102072954,0
5128,10,0,1.7693560754036408,0.035387121508072814,0.17693560754036408,1,1,1,1,0,0.0007763305789936226,17.0,0.0467000063508749,0
5129,10,0,1.7685797448246448,0.03537159489649289,0.1768579744824645,1,1,1,1,0,0.0007763305789936226,17.0,0.032400013878941536,0
5130,10,1,1.7660518082304488,0.03532103616460898,0.1766051808230449,3,1,2,2,12,0.0025279365941841547,214.0,0.15049998182803392,9
5131,10,0,1.7660518082304488,0.03532103616460898,0.1766051808230449,0,0,0,0,0,0.0,0.0,0.031299947295337915,0
5132,10,2,1.7629368793716584,0.03525873758743317,0.17629368793716585,4,2,2,2,14,0.003114928858771293,114.0,0.1262999721802771,16
5133,10,2,1.7613458677561313,0.03522691735512263,0.17613458677561317,2,1,1,1,14,0.0015910116155168907,74.0,0.11740002082660794,16
5134,10,0,1.7605695371771355,0.03521139074354271,0.17605695371771357,1,1,1,1,0,0.0007763305789936226,17.0,0.029799994081258774,0
5135,10,0,1.7605695371771355,0.03521139074354271,0.17605695371771357,0,0,0,0,0,0.0,0.0,0.028300040867179632,0
5136,10,1,1.7599330525771548,0.035198661051543095,0.17599330525771548,0,0,0,0,12,0.0006364845999655699,0.0,0.11800002539530396,9
5137,10,0,1.7599330525771548,0.035198661051543095,0.17599330525771548,0,0,0,0,0,0.0,0.0,0.041899969801306725,0
5138,10,0,1.7599330525771548,0.035198661051543095,0.17599330525771548,0,0,0,0,0,0.0,0.0,0.023500004317611456,0
5139,10,0,1.7599330525771548,0.035198661051543095,0.17599330525771548,0,0,0,0,0,0.0,0.0,0.021299987565726042,0
5140,10,2,1.759328063101247,0.035186561262024935,0.1759328063101247,0,0,0,0,14,0.000604989475895934,0.0,0.13230001786723733,16
5141,10,1,1.757225971165883,0.035144519423317665,0.1757225971165883,2,1,1,1,12,0.0021020919353489376,214.0,0.13510003918781877,9
5142,10,0,1.757225971165883,0.035144519423317665,0.1757225971165883,0,0,0,0,0,0.0,0.0,0.03460003063082695,0
5143,10,1,1.756680154514455,0.0351336030902891,0.17566801545144553,0,0,0,0,12,0.0005458166514173968,0.0,0.12659997446462512,9
5144,10,2,1.7540687804163477,0.035081375608326956,0.1754068780416348,2,1,1,1,14,0.0026113740980875377,134.0,0.11780002387240529,16
5145,10,0,1.7535050436033959,0.03507010087206792,0.17535050436033958,1,1,1,1,0,0.0005637368129498554,17.0,0.032400013878941536,0
5146,10,1,1.7515416649942839,0.035030833299885676,0.1751541664994284,2,1,1,1,12,0.0019633786091119987,214.0,0.13499998021870852,9
5147,10,0,1.7515416649942839,0.035030833299885676,0.1751541664994284,0,0,0,0,0,0.0,0.0,0.034100026823580265,0
5148,10,0,1.7515416649942839,0.035030833299885676,0.1751541664994284,0,0,0,0,0,0.0,0.0,0.02889998722821474,0
5149,10,0,1.750977928181332,0.03501955856362664,0.1750977928181332,1,1,1,1,0,0.0005637368129498554,17.0,0.026399968191981316,0
5150,10,0,1.75041419136838,0.0350082838273676,0.17504141913683802,1,1,1,1,0,0.0005637368129569609,17.0,0.026300025638192892,0
5151,10,0,1.7498504545554279,0.03499700909110856,0.1749850454555428,1,1,1,1,0,0.0005637368129498554,17.0,0.02670002868399024,0
5152,10,0,1.7498504545554279,0.03499700909110856,0.1749850454555428,0,0,0,0,0,0.0,0.0,0.04849996184930205,0
5153,10,0,1.7492867177424758,0.034985734354849515,0.1749286717742476,1,1,1,1,0,0.0005637368129569609,17.0,0.030199997127056122,0
5154,10,0,1.7492867177424758,0.034985734354849515,0.1749286717742476,0,0,0,0,0,0.0,0.0,0.03390002530068159,0
5155,10,0,1.748722980929524,0.03497445961859048,0.1748722980929524,1,1,1,1,0,0.0005637368129498554,17.0,0.02889998722821474,0
5156,10,0,1.748722980929524,0.03497445961859048,0.1748722980929524,0,0,0,0,0,0.0,0.0,0.021900050342082977,0
5157,10,0,1.748722980929524,0.03497445961859048,0.1748722980929524,0,0,0,0,0,0.0,0.0,0.026399968191981316,0
5158,10,1,1.7481007900399397,0.034962015800798794,0.17481007900399398,0,0,0,0,12,0.0006221908895724937,0.0,0.1097000204026699,9
5159,10,2,1.7474238451295356,0.03494847690259071,0.1747423845129536,0,0,0,0,14,0.0006769449103884995,0.0,0.11550000635907054,16
5160,10,1,1.7458259317417504,0.034916518634835005,0.17458259317417504,2,1,2,2,12,0.0015979133877692675,214.0,0.11660001473501325,9
5161,10,1,1.7428448244047674,0.03485689648809535,0.17428448244047676,3,1,2,2,12,0.0029811073369714336,214.0,0.13230001786723733,9
5162,10,0,1.7405737882383336,0.034811475764766675,0.17405737882383338,3,3,3,3,0,0.0022710361664337597,17.0,0.033699965570122004,0
5163,10,1,1.7400010543837092,0.03480002108767419,0.1740001054383709,0,0,0,0,12,0.000572733854610874,0.0,0.12089998926967382,9
5164,10,2,1.7373144114018197,0.034746288228036395,0.17373144114018196,3,2,2,2,14,0.002686642981878151,114.0,0.14900002861395478,16
5165,10,0,1.7373144114018197,0.034746288228036395,0.17373144114018196,0,0,0,0,0,0.0,0.0,0.03160000778734684,0
5166,10,1,1.7356318359162008,0.034712636718324016,0.1735631835916201,2,1,1,1,12,0.0016825754856029107,214.0,0.1183999702334404,9
5167,10,1,1.7337957456236504,0.03467591491247301,0.17337957456236502,2,1,1,1,12,0.0018360902925351752,214.0,0.11520000407472253,9
5168,10,1,1.73315926102367,0.034663185220473396,0.17331592610236699,0,0,0,0,12,0.0006364845999655699,0.0,0.11710001854225993,9
5169,10,0,1.7321659257368185,0.03464331851473637,0.17321659257368185,1,1,1,1,0,0.0009933352868500833,17.0,0.024900014977902174,0
5170,10,0,1.7321659257368185,0.03464331851473637,0.17321659257368185,0,0,0,0,0,0.0,0.0,0.025900022592395544,0
5171,10,1,1.7304199257723705,0.03460839851544741,0.17304199257723704,2,1,1,1,12,0.0017459999644415802,214.0,0.11199997970834374,9
5172,10,0,1.7284004559913335,0.03456800911982667,0.17284004559913335,2,2,2,2,0,0.0020194697810325124,17.0,0.02600002335384488,0
5173,9,0,1.7266206919121556,0.03453241383824311,0.19184674354579506,2,1,2,1,0,0.0017797640791741287,17.0,0.02269999822601676,0
5174,9,0,1.7258776738220578,0.03451755347644116,0.19176418598022865,1,1,1,1,0,0.0007430180901053518,17.0,0.02400000812485814,0
5175,9,0,1.7241413204451086,0.03448282640890217,0.19157125782723428,2,2,2,2,0,0.0017363533769412243,17.0,0.023799948394298553,0
5176,9,0,1.7233983023550108,0.034467966047100215,0.19148870026166787,1,1,1,1,0,0.0007430180901053518,17.0,0.022799998987466097,0
5177,9,0,1.7233983023550108,0.034467966047100215,0.19148870026166787,0,0,0,0,0,0.0,0.0,0.022199994418770075,0
5178,9,1,1.721912068828092,0.03443824137656184,0.19132356320312138,1,1,1,1,11,0.001486233526904357,194.0,0.10270002530887723,8
5179,9,0,1.7209187335412406,0.034418374670824814,0.1912131926156934,1,1,1,1,0,0.0009933352868500833,17.0,0.020899984519928694,0
5180,9,0,1.719925398254389,0.03439850796508778,0.19110282202826545,1,1,1,1,0,0.0009933352868500833,17.0,0.031400006264448166,0
5181,9,1,1.7194325000143216,0.03438865000028643,0.19104805555714685,0,0,0,0,11,0.0004928982400542736,0.0,0.11119997361674905,8
5182,9,0,1.7194325000143216,0.03438865000028643,0.19104805555714685,0,0,0,0,0,0.0,0.0,0.03200001083314419,0
5183,9,0,1.7194325000143216,0.03438865000028643,0.19104805555714685,0,0,0,0,0,0.0,0.0,0.02989999484270811,0
5184,9,0,1.7194325000143216,0.03438865000028643,0.19104805555714685,0,0,0,0,0,0.0,0.0,0.02989999484270811,0
5185,9,1,1.7189072231857527,0.03437814446371505,0.19098969146508363,0,0,0,0,11,0.0005252768285544107,0.0,0.12099999003112316,8
5186,9,0,1.7189072231857527,0.03437814446371505,0.19098969146508363,0,0,0,0,0,0.0,0.0,0.030199997127056122,0
5187,9,1,1.718423224048259,0.03436846448096518,0.19093591378313987,0,0,0,0,11,0.00048399913747942946,0.0,0.10720000136643648,8
5188,9,0,1.714846587413664,0.03429693174827328,0.19053850971262934,2,2,2,2,0,0.0035766366345981737,17.0,0.02719997428357601,0
5189,9,0,1.7135549367397922,0.03427109873479584,0.19039499297108806,1,1,1,1,0,0.001291650673863387,17.0,0.02870004391297698,0
5190,9,0,1.7122632860659204,0.034245265721318405,0.19025147622954675,1,1,1,1,0,0.001291650673877598,17.0,0.035100034438073635,0
5191,9,0,1.711269950779069,0.03422539901558138,0.19014110564211884,1,1,1,1,0,0.0009933352868500833,17.0,0.029999995604157448,0
5192,9,1,1.7094789876896996,0.03418957975379399,0.18994210974329995,1,1,1,1,11,0.0017909630893484518,194.0,0.15199999324977398,8
5193,9,1,1.7070898333629065,0.03414179666725813,0.18967664815143406,3,1,2,2,11,0.002389154326777998,194.0,0.09129999671131372,8
5194,9,1,1.7054956649837747,0.03410991329967549,0.18949951833153053,2,1,1,1,11,0.0015941683791282912,194.0,0.07639999967068434,8
5195,9,0,1.704752646893677,0.034095052937873536,0.1894169607659641,1,1,1,1,0,0.0007430180901053518,17.0,0.015600002370774746,0
5196,9,1,1.702355216756954,0.03404710433513908,0.18915057963966156,3,1,2,2,11,0.0023974301367104545,194.0,0.055299955420196056,8
5197,9,0,1.7010635660830822,0.03402127132166164,0.18900706289812028,1,1,1,1,0,0.001291650673863387,17.0,0.015300000086426735,0
5198,9,2,1.698723313753344,0.03397446627506688,0.1887470348614827,3,1,2,2,13,0.0023402523297164635,134.0,0.05570001667365432,14
5199,9,0,1.696986960376395,0.0339397392075279,0.18855410670848832,2,2,2,2,0,0.0017363533769554351,17.0,0.013599987141788006,0
5200,9,0,1.6952506069994455,0.03390501213998891,0.18836117855549397,2,2,2,2,0,0.0017363533769412243,17.0,0.018499966245144606,0
5201,9,0,1.694507588909348,0.03389015177818696,0.18827862098992754,1,1,1,1,0,0.0007430180901053518,17.0,0.016300007700920105,0
5202,9,1,1.693021355382429,0.033860427107648576,0.188113483931381,1,1,1,1,11,0.001486233526904357,194.0,0.058500037994235754,8
5203,9,0,1.6905086714264836,0.033810173428529676,0.18783429682516484,3,3,3,3,0,0.0025126839559419523,17.0,0.016900012269616127,0
5204,9,0,1.6897656533363858,0.033795313066727714,0.18775173925959843,1,1,1,1,0,0.0007430180901053518,17.0,0.01829996472224593,0
5205,9,0,1.6889893227573896,0.033779786455147794,0.18766548030637661,1,1,1,1,0,0.0007763305789865171,17.0,0.019400031305849552,0
5206,9,0,1.685614586601472,0.03371229173202944,0.1872905096223858,4,4,4,4,0,0.0033747361559193223,17.0,0.019300030544400215,0
5207,9,0,1.6848715685113744,0.03369743137022749,0.1872079520568194,1,1,1,1,0,0.0007430180901053518,17.0,0.021099986042827368,0
5208,9,0,1.6848715685113744,0.03369743137022749,0.1872079520568194,0,0,0,0,0,0.0,0.0,0.019400031305849552,0
5209,9,1,1.681380764256408,0.033627615285128164,0.1868200849173787,4,1,3,3,11,0.0034908042549375295,194.0,0.07070001447573304,8
5210,9,1,1.6808554874278387,0.03361710974855678,0.18676172082531545,0,0,0,0,11,0.0005252768285686216,0.0,0.09079999290406704,8
5211,9,0,1.6801124693377412,0.03360224938675482,0.186679163259749,1,1,1,1,0,0.000743018090091141,17.0,0.019700033590197563,0
5212,9,1,1.6795934903227305,0.03359186980645461,0.18662149892474783,0,0,0,0,11,0.0005189790149984219,0.0,0.06829999620094895,8
5213,9,1,1.678343402603034,0.03356686805206068,0.18648260028922603,1,1,1,1,11,0.0012500877196828242,194.0,0.06849999772384763,8
5214,9,0,1.6776003845129361,0.03355200769025872,0.1864000427236596,1,1,1,1,0,0.0007430180901053518,17.0,0.019600032828748226,0
5215,9,0,1.6776003845129361,0.03355200769025872,0.1864000427236596,0,0,0,0,0,0.0,0.0,0.0173999578692019,0
5216,9,0,1.6758640311359871,0.03351728062271974,0.18620711457066522,2,2,2,2,0,0.0017363533769412243,17.0,0.01650000922381878,0
5217,9,3,1.6730247946576617,0.03346049589315323,0.18589164385085127,4,2,2,2,15,0.0028392364783229596,84.0,0.060399994254112244,18
5218,9,0,1.671067178107426,0.03342134356214852,0.1856741309008251,2,2,2,2,0,0.0019576165502428466,17.0,0.023500004317611456,0
5219,9,1,1.6687515982216676,0.03337503196443335,0.18541684424685195,2,1,1,1,11,0.0023155798857317222,194.0,0.1365999924018979,8
5220,9,2,1.6681869971816488,0.033363739943632974,0.18535411079796094,0,0,0,0,13,0.0005646010400113255,0.0,0.06610003765672445,14
5221,9,0,1.6662293806314135,0.03332458761262827,0.1851365978479348,2,2,2,2,0,0.001957616550228636,17.0,0.0850000069476664,0
5222,9,0,1.6652360453445618,0.03330472090689124,0.18502622726050688,1,1,1,1,0,0.0009933352868500833,17.0,0.03860000288113952,0
5223,9,0,1.6642427100577104,0.03328485420115421,0.18491585667307894,1,1,1,1,0,0.0009933352868500833,17.0,0.03549997927621007,0
5224,9,0,1.6642427100577104,0.03328485420115421,0.18491585667307894,0,0,0,0,0,0.0,0.0,0.03379996633157134,0
5225,9,0,1.663249374770859,0.03326498749541718,0.184805486085651,1,1,1,1,0,0.0009933352868500833,17.0,0.035100034438073635,0
5226,9,1,1.6615164963528817,0.033230329927057635,0.18461294403920908,2,1,1,1,11,0.0017328784179682089,194.0,0.1373999984934926,8
5227,9,1,1.6610277971512106,0.03322055594302421,0.18455864412791223,0,0,0,0,11,0.0004886992016679415,0.0,0.12719997903332114,8
5228,9,0,1.6610277971512106,0.03322055594302421,0.18455864412791223,0,0,0,0,0,0.0,0.0,0.03130000550299883,0
5229,9,1,1.6605025203226416,0.033210050406452835,0.18450028003584903,0,0,0,0,11,0.0005252768285544107,0.0,0.16930000856518745,8
5230,9,2,1.658068826906665,0.0331613765381333,0.18422986965629617,2,1,1,1,13,0.0024336934159521206,114.0,0.16589998267591,14
5231,9,1,1.6575695144911675,0.03315139028982335,0.1841743904990186,0,0,0,0,11,0.0004993124154850648,0.0,0.0850000069476664,8
5232,9,0,1.6575695144911675,0.03315139028982335,0.1841743904990186,0,0,0,0,0,0.0,0.0,0.01999997766688466,0
5233,9,0,1.6575695144911675,0.03315139028982335,0.1841743904990186,0,0,0,0,0,0.0,0.0,0.014499993994832039,0
5234,9,0,1.6575695144911675,0.03315139028982335,0.1841743904990186,0,0,0,0,0,0.0,0.0,0.014699995517730713,0
5235,9,0,1.6575695144911675,0.03315139028982335,0.1841743904990186,0,0,0,0,0,0.0,0.0,0.01810002140700817,0
5236,9,1,1.6570608027020988,0.03314121605404197,0.18411786696689983,0,0,0,0,11,0.0005087117890525406,0.0,0.13409997336566448,8
5237,9,0,1.6570608027020988,0.03314121605404197,0.18411786696689983,0,0,0,0,0,0.0,0.0,0.022899999748915434,0
5238,9,0,1.6570608027020988,0.03314121605404197,0.18411786696689983,0,0,0,0,0,0.0,0.0,0.018300022929906845,0
5239,9,0,1.6570608027020988,0.03314121605404197,0.18411786696689983,0,0,0,0,0,0.0,0.0,0.016900012269616127,0
5240,9,0,1.6570608027020988,0.03314121605404197,0.18411786696689983,0,0,0,0,0,0.0,0.0,0.03920000744983554,0
5241,9,0,1.6554635337864807,0.033109270675729614,0.18394039264294226,2,2,2,2,0,0.0015972689156171782,17.0,0.045199994929134846,0
5242,9,0,1.6538662648708626,0.033077325297417255,0.18376291831898472,2,2,2,2,0,0.0015972689156171782,17.0,0.0317999511025846,0
5243,9,0,1.6538662648708626,0.033077325297417255,0.18376291831898472,0,0,0,0,0,0.0,0.0,0.0241999514400959,0
5244,9,0,1.6538662648708626,0.033077325297417255,0.18376291831898472,0,0,0,0,0,0.0,0.0,0.04279997665435076,0
5245,9,1,1.6533409880422936,0.03306681976084587,0.1837045542269215,0,0,0,0,11,0.0005252768285686216,0.0,0.1406000228598714,8
5246,9,2,1.6527643041197226,0.033055286082394456,0.18364047823552468,0,0,0,0,13,0.0005766839225458398,0.0,0.10520004434511065,14
5247,9,1,1.6522803049822288,0.033045606099644576,0.18358670055358098,0,0,0,0,11,0.0004839991374865349,0.0,0.11770002311095595,8
5248,9,0,1.6522803049822288,0.033045606099644576,0.18358670055358098,0,0,0,0,0,0.0,0.0,0.03439997090026736,0
5249,9,0,1.6515039744032327,0.033030079488064655,0.18350044160035917,1,1,1,1,0,0.000776330579000728,17.0,0.03130000550299883,0
5250,9,0,1.6515039744032327,0.033030079488064655,0.18350044160035917,0,0,0,0,0,0.0,0.0,0.03350002225488424,0
5251,9,0,1.6507276438242364,0.03301455287648473,0.18341418264713738,1,1,1,1,0,0.0007763305789865171,17.0,0.031599949579685926,0
5252,9,2,1.6496221242109284,0.032992442484218565,0.18329134713454762,1,1,1,1,13,0.0011055196133042955,94.0,0.11160003487020731,14
5253,9,1,1.6471478297450945,0.032942956594901894,0.18301642552723274,3,1,2,2,11,0.0024742944658129318,194.0,0.11929997708648443,8
5254,9,0,1.6471478297450945,0.032942956594901894,0.18301642552723274,0,0,0,0,0,0.0,0.0,0.03190001007169485,0
5255,9,1,1.6466485173295968,0.032932970346591935,0.1829609463699552,0,0,0,0,11,0.0004993124154850648,0.0,0.11319998884573579,8
5256,9,0,1.6458721867506005,0.032917443735012014,0.1828746874167334,1,1,1,1,0,0.000776330579000728,17.0,0.02500001573935151,0
5257,9,1,1.6433521347154585,0.03286704269430917,0.18259468163505094,3,1,2,2,11,0.002520052035123399,194.0,0.1050999853760004,8
5258,9,0,1.6425758041364624,0.03285151608272925,0.18250842268182918,1,1,1,1,0,0.000776330579000728,17.0,0.022499996703118086,0
5259,9,0,1.6425758041364624,0.03285151608272925,0.18250842268182918,0,0,0,0,0,0.0,0.0,0.020799983758479357,0
5260,9,1,1.6420505273078934,0.032841010546157866,0.18245005858976593,0,0,0,0,11,0.0005252768285544107,0.0,0.11219998123124242,8
5261,9,0,1.6420505273078934,0.032841010546157866,0.18245005858976593,0,0,0,0,0,0.0,0.0,0.05600001895800233,0
5262,9,1,1.6415563548278147,0.03283112709655629,0.18239515053642386,0,0,0,0,11,0.0004941724800744396,0.0,0.1275999820791185,8
5263,9,0,1.6415563548278147,0.03283112709655629,0.18239515053642386,0,0,0,0,0,0.0,0.0,0.03170000854879618,0
5264,9,1,1.6410676556261432,0.032821353112522864,0.18234085062512706,0,0,0,0,11,0.0004886992016537306,0.0,0.1086000120267272,8
5265,9,1,1.6394871955543846,0.032789743911087695,0.18216524395048717,2,1,1,1,11,0.0015804600717501671,194.0,0.1107999705709517,8
5266,9,0,1.6394871955543846,0.032789743911087695,0.18216524395048717,0,0,0,0,0,0.0,0.0,0.029999995604157448,0
5267,9,0,1.6394871955543846,0.032789743911087695,0.18216524395048717,0,0,0,0,0,0.0,0.0,0.02829998265951872,0
5268,9,1,1.6389942973143172,0.03277988594628634,0.1821104774793686,0,0,0,0,11,0.0004928982400542736,0.0,0.10730000212788582,8
5269,9,1,1.6366873864496816,0.03273374772899363,0.18185415404996463,2,1,1,1,11,0.0023069108646183167,194.0,0.10869995458051562,8
5270,9,0,1.6366873864496816,0.03273374772899363,0.18185415404996463,0,0,0,0,0,0.0,0.0,0.051099981646984816,0
5271,9,1,1.6349673053329048,0.032699346106658096,0.18166303392587826,2,1,1,1,11,0.001720081116772576,194.0,0.11650001397356391,8
5272,9,0,1.6340030240695207,0.03268006048139041,0.18155589156328006,1,1,1,1,0,0.0009642812633927633,17.0,0.025900022592395544,0
5273,9,1,1.6321896962928264,0.03264379392585653,0.18135441069920294,2,1,1,1,11,0.0018133277766878564,194.0,0.10649999603629112,8
5274,9,1,1.6293190385050926,0.032586380770101855,0.18103544872278804,3,1,2,2,11,0.002870657787710229,194.0,0.1066999975591898,8
5275,9,0,1.6293190385050926,0.032586380770101855,0.18103544872278804,0,0,0,0,0,0.0,0.0,0.021599989850074053,0
5276,9,0,1.6283547572417088,0.03256709514483418,0.1809283063601898,1,1,1,1,0,0.0009642812633927633,17.0,0.019400031305849552,0
5277,9,0,1.6267865423495582,0.032535730846991164,0.18075406026106203,2,2,2,2,0,0.0015682148921456474,17.0,0.019200029782950878,0
5278,9,0,1.6267865423495582,0.032535730846991164,0.18075406026106203,0,0,0,0,0,0.0,0.0,0.020199979189783335,0
5279,9,0,1.6258222610861743,0.032516445221723485,0.1806469178984638,1,1,1,1,0,0.0009642812633927633,17.0,0.01839996548369527,0
5280,9,0,1.6248579798227902,0.032497159596455806,0.1805397755358656,1,1,1,1,0,0.0009642812633785525,17.0,0.03320001997053623,0
5281,9,1,1.6234049993577349,0.0324680999871547,0.1803783332619705,1,1,1,1,11,0.001452980465046494,194.0,0.14000001829117537,8
5282,9,1,1.6218580596120096,0.03243716119224019,0.18020645106800107,2,1,1,1,11,0.0015469397457081868,194.0,0.11550000635907054,8
5283,9,0,1.6218580596120096,0.03243716119224019,0.18020645106800107,0,0,0,0,0,0.0,0.0,0.03220001235604286,0
5284,9,1,1.619551148747374,0.032391022974947475,0.1799501276385971,2,1,1,1,11,0.0023069108646325276,194.0,0.11169997742399573,8
5285,9,0,1.61858686748399,0.032371737349679804,0.17984298527599887,1,1,1,1,0,0.0009642812633785525,17.0,0.02970005152747035,0
5286,9,0,1.61858686748399,0.032371737349679804,0.17984298527599887,0,0,0,0,0,0.0,0.0,0.029799994081258774,0
5287,9,0,1.6176225862206062,0.032352451724412125,0.17973584291340067,1,1,1,1,0,0.0009642812633927633,17.0,0.028200040105730295,0
5288,9,1,1.6160421261488476,0.03232084252297695,0.17956023623876083,2,1,1,1,11,0.0015804600717359563,194.0,0.11869997251778841,8
5289,9,0,1.6160421261488476,0.03232084252297695,0.17956023623876083,0,0,0,0,0,0.0,0.0,0.02989999484270811,0
5290,9,3,1.6145227543806857,0.03229045508761372,0.17939141715340953,1,1,1,1,15,0.0015193717681540875,94.0,0.14399999054148793,18
5291,9,2,1.6128257497136675,0.03225651499427335,0.17920286107929637,2,1,2,2,13,0.0016970046670081729,114.0,0.11129997437819839,14
5292,9,0,1.6105214010583353,0.03221042802116671,0.17894682233981504,3,3,3,3,0,0.002304348655329136,17.0,0.02300000051036477,0
5293,9,0,1.6095280657714839,0.032190561315429675,0.1788364517523871,1,1,1,1,0,0.0009933352868500833,17.0,0.023300002794712782,0
5294,9,0,1.6077874539291037,0.032155749078582076,0.17864305043656709,2,2,2,2,0,0.0017406118423934913,17.0,0.022199994418770075,0
5295,9,0,1.6049387311554288,0.032098774623108575,0.1783265256839365,3,3,3,3,0,0.002848722773663326,17.0,0.024200009647756815,0
5296,9,0,1.6033816590556251,0.032067633181112505,0.17815351767284726,2,2,2,2,0,0.0015570720998141496,17.0,0.02300000051036477,0
5297,8,0,1.6009459124525451,0.032018918249050905,0.20011823905656817,2,1,2,1,0,0.002435746603069333,17.0,0.02169999061152339,0
5298,8,0,1.5996542617786735,0.03199308523557347,0.1999567827223342,1,1,1,1,0,0.001291650673877598,17.0,0.021499989088624716,0
5299,8,0,1.5983626111048017,0.03196725222209604,0.19979532638810024,1,1,1,1,0,0.001291650673863387,17.0,0.0219999928958714,0
5300,8,0,1.5977988742918496,0.03195597748583699,0.19972485928648123,1,1,1,1,0,0.0005637368129640663,17.0,0.04050001734867692,0
5301,8,0,1.5955429423545942,0.03191085884709188,0.1994428677943243,2,2,2,2,0,0.0022559319372561504,17.0,0.03619998460635543,0
5302,8,1,1.593901011379812,0.03187802022759624,0.19923762642247647,2,1,1,1,10,0.0016419309747703892,174.0,0.10840001050382853,7
5303,8,2,1.5904886375412641,0.031809772750825284,0.19881107969265802,4,2,3,3,12,0.0034123738385432034,94.0,0.10270002530887723,12
5304,8,0,1.5898847039124975,0.03179769407824995,0.1987355879890622,1,1,1,1,0,0.0006039336287670949,17.0,0.03320001997053623,0
5305,8,0,1.5864320475100557,0.031728640950201115,0.198304005938757,4,4,4,4,0,0.0034526564024446316,17.0,0.029099988751113415,0
5306,8,0,1.5848749754102525,0.03169749950820505,0.19810937192628156,2,2,2,2,0,0.0015570720997999388,17.0,0.028499984182417393,0
5307,8,1,1.5827108643642331,0.03165421728728466,0.19783885804552914,3,1,3,3,10,0.0021641110459995616,174.0,0.10879995534196496,7
5308,8,0,1.5815431939225144,0.03163086387845029,0.19769289924031433,2,2,2,2,0,0.0011676704417169503,17.0,0.030399998649954796,0
5309,8,0,1.580549858635663,0.03161099717271326,0.19756873232945787,1,1,1,1,0,0.0009933352868500833,17.0,0.030399998649954796,0
5310,8,1,1.5781989591379653,0.03156397918275931,0.19727486989224566,3,1,2,2,10,0.0023508994976850772,174.0,0.10730000212788582,7
5311,8,0,1.5770312886962465,0.031540625773924934,0.19712891108703082,2,2,2,2,0,0.0011676704417311612,17.0,0.037299992982298136,0
5312,8,0,1.5764675518832947,0.031529351037665895,0.19705844398541184,1,1,1,1,0,0.0005637368129498554,17.0,0.04199997056275606,0
5313,8,0,1.5749104797834912,0.031498209595669825,0.1968638099729364,2,2,2,2,0,0.0015570720997999388,17.0,0.03659998765215278,0
5314,8,1,1.5727400795609827,0.031454801591219654,0.1965925099451228,3,1,3,3,10,0.0021704002224964825,174.0,0.12079998850822449,7
5315,8,1,1.572292663066049,0.03144585326132098,0.19653658288325612,0,0,0,0,10,0.00044741649492152646,0.0,0.11279998579993844,7
5316,8,0,1.570806455747534,0.03141612911495068,0.19635080696844176,2,2,2,2,0,0.0014862073185213376,17.0,0.025900022592395544,0
5317,8,0,1.5692493836477308,0.03138498767295462,0.19615617295596632,2,2,2,2,0,0.0015570720997999388,17.0,0.025099958293139935,0
5318,8,1,1.5670493904146814,0.03134098780829363,0.1958811738018352,3,1,2,2,10,0.002199993233048758,174.0,0.11160003487020731,7
5319,8,0,1.5665565183830181,0.03133113036766036,0.19581956479787727,1,1,1,1,0,0.0004928720316570434,17.0,0.022799998987466097,0
5320,8,1,1.564730639807168,0.03129461279614336,0.19559132997589596,2,1,1,1,10,0.001825878575843376,174.0,0.11590000940486789,7
5321,8,0,1.564730639807168,0.03129461279614336,0.19559132997589596,0,0,0,0,0,0.0,0.0,0.03560003824532032,0
5322,8,0,1.564730639807168,0.03129461279614336,0.19559132997589596,0,0,0,0,0,0.0,0.0,0.03200001083314419,0
5323,8,0,1.5633836880883036,0.03126767376176607,0.19542296101103793,2,2,2,2,0,0.0013469517188724467,17.0,0.032599957194179296,0
5324,8,0,1.5633836880883036,0.03126767376176607,0.19542296101103793,0,0,0,0,0,0.0,0.0,0.0323000131174922,0
5325,8,1,1.5629421779320491,0.03125884355864098,0.19536777224150614,0,0,0,0,10,0.0004415101562358359,0.0,0.11500000255182385,7
5326,8,0,1.5629421779320491,0.03125884355864098,0.19536777224150614,0,0,0,0,0,0.0,0.0,0.03090000245720148,0
5327,8,0,1.5623382443032825,0.03124676488606565,0.1952922805379103,1,1,1,1,0,0.0006039336287670949,17.0,0.03130000550299883,0
5328,8,0,1.5623382443032825,0.03124676488606565,0.1952922805379103,0,0,0,0,0,0.0,0.0,0.034699973184615374,0
5329,8,1,1.5601534739037717,0.031203069478075433,0.1950191842379715,2,1,1,1,10,0.0021847703994950507,174.0,0.12069998774677515,7
5330,8,1,1.5597019078316754,0.03119403815663351,0.19496273847895945,0,0,0,0,10,0.00045156607208696187,0.0,0.11189997894689441,7
5331,8,0,1.5589588897415778,0.031179177794831557,0.19486986121769723,1,1,1,1,0,0.000743018090091141,17.0,0.022899999748915434,0
5332,8,0,1.5589588897415778,0.031179177794831557,0.19486986121769723,0,0,0,0,0,0.0,0.0,0.03160000778734684,0
5333,8,1,1.5577639058288963,0.031155278116577926,0.19472048822861204,1,1,1,1,10,0.001194983912682801,174.0,0.05360000068321824,7
5334,8,1,1.5559361874942077,0.031118723749884156,0.19449202343677596,2,1,1,1,10,0.0018277183346668835,174.0,0.07479998748749495,7
5335,8,0,1.554228888140726,0.031084577762814522,0.19427861101759075,2,2,2,2,0,0.0017072993534839043,17.0,0.024300010409206152,0
5336,8,1,1.553759762245488,0.03107519524490976,0.19421997028068597,0,0,0,0,10,0.00046912589523628867,0.0,0.07830001413822174,7
5337,8,1,1.552269643776241,0.03104539287552482,0.19403370547203014,2,1,1,1,10,0.001490118469220647,174.0,0.08859997615218163,7
5338,8,0,1.5515266256861433,0.031030532513722866,0.1939408282107679,1,1,1,1,0,0.0007430180901053518,17.0,0.02770003629848361,0
5339,8,0,1.549569009135908,0.03099138018271816,0.1936961261419885,2,2,2,2,0,0.001957616550228636,17.0,0.019599974621087313,0
5340,8,0,1.5487926785569117,0.030975853571138235,0.19359908481961396,1,1,1,1,0,0.000776330579000728,17.0,0.03349996404722333,0
5341,8,1,1.5470167843082294,0.03094033568616459,0.1933770980385287,2,1,1,1,10,0.0017758942486807427,174.0,0.10090001160278916,7
5342,8,1,1.546575036646467,0.03093150073292934,0.19332187958080838,0,0,0,0,10,0.00044174766175331115,0.0,0.12430001515895128,7
5343,8,0,1.5446174200962313,0.030892348401924626,0.19307717751202896,2,2,2,2,0,0.001957616550228636,17.0,0.03290001768618822,0
5344,8,1,1.5427954609616887,0.030855909219233774,0.1928494326202111,2,1,1,1,10,0.0018219591345314257,174.0,0.13299996498972178,7
5345,8,0,1.5418021256748373,0.030836042513496746,0.19272526570935467,1,1,1,1,0,0.0009933352868500833,17.0,0.03309996100142598,0
5346,8,0,1.540808790387986,0.030816175807759718,0.19260109879849824,1,1,1,1,0,0.0009933352868500833,17.0,0.03430002834647894,0
5347,8,1,1.5403572243158896,0.030807144486317793,0.19254465303948617,0,0,0,0,10,0.00045156607208696187,0.0,0.11480000102892518,7
5348,8,1,1.5389223788727835,0.03077844757745567,0.1923652973590979,1,1,1,1,10,0.0014348454430859192,174.0,0.11100003030151129,7
5349,8,0,1.5389223788727835,0.03077844757745567,0.1923652973590979,0,0,0,0,0,0.0,0.0,0.028399983420968056,0
5350,8,0,1.5371860254958345,0.03074372050991669,0.19214825318697928,2,2,2,2,0,0.0017363533769554351,17.0,0.027699978090822697,0
5351,8,0,1.536192690208983,0.030723853804179663,0.19202408627612286,1,1,1,1,0,0.0009933352868500833,17.0,0.030499999411404133,0
5352,8,0,1.536192690208983,0.030723853804179663,0.19202408627612286,0,0,0,0,0,0.0,0.0,0.028699985705316067,0
5353,8,1,1.5357235643137446,0.030714471286274893,0.19196544553921807,0,0,0,0,10,0.0004691258952220778,0.0,0.1126999850384891,7
5354,8,0,1.534730229026893,0.030694604580537858,0.19184127862836162,1,1,1,1,0,0.0009933352868500833,17.0,0.028499984182417393,0
5355,8,1,1.5342828125319594,0.03068565625063919,0.19178535156649493,0,0,0,0,10,0.00044741649492152646,0.0,0.11180003639310598,7
5356,8,0,1.533289477245108,0.03066578954490216,0.1916611846556385,1,1,1,1,0,0.0009933352868500833,17.0,0.029199989512562752,0
5357,8,0,1.533289477245108,0.03066578954490216,0.1916611846556385,0,0,0,0,0,0.0,0.0,0.02640002639964223,0
5358,8,1,1.5328276588402217,0.030656553176804432,0.19160345735502768,0,0,0,0,10,0.0004618184048723606,0.0,0.10930001735687256,7
5359,8,0,1.5328276588402217,0.030656553176804432,0.19160345735502768,0,0,0,0,0,0.0,0.0,0.02139998832717538,0
5360,8,1,1.530782847622916,0.03061565695245832,0.1913478559528645,2,1,1,1,10,0.002044811217302822,174.0,0.11889997404068708,7
5361,8,0,1.529818566359532,0.03059637132719064,0.1912273207949415,1,1,1,1,0,0.0009642812633785525,17.0,0.033699965570122004,0
5362,8,0,1.5288542850961482,0.030577085701922965,0.1911067856370185,1,1,1,1,0,0.0009642812633927633,17.0,0.03300001844763756,0
5363,8,1,1.5266883145939083,0.030533766291878164,0.19083603932423854,3,1,2,2,10,0.0021659705022329945,174.0,0.11849997099488974,7
5364,8,0,1.5251200997017578,0.030502401994035155,0.19064001246271972,2,2,2,2,0,0.0015682148921456474,17.0,0.031200004741549492,0
5365,8,0,1.5241558184383739,0.03048311636876748,0.19051947730479674,1,1,1,1,0,0.0009642812633927633,17.0,0.02759997732937336,0
5366,8,0,1.5224485190848922,0.030448970381697846,0.19030606488561153,2,2,2,2,0,0.0017072993534839043,17.0,0.026999972760677338,0
5367,8,0,1.5224485190848922,0.030448970381697846,0.19030606488561153,0,0,0,0,0,0.0,0.0,0.02759997732937336,0
5368,8,0,1.5224485190848922,0.030448970381697846,0.19030606488561153,0,0,0,0,0,0.0,0.0,0.026300025638192892,0
5369,8,1,1.5207855985782397,0.030415711971564795,0.19009819982228,2,1,2,2,10,0.0016629205066465147,174.0,0.09859999408945441,7
5370,8,1,1.5190273746085605,0.03038054749217121,0.1898784218260701,2,1,1,1,10,0.0017582239696594115,174.0,0.09839999256655574,7
5371,8,0,1.5184234409797939,0.030368468819595876,0.18980293012247426,1,1,1,1,0,0.0006039336287670949,17.0,0.027399975806474686,0
5372,8,1,1.5162131180756342,0.030324262361512686,0.18952663975945427,2,1,1,1,10,0.002210322904147688,174.0,0.09679998038336635,7
5373,8,0,1.5162131180756342,0.030324262361512686,0.18952663975945427,0,0,0,0,0,0.0,0.0,0.027100031729787588,0
5374,8,1,1.5145708943070968,0.030291417886141935,0.1893213617883871,2,1,1,1,10,0.0016422237685276286,174.0,0.10110001312568784,7
5375,8,1,1.5125719927860262,0.030251439855720524,0.18907149909825324,2,1,2,2,10,0.001998901521062635,174.0,0.09400001727044582,7
5376,8,0,1.5110037778938756,0.030220075557877514,0.1888754722367344,2,2,2,2,0,0.0015682148921598582,17.0,0.02180004958063364,0
5377,8,0,1.5084422277148737,0.030168844554297473,0.1885552784643592,3,3,3,3,0,0.0025615501789957307,17.0,0.023200002033263445,0
5378,8,0,1.507448892428022,0.03014897784856044,0.18843111155350273,1,1,1,1,0,0.0009933352868500833,17.0,0.024399952962994576,0
5379,8,1,1.5049116025699203,0.030098232051398405,0.18811395032124004,4,1,3,3,10,0.0025372898580968695,174.0,0.10649999603629112,7
5380,8,0,1.502210967929587,0.03004421935859174,0.1877763709911984,3,3,3,3,0,0.0027006346403339876,17.0,0.039000005926936865,0
5381,8,2,1.5003217843004553,0.030006435686009105,0.1875402230375569,2,1,2,2,12,0.0018891836291174968,94.0,0.14000001829117537,12
5382,8,0,1.4972342207392109,0.029944684414784217,0.18715427759240136,4,4,4,4,0,0.003087563561251727,17.0,0.04680000711232424,0
5383,8,0,1.4938963399812129,0.029877926799624258,0.1867370424976516,4,4,4,4,0,0.0033378807579964587,17.0,0.03589998232200742,0
5384,8,0,1.492155728138833,0.02984311456277666,0.18651946601735409,2,2,2,2,0,0.0017406118423792805,17.0,0.03029999788850546,0
5385,8,0,1.490386062272985,0.0298077212454597,0.18629825778412315,2,2,2,2,0,0.0017696658658508113,17.0,0.023300002794712782,0
5386,8,0,1.488649708896036,0.02977299417792072,0.1860812136120045,2,2,2,2,0,0.0017363533769554351,17.0,0.0247000134550035,0
5387,8,0,1.4869133555190865,0.02973826711038173,0.18586416943988585,2,2,2,2,0,0.0017363533769412243,17.0,0.026899971999228,0
5388,8,0,1.4853853374427508,0.029707706748855017,0.18567316718034385,2,2,2,2,0,0.0015280180763426188,17.0,0.05319999763742089,0
5389,8,0,1.4840452700508027,0.029680905401016054,0.18550565875635033,2,2,2,2,0,0.0013400673919505834,17.0,0.022199994418770075,0
5390,8,1,1.4817614653707483,0.029635229307414964,0.18522018317134353,3,1,3,3,10,0.0022838046800472966,174.0,0.08619995787739754,7
5391,8,1,1.4787673092970675,0.029575346185941348,0.18484591366213343,4,1,4,4,10,0.002994156073668819,174.0,0.07940002251416445,7
5392,8,1,1.4760243977409733,0.029520487954819465,0.1845030497176217,4,1,3,3,10,0.002742911556083527,174.0,0.08070003241300583,7
5393,8,1,1.4726531671767837,0.029453063343535674,0.18408164589709797,4,1,3,3,10,0.0033712305641699913,174.0,0.07540005026385188,7
5394,8,0,1.4701404832208385,0.02940280966441677,0.1837675604026048,3,3,3,3,0,0.002512683955956163,17.0,0.02010003663599491,0
5395,8,0,1.4676568532883607,0.029353137065767212,0.1834571066610451,3,3,3,3,0,0.0024836299324704214,17.0,0.018599967006593943,0
5396,8,0,1.4655737678063145,0.02931147535612629,0.18319672097578932,3,3,3,3,0,0.0020830854820559352,17.0,0.01750001683831215,0
5397,8,0,1.462839820677083,0.02925679641354166,0.1828549775846354,3,3,3,3,0,0.0027339471292293638,17.0,0.03279995871707797,0
5398,8,0,1.4612827485772797,0.029225654971545594,0.18266034357215996,2,2,2,2,0,0.0015570720997999388,17.0,0.02039998071268201,0
5399,8,2,1.4593641436607125,0.02918728287321425,0.18242051795758907,3,1,3,3,12,0.0019186049165682562,94.0,0.07529999129474163,12
5400,8,0,1.4574065271104772,0.029148130542209546,0.18217581588880966,2,2,2,2,0,0.001957616550228636,17.0,0.02500001573935151,0
5401,8,0,1.4543923017156262,0.029087846034312522,0.1817990377144533,4,4,4,4,0,0.0030142253948497455,17.0,0.02239999594166875,0
5402,8,0,1.4528642836392904,0.02905728567278581,0.1816080354549113,2,2,2,2,0,0.0015280180763426188,17.0,0.023200002033263445,0
5403,8,0,1.4508433935312912,0.029016867870625823,0.1813554241914114,3,3,3,3,0,0.002020890107999662,17.0,0.022899999748915434,0
5404,8,0,1.4486099096572478,0.028972198193144956,0.18107623870715595,3,3,3,3,0,0.0022334838740505347,17.0,0.022199994418770075,0
5405,8,1,1.445226125239358,0.02890452250478716,0.18065326565491974,5,1,4,4,10,0.0033837844178776777,174.0,0.08910003816708922,7
5406,8,1,1.4437561607707026,0.02887512321541405,0.18046952009633782,2,1,1,1,10,0.001469964468640228,174.0,0.08430000161752105,7
5407,8,0,1.44152693536209,0.028830538707241803,0.18019086692026126,3,3,3,3,0,0.0022292254086124785,17.0,0.0247000134550035,0
5408,8,1,1.438538842538046,0.02877077685076092,0.17981735531725576,4,1,3,3,10,0.0029880928240544335,174.0,0.16710005002096295,7
5409,8,0,1.4359140188012802,0.028718280376025605,0.17948925235016003,4,4,4,4,0,0.002624823736766757,17.0,0.035299977753311396,0
5410,8,0,1.432649647347995,0.0286529929469599,0.1790812059184994,4,4,4,4,0,0.003264371453283843,17.0,0.030199997127056122,0
5411,8,0,1.430088097168993,0.028601761943379864,0.1787610121461241,3,3,3,3,0,0.0025615501790099415,17.0,0.028200040105730295,0
5412,8,0,1.4276044672365154,0.028552089344730306,0.17845055840456442,3,3,3,3,0,0.0024836299324704214,17.0,0.029100046958774328,0
5413,8,3,1.4247469269382589,0.02849493853876518,0.17809336586728236,3,2,2,2,12,0.002857540298236927,54.0,0.09190000128000975,15
5414,8,0,1.4229473000035457,0.028458946000070914,0.17786841250044322,3,3,3,3,0,0.0017996269347264615,17.0,0.025600020308047533,0
5415,8,1,1.4203976032291161,0.028407952064582322,0.17754970040363952,4,1,3,3,10,0.0025496967744231824,174.0,0.1050999853760004,7
5416,8,0,1.4178849192731706,0.028357698385463412,0.17723561490914633,3,3,3,3,0,0.0025126839559419523,17.0,0.026500027161091566,0
5417,8,0,1.4158018337911247,0.028316036675822494,0.17697522922389058,3,3,3,3,0,0.0020830854820417244,17.0,0.023300002794712782,0
5418,8,0,1.414282485122031,0.02828564970244062,0.17678531064025385,2,2,2,2,0,0.0015193486691060798,17.0,0.02239999594166875,0
5419,8,1,1.412483496545271,0.02824966993090542,0.1765604370681589,2,1,2,2,10,0.00179898857673777,174.0,0.0947999651543796,7
5420,8,0,1.41018340635537,0.0282036681271074,0.17627292579442125,3,3,3,3,0,0.0023000901899052906,17.0,0.03190001007169485,0
5421,8,0,1.406503051957706,0.02813006103915412,0.17581288149471325,5,5,5,5,0,0.0036803543976589026,17.0,0.032400013878941536,0
5422,8,0,1.4043420462291358,0.028086840924582718,0.175542755778642,3,3,3,3,0,0.0021610057285670337,17.0,0.029499991796910763,0
5423,8,1,1.402492040548454,0.02804984081096908,0.17531150506855675,2,1,2,2,10,0.0018500056806800558,174.0,0.8090999908745289,7
5424,8,0,1.4009349684486505,0.02801869936897301,0.1751168710560813,2,2,2,2,0,0.0015570720997999388,17.0,0.029999995604157448,0
5425,8,0,1.3979976321410843,0.027959952642821684,0.17474970401763554,4,4,4,4,0,0.0029373363075677617,17.0,0.02989999484270811,0
5426,8,0,1.3948723451491303,0.027897446902982605,0.17435904314364128,4,4,4,4,0,0.003125286991959797,17.0,0.03090000245720148,0
5427,8,0,1.3939080638857464,0.02787816127771493,0.1742385079857183,1,1,1,1,0,0.0009642812633927633,17.0,0.02640002639964223,0
5428,8,2,1.3900200999523418,0.027800401999046834,0.17375251249404272,5,2,3,3,12,0.0038879639333941896,94.0,0.08649996016174555,12
5429,8,3,1.3873592350464778,0.02774718470092956,0.17341990438080973,3,2,2,2,14,0.0026608649058488254,54.0,0.09619997581467032,15
5430,8,0,1.3849856355518635,0.02769971271103727,0.17312320444398294,3,3,3,3,0,0.002373599494617906,17.0,0.02659996971487999,0
5431,8,1,1.3830387800914856,0.027660775601829713,0.17287984751143567,3,1,2,2,10,0.0019468554603605526,174.0,0.11180003639310598,7
5432,8,0,1.3816585158837227,0.027633170317674455,0.17270731448546534,2,2,2,2,0,0.0013802642077678229,17.0,0.02929999027401209,0
5433,8,0,1.3797008993334874,0.027594017986669748,0.1724626124166859,2,2,2,2,0,0.001957616550228636,17.0,0.024399952962994576,0
5434,8,0,1.3781326844413369,0.027562653688826738,0.1722665855551671,2,2,2,2,0,0.0015682148921598582,17.0,0.027699978090822697,0
5435,8,0,1.3753987373121053,0.027507974746242104,0.17192484216401316,3,3,3,3,0,0.0027339471292293638,17.0,0.025800021830946207,0
5436,8,0,1.3734411207618697,0.027468822415237393,0.17168014009523372,2,2,2,2,0,0.0019576165502428466,17.0,0.02440001117065549,0
5437,8,1,1.37161524218602,0.0274323048437204,0.1714519052732525,2,1,2,2,10,0.001825878575843376,174.0,0.11870003072544932,7
5438,8,0,1.3692416426914056,0.02738483285382811,0.1711552053364257,3,3,3,3,0,0.0023735994946036953,17.0,0.02300000051036477,0
5439,8,0,1.3668680431967914,0.02733736086393583,0.1708585053995989,3,3,3,3,0,0.002373599494617906,17.0,0.02169999061152339,0
5440,8,0,1.3651274313544115,0.02730254862708823,0.17064092891930144,2,2,2,2,0,0.0017406118423792805,17.0,0.03609998384490609,0
5441,8,1,1.3623708177172744,0.027247416354345487,0.1702963522146593,4,1,4,4,10,0.0027566136371177663,174.0,0.12600002810359,7
5442,8,0,1.3608026028251239,0.027216052056502477,0.1701003253531405,2,2,2,2,0,0.0015682148921598582,17.0,0.034400029107928276,0
5443,8,1,1.3588431405856292,0.027176862811712582,0.16985539257320365,2,1,1,1,10,0.0019594622394834005,174.0,0.11570000788196921,7
5444,8,0,1.3565872086483737,0.027131744172967473,0.1695734010810467,2,2,2,2,0,0.0022559319372561504,17.0,0.03509997623041272,0
5445,8,1,1.3533149212273006,0.027066298424546012,0.16916436515341257,4,1,3,3,10,0.003272287421069109,174.0,0.1170000177808106,7
5446,8,1,1.3518874671963603,0.027037749343927206,0.16898593339954504,2,1,1,1,10,0.0014274540309173744,174.0,0.11329998960718513,7
5447,8,2,1.3488766482032202,0.026977532964064403,0.16860958102540252,4,2,2,2,12,0.0030108189931326024,94.0,0.1115999766625464,12
5448,8,0,1.3474963839954572,0.026949927679909145,0.16843704799943215,2,2,2,2,0,0.0013802642077678229,17.0,0.030199997127056122,0
5449,8,0,1.344824469113823,0.02689648938227646,0.16810305863922786,3,3,3,3,0,0.00267191488163121,17.0,0.02789997961372137,0
5450,8,0,1.3442205354850563,0.026884410709701125,0.16802756693563203,1,1,1,1,0,0.0006039336287670949,17.0,0.026399968191981316,0
5451,8,1,1.341434945903524,0.02682869891807048,0.1676793682379405,4,1,3,3,10,0.002785589581520753,174.0,0.11490000179037452,7
5452,8,1,1.3392469981870945,0.02678493996374189,0.16740587477338678,3,1,2,2,10,0.002187947716421945,174.0,0.10619999375194311,7
5453,8,0,1.3392469981870945,0.02678493996374189,0.16740587477338678,0,0,0,0,0,0.0,0.0,0.02440001117065549,0
5454,7,0,1.3381262619059693,0.026762525238119384,0.19116089455799562,1,0,1,0,0,0.0011207362811234134,0.0,0.021499989088624716,0
5455,7,0,1.3371329266191179,0.026742658532382356,0.19101898951701685,1,1,1,1,0,0.0009933352868500833,17.0,0.0219999928958714,0
5456,7,0,1.3361395913322665,0.026722791826645328,0.19087708447603807,1,1,1,1,0,0.0009933352868500833,17.0,0.021099986042827368,0
5457,7,0,1.335146256045415,0.0267029251209083,0.1907351794350593,1,1,1,1,0,0.0009933352868500833,17.0,0.023200002033263445,0
5458,7,0,1.3341529207585636,0.02668305841517127,0.19059327439408053,1,1,1,1,0,0.0009933352868500833,17.0,0.021099986042827368,0
5459,7,0,1.3341529207585636,0.02668305841517127,0.19059327439408053,0,0,0,0,0,0.0,0.0,0.02039998071268201,0
5460,7,0,1.3341529207585636,0.02668305841517127,0.19059327439408053,0,0,0,0,0,0.0,0.0,0.0315000070258975,0
5461,7,0,1.3341529207585636,0.02668305841517127,0.19059327439408053,0,0,0,0,0,0.0,0.0,0.029099988751113415,0
5462,7,0,1.3341529207585636,0.02668305841517127,0.19059327439408053,0,0,0,0,0,0.0,0.0,0.02889998722821474,0
5463,7,0,1.3341529207585636,0.02668305841517127,0.19059327439408053,0,0,0,0,0,0.0,0.0,0.0323000131174922,0
5464,7,0,1.3341529207585636,0.02668305841517127,0.19059327439408053,0,0,0,0,0,0.0,0.0,0.029199989512562752,0
5465,7,1,1.3337522400975153,0.026675044801950307,0.19053603429964508,0,0,0,0,9,0.0004006806610448166,0.0,0.11040002573281527,6
5466,7,1,1.333366793272835,0.0266673358654567,0.19048097046754786,0,0,0,0,9,0.0003854468246657916,0.0,0.1037000329233706,6
5467,7,0,1.3323734579859836,0.02664746915971967,0.1903390654265691,1,1,1,1,0,0.0009933352868500833,17.0,0.03209995338693261,0
5468,7,0,1.3323734579859836,0.02664746915971967,0.1903390654265691,0,0,0,0,0,0.0,0.0,0.028699985705316067,0
5469,7,0,1.3323734579859836,0.02664746915971967,0.1903390654265691,0,0,0,0,0,0.0,0.0,0.030200055334717035,0
5470,7,0,1.3323734579859836,0.02664746915971967,0.1903390654265691,0,0,0,0,0,0.0,0.0,0.02700003096833825,0
5471,7,0,1.3318097211730315,0.02663619442346063,0.1902585315961474,1,1,1,1,0,0.0005637368129498554,17.0,0.030700000934302807,0
5472,7,1,1.3314234418565967,0.026628468837131932,0.1902033488366567,0,0,0,0,9,0.00038627931643020474,0.0,0.10720000136643648,6
5473,7,1,1.3297965795515574,0.026595931591031147,0.18997093993593675,2,1,2,2,9,0.0016268623050308406,154.0,0.09849999332800508,6
5474,7,1,1.328108208614827,0.02656216417229654,0.18972974408783244,2,1,1,1,9,0.0016883709367192523,154.0,0.10170001769438386,6
5475,7,1,1.3265816898657312,0.026531633797314623,0.18951166998081875,2,1,1,1,9,0.0015265187490882681,154.0,0.09889999637380242,6
5476,7,0,1.3260179530527791,0.026520359061055584,0.18943113615039703,1,1,1,1,0,0.0005637368129640663,17.0,0.026200024876743555,0
5477,7,0,1.325454216239827,0.026509084324796543,0.1893506023199753,1,1,1,1,0,0.0005637368129498554,17.0,0.024600012693554163,0
5478,7,1,1.3250715618439033,0.026501431236878065,0.18929593740627187,0,0,0,0,9,0.00038265439590645656,0.0,0.09669997962191701,6
5479,7,0,1.3250715618439033,0.026501431236878065,0.18929593740627187,0,0,0,0,0,0.0,0.0,0.020899984519928694,0
5480,7,0,1.3250715618439033,0.026501431236878065,0.18929593740627187,0,0,0,0,0,0.0,0.0,0.035699980799108744,0
5481,7,0,1.3235435437675673,0.026470870875351347,0.18907764910965247,2,2,2,2,0,0.0015280180763426188,17.0,0.030499999411404133,0
5482,7,0,1.3225792625041832,0.026451585250083665,0.18893989464345476,1,1,1,1,0,0.0009642812633927633,17.0,0.031200004741549492,0
5483,7,0,1.3210512444278473,0.026421024888556945,0.18872160634683532,2,2,2,2,0,0.001528018076328408,17.0,0.031800009310245514,0
5484,7,0,1.3210512444278473,0.026421024888556945,0.18872160634683532,0,0,0,0,0,0.0,0.0,0.03130000550299883,0
5485,7,1,1.319246382664335,0.0263849276532867,0.1884637689520479,2,1,1,1,9,0.0018048617635031405,154.0,0.10649999603629112,6
5486,7,0,1.3186826458513832,0.026373652917027663,0.1883832351216262,1,1,1,1,0,0.0005637368129498554,17.0,0.031100003980100155,0
5487,7,0,1.318118909038431,0.02636237818076862,0.18830270129120447,1,1,1,1,0,0.0005637368129640663,17.0,0.031100003980100155,0
5488,7,0,1.318118909038431,0.02636237818076862,0.18830270129120447,0,0,0,0,0,0.0,0.0,0.05289999535307288,0
5489,7,0,1.3175551722254792,0.026351103444509586,0.18822216746078274,1,1,1,1,0,0.0005637368129498554,17.0,0.03260001540184021,0
5490,7,1,1.3159562930613378,0.026319125861226755,0.18799375615161967,2,1,1,1,9,0.0015988791641348143,154.0,0.10400003520771861,6
5491,7,0,1.3144282749850018,0.026288565499700035,0.18777546785500024,2,2,2,2,0,0.0015280180763426188,17.0,0.02989999484270811,0
5492,7,0,1.313463993721618,0.02626927987443236,0.18763771338880253,1,1,1,1,0,0.0009642812633785525,17.0,0.029999995604157448,0
5493,7,0,1.313463993721618,0.02626927987443236,0.18763771338880253,0,0,0,0,0,0.0,0.0,0.029399991035461426,0
5494,7,1,1.3130633130605696,0.02626126626121139,0.1875804732943671,0,0,0,0,9,0.0004006806610448166,0.0,0.10160001693293452,6
5495,7,0,1.3120067042159542,0.026240134084319085,0.18742952917370775,2,2,2,2,0,0.0010566088446211097,17.0,0.02800003858283162,0
5496,7,1,1.3103183332792239,0.026206366665584478,0.18718833332560342,2,1,1,1,9,0.0016883709367050415,154.0,0.10279996786266565,6
5497,7,1,1.3093464927421852,0.026186929854843704,0.18704949896316933,1,1,1,1,9,0.0009718405370335859,154.0,0.10070001007989049,6
5498,7,2,1.3075274788486149,0.0261505495769723,0.18678963983551639,2,1,1,1,11,0.0018190138935665345,94.0,0.09139999747276306,10
5499,7,0,1.3069637420356628,0.026139274840713256,0.18670910600509466,1,1,1,1,0,0.0005637368129498554,17.0,0.02239999594166875,0
5500,7,0,1.3064000052227107,0.026128000104454215,0.18662857217467296,1,1,1,1,0,0.0005637368129498554,17.0,0.03519997699186206,0
5501,7,0,1.3058362684097586,0.026116725368195173,0.18654803834425124,1,1,1,1,0,0.0005637368129640663,17.0,0.03350002225488424,0
5502,7,0,1.3058362684097586,0.026116725368195173,0.18654803834425124,0,0,0,0,0,0.0,0.0,0.03220001235604286,0
5503,7,1,1.3054378531340216,0.026108757062680434,0.18649112187628877,0,0,0,0,9,0.0003984152757254833,0.0,0.12969999806955457,6
5504,7,0,1.3054378531340216,0.026108757062680434,0.18649112187628877,0,0,0,0,0,0.0,0.0,0.032800016924738884,0
5505,7,0,1.3054378531340216,0.026108757062680434,0.18649112187628877,0,0,0,0,0,0.0,0.0,0.03139994805678725,0
5506,7,1,1.3050551987380976,0.026101103974761952,0.18643645696258537,0,0,0,0,9,0.00038265439590645656,0.0,0.10449998080730438,6
5507,7,0,1.3044914619251455,0.02608982923850291,0.18635592313216368,1,1,1,1,0,0.0005637368129498554,17.0,0.029500050004571676,0
5508,7,1,1.3028030909884154,0.026056061819768307,0.1861147272840593,2,1,1,1,9,0.0016883709367192523,154.0,0.10750000365078449,6
5509,7,1,1.301641313584739,0.026032826271694776,0.18594875908353412,1,1,1,1,9,0.0011617774036665196,154.0,0.10030000703409314,6
5510,7,0,1.301641313584739,0.026032826271694776,0.18594875908353412,0,0,0,0,0,0.0,0.0,0.0295999925583601,0
5511,7,0,1.301641313584739,0.026032826271694776,0.18594875908353412,0,0,0,0,0,0.0,0.0,0.027500034775584936,0
5512,7,1,1.299916704497592,0.02599833408995184,0.18570238635679887,2,1,2,2,9,0.0017246090871481101,154.0,0.10000000474974513,6
5513,7,0,1.2991403739185958,0.025982807478371915,0.18559148198837083,1,1,1,1,0,0.000776330579000728,17.0,0.026699970476329327,0
5514,7,1,1.2971700286382557,0.025943400572765115,0.18531000409117943,2,1,1,1,9,0.001970345280327024,154.0,0.09859999408945441,6
5515,7,0,1.2966771566065924,0.02593354313213185,0.18523959380094182,1,1,1,1,0,0.0004928720316712543,17.0,0.025999965146183968,0
5516,7,1,1.2950502943015532,0.025901005886031062,0.18500718490022186,2,1,1,1,9,0.0016268623050308406,154.0,0.1246000174432993,6
5517,7,0,1.2950502943015532,0.025901005886031062,0.18500718490022186,0,0,0,0,0,0.0,0.0,0.023399945348501205,0
5518,7,0,1.2950502943015532,0.025901005886031062,0.18500718490022186,0,0,0,0,0,0.0,0.0,0.021099986042827368,0
5519,7,0,1.2943072762114554,0.025886145524229107,0.18490103945877934,1,1,1,1,0,0.000743018090091141,17.0,0.020299979951232672,0
5520,7,0,1.2935642581213576,0.025871285162427152,0.18479489401733679,1,1,1,1,0,0.0007430180901053518,17.0,0.03630004357546568,0
5521,7,1,1.293177978804923,0.02586355957609846,0.1847397112578461,0,0,0,0,9,0.0003862793164159939,0.0,0.11280004400759935,6
5522,7,2,1.2914261461532686,0.02582852292306537,0.18448944945046694,2,1,1,1,9,0.0017518326516494653,134.0,0.09549997048452497,10
5523,7,0,1.2914261461532686,0.02582852292306537,0.18448944945046694,0,0,0,0,0,0.0,0.0,0.025900022592395544,0
5524,7,0,1.2914261461532686,0.02582852292306537,0.18448944945046694,0,0,0,0,0,0.0,0.0,0.024200009647756815,0
5525,7,0,1.2900791944344043,0.025801583888688088,0.18429702777634346,2,2,2,2,0,0.0013469517188724467,17.0,0.023100001271814108,0
5526,7,0,1.2894752608056377,0.025789505216112753,0.18421075154366254,1,1,1,1,0,0.0006039336287670949,17.0,0.0371999922208488,0
5527,7,0,1.2875645722738214,0.02575129144547643,0.18393779603911734,3,3,3,3,0,0.0019106885318080913,17.0,0.05490001058205962,0
5528,7,0,1.2868215541837236,0.02573643108367447,0.18383165059767478,1,1,1,1,0,0.0007430180901053518,17.0,0.028999987989664078,0
5529,7,1,1.2848774500514162,0.025697549001028323,0.1835539214359166,2,1,1,1,9,0.0019441041322920682,154.0,0.10279996786266565,6
5530,7,1,1.2831528409642692,0.025663056819285383,0.1833075487091813,2,1,2,2,9,0.0017246090871338993,154.0,0.10750000365078449,6
5531,7,0,1.2810295586664089,0.025620591173328176,0.18300422266662983,3,3,3,3,0,0.0021232822978731747,17.0,0.025399960577487946,0
5532,7,0,1.2802532280874126,0.025605064561748252,0.18289331829820182,1,1,1,1,0,0.0007763305789865171,17.0,0.02819998189806938,0
5533,7,0,1.2795102099973148,0.025590204199946297,0.1827871728567593,1,1,1,1,0,0.0007430180901053518,17.0,0.02670002868399024,0
5534,7,0,1.2773869276994545,0.02554773855398909,0.1824838468142078,3,3,3,3,0,0.002123282297858964,17.0,0.02640002639964223,0
5535,7,0,1.2766105971204582,0.025532211942409164,0.18237294244577976,1,1,1,1,0,0.000776330579000728,17.0,0.02829998265951872,0
5536,7,0,1.2758675790303604,0.02551735158060721,0.1822667970043372,1,1,1,1,0,0.000743018090091141,17.0,0.027200032491236925,0
5537,7,1,1.2742447496895455,0.025484894993790908,0.18203496424136364,2,1,2,2,9,0.0016228293408033778,154.0,0.09300000965595245,6
5538,7,0,1.272864485481783,0.02545728970963566,0.18183778364025466,2,2,2,2,0,0.0013802642077678229,17.0,0.024800014216452837,0
5539,7,1,1.2709655875885075,0.02541931175177015,0.18156651251264394,3,1,2,2,9,0.001898897893269691,154.0,0.09950000094249845,6
5540,7,2,1.268986192375825,0.0253797238475165,0.181283741767975,2,1,1,1,11,0.001979395212671875,94.0,0.10120001388713717,10
5541,7,0,1.267605928168062,0.02535211856336124,0.18108656116686603,2,2,2,2,0,0.0013802642077678229,17.0,0.02859998494386673,0
5542,7,1,1.265998856189328,0.02531997712378656,0.1808569794556183,2,1,1,1,9,0.0016070719787251164,154.0,0.10389997623860836,6
5543,7,1,1.2645624221161809,0.025291248442323618,0.18065177458802584,2,1,1,1,9,0.0014364340731418679,154.0,0.10279996786266565,6
5544,7,0,1.2645624221161809,0.025291248442323618,0.18065177458802584,0,0,0,0,0,0.0,0.0,0.0274000340141356,0
5545,7,0,1.263465616455751,0.02526931232911502,0.18049508806510728,2,2,2,2,0,0.0010968056604241383,17.0,0.026900030206888914,0
5546,7,0,1.2622979460140322,0.025245958920280646,0.18032827800200463,2,2,2,2,0,0.0011676704417311612,17.0,0.028500042390078306,0
5547,7,0,1.2606374035406505,0.02521274807081301,0.18009105764866434,3,3,3,3,0,0.0016605424733739937,17.0,0.02859998494386673,0
5548,7,0,1.2595405978802205,0.02519081195760441,0.17993437112574576,2,2,2,2,0,0.0010968056604383492,17.0,0.02540001878514886,0
5549,7,0,1.2589366642514541,0.025178733285029082,0.17984809489306483,1,1,1,1,0,0.0006039336287670949,17.0,0.028999987989664078,0
5550,7,0,1.2578398585910238,0.025156797171820476,0.17969140837014624,2,2,2,2,0,0.0010968056604241383,17.0,0.02770003629848361,0
5551,7,0,1.2573469865593605,0.02514693973118721,0.17962099807990864,1,1,1,1,0,0.0004928720316712543,17.0,0.027799978852272034,0
5552,7,0,1.2568541145276972,0.025137082290553944,0.179550587789671,1,1,1,1,0,0.0004928720316570434,17.0,0.02540001878514886,0
5553,7,0,1.25484189382694,0.025096837876538797,0.17926312768956285,3,3,3,3,0,0.002012220700763123,17.0,0.026500027161091566,0
5554,7,1,1.252486110569721,0.02504972221139442,0.17892658722424584,3,1,2,2,9,0.0023557832572151938,154.0,0.1004999503493309,6
5555,7,1,1.2507414162020547,0.025014828324041095,0.17867734517172207,3,1,3,3,9,0.0017446943676446836,154.0,0.09759998647496104,6
5556,7,1,1.248743188781311,0.02497486377562622,0.17839188411161586,3,1,2,2,9,0.0019982274207421824,154.0,0.09000004502013326,6
5557,7,0,1.248743188781311,0.02497486377562622,0.17839188411161586,0,0,0,0,0,0.0,0.0,0.022199994418770075,0
5558,7,0,1.2481392551525443,0.024962785103050885,0.1783056078789349,1,1,1,1,0,0.0006039336287670949,17.0,0.01869996776804328,0
5559,7,0,1.2473962370624467,0.024947924741248934,0.17819946243749235,1,1,1,1,0,0.000743018090091141,17.0,0.02180004958063364,0
5560,7,0,1.24679230343368,0.024935846068673603,0.17811318620481145,1,1,1,1,0,0.0006039336287670949,17.0,0.030399998649954796,0
5561,7,0,1.2454453517148156,0.024908907034296313,0.17792076453068795,2,2,2,2,0,0.0013469517188724467,17.0,0.029399991035461426,0
5562,7,0,1.244841418086049,0.02489682836172098,0.177834488298007,1,1,1,1,0,0.0006039336287670949,17.0,0.031200004741549492,0
5563,7,0,1.2440983999959512,0.024881967999919024,0.1777283428565645,1,1,1,1,0,0.000743018090091141,17.0,0.03029999788850546,0
5564,7,1,1.2430852107490662,0.024861704214981323,0.1775836015355809,1,1,1,1,9,0.0010131892468763226,154.0,0.10090001160278916,6
5565,7,0,1.2430852107490662,0.024861704214981323,0.1775836015355809,0,0,0,0,0,0.0,0.0,0.029699993319809437,0
5566,7,0,1.2430852107490662,0.024861704214981323,0.1775836015355809,0,0,0,0,0,0.0,0.0,0.02819998189806938,0
5567,7,0,1.2424812771202995,0.024849625542405992,0.17749732530289994,1,1,1,1,0,0.0006039336287670949,17.0,0.030499999411404133,0
5568,7,0,1.2424812771202995,0.024849625542405992,0.17749732530289994,0,0,0,0,0,0.0,0.0,0.030399998649954796,0
5569,7,0,1.2418773434915331,0.02483754686983066,0.177411049070219,1,1,1,1,0,0.0006039336287670949,17.0,0.04799995804205537,0
5570,7,0,1.2412734098627665,0.02482546819725533,0.17732477283753806,1,1,1,1,0,0.0006039336287670949,17.0,0.030499999411404133,0
5571,7,1,1.2399588777291037,0.024799177554582073,0.1771369825327291,2,1,1,1,9,0.0013145321336622828,154.0,0.10790000669658184,6
5572,7,2,1.239544906562686,0.024790898131253722,0.17707784379466945,0,0,0,0,11,0.00041397116640951026,0.0,0.0874000252224505,10
5573,7,0,1.239544906562686,0.024790898131253722,0.17707784379466945,0,0,0,0,0,0.0,0.0,0.025799963623285294,0
5574,7,0,1.239544906562686,0.024790898131253722,0.17707784379466945,0,0,0,0,0,0.0,0.0,0.02719997428357601,0
5575,7,1,1.2378978843358022,0.024757957686716042,0.1768425549051146,2,1,1,1,9,0.0016470222268765156,154.0,0.10590004967525601,6
5576,7,0,1.236300615420184,0.024726012308403683,0.17661437363145488,2,2,2,2,0,0.0015972689156171782,17.0,0.026300025638192892,0
5577,7,0,1.2353072801333327,0.024706145602666655,0.1764724685904761,1,1,1,1,0,0.0009933352868500833,17.0,0.024200009647756815,0
5578,7,0,1.2337100112177146,0.024674200224354292,0.17624428731681638,2,2,2,2,0,0.0015972689156171782,17.0,0.026799971237778664,0
5579,7,2,1.232347007891661,0.024646940157833218,0.17604957255595158,1,1,1,1,11,0.0013630033260483287,94.0,0.08049997268244624,10
5580,7,0,1.232347007891661,0.024646940157833218,0.17604957255595158,0,0,0,0,0,0.0,0.0,0.029999995604157448,0
5581,7,0,1.232347007891661,0.024646940157833218,0.17604957255595158,0,0,0,0,0,0.0,0.0,0.031000003218650818,0
5582,7,0,1.2313536726048095,0.02462707345209619,0.17590766751497275,1,1,1,1,0,0.0009933352868500833,17.0,0.03189995186403394,0
5583,7,1,1.2299257654197873,0.024598515308395744,0.17570368077425533,2,1,1,1,9,0.0014279071850040737,154.0,0.0982999918051064,6
5584,7,0,1.2281560995539396,0.024563121991078792,0.17545087136484855,2,2,2,2,0,0.0017696658658508113,17.0,0.031200004741549492,0
5585,7,1,1.2277576842782025,0.02455515368556405,0.17539395489688608,0,0,0,0,9,0.0003984152757254833,0.0,0.1048000412993133,6
5586,7,1,1.2273750298822788,0.024547500597645575,0.17533928998318268,0,0,0,0,9,0.0003826543959206674,0.0,0.09629997657611966,6
5587,7,0,1.2263816945954273,0.024527633891908547,0.17519738494220388,1,1,1,1,0,0.0009933352868500833,17.0,0.029799994081258774,0
5588,7,0,1.2253883593085757,0.024507767186171515,0.1750554799012251,1,1,1,1,0,0.0009933352868500833,17.0,0.03200001083314419,0
5589,7,0,1.2243950240217243,0.024487900480434487,0.17491357486024633,1,1,1,1,0,0.0009933352868500833,17.0,0.026799971237778664,0
5590,7,1,1.2226764781842143,0.024453529563684285,0.17466806831203058,2,1,1,1,9,0.0017185458374910922,154.0,0.09840005077421665,6
5591,7,0,1.2210792092685963,0.024421584185371926,0.17443988703837085,2,2,2,2,0,0.0015972689156171782,17.0,0.027999980375170708,0
5592,7,1,1.2194560542475115,0.02438912108495023,0.17420800774964448,2,1,1,1,9,0.0016231550210790147,154.0,0.10179996024817228,6
5593,7,0,1.2176863883816638,0.024353727767633275,0.17395519834023768,2,2,2,2,0,0.0017696658658508113,17.0,0.025999965146183968,0
5594,7,0,1.2176863883816638,0.024353727767633275,0.17395519834023768,0,0,0,0,0,0.0,0.0,0.02570002106949687,0
5595,7,1,1.216100758243964,0.02432201516487928,0.17372867974913772,2,1,2,2,9,0.0015856301376970805,154.0,0.0999000039882958,6
5596,7,1,1.214297290906654,0.024285945818133082,0.17347104155809343,2,1,1,1,9,0.0018034673372824273,154.0,0.09270000737160444,6
5597,7,0,1.2135209603276578,0.024270419206553154,0.17336013718966542,1,1,1,1,0,0.000776330579000728,17.0,0.02169999061152339,0
5598,7,0,1.2117512944618103,0.024235025889236206,0.17310732778025864,2,2,2,2,0,0.0017696658658508113,17.0,0.02010003663599491,0
5599,7,0,1.2117512944618103,0.024235025889236206,0.17310732778025864,0,0,0,0,0,0.0,0.0,0.020599982235580683,0
5600,7,0,1.2111473608330436,0.02422294721666087,0.1730210515475777,1,1,1,1,0,0.0006039336287670949,17.0,0.041599967516958714,0
5601,7,2,1.2097360800698929,0.024194721601397857,0.17281944000998473,1,1,1,1,11,0.0014112807631363466,74.0,0.09649997809901834,10
5602,7,0,1.2089930619797953,0.024179861239595906,0.17271329456854217,1,1,1,1,0,0.0007430180901053518,17.0,0.029799994081258774,0
5603,7,0,1.206902921032514,0.02413805842065028,0.17241470300464481,3,3,3,3,0,0.0020901409472742216,17.0,0.04080001963302493,0
5604,7,0,1.204562634026798,0.02409125268053596,0.1720803762895426,3,3,3,3,0,0.00234028700572253,17.0,0.0445000478066504,0
5605,7,0,1.203465828366368,0.02406931656732736,0.17192368976662403,2,2,2,2,0,0.0010968056604241383,17.0,0.031400006264448166,0
5606,7,0,1.201125541360652,0.02402251082721304,0.17158936305152173,3,3,3,3,0,0.00234028700572253,17.0,0.02729997504502535,0
5607,7,0,1.199528272445034,0.02399056544890068,0.171361181777862,2,2,2,2,0,0.0015972689156171782,17.0,0.031000003218650818,0
5608,7,1,1.1974818725976872,0.023949637451953745,0.17106883894252675,3,1,3,3,9,0.002046399847330349,154.0,0.10760000441223383,6
5609,7,0,1.1967388545075894,0.02393477709015179,0.1709626935010842,1,1,1,1,0,0.0007430180901053518,17.0,0.028999987989664078,0
5610,7,0,1.195745519220738,0.02391491038441476,0.17082078846010543,1,1,1,1,0,0.0009933352868500833,17.0,0.03029999788850546,0
5611,7,0,1.1947521839338866,0.023895043678677733,0.17067888341912665,1,1,1,1,0,0.0009933352868500833,17.0,0.027799978852272034,0
5612,7,0,1.1937588486470352,0.023875176972940705,0.17053697837814788,1,1,1,1,0,0.0009933352868500833,17.0,0.02570002106949687,0
5613,7,1,1.1920403028095252,0.023840806056190503,0.17029147182993215,2,1,1,1,9,0.001718545837505303,154.0,0.10259996633976698,6
5614,7,0,1.1912972847194276,0.02382594569438855,0.1701853263884896,1,1,1,1,0,0.000743018090091141,17.0,0.029099988751113415,0
5615,7,0,1.190303949432576,0.02380607898865152,0.17004342134751083,1,1,1,1,0,0.0009933352868500833,17.0,0.026200024876743555,0
5616,7,0,1.1893106141457246,0.02378621228291449,0.16990151630653205,1,1,1,1,0,0.0009933352868500833,17.0,0.025399960577487946,0
5617,7,0,1.1875742607687754,0.02375148521537551,0.16965346582411073,2,2,2,2,0,0.0017363533769554351,17.0,0.03260001540184021,0
5618,7,2,1.1850850282367913,0.023701700564735827,0.16929786117668447,4,2,2,2,11,0.002489232531971197,84.0,0.08450000314041972,10
5619,7,1,1.183458165931752,0.023669163318635042,0.16906545227596456,2,1,1,1,9,0.0016268623050450515,154.0,0.09859999408945441,6
5620,7,0,1.1824648306449004,0.023649296612898007,0.16892354723498576,1,1,1,1,0,0.0009933352868500833,17.0,0.03260001540184021,0
5621,7,1,1.18051036895525,0.023610207379105002,0.16864433842217857,2,1,1,1,9,0.001954461689621212,154.0,0.09689998114481568,6
5622,7,0,1.18051036895525,0.023610207379105002,0.16864433842217857,0,0,0,0,0,0.0,0.0,0.03220001235604286,0
5623,7,1,1.178883506650211,0.02357767013300422,0.1684119295214587,2,1,1,1,9,0.0016268623050450515,154.0,0.11070002801716328,6
5624,7,1,1.1767169661765098,0.023534339323530197,0.16810242373950143,3,1,2,2,9,0.0021665404736950222,154.0,0.09999994654208422,6
5625,7,0,1.1757236308896584,0.02351447261779317,0.16796051869852266,1,1,1,1,0,0.0009933352868500833,17.0,0.03270001616328955,0
5626,7,0,1.1749806127995608,0.023499612255991217,0.1678543732570801,1,1,1,1,0,0.000743018090091141,17.0,0.031000003218650818,0
5627,7,0,1.174237594709463,0.02348475189418926,0.1677482278156376,1,1,1,1,0,0.0007430180901053518,17.0,0.026999972760677338,0
5628,7,0,1.1732733134460789,0.023465466268921577,0.1676104733494399,1,1,1,1,0,0.0009642812633785525,17.0,0.028300040867179632,0
5629,7,1,1.172872632785031,0.02345745265570062,0.16755323325500443,0,0,0,0,9,0.0004006806610448166,0.0,0.0982999918051064,6
5630,7,0,1.1723088959720789,0.023446177919441577,0.1674726994245827,1,1,1,1,0,0.0005637368129498554,17.0,0.030099996365606785,0
5631,7,0,1.1723088959720789,0.023446177919441577,0.1674726994245827,0,0,0,0,0,0.0,0.0,0.026399968191981316,0
5632,7,1,1.1703522149889791,0.02340704429977958,0.16719317356985416,3,1,2,2,9,0.0019566809830848797,154.0,0.09950000094249845,6
5633,7,0,1.1690454600859295,0.023380909201718588,0.1670064942979899,2,2,2,2,0,0.0013067549030552073,17.0,0.029799994081258774,0
5634,7,1,1.1671352843696234,0.023342705687392468,0.16673361205280335,2,1,1,1,9,0.001910175716304252,154.0,0.10170001769438386,6
5635,7,0,1.1656490770511088,0.023312981541022175,0.16652129672158694,2,2,2,2,0,0.0014862073185213376,17.0,0.026600027922540903,0
5636,7,0,1.1644131869293477,0.023288263738586956,0.1663447409899068,2,2,2,2,0,0.0012358901217623952,17.0,0.024100008886307478,0
5637,7,0,1.1626135599946346,0.02325227119989269,0.16608765142780493,3,3,3,3,0,0.0017996269347122507,17.0,0.021899992134422064,0
5638,7,0,1.1618705419045368,0.023237410838090736,0.16598150598636238,1,1,1,1,0,0.000743018090091141,17.0,0.05039997631683946,0
5639,7,1,1.160432986222058,0.02320865972444116,0.16577614088886541,2,1,1,1,9,0.001437555682471725,154.0,0.09830005001276731,6
5640,7,0,1.159126231319008,0.023182524626380163,0.1655894616170012,2,2,2,2,0,0.0013067549030552073,17.0,0.031200004741549492,0
5641,7,0,1.1583832132289105,0.02316766426457821,0.16548331617555864,1,1,1,1,0,0.000743018090091141,17.0,0.035299977753311396,0
5642,7,0,1.1578194764159586,0.023156389528319173,0.16540278234513694,1,1,1,1,0,0.0005637368129498554,17.0,0.029799994081258774,0
5643,7,0,1.1572557396030065,0.02314511479206013,0.16532224851471522,1,1,1,1,0,0.0005637368129640663,17.0,0.03220001235604286,0
5644,7,0,1.1572557396030065,0.02314511479206013,0.16532224851471522,0,0,0,0,0,0.0,0.0,0.032400013878941536,0
5645,7,1,1.1554570190838596,0.02310914038167719,0.16506528844055138,2,1,1,1,9,0.0017987205191332123,154.0,0.10990002192556858,6
5646,7,0,1.1554570190838596,0.02310914038167719,0.16506528844055138,0,0,0,0,0,0.0,0.0,0.030800001695752144,0
5647,7,0,1.1548932822709077,0.023097865645418155,0.16498475461012968,1,1,1,1,0,0.0005637368129498554,17.0,0.026500027161091566,0
5648,7,0,1.1544004102392442,0.023088008204784884,0.16491434431989208,1,1,1,1,0,0.0004928720316712543,17.0,0.02859998494386673,0
5649,7,2,1.1534459153355785,0.02306891830671157,0.16477798790508263,1,1,1,1,9,0.0009544949036524031,34.0,0.11229998199269176,10
5650,7,0,1.1534459153355785,0.02306891830671157,0.16477798790508263,0,0,0,0,0,0.0,0.0,0.027600035537034273,0
5651,7,0,1.1528821785226264,0.023057643570452528,0.16469745407466094,1,1,1,1,0,0.0005637368129640663,17.0,0.0247000134550035,0
5652,7,0,1.1521058479436304,0.023042116958872608,0.16458654970623293,1,1,1,1,0,0.0007763305789865171,17.0,0.026999972760677338,0
5653,7,2,1.1504544334877824,0.023009088669755647,0.1643506333553975,2,1,1,1,11,0.0016514144558357202,94.0,0.09679998038336635,10
5654,7,0,1.1498906966748306,0.022997813933496612,0.1642700995249758,1,1,1,1,0,0.0005637368129640663,17.0,0.026399968191981316,0
5655,7,0,1.1493269598618787,0.022986539197237574,0.16418956569455406,1,1,1,1,0,0.0005637368129498554,17.0,0.023800006601959467,0
5656,7,1,1.1489285445861415,0.022978570891722828,0.16413264922659168,0,0,0,0,9,0.0003984152757254833,0.0,0.10240002302452922,6
5657,7,0,1.1483648077731896,0.022967296155463793,0.16405211539616996,1,1,1,1,0,0.0005637368129498554,17.0,0.025900022592395544,0
5658,7,1,1.1469283737000424,0.02293856747400085,0.1638469105285775,2,1,1,1,9,0.0014364340731418679,154.0,0.10149995796382427,6
5659,7,0,1.146435501668379,0.022928710033367578,0.16377650023833984,1,1,1,1,0,0.0004928720316712543,17.0,0.02169999061152339,0
5660,7,0,1.1459426296367154,0.02291885259273431,0.16370608994810223,1,1,1,1,0,0.0004928720316570434,17.0,0.03470003139227629,0
5661,7,0,1.1459426296367154,0.02291885259273431,0.16370608994810223,0,0,0,0,0,0.0,0.0,0.029799994081258774,0
5662,7,0,1.1459426296367154,0.02291885259273431,0.16370608994810223,0,0,0,0,0,0.0,0.0,0.02729997504502535,0
5663,7,3,1.1455895384582557,0.022911790769165115,0.16365564835117938,0,0,0,0,11,0.00035309117845372384,0.0,0.08889997843652964,12
5664,7,0,1.1455895384582557,0.022911790769165115,0.16365564835117938,0,0,0,0,0,0.0,0.0,0.028399983420968056,0
5665,7,1,1.1452040916335755,0.02290408183267151,0.1636005845190822,0,0,0,0,9,0.0003854468246657916,0.0,0.10289996862411499,6
5666,7,0,1.1452040916335755,0.02290408183267151,0.1636005845190822,0,0,0,0,0,0.0,0.0,0.02659996971487999,0
5667,7,0,1.1446001580048089,0.022892003160096177,0.16351430828640123,1,1,1,1,0,0.0006039336287670949,17.0,0.022799998987466097,0
5668,7,0,1.1439962243760422,0.022879924487520843,0.16342803205372028,1,1,1,1,0,0.0006039336287670949,17.0,0.02459995448589325,0
5669,7,1,1.1426816922423797,0.022853633844847593,0.16324024174891136,2,1,1,1,9,0.0013145321336622828,154.0,0.09630003478378057,6
5670,7,0,1.1426816922423797,0.022853633844847593,0.16324024174891136,0,0,0,0,0,0.0,0.0,0.02819998189806938,0
5671,7,0,1.1426816922423797,0.022853633844847593,0.16324024174891136,0,0,0,0,0,0.0,0.0,0.03029999788850546,0
5672,7,0,1.1426816922423797,0.022853633844847593,0.16324024174891136,0,0,0,0,0,0.0,0.0,0.022099993657320738,0
5673,7,0,1.1426816922423797,0.022853633844847593,0.16324024174891136,0,0,0,0,0,0.0,0.0,0.021299987565726042,0
5674,7,0,1.1426816922423797,0.022853633844847593,0.16324024174891136,0,0,0,0,0,0.0,0.0,0.02440001117065549,0
5675,7,0,1.1426816922423797,0.022853633844847593,0.16324024174891136,0,0,0,0,0,0.0,0.0,0.026500027161091566,0
5676,7,1,1.1416685029954945,0.022833370059909888,0.16309550042792778,1,1,1,1,9,0.0010131892468763226,154.0,0.1002000062726438,6
5677,7,0,1.1416685029954945,0.022833370059909888,0.16309550042792778,0,0,0,0,0,0.0,0.0,0.026500027161091566,0
5678,7,1,1.1412822236790596,0.022825644473581194,0.1630403176684371,0,0,0,0,9,0.0003862793164159939,0.0,0.09029998909682035,6
5679,7,0,1.140678290050293,0.02281356580100586,0.16295404143575615,1,1,1,1,0,0.0006039336287670949,17.0,0.01999997766688466,0
5680,7,0,1.139714008786909,0.02279428017573818,0.16281628696955844,1,1,1,1,0,0.0009642812633927633,17.0,0.0371999922208488,0
5681,7,0,1.1387497275235252,0.022774994550470506,0.16267853250336076,1,1,1,1,0,0.0009642812633785525,17.0,0.03300001844763756,0
5682,7,0,1.1381457938947586,0.02276291587789517,0.1625922562706798,1,1,1,1,0,0.0006039336287670949,17.0,0.03060000017285347,0
5683,7,1,1.1377451132337102,0.022754902264674203,0.1625350161762443,0,0,0,0,9,0.0004006806610448166,0.0,0.10279996786266565,6
5684,7,0,1.1371411796049435,0.022742823592098872,0.1624487399435634,1,1,1,1,0,0.0006039336287670949,17.0,0.03609998384490609,0
5685,7,0,1.136537245976177,0.022730744919523538,0.16236246371088245,1,1,1,1,0,0.0006039336287670949,17.0,0.030800001695752144,0
5686,7,1,1.1345931418438695,0.02269186283687739,0.16208473454912423,2,1,2,2,9,0.001944104132306279,154.0,0.09720004163682461,6
5687,7,2,1.1328125794342867,0.022656251588685734,0.16183036849061236,2,1,1,1,9,0.001780562409564368,134.0,0.0923000043258071,10
5688,7,0,1.13220864580552,0.0226441729161104,0.1617440922579314,1,1,1,1,0,0.0006039336287670949,17.0,0.02529995981603861,0
5689,7,0,1.1316047121767534,0.02263209424353507,0.16165781602525048,1,1,1,1,0,0.0006039336287670949,17.0,0.025200017262250185,0
5690,7,0,1.1300364972846029,0.022600729945692056,0.16143378532637181,2,2,2,2,0,0.0015682148921598582,17.0,0.024800014216452837,0
5691,7,0,1.1279754103607889,0.022559508207215778,0.16113934433725552,3,3,3,3,0,0.0020610869238169016,17.0,0.026499968953430653,0
5692,7,0,1.1279754103607889,0.022559508207215778,0.16113934433725552,0,0,0,0,0,0.0,0.0,0.025699962861835957,0
5693,7,1,1.1265389762876414,0.022530779525752827,0.1609341394696631,2,1,2,2,9,0.001436434073127657,154.0,0.08890003664419055,6
5694,7,1,1.1261526969712068,0.022523053939424137,0.1608789567101724,0,0,0,0,9,0.00038627931643020474,0.0,0.09919999865815043,6
5695,7,0,1.1255487633424401,0.022510975266848803,0.16079268047749146,1,1,1,1,0,0.0006039336287670949,17.0,0.023600005079060793,0
5696,7,0,1.1249448297136735,0.022498896594273468,0.1607064042448105,1,1,1,1,0,0.0006039336287670949,17.0,0.022899999748915434,0
5697,7,0,1.1243408960849068,0.022486817921698137,0.16062012801212955,1,1,1,1,0,0.0006039336287670949,17.0,0.027699978090822697,0
5698,7,0,1.123376614821523,0.02246753229643046,0.16048237354593184,1,1,1,1,0,0.0009642812633927633,17.0,0.024500011932104826,0
5699,7,1,1.122978199545786,0.02245956399091572,0.16042545707796943,0,0,0,0,9,0.0003984152757254833,0.0,0.08889997843652964,6
5700,7,0,1.1208880585985044,0.02241776117197009,0.16012686551407204,3,3,3,3,0,0.0020901409472742216,17.0,0.03330002073198557,0
5701,7,0,1.1189304420482689,0.02237860884096538,0.1598472060068956,2,2,2,2,0,0.0019576165502428466,17.0,0.03360002301633358,0
5702,7,1,1.1164074616649349,0.0223281492332987,0.15948678023784787,3,1,3,3,9,0.0025229803833326514,154.0,0.09799998952075839,6
5703,7,0,1.1159145896332716,0.022318291792665434,0.15941636994761024,1,1,1,1,0,0.0004928720316570434,17.0,0.031599949579685926,0
5704,7,0,1.115310656004505,0.0223062131200901,0.15933009371492932,1,1,1,1,0,0.0006039336287670949,17.0,0.035100034438073635,0
5705,7,0,1.1148177839728417,0.022296355679456835,0.15925968342469168,1,1,1,1,0,0.0004928720316712543,17.0,0.030099996365606785,0
5706,7,1,1.113926496665441,0.02227852993330882,0.1591323566664916,1,1,1,1,9,0.0008912873073825267,154.0,0.09529996896162629,6
5707,7,1,1.112352635680291,0.02224705271360582,0.15890751938289877,2,1,1,1,9,0.00157386098514678,154.0,0.09769998723641038,6
5708,7,0,1.1112558300198612,0.022225116600397225,0.1587508328599802,2,2,2,2,0,0.0010968056604383492,17.0,0.026499968953430653,0
5709,7,1,1.109819395946714,0.02219638791893428,0.15854562799238772,2,1,1,1,9,0.001436434073127657,154.0,0.10040000779554248,6
5710,7,0,1.1092154623179473,0.022184309246358946,0.15845935175970677,1,1,1,1,0,0.0006039336287670949,17.0,0.025500019546598196,0
5711,7,0,1.1086115286891807,0.022172230573783612,0.15837307552702584,1,1,1,1,0,0.0006039336287670949,17.0,0.02840004162862897,0
5712,7,0,1.1071543753941335,0.022143087507882672,0.1581649107705905,2,2,2,2,0,0.0014571532950498067,17.0,0.024699955247342587,0
5713,7,1,1.1051840301137936,0.022103680602275872,0.1578834328733991,2,1,1,1,9,0.0019703452803412347,154.0,0.09799998952075839,6
5714,7,0,1.1051840301137936,0.022103680602275872,0.1578834328733991,0,0,0,0,0,0.0,0.0,0.026399968191981316,0
5715,7,0,1.1051840301137936,0.022103680602275872,0.1578834328733991,0,0,0,0,0,0.0,0.0,0.023500004317611456,0
5716,7,0,1.1051840301137936,0.022103680602275872,0.1578834328733991,0,0,0,0,0,0.0,0.0,0.025200017262250185,0
5717,7,0,1.1051840301137936,0.022103680602275872,0.1578834328733991,0,0,0,0,0,0.0,0.0,0.02429995220154524,0
5718,7,2,1.1034287420385278,0.022068574840770558,0.1576326774340754,2,1,2,2,9,0.0017552880752447209,134.0,0.09159999899566174,10
5719,7,0,1.1029358700068643,0.022058717400137286,0.15756226714383775,1,1,1,1,0,0.0004928720316712543,17.0,0.02139998832717538,0
5720,7,0,1.1014496626883497,0.022028993253766994,0.15734995181262137,2,2,2,2,0,0.0014862073185071267,17.0,0.0315000070258975,0
5721,7,1,1.0986456985873394,0.021972913971746787,0.15694938551247706,4,1,3,3,9,0.002803964101005363,154.0,0.10309997014701366,6
5722,7,1,1.0971636806028853,0.021943273612057706,0.15673766865755503,2,1,2,2,9,0.0014820179844434733,154.0,0.10740000288933516,6
5723,7,0,1.0956774732843706,0.021913549465687413,0.15652535332633866,2,2,2,2,0,0.0014862073185071267,17.0,0.06809999467805028,0
5724,7,0,1.094220319989323,0.02188440639978646,0.1563171885699033,2,2,2,2,0,0.0014571532950498067,17.0,0.03450002986937761,0
5725,7,1,1.0921571813626054,0.021843143627252107,0.1560224544803722,3,1,3,3,9,0.002063138626724026,154.0,0.09660003706812859,6
5726,7,1,1.0917709020461706,0.021835418040923413,0.1559672717208815,0,0,0,0,9,0.00038627931643020474,0.0,0.09569997200742364,6
5727,7,1,1.0895505785520863,0.021791011571041727,0.15565008265029803,3,1,2,2,9,0.002220323494071863,154.0,0.10250002378597856,6
5728,7,0,1.086989028373084,0.021739780567461682,0.15528414691044062,3,3,3,3,0,0.0025615501790099415,17.0,0.02859998494386673,0
5729,7,0,1.085391759457466,0.02170783518914932,0.15505596563678087,2,2,2,2,0,0.0015972689156171782,17.0,0.025500019546598196,0
5730,7,0,1.0838346873576625,0.02167669374715325,0.1548335267653804,2,2,2,2,0,0.0015570720997999388,17.0,0.024600012693554163,0
5731,7,1,1.0822490572199626,0.02164498114439925,0.15460700817428039,2,1,1,1,9,0.0015856301376828696,154.0,0.1273000380024314,6
5732,7,1,1.079875489614452,0.02159750979228904,0.15426792708777887,3,1,2,2,9,0.002373567605502558,154.0,0.08870003512129188,6
5733,7,0,1.078278220698834,0.021565564413976678,0.15403974581411914,2,2,2,2,0,0.0015972689156171782,17.0,0.023999949917197227,0
5734,7,0,1.0771105502571152,0.021542211005142305,0.15387293575101646,2,2,2,2,0,0.0011676704417169503,17.0,0.0219999928958714,0
5735,7,0,1.0759428798153967,0.021518857596307936,0.15370612568791378,2,2,2,2,0,0.0011676704417311612,17.0,0.019700033590197563,0
5736,7,0,1.07533894618663,0.0215067789237326,0.15361984945523283,1,1,1,1,0,0.0006039336287670949,17.0,0.01899997005239129,0
5737,7,0,1.0747350125578634,0.021494700251157267,0.15353357322255193,1,1,1,1,0,0.0006039336287670949,17.0,0.019000028260052204,0
5738,7,0,1.0741712757449113,0.021483425514898225,0.15345303939213023,1,1,1,1,0,0.0005637368129498554,17.0,0.020799983758479357,0
5739,7,0,1.0741712757449113,0.021483425514898225,0.15345303939213023,0,0,0,0,0,0.0,0.0,0.02169999061152339,0
5740,7,0,1.0735673421161447,0.021471346842322894,0.15336676315944928,1,1,1,1,0,0.0006039336287670949,17.0,0.032999960239976645,0
5741,7,0,1.0735673421161447,0.021471346842322894,0.15336676315944928,0,0,0,0,0,0.0,0.0,0.029199989512562752,0
5742,7,0,1.0730036053031928,0.021460072106063856,0.15328622932902755,1,1,1,1,0,0.0005637368129498554,17.0,0.027500034775584936,0
5743,7,1,1.0726209509072686,0.02145241901814537,0.15323156441532412,0,0,0,0,9,0.0003826543959206674,0.0,0.13070000568404794,6
5744,7,0,1.0726209509072686,0.02145241901814537,0.15323156441532412,0,0,0,0,0,0.0,0.0,0.03309996100142598,0
5745,7,1,1.0722128471831822,0.021444256943663646,0.15317326388331173,0,0,0,0,9,0.00040810372406951956,0.0,0.0923000043258071,6
5746,7,0,1.0722128471831822,0.021444256943663646,0.15317326388331173,0,0,0,0,0,0.0,0.0,0.02829998265951872,0
5747,7,0,1.0722128471831822,0.021444256943663646,0.15317326388331173,0,0,0,0,0,0.0,0.0,0.03390002530068159,0
5748,7,1,1.0708983150495195,0.02141796630099039,0.15298547357850278,2,1,1,1,9,0.0013145321336622828,154.0,0.09370001498609781,6
5749,7,0,1.0708983150495195,0.02141796630099039,0.15298547357850278,0,0,0,0,0,0.0,0.0,0.031400006264448166,0
5750,7,0,1.0701219844705232,0.021402439689410465,0.15287456921007478,1,1,1,1,0,0.000776330579000728,17.0,0.027999980375170708,0
5751,7,2,1.0687589811444698,0.021375179622889394,0.15267985444920992,1,1,1,1,11,0.0013630033260341179,94.0,0.0847000046633184,10
5752,7,0,1.0679826505654737,0.021359653011309473,0.15256895008078195,1,1,1,1,0,0.000776330579000728,17.0,0.027999980375170708,0
5753,7,1,1.0675972037407933,0.021351944074815866,0.15251388624868478,0,0,0,0,9,0.0003854468246657916,0.0,0.08929998148232698,6
5754,7,0,1.0675972037407933,0.021351944074815866,0.15251388624868478,0,0,0,0,0,0.0,0.0,0.02540001878514886,0
5755,7,0,1.0675972037407933,0.021351944074815866,0.15251388624868478,0,0,0,0,0,0.0,0.0,0.02440001117065549,0
5756,7,1,1.067187948122675,0.0213437589624535,0.1524554211603821,0,0,0,0,9,0.0004092556181092277,0.0,0.09550002869218588,6
5757,7,0,1.067187948122675,0.0213437589624535,0.1524554211603821,0,0,0,0,0,0.0,0.0,0.018900027498602867,0
5758,7,0,1.067187948122675,0.0213437589624535,0.1524554211603821,0,0,0,0,0,0.0,0.0,0.020099978428333998,0
5759,7,0,1.067187948122675,0.0213437589624535,0.1524554211603821,0,0,0,0,0,0.0,0.0,0.01699995482340455,0
5760,7,1,1.0667798443985883,0.021335596887971767,0.15239712062836977,0,0,0,0,9,0.0004081037240837304,0.0,0.1045000390149653,6
5761,7,1,1.066397190002664,0.021327943800053283,0.15234245571466634,0,0,0,0,9,0.00038265439590645656,0.0,0.09699998190626502,6
5762,7,0,1.066397190002664,0.021327943800053283,0.15234245571466634,0,0,0,0,0,0.0,0.0,0.027399975806474686,0
5763,7,0,1.066397190002664,0.021327943800053283,0.15234245571466634,0,0,0,0,0,0.0,0.0,0.025900022592395544,0
5764,7,0,1.066397190002664,0.021327943800053283,0.15234245571466634,0,0,0,0,0,0.0,0.0,0.029999995604157448,0
5765,7,0,1.066397190002664,0.021327943800053283,0.15234245571466634,0,0,0,0,0,0.0,0.0,0.029300048481673002,0
5766,7,0,1.065620859423668,0.021312417188473362,0.15223155134623828,1,1,1,1,0,0.000776330579000728,17.0,0.029099988751113415,0
5767,7,0,1.064844528844672,0.021296890576893438,0.15212064697781028,1,1,1,1,0,0.000776330579000728,17.0,0.029699993319809437,0
5768,7,0,1.064844528844672,0.021296890576893438,0.15212064697781028,0,0,0,0,0,0.0,0.0,0.02719997428357601,0
5769,7,0,1.064844528844672,0.021296890576893438,0.15212064697781028,0,0,0,0,0,0.0,0.0,0.027500034775584936,0
5770,7,3,1.0644688125067039,0.02128937625013408,0.1520669732152434,0,0,0,0,13,0.00037571633795607795,0.0,0.08590001380071044,12
5771,7,0,1.0644688125067039,0.02128937625013408,0.1520669732152434,0,0,0,0,0,0.0,0.0,0.02729997504502535,0
5772,7,0,1.0644688125067039,0.02128937625013408,0.1520669732152434,0,0,0,0,0,0.0,0.0,0.03880000440403819,0
5773,7,0,1.0644688125067039,0.02128937625013408,0.1520669732152434,0,0,0,0,0,0.0,0.0,0.029699993319809437,0
5774,7,1,1.0640595568885856,0.021281191137771712,0.15200850812694075,0,0,0,0,9,0.0004092556181092277,0.0,0.10689999908208847,6
5775,7,0,1.0640595568885856,0.021281191137771712,0.15200850812694075,0,0,0,0,0,0.0,0.0,0.022599997464567423,0
5776,7,0,1.063566684856922,0.02127133369713844,0.15193809783670315,1,1,1,1,0,0.0004928720316570434,17.0,0.019200029782950878,0
5777,7,0,1.063566684856922,0.02127133369713844,0.15193809783670315,0,0,0,0,0,0.0,0.0,0.02169999061152339,0
5778,7,0,1.0630738128252588,0.021261476256505176,0.1518676875464655,1,1,1,1,0,0.0004928720316712543,17.0,0.018700025975704193,0
5779,7,1,1.0626753975495218,0.021253507950990437,0.1518107710785031,0,0,0,0,9,0.0003984152757254833,0.0,0.08530000923201442,6
5780,7,0,1.0626753975495218,0.021253507950990437,0.1518107710785031,0,0,0,0,0,0.0,0.0,0.03439997090026736,0
5781,7,0,1.0626753975495218,0.021253507950990437,0.1518107710785031,0,0,0,0,0,0.0,0.0,0.027900037821382284,0
5782,7,0,1.0626753975495218,0.021253507950990437,0.1518107710785031,0,0,0,0,0,0.0,0.0,0.02529995981603861,0
5783,7,1,1.062267293825435,0.021245345876508698,0.15175247054649074,0,0,0,0,9,0.0004081037240837304,0.0,0.09059999138116837,6
5784,7,0,1.062267293825435,0.021245345876508698,0.15175247054649074,0,0,0,0,0,0.0,0.0,0.035100034438073635,0
5785,7,1,1.0618846394295112,0.021237692788590223,0.1516978056327873,0,0,0,0,9,0.00038265439590645656,0.0,0.09489996591582894,6
5786,7,0,1.0618846394295112,0.021237692788590223,0.1516978056327873,0,0,0,0,0,0.0,0.0,0.026300025638192892,0
5787,7,1,1.061498360113076,0.021229967202261522,0.1516426228732966,0,0,0,0,9,0.00038627931643020474,0.0,0.089899986051023,6
5788,7,2,1.0610677569202553,0.021221355138405108,0.15158110813146508,0,0,0,0,11,0.00043060319281096326,0.0,0.07840001489967108,10
5789,7,0,1.0610677569202553,0.021221355138405108,0.15158110813146508,0,0,0,0,0,0.0,0.0,0.02640002639964223,0
5790,7,0,1.0610677569202553,0.021221355138405108,0.15158110813146508,0,0,0,0,0,0.0,0.0,0.020900042727589607,0
5791,7,0,1.0610677569202553,0.021221355138405108,0.15158110813146508,0,0,0,0,0,0.0,0.0,0.0198000343516469,0
5792,7,0,1.0610677569202553,0.021221355138405108,0.15158110813146508,0,0,0,0,0,0.0,0.0,0.019700033590197563,0
5793,7,1,1.0606693416445183,0.021213386832890365,0.15152419166350262,0,0,0,0,9,0.0003984152757254833,0.0,0.08369999704882503,6
5794,7,1,1.0602838948198379,0.021205677896396758,0.15146912783140545,0,0,0,0,9,0.0003854468246657916,0.0,0.08909997995942831,6
5795,7,0,1.0602838948198379,0.021205677896396758,0.15146912783140545,0,0,0,0,0,0.0,0.0,0.017400016076862812,0
5796,7,0,1.0602838948198379,0.021205677896396758,0.15146912783140545,0,0,0,0,0,0.0,0.0,0.01650000922381878,0
5797,7,0,1.0602838948198379,0.021205677896396758,0.15146912783140545,0,0,0,0,0,0.0,0.0,0.016200006939470768,0
5798,7,0,1.0602838948198379,0.021205677896396758,0.15146912783140545,0,0,0,0,0,0.0,0.0,0.01580000389367342,0
5799,7,0,1.0602838948198379,0.021205677896396758,0.15146912783140545,0,0,0,0,0,0.0,0.0,0.015400000847876072,0
5800,7,0,1.0602838948198379,0.021205677896396758,0.15146912783140545,0,0,0,0,0,0.0,0.0,0.02940004924312234,0
5801,7,0,1.0602838948198379,0.021205677896396758,0.15146912783140545,0,0,0,0,0,0.0,0.0,0.024499953724443913,0
5802,7,0,1.0602838948198379,0.021205677896396758,0.15146912783140545,0,0,0,0,0,0.0,0.0,0.02400000812485814,0
5803,7,0,1.0595408767297403,0.021190817534594807,0.1513629823899629,1,1,1,1,0,0.0007430180901053518,17.0,0.030399998649954796,0
5804,7,1,1.057798188990063,0.021155963779801258,0.1511140269985804,2,1,1,1,9,0.0017426877396644613,154.0,0.09210000280290842,6
5805,7,1,1.0563606333075841,0.021127212666151682,0.15090866190108346,2,1,1,1,9,0.001437555682471725,154.0,0.08550001075491309,6
5806,7,0,1.0556176152174863,0.021112352304349727,0.1508025164596409,1,1,1,1,0,0.000743018090091141,17.0,0.026899971999228,0
5807,7,0,1.0548745971273885,0.021097491942547772,0.15069637101819836,1,1,1,1,0,0.0007430180901053518,17.0,0.03289995947852731,0
5808,7,0,1.0548745971273885,0.021097491942547772,0.15069637101819836,0,0,0,0,0,0.0,0.0,0.025300018023699522,0
5809,7,1,1.0544761818516515,0.02108952363703303,0.15063945455023592,0,0,0,0,9,0.0003984152757254833,0.0,0.09200000204145908,6
5810,7,2,1.0525579024405558,0.021051158048811115,0.15036541463436512,2,1,1,1,9,0.0019182794111003432,134.0,0.07790001109242439,10
5811,7,1,1.052171623124121,0.021043432462482418,0.1503102318748744,0,0,0,0,9,0.0003862793164159939,0.0,0.09029998909682035,6
5812,7,0,1.052171623124121,0.021043432462482418,0.1503102318748744,0,0,0,0,0,0.0,0.0,0.022199994418770075,0
5813,7,0,1.052171623124121,0.021043432462482418,0.1503102318748744,0,0,0,0,0,0.0,0.0,0.0192999723367393,0
5814,7,0,1.0514286050340231,0.021028572100680463,0.1502040864334319,1,1,1,1,0,0.0007430180901053518,17.0,0.022599997464567423,0
5815,7,0,1.0514286050340231,0.021028572100680463,0.1502040864334319,0,0,0,0,0,0.0,0.0,0.021400046534836292,0
5816,7,0,1.0506855869439256,0.02101371173887851,0.15009794099198934,1,1,1,1,0,0.000743018090091141,17.0,0.018899969290941954,0
5817,7,0,1.0506855869439256,0.02101371173887851,0.15009794099198934,0,0,0,0,0,0.0,0.0,0.02559996210038662,0
5818,7,1,1.0488868664247786,0.02097773732849557,0.14984098091782552,2,1,2,2,9,0.0017987205191332123,154.0,0.08359999628737569,6
5819,7,0,1.0488868664247786,0.02097773732849557,0.14984098091782552,0,0,0,0,0,0.0,0.0,0.019900035113096237,0
5820,7,0,1.0488868664247786,0.02097773732849557,0.14984098091782552,0,0,0,0,0,0.0,0.0,0.02719997428357601,0
5821,7,0,1.0488868664247786,0.02097773732849557,0.14984098091782552,0,0,0,0,0,0.0,0.0,0.02459995448589325,0
5822,7,0,1.0488868664247786,0.02097773732849557,0.14984098091782552,0,0,0,0,0,0.0,0.0,0.032699957955628633,0
5823,7,0,1.0488868664247786,0.02097773732849557,0.14984098091782552,0,0,0,0,0,0.0,0.0,0.025799963623285294,0
5824,7,0,1.0483231296118267,0.020966462592236536,0.1497604470874038,1,1,1,1,0,0.0005637368129640663,17.0,0.03060000017285347,0
5825,7,0,1.0477593927988749,0.020955187855977497,0.1496799132569821,1,1,1,1,0,0.0005637368129498554,17.0,0.02719997428357601,0
5826,7,1,1.0460710218621445,0.02092142043724289,0.1494387174088778,2,1,1,1,9,0.0016883709367192523,154.0,0.09049999061971903,6
5827,7,1,1.0442661600986323,0.020885323201972644,0.14918088001409033,2,1,1,1,9,0.0018048617635031405,154.0,0.09669997962191701,6
5828,7,0,1.0442661600986323,0.020885323201972644,0.14918088001409033,0,0,0,0,0,0.0,0.0,0.02600002335384488,0
5829,7,0,1.0437024232856802,0.020874048465713602,0.14910034618366863,1,1,1,1,0,0.0005637368129498554,17.0,0.023600005079060793,0
5830,7,0,1.0437024232856802,0.020874048465713602,0.14910034618366863,0,0,0,0,0,0.0,0.0,0.024800014216452837,0
5831,7,1,1.0419954844775363,0.020839909689550726,0.14885649778250518,2,1,1,1,9,0.0017069388081409897,154.0,0.08480000542476773,6
5832,7,0,1.0404674664012004,0.02080934932802401,0.1486382094858858,2,2,2,2,0,0.0015280180763426188,17.0,0.03520003519952297,0
5833,7,1,1.0400820195765201,0.0208016403915304,0.14858314565378863,0,0,0,0,9,0.0003854468246657916,0.0,0.11549994815140963,6
5834,7,0,1.0400820195765201,0.0208016403915304,0.14858314565378863,0,0,0,0,0,0.0,0.0,0.025600020308047533,0
5835,7,0,1.0391177383131363,0.020782354766262726,0.14844539118759092,1,1,1,1,0,0.0009642812633927633,17.0,0.021099986042827368,0
5836,7,0,1.0381534570497524,0.020763069140995048,0.14830763672139322,1,1,1,1,0,0.0009642812633785525,17.0,0.028500042390078306,0
5837,7,0,1.0381534570497524,0.020763069140995048,0.14830763672139322,0,0,0,0,0,0.0,0.0,0.02300000051036477,0
5838,7,1,1.0377671777333175,0.02075534355466635,0.1482524539619025,0,0,0,0,9,0.00038627931643020474,0.0,0.08889997843652964,6
5839,7,2,1.036373076486784,0.02072746152973568,0.14805329664096914,2,1,1,1,11,0.0013941012465181757,94.0,0.07760000880807638,10
5840,7,0,1.036373076486784,0.02072746152973568,0.14805329664096914,0,0,0,0,0,0.0,0.0,0.029099988751113415,0
5841,7,0,1.0354087952234001,0.020708175904468003,0.14791554217477146,1,1,1,1,0,0.0009642812633927633,17.0,0.025800021830946207,0
5842,7,0,1.0344445139600162,0.020688890279200324,0.14777778770857372,1,1,1,1,0,0.0009642812633785525,17.0,0.030399998649954796,0
5843,7,0,1.0344445139600162,0.020688890279200324,0.14777778770857372,0,0,0,0,0,0.0,0.0,0.026500027161091566,0
5844,7,0,1.0334802326966321,0.020669604653932642,0.147640033242376,1,1,1,1,0,0.0009642812633927633,17.0,0.026200024876743555,0
5845,7,0,1.0334802326966321,0.020669604653932642,0.147640033242376,0,0,0,0,0,0.0,0.0,0.026300025638192892,0
5846,7,0,1.0334802326966321,0.020669604653932642,0.147640033242376,0,0,0,0,0,0.0,0.0,0.02500001573935151,0
5847,7,1,1.0321332970373243,0.020642665940746485,0.1474476138624749,1,1,1,1,9,0.0013469356592992199,154.0,0.1286999904550612,6
5848,7,1,1.031724041419206,0.02063448082838412,0.14738914877417228,0,0,0,0,9,0.0004092556181092277,0.0,0.09409995982423425,6
5849,7,1,1.031337762102771,0.02062675524205542,0.14733396601468157,0,0,0,0,9,0.0003862793164159939,0.0,0.08600001456215978,6
5850,7,0,1.030373480839387,0.02060746961678774,0.14719621154848386,1,1,1,1,0,0.0009642812633927633,17.0,0.026300025638192892,0
5851,7,0,1.030373480839387,0.02060746961678774,0.14719621154848386,0,0,0,0,0,0.0,0.0,0.02759997732937336,0
5852,7,1,1.0299653771153006,0.02059930754230601,0.14713791101647147,0,0,0,0,9,0.00040810372406951956,0.0,0.08430000161752105,6
5853,7,1,1.0295669618395635,0.02059133923679127,0.14708099454850906,0,0,0,0,9,0.0003984152757254833,0.0,0.08329999400302768,6
5854,7,2,1.0292008908057997,0.020584017816115994,0.1470286986865428,0,0,0,0,11,0.0003660710337527462,0.0,0.08260004688054323,10
5855,7,0,1.0286371539928476,0.020572743079856952,0.14694816485612108,1,1,1,1,0,0.0005637368129640663,17.0,0.021899992134422064,0
5856,7,0,1.0280734171798958,0.020561468343597913,0.14686763102569939,1,1,1,1,0,0.0005637368129498554,17.0,0.018900027498602867,0
5857,7,0,1.0272970866008997,0.020545941732017993,0.14675672665727138,1,1,1,1,0,0.000776330579000728,17.0,0.04029995761811733,0
5858,7,0,1.0265207560219034,0.02053041512043807,0.14664582228884335,1,1,1,1,0,0.0007763305789865171,17.0,0.018000020645558834,0
5859,7,0,1.0265207560219034,0.02053041512043807,0.14664582228884335,0,0,0,0,0,0.0,0.0,0.017499958630651236,0
5860,7,2,1.0251864201883856,0.020503728403767713,0.14645520288405509,1,1,1,1,11,0.0013343358335191624,94.0,0.08089997572824359,10
5861,7,0,1.0234458083460054,0.020468916166920106,0.14620654404942934,2,2,2,2,0,0.0017406118423792805,17.0,0.03300001844763756,0
5862,7,1,1.0215789399442974,0.02043157879888595,0.14593984856347106,3,1,2,2,9,0.0018668684017058013,154.0,0.09099999442696571,6
5863,7,0,1.0206146586809135,0.02041229317361827,0.14580209409727335,1,1,1,1,0,0.0009642812633785525,17.0,0.025699962861835957,0
5864,7,1,1.0182399709047916,0.02036479941809583,0.14546285298639883,3,1,3,3,9,0.0023746877761254837,154.0,0.11650001397356391,6
5865,7,0,1.017496952814694,0.02034993905629388,0.14535670754495628,1,1,1,1,0,0.000743018090091141,17.0,0.0247000134550035,0
5866,7,0,1.01653267155131,0.0203306534310262,0.1452189530787586,1,1,1,1,0,0.0009642812633927633,17.0,0.022199994418770075,0
5867,7,2,1.0149664732849932,0.020299329465699865,0.14499521046928474,2,1,1,1,11,0.0015661982663033314,94.0,0.07740000728517771,10
5868,7,0,1.0127663018998483,0.020255326037996967,0.1446809002714069,3,3,3,3,0,0.0022001713851409477,17.0,0.026999972760677338,0
5869,7,0,1.012273429868185,0.0202454685973637,0.14461048998116927,1,1,1,1,0,0.0004928720316712543,17.0,0.023200002033263445,0
5870,7,0,1.0100732584830399,0.020201465169660798,0.1442961797832914,3,3,3,3,0,0.0022001713851409477,17.0,0.02500001573935151,0
5871,7,0,1.0078730870978947,0.020157461741957892,0.14398186958541356,3,3,3,3,0,0.0022001713851551585,17.0,0.030199997127056122,0
5872,7,0,1.0066371969761336,0.020132743939522673,0.1438053138537334,2,2,2,2,0,0.0012358901217623952,17.0,0.025099958293139935,0
5873,7,0,1.0044370255909887,0.020088740511819775,0.14349100365585551,3,3,3,3,0,0.0022001713851409477,17.0,0.02300000051036477,0
5874,7,0,1.0029798722959413,0.020059597445918828,0.14328283889942023,2,2,2,2,0,0.0014571532950498067,17.0,0.024100008886307478,0
5875,7,0,1.0022368542058435,0.02004473708411687,0.14317669345797768,1,1,1,1,0,0.0007430180901053518,17.0,0.028399983420968056,0
5876,7,0,1.0012725729424596,0.020025451458849194,0.14303893899177994,1,1,1,1,0,0.0009642812633785525,17.0,0.027999980375170708,0
5877,7,1,0.9996622152225749,0.0199932443044515,0.1428088878889393,2,1,1,1,9,0.0016103577198833818,154.0,0.09050004882737994,6
5878,7,0,0.9996622152225749,0.0199932443044515,0.1428088878889393,0,0,0,0,0,0.0,0.0,0.020400038920342922,0
5879,7,0,0.9996622152225749,0.0199932443044515,0.1428088878889393,0,0,0,0,0,0.0,0.0,0.016899954061955214,0
5880,7,0,0.9989191971324772,0.019978383942649544,0.14270274244749676,1,1,1,1,0,0.0007430180901053518,17.0,0.027699978090822697,0
5881,7,0,0.9981761790423795,0.01996352358084759,0.14259659700605423,1,1,1,1,0,0.000743018090091141,17.0,0.027099973522126675,0
5882,7,2,0.9962135206851284,0.019924270413702566,0.14231621724073265,2,1,1,1,9,0.0019626583572289746,134.0,0.09180000051856041,10
5883,7,0,0.9945062213316467,0.019890124426632932,0.1420723173330924,2,2,2,2,0,0.0017072993534839043,17.0,0.026899971999228,0
5884,7,0,0.992798921978165,0.0198559784395633,0.14182841742545216,2,2,2,2,0,0.0017072993534839043,17.0,0.029399991035461426,0
5885,7,0,0.9903152920456872,0.019806305840913745,0.14147361314938392,3,3,3,3,0,0.0024836299324846323,17.0,0.02600002335384488,0
5886,7,1,0.9884051163293814,0.019768102326587628,0.14120073090419735,2,1,1,1,9,0.001910175716304252,154.0,0.0874000252224505,6
5887,7,0,0.9874408350659976,0.019748816701319952,0.14106297643799964,1,1,1,1,0,0.0009642812633927633,17.0,0.026100024115294218,0
5888,7,1,0.9870553882413173,0.019741107764826345,0.14100791260590248,0,0,0,0,9,0.0003854468246657916,0.0,0.08579995483160019,6
5889,7,0,0.9843547536009842,0.019687095072019684,0.14062210765728347,3,3,3,3,0,0.0027006346403339876,17.0,0.028100039344280958,0
5890,7,0,0.982618400224035,0.0196523680044807,0.14037405717486215,2,2,2,2,0,0.0017363533769412243,17.0,0.023699947632849216,0
5891,7,1,0.9803980767299507,0.019607961534599015,0.14005686810427867,3,1,2,2,9,0.002220323494086074,154.0,0.08699996396899223,6
5892,7,0,0.9794337954665667,0.019588675909331336,0.13991911363808096,1,1,1,1,0,0.0009642812633785525,17.0,0.026899971999228,0
5893,7,1,0.9790353801908296,0.019580707603816593,0.13986219717011852,0,0,0,0,9,0.00039841527573969415,0.0,0.08430000161752105,6
5894,7,0,0.9780420449039782,0.019560840898079565,0.13972029212913975,1,1,1,1,0,0.0009933352868500833,17.0,0.022199994418770075,0
5895,7,0,0.9770487096171268,0.019540974192342533,0.13957838708816095,1,1,1,1,0,0.0009933352868500833,17.0,0.020600040443241596,0
5896,7,0,0.9760553743302752,0.019521107486605505,0.13943648204718218,1,1,1,1,0,0.0009933352868500833,17.0,0.019599974621087313,0
5897,7,0,0.9750620390434237,0.019501240780868474,0.1392945770062034,1,1,1,1,0,0.0009933352868500833,17.0,0.020000035874545574,0
5898,7,1,0.9746613583823756,0.019493227167647512,0.13923733691176793,0,0,0,0,9,0.00040068066103060573,0.0,0.08490000618621707,6
5899,7,0,0.9738850278033794,0.01947770055606759,0.13912643254333992,1,1,1,1,0,0.000776330579000728,17.0,0.01829996472224593,0
5900,7,0,0.9731086972243833,0.019462173944487668,0.13901552817491192,1,1,1,1,0,0.000776330579000728,17.0,0.027900037821382284,0
5901,7,0,0.9731086972243833,0.019462173944487668,0.13901552817491192,0,0,0,0,0,0.0,0.0,0.030800001695752144,0
5902,7,0,0.9723323666453871,0.019446647332907744,0.13890462380648388,1,1,1,1,0,0.0007763305789865171,17.0,0.02719997428357601,0
5903,7,1,0.970342786267901,0.01940685572535802,0.13862039803827161,2,1,2,2,9,0.00198958037748298,154.0,0.10159995872527361,6
5904,7,0,0.9693494509810496,0.019386989019620993,0.13847849299729284,1,1,1,1,0,0.0009933352868500833,17.0,0.043700041715055704,0
5905,7,0,0.9677521820654316,0.01935504364130863,0.13825031172363308,2,2,2,2,0,0.0015972689156171782,17.0,0.03470003139227629,0
5906,7,1,0.9654527258919208,0.019309054517838417,0.1379218179845601,3,1,2,2,9,0.002299456173503245,154.0,0.09320001117885113,6
5907,7,0,0.9646763953129246,0.019293527906258493,0.1378109136161321,1,1,1,1,0,0.000776330579000728,17.0,0.02700003096833825,0
5908,7,0,0.9646763953129246,0.019293527906258493,0.1378109136161321,0,0,0,0,0,0.0,0.0,0.024500011932104826,0
5909,7,0,0.9646763953129246,0.019293527906258493,0.1378109136161321,0,0,0,0,0,0.0,0.0,0.030700000934302807,0
5910,7,0,0.9636830600260731,0.01927366120052146,0.13766900857515332,1,1,1,1,0,0.0009933352868500833,17.0,0.02300000051036477,0
5911,7,3,0.963308558928254,0.019266171178565078,0.13761550841832199,0,0,0,0,13,0.00037450109780934326,0.0,0.07129996083676815,12
5912,7,0,0.9623152236414025,0.01924630447282805,0.1374736033773432,1,1,1,1,0,0.0009933352868500833,17.0,0.054699950851500034,0
5913,7,0,0.9617112900126359,0.01923422580025272,0.13738732714466226,1,1,1,1,0,0.0006039336287670949,17.0,0.026900030206888914,0
5914,7,1,0.9613128747368987,0.019226257494737976,0.13733041067669985,0,0,0,0,9,0.0003984152757254833,0.0,0.10070001007989049,6
5915,7,0,0.9599326105291359,0.019198652210582718,0.13713323007559083,2,2,2,2,0,0.0013802642077678229,17.0,0.025900022592395544,0
5916,7,1,0.9585236682316323,0.019170473364632644,0.13693195260451893,2,1,1,1,9,0.0014089422974876697,154.0,0.08880003588274121,6
5917,7,0,0.9585236682316323,0.019170473364632644,0.13693195260451893,0,0,0,0,0,0.0,0.0,0.023300002794712782,0
5918,7,0,0.956150068737018,0.01912300137474036,0.13659286696243114,3,3,3,3,0,0.002373599494617906,17.0,0.020199979189783335,0
5919,7,0,0.9555461351082514,0.019110922702165026,0.13650659072975022,1,1,1,1,0,0.0006039336287670949,17.0,0.021099986042827368,0
5920,7,0,0.9545527998214,0.019091055996428,0.13636468568877144,1,1,1,1,0,0.0009933352868500833,17.0,0.0342000275850296,0
5921,7,0,0.9539488661926333,0.019078977323852667,0.13627840945609052,1,1,1,1,0,0.0006039336287670949,17.0,0.027699978090822697,0
5922,7,0,0.9539488661926333,0.019078977323852667,0.13627840945609052,0,0,0,0,0,0.0,0.0,0.028699985705316067,0
5923,7,0,0.9533851293796813,0.019067702587593625,0.1361978756256688,1,1,1,1,0,0.0005637368129498554,17.0,0.030700000934302807,0
5924,7,0,0.9527811957509148,0.019055623915018294,0.13611159939298784,1,1,1,1,0,0.0006039336287670949,17.0,0.06070005474612117,0
5925,7,0,0.9521772621221481,0.019043545242442964,0.13602532316030688,1,1,1,1,0,0.0006039336287670949,17.0,0.033999967854470015,0
5926,7,1,0.9511640728752631,0.019023281457505262,0.1358805818393233,1,1,1,1,9,0.0010131892468763226,154.0,0.1107999705709517,6
5927,7,0,0.9497838086675002,0.018995676173350004,0.13568340123821432,2,2,2,2,0,0.0013802642077678229,17.0,0.03549997927621007,0
5928,7,1,0.9476996846801514,0.018953993693603028,0.13538566924002163,3,1,2,2,9,0.0020841239873305994,154.0,0.10760000441223383,6
5929,7,0,0.9476996846801514,0.018953993693603028,0.13538566924002163,0,0,0,0,0,0.0,0.0,0.031800009310245514,0
5930,7,1,0.9449758620710468,0.018899517241420936,0.13499655172443525,4,1,3,3,9,0.0027238226090986473,154.0,0.1037000329233706,6
5931,7,1,0.9424114346071969,0.018848228692143938,0.13463020494388528,3,1,2,2,9,0.002564427463838115,154.0,0.10499998461455107,6
5932,7,0,0.9402881523093364,0.018805763046186728,0.13432687890133377,3,3,3,3,0,0.002123282297858964,17.0,0.031000003218650818,0
5933,7,0,0.9387688036402424,0.01877537607280485,0.13410982909146324,2,2,2,2,0,0.001519348669091869,17.0,0.02870004391297698,0
5934,7,0,0.9374218519213782,0.018748437038427563,0.13391740741733976,2,2,2,2,0,0.0013469517188724467,17.0,0.02829998265951872,0
5935,7,1,0.9356771575537117,0.018713543151074236,0.13366816536481596,3,1,2,2,9,0.0017446943676588944,154.0,0.10790000669658184,6
5936,7,1,0.9337330534214043,0.018674661068428088,0.13339043620305774,2,1,1,1,9,0.001944104132306279,154.0,0.10030000703409314,6
5937,7,0,0.9331291197926377,0.018662582395852754,0.1333041599703768,1,1,1,1,0,0.0006039336287670949,17.0,0.026200024876743555,0
5938,7,1,0.9313577022950315,0.01862715404590063,0.13305110032786163,2,1,1,1,9,0.0017714174975935748,154.0,0.09789998875930905,6
5939,7,0,0.9313577022950315,0.01862715404590063,0.13305110032786163,0,0,0,0,0,0.0,0.0,0.022099993657320738,0
5940,7,0,0.9313577022950315,0.01862715404590063,0.13305110032786163,0,0,0,0,0,0.0,0.0,0.03290001768618822,0
5941,7,2,0.9309437311286136,0.018618874622572272,0.13299196158980195,0,0,0,0,11,0.00041397116640951026,0.0,0.11849997099488974,10
5942,7,0,0.9309437311286136,0.018618874622572272,0.13299196158980195,0,0,0,0,0,0.0,0.0,0.03149994881823659,0
5943,7,0,0.9303397974998471,0.01860679594999694,0.132905685357121,1,1,1,1,0,0.0006039336287670949,17.0,0.02819998189806938,0
5944,7,0,0.9297358638710804,0.01859471727742161,0.13281940912444004,1,1,1,1,0,0.0006039336287670949,17.0,0.031100003980100155,0
5945,7,1,0.929326608252962,0.01858653216505924,0.13276094403613742,0,0,0,0,9,0.0004092556181092277,0.0,0.10549998842179775,6
5946,7,0,0.9287226746241953,0.018574453492483906,0.1326746678034565,1,1,1,1,0,0.0006039336287670949,17.0,0.030700000934302807,0
5947,7,0,0.9281187409954288,0.018562374819908575,0.13258839157077554,1,1,1,1,0,0.0006039336287670949,17.0,0.02800003858283162,0
5948,7,0,0.9271254057085773,0.018542508114171546,0.13244648652979676,1,1,1,1,0,0.0009933352868500833,17.0,0.026600027922540903,0
5949,7,0,0.9261320704217257,0.018522641408434515,0.132304581488818,1,1,1,1,0,0.0009933352868500833,17.0,0.027999980375170708,0
5950,7,0,0.9251387351348743,0.018502774702697487,0.1321626764478392,1,1,1,1,0,0.0009933352868500833,17.0,0.029699993319809437,0
5951,7,0,0.9241453998480229,0.01848290799696046,0.13202077140686042,1,1,1,1,0,0.0009933352868500833,17.0,0.026800029445439577,0
5952,7,0,0.9241453998480229,0.01848290799696046,0.13202077140686042,0,0,0,0,0,0.0,0.0,0.028500042390078306,0
5953,7,0,0.9231520645611714,0.018463041291223427,0.13187886636588161,1,1,1,1,0,0.0009933352868500833,17.0,0.02540001878514886,0
5954,7,2,0.9227575885771356,0.01845515177154271,0.1318225126538765,0,0,0,0,9,0.0003944759840237566,0.0,0.11679995805025101,10
5955,7,0,0.922153654948369,0.01844307309896738,0.13173623642119556,1,1,1,1,0,0.0006039336287670949,17.0,0.028399983420968056,0
5956,7,0,0.9211603196615176,0.018423206393230352,0.13159433138021678,1,1,1,1,0,0.0009933352868500833,17.0,0.025600020308047533,0
5957,7,0,0.9205563860327509,0.018411127720655018,0.13150805514753586,1,1,1,1,0,0.0006039336287670949,17.0,0.027799978852272034,0
5958,7,1,0.9192418538990885,0.01838483707798177,0.1313202648427269,2,1,1,1,9,0.0013145321336622828,154.0,0.09330001194030046,6
5959,7,1,0.9175233080615786,0.018350466161231573,0.13107475829451123,2,1,1,1,9,0.0017185458374910922,154.0,0.10160001693293452,6
5960,7,0,0.9159260391459605,0.01831852078291921,0.1308465770208515,2,2,2,2,0,0.0015972689156171782,17.0,0.03090000245720148,0
5961,7,0,0.91435782425381,0.0182871564850762,0.13062254632197284,2,2,2,2,0,0.0015682148921456474,17.0,0.032100011594593525,0
5962,7,0,0.91435782425381,0.0182871564850762,0.13062254632197284,0,0,0,0,0,0.0,0.0,0.03220001235604286,0
5963,7,0,0.9133644889669585,0.018267289779339172,0.13048064128099407,1,1,1,1,0,0.0009933352868500833,17.0,0.029399991035461426,0
5964,7,0,0.9133644889669585,0.018267289779339172,0.13048064128099407,0,0,0,0,0,0.0,0.0,0.03060000017285347,0
5965,7,0,0.9124002077035744,0.01824800415407149,0.1303428868147964,1,1,1,1,0,0.0009642812633927633,17.0,0.027999980375170708,0
5966,7,1,0.9107898499836898,0.018215796999673798,0.1301128357119557,2,1,1,1,9,0.0016103577198833818,154.0,0.103199970908463,6
5967,7,0,0.909825568720306,0.01819651137440612,0.12997508124575802,1,1,1,1,0,0.0009642812633785525,17.0,0.031400006264448166,0
5968,7,1,0.9094174649962194,0.01818834929992439,0.12991678071374563,0,0,0,0,9,0.0004081037240837304,0.0,0.10569998994469643,6
5969,7,1,0.9079473014377926,0.01815894602875585,0.1297067573482561,2,1,1,1,9,0.001470163558408899,154.0,0.09399995906278491,6
5970,7,0,0.9069830201744086,0.018139660403488172,0.1295690028820584,1,1,1,1,0,0.0009642812633927633,17.0,0.0295999925583601,0
5971,7,0,0.9060187389110246,0.018120374778220493,0.12943124841586068,1,1,1,1,0,0.0009642812633785525,17.0,0.03130000550299883,0
5972,7,0,0.9050544576476407,0.018101089152952814,0.12929349394966297,1,1,1,1,0,0.0009642812633927633,17.0,0.048600020818412304,0
5973,7,2,0.9046844030775067,0.018093688061550137,0.1292406290110724,0,0,0,0,11,0.00037005457011218823,0.0,0.09139999747276306,10
5974,7,1,0.9028845623877488,0.018057691247754977,0.12898350891253557,2,1,1,1,9,0.001799840689756138,154.0,0.0942000187933445,6
5975,7,0,0.901920281124365,0.018038405622487298,0.12884575444633786,1,1,1,1,0,0.0009642812633785525,17.0,0.022099993657320738,0
5976,7,0,0.901920281124365,0.018038405622487298,0.12884575444633786,0,0,0,0,0,0.0,0.0,0.023900007363408804,0
5977,7,0,0.901920281124365,0.018038405622487298,0.12884575444633786,0,0,0,0,0,0.0,0.0,0.020099978428333998,0
5978,7,0,0.901920281124365,0.018038405622487298,0.12884575444633786,0,0,0,0,0,0.0,0.0,0.02870004391297698,0
5979,7,1,0.9003343581929099,0.018006687163858198,0.12861919402755856,2,1,1,1,9,0.00158592293145432,154.0,0.09620003402233124,6
5980,7,1,0.898627419384766,0.017972548387695318,0.12837534562639513,2,1,1,1,9,0.0017069388081409897,154.0,0.09440002031624317,6
5981,7,1,0.8982447649888421,0.01796489529977684,0.12832068071269173,0,0,0,0,9,0.00038265439590645656,0.0,0.12420001439750195,6
5982,7,0,0.8972804837254581,0.01794560967450916,0.12818292624649402,1,1,1,1,0,0.0009642812633927633,17.0,0.030399998649954796,0
5983,7,0,0.8963162024620741,0.017926324049241483,0.1280451717802963,1,1,1,1,0,0.0009642812633785525,17.0,0.025800021830946207,0
5984,7,0,0.8953519211986902,0.017907038423973804,0.1279074173140986,1,1,1,1,0,0.0009642812633927633,17.0,0.02080004196614027,0
5985,7,0,0.8943876399353062,0.017887752798706125,0.1277696628479009,1,1,1,1,0,0.0009642812633785525,17.0,0.0192999723367393,0
5986,7,0,0.8943876399353062,0.017887752798706125,0.1277696628479009,0,0,0,0,0,0.0,0.0,0.020900042727589607,0
5987,7,0,0.8943876399353062,0.017887752798706125,0.1277696628479009,0,0,0,0,0,0.0,0.0,0.023600005079060793,0
5988,7,1,0.8940021931106261,0.017880043862212522,0.12771459901580373,0,0,0,0,9,0.00038544682468000246,0.0,0.08630001684650779,6
5989,7,0,0.8935093210789627,0.017870186421579254,0.12764418872556613,1,1,1,1,0,0.0004928720316570434,17.0,0.04569999873638153,0
5990,7,1,0.8926180337715623,0.017852360675431247,0.12751686196736606,1,1,1,1,9,0.0008912873073967376,154.0,0.07509998977184296,6
5991,7,0,0.8926180337715623,0.017852360675431247,0.12751686196736606,0,0,0,0,0,0.0,0.0,0.020300038158893585,0
5992,7,0,0.8926180337715623,0.017852360675431247,0.12751686196736606,0,0,0,0,0,0.0,0.0,0.018899969290941954,0
5993,7,0,0.8926180337715623,0.017852360675431247,0.12751686196736606,0,0,0,0,0,0.0,0.0,0.017400016076862812,0
5994,7,1,0.8922087781534438,0.017844175563068877,0.1274583968790634,0,0,0,0,9,0.0004092556181092277,0.0,0.09540002793073654,6
5995,7,0,0.8917159061217805,0.017834318122435612,0.1273879865888258,1,1,1,1,0,0.0004928720316570434,17.0,0.02400000812485814,0
5996,7,0,0.8904800160000194,0.017809600320000386,0.12721143085714562,2,2,2,2,0,0.0012358901217623952,17.0,0.022299995180219412,0
5997,7,1,0.8900937366835845,0.017801874733671688,0.12715624809765494,0,0,0,0,9,0.00038627931643020474,0.0,0.08650001836940646,6
5998,7,0,0.8896008646519212,0.017792017293038424,0.1270858378074173,1,1,1,1,0,0.0004928720316570434,17.0,0.02069998299703002,0
5999,7,1,0.8879937926731873,0.017759875853463745,0.12685625609616963,2,1,1,1,9,0.0016070719787393273,154.0,0.08159998105838895,6
6000,7,1,0.8875931120121391,0.01775186224024278,0.12679901600173418,0,0,0,0,9,0.00040068066103060573,0.0,0.09109999518841505,6
6001,7,0,0.8875931120121391,0.01775186224024278,0.12679901600173418,0,0,0,0,0,0.0,0.0,0.05319999763742089,0
6002,7,0,0.8871002399804757,0.017742004799609513,0.12672860571149652,1,1,1,1,0,0.0004928720316712543,17.0,0.027800037059932947,0
6003,7,0,0.8866073679488123,0.017732147358976248,0.12665819542125892,1,1,1,1,0,0.0004928720316570434,17.0,0.026699970476329327,0
6004,7,0,0.8866073679488123,0.017732147358976248,0.12665819542125892,0,0,0,0,0,0.0,0.0,0.028499984182417393,0
6005,7,0,0.8866073679488123,0.017732147358976248,0.12665819542125892,0,0,0,0,0,0.0,0.0,0.027699978090822697,0
6006,7,0,0.8866073679488123,0.017732147358976248,0.12665819542125892,0,0,0,0,0,0.0,0.0,0.02659996971487999,0
6007,7,0,0.8866073679488123,0.017732147358976248,0.12665819542125892,0,0,0,0,0,0.0,0.0,0.030499999411404133,0
6008,7,2,0.8862360887791171,0.01772472177558234,0.12660515553987386,0,0,0,0,11,0.00037127916968415775,0.0,0.08760002674534917,10
6009,7,0,0.8854930706890194,0.01770986141378039,0.12649901009843134,1,1,1,1,0,0.0007430180901053518,17.0,0.026899971999228,0
6010,7,1,0.8833227819979516,0.01766645563995903,0.12618896885685021,3,1,2,2,9,0.002170288691061728,154.0,0.09009998757392168,6
6011,7,2,0.8810467366342298,0.0176209347326846,0.12586381951917572,3,2,2,2,11,0.0022760453637005185,84.0,0.08240004535764456,10
6012,7,0,0.8795895833391825,0.017591791666783648,0.12565565476274038,2,2,2,2,0,0.0014571532950498067,17.0,0.024500011932104826,0
6013,7,0,0.8783536932174214,0.01756707386434843,0.12547909903106022,2,2,2,2,0,0.0012358901217623952,17.0,0.04770001396536827,0
6014,7,0,0.877860821185758,0.01755721642371516,0.1254086887408226,1,1,1,1,0,0.0004928720316712543,17.0,0.02389994915574789,0
6015,7,1,0.8759350092754237,0.017518700185508475,0.12513357275363196,2,1,2,2,9,0.0019258119103255922,154.0,0.08659996092319489,6
6016,7,0,0.8744778559803763,0.017489557119607525,0.12492540799719662,2,2,2,2,0,0.0014571532950498067,17.0,0.020900042727589607,0
6017,7,0,0.8735135747169924,0.01747027149433985,0.12478765353099892,1,1,1,1,0,0.0009642812633785525,17.0,0.02069998299703002,0
6018,7,0,0.8720564214219451,0.017441128428438903,0.12457948877456358,2,2,2,2,0,0.0014571532950498067,17.0,0.019300030544400215,0
6019,7,0,0.870820531300184,0.01741641062600368,0.12440293304288343,2,2,2,2,0,0.0012358901217623952,17.0,0.019199971575289965,0
6020,7,1,0.8687357428909405,0.01737471485781881,0.12410510612727721,3,1,2,2,9,0.0020847884092347613,154.0,0.09400001727044582,6
6021,7,0,0.8679927248008428,0.017359854496016857,0.12399896068583469,1,1,1,1,0,0.0007430180901053518,17.0,0.029699993319809437,0
6022,7,1,0.8664188638156929,0.017328377276313856,0.12377412340224182,2,1,2,2,9,0.0015738609851325691,154.0,0.09129999671131372,6
6023,7,0,0.8659259917840295,0.01731851983568059,0.12370371311200419,1,1,1,1,0,0.0004928720316712543,17.0,0.02819998189806938,0
6024,7,0,0.8654331197523661,0.017308662395047324,0.12363330282176657,1,1,1,1,0,0.0004928720316570434,17.0,0.041499966755509377,0
6025,7,0,0.8633720328285521,0.017267440656571043,0.1233388618326503,3,3,3,3,0,0.0020610869238169016,17.0,0.03189995186403394,0
6026,7,0,0.8619148795335049,0.017238297590670096,0.12313069707621496,2,2,2,2,0,0.0014571532950498067,17.0,0.025600020308047533,0
6027,7,0,0.8604577262384576,0.017209154524769153,0.12292253231977965,2,2,2,2,0,0.0014571532950498067,17.0,0.02519995905458927,0
6028,7,0,0.8604577262384576,0.017209154524769153,0.12292253231977965,0,0,0,0,0,0.0,0.0,0.03789999755099416,0
6029,7,0,0.8594934449750736,0.017189868899501474,0.12278477785358193,1,1,1,1,0,0.0009642812633927633,17.0,0.03400002606213093,0
6030,7,0,0.8580362916800264,0.017160725833600527,0.12257661309714661,2,2,2,2,0,0.0014571532950498067,17.0,0.027499976567924023,0
6031,7,0,0.856579138384979,0.01713158276769958,0.12236844834071128,2,2,2,2,0,0.0014571532950498067,17.0,0.02370000584051013,0
6032,7,1,0.8545455358388323,0.017090910716776646,0.12207793369126176,3,1,2,2,9,0.002033602546148927,154.0,0.07930002175271511,6
6033,7,1,0.8530753722804054,0.01706150744560811,0.1218679103257722,2,1,2,2,9,0.001470163558408899,154.0,0.07850001566112041,6
6034,7,1,0.8526899254557253,0.017053798509114506,0.12181284649367505,0,0,0,0,9,0.00038544682468000246,0.0,0.09510002564638853,6
6035,6,0,0.8520912274218064,0.017041824548436127,0.1420152045703011,2,1,2,1,0,0.0005986980339116599,17.0,0.02770003629848361,0
6036,6,1,0.8501708934457902,0.017003417868915804,0.1416951489076317,2,1,1,1,8,0.0019203339760167637,134.0,0.07000000914558768,5
6037,6,0,0.849678021414127,0.01699356042828254,0.14161300356902115,1,1,1,1,0,0.0004928720316570434,17.0,0.017700018361210823,0
6038,6,0,0.8491851493824636,0.01698370298764927,0.1415308582304106,1,1,1,1,0,0.0004928720316712543,17.0,0.015500001609325409,0
6039,6,0,0.8484088188034675,0.01696817637606935,0.1414014698005779,1,1,1,1,0,0.000776330579000728,17.0,0.020299979951232672,0
6040,6,1,0.8470312431539704,0.016940624863079408,0.14117187385899502,2,1,1,1,8,0.001377575649485152,134.0,0.08460000390186906,5
6041,6,0,0.8462549125749741,0.01692509825149948,0.14104248542916234,1,1,1,1,0,0.0007763305789865171,17.0,0.03220001235604286,0
6042,6,0,0.8449857099643148,0.016899714199286296,0.1408309516607191,2,2,2,2,0,0.0012692026106719823,17.0,0.025900022592395544,0
6043,6,0,0.8427231720668037,0.016854463441336075,0.14045386201113394,3,3,3,3,0,0.0022625378975078547,17.0,0.025900022592395544,0
6044,6,0,0.8417298367799522,0.016834596735599044,0.14028830612999202,1,1,1,1,0,0.0009933352868500833,17.0,0.025800021830946207,0
6045,6,0,0.8407365014931008,0.016814730029862016,0.1401227502488501,1,1,1,1,0,0.0009933352868500833,17.0,0.025600020308047533,0
6046,6,0,0.8402436294614375,0.01680487258922875,0.14004060491023956,1,1,1,1,0,0.0004928720316570434,17.0,0.020599982235580683,0
6047,6,0,0.839750757429774,0.01679501514859548,0.139958459571629,1,1,1,1,0,0.0004928720316712543,17.0,0.020199979189783335,0
6048,6,0,0.8382645501112593,0.016765291002225187,0.13971075835187655,2,2,2,2,0,0.0014862073185071267,17.0,0.02619996666908264,0
6049,6,0,0.8367783427927444,0.016735566855854887,0.13946305713212406,2,2,2,2,0,0.0014862073185213376,17.0,0.022199994418770075,0
6050,6,0,0.8352921354742296,0.016705842709484595,0.13921535591237158,2,2,2,2,0,0.0014862073185071267,17.0,0.02340000355616212,0
6051,6,1,0.8344587919793806,0.016689175839587612,0.13907646532989673,1,1,1,1,8,0.0008333434948468721,134.0,0.07559999357908964,5
6052,6,0,0.8329725846608658,0.016659451693217316,0.1388287641101443,2,2,2,2,0,0.0014862073185071267,17.0,0.02139998832717538,0
6053,6,2,0.8316695926391358,0.016633391852782717,0.13861159877318932,1,1,1,1,10,0.0013029920217206836,74.0,0.06510003004223108,8
6054,6,0,0.8294403672305233,0.016588807344610466,0.1382400612050872,3,3,3,3,0,0.0022292254086124785,17.0,0.058999983593821526,0
6055,6,0,0.8272111418219107,0.016544222836438215,0.13786852363698512,3,3,3,3,0,0.0022292254086124785,17.0,0.020099978428333998,0
6056,6,0,0.8254747884449616,0.01650949576889923,0.1375791314074936,2,2,2,2,0,0.0017363533769554351,17.0,0.09529996896162629,0
6057,6,1,0.8237823079816733,0.016475646159633466,0.13729705133027886,2,1,1,1,8,0.0016924804632765245,134.0,0.07109995931386948,5
6058,6,1,0.8222073419818441,0.01644414683963688,0.13703455699697406,2,1,1,1,8,0.0015749659998220977,134.0,0.06920000305399299,5
6059,6,0,0.8217144699501808,0.016434289399003616,0.1369524116583635,1,1,1,1,0,0.0004928720316712543,17.0,0.02440001117065549,0
6060,6,0,0.8212215979185176,0.01642443195837035,0.13687026631975294,1,1,1,1,0,0.0004928720316570434,17.0,0.02889998722821474,0
6061,6,0,0.8204785798284198,0.016409571596568397,0.1367464299714033,1,1,1,1,0,0.0007430180901053518,17.0,0.3399000270292163,0
6062,6,1,0.8192150740995667,0.016384301481991336,0.1365358456832611,2,1,1,1,8,0.0012635057288434837,134.0,0.13679999392479658,5
6063,6,0,0.8192150740995667,0.016384301481991336,0.1365358456832611,0,0,0,0,0,0.0,0.0,0.028999987989664078,0
6064,6,1,0.8167198930371865,0.01633439786074373,0.1361199821728644,3,1,2,2,8,0.0024951810623718984,134.0,0.10040000779554248,5
6065,6,0,0.8154840029154253,0.016309680058308507,0.13591400048590424,2,2,2,2,0,0.0012358901217623952,17.0,0.024100008886307478,0
6066,6,0,0.8142481127936643,0.016284962255873284,0.13570801879894404,2,2,2,2,0,0.0012358901217623952,17.0,0.023100001271814108,0
6067,6,1,0.8124461707085733,0.016248923414171466,0.13540769511809558,3,1,2,2,8,0.0018019420850805545,134.0,0.0689999433234334,5
6068,6,0,0.8124461707085733,0.016248923414171466,0.13540769511809558,0,0,0,0,0,0.0,0.0,0.022899999748915434,0
6069,6,1,0.8113596339602772,0.016227192679205544,0.1352266056600462,1,1,1,1,8,0.0010865367482892907,134.0,0.06610003765672445,5
6070,6,0,0.810866761928614,0.01621733523857228,0.13514446032143565,1,1,1,1,0,0.0004928720316712543,17.0,0.06649998249486089,0
6071,6,0,0.8096308718068529,0.016192617436137056,0.13493847863447547,2,2,2,2,0,0.0012358901217623952,17.0,0.028200040105730295,0
6072,6,0,0.8096308718068529,0.016192617436137056,0.13493847863447547,0,0,0,0,0,0.0,0.0,0.024300010409206152,0
6073,6,0,0.8083949816850917,0.016167899633701834,0.1347324969475153,2,2,2,2,0,0.0012358901217623952,17.0,0.017200014553964138,0
6074,6,0,0.807651963594994,0.016153039271899882,0.13460866059916568,1,1,1,1,0,0.000743018090091141,17.0,0.019499973859637976,0
6075,6,1,0.8059307533737768,0.01611861506747554,0.1343217922289628,2,1,1,1,8,0.0017212102212198488,134.0,0.07299997378140688,5
6076,6,0,0.8053268197450102,0.016106536394900204,0.13422113662416835,1,1,1,1,0,0.0006039336287670949,17.0,0.02269999822601676,0
6077,6,0,0.8053268197450102,0.016106536394900204,0.13422113662416835,0,0,0,0,0,0.0,0.0,0.025100016500800848,0
6078,6,1,0.8049706123261338,0.016099412246522674,0.1341617687210223,0,0,0,0,8,0.00035620741886077667,0.0,0.07299997378140688,5
6079,6,0,0.8049706123261338,0.016099412246522674,0.1341617687210223,0,0,0,0,0,0.0,0.0,0.018300022929906845,0
6080,6,0,0.8043666786973671,0.016087333573947343,0.13406111311622787,1,1,1,1,0,0.0006039336287670949,17.0,0.024900014977902174,0
6081,6,0,0.8038738066657038,0.016077476133314075,0.1339789677776173,1,1,1,1,0,0.0004928720316712543,17.0,0.026499968953430653,0
6082,6,0,0.8023875993471891,0.016047751986943783,0.13373126655786485,2,2,2,2,0,0.0014862073185071267,17.0,0.024499953724443913,0
6083,6,0,0.8001583739385765,0.016003167478771528,0.13335972898976275,3,3,3,3,0,0.0022292254086124785,17.0,0.03119994653388858,0
6084,6,0,0.7989224838168155,0.015978449676336312,0.13315374730280258,2,2,2,2,0,0.0012358901217623952,17.0,0.03160000778734684,0
6085,6,0,0.7976865936950543,0.015953731873901086,0.1329477656158424,2,2,2,2,0,0.0012358901217623952,17.0,0.03470003139227629,0
6086,6,0,0.7976865936950543,0.015953731873901086,0.1329477656158424,0,0,0,0,0,0.0,0.0,0.02870004391297698,0
6087,6,0,0.7971937216633911,0.01594387443326782,0.13286562027723184,1,1,1,1,0,0.0004928720316712543,17.0,0.026799971237778664,0
6088,6,0,0.7967008496317278,0.015934016992634557,0.13278347493862128,1,1,1,1,0,0.0004928720316570434,17.0,0.027799978852272034,0
6089,6,0,0.7949644962547786,0.015899289925095574,0.13249408270912974,2,2,2,2,0,0.0017363533769554351,17.0,0.028399983420968056,0
6090,6,1,0.7935404220828758,0.015870808441657516,0.1322567370138126,2,1,1,1,8,0.0014240741718936079,134.0,0.09940000018104911,5
6091,6,0,0.7918040687059266,0.01583608137411853,0.13196734478432107,2,2,2,2,0,0.0017363533769412243,17.0,0.028600043151527643,0
6092,6,0,0.7905681785841654,0.015811363571683307,0.1317613630973609,2,2,2,2,0,0.0012358901217623952,17.0,0.027500034775584936,0
6093,6,0,0.7893322884624043,0.015786645769248087,0.1315553814104007,2,2,2,2,0,0.0012358901217623952,17.0,0.028099981136620045,0
6094,6,0,0.7880963983406433,0.015761927966812864,0.13134939972344054,2,2,2,2,0,0.0012358901217623952,17.0,0.029999995604157448,0
6095,6,2,0.7866135612816632,0.015732271225633265,0.13110226021361052,2,1,2,2,10,0.0014828370589725637,74.0,0.08860003435984254,8
6096,6,0,0.7866135612816632,0.015732271225633265,0.13110226021361052,0,0,0,0,0,0.0,0.0,0.027699978090822697,0
6097,6,1,0.7852348640228344,0.01570469728045669,0.13087247733713905,2,1,1,1,8,0.0013786972588150093,134.0,0.08520000847056508,5
6098,6,1,0.7830246665813099,0.015660493331626196,0.13050411109688498,3,1,2,2,8,0.002210197441527839,134.0,0.08569995407015085,5
6099,6,1,0.7807478203584088,0.015614956407168177,0.13012463672640148,3,1,2,2,8,0.0022768462228981434,134.0,0.08209998486563563,5
6100,6,0,0.7795119302366479,0.015590238604732957,0.1299186550394413,2,2,2,2,0,0.0012358901217623952,17.0,0.02970005152747035,0
6101,6,0,0.7782760401148867,0.015565520802297735,0.12971267335248113,2,2,2,2,0,0.0012358901217623952,17.0,0.02759997732937336,0
6102,6,0,0.7770401499931257,0.015540802999862513,0.12950669166552095,2,2,2,2,0,0.0012358901217623952,17.0,0.027900037821382284,0
6103,6,0,0.776297131903028,0.015525942638060558,0.12938285531717134,1,1,1,1,0,0.0007430180901053518,17.0,0.029399991035461426,0
6104,6,1,0.7746011960161279,0.015492023920322557,0.12910019933602132,2,1,1,1,8,0.0016959358868859908,134.0,0.09360001422464848,5
6105,6,1,0.7723909985746034,0.015447819971492067,0.12873183309576722,3,1,2,2,8,0.0022101974415136283,134.0,0.0914999982342124,5
6106,6,0,0.7718981265429401,0.015437962530858803,0.12864968775715666,1,1,1,1,0,0.0004928720316712543,17.0,0.04930002614855766,0
6107,6,0,0.7714052545112767,0.015428105090225535,0.1285675424185461,1,1,1,1,0,0.0004928720316570434,17.0,0.037999998312443495,0
6108,6,1,0.7701417487824237,0.015402834975648474,0.12835695813040396,2,1,1,1,8,0.0012635057288434837,134.0,0.11169997742399573,5
6109,6,0,0.7696488767507603,0.015392977535015206,0.1282748127917934,1,1,1,1,0,0.0004928720316712543,17.0,0.027499976567924023,0
6110,6,1,0.7682713011012632,0.015365426022025263,0.12804521685021056,2,1,1,1,8,0.001377575649485152,134.0,0.089599983766675,5
6111,6,0,0.7677784290695999,0.015355568581391999,0.1279630715116,1,1,1,1,0,0.0004928720316570434,17.0,0.024900014977902174,0
6112,6,0,0.7672855570379364,0.015345711140758729,0.12788092617298943,1,1,1,1,0,0.0004928720316712543,17.0,0.024500011932104826,0
6113,6,0,0.7672855570379364,0.015345711140758729,0.12788092617298943,0,0,0,0,0,0.0,0.0,0.022199994418770075,0
6114,6,0,0.7665425389478387,0.015330850778956774,0.12775708982463982,1,1,1,1,0,0.000743018090091141,17.0,0.022499996703118086,0
6115,6,0,0.7657995208577411,0.015315990417154821,0.1276332534762902,1,1,1,1,0,0.0007430180901053518,17.0,0.020499981474131346,0
6116,6,2,0.7654898641228626,0.015309797282457252,0.1275816440204771,0,0,0,0,10,0.0003096567348706003,0.0,0.06709998706355691,8
6117,6,0,0.7647468460327649,0.015294936920655297,0.12745780767212747,1,1,1,1,0,0.000743018090091141,17.0,0.017799960914999247,0
6118,6,0,0.7637535107459134,0.015275070214918267,0.12729225179098558,1,1,1,1,0,0.0009933352868500833,17.0,0.0173999578692019,0
6119,6,0,0.7630104926558157,0.015260209853116314,0.12716841544263593,1,1,1,1,0,0.0007430180901053518,17.0,0.01580000389367342,0
6120,6,0,0.7614911439867218,0.015229822879734435,0.12691519066445364,2,2,2,2,0,0.001519348669091869,17.0,0.023300002794712782,0
6121,6,0,0.7614911439867218,0.015229822879734435,0.12691519066445364,0,0,0,0,0,0.0,0.0,0.02329994458705187,0
6122,6,0,0.7614911439867218,0.015229822879734435,0.12691519066445364,0,0,0,0,0,0.0,0.0,0.03389996709302068,0
6123,6,1,0.7597986635234335,0.01519597327046867,0.12663311058723892,2,1,2,2,8,0.0016924804632907353,134.0,0.09519996820017695,5
6124,6,0,0.7590223329444374,0.01518044665888875,0.1265037221574062,1,1,1,1,0,0.0007763305789865171,17.0,0.032299954909831285,0
6125,6,0,0.7582460023654412,0.015164920047308824,0.12637433372757353,1,1,1,1,0,0.000776330579000728,17.0,0.0363999861292541,0
6126,6,0,0.7567266536963473,0.015134533073926947,0.12612110894939121,2,2,2,2,0,0.001519348669091869,17.0,0.02440001117065549,0
6127,6,1,0.756370446277471,0.015127408925549419,0.12606174104624515,0,0,0,0,8,0.0003562074188749875,0.0,0.07650000043213367,5
6128,6,0,0.7556274281873732,0.015112548563747464,0.12593790469789554,1,1,1,1,0,0.000743018090091141,17.0,0.022099993657320738,0
6129,6,1,0.753299125068023,0.01506598250136046,0.12554985417800382,3,1,2,2,8,0.0023283031193415127,134.0,0.07810001261532307,5
6130,6,0,0.7515294592021755,0.01503058918404351,0.12525490986702922,2,2,2,2,0,0.0017696658658508113,17.0,0.021499989088624716,0
6131,6,0,0.74901677524623,0.0149803355049246,0.12483612920770502,3,3,3,3,0,0.0025126839559419523,17.0,0.022099993657320738,0
6132,6,1,0.7476380779874013,0.014952761559748028,0.12460634633123356,2,1,1,1,8,0.0013786972588150093,134.0,0.11640001321211457,5
6133,6,0,0.7458684121215537,0.014917368242431076,0.12431140202025893,2,2,2,2,0,0.0017696658658508113,17.0,0.09649997809901834,0
6134,6,1,0.7438599721900383,0.014877199443800766,0.12397666203167305,3,1,2,2,8,0.002008439931515227,134.0,0.0733000342734158,5
6135,6,0,0.7415598820001371,0.014831197640002743,0.12359331366668952,3,3,3,3,0,0.0023000901899052906,17.0,0.02039998071268201,0
6136,6,0,0.7384834612312396,0.014769669224624794,0.12308057687187329,4,4,4,4,0,0.0030764207689060186,17.0,0.020600040443241596,0
6137,6,0,0.7361500585524402,0.014723001171048805,0.12269167642540668,3,3,3,3,0,0.0023334026788006668,17.0,0.020300038158893585,0
6138,6,1,0.7358065398942417,0.014716130797884834,0.12263442331570697,0,0,0,0,8,0.0003435186581839389,0.0,0.08259998867288232,5
6139,6,0,0.7350635218041441,0.014701270436082882,0.12251058696735734,1,1,1,1,0,0.0007430180901053518,17.0,0.021200045011937618,0
6140,6,1,0.7333219632878473,0.014666439265756946,0.12222032721464121,2,1,2,2,8,0.0017415585162865455,134.0,0.09540002793073654,5
6141,6,0,0.7325789451977496,0.014651578903954991,0.1220964908662916,1,1,1,1,0,0.000743018090091141,17.0,0.028800044674426317,0
6142,6,0,0.7325789451977496,0.014651578903954991,0.1220964908662916,0,0,0,0,0,0.0,0.0,0.02700003096833825,0
6143,6,1,0.731110370261205,0.014622207405224099,0.12185172837686747,2,1,1,1,8,0.0014685749365384027,134.0,0.089599983766675,5
6144,6,1,0.7294808577481247,0.014589617154962493,0.12158014295802076,2,1,1,1,8,0.0016295125130767474,134.0,0.08810003055259585,5
6145,6,1,0.7291445897360134,0.014582891794720268,0.12152409828933557,0,0,0,0,8,0.00033626801210573376,0.0,0.08359999628737569,5
6146,6,0,0.7283682591570173,0.014567365183140345,0.12139470985950289,1,1,1,1,0,0.0007763305789865171,17.0,0.024500011932104826,0
6147,6,0,0.7270281917650692,0.014540563835301383,0.12117136529417817,2,2,2,2,0,0.0013400673919505834,17.0,0.026600027922540903,0
6148,6,0,0.7270281917650692,0.014540563835301383,0.12117136529417817,0,0,0,0,0,0.0,0.0,0.02340000355616212,0
6149,6,0,0.7264644549521171,0.014529289099042341,0.12107740915868616,1,1,1,1,0,0.0005637368129640663,17.0,0.02300000051036477,0
6150,6,0,0.7264644549521171,0.014529289099042341,0.12107740915868616,0,0,0,0,0,0.0,0.0,0.02340000355616212,0
6151,6,1,0.7253528848248296,0.014507057696496593,0.12089214747080494,1,1,1,1,8,0.0011115701272785827,134.0,0.0874000252224505,5
6152,6,0,0.7245765542458336,0.014491531084916671,0.12076275904097226,1,1,1,1,0,0.000776330579000728,17.0,0.02789997961372137,0
6153,6,0,0.7238002236668374,0.014476004473336747,0.12063337061113956,1,1,1,1,0,0.0007763305789865171,17.0,0.02340000355616212,0
6154,6,0,0.7230238930878412,0.014460477861756825,0.12050398218130687,1,1,1,1,0,0.000776330579000728,17.0,0.021499989088624716,0
6155,6,0,0.7230238930878412,0.014460477861756825,0.12050398218130687,0,0,0,0,0,0.0,0.0,0.02300000051036477,0
6156,6,0,0.7230238930878412,0.014460477861756825,0.12050398218130687,0,0,0,0,0,0.0,0.0,0.033400021493434906,0
6157,6,1,0.7216668470955476,0.014433336941910952,0.12027780784925796,2,1,1,1,8,0.0013570459922931377,134.0,0.14560000272467732,5
6158,6,0,0.7216668470955476,0.014433336941910952,0.12027780784925796,0,0,0,0,0,0.0,0.0,0.031800009310245514,0
6159,6,0,0.7208905165165516,0.014417810330331031,0.12014841941942528,1,1,1,1,0,0.000776330579000728,17.0,0.01750001683831215,0
6160,6,0,0.7208905165165516,0.014417810330331031,0.12014841941942528,0,0,0,0,0,0.0,0.0,0.025300018023699522,0
6161,6,0,0.7208905165165516,0.014417810330331031,0.12014841941942528,0,0,0,0,0,0.0,0.0,0.024800014216452837,0
6162,6,0,0.7208905165165516,0.014417810330331031,0.12014841941942528,0,0,0,0,0,0.0,0.0,0.022499996703118086,0
6163,6,1,0.7205343090976752,0.014410686181953505,0.12008905151627919,0,0,0,0,8,0.00035620741886077667,0.0,0.10430003749206662,5
6164,6,0,0.7205343090976752,0.014410686181953505,0.12008905151627919,0,0,0,0,0,0.0,0.0,0.026200024876743555,0
6165,6,0,0.7205343090976752,0.014410686181953505,0.12008905151627919,0,0,0,0,0,0.0,0.0,0.0219999928958714,0
6166,6,0,0.7205343090976752,0.014410686181953505,0.12008905151627919,0,0,0,0,0,0.0,0.0,0.023800006601959467,0
6167,6,0,0.7205343090976752,0.014410686181953505,0.12008905151627919,0,0,0,0,0,0.0,0.0,0.02169999061152339,0
6168,6,0,0.7205343090976752,0.014410686181953505,0.12008905151627919,0,0,0,0,0,0.0,0.0,0.020799983758479357,0
6169,6,0,0.7205343090976752,0.014410686181953505,0.12008905151627919,0,0,0,0,0,0.0,0.0,0.023600005079060793,0
6170,6,0,0.7205343090976752,0.014410686181953505,0.12008905151627919,0,0,0,0,0,0.0,0.0,0.021099986042827368,0
6171,6,0,0.7205343090976752,0.014410686181953505,0.12008905151627919,0,0,0,0,0,0.0,0.0,0.022899999748915434,0
6172,6,0,0.7205343090976752,0.014410686181953505,0.12008905151627919,0,0,0,0,0,0.0,0.0,0.023500004317611456,0
6173,6,1,0.7201907904394769,0.014403815808789537,0.12003179840657947,0,0,0,0,8,0.00034351865819814975,0.0,0.07589999586343765,5
6174,6,0,0.7201907904394769,0.014403815808789537,0.12003179840657947,0,0,0,0,0,0.0,0.0,0.02889998722821474,0
6175,6,1,0.7198555508911856,0.014397111017823712,0.11997592514853093,0,0,0,0,8,0.00033523954827785474,0.0,0.11660001473501325,5
6176,6,0,0.7198555508911856,0.014397111017823712,0.11997592514853093,0,0,0,0,0,0.0,0.0,0.027300033252686262,0
6177,6,0,0.7198555508911856,0.014397111017823712,0.11997592514853093,0,0,0,0,0,0.0,0.0,0.027300033252686262,0
6178,6,2,0.7194948764938943,0.014389897529877887,0.1199158127489824,0,0,0,0,10,0.0003606743972852655,0.0,0.0858000130392611,8
6179,6,1,0.7191586084817831,0.014383172169635663,0.11985976808029719,0,0,0,0,8,0.00033626801210573376,0.0,0.09290000889450312,5
6180,6,0,0.7191586084817831,0.014383172169635663,0.11985976808029719,0,0,0,0,0,0.0,0.0,0.0315000070258975,0
6181,6,0,0.7191586084817831,0.014383172169635663,0.11985976808029719,0,0,0,0,0,0.0,0.0,0.028399983420968056,0
6182,6,1,0.7188233689334919,0.014376467378669837,0.11980389482224867,0,0,0,0,8,0.00033523954827785474,0.0,0.09389995830133557,5
6183,6,1,0.7184798502752935,0.01436959700550587,0.11974664171254894,0,0,0,0,8,0.00034351865819814975,0.0,0.1922000083141029,5
6184,6,0,0.7184798502752935,0.01436959700550587,0.11974664171254894,0,0,0,0,0,0.0,0.0,0.03960001049563289,0
6185,6,0,0.7184798502752935,0.01436959700550587,0.11974664171254894,0,0,0,0,0,0.0,0.0,0.14409999130293727,0
6186,6,0,0.7184798502752935,0.01436959700550587,0.11974664171254894,0,0,0,0,0,0.0,0.0,0.03409996861591935,0
6187,6,0,0.7184798502752935,0.01436959700550587,0.11974664171254894,0,0,0,0,0,0.0,0.0,0.029399991035461426,0
6188,6,1,0.7181393788121077,0.014362787576242153,0.11968989646868462,0,0,0,0,8,0.00034047146317561783,0.0,0.11510000331327319,5
6189,6,2,0.716803758862349,0.014336075177246981,0.11946729314372484,2,1,1,1,10,0.001335619949742295,74.0,0.08560001151636243,8
6190,6,0,0.7163108868306858,0.014326217736613715,0.11938514780511428,1,1,1,1,0,0.0004928720316712543,17.0,0.026200024876743555,0
6191,6,0,0.7158180147990223,0.014316360295980445,0.11930300246650373,1,1,1,1,0,0.0004928720316570434,17.0,0.027999980375170708,0
6192,6,0,0.7158180147990223,0.014316360295980445,0.11930300246650373,0,0,0,0,0,0.0,0.0,0.02670002868399024,0
6193,6,0,0.715325142767359,0.01430650285534718,0.11922085712789317,1,1,1,1,0,0.0004928720316712543,17.0,0.02220005262643099,0
6194,6,0,0.7148322707356958,0.014296645414713916,0.1191387117892826,1,1,1,1,0,0.0004928720316570434,17.0,0.024600012693554163,0
6195,6,0,0.7148322707356958,0.014296645414713916,0.1191387117892826,0,0,0,0,0,0.0,0.0,0.02719997428357601,0
6196,6,0,0.7143393987040323,0.014286787974080646,0.11905656645067207,1,1,1,1,0,0.0004928720316712543,17.0,0.01999997766688466,0
6197,6,1,0.7127842230305086,0.014255684460610173,0.11879737050508475,2,1,1,1,8,0.0015551756735163735,134.0,0.08160003926604986,5
6198,6,0,0.7122913509988452,0.014245827019976905,0.1187152251664742,1,1,1,1,0,0.0004928720316570434,17.0,0.020099978428333998,0
6199,6,0,0.7122913509988452,0.014245827019976905,0.1187152251664742,0,0,0,0,0,0.0,0.0,0.022199994418770075,0
6200,6,0,0.7117984789671818,0.014235969579343637,0.11863307982786364,1,1,1,1,0,0.0004928720316712543,17.0,0.031000003218650818,0
6201,6,0,0.7105625888454208,0.014211251776908415,0.11842709814090346,2,2,2,2,0,0.0012358901217623952,17.0,0.030800001695752144,0
6202,6,0,0.709819570755323,0.014196391415106459,0.11830326179255383,1,1,1,1,0,0.000743018090091141,17.0,0.029199989512562752,0
6203,6,1,0.70855606502647,0.014171121300529398,0.11809267750441166,2,1,1,1,8,0.0012635057288434837,134.0,0.09680003859102726,5
6204,6,1,0.7063458675849454,0.014126917351698909,0.11772431126415756,3,1,2,2,8,0.002210197441527839,134.0,0.09669997962191701,5
6205,6,0,0.7056028494948476,0.014112056989896952,0.11760047491580794,1,1,1,1,0,0.0007430180901053518,17.0,0.029699993319809437,0
6206,6,0,0.7051099774631844,0.014102199549263688,0.11751832957719738,1,1,1,1,0,0.0004928720316570434,17.0,0.06120000034570694,0
6207,6,1,0.704766458804986,0.01409532917609972,0.11746107646749766,0,0,0,0,8,0.00034351865819814975,0.0,0.08700002217665315,5
6208,6,0,0.7035305686832248,0.014070611373664497,0.11725509478053749,2,2,2,2,0,0.0012358901217623952,17.0,0.022099993657320738,0
6209,6,0,0.7030376966515615,0.01406075393303123,0.11717294944192691,1,1,1,1,0,0.0004928720316570434,17.0,0.02300000051036477,0
6210,6,0,0.7025448246198982,0.014050896492397965,0.11709080410331636,1,1,1,1,0,0.0004928720316712543,17.0,0.024900014977902174,0
6211,6,0,0.7013089344981371,0.014026178689962743,0.11688482241635618,2,2,2,2,0,0.0012358901217623952,17.0,0.02300000051036477,0
6212,6,0,0.7005659164080393,0.014011318328160787,0.11676098606800656,1,1,1,1,0,0.000743018090091141,17.0,0.04239997360855341,0
6213,6,1,0.6987639743229485,0.013975279486458969,0.11646066238715806,3,1,2,2,8,0.0018019420850947654,134.0,0.07619999814778566,5
6214,5,1,0.698302248510674,0.013966044970213481,0.13966044970213481,1,0,1,0,2,0.00046172581227210685,0.0,0.0771000050008297,5
6215,5,0,0.6978093764790106,0.013956187529580213,0.13956187529580213,1,1,1,1,0,0.0004928720316570434,17.0,0.03960001049563289,0
6216,5,1,0.6955827228928109,0.013911654457856217,0.13911654457856215,3,1,2,2,7,0.0022266535861916736,114.0,0.05959998816251755,4
6217,5,0,0.6948397048027131,0.01389679409605426,0.1389679409605426,1,1,1,1,0,0.000743018090091141,17.0,0.019600032828748226,0
6218,5,0,0.6940966867126154,0.013881933734252307,0.13881933734252305,1,1,1,1,0,0.0007430180901053518,17.0,0.026500027161091566,0
6219,5,0,0.6936038146809521,0.013872076293619043,0.1387207629361904,1,1,1,1,0,0.0004928720316570434,17.0,0.018599967006593943,0
6220,5,0,0.6923679245591909,0.013847358491183818,0.1384735849118382,2,2,2,2,0,0.0012358901217623952,17.0,0.0344999716617167,0
6221,5,1,0.6911629553641906,0.013823259107283811,0.1382325910728381,2,1,1,1,7,0.0012049691950011265,114.0,0.11339999036863446,4
6222,5,1,0.6890045612550653,0.013780091225101305,0.13780091225101304,3,1,2,2,7,0.002158394109116557,114.0,0.09190000128000975,4
6223,5,1,0.6872621174586844,0.013745242349173688,0.13745242349173686,3,1,2,2,7,0.0017424437963882156,114.0,0.08249998791143298,4
6224,5,0,0.6867692454270209,0.013735384908540418,0.1373538490854042,1,1,1,1,0,0.0004928720316570434,17.0,0.022499996703118086,0
6225,5,0,0.6862763733953576,0.013725527467907152,0.13725527467907153,1,1,1,1,0,0.0004928720316712543,17.0,0.02169999061152339,0
6226,5,0,0.6857835013636943,0.013715670027273886,0.13715670027273888,1,1,1,1,0,0.0004928720316570434,17.0,0.021300045773386955,0
6227,5,0,0.6845476112419332,0.013690952224838664,0.13690952224838665,2,2,2,2,0,0.0012358901217623952,17.0,0.01969997538253665,0
6228,5,0,0.683311721120172,0.01366623442240344,0.13666234422403442,2,2,2,2,0,0.0012358901217623952,17.0,0.018499966245144606,0
6229,5,0,0.683311721120172,0.01366623442240344,0.13666234422403442,0,0,0,0,0,0.0,0.0,0.018899969290941954,0
6230,5,0,0.682075830998411,0.013641516619968218,0.13641516619968222,2,2,2,2,0,0.0012358901217623952,17.0,0.01999997766688466,0
6231,5,1,0.6798491774122112,0.013596983548244224,0.13596983548244226,3,1,2,2,7,0.0022266535861916736,114.0,0.06769999163225293,4
6232,5,0,0.6786132872904502,0.013572265745809005,0.13572265745809003,2,2,2,2,0,0.0012358901217623952,17.0,0.02050003968179226,0
6233,5,0,0.6773773971686892,0.013547547943373784,0.1354754794337378,2,2,2,2,0,0.0012358901217623952,17.0,0.019599974621087313,0
6234,5,0,0.676141507046928,0.013522830140938559,0.13522830140938563,2,2,2,2,0,0.0012358901217623952,17.0,0.02010003663599491,0
6235,5,0,0.6753984889568303,0.013507969779136606,0.13507969779136605,1,1,1,1,0,0.0007430180901053518,17.0,0.019700033590197563,0
6236,5,0,0.6753984889568303,0.013507969779136606,0.13507969779136605,0,0,0,0,0,0.0,0.0,0.019099970813840628,0
6237,5,0,0.6746554708667325,0.01349310941733465,0.13493109417334653,1,1,1,1,0,0.000743018090091141,17.0,0.01669995253905654,0
6238,5,1,0.6731965142387507,0.013463930284775015,0.13463930284775016,2,1,1,1,7,0.0014589566279852306,114.0,0.06619998021051288,4
6239,5,0,0.6727036422070873,0.013454072844141747,0.13454072844141748,1,1,1,1,0,0.0004928720316570434,17.0,0.021599989850074053,0
6240,5,0,0.6722107701754241,0.01344421540350848,0.1344421540350848,1,1,1,1,0,0.0004928720316712543,17.0,0.027100031729787588,0
6241,5,0,0.6722107701754241,0.01344421540350848,0.1344421540350848,0,0,0,0,0,0.0,0.0,0.02759997732937336,0
6242,5,0,0.6717178981437607,0.013434357962875215,0.13434357962875215,1,1,1,1,0,0.0004928720316570434,17.0,0.02759997732937336,0
6243,5,0,0.6717178981437607,0.013434357962875215,0.13434357962875215,0,0,0,0,0,0.0,0.0,0.026999972760677338,0
6244,5,0,0.6712250261120973,0.013424500522241947,0.1342450052224195,1,1,1,1,0,0.0004928720316712543,17.0,0.027699978090822697,0
6245,5,0,0.6707321540804341,0.013414643081608682,0.13414643081608682,1,1,1,1,0,0.0004928720316570434,17.0,0.04610000178217888,0
6246,5,1,0.6704471071688439,0.013408942143376878,0.1340894214337688,0,0,0,0,7,0.0002850469115855958,0.0,0.06699998630210757,4
6247,5,0,0.6704471071688439,0.013408942143376878,0.1340894214337688,0,0,0,0,0,0.0,0.0,0.021600048057734966,0
6248,5,0,0.6704471071688439,0.013408942143376878,0.1340894214337688,0,0,0,0,0,0.0,0.0,0.019000028260052204,0
6249,5,1,0.6701613308649638,0.013403226617299275,0.13403226617299274,0,0,0,0,7,0.0002857763038690564,0.0,0.05790003342553973,4
6250,5,0,0.6696684588333004,0.013393369176666009,0.1339336917666601,1,1,1,1,0,0.0004928720316712543,17.0,0.020000035874545574,0
6251,5,1,0.6693640547468231,0.013387281094936462,0.13387281094936462,0,0,0,0,7,0.0003044040864637054,0.0,0.07480004569515586,4
6252,5,0,0.6688711827151599,0.013377423654303198,0.13377423654303197,1,1,1,1,0,0.0004928720316712543,17.0,0.06340001709759235,0
6253,5,0,0.6683783106834966,0.013367566213669933,0.1336756621366993,1,1,1,1,0,0.0004928720316570434,17.0,0.028200040105730295,0
6254,5,0,0.6683783106834966,0.013367566213669933,0.1336756621366993,0,0,0,0,0,0.0,0.0,0.04740001168102026,0
6255,5,2,0.6675933007883947,0.013351866015767894,0.13351866015767894,1,1,1,1,9,0.0007850098950967777,74.0,0.11339999036863446,6
6256,5,0,0.6675933007883947,0.013351866015767894,0.13351866015767894,0,0,0,0,0,0.0,0.0,0.021799991372972727,0
6257,5,0,0.6671004287567313,0.013342008575134625,0.13342008575134628,1,1,1,1,0,0.0004928720316712543,17.0,0.01810002140700817,0
6258,5,0,0.666607556725068,0.01333215113450136,0.1333215113450136,1,1,1,1,0,0.0004928720316570434,17.0,0.018899969290941954,0
6259,5,0,0.6661146846934046,0.013322293693868092,0.13322293693868095,1,1,1,1,0,0.0004928720316712543,17.0,0.020299979951232672,0
6260,5,0,0.6661146846934046,0.013322293693868092,0.13322293693868095,0,0,0,0,0,0.0,0.0,0.028699985705316067,0
6261,5,1,0.66461131235228,0.0132922262470456,0.132922262470456,2,1,1,1,7,0.0015033723411193023,114.0,0.07509998977184296,4
6262,5,1,0.6643255360483998,0.013286510720967997,0.13286510720967998,0,0,0,0,7,0.0002857763038690564,0.0,0.07270002970471978,4
6263,5,0,0.6643255360483998,0.013286510720967997,0.13286510720967998,0,0,0,0,0,0.0,0.0,0.024600012693554163,0
6264,5,1,0.6640436011190667,0.013280872022381334,0.13280872022381335,0,0,0,0,7,0.0002819349293332607,0.0,0.07040001219138503,4
6265,5,1,0.6637527022133083,0.013275054044266165,0.13275054044266166,0,0,0,0,7,0.0002908989057459621,0.0,0.06980000762268901,4
6266,5,0,0.6637527022133083,0.013275054044266165,0.13275054044266166,0,0,0,0,0,0.0,0.0,0.02139998832717538,0
6267,5,0,0.6637527022133083,0.013275054044266165,0.13275054044266166,0,0,0,0,0,0.0,0.0,0.018899969290941954,0
6268,5,0,0.6637527022133083,0.013275054044266165,0.13275054044266166,0,0,0,0,0,0.0,0.0,0.020799983758479357,0
6269,5,0,0.6637527022133083,0.013275054044266165,0.13275054044266166,0,0,0,0,0,0.0,0.0,0.01780001912266016,0
6270,5,0,0.6631487685845416,0.013262975371690832,0.13262975371690833,1,1,1,1,0,0.0006039336287670949,17.0,0.022499996703118086,0
6271,5,1,0.6628637216729516,0.013257274433459032,0.1325727443345903,0,0,0,0,7,0.0002850469115855958,0.0,0.07110001752153039,4
6272,5,0,0.6628637216729516,0.013257274433459032,0.1325727443345903,0,0,0,0,0,0.0,0.0,0.016900012269616127,0
6273,5,0,0.6628637216729516,0.013257274433459032,0.1325727443345903,0,0,0,0,0,0.0,0.0,0.018000020645558834,0
6274,5,0,0.6628637216729516,0.013257274433459032,0.1325727443345903,0,0,0,0,0,0.0,0.0,0.01650000922381878,0
6275,5,0,0.6628637216729516,0.013257274433459032,0.1325727443345903,0,0,0,0,0,0.0,0.0,0.015500001609325409,0
6276,5,0,0.6628637216729516,0.013257274433459032,0.1325727443345903,0,0,0,0,0,0.0,0.0,0.015500001609325409,0
6277,5,0,0.6628637216729516,0.013257274433459032,0.1325727443345903,0,0,0,0,0,0.0,0.0,0.015199999324977398,0
6278,5,0,0.6628637216729516,0.013257274433459032,0.1325727443345903,0,0,0,0,0,0.0,0.0,0.015199999324977398,0
6279,5,0,0.662259788044185,0.0132451957608837,0.132451957608837,1,1,1,1,0,0.0006039336287670949,17.0,0.015700003132224083,0
6280,5,0,0.6616558544154183,0.013233117088308367,0.13233117088308366,1,1,1,1,0,0.0006039336287670949,17.0,0.026799971237778664,0
6281,5,0,0.6610519207866518,0.013221038415733036,0.13221038415733033,1,1,1,1,0,0.0006039336287670949,17.0,0.0241999514400959,0
6282,5,0,0.6604479871578851,0.013208959743157701,0.132089597431577,1,1,1,1,0,0.0006039336287670949,17.0,0.02370000584051013,0
6283,5,1,0.6589046645686106,0.013178093291372213,0.13178093291372212,2,1,1,1,7,0.0015433225892707014,114.0,0.07349997758865356,4
6284,5,0,0.6589046645686106,0.013178093291372213,0.13178093291372212,0,0,0,0,0,0.0,0.0,0.026300025638192892,0
6285,5,0,0.6589046645686106,0.013178093291372213,0.13178093291372212,0,0,0,0,0,0.0,0.0,0.02300000051036477,0
6286,5,0,0.6589046645686106,0.013178093291372213,0.13178093291372212,0,0,0,0,0,0.0,0.0,0.02570002106949687,0
6287,5,0,0.6589046645686106,0.013178093291372213,0.13178093291372212,0,0,0,0,0,0.0,0.0,0.0219999928958714,0
6288,5,0,0.6589046645686106,0.013178093291372213,0.13178093291372212,0,0,0,0,0,0.0,0.0,0.021499989088624716,0
6289,5,0,0.6589046645686106,0.013178093291372213,0.13178093291372212,0,0,0,0,0,0.0,0.0,0.021600048057734966,0
6290,5,0,0.6589046645686106,0.013178093291372213,0.13178093291372212,0,0,0,0,0,0.0,0.0,0.021599989850074053,0
6291,5,1,0.6586196176570206,0.013172392353140413,0.1317239235314041,0,0,0,0,7,0.0002850469115855958,0.0,0.07300003198906779,4
6292,5,0,0.6586196176570206,0.013172392353140413,0.1317239235314041,0,0,0,0,0,0.0,0.0,0.025200017262250185,0
6293,5,0,0.6581267456253573,0.013162534912507146,0.13162534912507146,1,1,1,1,0,0.0004928720316570434,17.0,0.021099986042827368,0
6294,5,1,0.6568086682645702,0.013136173365291404,0.13136173365291404,2,1,1,1,7,0.0013180773607786023,114.0,0.07299997378140688,4
6295,5,1,0.65652289196069,0.0131304578392138,0.131304578392138,0,0,0,0,7,0.00028577630388326725,0.0,0.06920000305399299,4
6296,5,0,0.6560300199290265,0.013120600398580531,0.13120600398580531,1,1,1,1,0,0.0004928720316570434,17.0,0.020199979189783335,0
6297,5,0,0.6560300199290265,0.013120600398580531,0.13120600398580531,0,0,0,0,0,0.0,0.0,0.019700033590197563,0
6298,5,1,0.6546708472084175,0.01309341694416835,0.1309341694416835,2,1,1,1,7,0.0013591727205977122,114.0,0.06370001938194036,4
6299,5,0,0.6538945166294213,0.013077890332588427,0.13077890332588427,1,1,1,1,0,0.000776330579000728,17.0,0.01880002673715353,0
6300,5,0,0.6538945166294213,0.013077890332588427,0.13077890332588427,0,0,0,0,0,0.0,0.0,0.024500011932104826,0
6301,5,0,0.6538945166294213,0.013077890332588427,0.13077890332588427,0,0,0,0,0,0.0,0.0,0.02519995905458927,0
6302,5,0,0.6531181860504252,0.013062363721008503,0.13062363721008505,1,1,1,1,0,0.000776330579000728,17.0,0.022599997464567423,0
6303,5,1,0.652813781963948,0.01305627563927896,0.13056275639278958,0,0,0,0,7,0.0003044040864637054,0.0,0.069500005338341,4
6304,5,0,0.652813781963948,0.01305627563927896,0.13056275639278958,0,0,0,0,0,0.0,0.0,0.024500011932104826,0
6305,5,1,0.652528735052358,0.01305057470104716,0.1305057470104716,0,0,0,0,7,0.0002850469115855958,0.0,0.06779999239370227,4
6306,5,0,0.652528735052358,0.01305057470104716,0.1305057470104716,0,0,0,0,0,0.0,0.0,0.024300010409206152,0
6307,5,0,0.652528735052358,0.01305057470104716,0.1305057470104716,0,0,0,0,0,0.0,0.0,0.021499989088624716,0
6308,5,1,0.6522378361465995,0.01304475672293199,0.13044756722931988,0,0,0,0,7,0.00029089890576017297,0.0,0.06999995093792677,4
6309,5,0,0.6522378361465995,0.01304475672293199,0.13044756722931988,0,0,0,0,0,0.0,0.0,0.022499996703118086,0
6310,5,0,0.6522378361465995,0.01304475672293199,0.13044756722931988,0,0,0,0,0,0.0,0.0,0.019099970813840628,0
6311,5,0,0.6514615055676034,0.013029230111352067,0.1302923011135207,1,1,1,1,0,0.0007763305789865171,17.0,0.021199986804276705,0
6312,5,0,0.6514615055676034,0.013029230111352067,0.1302923011135207,0,0,0,0,0,0.0,0.0,0.023200002033263445,0
6313,5,0,0.6514615055676034,0.013029230111352067,0.1302923011135207,0,0,0,0,0,0.0,0.0,0.01950003206729889,0
6314,5,0,0.6506851749886071,0.013013703499772142,0.13013703499772145,1,1,1,1,0,0.000776330579000728,17.0,0.019799976143985987,0
6315,5,0,0.649908844409611,0.012998176888192221,0.1299817688819222,1,1,1,1,0,0.000776330579000728,17.0,0.021299987565726042,0
6316,5,1,0.6485496716890019,0.012970993433780038,0.12970993433780037,2,1,1,1,7,0.0013591727205977122,114.0,0.07019995246082544,4
6317,5,0,0.6485496716890019,0.012970993433780038,0.12970993433780037,0,0,0,0,0,0.0,0.0,0.021899992134422064,0
6318,5,1,0.6469399669590231,0.012938799339180462,0.12938799339180462,2,1,1,1,7,0.0016097047299865608,114.0,0.07509998977184296,4
6319,5,0,0.6469399669590231,0.012938799339180462,0.12938799339180462,0,0,0,0,0,0.0,0.0,0.02139998832717538,0
6320,5,0,0.6469399669590231,0.012938799339180462,0.12938799339180462,0,0,0,0,0,0.0,0.0,0.025800021830946207,0
6321,5,0,0.6469399669590231,0.012938799339180462,0.12938799339180462,0,0,0,0,0,0.0,0.0,0.025500019546598196,0
6322,5,1,0.6466490680532646,0.012932981361065292,0.12932981361065293,0,0,0,0,7,0.0002908989057459621,0.0,0.07059995550662279,4
6323,5,0,0.6466490680532646,0.012932981361065292,0.12932981361065293,0,0,0,0,0,0.0,0.0,0.024600012693554163,0
6324,5,0,0.6466490680532646,0.012932981361065292,0.12932981361065293,0,0,0,0,0,0.0,0.0,0.025200017262250185,0
6325,5,0,0.6451297193841709,0.012902594387683416,0.12902594387683416,2,2,2,2,0,0.001519348669091869,17.0,0.0219999928958714,0
6326,5,0,0.6443533888051747,0.012887067776103494,0.12887067776103495,1,1,1,1,0,0.000776330579000728,17.0,0.025300018023699522,0
6327,5,0,0.6428340401360807,0.012856680802721614,0.12856680802721615,2,2,2,2,0,0.001519348669091869,17.0,0.02500001573935151,0
6328,5,0,0.6428340401360807,0.012856680802721614,0.12856680802721615,0,0,0,0,0,0.0,0.0,0.025699962861835957,0
6329,5,0,0.642091022045983,0.01284182044091966,0.1284182044091966,1,1,1,1,0,0.0007430180901053518,17.0,0.023900007363408804,0
6330,5,0,0.6413480039558852,0.012826960079117704,0.12826960079117705,1,1,1,1,0,0.000743018090091141,17.0,0.02540001878514886,0
6331,5,0,0.6406049858657875,0.01281209971731575,0.1281209971731575,1,1,1,1,0,0.0007430180901053518,17.0,0.024600012693554163,0
6332,5,1,0.6403192095619074,0.012806384191238147,0.1280638419123815,0,0,0,0,7,0.0002857763038690564,0.0,0.07320003351196647,4
6333,5,1,0.6385298746072944,0.012770597492145888,0.12770597492145888,3,1,2,2,7,0.0017893349546085346,114.0,0.06929994560778141,4
6334,5,0,0.6385298746072944,0.012770597492145888,0.12770597492145888,0,0,0,0,0,0.0,0.0,0.02570002106949687,0
6335,5,1,0.6382254705208171,0.012764509410416342,0.12764509410416344,0,0,0,0,7,0.0003044040864779163,0.0,0.07050001295283437,4
6336,5,0,0.6374824524307194,0.012749649048614389,0.1274964904861439,1,1,1,1,0,0.000743018090091141,17.0,0.021099986042827368,0
6337,5,0,0.6367394343406216,0.012734788686812432,0.12734788686812434,1,1,1,1,0,0.0007430180901053518,17.0,0.022099993657320738,0
6338,5,0,0.6359964162505239,0.012719928325010479,0.12719928325010482,1,1,1,1,0,0.000743018090091141,17.0,0.02169999061152339,0
6339,5,1,0.6357113693389339,0.012714227386778678,0.12714227386778681,0,0,0,0,7,0.0002850469115855958,0.0,0.0665000407025218,4
6340,5,0,0.6357113693389339,0.012714227386778678,0.12714227386778681,0,0,0,0,0,0.0,0.0,0.02570002106949687,0
6341,5,0,0.6357113693389339,0.012714227386778678,0.12714227386778681,0,0,0,0,0,0.0,0.0,0.024300010409206152,0
6342,5,0,0.6349683512488362,0.012699367024976725,0.12699367024976724,1,1,1,1,0,0.000743018090091141,17.0,0.024800014216452837,0
6343,5,0,0.6349683512488362,0.012699367024976725,0.12699367024976724,0,0,0,0,0,0.0,0.0,0.02559996210038662,0
6344,5,2,0.6347227362086292,0.012694454724172584,0.12694454724172585,0,0,0,0,9,0.0002456150402139201,0.0,0.06550003308802843,6
6345,5,0,0.6347227362086292,0.012694454724172584,0.12694454724172585,0,0,0,0,0,0.0,0.0,0.024500011932104826,0
6346,5,0,0.6347227362086292,0.012694454724172584,0.12694454724172585,0,0,0,0,0,0.0,0.0,0.021499989088624716,0
6347,5,0,0.6347227362086292,0.012694454724172584,0.12694454724172585,0,0,0,0,0,0.0,0.0,0.020099978428333998,0
6348,5,1,0.634436959904749,0.01268873919809498,0.1268873919809498,0,0,0,0,7,0.0002857763038690564,0.0,0.06739998934790492,4
6349,5,0,0.634436959904749,0.01268873919809498,0.1268873919809498,0,0,0,0,0,0.0,0.0,0.020799983758479357,0
6350,5,1,0.6341325558182718,0.012682651116365436,0.12682651116365437,0,0,0,0,7,0.0003044040864637054,0.0,0.06900000153109431,4
6351,5,1,0.6338416569125134,0.012676833138250267,0.12676833138250265,0,0,0,0,7,0.00029089890576017297,0.0,0.06670004222542048,4
6352,5,0,0.6338416569125134,0.012676833138250267,0.12676833138250265,0,0,0,0,0,0.0,0.0,0.01810002140700817,0
6353,5,0,0.6325724543018538,0.012651449086037077,0.12651449086037075,2,2,2,2,0,0.0012692026106577714,17.0,0.016600009985268116,0
6354,5,0,0.6313032516911944,0.012626065033823887,0.12626065033823888,2,2,2,2,0,0.0012692026106577714,17.0,0.019200029782950878,0
6355,5,0,0.6313032516911944,0.012626065033823887,0.12626065033823888,0,0,0,0,0,0.0,0.0,0.01880002673715353,0
6356,5,0,0.630034049080535,0.012600680981610698,0.12600680981610696,2,2,2,2,0,0.0012692026106719823,17.0,0.01580000389367342,0
6357,5,0,0.6295411770488715,0.012590823540977429,0.1259082354097743,1,1,1,1,0,0.0004928720316570434,17.0,0.018099963199347258,0
6358,5,0,0.6295411770488715,0.012590823540977429,0.1259082354097743,0,0,0,0,0,0.0,0.0,0.017099955584853888,0
6359,5,0,0.6295411770488715,0.012590823540977429,0.1259082354097743,0,0,0,0,0,0.0,0.0,0.016300007700920105,0
6360,5,0,0.6295411770488715,0.012590823540977429,0.1259082354097743,0,0,0,0,0,0.0,0.0,0.02370000584051013,0
6361,5,0,0.6295411770488715,0.012590823540977429,0.1259082354097743,0,0,0,0,0,0.0,0.0,0.022899999748915434,0
6362,5,1,0.6292592421195384,0.01258518484239077,0.12585184842390768,0,0,0,0,7,0.0002819349293332607,0.0,0.11040002573281527,4
6363,5,0,0.6292592421195384,0.01258518484239077,0.12585184842390768,0,0,0,0,0,0.0,0.0,0.02500001573935151,0
6364,5,0,0.6292592421195384,0.01258518484239077,0.12585184842390768,0,0,0,0,0,0.0,0.0,0.020300038158893585,0
6365,5,0,0.6287663700878752,0.012575327401757503,0.12575327401757502,1,1,1,1,0,0.0004928720316570434,17.0,0.022599997464567423,0
6366,5,1,0.6274482927270879,0.012548965854541759,0.1254896585454176,2,1,1,1,7,0.0013180773607786023,114.0,0.06369996117427945,4
6367,5,1,0.6259893360991061,0.012519786721982123,0.12519786721982124,2,1,1,1,7,0.0014589566279852306,114.0,0.06699998630210757,4
6368,5,0,0.6259893360991061,0.012519786721982123,0.12519786721982124,0,0,0,0,0,0.0,0.0,0.020799983758479357,0
6369,5,0,0.6259893360991061,0.012519786721982123,0.12519786721982124,0,0,0,0,0,0.0,0.0,0.0192999723367393,0
6370,5,0,0.6254255992861542,0.012508511985723083,0.12508511985723084,1,1,1,1,0,0.0005637368129498554,17.0,0.01799996243789792,0
6371,5,0,0.6248618624732022,0.012497237249464044,0.12497237249464041,1,1,1,1,0,0.0005637368129498554,17.0,0.019599974621087313,0
6372,5,0,0.6242981256602501,0.012485962513205003,0.12485962513205003,1,1,1,1,0,0.0005637368129498554,17.0,0.02300000051036477,0
6373,5,0,0.6237343888472981,0.012474687776945962,0.12474687776945963,1,1,1,1,0,0.0005637368129640663,17.0,0.022599997464567423,0
6374,5,0,0.6237343888472981,0.012474687776945962,0.12474687776945963,0,0,0,0,0,0.0,0.0,0.020799983758479357,0
6375,5,0,0.6237343888472981,0.012474687776945962,0.12474687776945963,0,0,0,0,0,0.0,0.0,0.018599967006593943,0
6376,5,1,0.6222359095962468,0.012444718191924935,0.12444718191924935,2,1,1,1,7,0.0014984792510404077,114.0,0.069500005338341,4
6377,5,0,0.6222359095962468,0.012444718191924935,0.12444718191924935,0,0,0,0,0,0.0,0.0,0.017900019884109497,0
6378,5,0,0.6222359095962468,0.012444718191924935,0.12444718191924935,0,0,0,0,0,0.0,0.0,0.0173999578692019,0
6379,5,1,0.6219315055097696,0.012438630110195392,0.12438630110195392,0,0,0,0,7,0.0003044040864637054,0.0,0.055500015150755644,4
6380,5,1,0.6216464585981796,0.012432929171963591,0.12432929171963589,0,0,0,0,7,0.0002850469115855958,0.0,0.07890001870691776,4
6381,5,0,0.6216464585981796,0.012432929171963591,0.12432929171963589,0,0,0,0,0,0.0,0.0,0.02670002868399024,0
6382,5,0,0.6216464585981796,0.012432929171963591,0.12432929171963589,0,0,0,0,0,0.0,0.0,0.023900007363408804,0
6383,5,0,0.6210827217852275,0.01242165443570455,0.1242165443570455,1,1,1,1,0,0.0005637368129640663,17.0,0.025300018023699522,0
6384,5,0,0.6204787881564608,0.012409575763129217,0.12409575763129219,1,1,1,1,0,0.0006039336287670949,17.0,0.02729997504502535,0
6385,5,0,0.6204787881564608,0.012409575763129217,0.12409575763129219,0,0,0,0,0,0.0,0.0,0.03349996404722333,0
6386,5,0,0.6204787881564608,0.012409575763129217,0.12409575763129219,0,0,0,0,0,0.0,0.0,0.024600012693554163,0
6387,5,0,0.6198748545276943,0.012397497090553886,0.12397497090553886,1,1,1,1,0,0.0006039336287670949,17.0,0.023100001271814108,0
6388,5,0,0.6198748545276943,0.012397497090553886,0.12397497090553886,0,0,0,0,0,0.0,0.0,0.023900007363408804,0
6389,5,1,0.6195929195983612,0.012391858391967223,0.12391858391967223,0,0,0,0,7,0.00028193492931904984,0.0,0.07770000956952572,4
6390,5,0,0.6182459678794968,0.012364919357589937,0.12364919357589936,2,2,2,2,0,0.0013469517188724467,17.0,0.02440001117065549,0
6391,5,1,0.6173511353449718,0.012347022706899436,0.12347022706899433,1,1,1,1,7,0.000894832534513057,114.0,0.0724999699741602,4
6392,5,0,0.6167472017162051,0.012334944034324103,0.123349440343241,1,1,1,1,0,0.0006039336287670949,17.0,0.0247000134550035,0
6393,5,0,0.6167472017162051,0.012334944034324103,0.123349440343241,0,0,0,0,0,0.0,0.0,0.02400000812485814,0
6394,5,1,0.6151374969862263,0.012302749939724527,0.12302749939724525,2,1,1,1,7,0.00160970472997235,114.0,0.07399998139590025,4
6395,5,0,0.613790545267362,0.01227581090534724,0.1227581090534724,2,2,2,2,0,0.0013469517188582358,17.0,0.02340000355616212,0
6396,5,0,0.6119507215168343,0.012239014430336686,0.12239014430336685,3,3,3,3,0,0.00183982375052949,17.0,0.020199979189783335,0
6397,5,0,0.6119507215168343,0.012239014430336686,0.12239014430336685,0,0,0,0,0,0.0,0.0,0.020000035874545574,0
6398,5,0,0.6107148313950732,0.012214296627901465,0.12214296627901464,2,2,2,2,0,0.0012358901217623952,17.0,0.0192999723367393,0
6399,5,1,0.6092114590539486,0.01218422918107897,0.12184229181078972,2,1,1,1,7,0.0015033723411193023,114.0,0.07090001599863172,4
6400,5,0,0.6086075254251819,0.012172150508503638,0.12172150508503639,1,1,1,1,0,0.0006039336287670949,17.0,0.028399983420968056,0
6401,5,0,0.6075509165805666,0.012151018331611332,0.12151018331611332,2,2,2,2,0,0.0010566088446211097,17.0,0.026899971999228,0
6402,5,1,0.6053723625495968,0.012107447250991936,0.12107447250991936,3,1,2,2,7,0.002178554030976443,114.0,0.07299997378140688,4
6403,5,0,0.6047684289208302,0.012095368578416603,0.12095368578416603,1,1,1,1,0,0.0006039336287670949,17.0,0.027300033252686262,0
6404,5,0,0.6035325387990691,0.012070650775981382,0.12070650775981381,2,2,2,2,0,0.0012358901217623952,17.0,0.02589996438473463,0
6405,5,0,0.6030396667674058,0.012060793335348118,0.12060793335348115,1,1,1,1,0,0.0004928720316570434,17.0,0.024900014977902174,0
6406,5,0,0.602296648677308,0.012045932973546161,0.12045932973546161,1,1,1,1,0,0.0007430180901053518,17.0,0.0247000134550035,0
6407,5,0,0.6016927150485414,0.012033854300970828,0.12033854300970828,1,1,1,1,0,0.0006039336287670949,17.0,0.024600012693554163,0
6408,5,0,0.6004568249267803,0.012009136498535607,0.12009136498535607,2,2,2,2,0,0.0012358901217623952,17.0,0.026699970476329327,0
6409,5,0,0.5986170011762526,0.011972340023525051,0.11972340023525052,3,3,3,3,0,0.00183982375052949,17.0,0.025099958293139935,0
6410,5,1,0.5972978022061338,0.011945956044122677,0.11945956044122677,2,1,1,1,7,0.0013191989701084594,114.0,0.09560002945363522,4
6411,5,1,0.5970158672768007,0.011940317345536014,0.11940317345536014,0,0,0,0,7,0.0002819349293332607,0.0,0.07010000990703702,4
6412,5,0,0.596411933648034,0.011928238672960681,0.11928238672960681,1,1,1,1,0,0.0006039336287670949,17.0,0.023800006601959467,0
6413,5,0,0.5956689155579362,0.011913378311158724,0.11913378311158726,1,1,1,1,0,0.000743018090091141,17.0,0.02340000355616212,0
6414,5,0,0.5956689155579362,0.011913378311158724,0.11913378311158726,0,0,0,0,0,0.0,0.0,0.023100001271814108,0
6415,5,1,0.5953831392540562,0.011907662785081123,0.11907662785081126,0,0,0,0,7,0.0002857763038690564,0.0,0.06780005060136318,4
6416,5,0,0.5953831392540562,0.011907662785081123,0.11907662785081126,0,0,0,0,0,0.0,0.0,0.021199986804276705,0
6417,5,0,0.5953831392540562,0.011907662785081123,0.11907662785081126,0,0,0,0,0,0.0,0.0,0.020200037397444248,0
6418,5,0,0.5946401211639585,0.01189280242327917,0.1189280242327917,1,1,1,1,0,0.0007430180901053518,17.0,0.019899976905435324,0
6419,5,1,0.5929978333373713,0.011859956666747426,0.11859956666747426,2,1,1,1,7,0.0016422878265842655,114.0,0.06649998249486089,4
6420,5,0,0.5929978333373713,0.011859956666747426,0.11859956666747426,0,0,0,0,0,0.0,0.0,0.02719997428357601,0
6421,5,0,0.5929978333373713,0.011859956666747426,0.11859956666747426,0,0,0,0,0,0.0,0.0,0.02629996743053198,0
6422,5,0,0.5929978333373713,0.011859956666747426,0.11859956666747426,0,0,0,0,0,0.0,0.0,0.023800006601959467,0
6423,5,1,0.5927069344316129,0.011854138688632259,0.11854138688632258,0,0,0,0,7,0.0002908989057459621,0.0,0.0716999638825655,4
6424,5,0,0.5927069344316129,0.011854138688632259,0.11854138688632258,0,0,0,0,0,0.0,0.0,0.027100031729787588,0
6425,5,1,0.5924025303451357,0.011848050606902714,0.11848050606902713,0,0,0,0,7,0.0003044040864637054,0.0,0.07199996616691351,4
6426,5,0,0.5924025303451357,0.011848050606902714,0.11848050606902713,0,0,0,0,0,0.0,0.0,0.022799998987466097,0
6427,5,0,0.5924025303451357,0.011848050606902714,0.11848050606902713,0,0,0,0,0,0.0,0.0,0.021600048057734966,0
6428,5,0,0.5919096583134724,0.011838193166269448,0.11838193166269448,1,1,1,1,0,0.0004928720316712543,17.0,0.02069998299703002,0
6429,5,0,0.591416786281809,0.01182833572563618,0.11828335725636178,1,1,1,1,0,0.0004928720316570434,17.0,0.022799998987466097,0
6430,5,0,0.5909239142501457,0.011818478285002914,0.11818478285002913,1,1,1,1,0,0.0004928720316712543,17.0,0.022299995180219412,0
6431,5,1,0.5906388673385556,0.011812777346771114,0.11812777346771113,0,0,0,0,7,0.0002850469115855958,0.0,0.0703000114299357,4
6432,5,1,0.5898640603775591,0.011797281207551183,0.11797281207551183,1,1,1,1,7,0.0007748069609903041,114.0,0.06589997792616487,4
6433,5,0,0.5893711883458959,0.011787423766917916,0.11787423766917915,1,1,1,1,0,0.0004928720316570434,17.0,0.02099998528137803,0
6434,5,0,0.5886281702557981,0.011772563405115961,0.11772563405115961,1,1,1,1,0,0.0007430180901053518,17.0,0.021499989088624716,0
6435,5,0,0.5886281702557981,0.011772563405115961,0.11772563405115961,0,0,0,0,0,0.0,0.0,0.02529995981603861,0
6436,5,0,0.5878851521657004,0.011757703043314006,0.11757703043314008,1,1,1,1,0,0.000743018090091141,17.0,0.01969997538253665,0
6437,5,1,0.5864261955377186,0.011728523910754372,0.11728523910754371,2,1,2,2,7,0.0014589566279852306,114.0,0.06990000838413835,4
6438,5,0,0.5856831774476208,0.011713663548952416,0.11713663548952416,1,1,1,1,0,0.000743018090091141,17.0,0.01999997766688466,0
6439,5,0,0.5856831774476208,0.011713663548952416,0.11713663548952416,0,0,0,0,0,0.0,0.0,0.017600017599761486,0
6440,5,1,0.5839993612856422,0.011679987225712845,0.11679987225712843,2,1,2,2,7,0.001683816161971663,114.0,0.07170002209022641,4
6441,5,0,0.5826926063825925,0.011653852127651848,0.11653852127651847,2,2,2,2,0,0.0013067549030552073,17.0,0.025600020308047533,0
6442,5,0,0.5815249359408738,0.011630498718817477,0.11630498718817477,2,2,2,2,0,0.0011676704417169503,17.0,0.024500011932104826,0
6443,5,0,0.5809611991279218,0.011619223982558435,0.11619223982558435,1,1,1,1,0,0.0005637368129640663,17.0,0.02359994687139988,0
6444,5,0,0.5803974623149699,0.011607949246299399,0.11607949246299396,1,1,1,1,0,0.0005637368129498554,17.0,0.025200017262250185,0
6445,5,0,0.5787369198415879,0.011574738396831758,0.11574738396831759,3,3,3,3,0,0.0016605424733882046,17.0,0.02269999822601676,0
6446,5,0,0.5782440478099246,0.011564880956198492,0.11564880956198491,1,1,1,1,0,0.0004928720316570434,17.0,0.023900007363408804,0
6447,5,0,0.5776401141811579,0.011552802283623159,0.11552802283623158,1,1,1,1,0,0.0006039336287670949,17.0,0.024200009647756815,0
6448,5,0,0.5759795717077759,0.011519591434155518,0.11519591434155518,3,3,3,3,0,0.0016605424733882046,17.0,0.023900007363408804,0
6449,5,1,0.5744362491185016,0.011488724982370031,0.11488724982370031,2,1,2,2,7,0.0015433225892707014,114.0,0.0858000130392611,4
6450,5,0,0.5732685786767829,0.011465371573535658,0.11465371573535658,2,2,2,2,0,0.0011676704417169503,17.0,0.026200024876743555,0
6451,5,0,0.572704841863831,0.01145409683727662,0.1145409683727662,1,1,1,1,0,0.0005637368129498554,17.0,0.025800021830946207,0
6452,5,0,0.5715371714221124,0.011430743428442247,0.11430743428442247,2,2,2,2,0,0.0011676704417169503,17.0,0.024200009647756815,0
6453,5,1,0.5706423388875873,0.011412846777751746,0.11412846777751746,1,1,1,1,7,0.0008948325345272679,114.0,0.07559999357908964,4
6454,5,0,0.5694746684458687,0.011389493368917375,0.11389493368917374,2,2,2,2,0,0.0011676704417169503,17.0,0.03809999907389283,0
6455,5,0,0.5680944042381059,0.011361888084762118,0.11361888084762117,2,2,2,2,0,0.0013802642077678229,17.0,0.02440001117065549,0
6456,5,0,0.5675306674251539,0.011350613348503078,0.11350613348503077,1,1,1,1,0,0.0005637368129498554,17.0,0.01780001912266016,0
6457,5,2,0.5665087218059508,0.011330174436119016,0.11330174436119014,1,1,1,1,9,0.0010219456192004372,54.0,0.05289999535307288,6
6458,5,0,0.5651686544140027,0.011303373088280054,0.11303373088280053,2,2,2,2,0,0.0013400673919505834,17.0,0.022299995180219412,0
6459,5,0,0.5638285870220545,0.01127657174044109,0.11276571740441091,2,2,2,2,0,0.0013400673919505834,17.0,0.016900012269616127,0
6460,5,1,0.56183418285975,0.011236683657194999,0.11236683657194999,3,1,2,2,7,0.0019944041622892428,114.0,0.08450000314041972,4
6461,5,0,0.56183418285975,0.011236683657194999,0.11236683657194999,0,0,0,0,0,0.0,0.0,0.02789997961372137,0
6462,5,0,0.5610578522807539,0.011221157045615078,0.11221157045615075,1,1,1,1,0,0.000776330579000728,17.0,0.02340000355616212,0
6463,5,0,0.5610578522807539,0.011221157045615078,0.11221157045615075,0,0,0,0,0,0.0,0.0,0.025300018023699522,0
6464,5,1,0.5607534481942766,0.011215068963885532,0.11215068963885533,0,0,0,0,7,0.0003044040864779163,0.0,0.07509998977184296,4
6465,5,0,0.5607534481942766,0.011215068963885532,0.11215068963885533,0,0,0,0,0,0.0,0.0,0.02489995677024126,0
6466,5,1,0.5604684012826865,0.01120936802565373,0.11209368025653729,0,0,0,0,7,0.0002850469115855958,0.0,0.06920000305399299,4
6467,5,0,0.5604684012826865,0.01120936802565373,0.11209368025653729,0,0,0,0,0,0.0,0.0,0.021299987565726042,0
6468,5,0,0.5604684012826865,0.01120936802565373,0.11209368025653729,0,0,0,0,0,0.0,0.0,0.019300030544400215,0
6469,5,0,0.5604684012826865,0.01120936802565373,0.11209368025653729,0,0,0,0,0,0.0,0.0,0.01910002902150154,0
6470,5,0,0.5604684012826865,0.01120936802565373,0.11209368025653729,0,0,0,0,0,0.0,0.0,0.01869996776804328,0
6471,5,0,0.5604684012826865,0.01120936802565373,0.11209368025653729,0,0,0,0,0,0.0,0.0,0.020199979189783335,0
6472,5,1,0.5601826249788064,0.011203652499576128,0.11203652499576129,0,0,0,0,7,0.0002857763038690564,0.0,0.06549997488036752,4
6473,5,0,0.5601826249788064,0.011203652499576128,0.11203652499576129,0,0,0,0,0,0.0,0.0,0.020299979951232672,0
6474,5,0,0.5601826249788064,0.011203652499576128,0.11203652499576129,0,0,0,0,0,0.0,0.0,0.018899969290941954,0
6475,5,0,0.5601826249788064,0.011203652499576128,0.11203652499576129,0,0,0,0,0,0.0,0.0,0.016900012269616127,0
6476,5,1,0.559891726073048,0.011197834521460961,0.11197834521460959,0,0,0,0,7,0.0002908989057459621,0.0,0.07239996921271086,4
6477,5,0,0.559891726073048,0.011197834521460961,0.11197834521460959,0,0,0,0,0,0.0,0.0,0.017900019884109497,0
6478,5,0,0.5591153954940519,0.011182307909881038,0.11182307909881035,1,1,1,1,0,0.000776330579000728,17.0,0.021099986042827368,0
6479,5,0,0.5591153954940519,0.011182307909881038,0.11182307909881035,0,0,0,0,0,0.0,0.0,0.0399000127799809,0
6480,5,0,0.5591153954940519,0.011182307909881038,0.11182307909881035,0,0,0,0,0,0.0,0.0,0.02400000812485814,0
6481,5,0,0.5583390649150557,0.011166781298301114,0.11166781298301114,1,1,1,1,0,0.000776330579000728,17.0,0.023200002033263445,0
6482,5,0,0.5583390649150557,0.011166781298301114,0.11166781298301114,0,0,0,0,0,0.0,0.0,0.024100008886307478,0
6483,5,0,0.5583390649150557,0.011166781298301114,0.11166781298301114,0,0,0,0,0,0.0,0.0,0.022000051103532314,0
6484,5,0,0.5583390649150557,0.011166781298301114,0.11166781298301114,0,0,0,0,0,0.0,0.0,0.024600012693554163,0
6485,5,0,0.5575627343360595,0.01115125468672119,0.1115125468672119,1,1,1,1,0,0.0007763305789865171,17.0,0.03880000440403819,0
6486,5,0,0.5567864037570635,0.01113572807514127,0.11135728075141267,1,1,1,1,0,0.000776330579000728,17.0,0.029799994081258774,0
6487,5,0,0.5560100731780673,0.011120201463561345,0.11120201463561345,1,1,1,1,0,0.000776330579000728,17.0,0.0295999925583601,0
6488,5,1,0.5545067008369426,0.011090134016738853,0.11090134016738853,2,1,1,1,7,0.0015033723411193023,114.0,0.08430000161752105,4
6489,5,0,0.5545067008369426,0.011090134016738853,0.11090134016738853,0,0,0,0,0,0.0,0.0,0.02800003858283162,0
6490,5,0,0.5545067008369426,0.011090134016738853,0.11090134016738853,0,0,0,0,0,0.0,0.0,0.02770003629848361,0
6491,5,0,0.5545067008369426,0.011090134016738853,0.11090134016738853,0,0,0,0,0,0.0,0.0,0.027200032491236925,0
6492,5,0,0.5545067008369426,0.011090134016738853,0.11090134016738853,0,0,0,0,0,0.0,0.0,0.024200009647756815,0
6493,5,1,0.5542247659076096,0.011084495318152192,0.11084495318152192,0,0,0,0,7,0.0002819349293332607,0.0,0.08299999171867967,4
6494,5,1,0.5539389896037294,0.011078779792074589,0.11078779792074589,0,0,0,0,7,0.0002857763038690564,0.0,0.11449999874457717,4
6495,5,0,0.5539389896037294,0.011078779792074589,0.11078779792074589,0,0,0,0,0,0.0,0.0,0.055500015150755644,0
6496,5,1,0.5536480906979712,0.011072961813959423,0.11072961813959421,0,0,0,0,7,0.0002908989057459621,0.0,0.0923000043258071,4
6497,5,1,0.5533630437863812,0.011067260875727625,0.11067260875727625,0,0,0,0,7,0.0002850469115855958,0.0,0.0741000403650105,4
6498,5,0,0.5533630437863812,0.011067260875727625,0.11067260875727625,0,0,0,0,0,0.0,0.0,0.019200029782950878,0
6499,5,0,0.5533630437863812,0.011067260875727625,0.11067260875727625,0,0,0,0,0,0.0,0.0,0.01899997005239129,0
6500,5,1,0.553081108857048,0.01106162217714096,0.11061622177140962,0,0,0,0,7,0.0002819349293332607,0.0,0.07149996235966682,4
6501,5,0,0.553081108857048,0.01106162217714096,0.11061622177140962,0,0,0,0,0,0.0,0.0,0.02039998071268201,0
6502,5,0,0.553081108857048,0.01106162217714096,0.11061622177140962,0,0,0,0,0,0.0,0.0,0.018499966245144606,0
6503,5,1,0.552776704770571,0.011055534095411419,0.11055534095411419,0,0,0,0,7,0.0003044040864637054,0.0,0.07349997758865356,4
6504,5,0,0.552776704770571,0.011055534095411419,0.11055534095411419,0,0,0,0,0,0.0,0.0,0.02139998832717538,0
6505,5,0,0.552776704770571,0.011055534095411419,0.11055534095411419,0,0,0,0,0,0.0,0.0,0.016400008462369442,0
6506,5,1,0.5524858058648126,0.01104971611729625,0.11049716117296252,0,0,0,0,7,0.00029089890576017297,0.0,0.052799994591623545,4
6507,5,0,0.5524858058648126,0.01104971611729625,0.11049716117296252,0,0,0,0,0,0.0,0.0,0.022099993657320738,0
6508,5,0,0.5524858058648126,0.01104971611729625,0.11049716117296252,0,0,0,0,0,0.0,0.0,0.022899999748915434,0
6509,5,0,0.5524858058648126,0.01104971611729625,0.11049716117296252,0,0,0,0,0,0.0,0.0,0.023600005079060793,0
6510,5,0,0.5524858058648126,0.01104971611729625,0.11049716117296252,0,0,0,0,0,0.0,0.0,0.014699995517730713,0
6511,5,1,0.5522007589532226,0.011044015179064453,0.11044015179064452,0,0,0,0,7,0.0002850469115855958,0.0,0.06360001862049103,4
6512,5,0,0.5522007589532226,0.011044015179064453,0.11044015179064452,0,0,0,0,0,0.0,0.0,0.021200045011937618,0
6513,5,0,0.5522007589532226,0.011044015179064453,0.11044015179064452,0,0,0,0,0,0.0,0.0,0.023300002794712782,0
6514,5,0,0.5522007589532226,0.011044015179064453,0.11044015179064452,0,0,0,0,0,0.0,0.0,0.018700025975704193,0
6515,5,0,0.5522007589532226,0.011044015179064453,0.11044015179064452,0,0,0,0,0,0.0,0.0,0.019300030544400215,0
6516,5,0,0.5522007589532226,0.011044015179064453,0.11044015179064452,0,0,0,0,0,0.0,0.0,0.03260001540184021,0
6517,5,0,0.5522007589532226,0.011044015179064453,0.11044015179064452,0,0,0,0,0,0.0,0.0,0.024500011932104826,0
6518,5,1,0.5519149826493425,0.01103829965298685,0.1103829965298685,0,0,0,0,7,0.0002857763038690564,0.0,0.38049998693168163,4
6519,5,0,0.5519149826493425,0.01103829965298685,0.1103829965298685,0,0,0,0,0,0.0,0.0,0.025100016500800848,0
6520,5,1,0.5516292063454624,0.011032584126909249,0.11032584126909246,0,0,0,0,7,0.0002857763038690564,0.0,0.09380001574754715,4
6521,5,0,0.5516292063454624,0.011032584126909249,0.11032584126909246,0,0,0,0,0,0.0,0.0,0.029099988751113415,0
6522,5,0,0.5516292063454624,0.011032584126909249,0.11032584126909246,0,0,0,0,0,0.0,0.0,0.026500027161091566,0
6523,5,0,0.5516292063454624,0.011032584126909249,0.11032584126909246,0,0,0,0,0,0.0,0.0,0.025600020308047533,0
6524,5,0,0.5516292063454624,0.011032584126909249,0.11032584126909246,0,0,0,0,0,0.0,0.0,0.026699970476329327,0
6525,5,0,0.5516292063454624,0.011032584126909249,0.11032584126909246,0,0,0,0,0,0.0,0.0,0.024900014977902174,0
6526,5,0,0.5516292063454624,0.011032584126909249,0.11032584126909246,0,0,0,0,0,0.0,0.0,0.024800014216452837,0
6527,5,1,0.551338307439704,0.01102676614879408,0.1102676614879408,0,0,0,0,7,0.00029089890576017297,0.0,0.08369999704882503,4
6528,5,0,0.551338307439704,0.01102676614879408,0.1102676614879408,0,0,0,0,0,0.0,0.0,0.02629996743053198,0
6529,5,2,0.5510641156161373,0.011021282312322746,0.11021282312322747,0,0,0,0,7,0.00027419182356425154,0.0,0.07579999510198832,6
6530,5,0,0.5510641156161373,0.011021282312322746,0.11021282312322747,0,0,0,0,0,0.0,0.0,0.02340000355616212,0
6531,5,0,0.5510641156161373,0.011021282312322746,0.11021282312322747,0,0,0,0,0,0.0,0.0,0.023900007363408804,0
6532,5,0,0.5505712435844738,0.011011424871689476,0.11011424871689479,1,1,1,1,0,0.0004928720316570434,17.0,0.020700041204690933,0
6533,5,0,0.5505712435844738,0.011011424871689476,0.11011424871689479,0,0,0,0,0,0.0,0.0,0.023999949917197227,0
6534,5,0,0.5500783715528106,0.011001567431056212,0.11001567431056211,1,1,1,1,0,0.0004928720316712543,17.0,0.021599989850074053,0
6535,5,0,0.5500783715528106,0.011001567431056212,0.11001567431056211,0,0,0,0,0,0.0,0.0,0.02619996666908264,0
6536,5,0,0.5500783715528106,0.011001567431056212,0.11001567431056211,0,0,0,0,0,0.0,0.0,0.020099978428333998,0
6537,5,1,0.5497964366234775,0.01099592873246955,0.10995928732469551,0,0,0,0,7,0.00028193492931904984,0.0,0.08640001760795712,4
6538,5,0,0.5493035645918141,0.01098607129183628,0.10986071291836283,1,1,1,1,0,0.0004928720316712543,17.0,0.022599997464567423,0
6539,5,0,0.5488106925601508,0.010976213851203016,0.10976213851203016,1,1,1,1,0,0.0004928720316570434,17.0,0.022500054910779,0
6540,5,0,0.5483178205284875,0.01096635641056975,0.10966356410569751,1,1,1,1,0,0.0004928720316712543,17.0,0.0323000131174922,0
6541,5,0,0.5483178205284875,0.01096635641056975,0.10966356410569751,0,0,0,0,0,0.0,0.0,0.028600043151527643,0
6542,5,0,0.5483178205284875,0.01096635641056975,0.10966356410569751,0,0,0,0,0,0.0,0.0,0.027399975806474686,0
6543,5,0,0.5483178205284875,0.01096635641056975,0.10966356410569751,0,0,0,0,0,0.0,0.0,0.02719997428357601,0
6544,5,0,0.5483178205284875,0.01096635641056975,0.10966356410569751,0,0,0,0,0,0.0,0.0,0.028099981136620045,0
6545,5,0,0.5477138868997209,0.010954277737994417,0.10954277737994418,1,1,1,1,0,0.0006039336287670949,17.0,0.025800021830946207,0
6546,5,0,0.5477138868997209,0.010954277737994417,0.10954277737994418,0,0,0,0,0,0.0,0.0,0.030499999411404133,0
6547,5,1,0.5474319519703877,0.010948639039407754,0.10948639039407755,0,0,0,0,7,0.00028193492931904984,0.0,0.0866000191308558,4
6548,5,2,0.5471862808497141,0.010943725616994282,0.10943725616994282,0,0,0,0,9,0.0002456711206662021,0.0,0.07599999662488699,6
6549,5,0,0.5471862808497141,0.010943725616994282,0.10943725616994282,0,0,0,0,0,0.0,0.0,0.02489995677024126,0
6550,5,0,0.5471862808497141,0.010943725616994282,0.10943725616994282,0,0,0,0,0,0.0,0.0,0.025100016500800848,0
6551,5,0,0.5471862808497141,0.010943725616994282,0.10943725616994282,0,0,0,0,0,0.0,0.0,0.02340000355616212,0
6552,5,1,0.5468953819439558,0.010937907638879116,0.10937907638879116,0,0,0,0,7,0.00029089890576017297,0.0,0.07889996049925685,4
6553,5,0,0.5468953819439558,0.010937907638879116,0.10937907638879116,0,0,0,0,0,0.0,0.0,0.022599997464567423,0
6554,5,0,0.5468953819439558,0.010937907638879116,0.10937907638879116,0,0,0,0,0,0.0,0.0,0.022299995180219412,0
6555,5,0,0.5468953819439558,0.010937907638879116,0.10937907638879116,0,0,0,0,0,0.0,0.0,0.020499981474131346,0
6556,5,1,0.5465909778574787,0.010931819557149574,0.10931819557149573,0,0,0,0,7,0.0003044040864637054,0.0,0.07340003503486514,4
6557,5,0,0.5465909778574787,0.010931819557149574,0.10931819557149573,0,0,0,0,0,0.0,0.0,0.026099965907633305,0
6558,5,0,0.5458479597673809,0.010916959195347617,0.10916959195347617,1,1,1,1,0,0.0007430180901053518,17.0,0.020899984519928694,0
6559,5,0,0.5452440261386143,0.010904880522772286,0.10904880522772284,1,1,1,1,0,0.0006039336287670949,17.0,0.021099986042827368,0
6560,5,0,0.5446400925098477,0.010892801850196953,0.10892801850196954,1,1,1,1,0,0.0006039336287670949,17.0,0.029699993319809437,0
6561,5,1,0.5431169298424179,0.010862338596848358,0.10862338596848356,2,1,1,1,7,0.0015231626674250265,114.0,0.069500005338341,4
6562,5,0,0.5417699781235534,0.010835399562471069,0.10835399562471068,2,2,2,2,0,0.0013469517188582358,17.0,0.022799998987466097,0
6563,5,0,0.5404230264046891,0.010808460528093781,0.10808460528093781,2,2,2,2,0,0.0013469517188724467,17.0,0.03309996100142598,0
6564,5,0,0.5398190927759225,0.01079638185551845,0.10796381855518448,1,1,1,1,0,0.0006039336287670949,17.0,0.02770003629848361,0
6565,5,0,0.5392151591471559,0.010784303182943118,0.10784303182943115,1,1,1,1,0,0.0006039336287670949,17.0,0.025100016500800848,0
6566,5,0,0.5384721410570581,0.010769442821141163,0.10769442821141162,1,1,1,1,0,0.000743018090091141,17.0,0.024300010409206152,0
6567,5,0,0.5378682074282914,0.010757364148565828,0.10757364148565832,1,1,1,1,0,0.0006039336287670949,17.0,0.024999957531690598,0
6568,5,0,0.5365212557094271,0.010730425114188542,0.10730425114188542,2,2,2,2,0,0.0013469517188724467,17.0,0.037699996028095484,0
6569,5,0,0.5357782376193294,0.010715564752386587,0.10715564752386589,1,1,1,1,0,0.000743018090091141,17.0,0.029499991796910763,0
6570,5,0,0.5344312859004651,0.010688625718009302,0.106886257180093,2,2,2,2,0,0.0013469517188724467,17.0,0.03620004281401634,0
6571,5,1,0.5329781250708934,0.010659562501417868,0.10659562501417867,2,1,2,2,7,0.0014531608295698106,114.0,0.0982999918051064,4
6572,5,0,0.5322351069807957,0.010644702139615913,0.10644702139615914,1,1,1,1,0,0.000743018090091141,17.0,0.030399998649954796,0
6573,5,2,0.5309623510359103,0.010619247020718205,0.10619247020718206,2,1,1,1,9,0.0012727559448819648,74.0,0.0771000050008297,6
6574,5,0,0.5302193329458126,0.010604386658916252,0.10604386658916251,1,1,1,1,0,0.000743018090091141,17.0,0.025300018023699522,0
6575,5,0,0.5294763148557149,0.010589526297114299,0.10589526297114298,1,1,1,1,0,0.0007430180901053518,17.0,0.023900007363408804,0
6576,5,0,0.5288723812269482,0.010577447624538964,0.10577447624538965,1,1,1,1,0,0.0006039336287670949,17.0,0.023100001271814108,0
6577,5,0,0.5281293631368504,0.01056258726273701,0.10562587262737011,1,1,1,1,0,0.000743018090091141,17.0,0.024100008886307478,0
6578,5,1,0.526931311349592,0.01053862622699184,0.10538626226991839,2,1,1,1,7,0.0011980517872558494,114.0,0.09370001498609781,4
6579,5,0,0.5261882932594943,0.010523765865189888,0.10523765865189885,1,1,1,1,0,0.0007430180901053518,17.0,0.021299987565726042,0
6580,5,0,0.5255843596307277,0.010511687192614553,0.10511687192614552,1,1,1,1,0,0.0006039336287670949,17.0,0.025900022592395544,0
6581,5,0,0.5242374079118632,0.010484748158237266,0.10484748158237264,2,2,2,2,0,0.0013469517188582358,17.0,0.023900007363408804,0
6582,5,2,0.522964651966978,0.010459293039339559,0.1045929303933956,2,1,2,2,9,0.0012727559448819648,74.0,0.06419996498152614,6
6583,5,1,0.5215114911374064,0.010430229822748128,0.10430229822748127,2,1,2,2,7,0.0014531608295698106,114.0,0.07450004341080785,4
6584,5,0,0.5207684730473086,0.01041536946094617,0.10415369460946171,1,1,1,1,0,0.000743018090091141,17.0,0.02370000584051013,0
6585,5,0,0.5194215213284442,0.010388430426568885,0.10388430426568881,2,2,2,2,0,0.0013469517188724467,17.0,0.02239999594166875,0
6586,5,0,0.5181147664253944,0.010362295328507888,0.1036229532850789,2,2,2,2,0,0.0013067549030409964,17.0,0.023900007363408804,0
6587,5,0,0.5175108327966278,0.010350216655932555,0.10350216655932558,1,1,1,1,0,0.0006039336287670949,17.0,0.022300053387880325,0
6588,5,0,0.5175108327966278,0.010350216655932555,0.10350216655932558,0,0,0,0,0,0.0,0.0,0.022599997464567423,0
6589,5,0,0.5162040778935781,0.010324081557871562,0.10324081557871563,2,2,2,2,0,0.0013067549030552073,17.0,0.021499989088624716,0
6590,5,0,0.5148973229905285,0.01029794645981057,0.1029794645981057,2,2,2,2,0,0.0013067549030552073,17.0,0.02629996743053198,0
6591,5,0,0.5141209924115323,0.010282419848230646,0.10282419848230646,1,1,1,1,0,0.000776330579000728,17.0,0.02519995905458927,0
6592,5,0,0.5127809250195842,0.010255618500391684,0.1025561850039168,2,2,2,2,0,0.0013400673919505834,17.0,0.02169999061152339,0
6593,5,1,0.5114217522989751,0.010228435045979502,0.10228435045979503,2,1,1,1,7,0.0013591727205977122,114.0,0.07429998368024826,4
6594,5,0,0.5114217522989751,0.010228435045979502,0.10228435045979503,0,0,0,0,0,0.0,0.0,0.023100001271814108,0
6595,5,1,0.5097794644723881,0.010195589289447762,0.10195589289447762,2,1,1,1,7,0.0016422878265842655,114.0,0.07310003275051713,4
6596,5,0,0.509003133893392,0.01018006267786784,0.1018006267786784,1,1,1,1,0,0.0007763305789865171,17.0,0.019899976905435324,0
6597,5,0,0.5074837852242982,0.010149675704485963,0.10149675704485964,2,2,2,2,0,0.0015193486691060798,17.0,0.019000028260052204,0
6598,4,0,0.5072316242470389,0.01014463248494078,0.12680790606175973,1,0,1,0,0,0.0002521609772543343,0.0,0.019200029782950878,0
6599,4,0,0.5066276906182723,0.010132553812365446,0.12665692265456807,1,1,1,1,0,0.0006039336287670949,17.0,0.016700010746717453,0
6600,4,0,0.5066276906182723,0.010132553812365446,0.12665692265456807,0,0,0,0,0,0.0,0.0,0.02400000812485814,0
6601,4,0,0.5058513600392762,0.010117027200785524,0.12646284000981906,1,1,1,1,0,0.000776330579000728,17.0,0.02150004729628563,0
6602,4,0,0.50507502946028,0.0101015005892056,0.12626875736507,1,1,1,1,0,0.0007763305789865171,17.0,0.023600005079060793,0
6603,4,0,0.50507502946028,0.0101015005892056,0.12626875736507,0,0,0,0,0,0.0,0.0,0.024100008886307478,0
6604,4,0,0.50507502946028,0.0101015005892056,0.12626875736507,0,0,0,0,0,0.0,0.0,0.02500001573935151,0
6605,4,0,0.5042986988812839,0.010085973977625678,0.126074674720321,1,1,1,1,0,0.000776330579000728,17.0,0.023500004317611456,0
6606,4,0,0.5035223683022878,0.010070447366045756,0.12588059207557195,1,1,1,1,0,0.000776330579000728,17.0,0.023600005079060793,0
6607,4,0,0.5035223683022878,0.010070447366045756,0.12588059207557195,0,0,0,0,0,0.0,0.0,0.02400000812485814,0
6608,4,0,0.5027460377232916,0.010054920754465832,0.1256865094308229,1,1,1,1,0,0.000776330579000728,17.0,0.024500011932104826,0
6609,4,0,0.5019697071442956,0.010039394142885912,0.1254924267860739,1,1,1,1,0,0.0007763305789865171,17.0,0.023600005079060793,0
6610,4,0,0.5011933765652994,0.010023867531305988,0.12529834414132485,1,1,1,1,0,0.000776330579000728,17.0,0.022599997464567423,0
6611,4,0,0.5004170459863032,0.010008340919726064,0.1251042614965758,1,1,1,1,0,0.000776330579000728,17.0,0.0219999928958714,0
6612,4,0,0.5004170459863032,0.010008340919726064,0.1251042614965758,0,0,0,0,0,0.0,0.0,0.023300002794712782,0
6613,4,1,0.5001743929882261,0.010003487859764522,0.12504359824705652,0,0,0,0,6,0.000242652998068138,0.0,0.06940000457689166,3
6614,4,1,0.4988657283793173,0.009977314567586347,0.12471643209482933,2,1,1,1,6,0.0013086646088993348,94.0,0.06660004146397114,3
6615,4,0,0.4988657283793173,0.009977314567586347,0.12471643209482933,0,0,0,0,0,0.0,0.0,0.02300000051036477,0
6616,4,0,0.4988657283793173,0.009977314567586347,0.12471643209482933,0,0,0,0,0,0.0,0.0,0.023600005079060793,0
6617,4,0,0.4988657283793173,0.009977314567586347,0.12471643209482933,0,0,0,0,0,0.0,0.0,0.019499973859637976,0
6618,4,1,0.4986387269845274,0.009972774539690548,0.12465968174613185,0,0,0,0,6,0.00022700139479070458,0.0,0.06079999729990959,3
6619,4,1,0.49839804640054874,0.009967960928010975,0.12459951160013719,0,0,0,0,6,0.00024068058397119785,0.0,0.06089999806135893,3
6620,4,0,0.49762171582155257,0.009952434316431051,0.12440542895538814,1,1,1,1,0,0.000776330579000728,17.0,0.025399960577487946,0
6621,4,0,0.49684538524255645,0.009936907704851129,0.1242113463106391,1,1,1,1,0,0.000776330579000728,17.0,0.024300010409206152,0
6622,4,0,0.49557618263189696,0.009911523652637939,0.12389404565797424,2,2,2,2,0,0.0012692026106577714,17.0,0.023800006601959467,0
6623,4,1,0.49485188378260075,0.009897037675652014,0.12371297094565017,1,1,1,1,6,0.0007242988492919267,94.0,0.0659999786876142,3
6624,4,0,0.49485188378260075,0.009897037675652014,0.12371297094565017,0,0,0,0,0,0.0,0.0,0.025100016500800848,0
6625,4,0,0.4943590117509374,0.009887180235018748,0.12358975293773435,1,1,1,1,0,0.0004928720316570434,17.0,0.02050003968179226,0
6626,4,0,0.4943590117509374,0.009887180235018748,0.12358975293773435,0,0,0,0,0,0.0,0.0,0.021799991372972727,0
6627,4,0,0.4943590117509374,0.009887180235018748,0.12358975293773435,0,0,0,0,0,0.0,0.0,0.020599982235580683,0
6628,4,0,0.4943590117509374,0.009887180235018748,0.12358975293773435,0,0,0,0,0,0.0,0.0,0.021199986804276705,0
6629,4,0,0.4943590117509374,0.009887180235018748,0.12358975293773435,0,0,0,0,0,0.0,0.0,0.021299987565726042,0
6630,4,1,0.4941320103561475,0.00988264020712295,0.12353300258903686,0,0,0,0,6,0.00022700139479070458,0.0,0.0638000201433897,3
6631,4,0,0.4941320103561475,0.00988264020712295,0.12353300258903686,0,0,0,0,0,0.0,0.0,0.021799991372972727,0
6632,4,0,0.4941320103561475,0.00988264020712295,0.12353300258903686,0,0,0,0,0,0.0,0.0,0.02099998528137803,0
6633,4,0,0.4941320103561475,0.00988264020712295,0.12353300258903686,0,0,0,0,0,0.0,0.0,0.020299979951232672,0
6634,4,0,0.4941320103561475,0.00988264020712295,0.12353300258903686,0,0,0,0,0,0.0,0.0,0.02139998832717538,0
6635,4,0,0.4941320103561475,0.00988264020712295,0.12353300258903686,0,0,0,0,0,0.0,0.0,0.020299979951232672,0
6636,4,0,0.4941320103561475,0.00988264020712295,0.12353300258903686,0,0,0,0,0,0.0,0.0,0.02600002335384488,0
6637,4,1,0.4938893573580704,0.009877787147161407,0.1234723393395176,0,0,0,0,6,0.000242652998068138,0.0,0.05169998621568084,3
6638,4,0,0.4938893573580704,0.009877787147161407,0.1234723393395176,0,0,0,0,0,0.0,0.0,0.015300000086426735,0
6639,4,1,0.49364867677409174,0.009872973535481834,0.12341216919352294,0,0,0,0,6,0.00024068058397119785,0.0,0.040000013541430235,3
6640,4,0,0.49364867677409174,0.009872973535481834,0.12341216919352294,0,0,0,0,0,0.0,0.0,0.016200006939470768,0
6641,4,0,0.49364867677409174,0.009872973535481834,0.12341216919352294,0,0,0,0,0,0.0,0.0,0.025200017262250185,0
6642,4,0,0.49364867677409174,0.009872973535481834,0.12341216919352294,0,0,0,0,0,0.0,0.0,0.0198000343516469,0
6643,4,0,0.49364867677409174,0.009872973535481834,0.12341216919352294,0,0,0,0,0,0.0,0.0,0.018799968529492617,0
6644,4,1,0.49342167537930176,0.009868433507586035,0.12335541884482545,0,0,0,0,6,0.00022700139479070458,0.0,0.05749997217208147,3
6645,4,0,0.49281774175053517,0.009856354835010704,0.12320443543763379,1,1,1,1,0,0.0006039336287670949,17.0,0.020499981474131346,0
6646,4,0,0.49281774175053517,0.009856354835010704,0.12320443543763379,0,0,0,0,0,0.0,0.0,0.020000035874545574,0
6647,4,1,0.4925770611665565,0.00985154122333113,0.12314426529163912,0,0,0,0,6,0.00024068058397119785,0.0,0.050499977078288794,3
6648,4,0,0.4925770611665565,0.00985154122333113,0.12314426529163912,0,0,0,0,0,0.0,0.0,0.01810002140700817,0
6649,4,0,0.4925770611665565,0.00985154122333113,0.12314426529163912,0,0,0,0,0,0.0,0.0,0.016700010746717453,0
6650,4,0,0.4925770611665565,0.00985154122333113,0.12314426529163912,0,0,0,0,0,0.0,0.0,0.015499943401664495,0
6651,4,0,0.4919731275377899,0.009839462550755797,0.12299328188444746,1,1,1,1,0,0.0006039336287670949,17.0,0.017899961676448584,0
6652,4,0,0.4919731275377899,0.009839462550755797,0.12299328188444746,0,0,0,0,0,0.0,0.0,0.016900012269616127,0
6653,4,0,0.4919731275377899,0.009839462550755797,0.12299328188444746,0,0,0,0,0,0.0,0.0,0.018700025975704193,0
6654,4,0,0.4919731275377899,0.009839462550755797,0.12299328188444746,0,0,0,0,0,0.0,0.0,0.019300030544400215,0
6655,4,0,0.4919731275377899,0.009839462550755797,0.12299328188444746,0,0,0,0,0,0.0,0.0,0.017700018361210823,0
6656,4,1,0.491741700720157,0.009834834014403139,0.12293542518003925,0,0,0,0,6,0.00023142681763488326,0.0,0.06059999577701092,3
6657,4,0,0.491741700720157,0.009834834014403139,0.12293542518003925,0,0,0,0,0,0.0,0.0,0.019599974621087313,0
6658,4,1,0.4904982091486627,0.009809964182973254,0.12262455228716568,2,1,1,1,6,0.0012434915714862882,94.0,0.05520001286640763,3
6659,4,0,0.4904982091486627,0.009809964182973254,0.12262455228716568,0,0,0,0,0,0.0,0.0,0.018400023691356182,0
6660,4,0,0.4904982091486627,0.009809964182973254,0.12262455228716568,0,0,0,0,0,0.0,0.0,0.024600012693554163,0
6661,4,0,0.4904982091486627,0.009809964182973254,0.12262455228716568,0,0,0,0,0,0.0,0.0,0.020599982235580683,0
6662,4,0,0.4904982091486627,0.009809964182973254,0.12262455228716568,0,0,0,0,0,0.0,0.0,0.019799976143985987,0
6663,4,1,0.4902575285646841,0.009805150571293681,0.122564382141171,0,0,0,0,6,0.00024068058397119785,0.0,0.0667999847792089,3
6664,4,1,0.4900261017470512,0.009800522034941023,0.12250652543676278,0,0,0,0,6,0.00023142681763488326,0.0,0.09309995220974088,3
6665,4,0,0.4900261017470512,0.009800522034941023,0.12250652543676278,0,0,0,0,0,0.0,0.0,0.025300018023699522,0
6666,4,0,0.4900261017470512,0.009800522034941023,0.12250652543676278,0,0,0,0,0,0.0,0.0,0.027399975806474686,0
6667,4,0,0.4900261017470512,0.009800522034941023,0.12250652543676278,0,0,0,0,0,0.0,0.0,0.020099978428333998,0
6668,4,0,0.4900261017470512,0.009800522034941023,0.12250652543676278,0,0,0,0,0,0.0,0.0,0.019600032828748226,0
6669,4,0,0.4895332297153878,0.009790664594307757,0.12238330742884695,1,1,1,1,0,0.0004928720316570434,17.0,0.019900035113096237,0
6670,4,0,0.48904035768372445,0.009780807153674489,0.12226008942093111,1,1,1,1,0,0.0004928720316712543,17.0,0.02239999594166875,0
6671,4,0,0.4885474856520612,0.009770949713041224,0.12213687141301527,1,1,1,1,0,0.0004928720316570434,17.0,0.021499989088624716,0
6672,4,1,0.48695978791866246,0.009739195758373249,0.12173994697966561,2,1,1,1,6,0.0015876977333988407,94.0,0.06520003080368042,3
6673,4,0,0.48695978791866246,0.009739195758373249,0.12173994697966561,0,0,0,0,0,0.0,0.0,0.020600040443241596,0
6674,4,1,0.4867171349205853,0.009734342698411707,0.12167928373014633,0,0,0,0,6,0.000242652998068138,0.0,0.05949998740106821,3
6675,4,0,0.4867171349205853,0.009734342698411707,0.12167928373014633,0,0,0,0,0,0.0,0.0,0.016400008462369442,0
6676,4,0,0.4861132012918187,0.009722264025836374,0.12152830032295467,1,1,1,1,0,0.0006039336287670949,17.0,0.015300000086426735,0
6677,4,0,0.4861132012918187,0.009722264025836374,0.12152830032295467,0,0,0,0,0,0.0,0.0,0.018400023691356182,0
6678,4,0,0.4861132012918187,0.009722264025836374,0.12152830032295467,0,0,0,0,0,0.0,0.0,0.015499943401664495,0
6679,4,0,0.4861132012918187,0.009722264025836374,0.12152830032295467,0,0,0,0,0,0.0,0.0,0.032599957194179296,0
6680,4,0,0.4856203292601554,0.009712406585203108,0.12140508231503884,1,1,1,1,0,0.0004928720316712543,17.0,0.03509997623041272,0
6681,4,1,0.4853776762620783,0.009707553525241566,0.12134441906551957,0,0,0,0,6,0.000242652998068138,0.0,0.08490000618621707,3
6682,4,1,0.48437434428829224,0.009687486885765845,0.12109358607207306,1,1,1,1,6,0.0010033319737914326,94.0,0.07199996616691351,3
6683,4,0,0.48359801370929606,0.00967196027418592,0.12089950342732401,1,1,1,1,0,0.0007763305789865171,17.0,0.023500004317611456,0
6684,4,1,0.4821437594026209,0.009642875188052418,0.12053593985065522,2,1,1,1,6,0.001454254306665348,94.0,0.06849999772384763,3
6685,4,0,0.4821437594026209,0.009642875188052418,0.12053593985065522,0,0,0,0,0,0.0,0.0,0.020799983758479357,0
6686,4,0,0.48136742882362477,0.009627348576472496,0.12034185720590618,1,1,1,1,0,0.000776330579000728,17.0,0.018400023691356182,0
6687,4,0,0.48136742882362477,0.009627348576472496,0.12034185720590618,0,0,0,0,0,0.0,0.0,0.02859998494386673,0
6688,4,1,0.48005876421471594,0.009601175284294319,0.12001469105367898,2,1,1,1,6,0.0013086646088993348,94.0,0.05640002200379968,3
6689,4,0,0.48005876421471594,0.009601175284294319,0.12001469105367898,0,0,0,0,0,0.0,0.0,0.01580000389367342,0
6690,4,0,0.48005876421471594,0.009601175284294319,0.12001469105367898,0,0,0,0,0,0.0,0.0,0.015599944163113832,0
6691,4,0,0.48005876421471594,0.009601175284294319,0.12001469105367898,0,0,0,0,0,0.0,0.0,0.012000033166259527,0
6692,4,0,0.48005876421471594,0.009601175284294319,0.12001469105367898,0,0,0,0,0,0.0,0.0,0.012700038496404886,0
6693,4,0,0.48005876421471594,0.009601175284294319,0.12001469105367898,0,0,0,0,0,0.0,0.0,0.01179997343569994,0
6694,4,0,0.48005876421471594,0.009601175284294319,0.12001469105367898,0,0,0,0,0,0.0,0.0,0.015700003132224083,0
6695,4,0,0.48005876421471594,0.009601175284294319,0.12001469105367898,0,0,0,0,0,0.0,0.0,0.01190003240481019,0
6696,4,0,0.48005876421471594,0.009601175284294319,0.12001469105367898,0,0,0,0,0,0.0,0.0,0.012199976481497288,0
6697,4,0,0.48005876421471594,0.009601175284294319,0.12001469105367898,0,0,0,0,0,0.0,0.0,0.011800031643360853,0
6698,4,0,0.48005876421471594,0.009601175284294319,0.12001469105367898,0,0,0,0,0,0.0,0.0,0.013399985618889332,0
6699,4,0,0.48005876421471594,0.009601175284294319,0.12001469105367898,0,0,0,0,0,0.0,0.0,0.012499978765845299,0
6700,4,0,0.48005876421471594,0.009601175284294319,0.12001469105367898,0,0,0,0,0,0.0,0.0,0.018700025975704193,0
6701,4,0,0.48005876421471594,0.009601175284294319,0.12001469105367898,0,0,0,0,0,0.0,0.0,0.01650000922381878,0
6702,4,1,0.4798161112166388,0.009596322224332775,0.1199540278041597,0,0,0,0,6,0.00024265299808234886,0.0,0.06439996650442481,3
6703,4,0,0.4798161112166388,0.009596322224332775,0.1199540278041597,0,0,0,0,0,0.0,0.0,0.021899992134422064,0
6704,4,0,0.4798161112166388,0.009596322224332775,0.1199540278041597,0,0,0,0,0,0.0,0.0,0.02099998528137803,0
6705,4,0,0.4798161112166388,0.009596322224332775,0.1199540278041597,0,0,0,0,0,0.0,0.0,0.0219999928958714,0
6706,4,0,0.4798161112166388,0.009596322224332775,0.1199540278041597,0,0,0,0,0,0.0,0.0,0.02139998832717538,0
6707,4,0,0.4798161112166388,0.009596322224332775,0.1199540278041597,0,0,0,0,0,0.0,0.0,0.021299987565726042,0
6708,4,0,0.4798161112166388,0.009596322224332775,0.1199540278041597,0,0,0,0,0,0.0,0.0,0.020799983758479357,0
6709,4,0,0.4798161112166388,0.009596322224332775,0.1199540278041597,0,0,0,0,0,0.0,0.0,0.02050003968179226,0
6710,4,1,0.47957543063266017,0.009591508612653203,0.11989385765816503,0,0,0,0,6,0.00024068058397119785,0.0,0.06749999010935426,3
6711,4,0,0.47957543063266017,0.009591508612653203,0.11989385765816503,0,0,0,0,0,0.0,0.0,0.03840000135824084,0
6712,4,0,0.4789714970038935,0.00957942994007787,0.11974287425097337,1,1,1,1,0,0.0006039336287670949,17.0,0.04700000863522291,0
6713,4,1,0.4787444956091036,0.009574889912182073,0.1196861239022759,0,0,0,0,6,0.00022700139477649373,0.0,0.1341000315733254,3
6714,4,0,0.47814056198033694,0.009562811239606738,0.11953514049508424,1,1,1,1,0,0.0006039336287670949,17.0,0.030499999411404133,0
6715,4,0,0.47814056198033694,0.009562811239606738,0.11953514049508424,0,0,0,0,0,0.0,0.0,0.027699978090822697,0
6716,4,1,0.4769930183047787,0.009539860366095575,0.11924825457619467,2,1,1,1,6,0.001147543675557472,94.0,0.0714000198058784,3
6717,4,0,0.47638908467601204,0.00952778169352024,0.11909727116900301,1,1,1,1,0,0.0006039336287670949,17.0,0.024100008886307478,0
6718,4,0,0.47578515104724545,0.00951570302094491,0.11894628776181136,1,1,1,1,0,0.0006039336287670949,17.0,0.021099986042827368,0
6719,4,0,0.47578515104724545,0.00951570302094491,0.11894628776181136,0,0,0,0,0,0.0,0.0,0.018400023691356182,0
6720,4,0,0.47578515104724545,0.00951570302094491,0.11894628776181136,0,0,0,0,0,0.0,0.0,0.024200009647756815,0
6721,4,0,0.47578515104724545,0.00951570302094491,0.11894628776181136,0,0,0,0,0,0.0,0.0,0.022099993657320738,0
6722,4,0,0.47578515104724545,0.00951570302094491,0.11894628776181136,0,0,0,0,0,0.0,0.0,0.02269999822601676,0
6723,4,0,0.47578515104724545,0.00951570302094491,0.11894628776181136,0,0,0,0,0,0.0,0.0,0.026499968953430653,0
6724,4,0,0.47578515104724545,0.00951570302094491,0.11894628776181136,0,0,0,0,0,0.0,0.0,0.0982999918051064,0
6725,4,0,0.47578515104724545,0.00951570302094491,0.11894628776181136,0,0,0,0,0,0.0,0.0,0.02300000051036477,0
6726,4,0,0.47578515104724545,0.00951570302094491,0.11894628776181136,0,0,0,0,0,0.0,0.0,0.013999990187585354,0
6727,4,1,0.47554447046326676,0.009510889409265335,0.11888611761581669,0,0,0,0,6,0.00024068058397119785,0.0,0.05590001819655299,3
6728,4,1,0.47531746906847683,0.009506349381369537,0.11882936726711921,0,0,0,0,6,0.00022700139479070458,0.0,0.0657000346109271,3
6729,4,0,0.47531746906847683,0.009506349381369537,0.11882936726711921,0,0,0,0,0,0.0,0.0,0.02700003096833825,0
6730,4,0,0.47531746906847683,0.009506349381369537,0.11882936726711921,0,0,0,0,0,0.0,0.0,0.024100008886307478,0
6731,4,0,0.47531746906847683,0.009506349381369537,0.11882936726711921,0,0,0,0,0,0.0,0.0,0.02400000812485814,0
6732,4,0,0.47531746906847683,0.009506349381369537,0.11882936726711921,0,0,0,0,0,0.0,0.0,0.023100001271814108,0
6733,4,1,0.4750748160703997,0.009501496321407994,0.11876870401759992,0,0,0,0,6,0.000242652998068138,0.0,0.10230002226307988,3
6734,4,0,0.4750748160703997,0.009501496321407994,0.11876870401759992,0,0,0,0,0,0.0,0.0,0.020300038158893585,0
6735,4,1,0.4748433892527668,0.009496867785055336,0.1187108473131917,0,0,0,0,6,0.00023142681763488326,0.0,0.036999990697950125,3
6736,4,0,0.4748433892527668,0.009496867785055336,0.1187108473131917,0,0,0,0,0,0.0,0.0,0.010000017937272787,0
6737,4,0,0.4742394556240002,0.009484789112480005,0.11855986390600007,1,1,1,1,0,0.0006039336287670949,17.0,0.008200004231184721,0
6738,4,0,0.4742394556240002,0.009484789112480005,0.11855986390600007,0,0,0,0,0,0.0,0.0,0.011100026313215494,0
6739,4,0,0.4742394556240002,0.009484789112480005,0.11855986390600007,0,0,0,0,0,0.0,0.0,0.008299946784973145,0
6740,4,0,0.4742394556240002,0.009484789112480005,0.11855986390600007,0,0,0,0,0,0.0,0.0,0.012199976481497288,0
6741,4,0,0.4736355219952336,0.009472710439904672,0.1184088804988084,1,1,1,1,0,0.0006039336287670949,17.0,0.011000025551766157,0
6742,4,0,0.4736355219952336,0.009472710439904672,0.1184088804988084,0,0,0,0,0,0.0,0.0,0.029499991796910763,0
6743,4,0,0.4736355219952336,0.009472710439904672,0.1184088804988084,0,0,0,0,0,0.0,0.0,0.019199971575289965,0
6744,4,1,0.47339484141125493,0.009467896828225098,0.11834871035281373,0,0,0,0,6,0.00024068058397119785,0.0,0.05909998435527086,3
6745,4,1,0.47316784001646495,0.009463356800329299,0.11829196000411625,0,0,0,0,6,0.00022700139477649373,0.0,0.07029995322227478,3
6746,4,0,0.47316784001646495,0.009463356800329299,0.11829196000411625,0,0,0,0,0,0.0,0.0,0.022199994418770075,0
6747,4,0,0.47316784001646495,0.009463356800329299,0.11829196000411625,0,0,0,0,0,0.0,0.0,0.07069995626807213,0
6748,4,1,0.4729364131988322,0.009458728263976644,0.11823410329970804,0,0,0,0,6,0.00023142681763488326,0.0,0.30049995984882116,3
6749,4,0,0.4729364131988322,0.009458728263976644,0.11823410329970804,0,0,0,0,0,0.0,0.0,0.026099965907633305,0
6750,4,0,0.4729364131988322,0.009458728263976644,0.11823410329970804,0,0,0,0,0,0.0,0.0,0.017400016076862812,0
6751,4,0,0.4729364131988322,0.009458728263976644,0.11823410329970804,0,0,0,0,0,0.0,0.0,0.017600017599761486,0
6752,4,0,0.4729364131988322,0.009458728263976644,0.11823410329970804,0,0,0,0,0,0.0,0.0,0.017400016076862812,0
6753,4,0,0.4729364131988322,0.009458728263976644,0.11823410329970804,0,0,0,0,0,0.0,0.0,0.014699995517730713,0
6754,4,0,0.4729364131988322,0.009458728263976644,0.11823410329970804,0,0,0,0,0,0.0,0.0,0.014399993233382702,0
6755,4,0,0.4729364131988322,0.009458728263976644,0.11823410329970804,0,0,0,0,0,0.0,0.0,0.014599994756281376,0
6756,4,0,0.4729364131988322,0.009458728263976644,0.11823410329970804,0,0,0,0,0,0.0,0.0,0.015300000086426735,0
6757,4,0,0.4729364131988322,0.009458728263976644,0.11823410329970804,0,0,0,0,0,0.0,0.0,0.015700003132224083,0
6758,4,0,0.4729364131988322,0.009458728263976644,0.11823410329970804,0,0,0,0,0,0.0,0.0,0.016000005416572094,0
6759,4,1,0.47269376020075504,0.0094538752040151,0.11817344005018876,0,0,0,0,6,0.000242652998068138,0.0,0.05659996531903744,3
6760,4,0,0.47269376020075504,0.0094538752040151,0.11817344005018876,0,0,0,0,0,0.0,0.0,0.021599989850074053,0
6761,4,1,0.4724623333831221,0.009449246667662442,0.11811558334578053,0,0,0,0,6,0.00023142681763488326,0.0,0.05490001058205962,3
6762,4,0,0.4724623333831221,0.009449246667662442,0.11811558334578053,0,0,0,0,0,0.0,0.0,0.019899976905435324,0
6763,4,1,0.472219680385045,0.0094443936077009,0.11805492009626126,0,0,0,0,6,0.000242652998068138,0.0,0.16959995264187455,3
6764,4,0,0.472219680385045,0.0094443936077009,0.11805492009626126,0,0,0,0,0,0.0,0.0,0.02870004391297698,0
6765,4,0,0.472219680385045,0.0094443936077009,0.11805492009626126,0,0,0,0,0,0.0,0.0,0.021499989088624716,0
6766,4,1,0.4719926789902551,0.009439853579805101,0.11799816974756377,0,0,0,0,6,0.00022700139479070458,0.0,0.07369997911155224,3
6767,4,0,0.4719926789902551,0.009439853579805101,0.11799816974756377,0,0,0,0,0,0.0,0.0,0.021199986804276705,0
6768,4,0,0.4719926789902551,0.009439853579805101,0.11799816974756377,0,0,0,0,0,0.0,0.0,0.018900027498602867,0
6769,4,0,0.4719926789902551,0.009439853579805101,0.11799816974756377,0,0,0,0,0,0.0,0.0,0.019199971575289965,0
6770,4,0,0.4719926789902551,0.009439853579805101,0.11799816974756377,0,0,0,0,0,0.0,0.0,0.019599974621087313,0
6771,4,0,0.4719926789902551,0.009439853579805101,0.11799816974756377,0,0,0,0,0,0.0,0.0,0.020599982235580683,0
6772,4,1,0.47175199840627646,0.009435039968125529,0.11793799960156912,0,0,0,0,6,0.00024068058397119785,0.0,0.06449996726587415,3
6773,4,0,0.47175199840627646,0.009435039968125529,0.11793799960156912,0,0,0,0,0,0.0,0.0,0.019000028260052204,0
6774,4,0,0.47175199840627646,0.009435039968125529,0.11793799960156912,0,0,0,0,0,0.0,0.0,0.018700025975704193,0
6775,4,0,0.47175199840627646,0.009435039968125529,0.11793799960156912,0,0,0,0,0,0.0,0.0,0.01729995710775256,0
6776,4,0,0.47175199840627646,0.009435039968125529,0.11793799960156912,0,0,0,0,0,0.0,0.0,0.017499958630651236,0
6777,4,0,0.47175199840627646,0.009435039968125529,0.11793799960156912,0,0,0,0,0,0.0,0.0,0.01729995710775256,0
6778,4,0,0.47175199840627646,0.009435039968125529,0.11793799960156912,0,0,0,0,0,0.0,0.0,0.016400008462369442,0
6779,4,0,0.47175199840627646,0.009435039968125529,0.11793799960156912,0,0,0,0,0,0.0,0.0,0.016400008462369442,0
6780,4,0,0.47175199840627646,0.009435039968125529,0.11793799960156912,0,0,0,0,0,0.0,0.0,0.02400000812485814,0
6781,4,0,0.47175199840627646,0.009435039968125529,0.11793799960156912,0,0,0,0,0,0.0,0.0,0.021300045773386955,0
6782,4,1,0.47150934540819933,0.009430186908163987,0.11787733635204983,0,0,0,0,6,0.000242652998068138,0.0,0.06510003004223108,3
6783,4,0,0.47150934540819933,0.009430186908163987,0.11787733635204983,0,0,0,0,0,0.0,0.0,0.022099993657320738,0
6784,4,0,0.47150934540819933,0.009430186908163987,0.11787733635204983,0,0,0,0,0,0.0,0.0,0.021000043489038944,0
6785,4,0,0.47150934540819933,0.009430186908163987,0.11787733635204983,0,0,0,0,0,0.0,0.0,0.020900042727589607,0
6786,4,0,0.47150934540819933,0.009430186908163987,0.11787733635204983,0,0,0,0,0,0.0,0.0,0.021799991372972727,0
6787,4,0,0.47150934540819933,0.009430186908163987,0.11787733635204983,0,0,0,0,0,0.0,0.0,0.026799971237778664,0
6788,4,0,0.4707330148292032,0.009414660296584065,0.1176832537073008,1,1,1,1,0,0.000776330579000728,17.0,0.021499989088624716,0
6789,4,0,0.4699566842502071,0.009399133685004142,0.11748917106255177,1,1,1,1,0,0.0007763305789865171,17.0,0.025799963623285294,0
6790,4,0,0.4699566842502071,0.009399133685004142,0.11748917106255177,0,0,0,0,0,0.0,0.0,0.026500027161091566,0
6791,4,0,0.4691803536712109,0.009383607073424219,0.11729508841780273,1,1,1,1,0,0.000776330579000728,17.0,0.024100008886307478,0
6792,4,0,0.4684040230922148,0.009368080461844296,0.1171010057730537,1,1,1,1,0,0.000776330579000728,17.0,0.02529995981603861,0
6793,4,0,0.4684040230922148,0.009368080461844296,0.1171010057730537,0,0,0,0,0,0.0,0.0,0.025600020308047533,0
6794,4,1,0.46740069111842875,0.009348013822368575,0.11685017277960717,1,1,1,1,6,0.0010033319737772217,94.0,0.06880000000819564,3
6795,4,1,0.46716926430079586,0.009343385286015917,0.11679231607519897,0,0,0,0,6,0.00023142681763488326,0.0,0.061400001868605614,3
6796,4,1,0.46692858371681717,0.009338571674336344,0.1167321459292043,0,0,0,0,6,0.00024068058397119785,0.0,0.0570000265724957,3
6797,4,0,0.46615225313782105,0.00932304506275642,0.11653806328445526,1,1,1,1,0,0.000776330579000728,17.0,0.017899961676448584,0
6798,4,0,0.46537592255882493,0.009307518451176498,0.11634398063970623,1,1,1,1,0,0.0007763305789865171,17.0,0.019700033590197563,0
6799,4,0,0.46537592255882493,0.009307518451176498,0.11634398063970623,0,0,0,0,0,0.0,0.0,0.019099970813840628,0
6800,4,0,0.46410671994816544,0.00928213439896331,0.11602667998704136,2,2,2,2,0,0.0012692026106719823,17.0,0.026200024876743555,0
6801,4,0,0.46410671994816544,0.00928213439896331,0.11602667998704136,0,0,0,0,0,0.0,0.0,0.026900030206888914,0
6802,4,1,0.46387529313053255,0.009277505862610651,0.11596882328263314,0,0,0,0,6,0.0002314268176206724,0.0,0.06609997944906354,3
6803,4,0,0.46387529313053255,0.009277505862610651,0.11596882328263314,0,0,0,0,0,0.0,0.0,0.02500001573935151,0
6804,4,0,0.46387529313053255,0.009277505862610651,0.11596882328263314,0,0,0,0,0,0.0,0.0,0.02269999822601676,0
6805,4,0,0.46387529313053255,0.009277505862610651,0.11596882328263314,0,0,0,0,0,0.0,0.0,0.02039998071268201,0
6806,4,0,0.46309896255153643,0.00926197925103073,0.11577474063788411,1,1,1,1,0,0.000776330579000728,17.0,0.0247000134550035,0
6807,4,0,0.46309896255153643,0.00926197925103073,0.11577474063788411,0,0,0,0,0,0.0,0.0,0.022899999748915434,0
6808,4,0,0.4623226319725403,0.009246452639450807,0.11558065799313506,1,1,1,1,0,0.000776330579000728,17.0,0.01999997766688466,0
6809,4,0,0.4623226319725403,0.009246452639450807,0.11558065799313506,0,0,0,0,0,0.0,0.0,0.021499989088624716,0
6810,4,0,0.4623226319725403,0.009246452639450807,0.11558065799313506,0,0,0,0,0,0.0,0.0,0.023200002033263445,0
6811,4,0,0.4623226319725403,0.009246452639450807,0.11558065799313506,0,0,0,0,0,0.0,0.0,0.021199986804276705,0
6812,4,0,0.46154630139354413,0.009230926027870883,0.11538657534838603,1,1,1,1,0,0.0007763305789865171,17.0,0.02239999594166875,0
6813,4,0,0.46154630139354413,0.009230926027870883,0.11538657534838603,0,0,0,0,0,0.0,0.0,0.024200009647756815,0
6814,4,0,0.45960230037282934,0.009192046007456586,0.11490057509320734,3,3,3,3,0,0.0019440010207176783,17.0,0.025600020308047533,0
6815,4,1,0.4583588088013351,0.009167176176026703,0.11458970220033379,2,1,1,1,6,0.001243491571500499,94.0,0.06530003156512976,3
6816,4,0,0.45719113835961656,0.009143822767192332,0.11429778458990414,2,2,2,2,0,0.0011676704417169503,17.0,0.023900007363408804,0
6817,4,0,0.45719113835961656,0.009143822767192332,0.11429778458990414,0,0,0,0,0,0.0,0.0,0.02139998832717538,0
6818,4,1,0.45514106453143544,0.009102821290628709,0.11378526613285886,3,1,3,3,6,0.0020500738281725717,94.0,0.05879998207092285,3
6819,4,1,0.4536868102247602,0.009073736204495204,0.11342170255619005,2,1,2,2,6,0.001454254306665348,94.0,0.05900004180148244,3
6820,4,0,0.4525191397830416,0.009050382795660832,0.1131297849457604,2,2,2,2,0,0.0011676704417311612,17.0,0.02440001117065549,0
6821,4,0,0.4505751387623269,0.009011502775246538,0.11264378469058171,3,3,3,3,0,0.0019440010207176783,17.0,0.024800014216452837,0
6822,4,0,0.4491948745545641,0.008983897491091282,0.11229871863864102,2,2,2,2,0,0.001380264207753612,17.0,0.025300018023699522,0
6823,4,0,0.4472508735338493,0.008945017470676987,0.11181271838346234,3,3,3,3,0,0.0019440010207176783,17.0,0.027699978090822697,0
6824,4,1,0.446406259321104,0.00892812518642208,0.111601564830276,1,1,1,1,6,0.0008446142127525036,94.0,0.06659998325631022,3
6825,4,0,0.44584252250815204,0.008916850450163041,0.11146063062703801,1,1,1,1,0,0.0005637368129498554,17.0,0.022899999748915434,0
6826,4,0,0.44584252250815204,0.008916850450163041,0.11146063062703801,0,0,0,0,0,0.0,0.0,0.023800006601959467,0
6827,4,1,0.4442295504404361,0.008884591008808722,0.11105738761010901,2,1,1,1,6,0.001612972067704277,94.0,0.06269995355978608,3
6828,4,0,0.4442295504404361,0.008884591008808722,0.11105738761010901,0,0,0,0,0,0.0,0.0,0.024999957531690598,0
6829,4,0,0.44362561681166945,0.00887251233623339,0.11090640420291735,1,1,1,1,0,0.0006039336287670949,17.0,0.020799983758479357,0
6830,4,0,0.4430216831829028,0.008860433663658056,0.1107554207957257,1,1,1,1,0,0.0006039336287670949,17.0,0.022899999748915434,0
6831,4,0,0.4418540127411842,0.008837080254823684,0.11046350318529606,2,2,2,2,0,0.0011676704417169503,17.0,0.0219999928958714,0
6832,4,0,0.44068634229946557,0.00881372684598931,0.11017158557486639,2,2,2,2,0,0.0011676704417311612,17.0,0.021899992134422064,0
6833,4,0,0.43951867185774696,0.00879037343715494,0.10987966796443674,2,2,2,2,0,0.0011676704417169503,17.0,0.022099993657320738,0
6834,4,0,0.4390257998260836,0.008780515996521672,0.10975644995652091,1,1,1,1,0,0.0004928720316570434,17.0,0.02269999822601676,0
6835,4,0,0.43853292779442027,0.008770658555888405,0.10963323194860508,1,1,1,1,0,0.0004928720316712543,17.0,0.0219999928958714,0
6836,4,1,0.4371733975034286,0.008743467950068572,0.10929334937585715,2,1,1,1,6,0.0013595302909834572,94.0,0.060399994254112244,3
6837,4,0,0.43590419489276916,0.008718083897855384,0.10897604872319229,2,2,2,2,0,0.0012692026106577714,17.0,0.0219999928958714,0
6838,4,1,0.43442262339189486,0.008688452467837898,0.10860565584797371,2,1,1,1,6,0.001481571500875134,94.0,0.059999991208314896,3
6839,4,0,0.4338186897631282,0.008676373795262564,0.10845467244078205,1,1,1,1,0,0.0006039336287670949,17.0,0.025499961338937283,0
6840,4,0,0.43321475613436156,0.00866429512268723,0.10830368903359039,1,1,1,1,0,0.0006039336287670949,17.0,0.022599997464567423,0
6841,4,0,0.43261082250559496,0.0086522164501119,0.10815270562639873,1,1,1,1,0,0.0006039336287670949,17.0,0.0198000343516469,0
6842,4,2,0.43139957473322066,0.008627991494664413,0.10784989368330516,2,1,1,1,8,0.0012112477723746906,54.0,0.05289999535307288,4
6843,4,0,0.43139957473322066,0.008627991494664413,0.10784989368330516,0,0,0,0,0,0.0,0.0,0.021799991372972727,0
6844,4,0,0.43079564110445406,0.00861591282208908,0.10769891027611352,1,1,1,1,0,0.0006039336287670949,17.0,0.021899992134422064,0
6845,4,0,0.4296988354440241,0.008593976708880482,0.10742470886100602,2,2,2,2,0,0.0010968056604383492,17.0,0.026999972760677338,0
6846,4,0,0.4292059634123607,0.008584119268247214,0.10730149085309018,1,1,1,1,0,0.0004928720316570434,17.0,0.02540001878514886,0
6847,4,0,0.42810915775193076,0.008562183155038615,0.1070272894379827,2,2,2,2,0,0.0010968056604383492,17.0,0.02400000812485814,0
6848,4,0,0.42750522412316416,0.008550104482463284,0.10687630603079104,1,1,1,1,0,0.0006039336287670949,17.0,0.025200017262250185,0
6849,4,0,0.4264084184627342,0.008528168369254683,0.10660210461568355,2,2,2,2,0,0.0010968056604241383,17.0,0.02180004958063364,0
6850,4,0,0.4258044848339676,0.008516089696679352,0.1064511212084919,1,1,1,1,0,0.0006039336287670949,17.0,0.020300038158893585,0
6851,4,0,0.4258044848339676,0.008516089696679352,0.1064511212084919,0,0,0,0,0,0.0,0.0,0.019499973859637976,0
6852,4,0,0.4258044848339676,0.008516089696679352,0.1064511212084919,0,0,0,0,0,0.0,0.0,0.019400031305849552,0
6853,4,0,0.4258044848339676,0.008516089696679352,0.1064511212084919,0,0,0,0,0,0.0,0.0,0.018799968529492617,0
6854,4,0,0.4258044848339676,0.008516089696679352,0.1064511212084919,0,0,0,0,0,0.0,0.0,0.020499981474131346,0
6855,4,1,0.42556183183589047,0.008511236636717809,0.10639045795897262,0,0,0,0,6,0.000242652998068138,0.0,0.07489998824894428,3
6856,4,0,0.42556183183589047,0.008511236636717809,0.10639045795897262,0,0,0,0,0,0.0,0.0,0.022599997464567423,0
6857,4,0,0.42556183183589047,0.008511236636717809,0.10639045795897262,0,0,0,0,0,0.0,0.0,0.0350000336766243,0
6858,4,0,0.42556183183589047,0.008511236636717809,0.10639045795897262,0,0,0,0,0,0.0,0.0,0.022899999748915434,0
6859,4,1,0.4253304050182577,0.008506608100365154,0.10633260125456441,0,0,0,0,6,0.00023142681763488326,0.0,0.0906999921426177,3
6860,4,0,0.4253304050182577,0.008506608100365154,0.10633260125456441,0,0,0,0,0,0.0,0.0,0.033299962524324656,0
6861,4,0,0.4253304050182577,0.008506608100365154,0.10633260125456441,0,0,0,0,0,0.0,0.0,0.01899997005239129,0
6862,4,0,0.4253304050182577,0.008506608100365154,0.10633260125456441,0,0,0,0,0,0.0,0.0,0.01910002902150154,0
6863,4,0,0.4253304050182577,0.008506608100365154,0.10633260125456441,0,0,0,0,0,0.0,0.0,0.01680001150816679,0
6864,4,0,0.4248375329865943,0.008496750659731886,0.10620938324664857,1,1,1,1,0,0.0004928720316570434,17.0,0.019000028260052204,0
6865,4,0,0.42434466095493095,0.008486893219098618,0.10608616523873274,1,1,1,1,0,0.0004928720316712543,17.0,0.022099993657320738,0
6866,4,0,0.42434466095493095,0.008486893219098618,0.10608616523873274,0,0,0,0,0,0.0,0.0,0.01839996548369527,0
6867,4,0,0.42434466095493095,0.008486893219098618,0.10608616523873274,0,0,0,0,0,0.0,0.0,0.017300015315413475,0
6868,4,0,0.42434466095493095,0.008486893219098618,0.10608616523873274,0,0,0,0,0,0.0,0.0,0.01650000922381878,0
6869,4,0,0.4238517889232676,0.008477035778465352,0.10596294723081691,1,1,1,1,0,0.0004928720316570434,17.0,0.016499951016157866,0
6870,4,2,0.42366771960592214,0.008473354392118443,0.10591692990148052,0,0,0,0,8,0.00018406931734205045,0.0,0.05010003224015236,4
6871,4,0,0.4231039827929701,0.008462079655859402,0.10577599569824253,1,1,1,1,0,0.0005637368129498554,17.0,0.020099978428333998,0
6872,4,0,0.4226111107613068,0.008452222215226136,0.1056527776903267,1,1,1,1,0,0.0004928720316712543,17.0,0.020499981474131346,0
6873,4,0,0.42211823872964344,0.008442364774592868,0.10552955968241087,1,1,1,1,0,0.0004928720316570434,17.0,0.02220005262643099,0
6874,4,0,0.4215143051008768,0.008430286102017535,0.10537857627521921,1,1,1,1,0,0.0006039336287670949,17.0,0.02269999822601676,0
6875,4,0,0.42102143306921347,0.00842042866138427,0.10525535826730337,1,1,1,1,0,0.0004928720316712543,17.0,0.02139998832717538,0
6876,4,1,0.4188240952418849,0.008376481904837698,0.10470602381047124,3,1,2,2,6,0.002197337827325896,94.0,0.06430002395063639,3
6877,4,0,0.41772728958145494,0.008354545791629099,0.10443182239536374,2,2,2,2,0,0.0010968056604241383,17.0,0.02300000051036477,0
6878,4,0,0.41712335595268835,0.008342467119053766,0.10428083898817209,1,1,1,1,0,0.0006039336287670949,17.0,0.021199986804276705,0
6879,4,1,0.41597581227713004,0.008319516245542601,0.10399395306928252,2,1,2,2,6,0.001147543675557472,94.0,0.057699973694980145,3
6880,4,1,0.41436284020941416,0.008287256804188283,0.10359071005235354,2,1,1,1,6,0.001612972067704277,94.0,0.06859999848529696,3
6881,4,0,0.4137589065806475,0.00827517813161295,0.10343972664516188,1,1,1,1,0,0.0006039336287670949,17.0,0.02459995448589325,0
6882,4,0,0.4126621009202176,0.008253242018404352,0.1031655252300544,2,2,2,2,0,0.0010968056604383492,17.0,0.023500004317611456,0
6883,4,0,0.4126621009202176,0.008253242018404352,0.1031655252300544,0,0,0,0,0,0.0,0.0,0.023500004317611456,0
6884,4,0,0.4115652952597876,0.008231305905195751,0.1028913238149469,2,2,2,2,0,0.0010968056604241383,17.0,0.023300002794712782,0
6885,4,0,0.4109613616310209,0.008219227232620419,0.10274034040775523,1,1,1,1,0,0.0006039336287670949,17.0,0.02300000051036477,0
6886,4,0,0.41046848959935767,0.008209369791987154,0.10261712239983942,1,1,1,1,0,0.0004928720316712543,17.0,0.023100001271814108,0
6887,4,0,0.40937168393892764,0.008187433678778553,0.10234292098473191,2,2,2,2,0,0.0010968056604241383,17.0,0.022599997464567423,0
6888,4,1,0.4082241402633694,0.008164482805267388,0.10205603506584235,2,1,2,2,6,0.001147543675557472,94.0,0.06400002166628838,3
6889,4,0,0.4077312682317061,0.008154625364634122,0.1019328170579265,1,1,1,1,0,0.0004928720316712543,17.0,0.02459995448589325,0
6890,4,0,0.40723839620004276,0.008144767924000856,0.10180959905001069,1,1,1,1,0,0.0004928720316570434,17.0,0.021099986042827368,0
6891,4,0,0.40614159053961274,0.008122831810792255,0.10153539763490319,2,2,2,2,0,0.0010968056604383492,17.0,0.01999997766688466,0
6892,4,0,0.4049739200978942,0.008099478401957884,0.10124348002447353,2,2,2,2,0,0.0011676704417169503,17.0,0.021199986804276705,0
6893,4,0,0.40436998646912753,0.008087399729382551,0.10109249661728188,1,1,1,1,0,0.0006039336287670949,17.0,0.021499989088624716,0
6894,4,0,0.40376605284036093,0.008075321056807219,0.10094151321009022,1,1,1,1,0,0.0006039336287670949,17.0,0.02239999594166875,0
6895,4,2,0.4019910682550347,0.008039821365100695,0.10049776706375868,3,2,3,3,8,0.001774984585324546,54.0,0.060399994254112244,4
6896,4,0,0.40033052578165274,0.008006610515633054,0.10008263144541317,3,3,3,3,0,0.0016605424733739937,17.0,0.01850002445280552,0
6897,4,0,0.39923372012122277,0.007984674402424456,0.09980843003030569,2,2,2,2,0,0.0010968056604383492,17.0,0.016899954061955214,0
6898,4,0,0.39923372012122277,0.007984674402424456,0.09980843003030569,0,0,0,0,0,0.0,0.0,0.017400016076862812,0
6899,4,0,0.3986297864924562,0.007972595729849123,0.09965744662311403,1,1,1,1,0,0.0006039336287670949,17.0,0.01580000389367342,0
6900,4,0,0.39785345591346,0.0079570691182692,0.09946336397836499,1,1,1,1,0,0.000776330579000728,17.0,0.0241999514400959,0
6901,4,0,0.39707712533446393,0.007941542506689278,0.09926928133361597,1,1,1,1,0,0.0007763305789865171,17.0,0.023099943064153194,0
6902,4,0,0.39630079475546776,0.007926015895109354,0.09907519868886693,1,1,1,1,0,0.000776330579000728,17.0,0.02269999822601676,0
6903,4,1,0.39606011417148906,0.007921202283429782,0.09901502854287227,0,0,0,0,6,0.00024068058397119785,0.0,0.06289995508268476,3
6904,4,0,0.39606011417148906,0.007921202283429782,0.09901502854287227,0,0,0,0,0,0.0,0.0,0.02370000584051013,0
6905,4,0,0.3954561805427224,0.007909123610854447,0.09886404513568062,1,1,1,1,0,0.0006039336287670949,17.0,0.020299979951232672,0
6906,4,0,0.3954561805427224,0.007909123610854447,0.09886404513568062,0,0,0,0,0,0.0,0.0,0.02300000051036477,0
6907,4,1,0.39430863686716416,0.007886172737343284,0.09857715921679104,2,1,1,1,6,0.001147543675557472,94.0,0.06289995508268476,3
6908,4,0,0.39430863686716416,0.007886172737343284,0.09857715921679104,0,0,0,0,0,0.0,0.0,0.024900014977902174,0
6909,4,0,0.39430863686716416,0.007886172737343284,0.09857715921679104,0,0,0,0,0,0.0,0.0,0.019899976905435324,0
6910,4,0,0.3932118312067342,0.007864236624134683,0.09830295780168356,2,2,2,2,0,0.0010968056604383492,17.0,0.018200022168457508,0
6911,4,0,0.3932118312067342,0.007864236624134683,0.09830295780168356,0,0,0,0,0,0.0,0.0,0.022499996703118086,0
6912,4,0,0.3932118312067342,0.007864236624134683,0.09830295780168356,0,0,0,0,0,0.0,0.0,0.018799968529492617,0
6913,4,0,0.39264809439378223,0.007852961887875645,0.09816202359844556,1,1,1,1,0,0.0005637368129498554,17.0,0.018599967006593943,0
6914,4,0,0.39264809439378223,0.007852961887875645,0.09816202359844556,0,0,0,0,0,0.0,0.0,0.02139998832717538,0
6915,4,0,0.39264809439378223,0.007852961887875645,0.09816202359844556,0,0,0,0,0,0.0,0.0,0.018900027498602867,0
6916,4,0,0.39264809439378223,0.007852961887875645,0.09816202359844556,0,0,0,0,0,0.0,0.0,0.017900019884109497,0
6917,4,0,0.39264809439378223,0.007852961887875645,0.09816202359844556,0,0,0,0,0,0.0,0.0,0.01769996015354991,0
6918,4,1,0.39242109299899236,0.007848421859979847,0.09810527324974809,0,0,0,0,6,0.00022700139477649373,0.0,0.059399986639618874,3
6919,4,1,0.39217844000091523,0.007843568800018304,0.09804461000022881,0,0,0,0,6,0.00024265299808234886,0.0,0.055500015150755644,3
6920,4,0,0.39217844000091523,0.007843568800018304,0.09804461000022881,0,0,0,0,0,0.0,0.0,0.022499996703118086,0
6921,4,0,0.3914021094219191,0.007828042188438382,0.09785052735547978,1,1,1,1,0,0.0007763305789865171,17.0,0.022499996703118086,0
6922,4,0,0.3914021094219191,0.007828042188438382,0.09785052735547978,0,0,0,0,0,0.0,0.0,0.022499996703118086,0
6923,4,0,0.3914021094219191,0.007828042188438382,0.09785052735547978,0,0,0,0,0,0.0,0.0,0.021799991372972727,0
6924,4,0,0.3914021094219191,0.007828042188438382,0.09785052735547978,0,0,0,0,0,0.0,0.0,0.02039998071268201,0
6925,4,0,0.3914021094219191,0.007828042188438382,0.09785052735547978,0,0,0,0,0,0.0,0.0,0.024900014977902174,0
6926,4,1,0.3911614288379405,0.007823228576758809,0.09779035720948512,0,0,0,0,6,0.0002406805839854087,0.0,0.059100042562931776,3
6927,4,0,0.3911614288379405,0.007823228576758809,0.09779035720948512,0,0,0,0,0,0.0,0.0,0.024500011932104826,0
6928,4,0,0.3911614288379405,0.007823228576758809,0.09779035720948512,0,0,0,0,0,0.0,0.0,0.019400031305849552,0
6929,4,0,0.3911614288379405,0.007823228576758809,0.09779035720948512,0,0,0,0,0,0.0,0.0,0.019899976905435324,0
6930,4,1,0.3909187758398634,0.007818375516797267,0.09772969395996585,0,0,0,0,6,0.000242652998068138,0.0,0.05530001362785697,3
6931,4,0,0.3909187758398634,0.007818375516797267,0.09772969395996585,0,0,0,0,0,0.0,0.0,0.020400038920342922,0
6932,4,0,0.3909187758398634,0.007818375516797267,0.09772969395996585,0,0,0,0,0,0.0,0.0,0.017900019884109497,0
6933,4,1,0.39068734902223057,0.00781374698044461,0.09767183725555764,0,0,0,0,6,0.0002314268176206724,0.0,0.05560001591220498,3
6934,4,0,0.39068734902223057,0.00781374698044461,0.09767183725555764,0,0,0,0,0,0.0,0.0,0.019300030544400215,0
6935,4,0,0.39068734902223057,0.00781374698044461,0.09767183725555764,0,0,0,0,0,0.0,0.0,0.0171000137925148,0
6936,4,0,0.39068734902223057,0.00781374698044461,0.09767183725555764,0,0,0,0,0,0.0,0.0,0.017499958630651236,0
6937,4,0,0.39068734902223057,0.00781374698044461,0.09767183725555764,0,0,0,0,0,0.0,0.0,0.016200006939470768,0
6938,4,1,0.3904603476274407,0.007809206952548814,0.09761508690686016,0,0,0,0,6,0.00022700139479070458,0.0,0.053800002206116915,3
6939,4,0,0.3904603476274407,0.007809206952548814,0.09761508690686016,0,0,0,0,0,0.0,0.0,0.015600002370774746,0
6940,4,0,0.3904603476274407,0.007809206952548814,0.09761508690686016,0,0,0,0,0,0.0,0.0,0.022799998987466097,0
6941,4,0,0.3904603476274407,0.007809206952548814,0.09761508690686016,0,0,0,0,0,0.0,0.0,0.020799983758479357,0
6942,4,0,0.3904603476274407,0.007809206952548814,0.09761508690686016,0,0,0,0,0,0.0,0.0,0.01999997766688466,0
6943,4,0,0.3904603476274407,0.007809206952548814,0.09761508690686016,0,0,0,0,0,0.0,0.0,0.019300030544400215,0
6944,4,2,0.39027627831009515,0.007805525566201903,0.09756906957752381,0,0,0,0,8,0.00018406931734205045,0.0,0.051499984692782164,4
6945,4,0,0.39027627831009515,0.007805525566201903,0.09756906957752381,0,0,0,0,0,0.0,0.0,0.021200045011937618,0
6946,4,0,0.39027627831009515,0.007805525566201903,0.09756906957752381,0,0,0,0,0,0.0,0.0,0.018199963960796595,0
6947,4,0,0.39027627831009515,0.007805525566201903,0.09756906957752381,0,0,0,0,0,0.0,0.0,0.02180004958063364,0
6948,4,0,0.3894999477310991,0.0077899989546219815,0.09737498693277477,1,1,1,1,0,0.000776330579000728,17.0,0.017799960914999247,0
6949,4,0,0.3894999477310991,0.0077899989546219815,0.09737498693277477,0,0,0,0,0,0.0,0.0,0.020299979951232672,0
6950,4,0,0.3894999477310991,0.0077899989546219815,0.09737498693277477,0,0,0,0,0,0.0,0.0,0.018700025975704193,0
6951,4,0,0.3894999477310991,0.0077899989546219815,0.09737498693277477,0,0,0,0,0,0.0,0.0,0.01769996015354991,0
6952,4,0,0.3894999477310991,0.0077899989546219815,0.09737498693277477,0,0,0,0,0,0.0,0.0,0.018000020645558834,0
6953,4,0,0.3894999477310991,0.0077899989546219815,0.09737498693277477,0,0,0,0,0,0.0,0.0,0.0173999578692019,0
6954,4,0,0.3894999477310991,0.0077899989546219815,0.09737498693277477,0,0,0,0,0,0.0,0.0,0.018799968529492617,0
6955,4,0,0.3894999477310991,0.0077899989546219815,0.09737498693277477,0,0,0,0,0,0.0,0.0,0.017700018361210823,0
6956,4,0,0.38889601410233243,0.007777920282046649,0.09722400352558311,1,1,1,1,0,0.0006039336287670949,17.0,0.017900019884109497,0
6957,4,1,0.3886553335183538,0.007773106670367076,0.09716383337958845,0,0,0,0,6,0.00024068058397119785,0.0,0.06029999349266291,3
6958,4,0,0.3880513998895872,0.007761027997791744,0.09701284997239679,1,1,1,1,0,0.0006039336287670949,17.0,0.01939997309818864,0
6959,4,1,0.3878243984947973,0.007756487969895945,0.09695609962369932,0,0,0,0,6,0.00022700139477649373,0.0,0.05659996531903744,3
6960,4,0,0.3878243984947973,0.007756487969895945,0.09695609962369932,0,0,0,0,0,0.0,0.0,0.02340000355616212,0
6961,4,0,0.3878243984947973,0.007756487969895945,0.09695609962369932,0,0,0,0,0,0.0,0.0,0.021499989088624716,0
6962,4,2,0.3876403291774517,0.007752806583549035,0.09691008229436295,0,0,0,0,8,0.00018406931734205045,0.0,0.05140004213899374,4
6963,4,0,0.3876403291774517,0.007752806583549035,0.09691008229436295,0,0,0,0,0,0.0,0.0,0.020499981474131346,0
6964,4,0,0.3876403291774517,0.007752806583549035,0.09691008229436295,0,0,0,0,0,0.0,0.0,0.02080004196614027,0
6965,4,0,0.38707659236449976,0.007741531847289995,0.09676914809112495,1,1,1,1,0,0.0005637368129640663,17.0,0.018600025214254856,0
6966,4,0,0.38707659236449976,0.007741531847289995,0.09676914809112495,0,0,0,0,0,0.0,0.0,0.020099978428333998,0
6967,4,0,0.3865128555515478,0.007730257111030956,0.09662821388788695,1,1,1,1,0,0.0005637368129498554,17.0,0.021899992134422064,0
6968,4,0,0.38594911873859583,0.007718982374771917,0.09648727968464894,1,1,1,1,0,0.0005637368129498554,17.0,0.019899976905435324,0
6969,4,1,0.38570646574051876,0.007714129314810375,0.09642661643512968,0,0,0,0,6,0.000242652998068138,0.0,0.05849997978657484,3
6970,4,0,0.38570646574051876,0.007714129314810375,0.09642661643512968,0,0,0,0,0,0.0,0.0,0.018300022929906845,0
6971,4,0,0.38570646574051876,0.007714129314810375,0.09642661643512968,0,0,0,0,0,0.0,0.0,0.017400016076862812,0
6972,4,0,0.38570646574051876,0.007714129314810375,0.09642661643512968,0,0,0,0,0,0.0,0.0,0.01680001150816679,0
6973,4,0,0.38493013516152264,0.007698602703230453,0.09623253379038064,1,1,1,1,0,0.000776330579000728,17.0,0.01610000617802143,0
6974,4,0,0.38415380458252646,0.007683076091650529,0.0960384511456316,1,1,1,1,0,0.000776330579000728,17.0,0.01910002902150154,0
6975,4,0,0.38415380458252646,0.007683076091650529,0.0960384511456316,0,0,0,0,0,0.0,0.0,0.01810002140700817,0
6976,4,0,0.38337747400353034,0.007667549480070607,0.09584436850088258,1,1,1,1,0,0.000776330579000728,17.0,0.01769996015354991,0
6977,4,0,0.3826011434245342,0.007652022868490684,0.09565028585613354,1,1,1,1,0,0.0007763305789865171,17.0,0.017599959392100573,0
6978,4,0,0.3826011434245342,0.007652022868490684,0.09565028585613354,0,0,0,0,0,0.0,0.0,0.019099970813840628,0
6979,4,1,0.381146889117859,0.00762293778235718,0.09528672227946475,2,1,1,1,6,0.0014542543066795588,94.0,0.062700011767447,3
6980,4,0,0.381146889117859,0.00762293778235718,0.09528672227946475,0,0,0,0,0,0.0,0.0,0.025800021830946207,0
6981,4,1,0.380143557144073,0.00760287114288146,0.09503588928601824,1,1,1,1,6,0.0010033319737772217,94.0,0.05900004180148244,3
6982,4,0,0.3793672265650768,0.007587344531301537,0.0948418066412692,1,1,1,1,0,0.000776330579000728,17.0,0.022299995180219412,0
6983,4,0,0.37798696235731405,0.007559739247146281,0.09449674058932851,2,2,2,2,0,0.0013802642077678229,17.0,0.04569999873638153,0
6984,4,1,0.37774628177333547,0.007554925635466709,0.09443657044333385,0,0,0,0,6,0.00024068058397119785,0.0,0.08629995863884687,3
6985,4,1,0.37601437233816454,0.007520287446763291,0.09400359308454113,3,1,2,2,6,0.00173190943516488,94.0,0.05949998740106821,3
6986,4,0,0.37463410813040177,0.007492682162608035,0.09365852703260046,2,2,2,2,0,0.0013802642077678229,17.0,0.0219999928958714,0
6987,4,0,0.373253843922639,0.00746507687845278,0.09331346098065975,2,2,2,2,0,0.0013802642077678229,17.0,0.020700041204690933,0
6988,4,1,0.3730111909245619,0.0074602238184912385,0.0932527977311405,0,0,0,0,6,0.000242652998068138,0.0,0.07320003351196647,3
6989,4,0,0.3730111909245619,0.0074602238184912385,0.0932527977311405,0,0,0,0,0,0.0,0.0,0.016899954061955214,0
6990,4,0,0.37223486034556585,0.007444697206911317,0.09305871508639145,1,1,1,1,0,0.000776330579000728,17.0,0.014899997040629387,0
6991,4,0,0.3714585297665697,0.007429170595331393,0.09286463244164242,1,1,1,1,0,0.0007763305789865171,17.0,0.016400008462369442,0
6992,4,0,0.3706821991875735,0.00741364398375147,0.09267054979689339,1,1,1,1,0,0.000776330579000728,17.0,0.046600005589425564,0
6993,4,0,0.3706821991875735,0.00741364398375147,0.09267054979689339,0,0,0,0,0,0.0,0.0,0.022799998987466097,0
6994,4,0,0.36990586860857744,0.007398117372171549,0.09247646715214435,1,1,1,1,0,0.000776330579000728,17.0,0.018200022168457508,0
6995,4,0,0.36912953802958126,0.007382590760591625,0.09228238450739532,1,1,1,1,0,0.000776330579000728,17.0,0.017900019884109497,0
6996,4,0,0.3683532074505852,0.007367064149011704,0.09208830186264629,1,1,1,1,0,0.0007763305789865171,17.0,0.01810002140700817,0
6997,4,0,0.3683532074505852,0.007367064149011704,0.09208830186264629,0,0,0,0,0,0.0,0.0,0.01810002140700817,0
6998,4,0,0.367576876871589,0.0073515375374317805,0.09189421921789726,1,1,1,1,0,0.000776330579000728,17.0,0.01610000617802143,0
6999,4,0,0.36680054629259284,0.007336010925851857,0.09170013657314822,1,1,1,1,0,0.000776330579000728,17.0,0.016700010746717453,0
